EVENT_ID,EVENT_TIMESTAMP,ENTITY_TYPE,ENTITY_ID,EVENT_TYPE,DESCRIPTION
EVT-0000001,2026-04-25 00:00:00,PURCHASE_ORDER,PO-000001,PO_CREATED,Purchase order PO-000001 created in ERP
EVT-0000002,2026-02-02 00:00:00,PURCHASE_ORDER,PO-000002,PO_CREATED,Purchase order PO-000002 created in ERP
EVT-0000003,2026-04-15 00:00:00,PURCHASE_ORDER,PO-000003,PO_CREATED,Purchase order PO-000003 created in ERP
EVT-0000004,2026-08-07 00:00:00,PURCHASE_ORDER,PO-000004,PO_CREATED,Purchase order PO-000004 created in ERP
EVT-0000005,2026-08-20 00:00:00,PURCHASE_ORDER,PO-000005,PO_CREATED,Purchase order PO-000005 created in ERP
EVT-0000006,2026-05-25 00:00:00,PURCHASE_ORDER,PO-000006,PO_CREATED,Purchase order PO-000006 created in ERP
EVT-0000007,2026-06-13 00:00:00,PURCHASE_ORDER,PO-000007,PO_CREATED,Purchase order PO-000007 created in ERP
EVT-0000008,2026-05-31 00:00:00,PURCHASE_ORDER,PO-000008,PO_CREATED,Purchase order PO-000008 created in ERP
EVT-0000009,2026-05-25 00:00:00,PURCHASE_ORDER,PO-000009,PO_CREATED,Purchase order PO-000009 created in ERP
EVT-0000010,2026-02-14 00:00:00,PURCHASE_ORDER,PO-000010,PO_CREATED,Purchase order PO-000010 created in ERP
EVT-0000011,2026-01-04 00:00:00,PURCHASE_ORDER,PO-000011,PO_CREATED,Purchase order PO-000011 created in ERP
EVT-0000012,2026-01-12 00:00:00,PURCHASE_ORDER,PO-000012,PO_CREATED,Purchase order PO-000012 created in ERP
EVT-0000013,2026-04-24 00:00:00,PURCHASE_ORDER,PO-000013,PO_CREATED,Purchase order PO-000013 created in ERP
EVT-0000014,2026-03-12 00:00:00,PURCHASE_ORDER,PO-000014,PO_CREATED,Purchase order PO-000014 created in ERP
EVT-0000015,2026-02-03 00:00:00,PURCHASE_ORDER,PO-000015,PO_CREATED,Purchase order PO-000015 created in ERP
EVT-0000016,2026-05-31 00:00:00,PURCHASE_ORDER,PO-000016,PO_CREATED,Purchase order PO-000016 created in ERP
EVT-0000017,2026-07-06 00:00:00,PURCHASE_ORDER,PO-000017,PO_CREATED,Purchase order PO-000017 created in ERP
EVT-0000018,2026-04-08 00:00:00,PURCHASE_ORDER,PO-000018,PO_CREATED,Purchase order PO-000018 created in ERP
EVT-0000019,2026-06-25 00:00:00,PURCHASE_ORDER,PO-000019,PO_CREATED,Purchase order PO-000019 created in ERP
EVT-0000020,2026-05-23 00:00:00,PURCHASE_ORDER,PO-000020,PO_CREATED,Purchase order PO-000020 created in ERP
EVT-0000021,2026-04-01 00:00:00,PURCHASE_ORDER,PO-000021,PO_CREATED,Purchase order PO-000021 created in ERP
EVT-0000022,2026-08-05 00:00:00,PURCHASE_ORDER,PO-000022,PO_CREATED,Purchase order PO-000022 created in ERP
EVT-0000023,2026-04-07 00:00:00,PURCHASE_ORDER,PO-000023,PO_CREATED,Purchase order PO-000023 created in ERP
EVT-0000024,2026-03-11 00:00:00,PURCHASE_ORDER,PO-000024,PO_CREATED,Purchase order PO-000024 created in ERP
EVT-0000025,2026-03-19 00:00:00,PURCHASE_ORDER,PO-000025,PO_CREATED,Purchase order PO-000025 created in ERP
EVT-0000026,2026-04-28 00:00:00,PURCHASE_ORDER,PO-000026,PO_CREATED,Purchase order PO-000026 created in ERP
EVT-0000027,2026-08-11 00:00:00,PURCHASE_ORDER,PO-000027,PO_CREATED,Purchase order PO-000027 created in ERP
EVT-0000028,2026-02-07 00:00:00,PURCHASE_ORDER,PO-000028,PO_CREATED,Purchase order PO-000028 created in ERP
EVT-0000029,2026-02-08 00:00:00,PURCHASE_ORDER,PO-000029,PO_CREATED,Purchase order PO-000029 created in ERP
EVT-0000030,2026-04-26 00:00:00,PURCHASE_ORDER,PO-000030,PO_CREATED,Purchase order PO-000030 created in ERP
EVT-0000031,2026-04-04 00:00:00,PURCHASE_ORDER,PO-000031,PO_CREATED,Purchase order PO-000031 created in ERP
EVT-0000032,2026-03-21 00:00:00,PURCHASE_ORDER,PO-000032,PO_CREATED,Purchase order PO-000032 created in ERP
EVT-0000033,2026-02-19 00:00:00,PURCHASE_ORDER,PO-000033,PO_CREATED,Purchase order PO-000033 created in ERP
EVT-0000034,2026-02-09 00:00:00,PURCHASE_ORDER,PO-000034,PO_CREATED,Purchase order PO-000034 created in ERP
EVT-0000035,2026-02-11 00:00:00,PURCHASE_ORDER,PO-000035,PO_CREATED,Purchase order PO-000035 created in ERP
EVT-0000036,2026-07-29 00:00:00,PURCHASE_ORDER,PO-000036,PO_CREATED,Purchase order PO-000036 created in ERP
EVT-0000037,2026-01-21 00:00:00,PURCHASE_ORDER,PO-000037,PO_CREATED,Purchase order PO-000037 created in ERP
EVT-0000038,2026-05-21 00:00:00,PURCHASE_ORDER,PO-000038,PO_CREATED,Purchase order PO-000038 created in ERP
EVT-0000039,2026-06-13 00:00:00,PURCHASE_ORDER,PO-000039,PO_CREATED,Purchase order PO-000039 created in ERP
EVT-0000040,2026-07-03 00:00:00,PURCHASE_ORDER,PO-000040,PO_CREATED,Purchase order PO-000040 created in ERP
EVT-0000041,2026-05-15 00:00:00,PURCHASE_ORDER,PO-000041,PO_CREATED,Purchase order PO-000041 created in ERP
EVT-0000042,2026-07-11 00:00:00,PURCHASE_ORDER,PO-000042,PO_CREATED,Purchase order PO-000042 created in ERP
EVT-0000043,2026-07-27 00:00:00,PURCHASE_ORDER,PO-000043,PO_CREATED,Purchase order PO-000043 created in ERP
EVT-0000044,2026-05-12 00:00:00,PURCHASE_ORDER,PO-000044,PO_CREATED,Purchase order PO-000044 created in ERP
EVT-0000045,2026-06-27 00:00:00,PURCHASE_ORDER,PO-000045,PO_CREATED,Purchase order PO-000045 created in ERP
EVT-0000046,2026-03-24 00:00:00,PURCHASE_ORDER,PO-000046,PO_CREATED,Purchase order PO-000046 created in ERP
EVT-0000047,2026-04-04 00:00:00,PURCHASE_ORDER,PO-000047,PO_CREATED,Purchase order PO-000047 created in ERP
EVT-0000048,2026-04-03 00:00:00,PURCHASE_ORDER,PO-000048,PO_CREATED,Purchase order PO-000048 created in ERP
EVT-0000049,2026-03-05 00:00:00,PURCHASE_ORDER,PO-000049,PO_CREATED,Purchase order PO-000049 created in ERP
EVT-0000050,2026-02-21 00:00:00,PURCHASE_ORDER,PO-000050,PO_CREATED,Purchase order PO-000050 created in ERP
EVT-0000051,2026-01-07 00:00:00,PURCHASE_ORDER,PO-000051,PO_CREATED,Purchase order PO-000051 created in ERP
EVT-0000052,2026-07-16 00:00:00,PURCHASE_ORDER,PO-000052,PO_CREATED,Purchase order PO-000052 created in ERP
EVT-0000053,2026-03-30 00:00:00,PURCHASE_ORDER,PO-000053,PO_CREATED,Purchase order PO-000053 created in ERP
EVT-0000054,2026-06-07 00:00:00,PURCHASE_ORDER,PO-000054,PO_CREATED,Purchase order PO-000054 created in ERP
EVT-0000055,2026-06-14 00:00:00,PURCHASE_ORDER,PO-000055,PO_CREATED,Purchase order PO-000055 created in ERP
EVT-0000056,2026-01-19 00:00:00,PURCHASE_ORDER,PO-000056,PO_CREATED,Purchase order PO-000056 created in ERP
EVT-0000057,2026-04-26 00:00:00,PURCHASE_ORDER,PO-000057,PO_CREATED,Purchase order PO-000057 created in ERP
EVT-0000058,2026-08-28 00:00:00,PURCHASE_ORDER,PO-000058,PO_CREATED,Purchase order PO-000058 created in ERP
EVT-0000059,2026-03-03 00:00:00,PURCHASE_ORDER,PO-000059,PO_CREATED,Purchase order PO-000059 created in ERP
EVT-0000060,2026-08-05 00:00:00,PURCHASE_ORDER,PO-000060,PO_CREATED,Purchase order PO-000060 created in ERP
EVT-0000061,2026-02-02 00:00:00,PURCHASE_ORDER,PO-000061,PO_CREATED,Purchase order PO-000061 created in ERP
EVT-0000062,2026-06-05 00:00:00,PURCHASE_ORDER,PO-000062,PO_CREATED,Purchase order PO-000062 created in ERP
EVT-0000063,2026-01-29 00:00:00,PURCHASE_ORDER,PO-000063,PO_CREATED,Purchase order PO-000063 created in ERP
EVT-0000064,2026-07-04 00:00:00,PURCHASE_ORDER,PO-000064,PO_CREATED,Purchase order PO-000064 created in ERP
EVT-0000065,2026-02-08 00:00:00,PURCHASE_ORDER,PO-000065,PO_CREATED,Purchase order PO-000065 created in ERP
EVT-0000066,2026-02-19 00:00:00,PURCHASE_ORDER,PO-000066,PO_CREATED,Purchase order PO-000066 created in ERP
EVT-0000067,2026-07-29 00:00:00,PURCHASE_ORDER,PO-000067,PO_CREATED,Purchase order PO-000067 created in ERP
EVT-0000068,2026-06-07 00:00:00,PURCHASE_ORDER,PO-000068,PO_CREATED,Purchase order PO-000068 created in ERP
EVT-0000069,2026-04-15 00:00:00,PURCHASE_ORDER,PO-000069,PO_CREATED,Purchase order PO-000069 created in ERP
EVT-0000070,2026-01-03 00:00:00,PURCHASE_ORDER,PO-000070,PO_CREATED,Purchase order PO-000070 created in ERP
EVT-0000071,2026-01-04 00:00:00,PURCHASE_ORDER,PO-000071,PO_CREATED,Purchase order PO-000071 created in ERP
EVT-0000072,2026-08-28 00:00:00,PURCHASE_ORDER,PO-000072,PO_CREATED,Purchase order PO-000072 created in ERP
EVT-0000073,2026-06-13 00:00:00,PURCHASE_ORDER,PO-000073,PO_CREATED,Purchase order PO-000073 created in ERP
EVT-0000074,2026-06-24 00:00:00,PURCHASE_ORDER,PO-000074,PO_CREATED,Purchase order PO-000074 created in ERP
EVT-0000075,2026-07-27 00:00:00,PURCHASE_ORDER,PO-000075,PO_CREATED,Purchase order PO-000075 created in ERP
EVT-0000076,2026-02-16 00:00:00,PURCHASE_ORDER,PO-000076,PO_CREATED,Purchase order PO-000076 created in ERP
EVT-0000077,2026-07-13 00:00:00,PURCHASE_ORDER,PO-000077,PO_CREATED,Purchase order PO-000077 created in ERP
EVT-0000078,2026-04-25 00:00:00,PURCHASE_ORDER,PO-000078,PO_CREATED,Purchase order PO-000078 created in ERP
EVT-0000079,2026-05-28 00:00:00,PURCHASE_ORDER,PO-000079,PO_CREATED,Purchase order PO-000079 created in ERP
EVT-0000080,2026-06-10 00:00:00,PURCHASE_ORDER,PO-000080,PO_CREATED,Purchase order PO-000080 created in ERP
EVT-0000081,2026-03-18 00:00:00,PURCHASE_ORDER,PO-000081,PO_CREATED,Purchase order PO-000081 created in ERP
EVT-0000082,2026-03-04 00:00:00,PURCHASE_ORDER,PO-000082,PO_CREATED,Purchase order PO-000082 created in ERP
EVT-0000083,2026-04-07 00:00:00,PURCHASE_ORDER,PO-000083,PO_CREATED,Purchase order PO-000083 created in ERP
EVT-0000084,2026-02-24 00:00:00,PURCHASE_ORDER,PO-000084,PO_CREATED,Purchase order PO-000084 created in ERP
EVT-0000085,2026-08-23 00:00:00,PURCHASE_ORDER,PO-000085,PO_CREATED,Purchase order PO-000085 created in ERP
EVT-0000086,2026-07-07 00:00:00,PURCHASE_ORDER,PO-000086,PO_CREATED,Purchase order PO-000086 created in ERP
EVT-0000087,2026-04-16 00:00:00,PURCHASE_ORDER,PO-000087,PO_CREATED,Purchase order PO-000087 created in ERP
EVT-0000088,2026-06-08 00:00:00,PURCHASE_ORDER,PO-000088,PO_CREATED,Purchase order PO-000088 created in ERP
EVT-0000089,2026-06-08 00:00:00,PURCHASE_ORDER,PO-000089,PO_CREATED,Purchase order PO-000089 created in ERP
EVT-0000090,2026-01-15 00:00:00,PURCHASE_ORDER,PO-000090,PO_CREATED,Purchase order PO-000090 created in ERP
EVT-0000091,2026-02-28 00:00:00,PURCHASE_ORDER,PO-000091,PO_CREATED,Purchase order PO-000091 created in ERP
EVT-0000092,2026-05-26 00:00:00,PURCHASE_ORDER,PO-000092,PO_CREATED,Purchase order PO-000092 created in ERP
EVT-0000093,2026-05-06 00:00:00,PURCHASE_ORDER,PO-000093,PO_CREATED,Purchase order PO-000093 created in ERP
EVT-0000094,2026-01-27 00:00:00,PURCHASE_ORDER,PO-000094,PO_CREATED,Purchase order PO-000094 created in ERP
EVT-0000095,2026-02-13 00:00:00,PURCHASE_ORDER,PO-000095,PO_CREATED,Purchase order PO-000095 created in ERP
EVT-0000096,2026-04-28 00:00:00,PURCHASE_ORDER,PO-000096,PO_CREATED,Purchase order PO-000096 created in ERP
EVT-0000097,2026-07-28 00:00:00,PURCHASE_ORDER,PO-000097,PO_CREATED,Purchase order PO-000097 created in ERP
EVT-0000098,2026-04-04 00:00:00,PURCHASE_ORDER,PO-000098,PO_CREATED,Purchase order PO-000098 created in ERP
EVT-0000099,2026-03-03 00:00:00,PURCHASE_ORDER,PO-000099,PO_CREATED,Purchase order PO-000099 created in ERP
EVT-0000100,2026-05-25 00:00:00,PURCHASE_ORDER,PO-000100,PO_CREATED,Purchase order PO-000100 created in ERP
EVT-0000101,2026-04-17 00:00:00,PURCHASE_ORDER,PO-000101,PO_CREATED,Purchase order PO-000101 created in ERP
EVT-0000102,2026-05-14 00:00:00,PURCHASE_ORDER,PO-000102,PO_CREATED,Purchase order PO-000102 created in ERP
EVT-0000103,2026-01-06 00:00:00,PURCHASE_ORDER,PO-000103,PO_CREATED,Purchase order PO-000103 created in ERP
EVT-0000104,2026-02-17 00:00:00,PURCHASE_ORDER,PO-000104,PO_CREATED,Purchase order PO-000104 created in ERP
EVT-0000105,2026-05-16 00:00:00,PURCHASE_ORDER,PO-000105,PO_CREATED,Purchase order PO-000105 created in ERP
EVT-0000106,2026-05-11 00:00:00,PURCHASE_ORDER,PO-000106,PO_CREATED,Purchase order PO-000106 created in ERP
EVT-0000107,2026-07-28 00:00:00,PURCHASE_ORDER,PO-000107,PO_CREATED,Purchase order PO-000107 created in ERP
EVT-0000108,2026-05-21 00:00:00,PURCHASE_ORDER,PO-000108,PO_CREATED,Purchase order PO-000108 created in ERP
EVT-0000109,2026-04-23 00:00:00,PURCHASE_ORDER,PO-000109,PO_CREATED,Purchase order PO-000109 created in ERP
EVT-0000110,2026-05-17 00:00:00,PURCHASE_ORDER,PO-000110,PO_CREATED,Purchase order PO-000110 created in ERP
EVT-0000111,2026-08-01 00:00:00,PURCHASE_ORDER,PO-000111,PO_CREATED,Purchase order PO-000111 created in ERP
EVT-0000112,2026-07-23 00:00:00,PURCHASE_ORDER,PO-000112,PO_CREATED,Purchase order PO-000112 created in ERP
EVT-0000113,2026-02-21 00:00:00,PURCHASE_ORDER,PO-000113,PO_CREATED,Purchase order PO-000113 created in ERP
EVT-0000114,2026-06-30 00:00:00,PURCHASE_ORDER,PO-000114,PO_CREATED,Purchase order PO-000114 created in ERP
EVT-0000115,2026-04-05 00:00:00,PURCHASE_ORDER,PO-000115,PO_CREATED,Purchase order PO-000115 created in ERP
EVT-0000116,2026-03-31 00:00:00,PURCHASE_ORDER,PO-000116,PO_CREATED,Purchase order PO-000116 created in ERP
EVT-0000117,2026-07-11 00:00:00,PURCHASE_ORDER,PO-000117,PO_CREATED,Purchase order PO-000117 created in ERP
EVT-0000118,2026-02-03 00:00:00,PURCHASE_ORDER,PO-000118,PO_CREATED,Purchase order PO-000118 created in ERP
EVT-0000119,2026-04-19 00:00:00,PURCHASE_ORDER,PO-000119,PO_CREATED,Purchase order PO-000119 created in ERP
EVT-0000120,2026-03-21 00:00:00,PURCHASE_ORDER,PO-000120,PO_CREATED,Purchase order PO-000120 created in ERP
EVT-0000121,2026-03-21 00:00:00,PURCHASE_ORDER,PO-000121,PO_CREATED,Purchase order PO-000121 created in ERP
EVT-0000122,2026-02-12 00:00:00,PURCHASE_ORDER,PO-000122,PO_CREATED,Purchase order PO-000122 created in ERP
EVT-0000123,2026-07-02 00:00:00,PURCHASE_ORDER,PO-000123,PO_CREATED,Purchase order PO-000123 created in ERP
EVT-0000124,2026-04-09 00:00:00,PURCHASE_ORDER,PO-000124,PO_CREATED,Purchase order PO-000124 created in ERP
EVT-0000125,2026-03-11 00:00:00,PURCHASE_ORDER,PO-000125,PO_CREATED,Purchase order PO-000125 created in ERP
EVT-0000126,2026-01-18 00:00:00,PURCHASE_ORDER,PO-000126,PO_CREATED,Purchase order PO-000126 created in ERP
EVT-0000127,2026-07-07 00:00:00,PURCHASE_ORDER,PO-000127,PO_CREATED,Purchase order PO-000127 created in ERP
EVT-0000128,2026-01-27 00:00:00,PURCHASE_ORDER,PO-000128,PO_CREATED,Purchase order PO-000128 created in ERP
EVT-0000129,2026-04-22 00:00:00,PURCHASE_ORDER,PO-000129,PO_CREATED,Purchase order PO-000129 created in ERP
EVT-0000130,2026-07-19 00:00:00,PURCHASE_ORDER,PO-000130,PO_CREATED,Purchase order PO-000130 created in ERP
EVT-0000131,2026-04-29 00:00:00,PURCHASE_ORDER,PO-000131,PO_CREATED,Purchase order PO-000131 created in ERP
EVT-0000132,2026-02-07 00:00:00,PURCHASE_ORDER,PO-000132,PO_CREATED,Purchase order PO-000132 created in ERP
EVT-0000133,2026-01-16 00:00:00,PURCHASE_ORDER,PO-000133,PO_CREATED,Purchase order PO-000133 created in ERP
EVT-0000134,2026-07-27 00:00:00,PURCHASE_ORDER,PO-000134,PO_CREATED,Purchase order PO-000134 created in ERP
EVT-0000135,2026-05-08 00:00:00,PURCHASE_ORDER,PO-000135,PO_CREATED,Purchase order PO-000135 created in ERP
EVT-0000136,2026-06-15 00:00:00,PURCHASE_ORDER,PO-000136,PO_CREATED,Purchase order PO-000136 created in ERP
EVT-0000137,2026-02-16 00:00:00,PURCHASE_ORDER,PO-000137,PO_CREATED,Purchase order PO-000137 created in ERP
EVT-0000138,2026-02-10 00:00:00,PURCHASE_ORDER,PO-000138,PO_CREATED,Purchase order PO-000138 created in ERP
EVT-0000139,2026-05-25 00:00:00,PURCHASE_ORDER,PO-000139,PO_CREATED,Purchase order PO-000139 created in ERP
EVT-0000140,2026-08-24 00:00:00,PURCHASE_ORDER,PO-000140,PO_CREATED,Purchase order PO-000140 created in ERP
EVT-0000141,2026-08-05 00:00:00,PURCHASE_ORDER,PO-000141,PO_CREATED,Purchase order PO-000141 created in ERP
EVT-0000142,2026-02-04 00:00:00,PURCHASE_ORDER,PO-000142,PO_CREATED,Purchase order PO-000142 created in ERP
EVT-0000143,2026-02-16 00:00:00,PURCHASE_ORDER,PO-000143,PO_CREATED,Purchase order PO-000143 created in ERP
EVT-0000144,2026-03-23 00:00:00,PURCHASE_ORDER,PO-000144,PO_CREATED,Purchase order PO-000144 created in ERP
EVT-0000145,2026-05-07 00:00:00,PURCHASE_ORDER,PO-000145,PO_CREATED,Purchase order PO-000145 created in ERP
EVT-0000146,2026-03-28 00:00:00,PURCHASE_ORDER,PO-000146,PO_CREATED,Purchase order PO-000146 created in ERP
EVT-0000147,2026-03-26 00:00:00,PURCHASE_ORDER,PO-000147,PO_CREATED,Purchase order PO-000147 created in ERP
EVT-0000148,2026-01-25 00:00:00,PURCHASE_ORDER,PO-000148,PO_CREATED,Purchase order PO-000148 created in ERP
EVT-0000149,2026-01-12 00:00:00,PURCHASE_ORDER,PO-000149,PO_CREATED,Purchase order PO-000149 created in ERP
EVT-0000150,2026-07-29 00:00:00,PURCHASE_ORDER,PO-000150,PO_CREATED,Purchase order PO-000150 created in ERP
EVT-0000151,2026-07-26 00:00:00,PURCHASE_ORDER,PO-000151,PO_CREATED,Purchase order PO-000151 created in ERP
EVT-0000152,2026-01-29 00:00:00,PURCHASE_ORDER,PO-000152,PO_CREATED,Purchase order PO-000152 created in ERP
EVT-0000153,2026-03-09 00:00:00,PURCHASE_ORDER,PO-000153,PO_CREATED,Purchase order PO-000153 created in ERP
EVT-0000154,2026-08-08 00:00:00,PURCHASE_ORDER,PO-000154,PO_CREATED,Purchase order PO-000154 created in ERP
EVT-0000155,2026-07-09 00:00:00,PURCHASE_ORDER,PO-000155,PO_CREATED,Purchase order PO-000155 created in ERP
EVT-0000156,2026-07-19 00:00:00,PURCHASE_ORDER,PO-000156,PO_CREATED,Purchase order PO-000156 created in ERP
EVT-0000157,2026-07-30 00:00:00,PURCHASE_ORDER,PO-000157,PO_CREATED,Purchase order PO-000157 created in ERP
EVT-0000158,2026-02-15 00:00:00,PURCHASE_ORDER,PO-000158,PO_CREATED,Purchase order PO-000158 created in ERP
EVT-0000159,2026-03-10 00:00:00,PURCHASE_ORDER,PO-000159,PO_CREATED,Purchase order PO-000159 created in ERP
EVT-0000160,2026-02-27 00:00:00,PURCHASE_ORDER,PO-000160,PO_CREATED,Purchase order PO-000160 created in ERP
EVT-0000161,2026-05-24 00:00:00,PURCHASE_ORDER,PO-000161,PO_CREATED,Purchase order PO-000161 created in ERP
EVT-0000162,2026-06-19 00:00:00,PURCHASE_ORDER,PO-000162,PO_CREATED,Purchase order PO-000162 created in ERP
EVT-0000163,2026-07-08 00:00:00,PURCHASE_ORDER,PO-000163,PO_CREATED,Purchase order PO-000163 created in ERP
EVT-0000164,2026-02-26 00:00:00,PURCHASE_ORDER,PO-000164,PO_CREATED,Purchase order PO-000164 created in ERP
EVT-0000165,2026-02-05 00:00:00,PURCHASE_ORDER,PO-000165,PO_CREATED,Purchase order PO-000165 created in ERP
EVT-0000166,2026-02-03 00:00:00,PURCHASE_ORDER,PO-000166,PO_CREATED,Purchase order PO-000166 created in ERP
EVT-0000167,2026-01-27 00:00:00,PURCHASE_ORDER,PO-000167,PO_CREATED,Purchase order PO-000167 created in ERP
EVT-0000168,2026-04-02 00:00:00,PURCHASE_ORDER,PO-000168,PO_CREATED,Purchase order PO-000168 created in ERP
EVT-0000169,2026-01-13 00:00:00,PURCHASE_ORDER,PO-000169,PO_CREATED,Purchase order PO-000169 created in ERP
EVT-0000170,2026-03-14 00:00:00,PURCHASE_ORDER,PO-000170,PO_CREATED,Purchase order PO-000170 created in ERP
EVT-0000171,2026-08-02 00:00:00,PURCHASE_ORDER,PO-000171,PO_CREATED,Purchase order PO-000171 created in ERP
EVT-0000172,2026-08-12 00:00:00,PURCHASE_ORDER,PO-000172,PO_CREATED,Purchase order PO-000172 created in ERP
EVT-0000173,2026-04-06 00:00:00,PURCHASE_ORDER,PO-000173,PO_CREATED,Purchase order PO-000173 created in ERP
EVT-0000174,2026-07-24 00:00:00,PURCHASE_ORDER,PO-000174,PO_CREATED,Purchase order PO-000174 created in ERP
EVT-0000175,2026-07-25 00:00:00,PURCHASE_ORDER,PO-000175,PO_CREATED,Purchase order PO-000175 created in ERP
EVT-0000176,2026-04-23 00:00:00,PURCHASE_ORDER,PO-000176,PO_CREATED,Purchase order PO-000176 created in ERP
EVT-0000177,2026-01-03 00:00:00,PURCHASE_ORDER,PO-000177,PO_CREATED,Purchase order PO-000177 created in ERP
EVT-0000178,2026-04-25 00:00:00,PURCHASE_ORDER,PO-000178,PO_CREATED,Purchase order PO-000178 created in ERP
EVT-0000179,2026-07-31 00:00:00,PURCHASE_ORDER,PO-000179,PO_CREATED,Purchase order PO-000179 created in ERP
EVT-0000180,2026-07-03 00:00:00,PURCHASE_ORDER,PO-000180,PO_CREATED,Purchase order PO-000180 created in ERP
EVT-0000181,2026-05-21 00:00:00,PURCHASE_ORDER,PO-000181,PO_CREATED,Purchase order PO-000181 created in ERP
EVT-0000182,2026-06-06 00:00:00,PURCHASE_ORDER,PO-000182,PO_CREATED,Purchase order PO-000182 created in ERP
EVT-0000183,2026-05-22 00:00:00,PURCHASE_ORDER,PO-000183,PO_CREATED,Purchase order PO-000183 created in ERP
EVT-0000184,2026-03-12 00:00:00,PURCHASE_ORDER,PO-000184,PO_CREATED,Purchase order PO-000184 created in ERP
EVT-0000185,2026-06-25 00:00:00,PURCHASE_ORDER,PO-000185,PO_CREATED,Purchase order PO-000185 created in ERP
EVT-0000186,2026-05-14 00:00:00,PURCHASE_ORDER,PO-000186,PO_CREATED,Purchase order PO-000186 created in ERP
EVT-0000187,2026-04-02 00:00:00,PURCHASE_ORDER,PO-000187,PO_CREATED,Purchase order PO-000187 created in ERP
EVT-0000188,2026-05-22 00:00:00,PURCHASE_ORDER,PO-000188,PO_CREATED,Purchase order PO-000188 created in ERP
EVT-0000189,2026-02-17 00:00:00,PURCHASE_ORDER,PO-000189,PO_CREATED,Purchase order PO-000189 created in ERP
EVT-0000190,2026-02-11 00:00:00,PURCHASE_ORDER,PO-000190,PO_CREATED,Purchase order PO-000190 created in ERP
EVT-0000191,2026-06-02 00:00:00,PURCHASE_ORDER,PO-000191,PO_CREATED,Purchase order PO-000191 created in ERP
EVT-0000192,2026-03-26 00:00:00,PURCHASE_ORDER,PO-000192,PO_CREATED,Purchase order PO-000192 created in ERP
EVT-0000193,2026-05-05 00:00:00,PURCHASE_ORDER,PO-000193,PO_CREATED,Purchase order PO-000193 created in ERP
EVT-0000194,2026-06-15 00:00:00,PURCHASE_ORDER,PO-000194,PO_CREATED,Purchase order PO-000194 created in ERP
EVT-0000195,2026-08-22 00:00:00,PURCHASE_ORDER,PO-000195,PO_CREATED,Purchase order PO-000195 created in ERP
EVT-0000196,2026-04-08 00:00:00,PURCHASE_ORDER,PO-000196,PO_CREATED,Purchase order PO-000196 created in ERP
EVT-0000197,2026-07-11 00:00:00,PURCHASE_ORDER,PO-000197,PO_CREATED,Purchase order PO-000197 created in ERP
EVT-0000198,2026-08-06 00:00:00,PURCHASE_ORDER,PO-000198,PO_CREATED,Purchase order PO-000198 created in ERP
EVT-0000199,2026-03-26 00:00:00,PURCHASE_ORDER,PO-000199,PO_CREATED,Purchase order PO-000199 created in ERP
EVT-0000200,2026-06-07 00:00:00,PURCHASE_ORDER,PO-000200,PO_CREATED,Purchase order PO-000200 created in ERP
EVT-0000201,2026-05-05 00:00:00,PURCHASE_ORDER,PO-000201,PO_CREATED,Purchase order PO-000201 created in ERP
EVT-0000202,2026-07-06 00:00:00,PURCHASE_ORDER,PO-000202,PO_CREATED,Purchase order PO-000202 created in ERP
EVT-0000203,2026-05-20 00:00:00,PURCHASE_ORDER,PO-000203,PO_CREATED,Purchase order PO-000203 created in ERP
EVT-0000204,2026-05-09 00:00:00,PURCHASE_ORDER,PO-000204,PO_CREATED,Purchase order PO-000204 created in ERP
EVT-0000205,2026-03-01 00:00:00,PURCHASE_ORDER,PO-000205,PO_CREATED,Purchase order PO-000205 created in ERP
EVT-0000206,2026-08-02 00:00:00,PURCHASE_ORDER,PO-000206,PO_CREATED,Purchase order PO-000206 created in ERP
EVT-0000207,2026-01-20 00:00:00,PURCHASE_ORDER,PO-000207,PO_CREATED,Purchase order PO-000207 created in ERP
EVT-0000208,2026-05-03 00:00:00,PURCHASE_ORDER,PO-000208,PO_CREATED,Purchase order PO-000208 created in ERP
EVT-0000209,2026-01-22 00:00:00,PURCHASE_ORDER,PO-000209,PO_CREATED,Purchase order PO-000209 created in ERP
EVT-0000210,2026-02-21 00:00:00,PURCHASE_ORDER,PO-000210,PO_CREATED,Purchase order PO-000210 created in ERP
EVT-0000211,2026-06-28 00:00:00,PURCHASE_ORDER,PO-000211,PO_CREATED,Purchase order PO-000211 created in ERP
EVT-0000212,2026-05-14 00:00:00,PURCHASE_ORDER,PO-000212,PO_CREATED,Purchase order PO-000212 created in ERP
EVT-0000213,2026-04-16 00:00:00,PURCHASE_ORDER,PO-000213,PO_CREATED,Purchase order PO-000213 created in ERP
EVT-0000214,2026-04-25 00:00:00,PURCHASE_ORDER,PO-000214,PO_CREATED,Purchase order PO-000214 created in ERP
EVT-0000215,2026-02-11 00:00:00,PURCHASE_ORDER,PO-000215,PO_CREATED,Purchase order PO-000215 created in ERP
EVT-0000216,2026-02-26 00:00:00,PURCHASE_ORDER,PO-000216,PO_CREATED,Purchase order PO-000216 created in ERP
EVT-0000217,2026-06-17 00:00:00,PURCHASE_ORDER,PO-000217,PO_CREATED,Purchase order PO-000217 created in ERP
EVT-0000218,2026-05-13 00:00:00,PURCHASE_ORDER,PO-000218,PO_CREATED,Purchase order PO-000218 created in ERP
EVT-0000219,2026-02-27 00:00:00,PURCHASE_ORDER,PO-000219,PO_CREATED,Purchase order PO-000219 created in ERP
EVT-0000220,2026-07-13 00:00:00,PURCHASE_ORDER,PO-000220,PO_CREATED,Purchase order PO-000220 created in ERP
EVT-0000221,2026-01-20 00:00:00,PURCHASE_ORDER,PO-000221,PO_CREATED,Purchase order PO-000221 created in ERP
EVT-0000222,2026-06-23 00:00:00,PURCHASE_ORDER,PO-000222,PO_CREATED,Purchase order PO-000222 created in ERP
EVT-0000223,2026-08-18 00:00:00,PURCHASE_ORDER,PO-000223,PO_CREATED,Purchase order PO-000223 created in ERP
EVT-0000224,2026-06-26 00:00:00,PURCHASE_ORDER,PO-000224,PO_CREATED,Purchase order PO-000224 created in ERP
EVT-0000225,2026-03-13 00:00:00,PURCHASE_ORDER,PO-000225,PO_CREATED,Purchase order PO-000225 created in ERP
EVT-0000226,2026-02-15 00:00:00,PURCHASE_ORDER,PO-000226,PO_CREATED,Purchase order PO-000226 created in ERP
EVT-0000227,2026-03-08 00:00:00,PURCHASE_ORDER,PO-000227,PO_CREATED,Purchase order PO-000227 created in ERP
EVT-0000228,2026-04-29 00:00:00,PURCHASE_ORDER,PO-000228,PO_CREATED,Purchase order PO-000228 created in ERP
EVT-0000229,2026-03-22 00:00:00,PURCHASE_ORDER,PO-000229,PO_CREATED,Purchase order PO-000229 created in ERP
EVT-0000230,2026-02-23 00:00:00,PURCHASE_ORDER,PO-000230,PO_CREATED,Purchase order PO-000230 created in ERP
EVT-0000231,2026-05-15 00:00:00,PURCHASE_ORDER,PO-000231,PO_CREATED,Purchase order PO-000231 created in ERP
EVT-0000232,2026-03-05 00:00:00,PURCHASE_ORDER,PO-000232,PO_CREATED,Purchase order PO-000232 created in ERP
EVT-0000233,2026-02-04 00:00:00,PURCHASE_ORDER,PO-000233,PO_CREATED,Purchase order PO-000233 created in ERP
EVT-0000234,2026-03-30 00:00:00,PURCHASE_ORDER,PO-000234,PO_CREATED,Purchase order PO-000234 created in ERP
EVT-0000235,2026-04-19 00:00:00,PURCHASE_ORDER,PO-000235,PO_CREATED,Purchase order PO-000235 created in ERP
EVT-0000236,2026-03-24 00:00:00,PURCHASE_ORDER,PO-000236,PO_CREATED,Purchase order PO-000236 created in ERP
EVT-0000237,2026-07-06 00:00:00,PURCHASE_ORDER,PO-000237,PO_CREATED,Purchase order PO-000237 created in ERP
EVT-0000238,2026-08-04 00:00:00,PURCHASE_ORDER,PO-000238,PO_CREATED,Purchase order PO-000238 created in ERP
EVT-0000239,2026-08-18 00:00:00,PURCHASE_ORDER,PO-000239,PO_CREATED,Purchase order PO-000239 created in ERP
EVT-0000240,2026-02-20 00:00:00,PURCHASE_ORDER,PO-000240,PO_CREATED,Purchase order PO-000240 created in ERP
EVT-0000241,2026-06-13 00:00:00,PURCHASE_ORDER,PO-000241,PO_CREATED,Purchase order PO-000241 created in ERP
EVT-0000242,2026-02-12 00:00:00,PURCHASE_ORDER,PO-000242,PO_CREATED,Purchase order PO-000242 created in ERP
EVT-0000243,2026-02-02 00:00:00,PURCHASE_ORDER,PO-000243,PO_CREATED,Purchase order PO-000243 created in ERP
EVT-0000244,2026-05-20 00:00:00,PURCHASE_ORDER,PO-000244,PO_CREATED,Purchase order PO-000244 created in ERP
EVT-0000245,2026-06-08 00:00:00,PURCHASE_ORDER,PO-000245,PO_CREATED,Purchase order PO-000245 created in ERP
EVT-0000246,2026-01-12 00:00:00,PURCHASE_ORDER,PO-000246,PO_CREATED,Purchase order PO-000246 created in ERP
EVT-0000247,2026-05-15 00:00:00,PURCHASE_ORDER,PO-000247,PO_CREATED,Purchase order PO-000247 created in ERP
EVT-0000248,2026-06-17 00:00:00,PURCHASE_ORDER,PO-000248,PO_CREATED,Purchase order PO-000248 created in ERP
EVT-0000249,2026-05-15 00:00:00,PURCHASE_ORDER,PO-000249,PO_CREATED,Purchase order PO-000249 created in ERP
EVT-0000250,2026-04-16 00:00:00,PURCHASE_ORDER,PO-000250,PO_CREATED,Purchase order PO-000250 created in ERP
EVT-0000251,2026-08-16 00:00:00,PURCHASE_ORDER,PO-000251,PO_CREATED,Purchase order PO-000251 created in ERP
EVT-0000252,2026-02-05 00:00:00,PURCHASE_ORDER,PO-000252,PO_CREATED,Purchase order PO-000252 created in ERP
EVT-0000253,2026-02-14 00:00:00,PURCHASE_ORDER,PO-000253,PO_CREATED,Purchase order PO-000253 created in ERP
EVT-0000254,2026-03-23 00:00:00,PURCHASE_ORDER,PO-000254,PO_CREATED,Purchase order PO-000254 created in ERP
EVT-0000255,2026-05-21 00:00:00,PURCHASE_ORDER,PO-000255,PO_CREATED,Purchase order PO-000255 created in ERP
EVT-0000256,2026-04-19 00:00:00,PURCHASE_ORDER,PO-000256,PO_CREATED,Purchase order PO-000256 created in ERP
EVT-0000257,2026-03-04 00:00:00,PURCHASE_ORDER,PO-000257,PO_CREATED,Purchase order PO-000257 created in ERP
EVT-0000258,2026-06-09 00:00:00,PURCHASE_ORDER,PO-000258,PO_CREATED,Purchase order PO-000258 created in ERP
EVT-0000259,2026-07-22 00:00:00,PURCHASE_ORDER,PO-000259,PO_CREATED,Purchase order PO-000259 created in ERP
EVT-0000260,2026-04-03 00:00:00,PURCHASE_ORDER,PO-000260,PO_CREATED,Purchase order PO-000260 created in ERP
EVT-0000261,2026-01-11 00:00:00,PURCHASE_ORDER,PO-000261,PO_CREATED,Purchase order PO-000261 created in ERP
EVT-0000262,2026-08-16 00:00:00,PURCHASE_ORDER,PO-000262,PO_CREATED,Purchase order PO-000262 created in ERP
EVT-0000263,2026-03-21 00:00:00,PURCHASE_ORDER,PO-000263,PO_CREATED,Purchase order PO-000263 created in ERP
EVT-0000264,2026-02-17 00:00:00,PURCHASE_ORDER,PO-000264,PO_CREATED,Purchase order PO-000264 created in ERP
EVT-0000265,2026-02-08 00:00:00,PURCHASE_ORDER,PO-000265,PO_CREATED,Purchase order PO-000265 created in ERP
EVT-0000266,2026-04-02 00:00:00,PURCHASE_ORDER,PO-000266,PO_CREATED,Purchase order PO-000266 created in ERP
EVT-0000267,2026-04-15 00:00:00,PURCHASE_ORDER,PO-000267,PO_CREATED,Purchase order PO-000267 created in ERP
EVT-0000268,2026-07-04 00:00:00,PURCHASE_ORDER,PO-000268,PO_CREATED,Purchase order PO-000268 created in ERP
EVT-0000269,2026-07-08 00:00:00,PURCHASE_ORDER,PO-000269,PO_CREATED,Purchase order PO-000269 created in ERP
EVT-0000270,2026-04-29 00:00:00,PURCHASE_ORDER,PO-000270,PO_CREATED,Purchase order PO-000270 created in ERP
EVT-0000271,2026-02-16 00:00:00,PURCHASE_ORDER,PO-000271,PO_CREATED,Purchase order PO-000271 created in ERP
EVT-0000272,2026-04-07 00:00:00,PURCHASE_ORDER,PO-000272,PO_CREATED,Purchase order PO-000272 created in ERP
EVT-0000273,2026-01-31 00:00:00,PURCHASE_ORDER,PO-000273,PO_CREATED,Purchase order PO-000273 created in ERP
EVT-0000274,2026-05-20 00:00:00,PURCHASE_ORDER,PO-000274,PO_CREATED,Purchase order PO-000274 created in ERP
EVT-0000275,2026-01-13 00:00:00,PURCHASE_ORDER,PO-000275,PO_CREATED,Purchase order PO-000275 created in ERP
EVT-0000276,2026-04-27 00:00:00,PURCHASE_ORDER,PO-000276,PO_CREATED,Purchase order PO-000276 created in ERP
EVT-0000277,2026-07-14 00:00:00,PURCHASE_ORDER,PO-000277,PO_CREATED,Purchase order PO-000277 created in ERP
EVT-0000278,2026-07-05 00:00:00,PURCHASE_ORDER,PO-000278,PO_CREATED,Purchase order PO-000278 created in ERP
EVT-0000279,2026-06-10 00:00:00,PURCHASE_ORDER,PO-000279,PO_CREATED,Purchase order PO-000279 created in ERP
EVT-0000280,2026-07-05 00:00:00,PURCHASE_ORDER,PO-000280,PO_CREATED,Purchase order PO-000280 created in ERP
EVT-0000281,2026-08-17 00:00:00,PURCHASE_ORDER,PO-000281,PO_CREATED,Purchase order PO-000281 created in ERP
EVT-0000282,2026-05-27 00:00:00,PURCHASE_ORDER,PO-000282,PO_CREATED,Purchase order PO-000282 created in ERP
EVT-0000283,2026-08-13 00:00:00,PURCHASE_ORDER,PO-000283,PO_CREATED,Purchase order PO-000283 created in ERP
EVT-0000284,2026-07-07 00:00:00,PURCHASE_ORDER,PO-000284,PO_CREATED,Purchase order PO-000284 created in ERP
EVT-0000285,2026-03-27 00:00:00,PURCHASE_ORDER,PO-000285,PO_CREATED,Purchase order PO-000285 created in ERP
EVT-0000286,2026-03-24 00:00:00,PURCHASE_ORDER,PO-000286,PO_CREATED,Purchase order PO-000286 created in ERP
EVT-0000287,2026-03-11 00:00:00,PURCHASE_ORDER,PO-000287,PO_CREATED,Purchase order PO-000287 created in ERP
EVT-0000288,2026-01-28 00:00:00,PURCHASE_ORDER,PO-000288,PO_CREATED,Purchase order PO-000288 created in ERP
EVT-0000289,2026-05-01 00:00:00,PURCHASE_ORDER,PO-000289,PO_CREATED,Purchase order PO-000289 created in ERP
EVT-0000290,2026-05-02 00:00:00,PURCHASE_ORDER,PO-000290,PO_CREATED,Purchase order PO-000290 created in ERP
EVT-0000291,2026-05-04 00:00:00,PURCHASE_ORDER,PO-000291,PO_CREATED,Purchase order PO-000291 created in ERP
EVT-0000292,2026-01-30 00:00:00,PURCHASE_ORDER,PO-000292,PO_CREATED,Purchase order PO-000292 created in ERP
EVT-0000293,2026-07-29 00:00:00,PURCHASE_ORDER,PO-000293,PO_CREATED,Purchase order PO-000293 created in ERP
EVT-0000294,2026-08-24 00:00:00,PURCHASE_ORDER,PO-000294,PO_CREATED,Purchase order PO-000294 created in ERP
EVT-0000295,2026-06-29 00:00:00,PURCHASE_ORDER,PO-000295,PO_CREATED,Purchase order PO-000295 created in ERP
EVT-0000296,2026-02-06 00:00:00,PURCHASE_ORDER,PO-000296,PO_CREATED,Purchase order PO-000296 created in ERP
EVT-0000297,2026-07-02 00:00:00,PURCHASE_ORDER,PO-000297,PO_CREATED,Purchase order PO-000297 created in ERP
EVT-0000298,2026-03-04 00:00:00,PURCHASE_ORDER,PO-000298,PO_CREATED,Purchase order PO-000298 created in ERP
EVT-0000299,2026-06-27 00:00:00,PURCHASE_ORDER,PO-000299,PO_CREATED,Purchase order PO-000299 created in ERP
EVT-0000300,2026-06-07 00:00:00,PURCHASE_ORDER,PO-000300,PO_CREATED,Purchase order PO-000300 created in ERP
EVT-0000301,2026-04-05 00:00:00,PURCHASE_ORDER,PO-000301,PO_CREATED,Purchase order PO-000301 created in ERP
EVT-0000302,2026-07-17 00:00:00,PURCHASE_ORDER,PO-000302,PO_CREATED,Purchase order PO-000302 created in ERP
EVT-0000303,2026-05-02 00:00:00,PURCHASE_ORDER,PO-000303,PO_CREATED,Purchase order PO-000303 created in ERP
EVT-0000304,2026-03-10 00:00:00,PURCHASE_ORDER,PO-000304,PO_CREATED,Purchase order PO-000304 created in ERP
EVT-0000305,2026-03-06 00:00:00,PURCHASE_ORDER,PO-000305,PO_CREATED,Purchase order PO-000305 created in ERP
EVT-0000306,2026-01-23 00:00:00,PURCHASE_ORDER,PO-000306,PO_CREATED,Purchase order PO-000306 created in ERP
EVT-0000307,2026-03-27 00:00:00,PURCHASE_ORDER,PO-000307,PO_CREATED,Purchase order PO-000307 created in ERP
EVT-0000308,2026-08-22 00:00:00,PURCHASE_ORDER,PO-000308,PO_CREATED,Purchase order PO-000308 created in ERP
EVT-0000309,2026-01-05 00:00:00,PURCHASE_ORDER,PO-000309,PO_CREATED,Purchase order PO-000309 created in ERP
EVT-0000310,2026-05-28 00:00:00,PURCHASE_ORDER,PO-000310,PO_CREATED,Purchase order PO-000310 created in ERP
EVT-0000311,2026-01-21 00:00:00,PURCHASE_ORDER,PO-000311,PO_CREATED,Purchase order PO-000311 created in ERP
EVT-0000312,2026-08-15 00:00:00,PURCHASE_ORDER,PO-000312,PO_CREATED,Purchase order PO-000312 created in ERP
EVT-0000313,2026-05-08 00:00:00,PURCHASE_ORDER,PO-000313,PO_CREATED,Purchase order PO-000313 created in ERP
EVT-0000314,2026-02-24 00:00:00,PURCHASE_ORDER,PO-000314,PO_CREATED,Purchase order PO-000314 created in ERP
EVT-0000315,2026-01-04 00:00:00,PURCHASE_ORDER,PO-000315,PO_CREATED,Purchase order PO-000315 created in ERP
EVT-0000316,2026-03-25 00:00:00,PURCHASE_ORDER,PO-000316,PO_CREATED,Purchase order PO-000316 created in ERP
EVT-0000317,2026-02-04 00:00:00,PURCHASE_ORDER,PO-000317,PO_CREATED,Purchase order PO-000317 created in ERP
EVT-0000318,2026-06-27 00:00:00,PURCHASE_ORDER,PO-000318,PO_CREATED,Purchase order PO-000318 created in ERP
EVT-0000319,2026-02-19 00:00:00,PURCHASE_ORDER,PO-000319,PO_CREATED,Purchase order PO-000319 created in ERP
EVT-0000320,2026-01-14 00:00:00,PURCHASE_ORDER,PO-000320,PO_CREATED,Purchase order PO-000320 created in ERP
EVT-0000321,2026-05-05 00:00:00,PURCHASE_ORDER,PO-000321,PO_CREATED,Purchase order PO-000321 created in ERP
EVT-0000322,2026-08-11 00:00:00,PURCHASE_ORDER,PO-000322,PO_CREATED,Purchase order PO-000322 created in ERP
EVT-0000323,2026-02-15 00:00:00,PURCHASE_ORDER,PO-000323,PO_CREATED,Purchase order PO-000323 created in ERP
EVT-0000324,2026-05-28 00:00:00,PURCHASE_ORDER,PO-000324,PO_CREATED,Purchase order PO-000324 created in ERP
EVT-0000325,2026-03-13 00:00:00,PURCHASE_ORDER,PO-000325,PO_CREATED,Purchase order PO-000325 created in ERP
EVT-0000326,2026-05-01 00:00:00,PURCHASE_ORDER,PO-000326,PO_CREATED,Purchase order PO-000326 created in ERP
EVT-0000327,2026-03-03 00:00:00,PURCHASE_ORDER,PO-000327,PO_CREATED,Purchase order PO-000327 created in ERP
EVT-0000328,2026-06-10 00:00:00,PURCHASE_ORDER,PO-000328,PO_CREATED,Purchase order PO-000328 created in ERP
EVT-0000329,2026-06-28 00:00:00,PURCHASE_ORDER,PO-000329,PO_CREATED,Purchase order PO-000329 created in ERP
EVT-0000330,2026-01-29 00:00:00,PURCHASE_ORDER,PO-000330,PO_CREATED,Purchase order PO-000330 created in ERP
EVT-0000331,2026-05-24 00:00:00,PURCHASE_ORDER,PO-000331,PO_CREATED,Purchase order PO-000331 created in ERP
EVT-0000332,2026-05-09 00:00:00,PURCHASE_ORDER,PO-000332,PO_CREATED,Purchase order PO-000332 created in ERP
EVT-0000333,2026-05-01 00:00:00,PURCHASE_ORDER,PO-000333,PO_CREATED,Purchase order PO-000333 created in ERP
EVT-0000334,2026-03-17 00:00:00,PURCHASE_ORDER,PO-000334,PO_CREATED,Purchase order PO-000334 created in ERP
EVT-0000335,2026-04-28 00:00:00,PURCHASE_ORDER,PO-000335,PO_CREATED,Purchase order PO-000335 created in ERP
EVT-0000336,2026-02-14 00:00:00,PURCHASE_ORDER,PO-000336,PO_CREATED,Purchase order PO-000336 created in ERP
EVT-0000337,2026-06-20 00:00:00,PURCHASE_ORDER,PO-000337,PO_CREATED,Purchase order PO-000337 created in ERP
EVT-0000338,2026-04-28 00:00:00,PURCHASE_ORDER,PO-000338,PO_CREATED,Purchase order PO-000338 created in ERP
EVT-0000339,2026-07-24 00:00:00,PURCHASE_ORDER,PO-000339,PO_CREATED,Purchase order PO-000339 created in ERP
EVT-0000340,2026-05-30 00:00:00,PURCHASE_ORDER,PO-000340,PO_CREATED,Purchase order PO-000340 created in ERP
EVT-0000341,2026-08-21 00:00:00,PURCHASE_ORDER,PO-000341,PO_CREATED,Purchase order PO-000341 created in ERP
EVT-0000342,2026-02-25 00:00:00,PURCHASE_ORDER,PO-000342,PO_CREATED,Purchase order PO-000342 created in ERP
EVT-0000343,2026-06-13 00:00:00,PURCHASE_ORDER,PO-000343,PO_CREATED,Purchase order PO-000343 created in ERP
EVT-0000344,2026-08-02 00:00:00,PURCHASE_ORDER,PO-000344,PO_CREATED,Purchase order PO-000344 created in ERP
EVT-0000345,2026-05-29 00:00:00,PURCHASE_ORDER,PO-000345,PO_CREATED,Purchase order PO-000345 created in ERP
EVT-0000346,2026-01-14 00:00:00,PURCHASE_ORDER,PO-000346,PO_CREATED,Purchase order PO-000346 created in ERP
EVT-0000347,2026-01-25 00:00:00,PURCHASE_ORDER,PO-000347,PO_CREATED,Purchase order PO-000347 created in ERP
EVT-0000348,2026-05-09 00:00:00,PURCHASE_ORDER,PO-000348,PO_CREATED,Purchase order PO-000348 created in ERP
EVT-0000349,2026-05-03 00:00:00,PURCHASE_ORDER,PO-000349,PO_CREATED,Purchase order PO-000349 created in ERP
EVT-0000350,2026-03-20 00:00:00,PURCHASE_ORDER,PO-000350,PO_CREATED,Purchase order PO-000350 created in ERP
EVT-0000351,2026-01-11 00:00:00,PURCHASE_ORDER,PO-000351,PO_CREATED,Purchase order PO-000351 created in ERP
EVT-0000352,2026-07-13 00:00:00,PURCHASE_ORDER,PO-000352,PO_CREATED,Purchase order PO-000352 created in ERP
EVT-0000353,2026-04-01 00:00:00,PURCHASE_ORDER,PO-000353,PO_CREATED,Purchase order PO-000353 created in ERP
EVT-0000354,2026-07-05 00:00:00,PURCHASE_ORDER,PO-000354,PO_CREATED,Purchase order PO-000354 created in ERP
EVT-0000355,2026-06-30 00:00:00,PURCHASE_ORDER,PO-000355,PO_CREATED,Purchase order PO-000355 created in ERP
EVT-0000356,2026-06-25 00:00:00,PURCHASE_ORDER,PO-000356,PO_CREATED,Purchase order PO-000356 created in ERP
EVT-0000357,2026-06-22 00:00:00,PURCHASE_ORDER,PO-000357,PO_CREATED,Purchase order PO-000357 created in ERP
EVT-0000358,2026-01-17 00:00:00,PURCHASE_ORDER,PO-000358,PO_CREATED,Purchase order PO-000358 created in ERP
EVT-0000359,2026-05-11 00:00:00,PURCHASE_ORDER,PO-000359,PO_CREATED,Purchase order PO-000359 created in ERP
EVT-0000360,2026-01-08 00:00:00,PURCHASE_ORDER,PO-000360,PO_CREATED,Purchase order PO-000360 created in ERP
EVT-0000361,2026-02-09 00:00:00,PURCHASE_ORDER,PO-000361,PO_CREATED,Purchase order PO-000361 created in ERP
EVT-0000362,2026-05-06 00:00:00,PURCHASE_ORDER,PO-000362,PO_CREATED,Purchase order PO-000362 created in ERP
EVT-0000363,2026-04-24 00:00:00,PURCHASE_ORDER,PO-000363,PO_CREATED,Purchase order PO-000363 created in ERP
EVT-0000364,2026-06-18 00:00:00,PURCHASE_ORDER,PO-000364,PO_CREATED,Purchase order PO-000364 created in ERP
EVT-0000365,2026-07-15 00:00:00,PURCHASE_ORDER,PO-000365,PO_CREATED,Purchase order PO-000365 created in ERP
EVT-0000366,2026-01-10 00:00:00,PURCHASE_ORDER,PO-000366,PO_CREATED,Purchase order PO-000366 created in ERP
EVT-0000367,2026-04-04 00:00:00,PURCHASE_ORDER,PO-000367,PO_CREATED,Purchase order PO-000367 created in ERP
EVT-0000368,2026-02-23 00:00:00,PURCHASE_ORDER,PO-000368,PO_CREATED,Purchase order PO-000368 created in ERP
EVT-0000369,2026-05-28 00:00:00,PURCHASE_ORDER,PO-000369,PO_CREATED,Purchase order PO-000369 created in ERP
EVT-0000370,2026-06-12 00:00:00,PURCHASE_ORDER,PO-000370,PO_CREATED,Purchase order PO-000370 created in ERP
EVT-0000371,2026-04-19 00:00:00,PURCHASE_ORDER,PO-000371,PO_CREATED,Purchase order PO-000371 created in ERP
EVT-0000372,2026-01-15 00:00:00,PURCHASE_ORDER,PO-000372,PO_CREATED,Purchase order PO-000372 created in ERP
EVT-0000373,2026-05-14 00:00:00,PURCHASE_ORDER,PO-000373,PO_CREATED,Purchase order PO-000373 created in ERP
EVT-0000374,2026-06-29 00:00:00,PURCHASE_ORDER,PO-000374,PO_CREATED,Purchase order PO-000374 created in ERP
EVT-0000375,2026-08-08 00:00:00,PURCHASE_ORDER,PO-000375,PO_CREATED,Purchase order PO-000375 created in ERP
EVT-0000376,2026-07-31 00:00:00,PURCHASE_ORDER,PO-000376,PO_CREATED,Purchase order PO-000376 created in ERP
EVT-0000377,2026-04-27 00:00:00,PURCHASE_ORDER,PO-000377,PO_CREATED,Purchase order PO-000377 created in ERP
EVT-0000378,2026-03-05 00:00:00,PURCHASE_ORDER,PO-000378,PO_CREATED,Purchase order PO-000378 created in ERP
EVT-0000379,2026-08-21 00:00:00,PURCHASE_ORDER,PO-000379,PO_CREATED,Purchase order PO-000379 created in ERP
EVT-0000380,2026-01-04 00:00:00,PURCHASE_ORDER,PO-000380,PO_CREATED,Purchase order PO-000380 created in ERP
EVT-0000381,2026-01-08 00:00:00,PURCHASE_ORDER,PO-000381,PO_CREATED,Purchase order PO-000381 created in ERP
EVT-0000382,2026-06-27 00:00:00,PURCHASE_ORDER,PO-000382,PO_CREATED,Purchase order PO-000382 created in ERP
EVT-0000383,2026-05-29 00:00:00,PURCHASE_ORDER,PO-000383,PO_CREATED,Purchase order PO-000383 created in ERP
EVT-0000384,2026-05-13 00:00:00,PURCHASE_ORDER,PO-000384,PO_CREATED,Purchase order PO-000384 created in ERP
EVT-0000385,2026-04-22 00:00:00,PURCHASE_ORDER,PO-000385,PO_CREATED,Purchase order PO-000385 created in ERP
EVT-0000386,2026-08-05 00:00:00,PURCHASE_ORDER,PO-000386,PO_CREATED,Purchase order PO-000386 created in ERP
EVT-0000387,2026-07-11 00:00:00,PURCHASE_ORDER,PO-000387,PO_CREATED,Purchase order PO-000387 created in ERP
EVT-0000388,2026-01-07 00:00:00,PURCHASE_ORDER,PO-000388,PO_CREATED,Purchase order PO-000388 created in ERP
EVT-0000389,2026-07-25 00:00:00,PURCHASE_ORDER,PO-000389,PO_CREATED,Purchase order PO-000389 created in ERP
EVT-0000390,2026-07-17 00:00:00,PURCHASE_ORDER,PO-000390,PO_CREATED,Purchase order PO-000390 created in ERP
EVT-0000391,2026-01-31 00:00:00,PURCHASE_ORDER,PO-000391,PO_CREATED,Purchase order PO-000391 created in ERP
EVT-0000392,2026-07-27 00:00:00,PURCHASE_ORDER,PO-000392,PO_CREATED,Purchase order PO-000392 created in ERP
EVT-0000393,2026-08-04 00:00:00,PURCHASE_ORDER,PO-000393,PO_CREATED,Purchase order PO-000393 created in ERP
EVT-0000394,2026-07-16 00:00:00,PURCHASE_ORDER,PO-000394,PO_CREATED,Purchase order PO-000394 created in ERP
EVT-0000395,2026-04-22 00:00:00,PURCHASE_ORDER,PO-000395,PO_CREATED,Purchase order PO-000395 created in ERP
EVT-0000396,2026-06-28 00:00:00,PURCHASE_ORDER,PO-000396,PO_CREATED,Purchase order PO-000396 created in ERP
EVT-0000397,2026-01-06 00:00:00,PURCHASE_ORDER,PO-000397,PO_CREATED,Purchase order PO-000397 created in ERP
EVT-0000398,2026-05-05 00:00:00,PURCHASE_ORDER,PO-000398,PO_CREATED,Purchase order PO-000398 created in ERP
EVT-0000399,2026-03-15 00:00:00,PURCHASE_ORDER,PO-000399,PO_CREATED,Purchase order PO-000399 created in ERP
EVT-0000400,2026-07-24 00:00:00,PURCHASE_ORDER,PO-000400,PO_CREATED,Purchase order PO-000400 created in ERP
EVT-0000401,2026-05-07 00:00:00,PURCHASE_ORDER,PO-000401,PO_CREATED,Purchase order PO-000401 created in ERP
EVT-0000402,2026-07-26 00:00:00,PURCHASE_ORDER,PO-000402,PO_CREATED,Purchase order PO-000402 created in ERP
EVT-0000403,2026-03-29 00:00:00,PURCHASE_ORDER,PO-000403,PO_CREATED,Purchase order PO-000403 created in ERP
EVT-0000404,2026-08-22 00:00:00,PURCHASE_ORDER,PO-000404,PO_CREATED,Purchase order PO-000404 created in ERP
EVT-0000405,2026-04-03 00:00:00,PURCHASE_ORDER,PO-000405,PO_CREATED,Purchase order PO-000405 created in ERP
EVT-0000406,2026-02-07 00:00:00,PURCHASE_ORDER,PO-000406,PO_CREATED,Purchase order PO-000406 created in ERP
EVT-0000407,2026-07-14 00:00:00,PURCHASE_ORDER,PO-000407,PO_CREATED,Purchase order PO-000407 created in ERP
EVT-0000408,2026-07-04 00:00:00,PURCHASE_ORDER,PO-000408,PO_CREATED,Purchase order PO-000408 created in ERP
EVT-0000409,2026-06-28 00:00:00,PURCHASE_ORDER,PO-000409,PO_CREATED,Purchase order PO-000409 created in ERP
EVT-0000410,2026-05-11 00:00:00,PURCHASE_ORDER,PO-000410,PO_CREATED,Purchase order PO-000410 created in ERP
EVT-0000411,2026-08-04 00:00:00,PURCHASE_ORDER,PO-000411,PO_CREATED,Purchase order PO-000411 created in ERP
EVT-0000412,2026-07-02 00:00:00,PURCHASE_ORDER,PO-000412,PO_CREATED,Purchase order PO-000412 created in ERP
EVT-0000413,2026-08-01 00:00:00,PURCHASE_ORDER,PO-000413,PO_CREATED,Purchase order PO-000413 created in ERP
EVT-0000414,2026-06-23 00:00:00,PURCHASE_ORDER,PO-000414,PO_CREATED,Purchase order PO-000414 created in ERP
EVT-0000415,2026-06-27 00:00:00,PURCHASE_ORDER,PO-000415,PO_CREATED,Purchase order PO-000415 created in ERP
EVT-0000416,2026-04-05 00:00:00,PURCHASE_ORDER,PO-000416,PO_CREATED,Purchase order PO-000416 created in ERP
EVT-0000417,2026-01-13 00:00:00,PURCHASE_ORDER,PO-000417,PO_CREATED,Purchase order PO-000417 created in ERP
EVT-0000418,2026-05-02 00:00:00,PURCHASE_ORDER,PO-000418,PO_CREATED,Purchase order PO-000418 created in ERP
EVT-0000419,2026-03-01 00:00:00,PURCHASE_ORDER,PO-000419,PO_CREATED,Purchase order PO-000419 created in ERP
EVT-0000420,2026-07-01 00:00:00,PURCHASE_ORDER,PO-000420,PO_CREATED,Purchase order PO-000420 created in ERP
EVT-0000421,2026-05-26 00:00:00,PURCHASE_ORDER,PO-000421,PO_CREATED,Purchase order PO-000421 created in ERP
EVT-0000422,2026-01-22 00:00:00,PURCHASE_ORDER,PO-000422,PO_CREATED,Purchase order PO-000422 created in ERP
EVT-0000423,2026-02-09 00:00:00,PURCHASE_ORDER,PO-000423,PO_CREATED,Purchase order PO-000423 created in ERP
EVT-0000424,2026-03-08 00:00:00,PURCHASE_ORDER,PO-000424,PO_CREATED,Purchase order PO-000424 created in ERP
EVT-0000425,2026-01-30 00:00:00,PURCHASE_ORDER,PO-000425,PO_CREATED,Purchase order PO-000425 created in ERP
EVT-0000426,2026-04-06 00:00:00,PURCHASE_ORDER,PO-000426,PO_CREATED,Purchase order PO-000426 created in ERP
EVT-0000427,2026-08-27 00:00:00,PURCHASE_ORDER,PO-000427,PO_CREATED,Purchase order PO-000427 created in ERP
EVT-0000428,2026-08-01 00:00:00,PURCHASE_ORDER,PO-000428,PO_CREATED,Purchase order PO-000428 created in ERP
EVT-0000429,2026-06-22 00:00:00,PURCHASE_ORDER,PO-000429,PO_CREATED,Purchase order PO-000429 created in ERP
EVT-0000430,2026-07-10 00:00:00,PURCHASE_ORDER,PO-000430,PO_CREATED,Purchase order PO-000430 created in ERP
EVT-0000431,2026-05-26 00:00:00,PURCHASE_ORDER,PO-000431,PO_CREATED,Purchase order PO-000431 created in ERP
EVT-0000432,2026-02-19 00:00:00,PURCHASE_ORDER,PO-000432,PO_CREATED,Purchase order PO-000432 created in ERP
EVT-0000433,2026-08-15 00:00:00,PURCHASE_ORDER,PO-000433,PO_CREATED,Purchase order PO-000433 created in ERP
EVT-0000434,2026-03-21 00:00:00,PURCHASE_ORDER,PO-000434,PO_CREATED,Purchase order PO-000434 created in ERP
EVT-0000435,2026-03-05 00:00:00,PURCHASE_ORDER,PO-000435,PO_CREATED,Purchase order PO-000435 created in ERP
EVT-0000436,2026-08-16 00:00:00,PURCHASE_ORDER,PO-000436,PO_CREATED,Purchase order PO-000436 created in ERP
EVT-0000437,2026-03-17 00:00:00,PURCHASE_ORDER,PO-000437,PO_CREATED,Purchase order PO-000437 created in ERP
EVT-0000438,2026-04-09 00:00:00,PURCHASE_ORDER,PO-000438,PO_CREATED,Purchase order PO-000438 created in ERP
EVT-0000439,2026-01-28 00:00:00,PURCHASE_ORDER,PO-000439,PO_CREATED,Purchase order PO-000439 created in ERP
EVT-0000440,2026-01-16 00:00:00,PURCHASE_ORDER,PO-000440,PO_CREATED,Purchase order PO-000440 created in ERP
EVT-0000441,2026-04-19 00:00:00,PURCHASE_ORDER,PO-000441,PO_CREATED,Purchase order PO-000441 created in ERP
EVT-0000442,2026-04-18 00:00:00,PURCHASE_ORDER,PO-000442,PO_CREATED,Purchase order PO-000442 created in ERP
EVT-0000443,2026-02-06 00:00:00,PURCHASE_ORDER,PO-000443,PO_CREATED,Purchase order PO-000443 created in ERP
EVT-0000444,2026-08-22 00:00:00,PURCHASE_ORDER,PO-000444,PO_CREATED,Purchase order PO-000444 created in ERP
EVT-0000445,2026-03-23 00:00:00,PURCHASE_ORDER,PO-000445,PO_CREATED,Purchase order PO-000445 created in ERP
EVT-0000446,2026-01-14 00:00:00,PURCHASE_ORDER,PO-000446,PO_CREATED,Purchase order PO-000446 created in ERP
EVT-0000447,2026-05-08 00:00:00,PURCHASE_ORDER,PO-000447,PO_CREATED,Purchase order PO-000447 created in ERP
EVT-0000448,2026-03-20 00:00:00,PURCHASE_ORDER,PO-000448,PO_CREATED,Purchase order PO-000448 created in ERP
EVT-0000449,2026-04-30 00:00:00,PURCHASE_ORDER,PO-000449,PO_CREATED,Purchase order PO-000449 created in ERP
EVT-0000450,2026-07-21 00:00:00,PURCHASE_ORDER,PO-000450,PO_CREATED,Purchase order PO-000450 created in ERP
EVT-0000451,2026-02-20 00:00:00,PURCHASE_ORDER,PO-000451,PO_CREATED,Purchase order PO-000451 created in ERP
EVT-0000452,2026-08-10 00:00:00,PURCHASE_ORDER,PO-000452,PO_CREATED,Purchase order PO-000452 created in ERP
EVT-0000453,2026-04-20 00:00:00,PURCHASE_ORDER,PO-000453,PO_CREATED,Purchase order PO-000453 created in ERP
EVT-0000454,2026-03-28 00:00:00,PURCHASE_ORDER,PO-000454,PO_CREATED,Purchase order PO-000454 created in ERP
EVT-0000455,2026-04-26 00:00:00,PURCHASE_ORDER,PO-000455,PO_CREATED,Purchase order PO-000455 created in ERP
EVT-0000456,2026-01-07 00:00:00,PURCHASE_ORDER,PO-000456,PO_CREATED,Purchase order PO-000456 created in ERP
EVT-0000457,2026-04-10 00:00:00,PURCHASE_ORDER,PO-000457,PO_CREATED,Purchase order PO-000457 created in ERP
EVT-0000458,2026-03-12 00:00:00,PURCHASE_ORDER,PO-000458,PO_CREATED,Purchase order PO-000458 created in ERP
EVT-0000459,2026-02-15 00:00:00,PURCHASE_ORDER,PO-000459,PO_CREATED,Purchase order PO-000459 created in ERP
EVT-0000460,2026-04-15 00:00:00,PURCHASE_ORDER,PO-000460,PO_CREATED,Purchase order PO-000460 created in ERP
EVT-0000461,2026-04-12 00:00:00,PURCHASE_ORDER,PO-000461,PO_CREATED,Purchase order PO-000461 created in ERP
EVT-0000462,2026-05-21 00:00:00,PURCHASE_ORDER,PO-000462,PO_CREATED,Purchase order PO-000462 created in ERP
EVT-0000463,2026-02-13 00:00:00,PURCHASE_ORDER,PO-000463,PO_CREATED,Purchase order PO-000463 created in ERP
EVT-0000464,2026-06-03 00:00:00,PURCHASE_ORDER,PO-000464,PO_CREATED,Purchase order PO-000464 created in ERP
EVT-0000465,2026-06-24 00:00:00,PURCHASE_ORDER,PO-000465,PO_CREATED,Purchase order PO-000465 created in ERP
EVT-0000466,2026-07-28 00:00:00,PURCHASE_ORDER,PO-000466,PO_CREATED,Purchase order PO-000466 created in ERP
EVT-0000467,2026-06-17 00:00:00,PURCHASE_ORDER,PO-000467,PO_CREATED,Purchase order PO-000467 created in ERP
EVT-0000468,2026-07-16 00:00:00,PURCHASE_ORDER,PO-000468,PO_CREATED,Purchase order PO-000468 created in ERP
EVT-0000469,2026-01-18 00:00:00,PURCHASE_ORDER,PO-000469,PO_CREATED,Purchase order PO-000469 created in ERP
EVT-0000470,2026-06-14 00:00:00,PURCHASE_ORDER,PO-000470,PO_CREATED,Purchase order PO-000470 created in ERP
EVT-0000471,2026-07-25 00:00:00,PURCHASE_ORDER,PO-000471,PO_CREATED,Purchase order PO-000471 created in ERP
EVT-0000472,2026-03-21 00:00:00,PURCHASE_ORDER,PO-000472,PO_CREATED,Purchase order PO-000472 created in ERP
EVT-0000473,2026-04-12 00:00:00,PURCHASE_ORDER,PO-000473,PO_CREATED,Purchase order PO-000473 created in ERP
EVT-0000474,2026-05-24 00:00:00,PURCHASE_ORDER,PO-000474,PO_CREATED,Purchase order PO-000474 created in ERP
EVT-0000475,2026-03-20 00:00:00,PURCHASE_ORDER,PO-000475,PO_CREATED,Purchase order PO-000475 created in ERP
EVT-0000476,2026-01-09 00:00:00,PURCHASE_ORDER,PO-000476,PO_CREATED,Purchase order PO-000476 created in ERP
EVT-0000477,2026-03-07 00:00:00,PURCHASE_ORDER,PO-000477,PO_CREATED,Purchase order PO-000477 created in ERP
EVT-0000478,2026-05-13 00:00:00,PURCHASE_ORDER,PO-000478,PO_CREATED,Purchase order PO-000478 created in ERP
EVT-0000479,2026-01-28 00:00:00,PURCHASE_ORDER,PO-000479,PO_CREATED,Purchase order PO-000479 created in ERP
EVT-0000480,2026-05-15 00:00:00,PURCHASE_ORDER,PO-000480,PO_CREATED,Purchase order PO-000480 created in ERP
EVT-0000481,2026-08-11 00:00:00,PURCHASE_ORDER,PO-000481,PO_CREATED,Purchase order PO-000481 created in ERP
EVT-0000482,2026-06-20 00:00:00,PURCHASE_ORDER,PO-000482,PO_CREATED,Purchase order PO-000482 created in ERP
EVT-0000483,2026-08-27 00:00:00,PURCHASE_ORDER,PO-000483,PO_CREATED,Purchase order PO-000483 created in ERP
EVT-0000484,2026-06-29 00:00:00,PURCHASE_ORDER,PO-000484,PO_CREATED,Purchase order PO-000484 created in ERP
EVT-0000485,2026-07-09 00:00:00,PURCHASE_ORDER,PO-000485,PO_CREATED,Purchase order PO-000485 created in ERP
EVT-0000486,2026-02-13 00:00:00,PURCHASE_ORDER,PO-000486,PO_CREATED,Purchase order PO-000486 created in ERP
EVT-0000487,2026-01-24 00:00:00,PURCHASE_ORDER,PO-000487,PO_CREATED,Purchase order PO-000487 created in ERP
EVT-0000488,2026-01-23 00:00:00,PURCHASE_ORDER,PO-000488,PO_CREATED,Purchase order PO-000488 created in ERP
EVT-0000489,2026-08-05 00:00:00,PURCHASE_ORDER,PO-000489,PO_CREATED,Purchase order PO-000489 created in ERP
EVT-0000490,2026-05-08 00:00:00,PURCHASE_ORDER,PO-000490,PO_CREATED,Purchase order PO-000490 created in ERP
EVT-0000491,2026-02-09 00:00:00,PURCHASE_ORDER,PO-000491,PO_CREATED,Purchase order PO-000491 created in ERP
EVT-0000492,2026-06-23 00:00:00,PURCHASE_ORDER,PO-000492,PO_CREATED,Purchase order PO-000492 created in ERP
EVT-0000493,2026-03-16 00:00:00,PURCHASE_ORDER,PO-000493,PO_CREATED,Purchase order PO-000493 created in ERP
EVT-0000494,2026-01-25 00:00:00,PURCHASE_ORDER,PO-000494,PO_CREATED,Purchase order PO-000494 created in ERP
EVT-0000495,2026-01-31 00:00:00,PURCHASE_ORDER,PO-000495,PO_CREATED,Purchase order PO-000495 created in ERP
EVT-0000496,2026-06-14 00:00:00,PURCHASE_ORDER,PO-000496,PO_CREATED,Purchase order PO-000496 created in ERP
EVT-0000497,2026-01-26 00:00:00,PURCHASE_ORDER,PO-000497,PO_CREATED,Purchase order PO-000497 created in ERP
EVT-0000498,2026-02-01 00:00:00,PURCHASE_ORDER,PO-000498,PO_CREATED,Purchase order PO-000498 created in ERP
EVT-0000499,2026-03-05 00:00:00,PURCHASE_ORDER,PO-000499,PO_CREATED,Purchase order PO-000499 created in ERP
EVT-0000500,2026-03-13 00:00:00,PURCHASE_ORDER,PO-000500,PO_CREATED,Purchase order PO-000500 created in ERP
EVT-0000501,2026-01-22 00:00:00,PURCHASE_ORDER,PO-000501,PO_CREATED,Purchase order PO-000501 created in ERP
EVT-0000502,2026-04-18 00:00:00,PURCHASE_ORDER,PO-000502,PO_CREATED,Purchase order PO-000502 created in ERP
EVT-0000503,2026-01-26 00:00:00,PURCHASE_ORDER,PO-000503,PO_CREATED,Purchase order PO-000503 created in ERP
EVT-0000504,2026-07-26 00:00:00,PURCHASE_ORDER,PO-000504,PO_CREATED,Purchase order PO-000504 created in ERP
EVT-0000505,2026-05-09 00:00:00,PURCHASE_ORDER,PO-000505,PO_CREATED,Purchase order PO-000505 created in ERP
EVT-0000506,2026-05-28 00:00:00,PURCHASE_ORDER,PO-000506,PO_CREATED,Purchase order PO-000506 created in ERP
EVT-0000507,2026-06-05 00:00:00,PURCHASE_ORDER,PO-000507,PO_CREATED,Purchase order PO-000507 created in ERP
EVT-0000508,2026-01-29 00:00:00,PURCHASE_ORDER,PO-000508,PO_CREATED,Purchase order PO-000508 created in ERP
EVT-0000509,2026-07-08 00:00:00,PURCHASE_ORDER,PO-000509,PO_CREATED,Purchase order PO-000509 created in ERP
EVT-0000510,2026-04-01 00:00:00,PURCHASE_ORDER,PO-000510,PO_CREATED,Purchase order PO-000510 created in ERP
EVT-0000511,2026-04-16 00:00:00,PURCHASE_ORDER,PO-000511,PO_CREATED,Purchase order PO-000511 created in ERP
EVT-0000512,2026-04-04 00:00:00,PURCHASE_ORDER,PO-000512,PO_CREATED,Purchase order PO-000512 created in ERP
EVT-0000513,2026-07-10 00:00:00,PURCHASE_ORDER,PO-000513,PO_CREATED,Purchase order PO-000513 created in ERP
EVT-0000514,2026-03-25 00:00:00,PURCHASE_ORDER,PO-000514,PO_CREATED,Purchase order PO-000514 created in ERP
EVT-0000515,2026-03-05 00:00:00,PURCHASE_ORDER,PO-000515,PO_CREATED,Purchase order PO-000515 created in ERP
EVT-0000516,2026-02-18 00:00:00,PURCHASE_ORDER,PO-000516,PO_CREATED,Purchase order PO-000516 created in ERP
EVT-0000517,2026-08-10 00:00:00,PURCHASE_ORDER,PO-000517,PO_CREATED,Purchase order PO-000517 created in ERP
EVT-0000518,2026-03-05 00:00:00,PURCHASE_ORDER,PO-000518,PO_CREATED,Purchase order PO-000518 created in ERP
EVT-0000519,2026-02-17 00:00:00,PURCHASE_ORDER,PO-000519,PO_CREATED,Purchase order PO-000519 created in ERP
EVT-0000520,2026-01-23 00:00:00,PURCHASE_ORDER,PO-000520,PO_CREATED,Purchase order PO-000520 created in ERP
EVT-0000521,2026-01-20 00:00:00,PURCHASE_ORDER,PO-000521,PO_CREATED,Purchase order PO-000521 created in ERP
EVT-0000522,2026-01-18 00:00:00,PURCHASE_ORDER,PO-000522,PO_CREATED,Purchase order PO-000522 created in ERP
EVT-0000523,2026-07-23 00:00:00,PURCHASE_ORDER,PO-000523,PO_CREATED,Purchase order PO-000523 created in ERP
EVT-0000524,2026-03-19 00:00:00,PURCHASE_ORDER,PO-000524,PO_CREATED,Purchase order PO-000524 created in ERP
EVT-0000525,2026-05-17 00:00:00,PURCHASE_ORDER,PO-000525,PO_CREATED,Purchase order PO-000525 created in ERP
EVT-0000526,2026-07-04 00:00:00,PURCHASE_ORDER,PO-000526,PO_CREATED,Purchase order PO-000526 created in ERP
EVT-0000527,2026-08-19 00:00:00,PURCHASE_ORDER,PO-000527,PO_CREATED,Purchase order PO-000527 created in ERP
EVT-0000528,2026-07-29 00:00:00,PURCHASE_ORDER,PO-000528,PO_CREATED,Purchase order PO-000528 created in ERP
EVT-0000529,2026-01-26 00:00:00,PURCHASE_ORDER,PO-000529,PO_CREATED,Purchase order PO-000529 created in ERP
EVT-0000530,2026-07-15 00:00:00,PURCHASE_ORDER,PO-000530,PO_CREATED,Purchase order PO-000530 created in ERP
EVT-0000531,2026-02-21 00:00:00,PURCHASE_ORDER,PO-000531,PO_CREATED,Purchase order PO-000531 created in ERP
EVT-0000532,2026-01-27 00:00:00,PURCHASE_ORDER,PO-000532,PO_CREATED,Purchase order PO-000532 created in ERP
EVT-0000533,2026-01-31 00:00:00,PURCHASE_ORDER,PO-000533,PO_CREATED,Purchase order PO-000533 created in ERP
EVT-0000534,2026-02-16 00:00:00,PURCHASE_ORDER,PO-000534,PO_CREATED,Purchase order PO-000534 created in ERP
EVT-0000535,2026-07-04 00:00:00,PURCHASE_ORDER,PO-000535,PO_CREATED,Purchase order PO-000535 created in ERP
EVT-0000536,2026-02-16 00:00:00,PURCHASE_ORDER,PO-000536,PO_CREATED,Purchase order PO-000536 created in ERP
EVT-0000537,2026-05-17 00:00:00,PURCHASE_ORDER,PO-000537,PO_CREATED,Purchase order PO-000537 created in ERP
EVT-0000538,2026-02-06 00:00:00,PURCHASE_ORDER,PO-000538,PO_CREATED,Purchase order PO-000538 created in ERP
EVT-0000539,2026-04-06 00:00:00,PURCHASE_ORDER,PO-000539,PO_CREATED,Purchase order PO-000539 created in ERP
EVT-0000540,2026-03-04 00:00:00,PURCHASE_ORDER,PO-000540,PO_CREATED,Purchase order PO-000540 created in ERP
EVT-0000541,2026-03-15 00:00:00,PURCHASE_ORDER,PO-000541,PO_CREATED,Purchase order PO-000541 created in ERP
EVT-0000542,2026-06-24 00:00:00,PURCHASE_ORDER,PO-000542,PO_CREATED,Purchase order PO-000542 created in ERP
EVT-0000543,2026-07-29 00:00:00,PURCHASE_ORDER,PO-000543,PO_CREATED,Purchase order PO-000543 created in ERP
EVT-0000544,2026-03-14 00:00:00,PURCHASE_ORDER,PO-000544,PO_CREATED,Purchase order PO-000544 created in ERP
EVT-0000545,2026-03-03 00:00:00,PURCHASE_ORDER,PO-000545,PO_CREATED,Purchase order PO-000545 created in ERP
EVT-0000546,2026-01-07 00:00:00,PURCHASE_ORDER,PO-000546,PO_CREATED,Purchase order PO-000546 created in ERP
EVT-0000547,2026-06-09 00:00:00,PURCHASE_ORDER,PO-000547,PO_CREATED,Purchase order PO-000547 created in ERP
EVT-0000548,2026-02-09 00:00:00,PURCHASE_ORDER,PO-000548,PO_CREATED,Purchase order PO-000548 created in ERP
EVT-0000549,2026-04-27 00:00:00,PURCHASE_ORDER,PO-000549,PO_CREATED,Purchase order PO-000549 created in ERP
EVT-0000550,2026-03-07 00:00:00,PURCHASE_ORDER,PO-000550,PO_CREATED,Purchase order PO-000550 created in ERP
EVT-0000551,2026-04-06 00:00:00,PURCHASE_ORDER,PO-000551,PO_CREATED,Purchase order PO-000551 created in ERP
EVT-0000552,2026-04-30 00:00:00,PURCHASE_ORDER,PO-000552,PO_CREATED,Purchase order PO-000552 created in ERP
EVT-0000553,2026-03-26 00:00:00,PURCHASE_ORDER,PO-000553,PO_CREATED,Purchase order PO-000553 created in ERP
EVT-0000554,2026-07-14 00:00:00,PURCHASE_ORDER,PO-000554,PO_CREATED,Purchase order PO-000554 created in ERP
EVT-0000555,2026-03-29 00:00:00,PURCHASE_ORDER,PO-000555,PO_CREATED,Purchase order PO-000555 created in ERP
EVT-0000556,2026-05-24 00:00:00,PURCHASE_ORDER,PO-000556,PO_CREATED,Purchase order PO-000556 created in ERP
EVT-0000557,2026-08-18 00:00:00,PURCHASE_ORDER,PO-000557,PO_CREATED,Purchase order PO-000557 created in ERP
EVT-0000558,2026-02-18 00:00:00,PURCHASE_ORDER,PO-000558,PO_CREATED,Purchase order PO-000558 created in ERP
EVT-0000559,2026-01-30 00:00:00,PURCHASE_ORDER,PO-000559,PO_CREATED,Purchase order PO-000559 created in ERP
EVT-0000560,2026-06-12 00:00:00,PURCHASE_ORDER,PO-000560,PO_CREATED,Purchase order PO-000560 created in ERP
EVT-0000561,2026-07-20 00:00:00,PURCHASE_ORDER,PO-000561,PO_CREATED,Purchase order PO-000561 created in ERP
EVT-0000562,2026-02-13 00:00:00,PURCHASE_ORDER,PO-000562,PO_CREATED,Purchase order PO-000562 created in ERP
EVT-0000563,2026-04-14 00:00:00,PURCHASE_ORDER,PO-000563,PO_CREATED,Purchase order PO-000563 created in ERP
EVT-0000564,2026-05-27 00:00:00,PURCHASE_ORDER,PO-000564,PO_CREATED,Purchase order PO-000564 created in ERP
EVT-0000565,2026-01-28 00:00:00,PURCHASE_ORDER,PO-000565,PO_CREATED,Purchase order PO-000565 created in ERP
EVT-0000566,2026-06-10 00:00:00,PURCHASE_ORDER,PO-000566,PO_CREATED,Purchase order PO-000566 created in ERP
EVT-0000567,2026-02-19 00:00:00,PURCHASE_ORDER,PO-000567,PO_CREATED,Purchase order PO-000567 created in ERP
EVT-0000568,2026-05-04 00:00:00,PURCHASE_ORDER,PO-000568,PO_CREATED,Purchase order PO-000568 created in ERP
EVT-0000569,2026-02-12 00:00:00,PURCHASE_ORDER,PO-000569,PO_CREATED,Purchase order PO-000569 created in ERP
EVT-0000570,2026-03-17 00:00:00,PURCHASE_ORDER,PO-000570,PO_CREATED,Purchase order PO-000570 created in ERP
EVT-0000571,2026-02-24 00:00:00,PURCHASE_ORDER,PO-000571,PO_CREATED,Purchase order PO-000571 created in ERP
EVT-0000572,2026-05-27 00:00:00,PURCHASE_ORDER,PO-000572,PO_CREATED,Purchase order PO-000572 created in ERP
EVT-0000573,2026-06-14 00:00:00,PURCHASE_ORDER,PO-000573,PO_CREATED,Purchase order PO-000573 created in ERP
EVT-0000574,2026-05-07 00:00:00,PURCHASE_ORDER,PO-000574,PO_CREATED,Purchase order PO-000574 created in ERP
EVT-0000575,2026-01-23 00:00:00,PURCHASE_ORDER,PO-000575,PO_CREATED,Purchase order PO-000575 created in ERP
EVT-0000576,2026-03-09 00:00:00,PURCHASE_ORDER,PO-000576,PO_CREATED,Purchase order PO-000576 created in ERP
EVT-0000577,2026-06-19 00:00:00,PURCHASE_ORDER,PO-000577,PO_CREATED,Purchase order PO-000577 created in ERP
EVT-0000578,2026-04-30 00:00:00,PURCHASE_ORDER,PO-000578,PO_CREATED,Purchase order PO-000578 created in ERP
EVT-0000579,2026-07-19 00:00:00,PURCHASE_ORDER,PO-000579,PO_CREATED,Purchase order PO-000579 created in ERP
EVT-0000580,2026-06-19 00:00:00,PURCHASE_ORDER,PO-000580,PO_CREATED,Purchase order PO-000580 created in ERP
EVT-0000581,2026-06-16 00:00:00,PURCHASE_ORDER,PO-000581,PO_CREATED,Purchase order PO-000581 created in ERP
EVT-0000582,2026-06-15 00:00:00,PURCHASE_ORDER,PO-000582,PO_CREATED,Purchase order PO-000582 created in ERP
EVT-0000583,2026-04-11 00:00:00,PURCHASE_ORDER,PO-000583,PO_CREATED,Purchase order PO-000583 created in ERP
EVT-0000584,2026-08-07 00:00:00,PURCHASE_ORDER,PO-000584,PO_CREATED,Purchase order PO-000584 created in ERP
EVT-0000585,2026-01-06 00:00:00,PURCHASE_ORDER,PO-000585,PO_CREATED,Purchase order PO-000585 created in ERP
EVT-0000586,2026-05-06 00:00:00,PURCHASE_ORDER,PO-000586,PO_CREATED,Purchase order PO-000586 created in ERP
EVT-0000587,2026-05-15 00:00:00,PURCHASE_ORDER,PO-000587,PO_CREATED,Purchase order PO-000587 created in ERP
EVT-0000588,2026-05-20 00:00:00,PURCHASE_ORDER,PO-000588,PO_CREATED,Purchase order PO-000588 created in ERP
EVT-0000589,2026-04-02 00:00:00,PURCHASE_ORDER,PO-000589,PO_CREATED,Purchase order PO-000589 created in ERP
EVT-0000590,2026-01-11 00:00:00,PURCHASE_ORDER,PO-000590,PO_CREATED,Purchase order PO-000590 created in ERP
EVT-0000591,2026-05-08 00:00:00,PURCHASE_ORDER,PO-000591,PO_CREATED,Purchase order PO-000591 created in ERP
EVT-0000592,2026-01-02 00:00:00,PURCHASE_ORDER,PO-000592,PO_CREATED,Purchase order PO-000592 created in ERP
EVT-0000593,2026-01-23 00:00:00,PURCHASE_ORDER,PO-000593,PO_CREATED,Purchase order PO-000593 created in ERP
EVT-0000594,2026-08-20 00:00:00,PURCHASE_ORDER,PO-000594,PO_CREATED,Purchase order PO-000594 created in ERP
EVT-0000595,2026-01-22 00:00:00,PURCHASE_ORDER,PO-000595,PO_CREATED,Purchase order PO-000595 created in ERP
EVT-0000596,2026-04-20 00:00:00,PURCHASE_ORDER,PO-000596,PO_CREATED,Purchase order PO-000596 created in ERP
EVT-0000597,2026-08-03 00:00:00,PURCHASE_ORDER,PO-000597,PO_CREATED,Purchase order PO-000597 created in ERP
EVT-0000598,2026-02-04 00:00:00,PURCHASE_ORDER,PO-000598,PO_CREATED,Purchase order PO-000598 created in ERP
EVT-0000599,2026-05-02 00:00:00,PURCHASE_ORDER,PO-000599,PO_CREATED,Purchase order PO-000599 created in ERP
EVT-0000600,2026-05-02 00:00:00,PURCHASE_ORDER,PO-000600,PO_CREATED,Purchase order PO-000600 created in ERP
EVT-0000601,2026-06-28 00:00:00,PURCHASE_ORDER,PO-000601,PO_CREATED,Purchase order PO-000601 created in ERP
EVT-0000602,2026-03-31 00:00:00,PURCHASE_ORDER,PO-000602,PO_CREATED,Purchase order PO-000602 created in ERP
EVT-0000603,2026-07-03 00:00:00,PURCHASE_ORDER,PO-000603,PO_CREATED,Purchase order PO-000603 created in ERP
EVT-0000604,2026-05-30 00:00:00,PURCHASE_ORDER,PO-000604,PO_CREATED,Purchase order PO-000604 created in ERP
EVT-0000605,2026-05-08 00:00:00,PURCHASE_ORDER,PO-000605,PO_CREATED,Purchase order PO-000605 created in ERP
EVT-0000606,2026-08-25 00:00:00,PURCHASE_ORDER,PO-000606,PO_CREATED,Purchase order PO-000606 created in ERP
EVT-0000607,2026-07-27 00:00:00,PURCHASE_ORDER,PO-000607,PO_CREATED,Purchase order PO-000607 created in ERP
EVT-0000608,2026-07-25 00:00:00,PURCHASE_ORDER,PO-000608,PO_CREATED,Purchase order PO-000608 created in ERP
EVT-0000609,2026-05-17 00:00:00,PURCHASE_ORDER,PO-000609,PO_CREATED,Purchase order PO-000609 created in ERP
EVT-0000610,2026-02-05 00:00:00,PURCHASE_ORDER,PO-000610,PO_CREATED,Purchase order PO-000610 created in ERP
EVT-0000611,2026-03-30 00:00:00,PURCHASE_ORDER,PO-000611,PO_CREATED,Purchase order PO-000611 created in ERP
EVT-0000612,2026-05-08 00:00:00,PURCHASE_ORDER,PO-000612,PO_CREATED,Purchase order PO-000612 created in ERP
EVT-0000613,2026-01-30 00:00:00,PURCHASE_ORDER,PO-000613,PO_CREATED,Purchase order PO-000613 created in ERP
EVT-0000614,2026-01-20 00:00:00,PURCHASE_ORDER,PO-000614,PO_CREATED,Purchase order PO-000614 created in ERP
EVT-0000615,2026-06-18 00:00:00,PURCHASE_ORDER,PO-000615,PO_CREATED,Purchase order PO-000615 created in ERP
EVT-0000616,2026-04-24 00:00:00,PURCHASE_ORDER,PO-000616,PO_CREATED,Purchase order PO-000616 created in ERP
EVT-0000617,2026-08-04 00:00:00,PURCHASE_ORDER,PO-000617,PO_CREATED,Purchase order PO-000617 created in ERP
EVT-0000618,2026-03-18 00:00:00,PURCHASE_ORDER,PO-000618,PO_CREATED,Purchase order PO-000618 created in ERP
EVT-0000619,2026-01-12 00:00:00,PURCHASE_ORDER,PO-000619,PO_CREATED,Purchase order PO-000619 created in ERP
EVT-0000620,2026-07-27 00:00:00,PURCHASE_ORDER,PO-000620,PO_CREATED,Purchase order PO-000620 created in ERP
EVT-0000621,2026-05-22 00:00:00,PURCHASE_ORDER,PO-000621,PO_CREATED,Purchase order PO-000621 created in ERP
EVT-0000622,2026-06-18 00:00:00,PURCHASE_ORDER,PO-000622,PO_CREATED,Purchase order PO-000622 created in ERP
EVT-0000623,2026-04-23 00:00:00,PURCHASE_ORDER,PO-000623,PO_CREATED,Purchase order PO-000623 created in ERP
EVT-0000624,2026-02-02 00:00:00,PURCHASE_ORDER,PO-000624,PO_CREATED,Purchase order PO-000624 created in ERP
EVT-0000625,2026-01-16 00:00:00,PURCHASE_ORDER,PO-000625,PO_CREATED,Purchase order PO-000625 created in ERP
EVT-0000626,2026-03-25 00:00:00,PURCHASE_ORDER,PO-000626,PO_CREATED,Purchase order PO-000626 created in ERP
EVT-0000627,2026-03-27 00:00:00,PURCHASE_ORDER,PO-000627,PO_CREATED,Purchase order PO-000627 created in ERP
EVT-0000628,2026-04-08 00:00:00,PURCHASE_ORDER,PO-000628,PO_CREATED,Purchase order PO-000628 created in ERP
EVT-0000629,2026-06-05 00:00:00,PURCHASE_ORDER,PO-000629,PO_CREATED,Purchase order PO-000629 created in ERP
EVT-0000630,2026-04-01 00:00:00,PURCHASE_ORDER,PO-000630,PO_CREATED,Purchase order PO-000630 created in ERP
EVT-0000631,2026-07-23 00:00:00,PURCHASE_ORDER,PO-000631,PO_CREATED,Purchase order PO-000631 created in ERP
EVT-0000632,2026-06-11 00:00:00,PURCHASE_ORDER,PO-000632,PO_CREATED,Purchase order PO-000632 created in ERP
EVT-0000633,2026-01-07 00:00:00,PURCHASE_ORDER,PO-000633,PO_CREATED,Purchase order PO-000633 created in ERP
EVT-0000634,2026-06-01 00:00:00,PURCHASE_ORDER,PO-000634,PO_CREATED,Purchase order PO-000634 created in ERP
EVT-0000635,2026-03-16 00:00:00,PURCHASE_ORDER,PO-000635,PO_CREATED,Purchase order PO-000635 created in ERP
EVT-0000636,2026-05-11 00:00:00,PURCHASE_ORDER,PO-000636,PO_CREATED,Purchase order PO-000636 created in ERP
EVT-0000637,2026-03-15 00:00:00,PURCHASE_ORDER,PO-000637,PO_CREATED,Purchase order PO-000637 created in ERP
EVT-0000638,2026-03-15 00:00:00,PURCHASE_ORDER,PO-000638,PO_CREATED,Purchase order PO-000638 created in ERP
EVT-0000639,2026-01-08 00:00:00,PURCHASE_ORDER,PO-000639,PO_CREATED,Purchase order PO-000639 created in ERP
EVT-0000640,2026-03-17 00:00:00,PURCHASE_ORDER,PO-000640,PO_CREATED,Purchase order PO-000640 created in ERP
EVT-0000641,2026-08-17 00:00:00,PURCHASE_ORDER,PO-000641,PO_CREATED,Purchase order PO-000641 created in ERP
EVT-0000642,2026-03-04 00:00:00,PURCHASE_ORDER,PO-000642,PO_CREATED,Purchase order PO-000642 created in ERP
EVT-0000643,2026-05-13 00:00:00,PURCHASE_ORDER,PO-000643,PO_CREATED,Purchase order PO-000643 created in ERP
EVT-0000644,2026-01-10 00:00:00,PURCHASE_ORDER,PO-000644,PO_CREATED,Purchase order PO-000644 created in ERP
EVT-0000645,2026-01-29 00:00:00,PURCHASE_ORDER,PO-000645,PO_CREATED,Purchase order PO-000645 created in ERP
EVT-0000646,2026-08-16 00:00:00,PURCHASE_ORDER,PO-000646,PO_CREATED,Purchase order PO-000646 created in ERP
EVT-0000647,2026-07-27 00:00:00,PURCHASE_ORDER,PO-000647,PO_CREATED,Purchase order PO-000647 created in ERP
EVT-0000648,2026-02-03 00:00:00,PURCHASE_ORDER,PO-000648,PO_CREATED,Purchase order PO-000648 created in ERP
EVT-0000649,2026-05-13 00:00:00,PURCHASE_ORDER,PO-000649,PO_CREATED,Purchase order PO-000649 created in ERP
EVT-0000650,2026-08-29 00:00:00,PURCHASE_ORDER,PO-000650,PO_CREATED,Purchase order PO-000650 created in ERP
EVT-0000651,2026-01-07 00:00:00,PURCHASE_ORDER,PO-000651,PO_CREATED,Purchase order PO-000651 created in ERP
EVT-0000652,2026-08-09 00:00:00,PURCHASE_ORDER,PO-000652,PO_CREATED,Purchase order PO-000652 created in ERP
EVT-0000653,2026-04-07 00:00:00,PURCHASE_ORDER,PO-000653,PO_CREATED,Purchase order PO-000653 created in ERP
EVT-0000654,2026-04-06 00:00:00,PURCHASE_ORDER,PO-000654,PO_CREATED,Purchase order PO-000654 created in ERP
EVT-0000655,2026-04-14 00:00:00,PURCHASE_ORDER,PO-000655,PO_CREATED,Purchase order PO-000655 created in ERP
EVT-0000656,2026-08-12 00:00:00,PURCHASE_ORDER,PO-000656,PO_CREATED,Purchase order PO-000656 created in ERP
EVT-0000657,2026-02-12 00:00:00,PURCHASE_ORDER,PO-000657,PO_CREATED,Purchase order PO-000657 created in ERP
EVT-0000658,2026-07-11 00:00:00,PURCHASE_ORDER,PO-000658,PO_CREATED,Purchase order PO-000658 created in ERP
EVT-0000659,2026-04-29 00:00:00,PURCHASE_ORDER,PO-000659,PO_CREATED,Purchase order PO-000659 created in ERP
EVT-0000660,2026-02-21 00:00:00,PURCHASE_ORDER,PO-000660,PO_CREATED,Purchase order PO-000660 created in ERP
EVT-0000661,2026-05-30 00:00:00,PURCHASE_ORDER,PO-000661,PO_CREATED,Purchase order PO-000661 created in ERP
EVT-0000662,2026-07-26 00:00:00,PURCHASE_ORDER,PO-000662,PO_CREATED,Purchase order PO-000662 created in ERP
EVT-0000663,2026-03-24 00:00:00,PURCHASE_ORDER,PO-000663,PO_CREATED,Purchase order PO-000663 created in ERP
EVT-0000664,2026-04-07 00:00:00,PURCHASE_ORDER,PO-000664,PO_CREATED,Purchase order PO-000664 created in ERP
EVT-0000665,2026-05-23 00:00:00,PURCHASE_ORDER,PO-000665,PO_CREATED,Purchase order PO-000665 created in ERP
EVT-0000666,2026-08-27 00:00:00,PURCHASE_ORDER,PO-000666,PO_CREATED,Purchase order PO-000666 created in ERP
EVT-0000667,2026-05-09 00:00:00,PURCHASE_ORDER,PO-000667,PO_CREATED,Purchase order PO-000667 created in ERP
EVT-0000668,2026-03-12 00:00:00,PURCHASE_ORDER,PO-000668,PO_CREATED,Purchase order PO-000668 created in ERP
EVT-0000669,2026-08-08 00:00:00,PURCHASE_ORDER,PO-000669,PO_CREATED,Purchase order PO-000669 created in ERP
EVT-0000670,2026-08-29 00:00:00,PURCHASE_ORDER,PO-000670,PO_CREATED,Purchase order PO-000670 created in ERP
EVT-0000671,2026-04-24 00:00:00,PURCHASE_ORDER,PO-000671,PO_CREATED,Purchase order PO-000671 created in ERP
EVT-0000672,2026-07-16 00:00:00,PURCHASE_ORDER,PO-000672,PO_CREATED,Purchase order PO-000672 created in ERP
EVT-0000673,2026-02-15 00:00:00,PURCHASE_ORDER,PO-000673,PO_CREATED,Purchase order PO-000673 created in ERP
EVT-0000674,2026-05-18 00:00:00,PURCHASE_ORDER,PO-000674,PO_CREATED,Purchase order PO-000674 created in ERP
EVT-0000675,2026-05-13 00:00:00,PURCHASE_ORDER,PO-000675,PO_CREATED,Purchase order PO-000675 created in ERP
EVT-0000676,2026-03-20 00:00:00,PURCHASE_ORDER,PO-000676,PO_CREATED,Purchase order PO-000676 created in ERP
EVT-0000677,2026-05-02 00:00:00,PURCHASE_ORDER,PO-000677,PO_CREATED,Purchase order PO-000677 created in ERP
EVT-0000678,2026-02-11 00:00:00,PURCHASE_ORDER,PO-000678,PO_CREATED,Purchase order PO-000678 created in ERP
EVT-0000679,2026-02-12 00:00:00,PURCHASE_ORDER,PO-000679,PO_CREATED,Purchase order PO-000679 created in ERP
EVT-0000680,2026-01-02 00:00:00,PURCHASE_ORDER,PO-000680,PO_CREATED,Purchase order PO-000680 created in ERP
EVT-0000681,2026-06-30 00:00:00,PURCHASE_ORDER,PO-000681,PO_CREATED,Purchase order PO-000681 created in ERP
EVT-0000682,2026-03-29 00:00:00,PURCHASE_ORDER,PO-000682,PO_CREATED,Purchase order PO-000682 created in ERP
EVT-0000683,2026-04-18 00:00:00,PURCHASE_ORDER,PO-000683,PO_CREATED,Purchase order PO-000683 created in ERP
EVT-0000684,2026-07-25 00:00:00,PURCHASE_ORDER,PO-000684,PO_CREATED,Purchase order PO-000684 created in ERP
EVT-0000685,2026-07-19 00:00:00,PURCHASE_ORDER,PO-000685,PO_CREATED,Purchase order PO-000685 created in ERP
EVT-0000686,2026-04-22 00:00:00,PURCHASE_ORDER,PO-000686,PO_CREATED,Purchase order PO-000686 created in ERP
EVT-0000687,2026-03-06 00:00:00,PURCHASE_ORDER,PO-000687,PO_CREATED,Purchase order PO-000687 created in ERP
EVT-0000688,2026-04-25 00:00:00,PURCHASE_ORDER,PO-000688,PO_CREATED,Purchase order PO-000688 created in ERP
EVT-0000689,2026-01-22 00:00:00,PURCHASE_ORDER,PO-000689,PO_CREATED,Purchase order PO-000689 created in ERP
EVT-0000690,2026-03-25 00:00:00,PURCHASE_ORDER,PO-000690,PO_CREATED,Purchase order PO-000690 created in ERP
EVT-0000691,2026-01-06 00:00:00,PURCHASE_ORDER,PO-000691,PO_CREATED,Purchase order PO-000691 created in ERP
EVT-0000692,2026-06-27 00:00:00,PURCHASE_ORDER,PO-000692,PO_CREATED,Purchase order PO-000692 created in ERP
EVT-0000693,2026-04-29 00:00:00,PURCHASE_ORDER,PO-000693,PO_CREATED,Purchase order PO-000693 created in ERP
EVT-0000694,2026-06-06 00:00:00,PURCHASE_ORDER,PO-000694,PO_CREATED,Purchase order PO-000694 created in ERP
EVT-0000695,2026-06-11 00:00:00,PURCHASE_ORDER,PO-000695,PO_CREATED,Purchase order PO-000695 created in ERP
EVT-0000696,2026-01-08 00:00:00,PURCHASE_ORDER,PO-000696,PO_CREATED,Purchase order PO-000696 created in ERP
EVT-0000697,2026-02-24 00:00:00,PURCHASE_ORDER,PO-000697,PO_CREATED,Purchase order PO-000697 created in ERP
EVT-0000698,2026-06-11 00:00:00,PURCHASE_ORDER,PO-000698,PO_CREATED,Purchase order PO-000698 created in ERP
EVT-0000699,2026-02-18 00:00:00,PURCHASE_ORDER,PO-000699,PO_CREATED,Purchase order PO-000699 created in ERP
EVT-0000700,2026-06-25 00:00:00,PURCHASE_ORDER,PO-000700,PO_CREATED,Purchase order PO-000700 created in ERP
EVT-0000701,2026-04-28 00:00:00,PURCHASE_ORDER,PO-000701,PO_CREATED,Purchase order PO-000701 created in ERP
EVT-0000702,2026-06-25 00:00:00,PURCHASE_ORDER,PO-000702,PO_CREATED,Purchase order PO-000702 created in ERP
EVT-0000703,2026-08-10 00:00:00,PURCHASE_ORDER,PO-000703,PO_CREATED,Purchase order PO-000703 created in ERP
EVT-0000704,2026-07-14 00:00:00,PURCHASE_ORDER,PO-000704,PO_CREATED,Purchase order PO-000704 created in ERP
EVT-0000705,2026-04-28 00:00:00,PURCHASE_ORDER,PO-000705,PO_CREATED,Purchase order PO-000705 created in ERP
EVT-0000706,2026-07-14 00:00:00,PURCHASE_ORDER,PO-000706,PO_CREATED,Purchase order PO-000706 created in ERP
EVT-0000707,2026-05-26 00:00:00,PURCHASE_ORDER,PO-000707,PO_CREATED,Purchase order PO-000707 created in ERP
EVT-0000708,2026-05-03 00:00:00,PURCHASE_ORDER,PO-000708,PO_CREATED,Purchase order PO-000708 created in ERP
EVT-0000709,2026-03-29 00:00:00,PURCHASE_ORDER,PO-000709,PO_CREATED,Purchase order PO-000709 created in ERP
EVT-0000710,2026-08-04 00:00:00,PURCHASE_ORDER,PO-000710,PO_CREATED,Purchase order PO-000710 created in ERP
EVT-0000711,2026-07-24 00:00:00,PURCHASE_ORDER,PO-000711,PO_CREATED,Purchase order PO-000711 created in ERP
EVT-0000712,2026-07-10 00:00:00,PURCHASE_ORDER,PO-000712,PO_CREATED,Purchase order PO-000712 created in ERP
EVT-0000713,2026-03-23 00:00:00,PURCHASE_ORDER,PO-000713,PO_CREATED,Purchase order PO-000713 created in ERP
EVT-0000714,2026-03-18 00:00:00,PURCHASE_ORDER,PO-000714,PO_CREATED,Purchase order PO-000714 created in ERP
EVT-0000715,2026-01-01 00:00:00,PURCHASE_ORDER,PO-000715,PO_CREATED,Purchase order PO-000715 created in ERP
EVT-0000716,2026-06-10 00:00:00,PURCHASE_ORDER,PO-000716,PO_CREATED,Purchase order PO-000716 created in ERP
EVT-0000717,2026-03-23 00:00:00,PURCHASE_ORDER,PO-000717,PO_CREATED,Purchase order PO-000717 created in ERP
EVT-0000718,2026-03-24 00:00:00,PURCHASE_ORDER,PO-000718,PO_CREATED,Purchase order PO-000718 created in ERP
EVT-0000719,2026-04-05 00:00:00,PURCHASE_ORDER,PO-000719,PO_CREATED,Purchase order PO-000719 created in ERP
EVT-0000720,2026-02-23 00:00:00,PURCHASE_ORDER,PO-000720,PO_CREATED,Purchase order PO-000720 created in ERP
EVT-0000721,2026-07-05 00:00:00,PURCHASE_ORDER,PO-000721,PO_CREATED,Purchase order PO-000721 created in ERP
EVT-0000722,2026-01-16 00:00:00,PURCHASE_ORDER,PO-000722,PO_CREATED,Purchase order PO-000722 created in ERP
EVT-0000723,2026-04-23 00:00:00,PURCHASE_ORDER,PO-000723,PO_CREATED,Purchase order PO-000723 created in ERP
EVT-0000724,2026-03-07 00:00:00,PURCHASE_ORDER,PO-000724,PO_CREATED,Purchase order PO-000724 created in ERP
EVT-0000725,2026-01-09 00:00:00,PURCHASE_ORDER,PO-000725,PO_CREATED,Purchase order PO-000725 created in ERP
EVT-0000726,2026-04-30 00:00:00,PURCHASE_ORDER,PO-000726,PO_CREATED,Purchase order PO-000726 created in ERP
EVT-0000727,2026-04-20 00:00:00,PURCHASE_ORDER,PO-000727,PO_CREATED,Purchase order PO-000727 created in ERP
EVT-0000728,2026-07-19 00:00:00,PURCHASE_ORDER,PO-000728,PO_CREATED,Purchase order PO-000728 created in ERP
EVT-0000729,2026-02-11 00:00:00,PURCHASE_ORDER,PO-000729,PO_CREATED,Purchase order PO-000729 created in ERP
EVT-0000730,2026-04-25 00:00:00,PURCHASE_ORDER,PO-000730,PO_CREATED,Purchase order PO-000730 created in ERP
EVT-0000731,2026-07-11 00:00:00,PURCHASE_ORDER,PO-000731,PO_CREATED,Purchase order PO-000731 created in ERP
EVT-0000732,2026-04-13 00:00:00,PURCHASE_ORDER,PO-000732,PO_CREATED,Purchase order PO-000732 created in ERP
EVT-0000733,2026-02-02 00:00:00,PURCHASE_ORDER,PO-000733,PO_CREATED,Purchase order PO-000733 created in ERP
EVT-0000734,2026-08-21 00:00:00,PURCHASE_ORDER,PO-000734,PO_CREATED,Purchase order PO-000734 created in ERP
EVT-0000735,2026-08-22 00:00:00,PURCHASE_ORDER,PO-000735,PO_CREATED,Purchase order PO-000735 created in ERP
EVT-0000736,2026-08-08 00:00:00,PURCHASE_ORDER,PO-000736,PO_CREATED,Purchase order PO-000736 created in ERP
EVT-0000737,2026-05-03 00:00:00,PURCHASE_ORDER,PO-000737,PO_CREATED,Purchase order PO-000737 created in ERP
EVT-0000738,2026-03-06 00:00:00,PURCHASE_ORDER,PO-000738,PO_CREATED,Purchase order PO-000738 created in ERP
EVT-0000739,2026-08-02 00:00:00,PURCHASE_ORDER,PO-000739,PO_CREATED,Purchase order PO-000739 created in ERP
EVT-0000740,2026-03-07 00:00:00,PURCHASE_ORDER,PO-000740,PO_CREATED,Purchase order PO-000740 created in ERP
EVT-0000741,2026-03-20 00:00:00,PURCHASE_ORDER,PO-000741,PO_CREATED,Purchase order PO-000741 created in ERP
EVT-0000742,2026-05-25 00:00:00,PURCHASE_ORDER,PO-000742,PO_CREATED,Purchase order PO-000742 created in ERP
EVT-0000743,2026-03-13 00:00:00,PURCHASE_ORDER,PO-000743,PO_CREATED,Purchase order PO-000743 created in ERP
EVT-0000744,2026-01-16 00:00:00,PURCHASE_ORDER,PO-000744,PO_CREATED,Purchase order PO-000744 created in ERP
EVT-0000745,2026-01-19 00:00:00,PURCHASE_ORDER,PO-000745,PO_CREATED,Purchase order PO-000745 created in ERP
EVT-0000746,2026-01-03 00:00:00,PURCHASE_ORDER,PO-000746,PO_CREATED,Purchase order PO-000746 created in ERP
EVT-0000747,2026-05-19 00:00:00,PURCHASE_ORDER,PO-000747,PO_CREATED,Purchase order PO-000747 created in ERP
EVT-0000748,2026-07-14 00:00:00,PURCHASE_ORDER,PO-000748,PO_CREATED,Purchase order PO-000748 created in ERP
EVT-0000749,2026-04-18 00:00:00,PURCHASE_ORDER,PO-000749,PO_CREATED,Purchase order PO-000749 created in ERP
EVT-0000750,2026-06-20 00:00:00,PURCHASE_ORDER,PO-000750,PO_CREATED,Purchase order PO-000750 created in ERP
EVT-0000751,2026-05-27 00:00:00,PURCHASE_ORDER,PO-000751,PO_CREATED,Purchase order PO-000751 created in ERP
EVT-0000752,2026-03-25 00:00:00,PURCHASE_ORDER,PO-000752,PO_CREATED,Purchase order PO-000752 created in ERP
EVT-0000753,2026-03-23 00:00:00,PURCHASE_ORDER,PO-000753,PO_CREATED,Purchase order PO-000753 created in ERP
EVT-0000754,2026-07-13 00:00:00,PURCHASE_ORDER,PO-000754,PO_CREATED,Purchase order PO-000754 created in ERP
EVT-0000755,2026-01-24 00:00:00,PURCHASE_ORDER,PO-000755,PO_CREATED,Purchase order PO-000755 created in ERP
EVT-0000756,2026-03-04 00:00:00,PURCHASE_ORDER,PO-000756,PO_CREATED,Purchase order PO-000756 created in ERP
EVT-0000757,2026-02-07 00:00:00,PURCHASE_ORDER,PO-000757,PO_CREATED,Purchase order PO-000757 created in ERP
EVT-0000758,2026-04-16 00:00:00,PURCHASE_ORDER,PO-000758,PO_CREATED,Purchase order PO-000758 created in ERP
EVT-0000759,2026-01-27 00:00:00,PURCHASE_ORDER,PO-000759,PO_CREATED,Purchase order PO-000759 created in ERP
EVT-0000760,2026-08-18 00:00:00,PURCHASE_ORDER,PO-000760,PO_CREATED,Purchase order PO-000760 created in ERP
EVT-0000761,2026-08-18 00:00:00,PURCHASE_ORDER,PO-000761,PO_CREATED,Purchase order PO-000761 created in ERP
EVT-0000762,2026-07-18 00:00:00,PURCHASE_ORDER,PO-000762,PO_CREATED,Purchase order PO-000762 created in ERP
EVT-0000763,2026-02-16 00:00:00,PURCHASE_ORDER,PO-000763,PO_CREATED,Purchase order PO-000763 created in ERP
EVT-0000764,2026-03-28 00:00:00,PURCHASE_ORDER,PO-000764,PO_CREATED,Purchase order PO-000764 created in ERP
EVT-0000765,2026-08-08 00:00:00,PURCHASE_ORDER,PO-000765,PO_CREATED,Purchase order PO-000765 created in ERP
EVT-0000766,2026-08-17 00:00:00,PURCHASE_ORDER,PO-000766,PO_CREATED,Purchase order PO-000766 created in ERP
EVT-0000767,2026-08-19 00:00:00,PURCHASE_ORDER,PO-000767,PO_CREATED,Purchase order PO-000767 created in ERP
EVT-0000768,2026-03-05 00:00:00,PURCHASE_ORDER,PO-000768,PO_CREATED,Purchase order PO-000768 created in ERP
EVT-0000769,2026-04-14 00:00:00,PURCHASE_ORDER,PO-000769,PO_CREATED,Purchase order PO-000769 created in ERP
EVT-0000770,2026-06-14 00:00:00,PURCHASE_ORDER,PO-000770,PO_CREATED,Purchase order PO-000770 created in ERP
EVT-0000771,2026-07-30 00:00:00,PURCHASE_ORDER,PO-000771,PO_CREATED,Purchase order PO-000771 created in ERP
EVT-0000772,2026-05-07 00:00:00,PURCHASE_ORDER,PO-000772,PO_CREATED,Purchase order PO-000772 created in ERP
EVT-0000773,2026-06-18 00:00:00,PURCHASE_ORDER,PO-000773,PO_CREATED,Purchase order PO-000773 created in ERP
EVT-0000774,2026-08-14 00:00:00,PURCHASE_ORDER,PO-000774,PO_CREATED,Purchase order PO-000774 created in ERP
EVT-0000775,2026-03-06 00:00:00,PURCHASE_ORDER,PO-000775,PO_CREATED,Purchase order PO-000775 created in ERP
EVT-0000776,2026-08-19 00:00:00,PURCHASE_ORDER,PO-000776,PO_CREATED,Purchase order PO-000776 created in ERP
EVT-0000777,2026-01-28 00:00:00,PURCHASE_ORDER,PO-000777,PO_CREATED,Purchase order PO-000777 created in ERP
EVT-0000778,2026-08-02 00:00:00,PURCHASE_ORDER,PO-000778,PO_CREATED,Purchase order PO-000778 created in ERP
EVT-0000779,2026-06-19 00:00:00,PURCHASE_ORDER,PO-000779,PO_CREATED,Purchase order PO-000779 created in ERP
EVT-0000780,2026-04-11 00:00:00,PURCHASE_ORDER,PO-000780,PO_CREATED,Purchase order PO-000780 created in ERP
EVT-0000781,2026-01-18 00:00:00,PURCHASE_ORDER,PO-000781,PO_CREATED,Purchase order PO-000781 created in ERP
EVT-0000782,2026-02-06 00:00:00,PURCHASE_ORDER,PO-000782,PO_CREATED,Purchase order PO-000782 created in ERP
EVT-0000783,2026-08-08 00:00:00,PURCHASE_ORDER,PO-000783,PO_CREATED,Purchase order PO-000783 created in ERP
EVT-0000784,2026-04-26 00:00:00,PURCHASE_ORDER,PO-000784,PO_CREATED,Purchase order PO-000784 created in ERP
EVT-0000785,2026-02-06 00:00:00,PURCHASE_ORDER,PO-000785,PO_CREATED,Purchase order PO-000785 created in ERP
EVT-0000786,2026-04-29 00:00:00,PURCHASE_ORDER,PO-000786,PO_CREATED,Purchase order PO-000786 created in ERP
EVT-0000787,2026-01-14 00:00:00,PURCHASE_ORDER,PO-000787,PO_CREATED,Purchase order PO-000787 created in ERP
EVT-0000788,2026-03-11 00:00:00,PURCHASE_ORDER,PO-000788,PO_CREATED,Purchase order PO-000788 created in ERP
EVT-0000789,2026-02-21 00:00:00,PURCHASE_ORDER,PO-000789,PO_CREATED,Purchase order PO-000789 created in ERP
EVT-0000790,2026-02-10 00:00:00,PURCHASE_ORDER,PO-000790,PO_CREATED,Purchase order PO-000790 created in ERP
EVT-0000791,2026-05-30 00:00:00,PURCHASE_ORDER,PO-000791,PO_CREATED,Purchase order PO-000791 created in ERP
EVT-0000792,2026-02-04 00:00:00,PURCHASE_ORDER,PO-000792,PO_CREATED,Purchase order PO-000792 created in ERP
EVT-0000793,2026-04-04 00:00:00,PURCHASE_ORDER,PO-000793,PO_CREATED,Purchase order PO-000793 created in ERP
EVT-0000794,2026-03-27 00:00:00,PURCHASE_ORDER,PO-000794,PO_CREATED,Purchase order PO-000794 created in ERP
EVT-0000795,2026-04-08 00:00:00,PURCHASE_ORDER,PO-000795,PO_CREATED,Purchase order PO-000795 created in ERP
EVT-0000796,2026-01-06 00:00:00,PURCHASE_ORDER,PO-000796,PO_CREATED,Purchase order PO-000796 created in ERP
EVT-0000797,2026-07-08 00:00:00,PURCHASE_ORDER,PO-000797,PO_CREATED,Purchase order PO-000797 created in ERP
EVT-0000798,2026-02-17 00:00:00,PURCHASE_ORDER,PO-000798,PO_CREATED,Purchase order PO-000798 created in ERP
EVT-0000799,2026-06-10 00:00:00,PURCHASE_ORDER,PO-000799,PO_CREATED,Purchase order PO-000799 created in ERP
EVT-0000800,2026-02-20 00:00:00,PURCHASE_ORDER,PO-000800,PO_CREATED,Purchase order PO-000800 created in ERP
EVT-0000801,2026-06-12 00:00:00,PURCHASE_ORDER,PO-000801,PO_CREATED,Purchase order PO-000801 created in ERP
EVT-0000802,2026-01-04 00:00:00,PURCHASE_ORDER,PO-000802,PO_CREATED,Purchase order PO-000802 created in ERP
EVT-0000803,2026-02-28 00:00:00,PURCHASE_ORDER,PO-000803,PO_CREATED,Purchase order PO-000803 created in ERP
EVT-0000804,2026-04-13 00:00:00,PURCHASE_ORDER,PO-000804,PO_CREATED,Purchase order PO-000804 created in ERP
EVT-0000805,2026-05-08 00:00:00,PURCHASE_ORDER,PO-000805,PO_CREATED,Purchase order PO-000805 created in ERP
EVT-0000806,2026-02-06 00:00:00,PURCHASE_ORDER,PO-000806,PO_CREATED,Purchase order PO-000806 created in ERP
EVT-0000807,2026-05-16 00:00:00,PURCHASE_ORDER,PO-000807,PO_CREATED,Purchase order PO-000807 created in ERP
EVT-0000808,2026-08-21 00:00:00,PURCHASE_ORDER,PO-000808,PO_CREATED,Purchase order PO-000808 created in ERP
EVT-0000809,2026-06-09 00:00:00,PURCHASE_ORDER,PO-000809,PO_CREATED,Purchase order PO-000809 created in ERP
EVT-0000810,2026-03-23 00:00:00,PURCHASE_ORDER,PO-000810,PO_CREATED,Purchase order PO-000810 created in ERP
EVT-0000811,2026-07-22 00:00:00,PURCHASE_ORDER,PO-000811,PO_CREATED,Purchase order PO-000811 created in ERP
EVT-0000812,2026-07-14 00:00:00,PURCHASE_ORDER,PO-000812,PO_CREATED,Purchase order PO-000812 created in ERP
EVT-0000813,2026-06-15 00:00:00,PURCHASE_ORDER,PO-000813,PO_CREATED,Purchase order PO-000813 created in ERP
EVT-0000814,2026-08-29 00:00:00,PURCHASE_ORDER,PO-000814,PO_CREATED,Purchase order PO-000814 created in ERP
EVT-0000815,2026-07-28 00:00:00,PURCHASE_ORDER,PO-000815,PO_CREATED,Purchase order PO-000815 created in ERP
EVT-0000816,2026-06-14 00:00:00,PURCHASE_ORDER,PO-000816,PO_CREATED,Purchase order PO-000816 created in ERP
EVT-0000817,2026-02-28 00:00:00,PURCHASE_ORDER,PO-000817,PO_CREATED,Purchase order PO-000817 created in ERP
EVT-0000818,2026-08-02 00:00:00,PURCHASE_ORDER,PO-000818,PO_CREATED,Purchase order PO-000818 created in ERP
EVT-0000819,2026-07-25 00:00:00,PURCHASE_ORDER,PO-000819,PO_CREATED,Purchase order PO-000819 created in ERP
EVT-0000820,2026-02-25 00:00:00,PURCHASE_ORDER,PO-000820,PO_CREATED,Purchase order PO-000820 created in ERP
EVT-0000821,2026-07-04 00:00:00,PURCHASE_ORDER,PO-000821,PO_CREATED,Purchase order PO-000821 created in ERP
EVT-0000822,2026-08-07 00:00:00,PURCHASE_ORDER,PO-000822,PO_CREATED,Purchase order PO-000822 created in ERP
EVT-0000823,2026-01-25 00:00:00,PURCHASE_ORDER,PO-000823,PO_CREATED,Purchase order PO-000823 created in ERP
EVT-0000824,2026-03-09 00:00:00,PURCHASE_ORDER,PO-000824,PO_CREATED,Purchase order PO-000824 created in ERP
EVT-0000825,2026-07-05 00:00:00,PURCHASE_ORDER,PO-000825,PO_CREATED,Purchase order PO-000825 created in ERP
EVT-0000826,2026-01-04 00:00:00,PURCHASE_ORDER,PO-000826,PO_CREATED,Purchase order PO-000826 created in ERP
EVT-0000827,2026-08-12 00:00:00,PURCHASE_ORDER,PO-000827,PO_CREATED,Purchase order PO-000827 created in ERP
EVT-0000828,2026-07-22 00:00:00,PURCHASE_ORDER,PO-000828,PO_CREATED,Purchase order PO-000828 created in ERP
EVT-0000829,2026-05-29 00:00:00,PURCHASE_ORDER,PO-000829,PO_CREATED,Purchase order PO-000829 created in ERP
EVT-0000830,2026-08-16 00:00:00,PURCHASE_ORDER,PO-000830,PO_CREATED,Purchase order PO-000830 created in ERP
EVT-0000831,2026-08-14 00:00:00,PURCHASE_ORDER,PO-000831,PO_CREATED,Purchase order PO-000831 created in ERP
EVT-0000832,2026-06-20 00:00:00,PURCHASE_ORDER,PO-000832,PO_CREATED,Purchase order PO-000832 created in ERP
EVT-0000833,2026-02-09 00:00:00,PURCHASE_ORDER,PO-000833,PO_CREATED,Purchase order PO-000833 created in ERP
EVT-0000834,2026-03-03 00:00:00,PURCHASE_ORDER,PO-000834,PO_CREATED,Purchase order PO-000834 created in ERP
EVT-0000835,2026-01-18 00:00:00,PURCHASE_ORDER,PO-000835,PO_CREATED,Purchase order PO-000835 created in ERP
EVT-0000836,2026-01-08 00:00:00,PURCHASE_ORDER,PO-000836,PO_CREATED,Purchase order PO-000836 created in ERP
EVT-0000837,2026-07-11 00:00:00,PURCHASE_ORDER,PO-000837,PO_CREATED,Purchase order PO-000837 created in ERP
EVT-0000838,2026-01-25 00:00:00,PURCHASE_ORDER,PO-000838,PO_CREATED,Purchase order PO-000838 created in ERP
EVT-0000839,2026-06-28 00:00:00,PURCHASE_ORDER,PO-000839,PO_CREATED,Purchase order PO-000839 created in ERP
EVT-0000840,2026-02-20 00:00:00,PURCHASE_ORDER,PO-000840,PO_CREATED,Purchase order PO-000840 created in ERP
EVT-0000841,2026-03-29 00:00:00,PURCHASE_ORDER,PO-000841,PO_CREATED,Purchase order PO-000841 created in ERP
EVT-0000842,2026-01-06 00:00:00,PURCHASE_ORDER,PO-000842,PO_CREATED,Purchase order PO-000842 created in ERP
EVT-0000843,2026-01-18 00:00:00,PURCHASE_ORDER,PO-000843,PO_CREATED,Purchase order PO-000843 created in ERP
EVT-0000844,2026-05-03 00:00:00,PURCHASE_ORDER,PO-000844,PO_CREATED,Purchase order PO-000844 created in ERP
EVT-0000845,2026-08-09 00:00:00,PURCHASE_ORDER,PO-000845,PO_CREATED,Purchase order PO-000845 created in ERP
EVT-0000846,2026-02-07 00:00:00,PURCHASE_ORDER,PO-000846,PO_CREATED,Purchase order PO-000846 created in ERP
EVT-0000847,2026-04-15 00:00:00,PURCHASE_ORDER,PO-000847,PO_CREATED,Purchase order PO-000847 created in ERP
EVT-0000848,2026-06-05 00:00:00,PURCHASE_ORDER,PO-000848,PO_CREATED,Purchase order PO-000848 created in ERP
EVT-0000849,2026-04-17 00:00:00,PURCHASE_ORDER,PO-000849,PO_CREATED,Purchase order PO-000849 created in ERP
EVT-0000850,2026-08-24 00:00:00,PURCHASE_ORDER,PO-000850,PO_CREATED,Purchase order PO-000850 created in ERP
EVT-0000851,2026-08-21 00:00:00,PURCHASE_ORDER,PO-000851,PO_CREATED,Purchase order PO-000851 created in ERP
EVT-0000852,2026-02-22 00:00:00,PURCHASE_ORDER,PO-000852,PO_CREATED,Purchase order PO-000852 created in ERP
EVT-0000853,2026-04-06 00:00:00,PURCHASE_ORDER,PO-000853,PO_CREATED,Purchase order PO-000853 created in ERP
EVT-0000854,2026-08-26 00:00:00,PURCHASE_ORDER,PO-000854,PO_CREATED,Purchase order PO-000854 created in ERP
EVT-0000855,2026-02-02 00:00:00,PURCHASE_ORDER,PO-000855,PO_CREATED,Purchase order PO-000855 created in ERP
EVT-0000856,2026-06-08 00:00:00,PURCHASE_ORDER,PO-000856,PO_CREATED,Purchase order PO-000856 created in ERP
EVT-0000857,2026-07-27 00:00:00,PURCHASE_ORDER,PO-000857,PO_CREATED,Purchase order PO-000857 created in ERP
EVT-0000858,2026-06-21 00:00:00,PURCHASE_ORDER,PO-000858,PO_CREATED,Purchase order PO-000858 created in ERP
EVT-0000859,2026-05-08 00:00:00,PURCHASE_ORDER,PO-000859,PO_CREATED,Purchase order PO-000859 created in ERP
EVT-0000860,2026-01-07 00:00:00,PURCHASE_ORDER,PO-000860,PO_CREATED,Purchase order PO-000860 created in ERP
EVT-0000861,2026-01-06 00:00:00,PURCHASE_ORDER,PO-000861,PO_CREATED,Purchase order PO-000861 created in ERP
EVT-0000862,2026-01-24 00:00:00,PURCHASE_ORDER,PO-000862,PO_CREATED,Purchase order PO-000862 created in ERP
EVT-0000863,2026-04-26 00:00:00,PURCHASE_ORDER,PO-000863,PO_CREATED,Purchase order PO-000863 created in ERP
EVT-0000864,2026-01-18 00:00:00,PURCHASE_ORDER,PO-000864,PO_CREATED,Purchase order PO-000864 created in ERP
EVT-0000865,2026-03-25 00:00:00,PURCHASE_ORDER,PO-000865,PO_CREATED,Purchase order PO-000865 created in ERP
EVT-0000866,2026-02-09 00:00:00,PURCHASE_ORDER,PO-000866,PO_CREATED,Purchase order PO-000866 created in ERP
EVT-0000867,2026-05-16 00:00:00,PURCHASE_ORDER,PO-000867,PO_CREATED,Purchase order PO-000867 created in ERP
EVT-0000868,2026-04-08 00:00:00,PURCHASE_ORDER,PO-000868,PO_CREATED,Purchase order PO-000868 created in ERP
EVT-0000869,2026-04-26 00:00:00,PURCHASE_ORDER,PO-000869,PO_CREATED,Purchase order PO-000869 created in ERP
EVT-0000870,2026-03-04 00:00:00,PURCHASE_ORDER,PO-000870,PO_CREATED,Purchase order PO-000870 created in ERP
EVT-0000871,2026-02-19 00:00:00,PURCHASE_ORDER,PO-000871,PO_CREATED,Purchase order PO-000871 created in ERP
EVT-0000872,2026-01-07 00:00:00,PURCHASE_ORDER,PO-000872,PO_CREATED,Purchase order PO-000872 created in ERP
EVT-0000873,2026-04-23 00:00:00,PURCHASE_ORDER,PO-000873,PO_CREATED,Purchase order PO-000873 created in ERP
EVT-0000874,2026-02-04 00:00:00,PURCHASE_ORDER,PO-000874,PO_CREATED,Purchase order PO-000874 created in ERP
EVT-0000875,2026-06-07 00:00:00,PURCHASE_ORDER,PO-000875,PO_CREATED,Purchase order PO-000875 created in ERP
EVT-0000876,2026-07-25 00:00:00,PURCHASE_ORDER,PO-000876,PO_CREATED,Purchase order PO-000876 created in ERP
EVT-0000877,2026-04-18 00:00:00,PURCHASE_ORDER,PO-000877,PO_CREATED,Purchase order PO-000877 created in ERP
EVT-0000878,2026-08-26 00:00:00,PURCHASE_ORDER,PO-000878,PO_CREATED,Purchase order PO-000878 created in ERP
EVT-0000879,2026-03-28 00:00:00,PURCHASE_ORDER,PO-000879,PO_CREATED,Purchase order PO-000879 created in ERP
EVT-0000880,2026-01-11 00:00:00,PURCHASE_ORDER,PO-000880,PO_CREATED,Purchase order PO-000880 created in ERP
EVT-0000881,2026-08-01 00:00:00,PURCHASE_ORDER,PO-000881,PO_CREATED,Purchase order PO-000881 created in ERP
EVT-0000882,2026-06-05 00:00:00,PURCHASE_ORDER,PO-000882,PO_CREATED,Purchase order PO-000882 created in ERP
EVT-0000883,2026-04-02 00:00:00,PURCHASE_ORDER,PO-000883,PO_CREATED,Purchase order PO-000883 created in ERP
EVT-0000884,2026-02-07 00:00:00,PURCHASE_ORDER,PO-000884,PO_CREATED,Purchase order PO-000884 created in ERP
EVT-0000885,2026-08-28 00:00:00,PURCHASE_ORDER,PO-000885,PO_CREATED,Purchase order PO-000885 created in ERP
EVT-0000886,2026-01-09 00:00:00,PURCHASE_ORDER,PO-000886,PO_CREATED,Purchase order PO-000886 created in ERP
EVT-0000887,2026-02-07 00:00:00,PURCHASE_ORDER,PO-000887,PO_CREATED,Purchase order PO-000887 created in ERP
EVT-0000888,2026-07-24 00:00:00,PURCHASE_ORDER,PO-000888,PO_CREATED,Purchase order PO-000888 created in ERP
EVT-0000889,2026-06-24 00:00:00,PURCHASE_ORDER,PO-000889,PO_CREATED,Purchase order PO-000889 created in ERP
EVT-0000890,2026-01-05 00:00:00,PURCHASE_ORDER,PO-000890,PO_CREATED,Purchase order PO-000890 created in ERP
EVT-0000891,2026-02-26 00:00:00,PURCHASE_ORDER,PO-000891,PO_CREATED,Purchase order PO-000891 created in ERP
EVT-0000892,2026-05-08 00:00:00,PURCHASE_ORDER,PO-000892,PO_CREATED,Purchase order PO-000892 created in ERP
EVT-0000893,2026-08-27 00:00:00,PURCHASE_ORDER,PO-000893,PO_CREATED,Purchase order PO-000893 created in ERP
EVT-0000894,2026-03-21 00:00:00,PURCHASE_ORDER,PO-000894,PO_CREATED,Purchase order PO-000894 created in ERP
EVT-0000895,2026-02-15 00:00:00,PURCHASE_ORDER,PO-000895,PO_CREATED,Purchase order PO-000895 created in ERP
EVT-0000896,2026-08-22 00:00:00,PURCHASE_ORDER,PO-000896,PO_CREATED,Purchase order PO-000896 created in ERP
EVT-0000897,2026-05-03 00:00:00,PURCHASE_ORDER,PO-000897,PO_CREATED,Purchase order PO-000897 created in ERP
EVT-0000898,2026-02-24 00:00:00,PURCHASE_ORDER,PO-000898,PO_CREATED,Purchase order PO-000898 created in ERP
EVT-0000899,2026-02-20 00:00:00,PURCHASE_ORDER,PO-000899,PO_CREATED,Purchase order PO-000899 created in ERP
EVT-0000900,2026-01-31 00:00:00,PURCHASE_ORDER,PO-000900,PO_CREATED,Purchase order PO-000900 created in ERP
EVT-0000901,2026-01-20 00:00:00,PURCHASE_ORDER,PO-000901,PO_CREATED,Purchase order PO-000901 created in ERP
EVT-0000902,2026-03-25 00:00:00,PURCHASE_ORDER,PO-000902,PO_CREATED,Purchase order PO-000902 created in ERP
EVT-0000903,2026-05-30 00:00:00,PURCHASE_ORDER,PO-000903,PO_CREATED,Purchase order PO-000903 created in ERP
EVT-0000904,2026-08-21 00:00:00,PURCHASE_ORDER,PO-000904,PO_CREATED,Purchase order PO-000904 created in ERP
EVT-0000905,2026-03-10 00:00:00,PURCHASE_ORDER,PO-000905,PO_CREATED,Purchase order PO-000905 created in ERP
EVT-0000906,2026-04-14 00:00:00,PURCHASE_ORDER,PO-000906,PO_CREATED,Purchase order PO-000906 created in ERP
EVT-0000907,2026-02-13 00:00:00,PURCHASE_ORDER,PO-000907,PO_CREATED,Purchase order PO-000907 created in ERP
EVT-0000908,2026-06-06 00:00:00,PURCHASE_ORDER,PO-000908,PO_CREATED,Purchase order PO-000908 created in ERP
EVT-0000909,2026-01-30 00:00:00,PURCHASE_ORDER,PO-000909,PO_CREATED,Purchase order PO-000909 created in ERP
EVT-0000910,2026-06-16 00:00:00,PURCHASE_ORDER,PO-000910,PO_CREATED,Purchase order PO-000910 created in ERP
EVT-0000911,2026-07-05 00:00:00,PURCHASE_ORDER,PO-000911,PO_CREATED,Purchase order PO-000911 created in ERP
EVT-0000912,2026-05-06 00:00:00,PURCHASE_ORDER,PO-000912,PO_CREATED,Purchase order PO-000912 created in ERP
EVT-0000913,2026-05-02 00:00:00,PURCHASE_ORDER,PO-000913,PO_CREATED,Purchase order PO-000913 created in ERP
EVT-0000914,2026-01-29 00:00:00,PURCHASE_ORDER,PO-000914,PO_CREATED,Purchase order PO-000914 created in ERP
EVT-0000915,2026-06-10 00:00:00,PURCHASE_ORDER,PO-000915,PO_CREATED,Purchase order PO-000915 created in ERP
EVT-0000916,2026-07-04 00:00:00,PURCHASE_ORDER,PO-000916,PO_CREATED,Purchase order PO-000916 created in ERP
EVT-0000917,2026-04-02 00:00:00,PURCHASE_ORDER,PO-000917,PO_CREATED,Purchase order PO-000917 created in ERP
EVT-0000918,2026-01-27 00:00:00,PURCHASE_ORDER,PO-000918,PO_CREATED,Purchase order PO-000918 created in ERP
EVT-0000919,2026-06-14 00:00:00,PURCHASE_ORDER,PO-000919,PO_CREATED,Purchase order PO-000919 created in ERP
EVT-0000920,2026-06-26 00:00:00,PURCHASE_ORDER,PO-000920,PO_CREATED,Purchase order PO-000920 created in ERP
EVT-0000921,2026-08-25 00:00:00,PURCHASE_ORDER,PO-000921,PO_CREATED,Purchase order PO-000921 created in ERP
EVT-0000922,2026-01-16 00:00:00,PURCHASE_ORDER,PO-000922,PO_CREATED,Purchase order PO-000922 created in ERP
EVT-0000923,2026-05-02 00:00:00,PURCHASE_ORDER,PO-000923,PO_CREATED,Purchase order PO-000923 created in ERP
EVT-0000924,2026-08-15 00:00:00,PURCHASE_ORDER,PO-000924,PO_CREATED,Purchase order PO-000924 created in ERP
EVT-0000925,2026-05-24 00:00:00,PURCHASE_ORDER,PO-000925,PO_CREATED,Purchase order PO-000925 created in ERP
EVT-0000926,2026-05-11 00:00:00,PURCHASE_ORDER,PO-000926,PO_CREATED,Purchase order PO-000926 created in ERP
EVT-0000927,2026-01-12 00:00:00,PURCHASE_ORDER,PO-000927,PO_CREATED,Purchase order PO-000927 created in ERP
EVT-0000928,2026-04-28 00:00:00,PURCHASE_ORDER,PO-000928,PO_CREATED,Purchase order PO-000928 created in ERP
EVT-0000929,2026-01-15 00:00:00,PURCHASE_ORDER,PO-000929,PO_CREATED,Purchase order PO-000929 created in ERP
EVT-0000930,2026-06-03 00:00:00,PURCHASE_ORDER,PO-000930,PO_CREATED,Purchase order PO-000930 created in ERP
EVT-0000931,2026-01-01 00:00:00,PURCHASE_ORDER,PO-000931,PO_CREATED,Purchase order PO-000931 created in ERP
EVT-0000932,2026-07-30 00:00:00,PURCHASE_ORDER,PO-000932,PO_CREATED,Purchase order PO-000932 created in ERP
EVT-0000933,2026-04-16 00:00:00,PURCHASE_ORDER,PO-000933,PO_CREATED,Purchase order PO-000933 created in ERP
EVT-0000934,2026-08-08 00:00:00,PURCHASE_ORDER,PO-000934,PO_CREATED,Purchase order PO-000934 created in ERP
EVT-0000935,2026-04-15 00:00:00,PURCHASE_ORDER,PO-000935,PO_CREATED,Purchase order PO-000935 created in ERP
EVT-0000936,2026-08-12 00:00:00,PURCHASE_ORDER,PO-000936,PO_CREATED,Purchase order PO-000936 created in ERP
EVT-0000937,2026-08-10 00:00:00,PURCHASE_ORDER,PO-000937,PO_CREATED,Purchase order PO-000937 created in ERP
EVT-0000938,2026-05-12 00:00:00,PURCHASE_ORDER,PO-000938,PO_CREATED,Purchase order PO-000938 created in ERP
EVT-0000939,2026-08-01 00:00:00,PURCHASE_ORDER,PO-000939,PO_CREATED,Purchase order PO-000939 created in ERP
EVT-0000940,2026-02-23 00:00:00,PURCHASE_ORDER,PO-000940,PO_CREATED,Purchase order PO-000940 created in ERP
EVT-0000941,2026-05-15 00:00:00,PURCHASE_ORDER,PO-000941,PO_CREATED,Purchase order PO-000941 created in ERP
EVT-0000942,2026-05-07 00:00:00,PURCHASE_ORDER,PO-000942,PO_CREATED,Purchase order PO-000942 created in ERP
EVT-0000943,2026-01-03 00:00:00,PURCHASE_ORDER,PO-000943,PO_CREATED,Purchase order PO-000943 created in ERP
EVT-0000944,2026-08-03 00:00:00,PURCHASE_ORDER,PO-000944,PO_CREATED,Purchase order PO-000944 created in ERP
EVT-0000945,2026-08-14 00:00:00,PURCHASE_ORDER,PO-000945,PO_CREATED,Purchase order PO-000945 created in ERP
EVT-0000946,2026-05-31 00:00:00,PURCHASE_ORDER,PO-000946,PO_CREATED,Purchase order PO-000946 created in ERP
EVT-0000947,2026-03-28 00:00:00,PURCHASE_ORDER,PO-000947,PO_CREATED,Purchase order PO-000947 created in ERP
EVT-0000948,2026-05-13 00:00:00,PURCHASE_ORDER,PO-000948,PO_CREATED,Purchase order PO-000948 created in ERP
EVT-0000949,2026-07-29 00:00:00,PURCHASE_ORDER,PO-000949,PO_CREATED,Purchase order PO-000949 created in ERP
EVT-0000950,2026-04-19 00:00:00,PURCHASE_ORDER,PO-000950,PO_CREATED,Purchase order PO-000950 created in ERP
EVT-0000951,2026-07-19 00:00:00,PURCHASE_ORDER,PO-000951,PO_CREATED,Purchase order PO-000951 created in ERP
EVT-0000952,2026-04-26 00:00:00,PURCHASE_ORDER,PO-000952,PO_CREATED,Purchase order PO-000952 created in ERP
EVT-0000953,2026-03-15 00:00:00,PURCHASE_ORDER,PO-000953,PO_CREATED,Purchase order PO-000953 created in ERP
EVT-0000954,2026-03-26 00:00:00,PURCHASE_ORDER,PO-000954,PO_CREATED,Purchase order PO-000954 created in ERP
EVT-0000955,2026-01-28 00:00:00,PURCHASE_ORDER,PO-000955,PO_CREATED,Purchase order PO-000955 created in ERP
EVT-0000956,2026-06-14 00:00:00,PURCHASE_ORDER,PO-000956,PO_CREATED,Purchase order PO-000956 created in ERP
EVT-0000957,2026-02-06 00:00:00,PURCHASE_ORDER,PO-000957,PO_CREATED,Purchase order PO-000957 created in ERP
EVT-0000958,2026-08-25 00:00:00,PURCHASE_ORDER,PO-000958,PO_CREATED,Purchase order PO-000958 created in ERP
EVT-0000959,2026-08-02 00:00:00,PURCHASE_ORDER,PO-000959,PO_CREATED,Purchase order PO-000959 created in ERP
EVT-0000960,2026-05-09 00:00:00,PURCHASE_ORDER,PO-000960,PO_CREATED,Purchase order PO-000960 created in ERP
EVT-0000961,2026-08-08 00:00:00,PURCHASE_ORDER,PO-000961,PO_CREATED,Purchase order PO-000961 created in ERP
EVT-0000962,2026-07-02 00:00:00,PURCHASE_ORDER,PO-000962,PO_CREATED,Purchase order PO-000962 created in ERP
EVT-0000963,2026-01-18 00:00:00,PURCHASE_ORDER,PO-000963,PO_CREATED,Purchase order PO-000963 created in ERP
EVT-0000964,2026-05-20 00:00:00,PURCHASE_ORDER,PO-000964,PO_CREATED,Purchase order PO-000964 created in ERP
EVT-0000965,2026-04-08 00:00:00,PURCHASE_ORDER,PO-000965,PO_CREATED,Purchase order PO-000965 created in ERP
EVT-0000966,2026-01-20 00:00:00,PURCHASE_ORDER,PO-000966,PO_CREATED,Purchase order PO-000966 created in ERP
EVT-0000967,2026-04-26 00:00:00,PURCHASE_ORDER,PO-000967,PO_CREATED,Purchase order PO-000967 created in ERP
EVT-0000968,2026-07-09 00:00:00,PURCHASE_ORDER,PO-000968,PO_CREATED,Purchase order PO-000968 created in ERP
EVT-0000969,2026-02-13 00:00:00,PURCHASE_ORDER,PO-000969,PO_CREATED,Purchase order PO-000969 created in ERP
EVT-0000970,2026-04-14 00:00:00,PURCHASE_ORDER,PO-000970,PO_CREATED,Purchase order PO-000970 created in ERP
EVT-0000971,2026-06-23 00:00:00,PURCHASE_ORDER,PO-000971,PO_CREATED,Purchase order PO-000971 created in ERP
EVT-0000972,2026-07-07 00:00:00,PURCHASE_ORDER,PO-000972,PO_CREATED,Purchase order PO-000972 created in ERP
EVT-0000973,2026-05-23 00:00:00,PURCHASE_ORDER,PO-000973,PO_CREATED,Purchase order PO-000973 created in ERP
EVT-0000974,2026-06-19 00:00:00,PURCHASE_ORDER,PO-000974,PO_CREATED,Purchase order PO-000974 created in ERP
EVT-0000975,2026-08-25 00:00:00,PURCHASE_ORDER,PO-000975,PO_CREATED,Purchase order PO-000975 created in ERP
EVT-0000976,2026-05-10 00:00:00,PURCHASE_ORDER,PO-000976,PO_CREATED,Purchase order PO-000976 created in ERP
EVT-0000977,2026-06-24 00:00:00,PURCHASE_ORDER,PO-000977,PO_CREATED,Purchase order PO-000977 created in ERP
EVT-0000978,2026-08-19 00:00:00,PURCHASE_ORDER,PO-000978,PO_CREATED,Purchase order PO-000978 created in ERP
EVT-0000979,2026-06-24 00:00:00,PURCHASE_ORDER,PO-000979,PO_CREATED,Purchase order PO-000979 created in ERP
EVT-0000980,2026-04-14 00:00:00,PURCHASE_ORDER,PO-000980,PO_CREATED,Purchase order PO-000980 created in ERP
EVT-0000981,2026-05-13 00:00:00,PURCHASE_ORDER,PO-000981,PO_CREATED,Purchase order PO-000981 created in ERP
EVT-0000982,2026-08-22 00:00:00,PURCHASE_ORDER,PO-000982,PO_CREATED,Purchase order PO-000982 created in ERP
EVT-0000983,2026-02-23 00:00:00,PURCHASE_ORDER,PO-000983,PO_CREATED,Purchase order PO-000983 created in ERP
EVT-0000984,2026-07-24 00:00:00,PURCHASE_ORDER,PO-000984,PO_CREATED,Purchase order PO-000984 created in ERP
EVT-0000985,2026-01-10 00:00:00,PURCHASE_ORDER,PO-000985,PO_CREATED,Purchase order PO-000985 created in ERP
EVT-0000986,2026-05-23 00:00:00,PURCHASE_ORDER,PO-000986,PO_CREATED,Purchase order PO-000986 created in ERP
EVT-0000987,2026-04-04 00:00:00,PURCHASE_ORDER,PO-000987,PO_CREATED,Purchase order PO-000987 created in ERP
EVT-0000988,2026-05-31 00:00:00,PURCHASE_ORDER,PO-000988,PO_CREATED,Purchase order PO-000988 created in ERP
EVT-0000989,2026-01-02 00:00:00,PURCHASE_ORDER,PO-000989,PO_CREATED,Purchase order PO-000989 created in ERP
EVT-0000990,2026-03-14 00:00:00,PURCHASE_ORDER,PO-000990,PO_CREATED,Purchase order PO-000990 created in ERP
EVT-0000991,2026-03-15 00:00:00,PURCHASE_ORDER,PO-000991,PO_CREATED,Purchase order PO-000991 created in ERP
EVT-0000992,2026-06-09 00:00:00,PURCHASE_ORDER,PO-000992,PO_CREATED,Purchase order PO-000992 created in ERP
EVT-0000993,2026-07-03 00:00:00,PURCHASE_ORDER,PO-000993,PO_CREATED,Purchase order PO-000993 created in ERP
EVT-0000994,2026-06-20 00:00:00,PURCHASE_ORDER,PO-000994,PO_CREATED,Purchase order PO-000994 created in ERP
EVT-0000995,2026-04-08 00:00:00,PURCHASE_ORDER,PO-000995,PO_CREATED,Purchase order PO-000995 created in ERP
EVT-0000996,2026-02-14 00:00:00,PURCHASE_ORDER,PO-000996,PO_CREATED,Purchase order PO-000996 created in ERP
EVT-0000997,2026-07-09 00:00:00,PURCHASE_ORDER,PO-000997,PO_CREATED,Purchase order PO-000997 created in ERP
EVT-0000998,2026-03-02 00:00:00,PURCHASE_ORDER,PO-000998,PO_CREATED,Purchase order PO-000998 created in ERP
EVT-0000999,2026-05-27 00:00:00,PURCHASE_ORDER,PO-000999,PO_CREATED,Purchase order PO-000999 created in ERP
EVT-0001000,2026-07-04 00:00:00,PURCHASE_ORDER,PO-001000,PO_CREATED,Purchase order PO-001000 created in ERP
EVT-0001001,2026-06-05 00:00:00,PURCHASE_ORDER,PO-001001,PO_CREATED,Purchase order PO-001001 created in ERP
EVT-0001002,2026-01-29 00:00:00,PURCHASE_ORDER,PO-001002,PO_CREATED,Purchase order PO-001002 created in ERP
EVT-0001003,2026-03-12 00:00:00,PURCHASE_ORDER,PO-001003,PO_CREATED,Purchase order PO-001003 created in ERP
EVT-0001004,2026-06-05 00:00:00,PURCHASE_ORDER,PO-001004,PO_CREATED,Purchase order PO-001004 created in ERP
EVT-0001005,2026-02-03 00:00:00,PURCHASE_ORDER,PO-001005,PO_CREATED,Purchase order PO-001005 created in ERP
EVT-0001006,2026-08-25 00:00:00,PURCHASE_ORDER,PO-001006,PO_CREATED,Purchase order PO-001006 created in ERP
EVT-0001007,2026-06-19 00:00:00,PURCHASE_ORDER,PO-001007,PO_CREATED,Purchase order PO-001007 created in ERP
EVT-0001008,2026-07-22 00:00:00,PURCHASE_ORDER,PO-001008,PO_CREATED,Purchase order PO-001008 created in ERP
EVT-0001009,2026-08-04 00:00:00,PURCHASE_ORDER,PO-001009,PO_CREATED,Purchase order PO-001009 created in ERP
EVT-0001010,2026-03-12 00:00:00,PURCHASE_ORDER,PO-001010,PO_CREATED,Purchase order PO-001010 created in ERP
EVT-0001011,2026-06-07 00:00:00,PURCHASE_ORDER,PO-001011,PO_CREATED,Purchase order PO-001011 created in ERP
EVT-0001012,2026-03-08 00:00:00,PURCHASE_ORDER,PO-001012,PO_CREATED,Purchase order PO-001012 created in ERP
EVT-0001013,2026-06-07 00:00:00,PURCHASE_ORDER,PO-001013,PO_CREATED,Purchase order PO-001013 created in ERP
EVT-0001014,2026-04-29 00:00:00,PURCHASE_ORDER,PO-001014,PO_CREATED,Purchase order PO-001014 created in ERP
EVT-0001015,2026-01-07 00:00:00,PURCHASE_ORDER,PO-001015,PO_CREATED,Purchase order PO-001015 created in ERP
EVT-0001016,2026-05-13 00:00:00,PURCHASE_ORDER,PO-001016,PO_CREATED,Purchase order PO-001016 created in ERP
EVT-0001017,2026-01-13 00:00:00,PURCHASE_ORDER,PO-001017,PO_CREATED,Purchase order PO-001017 created in ERP
EVT-0001018,2026-04-25 00:00:00,PURCHASE_ORDER,PO-001018,PO_CREATED,Purchase order PO-001018 created in ERP
EVT-0001019,2026-08-16 00:00:00,PURCHASE_ORDER,PO-001019,PO_CREATED,Purchase order PO-001019 created in ERP
EVT-0001020,2026-01-05 00:00:00,PURCHASE_ORDER,PO-001020,PO_CREATED,Purchase order PO-001020 created in ERP
EVT-0001021,2026-07-30 00:00:00,PURCHASE_ORDER,PO-001021,PO_CREATED,Purchase order PO-001021 created in ERP
EVT-0001022,2026-06-06 00:00:00,PURCHASE_ORDER,PO-001022,PO_CREATED,Purchase order PO-001022 created in ERP
EVT-0001023,2026-01-27 00:00:00,PURCHASE_ORDER,PO-001023,PO_CREATED,Purchase order PO-001023 created in ERP
EVT-0001024,2026-05-27 00:00:00,PURCHASE_ORDER,PO-001024,PO_CREATED,Purchase order PO-001024 created in ERP
EVT-0001025,2026-07-26 00:00:00,PURCHASE_ORDER,PO-001025,PO_CREATED,Purchase order PO-001025 created in ERP
EVT-0001026,2026-01-15 00:00:00,PURCHASE_ORDER,PO-001026,PO_CREATED,Purchase order PO-001026 created in ERP
EVT-0001027,2026-07-28 00:00:00,PURCHASE_ORDER,PO-001027,PO_CREATED,Purchase order PO-001027 created in ERP
EVT-0001028,2026-04-18 00:00:00,PURCHASE_ORDER,PO-001028,PO_CREATED,Purchase order PO-001028 created in ERP
EVT-0001029,2026-01-24 00:00:00,PURCHASE_ORDER,PO-001029,PO_CREATED,Purchase order PO-001029 created in ERP
EVT-0001030,2026-05-29 00:00:00,PURCHASE_ORDER,PO-001030,PO_CREATED,Purchase order PO-001030 created in ERP
EVT-0001031,2026-03-08 00:00:00,PURCHASE_ORDER,PO-001031,PO_CREATED,Purchase order PO-001031 created in ERP
EVT-0001032,2026-06-13 00:00:00,PURCHASE_ORDER,PO-001032,PO_CREATED,Purchase order PO-001032 created in ERP
EVT-0001033,2026-05-24 00:00:00,PURCHASE_ORDER,PO-001033,PO_CREATED,Purchase order PO-001033 created in ERP
EVT-0001034,2026-03-10 00:00:00,PURCHASE_ORDER,PO-001034,PO_CREATED,Purchase order PO-001034 created in ERP
EVT-0001035,2026-04-19 00:00:00,PURCHASE_ORDER,PO-001035,PO_CREATED,Purchase order PO-001035 created in ERP
EVT-0001036,2026-04-02 00:00:00,PURCHASE_ORDER,PO-001036,PO_CREATED,Purchase order PO-001036 created in ERP
EVT-0001037,2026-03-24 00:00:00,PURCHASE_ORDER,PO-001037,PO_CREATED,Purchase order PO-001037 created in ERP
EVT-0001038,2026-08-05 00:00:00,PURCHASE_ORDER,PO-001038,PO_CREATED,Purchase order PO-001038 created in ERP
EVT-0001039,2026-05-20 00:00:00,PURCHASE_ORDER,PO-001039,PO_CREATED,Purchase order PO-001039 created in ERP
EVT-0001040,2026-06-28 00:00:00,PURCHASE_ORDER,PO-001040,PO_CREATED,Purchase order PO-001040 created in ERP
EVT-0001041,2026-01-15 00:00:00,PURCHASE_ORDER,PO-001041,PO_CREATED,Purchase order PO-001041 created in ERP
EVT-0001042,2026-07-01 00:00:00,PURCHASE_ORDER,PO-001042,PO_CREATED,Purchase order PO-001042 created in ERP
EVT-0001043,2026-02-15 00:00:00,PURCHASE_ORDER,PO-001043,PO_CREATED,Purchase order PO-001043 created in ERP
EVT-0001044,2026-05-27 00:00:00,PURCHASE_ORDER,PO-001044,PO_CREATED,Purchase order PO-001044 created in ERP
EVT-0001045,2026-03-28 00:00:00,PURCHASE_ORDER,PO-001045,PO_CREATED,Purchase order PO-001045 created in ERP
EVT-0001046,2026-01-03 00:00:00,PURCHASE_ORDER,PO-001046,PO_CREATED,Purchase order PO-001046 created in ERP
EVT-0001047,2026-02-04 00:00:00,PURCHASE_ORDER,PO-001047,PO_CREATED,Purchase order PO-001047 created in ERP
EVT-0001048,2026-07-02 00:00:00,PURCHASE_ORDER,PO-001048,PO_CREATED,Purchase order PO-001048 created in ERP
EVT-0001049,2026-07-22 00:00:00,PURCHASE_ORDER,PO-001049,PO_CREATED,Purchase order PO-001049 created in ERP
EVT-0001050,2026-04-05 00:00:00,PURCHASE_ORDER,PO-001050,PO_CREATED,Purchase order PO-001050 created in ERP
EVT-0001051,2026-06-23 00:00:00,PURCHASE_ORDER,PO-001051,PO_CREATED,Purchase order PO-001051 created in ERP
EVT-0001052,2026-06-24 00:00:00,PURCHASE_ORDER,PO-001052,PO_CREATED,Purchase order PO-001052 created in ERP
EVT-0001053,2026-03-05 00:00:00,PURCHASE_ORDER,PO-001053,PO_CREATED,Purchase order PO-001053 created in ERP
EVT-0001054,2026-08-08 00:00:00,PURCHASE_ORDER,PO-001054,PO_CREATED,Purchase order PO-001054 created in ERP
EVT-0001055,2026-08-04 00:00:00,PURCHASE_ORDER,PO-001055,PO_CREATED,Purchase order PO-001055 created in ERP
EVT-0001056,2026-06-30 00:00:00,PURCHASE_ORDER,PO-001056,PO_CREATED,Purchase order PO-001056 created in ERP
EVT-0001057,2026-05-18 00:00:00,PURCHASE_ORDER,PO-001057,PO_CREATED,Purchase order PO-001057 created in ERP
EVT-0001058,2026-01-27 00:00:00,PURCHASE_ORDER,PO-001058,PO_CREATED,Purchase order PO-001058 created in ERP
EVT-0001059,2026-08-01 00:00:00,PURCHASE_ORDER,PO-001059,PO_CREATED,Purchase order PO-001059 created in ERP
EVT-0001060,2026-02-01 00:00:00,PURCHASE_ORDER,PO-001060,PO_CREATED,Purchase order PO-001060 created in ERP
EVT-0001061,2026-04-29 00:00:00,PURCHASE_ORDER,PO-001061,PO_CREATED,Purchase order PO-001061 created in ERP
EVT-0001062,2026-07-29 00:00:00,PURCHASE_ORDER,PO-001062,PO_CREATED,Purchase order PO-001062 created in ERP
EVT-0001063,2026-03-21 00:00:00,PURCHASE_ORDER,PO-001063,PO_CREATED,Purchase order PO-001063 created in ERP
EVT-0001064,2026-08-23 00:00:00,PURCHASE_ORDER,PO-001064,PO_CREATED,Purchase order PO-001064 created in ERP
EVT-0001065,2026-08-23 00:00:00,PURCHASE_ORDER,PO-001065,PO_CREATED,Purchase order PO-001065 created in ERP
EVT-0001066,2026-04-13 00:00:00,PURCHASE_ORDER,PO-001066,PO_CREATED,Purchase order PO-001066 created in ERP
EVT-0001067,2026-05-16 00:00:00,PURCHASE_ORDER,PO-001067,PO_CREATED,Purchase order PO-001067 created in ERP
EVT-0001068,2026-02-16 00:00:00,PURCHASE_ORDER,PO-001068,PO_CREATED,Purchase order PO-001068 created in ERP
EVT-0001069,2026-04-03 00:00:00,PURCHASE_ORDER,PO-001069,PO_CREATED,Purchase order PO-001069 created in ERP
EVT-0001070,2026-05-05 00:00:00,PURCHASE_ORDER,PO-001070,PO_CREATED,Purchase order PO-001070 created in ERP
EVT-0001071,2026-08-29 00:00:00,PURCHASE_ORDER,PO-001071,PO_CREATED,Purchase order PO-001071 created in ERP
EVT-0001072,2026-03-10 00:00:00,PURCHASE_ORDER,PO-001072,PO_CREATED,Purchase order PO-001072 created in ERP
EVT-0001073,2026-07-01 00:00:00,PURCHASE_ORDER,PO-001073,PO_CREATED,Purchase order PO-001073 created in ERP
EVT-0001074,2026-01-14 00:00:00,PURCHASE_ORDER,PO-001074,PO_CREATED,Purchase order PO-001074 created in ERP
EVT-0001075,2026-05-14 00:00:00,PURCHASE_ORDER,PO-001075,PO_CREATED,Purchase order PO-001075 created in ERP
EVT-0001076,2026-01-17 00:00:00,PURCHASE_ORDER,PO-001076,PO_CREATED,Purchase order PO-001076 created in ERP
EVT-0001077,2026-08-05 00:00:00,PURCHASE_ORDER,PO-001077,PO_CREATED,Purchase order PO-001077 created in ERP
EVT-0001078,2026-02-28 00:00:00,PURCHASE_ORDER,PO-001078,PO_CREATED,Purchase order PO-001078 created in ERP
EVT-0001079,2026-07-27 00:00:00,PURCHASE_ORDER,PO-001079,PO_CREATED,Purchase order PO-001079 created in ERP
EVT-0001080,2026-05-24 00:00:00,PURCHASE_ORDER,PO-001080,PO_CREATED,Purchase order PO-001080 created in ERP
EVT-0001081,2026-03-13 00:00:00,PURCHASE_ORDER,PO-001081,PO_CREATED,Purchase order PO-001081 created in ERP
EVT-0001082,2026-08-17 00:00:00,PURCHASE_ORDER,PO-001082,PO_CREATED,Purchase order PO-001082 created in ERP
EVT-0001083,2026-05-21 00:00:00,PURCHASE_ORDER,PO-001083,PO_CREATED,Purchase order PO-001083 created in ERP
EVT-0001084,2026-04-25 00:00:00,PURCHASE_ORDER,PO-001084,PO_CREATED,Purchase order PO-001084 created in ERP
EVT-0001085,2026-06-02 00:00:00,PURCHASE_ORDER,PO-001085,PO_CREATED,Purchase order PO-001085 created in ERP
EVT-0001086,2026-02-06 00:00:00,PURCHASE_ORDER,PO-001086,PO_CREATED,Purchase order PO-001086 created in ERP
EVT-0001087,2026-08-19 00:00:00,PURCHASE_ORDER,PO-001087,PO_CREATED,Purchase order PO-001087 created in ERP
EVT-0001088,2026-01-29 00:00:00,PURCHASE_ORDER,PO-001088,PO_CREATED,Purchase order PO-001088 created in ERP
EVT-0001089,2026-04-29 00:00:00,PURCHASE_ORDER,PO-001089,PO_CREATED,Purchase order PO-001089 created in ERP
EVT-0001090,2026-03-13 00:00:00,PURCHASE_ORDER,PO-001090,PO_CREATED,Purchase order PO-001090 created in ERP
EVT-0001091,2026-02-26 00:00:00,PURCHASE_ORDER,PO-001091,PO_CREATED,Purchase order PO-001091 created in ERP
EVT-0001092,2026-01-09 00:00:00,PURCHASE_ORDER,PO-001092,PO_CREATED,Purchase order PO-001092 created in ERP
EVT-0001093,2026-01-19 00:00:00,PURCHASE_ORDER,PO-001093,PO_CREATED,Purchase order PO-001093 created in ERP
EVT-0001094,2026-07-14 00:00:00,PURCHASE_ORDER,PO-001094,PO_CREATED,Purchase order PO-001094 created in ERP
EVT-0001095,2026-04-28 00:00:00,PURCHASE_ORDER,PO-001095,PO_CREATED,Purchase order PO-001095 created in ERP
EVT-0001096,2026-03-20 00:00:00,PURCHASE_ORDER,PO-001096,PO_CREATED,Purchase order PO-001096 created in ERP
EVT-0001097,2026-04-02 00:00:00,PURCHASE_ORDER,PO-001097,PO_CREATED,Purchase order PO-001097 created in ERP
EVT-0001098,2026-03-27 00:00:00,PURCHASE_ORDER,PO-001098,PO_CREATED,Purchase order PO-001098 created in ERP
EVT-0001099,2026-08-15 00:00:00,PURCHASE_ORDER,PO-001099,PO_CREATED,Purchase order PO-001099 created in ERP
EVT-0001100,2026-02-16 00:00:00,PURCHASE_ORDER,PO-001100,PO_CREATED,Purchase order PO-001100 created in ERP
EVT-0001101,2026-05-14 00:00:00,PURCHASE_ORDER,PO-001101,PO_CREATED,Purchase order PO-001101 created in ERP
EVT-0001102,2026-05-09 00:00:00,PURCHASE_ORDER,PO-001102,PO_CREATED,Purchase order PO-001102 created in ERP
EVT-0001103,2026-01-18 00:00:00,PURCHASE_ORDER,PO-001103,PO_CREATED,Purchase order PO-001103 created in ERP
EVT-0001104,2026-02-13 00:00:00,PURCHASE_ORDER,PO-001104,PO_CREATED,Purchase order PO-001104 created in ERP
EVT-0001105,2026-01-16 00:00:00,PURCHASE_ORDER,PO-001105,PO_CREATED,Purchase order PO-001105 created in ERP
EVT-0001106,2026-02-02 00:00:00,PURCHASE_ORDER,PO-001106,PO_CREATED,Purchase order PO-001106 created in ERP
EVT-0001107,2026-05-08 00:00:00,PURCHASE_ORDER,PO-001107,PO_CREATED,Purchase order PO-001107 created in ERP
EVT-0001108,2026-04-17 00:00:00,PURCHASE_ORDER,PO-001108,PO_CREATED,Purchase order PO-001108 created in ERP
EVT-0001109,2026-06-03 00:00:00,PURCHASE_ORDER,PO-001109,PO_CREATED,Purchase order PO-001109 created in ERP
EVT-0001110,2026-08-29 00:00:00,PURCHASE_ORDER,PO-001110,PO_CREATED,Purchase order PO-001110 created in ERP
EVT-0001111,2026-08-04 00:00:00,PURCHASE_ORDER,PO-001111,PO_CREATED,Purchase order PO-001111 created in ERP
EVT-0001112,2026-04-11 00:00:00,PURCHASE_ORDER,PO-001112,PO_CREATED,Purchase order PO-001112 created in ERP
EVT-0001113,2026-04-09 00:00:00,PURCHASE_ORDER,PO-001113,PO_CREATED,Purchase order PO-001113 created in ERP
EVT-0001114,2026-08-24 00:00:00,PURCHASE_ORDER,PO-001114,PO_CREATED,Purchase order PO-001114 created in ERP
EVT-0001115,2026-08-21 00:00:00,PURCHASE_ORDER,PO-001115,PO_CREATED,Purchase order PO-001115 created in ERP
EVT-0001116,2026-01-20 00:00:00,PURCHASE_ORDER,PO-001116,PO_CREATED,Purchase order PO-001116 created in ERP
EVT-0001117,2026-04-05 00:00:00,PURCHASE_ORDER,PO-001117,PO_CREATED,Purchase order PO-001117 created in ERP
EVT-0001118,2026-02-17 00:00:00,PURCHASE_ORDER,PO-001118,PO_CREATED,Purchase order PO-001118 created in ERP
EVT-0001119,2026-02-16 00:00:00,PURCHASE_ORDER,PO-001119,PO_CREATED,Purchase order PO-001119 created in ERP
EVT-0001120,2026-08-29 00:00:00,PURCHASE_ORDER,PO-001120,PO_CREATED,Purchase order PO-001120 created in ERP
EVT-0001121,2026-05-07 00:00:00,PURCHASE_ORDER,PO-001121,PO_CREATED,Purchase order PO-001121 created in ERP
EVT-0001122,2026-04-03 00:00:00,PURCHASE_ORDER,PO-001122,PO_CREATED,Purchase order PO-001122 created in ERP
EVT-0001123,2026-06-27 00:00:00,PURCHASE_ORDER,PO-001123,PO_CREATED,Purchase order PO-001123 created in ERP
EVT-0001124,2026-02-19 00:00:00,PURCHASE_ORDER,PO-001124,PO_CREATED,Purchase order PO-001124 created in ERP
EVT-0001125,2026-07-06 00:00:00,PURCHASE_ORDER,PO-001125,PO_CREATED,Purchase order PO-001125 created in ERP
EVT-0001126,2026-07-15 00:00:00,PURCHASE_ORDER,PO-001126,PO_CREATED,Purchase order PO-001126 created in ERP
EVT-0001127,2026-03-30 00:00:00,PURCHASE_ORDER,PO-001127,PO_CREATED,Purchase order PO-001127 created in ERP
EVT-0001128,2026-06-26 00:00:00,PURCHASE_ORDER,PO-001128,PO_CREATED,Purchase order PO-001128 created in ERP
EVT-0001129,2026-04-10 00:00:00,PURCHASE_ORDER,PO-001129,PO_CREATED,Purchase order PO-001129 created in ERP
EVT-0001130,2026-08-17 00:00:00,PURCHASE_ORDER,PO-001130,PO_CREATED,Purchase order PO-001130 created in ERP
EVT-0001131,2026-05-03 00:00:00,PURCHASE_ORDER,PO-001131,PO_CREATED,Purchase order PO-001131 created in ERP
EVT-0001132,2026-07-03 00:00:00,PURCHASE_ORDER,PO-001132,PO_CREATED,Purchase order PO-001132 created in ERP
EVT-0001133,2026-03-04 00:00:00,PURCHASE_ORDER,PO-001133,PO_CREATED,Purchase order PO-001133 created in ERP
EVT-0001134,2026-06-21 00:00:00,PURCHASE_ORDER,PO-001134,PO_CREATED,Purchase order PO-001134 created in ERP
EVT-0001135,2026-02-14 00:00:00,PURCHASE_ORDER,PO-001135,PO_CREATED,Purchase order PO-001135 created in ERP
EVT-0001136,2026-07-24 00:00:00,PURCHASE_ORDER,PO-001136,PO_CREATED,Purchase order PO-001136 created in ERP
EVT-0001137,2026-06-01 00:00:00,PURCHASE_ORDER,PO-001137,PO_CREATED,Purchase order PO-001137 created in ERP
EVT-0001138,2026-07-06 00:00:00,PURCHASE_ORDER,PO-001138,PO_CREATED,Purchase order PO-001138 created in ERP
EVT-0001139,2026-02-25 00:00:00,PURCHASE_ORDER,PO-001139,PO_CREATED,Purchase order PO-001139 created in ERP
EVT-0001140,2026-08-29 00:00:00,PURCHASE_ORDER,PO-001140,PO_CREATED,Purchase order PO-001140 created in ERP
EVT-0001141,2026-02-16 00:00:00,PURCHASE_ORDER,PO-001141,PO_CREATED,Purchase order PO-001141 created in ERP
EVT-0001142,2026-07-18 00:00:00,PURCHASE_ORDER,PO-001142,PO_CREATED,Purchase order PO-001142 created in ERP
EVT-0001143,2026-05-08 00:00:00,PURCHASE_ORDER,PO-001143,PO_CREATED,Purchase order PO-001143 created in ERP
EVT-0001144,2026-03-11 00:00:00,PURCHASE_ORDER,PO-001144,PO_CREATED,Purchase order PO-001144 created in ERP
EVT-0001145,2026-02-11 00:00:00,PURCHASE_ORDER,PO-001145,PO_CREATED,Purchase order PO-001145 created in ERP
EVT-0001146,2026-08-12 00:00:00,PURCHASE_ORDER,PO-001146,PO_CREATED,Purchase order PO-001146 created in ERP
EVT-0001147,2026-08-02 00:00:00,PURCHASE_ORDER,PO-001147,PO_CREATED,Purchase order PO-001147 created in ERP
EVT-0001148,2026-05-09 00:00:00,PURCHASE_ORDER,PO-001148,PO_CREATED,Purchase order PO-001148 created in ERP
EVT-0001149,2026-01-30 00:00:00,PURCHASE_ORDER,PO-001149,PO_CREATED,Purchase order PO-001149 created in ERP
EVT-0001150,2026-04-08 00:00:00,PURCHASE_ORDER,PO-001150,PO_CREATED,Purchase order PO-001150 created in ERP
EVT-0001151,2026-08-10 00:00:00,PURCHASE_ORDER,PO-001151,PO_CREATED,Purchase order PO-001151 created in ERP
EVT-0001152,2026-06-30 00:00:00,PURCHASE_ORDER,PO-001152,PO_CREATED,Purchase order PO-001152 created in ERP
EVT-0001153,2026-08-15 00:00:00,PURCHASE_ORDER,PO-001153,PO_CREATED,Purchase order PO-001153 created in ERP
EVT-0001154,2026-02-23 00:00:00,PURCHASE_ORDER,PO-001154,PO_CREATED,Purchase order PO-001154 created in ERP
EVT-0001155,2026-02-09 00:00:00,PURCHASE_ORDER,PO-001155,PO_CREATED,Purchase order PO-001155 created in ERP
EVT-0001156,2026-04-11 00:00:00,PURCHASE_ORDER,PO-001156,PO_CREATED,Purchase order PO-001156 created in ERP
EVT-0001157,2026-08-13 00:00:00,PURCHASE_ORDER,PO-001157,PO_CREATED,Purchase order PO-001157 created in ERP
EVT-0001158,2026-04-23 00:00:00,PURCHASE_ORDER,PO-001158,PO_CREATED,Purchase order PO-001158 created in ERP
EVT-0001159,2026-03-11 00:00:00,PURCHASE_ORDER,PO-001159,PO_CREATED,Purchase order PO-001159 created in ERP
EVT-0001160,2026-01-24 00:00:00,PURCHASE_ORDER,PO-001160,PO_CREATED,Purchase order PO-001160 created in ERP
EVT-0001161,2026-08-01 00:00:00,PURCHASE_ORDER,PO-001161,PO_CREATED,Purchase order PO-001161 created in ERP
EVT-0001162,2026-06-11 00:00:00,PURCHASE_ORDER,PO-001162,PO_CREATED,Purchase order PO-001162 created in ERP
EVT-0001163,2026-04-09 00:00:00,PURCHASE_ORDER,PO-001163,PO_CREATED,Purchase order PO-001163 created in ERP
EVT-0001164,2026-05-16 00:00:00,PURCHASE_ORDER,PO-001164,PO_CREATED,Purchase order PO-001164 created in ERP
EVT-0001165,2026-04-27 00:00:00,PURCHASE_ORDER,PO-001165,PO_CREATED,Purchase order PO-001165 created in ERP
EVT-0001166,2026-08-20 00:00:00,PURCHASE_ORDER,PO-001166,PO_CREATED,Purchase order PO-001166 created in ERP
EVT-0001167,2026-06-25 00:00:00,PURCHASE_ORDER,PO-001167,PO_CREATED,Purchase order PO-001167 created in ERP
EVT-0001168,2026-05-11 00:00:00,PURCHASE_ORDER,PO-001168,PO_CREATED,Purchase order PO-001168 created in ERP
EVT-0001169,2026-06-07 00:00:00,PURCHASE_ORDER,PO-001169,PO_CREATED,Purchase order PO-001169 created in ERP
EVT-0001170,2026-03-10 00:00:00,PURCHASE_ORDER,PO-001170,PO_CREATED,Purchase order PO-001170 created in ERP
EVT-0001171,2026-01-30 00:00:00,PURCHASE_ORDER,PO-001171,PO_CREATED,Purchase order PO-001171 created in ERP
EVT-0001172,2026-06-15 00:00:00,PURCHASE_ORDER,PO-001172,PO_CREATED,Purchase order PO-001172 created in ERP
EVT-0001173,2026-02-19 00:00:00,PURCHASE_ORDER,PO-001173,PO_CREATED,Purchase order PO-001173 created in ERP
EVT-0001174,2026-01-25 00:00:00,PURCHASE_ORDER,PO-001174,PO_CREATED,Purchase order PO-001174 created in ERP
EVT-0001175,2026-05-18 00:00:00,PURCHASE_ORDER,PO-001175,PO_CREATED,Purchase order PO-001175 created in ERP
EVT-0001176,2026-04-24 00:00:00,PURCHASE_ORDER,PO-001176,PO_CREATED,Purchase order PO-001176 created in ERP
EVT-0001177,2026-07-05 00:00:00,PURCHASE_ORDER,PO-001177,PO_CREATED,Purchase order PO-001177 created in ERP
EVT-0001178,2026-01-12 00:00:00,PURCHASE_ORDER,PO-001178,PO_CREATED,Purchase order PO-001178 created in ERP
EVT-0001179,2026-05-31 00:00:00,PURCHASE_ORDER,PO-001179,PO_CREATED,Purchase order PO-001179 created in ERP
EVT-0001180,2026-01-15 00:00:00,PURCHASE_ORDER,PO-001180,PO_CREATED,Purchase order PO-001180 created in ERP
EVT-0001181,2026-03-11 00:00:00,PURCHASE_ORDER,PO-001181,PO_CREATED,Purchase order PO-001181 created in ERP
EVT-0001182,2026-07-16 00:00:00,PURCHASE_ORDER,PO-001182,PO_CREATED,Purchase order PO-001182 created in ERP
EVT-0001183,2026-02-15 00:00:00,PURCHASE_ORDER,PO-001183,PO_CREATED,Purchase order PO-001183 created in ERP
EVT-0001184,2026-07-03 00:00:00,PURCHASE_ORDER,PO-001184,PO_CREATED,Purchase order PO-001184 created in ERP
EVT-0001185,2026-05-07 00:00:00,PURCHASE_ORDER,PO-001185,PO_CREATED,Purchase order PO-001185 created in ERP
EVT-0001186,2026-05-29 00:00:00,PURCHASE_ORDER,PO-001186,PO_CREATED,Purchase order PO-001186 created in ERP
EVT-0001187,2026-02-05 00:00:00,PURCHASE_ORDER,PO-001187,PO_CREATED,Purchase order PO-001187 created in ERP
EVT-0001188,2026-03-10 00:00:00,PURCHASE_ORDER,PO-001188,PO_CREATED,Purchase order PO-001188 created in ERP
EVT-0001189,2026-05-11 00:00:00,PURCHASE_ORDER,PO-001189,PO_CREATED,Purchase order PO-001189 created in ERP
EVT-0001190,2026-03-09 00:00:00,PURCHASE_ORDER,PO-001190,PO_CREATED,Purchase order PO-001190 created in ERP
EVT-0001191,2026-04-12 00:00:00,PURCHASE_ORDER,PO-001191,PO_CREATED,Purchase order PO-001191 created in ERP
EVT-0001192,2026-07-17 00:00:00,PURCHASE_ORDER,PO-001192,PO_CREATED,Purchase order PO-001192 created in ERP
EVT-0001193,2026-06-08 00:00:00,PURCHASE_ORDER,PO-001193,PO_CREATED,Purchase order PO-001193 created in ERP
EVT-0001194,2026-07-14 00:00:00,PURCHASE_ORDER,PO-001194,PO_CREATED,Purchase order PO-001194 created in ERP
EVT-0001195,2026-05-26 00:00:00,PURCHASE_ORDER,PO-001195,PO_CREATED,Purchase order PO-001195 created in ERP
EVT-0001196,2026-01-08 00:00:00,PURCHASE_ORDER,PO-001196,PO_CREATED,Purchase order PO-001196 created in ERP
EVT-0001197,2026-02-12 00:00:00,PURCHASE_ORDER,PO-001197,PO_CREATED,Purchase order PO-001197 created in ERP
EVT-0001198,2026-06-15 00:00:00,PURCHASE_ORDER,PO-001198,PO_CREATED,Purchase order PO-001198 created in ERP
EVT-0001199,2026-06-25 00:00:00,PURCHASE_ORDER,PO-001199,PO_CREATED,Purchase order PO-001199 created in ERP
EVT-0001200,2026-02-05 00:00:00,PURCHASE_ORDER,PO-001200,PO_CREATED,Purchase order PO-001200 created in ERP
EVT-0001201,2026-08-26 00:00:00,PURCHASE_ORDER,PO-001201,PO_CREATED,Purchase order PO-001201 created in ERP
EVT-0001202,2026-06-08 00:00:00,PURCHASE_ORDER,PO-001202,PO_CREATED,Purchase order PO-001202 created in ERP
EVT-0001203,2026-05-06 00:00:00,PURCHASE_ORDER,PO-001203,PO_CREATED,Purchase order PO-001203 created in ERP
EVT-0001204,2026-03-18 00:00:00,PURCHASE_ORDER,PO-001204,PO_CREATED,Purchase order PO-001204 created in ERP
EVT-0001205,2026-02-21 00:00:00,PURCHASE_ORDER,PO-001205,PO_CREATED,Purchase order PO-001205 created in ERP
EVT-0001206,2026-02-19 00:00:00,PURCHASE_ORDER,PO-001206,PO_CREATED,Purchase order PO-001206 created in ERP
EVT-0001207,2026-07-31 00:00:00,PURCHASE_ORDER,PO-001207,PO_CREATED,Purchase order PO-001207 created in ERP
EVT-0001208,2026-04-02 00:00:00,PURCHASE_ORDER,PO-001208,PO_CREATED,Purchase order PO-001208 created in ERP
EVT-0001209,2026-05-31 00:00:00,PURCHASE_ORDER,PO-001209,PO_CREATED,Purchase order PO-001209 created in ERP
EVT-0001210,2026-01-14 00:00:00,PURCHASE_ORDER,PO-001210,PO_CREATED,Purchase order PO-001210 created in ERP
EVT-0001211,2026-02-28 00:00:00,PURCHASE_ORDER,PO-001211,PO_CREATED,Purchase order PO-001211 created in ERP
EVT-0001212,2026-05-30 00:00:00,PURCHASE_ORDER,PO-001212,PO_CREATED,Purchase order PO-001212 created in ERP
EVT-0001213,2026-07-29 00:00:00,PURCHASE_ORDER,PO-001213,PO_CREATED,Purchase order PO-001213 created in ERP
EVT-0001214,2026-06-13 00:00:00,PURCHASE_ORDER,PO-001214,PO_CREATED,Purchase order PO-001214 created in ERP
EVT-0001215,2026-05-27 00:00:00,PURCHASE_ORDER,PO-001215,PO_CREATED,Purchase order PO-001215 created in ERP
EVT-0001216,2026-05-24 00:00:00,PURCHASE_ORDER,PO-001216,PO_CREATED,Purchase order PO-001216 created in ERP
EVT-0001217,2026-02-19 00:00:00,PURCHASE_ORDER,PO-001217,PO_CREATED,Purchase order PO-001217 created in ERP
EVT-0001218,2026-03-05 00:00:00,PURCHASE_ORDER,PO-001218,PO_CREATED,Purchase order PO-001218 created in ERP
EVT-0001219,2026-03-18 00:00:00,PURCHASE_ORDER,PO-001219,PO_CREATED,Purchase order PO-001219 created in ERP
EVT-0001220,2026-01-21 00:00:00,PURCHASE_ORDER,PO-001220,PO_CREATED,Purchase order PO-001220 created in ERP
EVT-0001221,2026-08-09 00:00:00,PURCHASE_ORDER,PO-001221,PO_CREATED,Purchase order PO-001221 created in ERP
EVT-0001222,2026-06-23 00:00:00,PURCHASE_ORDER,PO-001222,PO_CREATED,Purchase order PO-001222 created in ERP
EVT-0001223,2026-03-17 00:00:00,PURCHASE_ORDER,PO-001223,PO_CREATED,Purchase order PO-001223 created in ERP
EVT-0001224,2026-06-21 00:00:00,PURCHASE_ORDER,PO-001224,PO_CREATED,Purchase order PO-001224 created in ERP
EVT-0001225,2026-08-12 00:00:00,PURCHASE_ORDER,PO-001225,PO_CREATED,Purchase order PO-001225 created in ERP
EVT-0001226,2026-05-26 00:00:00,PURCHASE_ORDER,PO-001226,PO_CREATED,Purchase order PO-001226 created in ERP
EVT-0001227,2026-01-06 00:00:00,PURCHASE_ORDER,PO-001227,PO_CREATED,Purchase order PO-001227 created in ERP
EVT-0001228,2026-02-23 00:00:00,PURCHASE_ORDER,PO-001228,PO_CREATED,Purchase order PO-001228 created in ERP
EVT-0001229,2026-03-31 00:00:00,PURCHASE_ORDER,PO-001229,PO_CREATED,Purchase order PO-001229 created in ERP
EVT-0001230,2026-01-11 00:00:00,PURCHASE_ORDER,PO-001230,PO_CREATED,Purchase order PO-001230 created in ERP
EVT-0001231,2026-01-17 00:00:00,PURCHASE_ORDER,PO-001231,PO_CREATED,Purchase order PO-001231 created in ERP
EVT-0001232,2026-05-20 00:00:00,PURCHASE_ORDER,PO-001232,PO_CREATED,Purchase order PO-001232 created in ERP
EVT-0001233,2026-05-17 00:00:00,PURCHASE_ORDER,PO-001233,PO_CREATED,Purchase order PO-001233 created in ERP
EVT-0001234,2026-02-25 00:00:00,PURCHASE_ORDER,PO-001234,PO_CREATED,Purchase order PO-001234 created in ERP
EVT-0001235,2026-04-11 00:00:00,PURCHASE_ORDER,PO-001235,PO_CREATED,Purchase order PO-001235 created in ERP
EVT-0001236,2026-01-08 00:00:00,PURCHASE_ORDER,PO-001236,PO_CREATED,Purchase order PO-001236 created in ERP
EVT-0001237,2026-06-17 00:00:00,PURCHASE_ORDER,PO-001237,PO_CREATED,Purchase order PO-001237 created in ERP
EVT-0001238,2026-08-15 00:00:00,PURCHASE_ORDER,PO-001238,PO_CREATED,Purchase order PO-001238 created in ERP
EVT-0001239,2026-02-07 00:00:00,PURCHASE_ORDER,PO-001239,PO_CREATED,Purchase order PO-001239 created in ERP
EVT-0001240,2026-05-30 00:00:00,PURCHASE_ORDER,PO-001240,PO_CREATED,Purchase order PO-001240 created in ERP
EVT-0001241,2026-07-31 00:00:00,PURCHASE_ORDER,PO-001241,PO_CREATED,Purchase order PO-001241 created in ERP
EVT-0001242,2026-03-23 00:00:00,PURCHASE_ORDER,PO-001242,PO_CREATED,Purchase order PO-001242 created in ERP
EVT-0001243,2026-02-02 00:00:00,PURCHASE_ORDER,PO-001243,PO_CREATED,Purchase order PO-001243 created in ERP
EVT-0001244,2026-04-23 00:00:00,PURCHASE_ORDER,PO-001244,PO_CREATED,Purchase order PO-001244 created in ERP
EVT-0001245,2026-01-22 00:00:00,PURCHASE_ORDER,PO-001245,PO_CREATED,Purchase order PO-001245 created in ERP
EVT-0001246,2026-07-21 00:00:00,PURCHASE_ORDER,PO-001246,PO_CREATED,Purchase order PO-001246 created in ERP
EVT-0001247,2026-07-02 00:00:00,PURCHASE_ORDER,PO-001247,PO_CREATED,Purchase order PO-001247 created in ERP
EVT-0001248,2026-04-02 00:00:00,PURCHASE_ORDER,PO-001248,PO_CREATED,Purchase order PO-001248 created in ERP
EVT-0001249,2026-06-01 00:00:00,PURCHASE_ORDER,PO-001249,PO_CREATED,Purchase order PO-001249 created in ERP
EVT-0001250,2026-01-06 00:00:00,PURCHASE_ORDER,PO-001250,PO_CREATED,Purchase order PO-001250 created in ERP
EVT-0001251,2026-05-03 00:00:00,PURCHASE_ORDER,PO-001251,PO_CREATED,Purchase order PO-001251 created in ERP
EVT-0001252,2026-07-05 00:00:00,PURCHASE_ORDER,PO-001252,PO_CREATED,Purchase order PO-001252 created in ERP
EVT-0001253,2026-06-27 00:00:00,PURCHASE_ORDER,PO-001253,PO_CREATED,Purchase order PO-001253 created in ERP
EVT-0001254,2026-07-15 00:00:00,PURCHASE_ORDER,PO-001254,PO_CREATED,Purchase order PO-001254 created in ERP
EVT-0001255,2026-07-27 00:00:00,PURCHASE_ORDER,PO-001255,PO_CREATED,Purchase order PO-001255 created in ERP
EVT-0001256,2026-05-09 00:00:00,PURCHASE_ORDER,PO-001256,PO_CREATED,Purchase order PO-001256 created in ERP
EVT-0001257,2026-02-10 00:00:00,PURCHASE_ORDER,PO-001257,PO_CREATED,Purchase order PO-001257 created in ERP
EVT-0001258,2026-02-26 00:00:00,PURCHASE_ORDER,PO-001258,PO_CREATED,Purchase order PO-001258 created in ERP
EVT-0001259,2026-06-17 00:00:00,PURCHASE_ORDER,PO-001259,PO_CREATED,Purchase order PO-001259 created in ERP
EVT-0001260,2026-03-21 00:00:00,PURCHASE_ORDER,PO-001260,PO_CREATED,Purchase order PO-001260 created in ERP
EVT-0001261,2026-07-04 00:00:00,PURCHASE_ORDER,PO-001261,PO_CREATED,Purchase order PO-001261 created in ERP
EVT-0001262,2026-07-31 00:00:00,PURCHASE_ORDER,PO-001262,PO_CREATED,Purchase order PO-001262 created in ERP
EVT-0001263,2026-06-19 00:00:00,PURCHASE_ORDER,PO-001263,PO_CREATED,Purchase order PO-001263 created in ERP
EVT-0001264,2026-02-02 00:00:00,PURCHASE_ORDER,PO-001264,PO_CREATED,Purchase order PO-001264 created in ERP
EVT-0001265,2026-08-04 00:00:00,PURCHASE_ORDER,PO-001265,PO_CREATED,Purchase order PO-001265 created in ERP
EVT-0001266,2026-01-26 00:00:00,PURCHASE_ORDER,PO-001266,PO_CREATED,Purchase order PO-001266 created in ERP
EVT-0001267,2026-06-23 00:00:00,PURCHASE_ORDER,PO-001267,PO_CREATED,Purchase order PO-001267 created in ERP
EVT-0001268,2026-07-29 00:00:00,PURCHASE_ORDER,PO-001268,PO_CREATED,Purchase order PO-001268 created in ERP
EVT-0001269,2026-01-31 00:00:00,PURCHASE_ORDER,PO-001269,PO_CREATED,Purchase order PO-001269 created in ERP
EVT-0001270,2026-05-21 00:00:00,PURCHASE_ORDER,PO-001270,PO_CREATED,Purchase order PO-001270 created in ERP
EVT-0001271,2026-07-28 00:00:00,PURCHASE_ORDER,PO-001271,PO_CREATED,Purchase order PO-001271 created in ERP
EVT-0001272,2026-06-10 00:00:00,PURCHASE_ORDER,PO-001272,PO_CREATED,Purchase order PO-001272 created in ERP
EVT-0001273,2026-04-30 00:00:00,PURCHASE_ORDER,PO-001273,PO_CREATED,Purchase order PO-001273 created in ERP
EVT-0001274,2026-08-02 00:00:00,PURCHASE_ORDER,PO-001274,PO_CREATED,Purchase order PO-001274 created in ERP
EVT-0001275,2026-04-30 00:00:00,PURCHASE_ORDER,PO-001275,PO_CREATED,Purchase order PO-001275 created in ERP
EVT-0001276,2026-02-24 00:00:00,PURCHASE_ORDER,PO-001276,PO_CREATED,Purchase order PO-001276 created in ERP
EVT-0001277,2026-06-20 00:00:00,PURCHASE_ORDER,PO-001277,PO_CREATED,Purchase order PO-001277 created in ERP
EVT-0001278,2026-08-26 00:00:00,PURCHASE_ORDER,PO-001278,PO_CREATED,Purchase order PO-001278 created in ERP
EVT-0001279,2026-03-19 00:00:00,PURCHASE_ORDER,PO-001279,PO_CREATED,Purchase order PO-001279 created in ERP
EVT-0001280,2026-08-22 00:00:00,PURCHASE_ORDER,PO-001280,PO_CREATED,Purchase order PO-001280 created in ERP
EVT-0001281,2026-08-14 00:00:00,PURCHASE_ORDER,PO-001281,PO_CREATED,Purchase order PO-001281 created in ERP
EVT-0001282,2026-02-04 00:00:00,PURCHASE_ORDER,PO-001282,PO_CREATED,Purchase order PO-001282 created in ERP
EVT-0001283,2026-07-17 00:00:00,PURCHASE_ORDER,PO-001283,PO_CREATED,Purchase order PO-001283 created in ERP
EVT-0001284,2026-02-25 00:00:00,PURCHASE_ORDER,PO-001284,PO_CREATED,Purchase order PO-001284 created in ERP
EVT-0001285,2026-03-27 00:00:00,PURCHASE_ORDER,PO-001285,PO_CREATED,Purchase order PO-001285 created in ERP
EVT-0001286,2026-03-28 00:00:00,PURCHASE_ORDER,PO-001286,PO_CREATED,Purchase order PO-001286 created in ERP
EVT-0001287,2026-06-27 00:00:00,PURCHASE_ORDER,PO-001287,PO_CREATED,Purchase order PO-001287 created in ERP
EVT-0001288,2026-08-20 00:00:00,PURCHASE_ORDER,PO-001288,PO_CREATED,Purchase order PO-001288 created in ERP
EVT-0001289,2026-03-03 00:00:00,PURCHASE_ORDER,PO-001289,PO_CREATED,Purchase order PO-001289 created in ERP
EVT-0001290,2026-05-04 00:00:00,PURCHASE_ORDER,PO-001290,PO_CREATED,Purchase order PO-001290 created in ERP
EVT-0001291,2026-01-09 00:00:00,PURCHASE_ORDER,PO-001291,PO_CREATED,Purchase order PO-001291 created in ERP
EVT-0001292,2026-05-20 00:00:00,PURCHASE_ORDER,PO-001292,PO_CREATED,Purchase order PO-001292 created in ERP
EVT-0001293,2026-04-07 00:00:00,PURCHASE_ORDER,PO-001293,PO_CREATED,Purchase order PO-001293 created in ERP
EVT-0001294,2026-07-08 00:00:00,PURCHASE_ORDER,PO-001294,PO_CREATED,Purchase order PO-001294 created in ERP
EVT-0001295,2026-06-15 00:00:00,PURCHASE_ORDER,PO-001295,PO_CREATED,Purchase order PO-001295 created in ERP
EVT-0001296,2026-08-05 00:00:00,PURCHASE_ORDER,PO-001296,PO_CREATED,Purchase order PO-001296 created in ERP
EVT-0001297,2026-02-12 00:00:00,PURCHASE_ORDER,PO-001297,PO_CREATED,Purchase order PO-001297 created in ERP
EVT-0001298,2026-02-12 00:00:00,PURCHASE_ORDER,PO-001298,PO_CREATED,Purchase order PO-001298 created in ERP
EVT-0001299,2026-03-28 00:00:00,PURCHASE_ORDER,PO-001299,PO_CREATED,Purchase order PO-001299 created in ERP
EVT-0001300,2026-06-01 00:00:00,PURCHASE_ORDER,PO-001300,PO_CREATED,Purchase order PO-001300 created in ERP
EVT-0001301,2026-01-24 00:00:00,PURCHASE_ORDER,PO-001301,PO_CREATED,Purchase order PO-001301 created in ERP
EVT-0001302,2026-01-17 00:00:00,PURCHASE_ORDER,PO-001302,PO_CREATED,Purchase order PO-001302 created in ERP
EVT-0001303,2026-04-25 00:00:00,PURCHASE_ORDER,PO-001303,PO_CREATED,Purchase order PO-001303 created in ERP
EVT-0001304,2026-08-07 00:00:00,PURCHASE_ORDER,PO-001304,PO_CREATED,Purchase order PO-001304 created in ERP
EVT-0001305,2026-03-22 00:00:00,PURCHASE_ORDER,PO-001305,PO_CREATED,Purchase order PO-001305 created in ERP
EVT-0001306,2026-08-09 00:00:00,PURCHASE_ORDER,PO-001306,PO_CREATED,Purchase order PO-001306 created in ERP
EVT-0001307,2026-03-08 00:00:00,PURCHASE_ORDER,PO-001307,PO_CREATED,Purchase order PO-001307 created in ERP
EVT-0001308,2026-05-07 00:00:00,PURCHASE_ORDER,PO-001308,PO_CREATED,Purchase order PO-001308 created in ERP
EVT-0001309,2026-06-12 00:00:00,PURCHASE_ORDER,PO-001309,PO_CREATED,Purchase order PO-001309 created in ERP
EVT-0001310,2026-04-12 00:00:00,PURCHASE_ORDER,PO-001310,PO_CREATED,Purchase order PO-001310 created in ERP
EVT-0001311,2026-04-01 00:00:00,PURCHASE_ORDER,PO-001311,PO_CREATED,Purchase order PO-001311 created in ERP
EVT-0001312,2026-07-22 00:00:00,PURCHASE_ORDER,PO-001312,PO_CREATED,Purchase order PO-001312 created in ERP
EVT-0001313,2026-04-11 00:00:00,PURCHASE_ORDER,PO-001313,PO_CREATED,Purchase order PO-001313 created in ERP
EVT-0001314,2026-07-31 00:00:00,PURCHASE_ORDER,PO-001314,PO_CREATED,Purchase order PO-001314 created in ERP
EVT-0001315,2026-02-04 00:00:00,PURCHASE_ORDER,PO-001315,PO_CREATED,Purchase order PO-001315 created in ERP
EVT-0001316,2026-08-27 00:00:00,PURCHASE_ORDER,PO-001316,PO_CREATED,Purchase order PO-001316 created in ERP
EVT-0001317,2026-04-29 00:00:00,PURCHASE_ORDER,PO-001317,PO_CREATED,Purchase order PO-001317 created in ERP
EVT-0001318,2026-03-12 00:00:00,PURCHASE_ORDER,PO-001318,PO_CREATED,Purchase order PO-001318 created in ERP
EVT-0001319,2026-05-14 00:00:00,PURCHASE_ORDER,PO-001319,PO_CREATED,Purchase order PO-001319 created in ERP
EVT-0001320,2026-07-29 00:00:00,PURCHASE_ORDER,PO-001320,PO_CREATED,Purchase order PO-001320 created in ERP
EVT-0001321,2026-01-06 00:00:00,PURCHASE_ORDER,PO-001321,PO_CREATED,Purchase order PO-001321 created in ERP
EVT-0001322,2026-01-20 00:00:00,PURCHASE_ORDER,PO-001322,PO_CREATED,Purchase order PO-001322 created in ERP
EVT-0001323,2026-02-12 00:00:00,PURCHASE_ORDER,PO-001323,PO_CREATED,Purchase order PO-001323 created in ERP
EVT-0001324,2026-01-01 00:00:00,PURCHASE_ORDER,PO-001324,PO_CREATED,Purchase order PO-001324 created in ERP
EVT-0001325,2026-05-29 00:00:00,PURCHASE_ORDER,PO-001325,PO_CREATED,Purchase order PO-001325 created in ERP
EVT-0001326,2026-07-08 00:00:00,PURCHASE_ORDER,PO-001326,PO_CREATED,Purchase order PO-001326 created in ERP
EVT-0001327,2026-04-05 00:00:00,PURCHASE_ORDER,PO-001327,PO_CREATED,Purchase order PO-001327 created in ERP
EVT-0001328,2026-01-06 00:00:00,PURCHASE_ORDER,PO-001328,PO_CREATED,Purchase order PO-001328 created in ERP
EVT-0001329,2026-06-20 00:00:00,PURCHASE_ORDER,PO-001329,PO_CREATED,Purchase order PO-001329 created in ERP
EVT-0001330,2026-06-23 00:00:00,PURCHASE_ORDER,PO-001330,PO_CREATED,Purchase order PO-001330 created in ERP
EVT-0001331,2026-02-05 00:00:00,PURCHASE_ORDER,PO-001331,PO_CREATED,Purchase order PO-001331 created in ERP
EVT-0001332,2026-01-08 00:00:00,PURCHASE_ORDER,PO-001332,PO_CREATED,Purchase order PO-001332 created in ERP
EVT-0001333,2026-07-16 00:00:00,PURCHASE_ORDER,PO-001333,PO_CREATED,Purchase order PO-001333 created in ERP
EVT-0001334,2026-05-17 00:00:00,PURCHASE_ORDER,PO-001334,PO_CREATED,Purchase order PO-001334 created in ERP
EVT-0001335,2026-01-29 00:00:00,PURCHASE_ORDER,PO-001335,PO_CREATED,Purchase order PO-001335 created in ERP
EVT-0001336,2026-06-18 00:00:00,PURCHASE_ORDER,PO-001336,PO_CREATED,Purchase order PO-001336 created in ERP
EVT-0001337,2026-06-14 00:00:00,PURCHASE_ORDER,PO-001337,PO_CREATED,Purchase order PO-001337 created in ERP
EVT-0001338,2026-08-19 00:00:00,PURCHASE_ORDER,PO-001338,PO_CREATED,Purchase order PO-001338 created in ERP
EVT-0001339,2026-01-14 00:00:00,PURCHASE_ORDER,PO-001339,PO_CREATED,Purchase order PO-001339 created in ERP
EVT-0001340,2026-08-02 00:00:00,PURCHASE_ORDER,PO-001340,PO_CREATED,Purchase order PO-001340 created in ERP
EVT-0001341,2026-05-25 00:00:00,PURCHASE_ORDER,PO-001341,PO_CREATED,Purchase order PO-001341 created in ERP
EVT-0001342,2026-05-16 00:00:00,PURCHASE_ORDER,PO-001342,PO_CREATED,Purchase order PO-001342 created in ERP
EVT-0001343,2026-07-25 00:00:00,PURCHASE_ORDER,PO-001343,PO_CREATED,Purchase order PO-001343 created in ERP
EVT-0001344,2026-08-29 00:00:00,PURCHASE_ORDER,PO-001344,PO_CREATED,Purchase order PO-001344 created in ERP
EVT-0001345,2026-01-11 00:00:00,PURCHASE_ORDER,PO-001345,PO_CREATED,Purchase order PO-001345 created in ERP
EVT-0001346,2026-04-16 00:00:00,PURCHASE_ORDER,PO-001346,PO_CREATED,Purchase order PO-001346 created in ERP
EVT-0001347,2026-05-29 00:00:00,PURCHASE_ORDER,PO-001347,PO_CREATED,Purchase order PO-001347 created in ERP
EVT-0001348,2026-01-03 00:00:00,PURCHASE_ORDER,PO-001348,PO_CREATED,Purchase order PO-001348 created in ERP
EVT-0001349,2026-05-31 00:00:00,PURCHASE_ORDER,PO-001349,PO_CREATED,Purchase order PO-001349 created in ERP
EVT-0001350,2026-01-04 00:00:00,PURCHASE_ORDER,PO-001350,PO_CREATED,Purchase order PO-001350 created in ERP
EVT-0001351,2026-01-03 00:00:00,PURCHASE_ORDER,PO-001351,PO_CREATED,Purchase order PO-001351 created in ERP
EVT-0001352,2026-01-05 00:00:00,PURCHASE_ORDER,PO-001352,PO_CREATED,Purchase order PO-001352 created in ERP
EVT-0001353,2026-07-01 00:00:00,PURCHASE_ORDER,PO-001353,PO_CREATED,Purchase order PO-001353 created in ERP
EVT-0001354,2026-05-24 00:00:00,PURCHASE_ORDER,PO-001354,PO_CREATED,Purchase order PO-001354 created in ERP
EVT-0001355,2026-04-25 00:00:00,PURCHASE_ORDER,PO-001355,PO_CREATED,Purchase order PO-001355 created in ERP
EVT-0001356,2026-08-06 00:00:00,PURCHASE_ORDER,PO-001356,PO_CREATED,Purchase order PO-001356 created in ERP
EVT-0001357,2026-08-06 00:00:00,PURCHASE_ORDER,PO-001357,PO_CREATED,Purchase order PO-001357 created in ERP
EVT-0001358,2026-03-31 00:00:00,PURCHASE_ORDER,PO-001358,PO_CREATED,Purchase order PO-001358 created in ERP
EVT-0001359,2026-06-01 00:00:00,PURCHASE_ORDER,PO-001359,PO_CREATED,Purchase order PO-001359 created in ERP
EVT-0001360,2026-07-19 00:00:00,PURCHASE_ORDER,PO-001360,PO_CREATED,Purchase order PO-001360 created in ERP
EVT-0001361,2026-06-27 00:00:00,PURCHASE_ORDER,PO-001361,PO_CREATED,Purchase order PO-001361 created in ERP
EVT-0001362,2026-04-01 00:00:00,PURCHASE_ORDER,PO-001362,PO_CREATED,Purchase order PO-001362 created in ERP
EVT-0001363,2026-03-30 00:00:00,PURCHASE_ORDER,PO-001363,PO_CREATED,Purchase order PO-001363 created in ERP
EVT-0001364,2026-03-05 00:00:00,PURCHASE_ORDER,PO-001364,PO_CREATED,Purchase order PO-001364 created in ERP
EVT-0001365,2026-01-21 00:00:00,PURCHASE_ORDER,PO-001365,PO_CREATED,Purchase order PO-001365 created in ERP
EVT-0001366,2026-06-10 00:00:00,PURCHASE_ORDER,PO-001366,PO_CREATED,Purchase order PO-001366 created in ERP
EVT-0001367,2026-06-04 00:00:00,PURCHASE_ORDER,PO-001367,PO_CREATED,Purchase order PO-001367 created in ERP
EVT-0001368,2026-08-10 00:00:00,PURCHASE_ORDER,PO-001368,PO_CREATED,Purchase order PO-001368 created in ERP
EVT-0001369,2026-03-29 00:00:00,PURCHASE_ORDER,PO-001369,PO_CREATED,Purchase order PO-001369 created in ERP
EVT-0001370,2026-03-22 00:00:00,PURCHASE_ORDER,PO-001370,PO_CREATED,Purchase order PO-001370 created in ERP
EVT-0001371,2026-07-05 00:00:00,PURCHASE_ORDER,PO-001371,PO_CREATED,Purchase order PO-001371 created in ERP
EVT-0001372,2026-05-28 00:00:00,PURCHASE_ORDER,PO-001372,PO_CREATED,Purchase order PO-001372 created in ERP
EVT-0001373,2026-01-02 00:00:00,PURCHASE_ORDER,PO-001373,PO_CREATED,Purchase order PO-001373 created in ERP
EVT-0001374,2026-01-03 00:00:00,PURCHASE_ORDER,PO-001374,PO_CREATED,Purchase order PO-001374 created in ERP
EVT-0001375,2026-02-04 00:00:00,PURCHASE_ORDER,PO-001375,PO_CREATED,Purchase order PO-001375 created in ERP
EVT-0001376,2026-01-12 00:00:00,PURCHASE_ORDER,PO-001376,PO_CREATED,Purchase order PO-001376 created in ERP
EVT-0001377,2026-02-01 00:00:00,PURCHASE_ORDER,PO-001377,PO_CREATED,Purchase order PO-001377 created in ERP
EVT-0001378,2026-03-02 00:00:00,PURCHASE_ORDER,PO-001378,PO_CREATED,Purchase order PO-001378 created in ERP
EVT-0001379,2026-01-03 00:00:00,PURCHASE_ORDER,PO-001379,PO_CREATED,Purchase order PO-001379 created in ERP
EVT-0001380,2026-07-27 00:00:00,PURCHASE_ORDER,PO-001380,PO_CREATED,Purchase order PO-001380 created in ERP
EVT-0001381,2026-03-07 00:00:00,PURCHASE_ORDER,PO-001381,PO_CREATED,Purchase order PO-001381 created in ERP
EVT-0001382,2026-06-24 00:00:00,PURCHASE_ORDER,PO-001382,PO_CREATED,Purchase order PO-001382 created in ERP
EVT-0001383,2026-04-22 00:00:00,PURCHASE_ORDER,PO-001383,PO_CREATED,Purchase order PO-001383 created in ERP
EVT-0001384,2026-03-04 00:00:00,PURCHASE_ORDER,PO-001384,PO_CREATED,Purchase order PO-001384 created in ERP
EVT-0001385,2026-02-23 00:00:00,PURCHASE_ORDER,PO-001385,PO_CREATED,Purchase order PO-001385 created in ERP
EVT-0001386,2026-06-09 00:00:00,PURCHASE_ORDER,PO-001386,PO_CREATED,Purchase order PO-001386 created in ERP
EVT-0001387,2026-01-17 00:00:00,PURCHASE_ORDER,PO-001387,PO_CREATED,Purchase order PO-001387 created in ERP
EVT-0001388,2026-08-16 00:00:00,PURCHASE_ORDER,PO-001388,PO_CREATED,Purchase order PO-001388 created in ERP
EVT-0001389,2026-01-01 00:00:00,PURCHASE_ORDER,PO-001389,PO_CREATED,Purchase order PO-001389 created in ERP
EVT-0001390,2026-04-12 00:00:00,PURCHASE_ORDER,PO-001390,PO_CREATED,Purchase order PO-001390 created in ERP
EVT-0001391,2026-07-22 00:00:00,PURCHASE_ORDER,PO-001391,PO_CREATED,Purchase order PO-001391 created in ERP
EVT-0001392,2026-02-05 00:00:00,PURCHASE_ORDER,PO-001392,PO_CREATED,Purchase order PO-001392 created in ERP
EVT-0001393,2026-05-31 00:00:00,PURCHASE_ORDER,PO-001393,PO_CREATED,Purchase order PO-001393 created in ERP
EVT-0001394,2026-02-06 00:00:00,PURCHASE_ORDER,PO-001394,PO_CREATED,Purchase order PO-001394 created in ERP
EVT-0001395,2026-06-19 00:00:00,PURCHASE_ORDER,PO-001395,PO_CREATED,Purchase order PO-001395 created in ERP
EVT-0001396,2026-07-29 00:00:00,PURCHASE_ORDER,PO-001396,PO_CREATED,Purchase order PO-001396 created in ERP
EVT-0001397,2026-01-18 00:00:00,PURCHASE_ORDER,PO-001397,PO_CREATED,Purchase order PO-001397 created in ERP
EVT-0001398,2026-02-19 00:00:00,PURCHASE_ORDER,PO-001398,PO_CREATED,Purchase order PO-001398 created in ERP
EVT-0001399,2026-01-13 00:00:00,PURCHASE_ORDER,PO-001399,PO_CREATED,Purchase order PO-001399 created in ERP
EVT-0001400,2026-07-07 00:00:00,PURCHASE_ORDER,PO-001400,PO_CREATED,Purchase order PO-001400 created in ERP
EVT-0001401,2026-03-28 00:00:00,PURCHASE_ORDER,PO-001401,PO_CREATED,Purchase order PO-001401 created in ERP
EVT-0001402,2026-08-17 00:00:00,PURCHASE_ORDER,PO-001402,PO_CREATED,Purchase order PO-001402 created in ERP
EVT-0001403,2026-08-11 00:00:00,PURCHASE_ORDER,PO-001403,PO_CREATED,Purchase order PO-001403 created in ERP
EVT-0001404,2026-06-05 00:00:00,PURCHASE_ORDER,PO-001404,PO_CREATED,Purchase order PO-001404 created in ERP
EVT-0001405,2026-06-13 00:00:00,PURCHASE_ORDER,PO-001405,PO_CREATED,Purchase order PO-001405 created in ERP
EVT-0001406,2026-07-12 00:00:00,PURCHASE_ORDER,PO-001406,PO_CREATED,Purchase order PO-001406 created in ERP
EVT-0001407,2026-06-23 00:00:00,PURCHASE_ORDER,PO-001407,PO_CREATED,Purchase order PO-001407 created in ERP
EVT-0001408,2026-02-07 00:00:00,PURCHASE_ORDER,PO-001408,PO_CREATED,Purchase order PO-001408 created in ERP
EVT-0001409,2026-02-09 00:00:00,PURCHASE_ORDER,PO-001409,PO_CREATED,Purchase order PO-001409 created in ERP
EVT-0001410,2026-08-03 00:00:00,PURCHASE_ORDER,PO-001410,PO_CREATED,Purchase order PO-001410 created in ERP
EVT-0001411,2026-03-16 00:00:00,PURCHASE_ORDER,PO-001411,PO_CREATED,Purchase order PO-001411 created in ERP
EVT-0001412,2026-06-18 00:00:00,PURCHASE_ORDER,PO-001412,PO_CREATED,Purchase order PO-001412 created in ERP
EVT-0001413,2026-08-27 00:00:00,PURCHASE_ORDER,PO-001413,PO_CREATED,Purchase order PO-001413 created in ERP
EVT-0001414,2026-02-28 00:00:00,PURCHASE_ORDER,PO-001414,PO_CREATED,Purchase order PO-001414 created in ERP
EVT-0001415,2026-01-15 00:00:00,PURCHASE_ORDER,PO-001415,PO_CREATED,Purchase order PO-001415 created in ERP
EVT-0001416,2026-04-01 00:00:00,PURCHASE_ORDER,PO-001416,PO_CREATED,Purchase order PO-001416 created in ERP
EVT-0001417,2026-04-13 00:00:00,PURCHASE_ORDER,PO-001417,PO_CREATED,Purchase order PO-001417 created in ERP
EVT-0001418,2026-06-16 00:00:00,PURCHASE_ORDER,PO-001418,PO_CREATED,Purchase order PO-001418 created in ERP
EVT-0001419,2026-06-19 00:00:00,PURCHASE_ORDER,PO-001419,PO_CREATED,Purchase order PO-001419 created in ERP
EVT-0001420,2026-05-11 00:00:00,PURCHASE_ORDER,PO-001420,PO_CREATED,Purchase order PO-001420 created in ERP
EVT-0001421,2026-03-26 00:00:00,PURCHASE_ORDER,PO-001421,PO_CREATED,Purchase order PO-001421 created in ERP
EVT-0001422,2026-05-11 00:00:00,PURCHASE_ORDER,PO-001422,PO_CREATED,Purchase order PO-001422 created in ERP
EVT-0001423,2026-07-12 00:00:00,PURCHASE_ORDER,PO-001423,PO_CREATED,Purchase order PO-001423 created in ERP
EVT-0001424,2026-06-08 00:00:00,PURCHASE_ORDER,PO-001424,PO_CREATED,Purchase order PO-001424 created in ERP
EVT-0001425,2026-01-07 00:00:00,PURCHASE_ORDER,PO-001425,PO_CREATED,Purchase order PO-001425 created in ERP
EVT-0001426,2026-06-19 00:00:00,PURCHASE_ORDER,PO-001426,PO_CREATED,Purchase order PO-001426 created in ERP
EVT-0001427,2026-06-10 00:00:00,PURCHASE_ORDER,PO-001427,PO_CREATED,Purchase order PO-001427 created in ERP
EVT-0001428,2026-04-19 00:00:00,PURCHASE_ORDER,PO-001428,PO_CREATED,Purchase order PO-001428 created in ERP
EVT-0001429,2026-06-20 00:00:00,PURCHASE_ORDER,PO-001429,PO_CREATED,Purchase order PO-001429 created in ERP
EVT-0001430,2026-07-27 00:00:00,PURCHASE_ORDER,PO-001430,PO_CREATED,Purchase order PO-001430 created in ERP
EVT-0001431,2026-04-17 00:00:00,PURCHASE_ORDER,PO-001431,PO_CREATED,Purchase order PO-001431 created in ERP
EVT-0001432,2026-02-05 00:00:00,PURCHASE_ORDER,PO-001432,PO_CREATED,Purchase order PO-001432 created in ERP
EVT-0001433,2026-01-19 00:00:00,PURCHASE_ORDER,PO-001433,PO_CREATED,Purchase order PO-001433 created in ERP
EVT-0001434,2026-02-24 00:00:00,PURCHASE_ORDER,PO-001434,PO_CREATED,Purchase order PO-001434 created in ERP
EVT-0001435,2026-02-05 00:00:00,PURCHASE_ORDER,PO-001435,PO_CREATED,Purchase order PO-001435 created in ERP
EVT-0001436,2026-01-18 00:00:00,PURCHASE_ORDER,PO-001436,PO_CREATED,Purchase order PO-001436 created in ERP
EVT-0001437,2026-07-10 00:00:00,PURCHASE_ORDER,PO-001437,PO_CREATED,Purchase order PO-001437 created in ERP
EVT-0001438,2026-05-04 00:00:00,PURCHASE_ORDER,PO-001438,PO_CREATED,Purchase order PO-001438 created in ERP
EVT-0001439,2026-03-12 00:00:00,PURCHASE_ORDER,PO-001439,PO_CREATED,Purchase order PO-001439 created in ERP
EVT-0001440,2026-02-24 00:00:00,PURCHASE_ORDER,PO-001440,PO_CREATED,Purchase order PO-001440 created in ERP
EVT-0001441,2026-01-26 00:00:00,PURCHASE_ORDER,PO-001441,PO_CREATED,Purchase order PO-001441 created in ERP
EVT-0001442,2026-05-17 00:00:00,PURCHASE_ORDER,PO-001442,PO_CREATED,Purchase order PO-001442 created in ERP
EVT-0001443,2026-06-11 00:00:00,PURCHASE_ORDER,PO-001443,PO_CREATED,Purchase order PO-001443 created in ERP
EVT-0001444,2026-02-15 00:00:00,PURCHASE_ORDER,PO-001444,PO_CREATED,Purchase order PO-001444 created in ERP
EVT-0001445,2026-05-09 00:00:00,PURCHASE_ORDER,PO-001445,PO_CREATED,Purchase order PO-001445 created in ERP
EVT-0001446,2026-03-07 00:00:00,PURCHASE_ORDER,PO-001446,PO_CREATED,Purchase order PO-001446 created in ERP
EVT-0001447,2026-02-02 00:00:00,PURCHASE_ORDER,PO-001447,PO_CREATED,Purchase order PO-001447 created in ERP
EVT-0001448,2026-08-06 00:00:00,PURCHASE_ORDER,PO-001448,PO_CREATED,Purchase order PO-001448 created in ERP
EVT-0001449,2026-02-10 00:00:00,PURCHASE_ORDER,PO-001449,PO_CREATED,Purchase order PO-001449 created in ERP
EVT-0001450,2026-04-20 00:00:00,PURCHASE_ORDER,PO-001450,PO_CREATED,Purchase order PO-001450 created in ERP
EVT-0001451,2026-06-10 00:00:00,PURCHASE_ORDER,PO-001451,PO_CREATED,Purchase order PO-001451 created in ERP
EVT-0001452,2026-03-10 00:00:00,PURCHASE_ORDER,PO-001452,PO_CREATED,Purchase order PO-001452 created in ERP
EVT-0001453,2026-02-26 00:00:00,PURCHASE_ORDER,PO-001453,PO_CREATED,Purchase order PO-001453 created in ERP
EVT-0001454,2026-02-02 00:00:00,PURCHASE_ORDER,PO-001454,PO_CREATED,Purchase order PO-001454 created in ERP
EVT-0001455,2026-02-10 00:00:00,PURCHASE_ORDER,PO-001455,PO_CREATED,Purchase order PO-001455 created in ERP
EVT-0001456,2026-03-05 00:00:00,PURCHASE_ORDER,PO-001456,PO_CREATED,Purchase order PO-001456 created in ERP
EVT-0001457,2026-06-27 00:00:00,PURCHASE_ORDER,PO-001457,PO_CREATED,Purchase order PO-001457 created in ERP
EVT-0001458,2026-01-25 00:00:00,PURCHASE_ORDER,PO-001458,PO_CREATED,Purchase order PO-001458 created in ERP
EVT-0001459,2026-07-11 00:00:00,PURCHASE_ORDER,PO-001459,PO_CREATED,Purchase order PO-001459 created in ERP
EVT-0001460,2026-02-16 00:00:00,PURCHASE_ORDER,PO-001460,PO_CREATED,Purchase order PO-001460 created in ERP
EVT-0001461,2026-01-27 00:00:00,PURCHASE_ORDER,PO-001461,PO_CREATED,Purchase order PO-001461 created in ERP
EVT-0001462,2026-03-01 00:00:00,PURCHASE_ORDER,PO-001462,PO_CREATED,Purchase order PO-001462 created in ERP
EVT-0001463,2026-01-23 00:00:00,PURCHASE_ORDER,PO-001463,PO_CREATED,Purchase order PO-001463 created in ERP
EVT-0001464,2026-08-07 00:00:00,PURCHASE_ORDER,PO-001464,PO_CREATED,Purchase order PO-001464 created in ERP
EVT-0001465,2026-01-20 00:00:00,PURCHASE_ORDER,PO-001465,PO_CREATED,Purchase order PO-001465 created in ERP
EVT-0001466,2026-03-24 00:00:00,PURCHASE_ORDER,PO-001466,PO_CREATED,Purchase order PO-001466 created in ERP
EVT-0001467,2026-08-26 00:00:00,PURCHASE_ORDER,PO-001467,PO_CREATED,Purchase order PO-001467 created in ERP
EVT-0001468,2026-08-06 00:00:00,PURCHASE_ORDER,PO-001468,PO_CREATED,Purchase order PO-001468 created in ERP
EVT-0001469,2026-02-18 00:00:00,PURCHASE_ORDER,PO-001469,PO_CREATED,Purchase order PO-001469 created in ERP
EVT-0001470,2026-02-01 00:00:00,PURCHASE_ORDER,PO-001470,PO_CREATED,Purchase order PO-001470 created in ERP
EVT-0001471,2026-01-14 00:00:00,PURCHASE_ORDER,PO-001471,PO_CREATED,Purchase order PO-001471 created in ERP
EVT-0001472,2026-07-09 00:00:00,PURCHASE_ORDER,PO-001472,PO_CREATED,Purchase order PO-001472 created in ERP
EVT-0001473,2026-04-30 00:00:00,PURCHASE_ORDER,PO-001473,PO_CREATED,Purchase order PO-001473 created in ERP
EVT-0001474,2026-02-23 00:00:00,PURCHASE_ORDER,PO-001474,PO_CREATED,Purchase order PO-001474 created in ERP
EVT-0001475,2026-08-12 00:00:00,PURCHASE_ORDER,PO-001475,PO_CREATED,Purchase order PO-001475 created in ERP
EVT-0001476,2026-05-11 00:00:00,PURCHASE_ORDER,PO-001476,PO_CREATED,Purchase order PO-001476 created in ERP
EVT-0001477,2026-06-22 00:00:00,PURCHASE_ORDER,PO-001477,PO_CREATED,Purchase order PO-001477 created in ERP
EVT-0001478,2026-01-04 00:00:00,PURCHASE_ORDER,PO-001478,PO_CREATED,Purchase order PO-001478 created in ERP
EVT-0001479,2026-02-28 00:00:00,PURCHASE_ORDER,PO-001479,PO_CREATED,Purchase order PO-001479 created in ERP
EVT-0001480,2026-08-26 00:00:00,PURCHASE_ORDER,PO-001480,PO_CREATED,Purchase order PO-001480 created in ERP
EVT-0001481,2026-06-03 00:00:00,PURCHASE_ORDER,PO-001481,PO_CREATED,Purchase order PO-001481 created in ERP
EVT-0001482,2026-08-21 00:00:00,PURCHASE_ORDER,PO-001482,PO_CREATED,Purchase order PO-001482 created in ERP
EVT-0001483,2026-03-15 00:00:00,PURCHASE_ORDER,PO-001483,PO_CREATED,Purchase order PO-001483 created in ERP
EVT-0001484,2026-01-06 00:00:00,PURCHASE_ORDER,PO-001484,PO_CREATED,Purchase order PO-001484 created in ERP
EVT-0001485,2026-08-23 00:00:00,PURCHASE_ORDER,PO-001485,PO_CREATED,Purchase order PO-001485 created in ERP
EVT-0001486,2026-01-04 00:00:00,PURCHASE_ORDER,PO-001486,PO_CREATED,Purchase order PO-001486 created in ERP
EVT-0001487,2026-05-31 00:00:00,PURCHASE_ORDER,PO-001487,PO_CREATED,Purchase order PO-001487 created in ERP
EVT-0001488,2026-03-17 00:00:00,PURCHASE_ORDER,PO-001488,PO_CREATED,Purchase order PO-001488 created in ERP
EVT-0001489,2026-03-20 00:00:00,PURCHASE_ORDER,PO-001489,PO_CREATED,Purchase order PO-001489 created in ERP
EVT-0001490,2026-01-04 00:00:00,PURCHASE_ORDER,PO-001490,PO_CREATED,Purchase order PO-001490 created in ERP
EVT-0001491,2026-05-15 00:00:00,PURCHASE_ORDER,PO-001491,PO_CREATED,Purchase order PO-001491 created in ERP
EVT-0001492,2026-01-07 00:00:00,PURCHASE_ORDER,PO-001492,PO_CREATED,Purchase order PO-001492 created in ERP
EVT-0001493,2026-05-31 00:00:00,PURCHASE_ORDER,PO-001493,PO_CREATED,Purchase order PO-001493 created in ERP
EVT-0001494,2026-06-08 00:00:00,PURCHASE_ORDER,PO-001494,PO_CREATED,Purchase order PO-001494 created in ERP
EVT-0001495,2026-04-21 00:00:00,PURCHASE_ORDER,PO-001495,PO_CREATED,Purchase order PO-001495 created in ERP
EVT-0001496,2026-05-29 00:00:00,PURCHASE_ORDER,PO-001496,PO_CREATED,Purchase order PO-001496 created in ERP
EVT-0001497,2026-03-14 00:00:00,PURCHASE_ORDER,PO-001497,PO_CREATED,Purchase order PO-001497 created in ERP
EVT-0001498,2026-06-15 00:00:00,PURCHASE_ORDER,PO-001498,PO_CREATED,Purchase order PO-001498 created in ERP
EVT-0001499,2026-05-03 00:00:00,PURCHASE_ORDER,PO-001499,PO_CREATED,Purchase order PO-001499 created in ERP
EVT-0001500,2026-04-11 00:00:00,PURCHASE_ORDER,PO-001500,PO_CREATED,Purchase order PO-001500 created in ERP
EVT-0001501,2026-02-08 00:00:00,PURCHASE_ORDER,PO-001501,PO_CREATED,Purchase order PO-001501 created in ERP
EVT-0001502,2026-04-07 00:00:00,PURCHASE_ORDER,PO-001502,PO_CREATED,Purchase order PO-001502 created in ERP
EVT-0001503,2026-07-17 00:00:00,PURCHASE_ORDER,PO-001503,PO_CREATED,Purchase order PO-001503 created in ERP
EVT-0001504,2026-07-13 00:00:00,PURCHASE_ORDER,PO-001504,PO_CREATED,Purchase order PO-001504 created in ERP
EVT-0001505,2026-08-14 00:00:00,PURCHASE_ORDER,PO-001505,PO_CREATED,Purchase order PO-001505 created in ERP
EVT-0001506,2026-02-17 00:00:00,PURCHASE_ORDER,PO-001506,PO_CREATED,Purchase order PO-001506 created in ERP
EVT-0001507,2026-03-08 00:00:00,PURCHASE_ORDER,PO-001507,PO_CREATED,Purchase order PO-001507 created in ERP
EVT-0001508,2026-05-26 00:00:00,PURCHASE_ORDER,PO-001508,PO_CREATED,Purchase order PO-001508 created in ERP
EVT-0001509,2026-03-07 00:00:00,PURCHASE_ORDER,PO-001509,PO_CREATED,Purchase order PO-001509 created in ERP
EVT-0001510,2026-03-16 00:00:00,PURCHASE_ORDER,PO-001510,PO_CREATED,Purchase order PO-001510 created in ERP
EVT-0001511,2026-04-06 00:00:00,PURCHASE_ORDER,PO-001511,PO_CREATED,Purchase order PO-001511 created in ERP
EVT-0001512,2026-01-24 00:00:00,PURCHASE_ORDER,PO-001512,PO_CREATED,Purchase order PO-001512 created in ERP
EVT-0001513,2026-07-16 00:00:00,PURCHASE_ORDER,PO-001513,PO_CREATED,Purchase order PO-001513 created in ERP
EVT-0001514,2026-07-17 00:00:00,PURCHASE_ORDER,PO-001514,PO_CREATED,Purchase order PO-001514 created in ERP
EVT-0001515,2026-05-08 00:00:00,PURCHASE_ORDER,PO-001515,PO_CREATED,Purchase order PO-001515 created in ERP
EVT-0001516,2026-08-23 00:00:00,PURCHASE_ORDER,PO-001516,PO_CREATED,Purchase order PO-001516 created in ERP
EVT-0001517,2026-08-21 00:00:00,PURCHASE_ORDER,PO-001517,PO_CREATED,Purchase order PO-001517 created in ERP
EVT-0001518,2026-03-15 00:00:00,PURCHASE_ORDER,PO-001518,PO_CREATED,Purchase order PO-001518 created in ERP
EVT-0001519,2026-04-09 00:00:00,PURCHASE_ORDER,PO-001519,PO_CREATED,Purchase order PO-001519 created in ERP
EVT-0001520,2026-03-12 00:00:00,PURCHASE_ORDER,PO-001520,PO_CREATED,Purchase order PO-001520 created in ERP
EVT-0001521,2026-01-10 00:00:00,PURCHASE_ORDER,PO-001521,PO_CREATED,Purchase order PO-001521 created in ERP
EVT-0001522,2026-01-28 00:00:00,PURCHASE_ORDER,PO-001522,PO_CREATED,Purchase order PO-001522 created in ERP
EVT-0001523,2026-03-27 00:00:00,PURCHASE_ORDER,PO-001523,PO_CREATED,Purchase order PO-001523 created in ERP
EVT-0001524,2026-03-14 00:00:00,PURCHASE_ORDER,PO-001524,PO_CREATED,Purchase order PO-001524 created in ERP
EVT-0001525,2026-04-20 00:00:00,PURCHASE_ORDER,PO-001525,PO_CREATED,Purchase order PO-001525 created in ERP
EVT-0001526,2026-08-19 00:00:00,PURCHASE_ORDER,PO-001526,PO_CREATED,Purchase order PO-001526 created in ERP
EVT-0001527,2026-07-29 00:00:00,PURCHASE_ORDER,PO-001527,PO_CREATED,Purchase order PO-001527 created in ERP
EVT-0001528,2026-02-20 00:00:00,PURCHASE_ORDER,PO-001528,PO_CREATED,Purchase order PO-001528 created in ERP
EVT-0001529,2026-07-03 00:00:00,PURCHASE_ORDER,PO-001529,PO_CREATED,Purchase order PO-001529 created in ERP
EVT-0001530,2026-08-28 00:00:00,PURCHASE_ORDER,PO-001530,PO_CREATED,Purchase order PO-001530 created in ERP
EVT-0001531,2026-04-14 00:00:00,PURCHASE_ORDER,PO-001531,PO_CREATED,Purchase order PO-001531 created in ERP
EVT-0001532,2026-06-24 00:00:00,PURCHASE_ORDER,PO-001532,PO_CREATED,Purchase order PO-001532 created in ERP
EVT-0001533,2026-07-21 00:00:00,PURCHASE_ORDER,PO-001533,PO_CREATED,Purchase order PO-001533 created in ERP
EVT-0001534,2026-04-18 00:00:00,PURCHASE_ORDER,PO-001534,PO_CREATED,Purchase order PO-001534 created in ERP
EVT-0001535,2026-06-21 00:00:00,PURCHASE_ORDER,PO-001535,PO_CREATED,Purchase order PO-001535 created in ERP
EVT-0001536,2026-05-27 00:00:00,PURCHASE_ORDER,PO-001536,PO_CREATED,Purchase order PO-001536 created in ERP
EVT-0001537,2026-02-07 00:00:00,PURCHASE_ORDER,PO-001537,PO_CREATED,Purchase order PO-001537 created in ERP
EVT-0001538,2026-01-23 00:00:00,PURCHASE_ORDER,PO-001538,PO_CREATED,Purchase order PO-001538 created in ERP
EVT-0001539,2026-03-13 00:00:00,PURCHASE_ORDER,PO-001539,PO_CREATED,Purchase order PO-001539 created in ERP
EVT-0001540,2026-05-15 00:00:00,PURCHASE_ORDER,PO-001540,PO_CREATED,Purchase order PO-001540 created in ERP
EVT-0001541,2026-08-07 00:00:00,PURCHASE_ORDER,PO-001541,PO_CREATED,Purchase order PO-001541 created in ERP
EVT-0001542,2026-06-09 00:00:00,PURCHASE_ORDER,PO-001542,PO_CREATED,Purchase order PO-001542 created in ERP
EVT-0001543,2026-05-14 00:00:00,PURCHASE_ORDER,PO-001543,PO_CREATED,Purchase order PO-001543 created in ERP
EVT-0001544,2026-02-05 00:00:00,PURCHASE_ORDER,PO-001544,PO_CREATED,Purchase order PO-001544 created in ERP
EVT-0001545,2026-05-03 00:00:00,PURCHASE_ORDER,PO-001545,PO_CREATED,Purchase order PO-001545 created in ERP
EVT-0001546,2026-04-28 00:00:00,PURCHASE_ORDER,PO-001546,PO_CREATED,Purchase order PO-001546 created in ERP
EVT-0001547,2026-01-22 00:00:00,PURCHASE_ORDER,PO-001547,PO_CREATED,Purchase order PO-001547 created in ERP
EVT-0001548,2026-03-24 00:00:00,PURCHASE_ORDER,PO-001548,PO_CREATED,Purchase order PO-001548 created in ERP
EVT-0001549,2026-03-26 00:00:00,PURCHASE_ORDER,PO-001549,PO_CREATED,Purchase order PO-001549 created in ERP
EVT-0001550,2026-01-21 00:00:00,PURCHASE_ORDER,PO-001550,PO_CREATED,Purchase order PO-001550 created in ERP
EVT-0001551,2026-07-18 00:00:00,PURCHASE_ORDER,PO-001551,PO_CREATED,Purchase order PO-001551 created in ERP
EVT-0001552,2026-08-02 00:00:00,PURCHASE_ORDER,PO-001552,PO_CREATED,Purchase order PO-001552 created in ERP
EVT-0001553,2026-04-09 00:00:00,PURCHASE_ORDER,PO-001553,PO_CREATED,Purchase order PO-001553 created in ERP
EVT-0001554,2026-08-20 00:00:00,PURCHASE_ORDER,PO-001554,PO_CREATED,Purchase order PO-001554 created in ERP
EVT-0001555,2026-07-26 00:00:00,PURCHASE_ORDER,PO-001555,PO_CREATED,Purchase order PO-001555 created in ERP
EVT-0001556,2026-03-26 00:00:00,PURCHASE_ORDER,PO-001556,PO_CREATED,Purchase order PO-001556 created in ERP
EVT-0001557,2026-08-01 00:00:00,PURCHASE_ORDER,PO-001557,PO_CREATED,Purchase order PO-001557 created in ERP
EVT-0001558,2026-02-10 00:00:00,PURCHASE_ORDER,PO-001558,PO_CREATED,Purchase order PO-001558 created in ERP
EVT-0001559,2026-03-23 00:00:00,PURCHASE_ORDER,PO-001559,PO_CREATED,Purchase order PO-001559 created in ERP
EVT-0001560,2026-07-07 00:00:00,PURCHASE_ORDER,PO-001560,PO_CREATED,Purchase order PO-001560 created in ERP
EVT-0001561,2026-01-17 00:00:00,PURCHASE_ORDER,PO-001561,PO_CREATED,Purchase order PO-001561 created in ERP
EVT-0001562,2026-02-28 00:00:00,PURCHASE_ORDER,PO-001562,PO_CREATED,Purchase order PO-001562 created in ERP
EVT-0001563,2026-08-15 00:00:00,PURCHASE_ORDER,PO-001563,PO_CREATED,Purchase order PO-001563 created in ERP
EVT-0001564,2026-05-22 00:00:00,PURCHASE_ORDER,PO-001564,PO_CREATED,Purchase order PO-001564 created in ERP
EVT-0001565,2026-03-22 00:00:00,PURCHASE_ORDER,PO-001565,PO_CREATED,Purchase order PO-001565 created in ERP
EVT-0001566,2026-07-14 00:00:00,PURCHASE_ORDER,PO-001566,PO_CREATED,Purchase order PO-001566 created in ERP
EVT-0001567,2026-04-19 00:00:00,PURCHASE_ORDER,PO-001567,PO_CREATED,Purchase order PO-001567 created in ERP
EVT-0001568,2026-06-23 00:00:00,PURCHASE_ORDER,PO-001568,PO_CREATED,Purchase order PO-001568 created in ERP
EVT-0001569,2026-06-16 00:00:00,PURCHASE_ORDER,PO-001569,PO_CREATED,Purchase order PO-001569 created in ERP
EVT-0001570,2026-04-24 00:00:00,PURCHASE_ORDER,PO-001570,PO_CREATED,Purchase order PO-001570 created in ERP
EVT-0001571,2026-06-10 00:00:00,PURCHASE_ORDER,PO-001571,PO_CREATED,Purchase order PO-001571 created in ERP
EVT-0001572,2026-05-04 00:00:00,PURCHASE_ORDER,PO-001572,PO_CREATED,Purchase order PO-001572 created in ERP
EVT-0001573,2026-08-04 00:00:00,PURCHASE_ORDER,PO-001573,PO_CREATED,Purchase order PO-001573 created in ERP
EVT-0001574,2026-06-01 00:00:00,PURCHASE_ORDER,PO-001574,PO_CREATED,Purchase order PO-001574 created in ERP
EVT-0001575,2026-01-30 00:00:00,PURCHASE_ORDER,PO-001575,PO_CREATED,Purchase order PO-001575 created in ERP
EVT-0001576,2026-04-06 00:00:00,PURCHASE_ORDER,PO-001576,PO_CREATED,Purchase order PO-001576 created in ERP
EVT-0001577,2026-07-10 00:00:00,PURCHASE_ORDER,PO-001577,PO_CREATED,Purchase order PO-001577 created in ERP
EVT-0001578,2026-01-13 00:00:00,PURCHASE_ORDER,PO-001578,PO_CREATED,Purchase order PO-001578 created in ERP
EVT-0001579,2026-01-12 00:00:00,PURCHASE_ORDER,PO-001579,PO_CREATED,Purchase order PO-001579 created in ERP
EVT-0001580,2026-05-20 00:00:00,PURCHASE_ORDER,PO-001580,PO_CREATED,Purchase order PO-001580 created in ERP
EVT-0001581,2026-07-23 00:00:00,PURCHASE_ORDER,PO-001581,PO_CREATED,Purchase order PO-001581 created in ERP
EVT-0001582,2026-06-16 00:00:00,PURCHASE_ORDER,PO-001582,PO_CREATED,Purchase order PO-001582 created in ERP
EVT-0001583,2026-01-11 00:00:00,PURCHASE_ORDER,PO-001583,PO_CREATED,Purchase order PO-001583 created in ERP
EVT-0001584,2026-04-22 00:00:00,PURCHASE_ORDER,PO-001584,PO_CREATED,Purchase order PO-001584 created in ERP
EVT-0001585,2026-05-16 00:00:00,PURCHASE_ORDER,PO-001585,PO_CREATED,Purchase order PO-001585 created in ERP
EVT-0001586,2026-04-18 00:00:00,PURCHASE_ORDER,PO-001586,PO_CREATED,Purchase order PO-001586 created in ERP
EVT-0001587,2026-04-13 00:00:00,PURCHASE_ORDER,PO-001587,PO_CREATED,Purchase order PO-001587 created in ERP
EVT-0001588,2026-03-18 00:00:00,PURCHASE_ORDER,PO-001588,PO_CREATED,Purchase order PO-001588 created in ERP
EVT-0001589,2026-06-25 00:00:00,PURCHASE_ORDER,PO-001589,PO_CREATED,Purchase order PO-001589 created in ERP
EVT-0001590,2026-04-10 00:00:00,PURCHASE_ORDER,PO-001590,PO_CREATED,Purchase order PO-001590 created in ERP
EVT-0001591,2026-07-19 00:00:00,PURCHASE_ORDER,PO-001591,PO_CREATED,Purchase order PO-001591 created in ERP
EVT-0001592,2026-07-10 00:00:00,PURCHASE_ORDER,PO-001592,PO_CREATED,Purchase order PO-001592 created in ERP
EVT-0001593,2026-05-03 00:00:00,PURCHASE_ORDER,PO-001593,PO_CREATED,Purchase order PO-001593 created in ERP
EVT-0001594,2026-06-16 00:00:00,PURCHASE_ORDER,PO-001594,PO_CREATED,Purchase order PO-001594 created in ERP
EVT-0001595,2026-01-28 00:00:00,PURCHASE_ORDER,PO-001595,PO_CREATED,Purchase order PO-001595 created in ERP
EVT-0001596,2026-06-11 00:00:00,PURCHASE_ORDER,PO-001596,PO_CREATED,Purchase order PO-001596 created in ERP
EVT-0001597,2026-01-23 00:00:00,PURCHASE_ORDER,PO-001597,PO_CREATED,Purchase order PO-001597 created in ERP
EVT-0001598,2026-05-08 00:00:00,PURCHASE_ORDER,PO-001598,PO_CREATED,Purchase order PO-001598 created in ERP
EVT-0001599,2026-03-21 00:00:00,PURCHASE_ORDER,PO-001599,PO_CREATED,Purchase order PO-001599 created in ERP
EVT-0001600,2026-08-20 00:00:00,PURCHASE_ORDER,PO-001600,PO_CREATED,Purchase order PO-001600 created in ERP
EVT-0001601,2026-02-07 00:00:00,PURCHASE_ORDER,PO-001601,PO_CREATED,Purchase order PO-001601 created in ERP
EVT-0001602,2026-06-11 00:00:00,PURCHASE_ORDER,PO-001602,PO_CREATED,Purchase order PO-001602 created in ERP
EVT-0001603,2026-03-01 00:00:00,PURCHASE_ORDER,PO-001603,PO_CREATED,Purchase order PO-001603 created in ERP
EVT-0001604,2026-04-03 00:00:00,PURCHASE_ORDER,PO-001604,PO_CREATED,Purchase order PO-001604 created in ERP
EVT-0001605,2026-03-26 00:00:00,PURCHASE_ORDER,PO-001605,PO_CREATED,Purchase order PO-001605 created in ERP
EVT-0001606,2026-06-16 00:00:00,PURCHASE_ORDER,PO-001606,PO_CREATED,Purchase order PO-001606 created in ERP
EVT-0001607,2026-02-13 00:00:00,PURCHASE_ORDER,PO-001607,PO_CREATED,Purchase order PO-001607 created in ERP
EVT-0001608,2026-04-16 00:00:00,PURCHASE_ORDER,PO-001608,PO_CREATED,Purchase order PO-001608 created in ERP
EVT-0001609,2026-06-06 00:00:00,PURCHASE_ORDER,PO-001609,PO_CREATED,Purchase order PO-001609 created in ERP
EVT-0001610,2026-08-18 00:00:00,PURCHASE_ORDER,PO-001610,PO_CREATED,Purchase order PO-001610 created in ERP
EVT-0001611,2026-03-23 00:00:00,PURCHASE_ORDER,PO-001611,PO_CREATED,Purchase order PO-001611 created in ERP
EVT-0001612,2026-07-18 00:00:00,PURCHASE_ORDER,PO-001612,PO_CREATED,Purchase order PO-001612 created in ERP
EVT-0001613,2026-08-02 00:00:00,PURCHASE_ORDER,PO-001613,PO_CREATED,Purchase order PO-001613 created in ERP
EVT-0001614,2026-03-02 00:00:00,PURCHASE_ORDER,PO-001614,PO_CREATED,Purchase order PO-001614 created in ERP
EVT-0001615,2026-05-22 00:00:00,PURCHASE_ORDER,PO-001615,PO_CREATED,Purchase order PO-001615 created in ERP
EVT-0001616,2026-03-14 00:00:00,PURCHASE_ORDER,PO-001616,PO_CREATED,Purchase order PO-001616 created in ERP
EVT-0001617,2026-07-25 00:00:00,PURCHASE_ORDER,PO-001617,PO_CREATED,Purchase order PO-001617 created in ERP
EVT-0001618,2026-02-24 00:00:00,PURCHASE_ORDER,PO-001618,PO_CREATED,Purchase order PO-001618 created in ERP
EVT-0001619,2026-01-21 00:00:00,PURCHASE_ORDER,PO-001619,PO_CREATED,Purchase order PO-001619 created in ERP
EVT-0001620,2026-06-25 00:00:00,PURCHASE_ORDER,PO-001620,PO_CREATED,Purchase order PO-001620 created in ERP
EVT-0001621,2026-04-15 00:00:00,PURCHASE_ORDER,PO-001621,PO_CREATED,Purchase order PO-001621 created in ERP
EVT-0001622,2026-05-18 00:00:00,PURCHASE_ORDER,PO-001622,PO_CREATED,Purchase order PO-001622 created in ERP
EVT-0001623,2026-01-05 00:00:00,PURCHASE_ORDER,PO-001623,PO_CREATED,Purchase order PO-001623 created in ERP
EVT-0001624,2026-01-22 00:00:00,PURCHASE_ORDER,PO-001624,PO_CREATED,Purchase order PO-001624 created in ERP
EVT-0001625,2026-05-15 00:00:00,PURCHASE_ORDER,PO-001625,PO_CREATED,Purchase order PO-001625 created in ERP
EVT-0001626,2026-07-11 00:00:00,PURCHASE_ORDER,PO-001626,PO_CREATED,Purchase order PO-001626 created in ERP
EVT-0001627,2026-02-20 00:00:00,PURCHASE_ORDER,PO-001627,PO_CREATED,Purchase order PO-001627 created in ERP
EVT-0001628,2026-06-28 00:00:00,PURCHASE_ORDER,PO-001628,PO_CREATED,Purchase order PO-001628 created in ERP
EVT-0001629,2026-04-30 00:00:00,PURCHASE_ORDER,PO-001629,PO_CREATED,Purchase order PO-001629 created in ERP
EVT-0001630,2026-03-23 00:00:00,PURCHASE_ORDER,PO-001630,PO_CREATED,Purchase order PO-001630 created in ERP
EVT-0001631,2026-07-05 00:00:00,PURCHASE_ORDER,PO-001631,PO_CREATED,Purchase order PO-001631 created in ERP
EVT-0001632,2026-08-09 00:00:00,PURCHASE_ORDER,PO-001632,PO_CREATED,Purchase order PO-001632 created in ERP
EVT-0001633,2026-07-21 00:00:00,PURCHASE_ORDER,PO-001633,PO_CREATED,Purchase order PO-001633 created in ERP
EVT-0001634,2026-07-01 00:00:00,PURCHASE_ORDER,PO-001634,PO_CREATED,Purchase order PO-001634 created in ERP
EVT-0001635,2026-07-03 00:00:00,PURCHASE_ORDER,PO-001635,PO_CREATED,Purchase order PO-001635 created in ERP
EVT-0001636,2026-06-24 00:00:00,PURCHASE_ORDER,PO-001636,PO_CREATED,Purchase order PO-001636 created in ERP
EVT-0001637,2026-03-20 00:00:00,PURCHASE_ORDER,PO-001637,PO_CREATED,Purchase order PO-001637 created in ERP
EVT-0001638,2026-07-31 00:00:00,PURCHASE_ORDER,PO-001638,PO_CREATED,Purchase order PO-001638 created in ERP
EVT-0001639,2026-04-16 00:00:00,PURCHASE_ORDER,PO-001639,PO_CREATED,Purchase order PO-001639 created in ERP
EVT-0001640,2026-03-31 00:00:00,PURCHASE_ORDER,PO-001640,PO_CREATED,Purchase order PO-001640 created in ERP
EVT-0001641,2026-08-23 00:00:00,PURCHASE_ORDER,PO-001641,PO_CREATED,Purchase order PO-001641 created in ERP
EVT-0001642,2026-07-07 00:00:00,PURCHASE_ORDER,PO-001642,PO_CREATED,Purchase order PO-001642 created in ERP
EVT-0001643,2026-03-21 00:00:00,PURCHASE_ORDER,PO-001643,PO_CREATED,Purchase order PO-001643 created in ERP
EVT-0001644,2026-07-05 00:00:00,PURCHASE_ORDER,PO-001644,PO_CREATED,Purchase order PO-001644 created in ERP
EVT-0001645,2026-07-26 00:00:00,PURCHASE_ORDER,PO-001645,PO_CREATED,Purchase order PO-001645 created in ERP
EVT-0001646,2026-06-02 00:00:00,PURCHASE_ORDER,PO-001646,PO_CREATED,Purchase order PO-001646 created in ERP
EVT-0001647,2026-02-10 00:00:00,PURCHASE_ORDER,PO-001647,PO_CREATED,Purchase order PO-001647 created in ERP
EVT-0001648,2026-06-12 00:00:00,PURCHASE_ORDER,PO-001648,PO_CREATED,Purchase order PO-001648 created in ERP
EVT-0001649,2026-05-22 00:00:00,PURCHASE_ORDER,PO-001649,PO_CREATED,Purchase order PO-001649 created in ERP
EVT-0001650,2026-05-23 00:00:00,PURCHASE_ORDER,PO-001650,PO_CREATED,Purchase order PO-001650 created in ERP
EVT-0001651,2026-06-30 00:00:00,PURCHASE_ORDER,PO-001651,PO_CREATED,Purchase order PO-001651 created in ERP
EVT-0001652,2026-03-09 00:00:00,PURCHASE_ORDER,PO-001652,PO_CREATED,Purchase order PO-001652 created in ERP
EVT-0001653,2026-01-25 00:00:00,PURCHASE_ORDER,PO-001653,PO_CREATED,Purchase order PO-001653 created in ERP
EVT-0001654,2026-04-17 00:00:00,PURCHASE_ORDER,PO-001654,PO_CREATED,Purchase order PO-001654 created in ERP
EVT-0001655,2026-05-04 00:00:00,PURCHASE_ORDER,PO-001655,PO_CREATED,Purchase order PO-001655 created in ERP
EVT-0001656,2026-03-08 00:00:00,PURCHASE_ORDER,PO-001656,PO_CREATED,Purchase order PO-001656 created in ERP
EVT-0001657,2026-02-02 00:00:00,PURCHASE_ORDER,PO-001657,PO_CREATED,Purchase order PO-001657 created in ERP
EVT-0001658,2026-07-14 00:00:00,PURCHASE_ORDER,PO-001658,PO_CREATED,Purchase order PO-001658 created in ERP
EVT-0001659,2026-05-05 00:00:00,PURCHASE_ORDER,PO-001659,PO_CREATED,Purchase order PO-001659 created in ERP
EVT-0001660,2026-03-10 00:00:00,PURCHASE_ORDER,PO-001660,PO_CREATED,Purchase order PO-001660 created in ERP
EVT-0001661,2026-06-25 00:00:00,PURCHASE_ORDER,PO-001661,PO_CREATED,Purchase order PO-001661 created in ERP
EVT-0001662,2026-06-06 00:00:00,PURCHASE_ORDER,PO-001662,PO_CREATED,Purchase order PO-001662 created in ERP
EVT-0001663,2026-08-03 00:00:00,PURCHASE_ORDER,PO-001663,PO_CREATED,Purchase order PO-001663 created in ERP
EVT-0001664,2026-04-22 00:00:00,PURCHASE_ORDER,PO-001664,PO_CREATED,Purchase order PO-001664 created in ERP
EVT-0001665,2026-05-22 00:00:00,PURCHASE_ORDER,PO-001665,PO_CREATED,Purchase order PO-001665 created in ERP
EVT-0001666,2026-04-17 00:00:00,PURCHASE_ORDER,PO-001666,PO_CREATED,Purchase order PO-001666 created in ERP
EVT-0001667,2026-05-07 00:00:00,PURCHASE_ORDER,PO-001667,PO_CREATED,Purchase order PO-001667 created in ERP
EVT-0001668,2026-07-25 00:00:00,PURCHASE_ORDER,PO-001668,PO_CREATED,Purchase order PO-001668 created in ERP
EVT-0001669,2026-08-12 00:00:00,PURCHASE_ORDER,PO-001669,PO_CREATED,Purchase order PO-001669 created in ERP
EVT-0001670,2026-04-12 00:00:00,PURCHASE_ORDER,PO-001670,PO_CREATED,Purchase order PO-001670 created in ERP
EVT-0001671,2026-04-06 00:00:00,PURCHASE_ORDER,PO-001671,PO_CREATED,Purchase order PO-001671 created in ERP
EVT-0001672,2026-06-19 00:00:00,PURCHASE_ORDER,PO-001672,PO_CREATED,Purchase order PO-001672 created in ERP
EVT-0001673,2026-01-27 00:00:00,PURCHASE_ORDER,PO-001673,PO_CREATED,Purchase order PO-001673 created in ERP
EVT-0001674,2026-03-30 00:00:00,PURCHASE_ORDER,PO-001674,PO_CREATED,Purchase order PO-001674 created in ERP
EVT-0001675,2026-04-04 00:00:00,PURCHASE_ORDER,PO-001675,PO_CREATED,Purchase order PO-001675 created in ERP
EVT-0001676,2026-02-08 00:00:00,PURCHASE_ORDER,PO-001676,PO_CREATED,Purchase order PO-001676 created in ERP
EVT-0001677,2026-06-10 00:00:00,PURCHASE_ORDER,PO-001677,PO_CREATED,Purchase order PO-001677 created in ERP
EVT-0001678,2026-07-04 00:00:00,PURCHASE_ORDER,PO-001678,PO_CREATED,Purchase order PO-001678 created in ERP
EVT-0001679,2026-01-26 00:00:00,PURCHASE_ORDER,PO-001679,PO_CREATED,Purchase order PO-001679 created in ERP
EVT-0001680,2026-05-16 00:00:00,PURCHASE_ORDER,PO-001680,PO_CREATED,Purchase order PO-001680 created in ERP
EVT-0001681,2026-01-15 00:00:00,PURCHASE_ORDER,PO-001681,PO_CREATED,Purchase order PO-001681 created in ERP
EVT-0001682,2026-06-04 00:00:00,PURCHASE_ORDER,PO-001682,PO_CREATED,Purchase order PO-001682 created in ERP
EVT-0001683,2026-07-16 00:00:00,PURCHASE_ORDER,PO-001683,PO_CREATED,Purchase order PO-001683 created in ERP
EVT-0001684,2026-05-12 00:00:00,PURCHASE_ORDER,PO-001684,PO_CREATED,Purchase order PO-001684 created in ERP
EVT-0001685,2026-04-20 00:00:00,PURCHASE_ORDER,PO-001685,PO_CREATED,Purchase order PO-001685 created in ERP
EVT-0001686,2026-03-24 00:00:00,PURCHASE_ORDER,PO-001686,PO_CREATED,Purchase order PO-001686 created in ERP
EVT-0001687,2026-07-27 00:00:00,PURCHASE_ORDER,PO-001687,PO_CREATED,Purchase order PO-001687 created in ERP
EVT-0001688,2026-04-08 00:00:00,PURCHASE_ORDER,PO-001688,PO_CREATED,Purchase order PO-001688 created in ERP
EVT-0001689,2026-06-26 00:00:00,PURCHASE_ORDER,PO-001689,PO_CREATED,Purchase order PO-001689 created in ERP
EVT-0001690,2026-01-29 00:00:00,PURCHASE_ORDER,PO-001690,PO_CREATED,Purchase order PO-001690 created in ERP
EVT-0001691,2026-04-18 00:00:00,PURCHASE_ORDER,PO-001691,PO_CREATED,Purchase order PO-001691 created in ERP
EVT-0001692,2026-05-24 00:00:00,PURCHASE_ORDER,PO-001692,PO_CREATED,Purchase order PO-001692 created in ERP
EVT-0001693,2026-04-10 00:00:00,PURCHASE_ORDER,PO-001693,PO_CREATED,Purchase order PO-001693 created in ERP
EVT-0001694,2026-06-15 00:00:00,PURCHASE_ORDER,PO-001694,PO_CREATED,Purchase order PO-001694 created in ERP
EVT-0001695,2026-04-12 00:00:00,PURCHASE_ORDER,PO-001695,PO_CREATED,Purchase order PO-001695 created in ERP
EVT-0001696,2026-05-21 00:00:00,PURCHASE_ORDER,PO-001696,PO_CREATED,Purchase order PO-001696 created in ERP
EVT-0001697,2026-03-03 00:00:00,PURCHASE_ORDER,PO-001697,PO_CREATED,Purchase order PO-001697 created in ERP
EVT-0001698,2026-07-17 00:00:00,PURCHASE_ORDER,PO-001698,PO_CREATED,Purchase order PO-001698 created in ERP
EVT-0001699,2026-02-08 00:00:00,PURCHASE_ORDER,PO-001699,PO_CREATED,Purchase order PO-001699 created in ERP
EVT-0001700,2026-05-07 00:00:00,PURCHASE_ORDER,PO-001700,PO_CREATED,Purchase order PO-001700 created in ERP
EVT-0001701,2026-07-14 00:00:00,PURCHASE_ORDER,PO-001701,PO_CREATED,Purchase order PO-001701 created in ERP
EVT-0001702,2026-08-08 00:00:00,PURCHASE_ORDER,PO-001702,PO_CREATED,Purchase order PO-001702 created in ERP
EVT-0001703,2026-07-11 00:00:00,PURCHASE_ORDER,PO-001703,PO_CREATED,Purchase order PO-001703 created in ERP
EVT-0001704,2026-04-10 00:00:00,PURCHASE_ORDER,PO-001704,PO_CREATED,Purchase order PO-001704 created in ERP
EVT-0001705,2026-05-28 00:00:00,PURCHASE_ORDER,PO-001705,PO_CREATED,Purchase order PO-001705 created in ERP
EVT-0001706,2026-07-14 00:00:00,PURCHASE_ORDER,PO-001706,PO_CREATED,Purchase order PO-001706 created in ERP
EVT-0001707,2026-08-27 00:00:00,PURCHASE_ORDER,PO-001707,PO_CREATED,Purchase order PO-001707 created in ERP
EVT-0001708,2026-04-30 00:00:00,PURCHASE_ORDER,PO-001708,PO_CREATED,Purchase order PO-001708 created in ERP
EVT-0001709,2026-03-15 00:00:00,PURCHASE_ORDER,PO-001709,PO_CREATED,Purchase order PO-001709 created in ERP
EVT-0001710,2026-07-28 00:00:00,PURCHASE_ORDER,PO-001710,PO_CREATED,Purchase order PO-001710 created in ERP
EVT-0001711,2026-07-03 00:00:00,PURCHASE_ORDER,PO-001711,PO_CREATED,Purchase order PO-001711 created in ERP
EVT-0001712,2026-04-24 00:00:00,PURCHASE_ORDER,PO-001712,PO_CREATED,Purchase order PO-001712 created in ERP
EVT-0001713,2026-01-11 00:00:00,PURCHASE_ORDER,PO-001713,PO_CREATED,Purchase order PO-001713 created in ERP
EVT-0001714,2026-06-01 00:00:00,PURCHASE_ORDER,PO-001714,PO_CREATED,Purchase order PO-001714 created in ERP
EVT-0001715,2026-04-20 00:00:00,PURCHASE_ORDER,PO-001715,PO_CREATED,Purchase order PO-001715 created in ERP
EVT-0001716,2026-03-28 00:00:00,PURCHASE_ORDER,PO-001716,PO_CREATED,Purchase order PO-001716 created in ERP
EVT-0001717,2026-04-04 00:00:00,PURCHASE_ORDER,PO-001717,PO_CREATED,Purchase order PO-001717 created in ERP
EVT-0001718,2026-07-31 00:00:00,PURCHASE_ORDER,PO-001718,PO_CREATED,Purchase order PO-001718 created in ERP
EVT-0001719,2026-02-21 00:00:00,PURCHASE_ORDER,PO-001719,PO_CREATED,Purchase order PO-001719 created in ERP
EVT-0001720,2026-05-09 00:00:00,PURCHASE_ORDER,PO-001720,PO_CREATED,Purchase order PO-001720 created in ERP
EVT-0001721,2026-05-08 00:00:00,PURCHASE_ORDER,PO-001721,PO_CREATED,Purchase order PO-001721 created in ERP
EVT-0001722,2026-02-02 00:00:00,PURCHASE_ORDER,PO-001722,PO_CREATED,Purchase order PO-001722 created in ERP
EVT-0001723,2026-01-22 00:00:00,PURCHASE_ORDER,PO-001723,PO_CREATED,Purchase order PO-001723 created in ERP
EVT-0001724,2026-08-23 00:00:00,PURCHASE_ORDER,PO-001724,PO_CREATED,Purchase order PO-001724 created in ERP
EVT-0001725,2026-02-15 00:00:00,PURCHASE_ORDER,PO-001725,PO_CREATED,Purchase order PO-001725 created in ERP
EVT-0001726,2026-01-29 00:00:00,PURCHASE_ORDER,PO-001726,PO_CREATED,Purchase order PO-001726 created in ERP
EVT-0001727,2026-01-13 00:00:00,PURCHASE_ORDER,PO-001727,PO_CREATED,Purchase order PO-001727 created in ERP
EVT-0001728,2026-03-08 00:00:00,PURCHASE_ORDER,PO-001728,PO_CREATED,Purchase order PO-001728 created in ERP
EVT-0001729,2026-03-03 00:00:00,PURCHASE_ORDER,PO-001729,PO_CREATED,Purchase order PO-001729 created in ERP
EVT-0001730,2026-04-25 00:00:00,PURCHASE_ORDER,PO-001730,PO_CREATED,Purchase order PO-001730 created in ERP
EVT-0001731,2026-08-09 00:00:00,PURCHASE_ORDER,PO-001731,PO_CREATED,Purchase order PO-001731 created in ERP
EVT-0001732,2026-05-28 00:00:00,PURCHASE_ORDER,PO-001732,PO_CREATED,Purchase order PO-001732 created in ERP
EVT-0001733,2026-06-03 00:00:00,PURCHASE_ORDER,PO-001733,PO_CREATED,Purchase order PO-001733 created in ERP
EVT-0001734,2026-03-27 00:00:00,PURCHASE_ORDER,PO-001734,PO_CREATED,Purchase order PO-001734 created in ERP
EVT-0001735,2026-03-05 00:00:00,PURCHASE_ORDER,PO-001735,PO_CREATED,Purchase order PO-001735 created in ERP
EVT-0001736,2026-02-09 00:00:00,PURCHASE_ORDER,PO-001736,PO_CREATED,Purchase order PO-001736 created in ERP
EVT-0001737,2026-07-30 00:00:00,PURCHASE_ORDER,PO-001737,PO_CREATED,Purchase order PO-001737 created in ERP
EVT-0001738,2026-01-14 00:00:00,PURCHASE_ORDER,PO-001738,PO_CREATED,Purchase order PO-001738 created in ERP
EVT-0001739,2026-03-20 00:00:00,PURCHASE_ORDER,PO-001739,PO_CREATED,Purchase order PO-001739 created in ERP
EVT-0001740,2026-03-31 00:00:00,PURCHASE_ORDER,PO-001740,PO_CREATED,Purchase order PO-001740 created in ERP
EVT-0001741,2026-03-13 00:00:00,PURCHASE_ORDER,PO-001741,PO_CREATED,Purchase order PO-001741 created in ERP
EVT-0001742,2026-06-05 00:00:00,PURCHASE_ORDER,PO-001742,PO_CREATED,Purchase order PO-001742 created in ERP
EVT-0001743,2026-01-12 00:00:00,PURCHASE_ORDER,PO-001743,PO_CREATED,Purchase order PO-001743 created in ERP
EVT-0001744,2026-07-01 00:00:00,PURCHASE_ORDER,PO-001744,PO_CREATED,Purchase order PO-001744 created in ERP
EVT-0001745,2026-06-19 00:00:00,PURCHASE_ORDER,PO-001745,PO_CREATED,Purchase order PO-001745 created in ERP
EVT-0001746,2026-04-01 00:00:00,PURCHASE_ORDER,PO-001746,PO_CREATED,Purchase order PO-001746 created in ERP
EVT-0001747,2026-08-17 00:00:00,PURCHASE_ORDER,PO-001747,PO_CREATED,Purchase order PO-001747 created in ERP
EVT-0001748,2026-07-30 00:00:00,PURCHASE_ORDER,PO-001748,PO_CREATED,Purchase order PO-001748 created in ERP
EVT-0001749,2026-04-20 00:00:00,PURCHASE_ORDER,PO-001749,PO_CREATED,Purchase order PO-001749 created in ERP
EVT-0001750,2026-01-28 00:00:00,PURCHASE_ORDER,PO-001750,PO_CREATED,Purchase order PO-001750 created in ERP
EVT-0001751,2026-06-01 00:00:00,PURCHASE_ORDER,PO-001751,PO_CREATED,Purchase order PO-001751 created in ERP
EVT-0001752,2026-03-02 00:00:00,PURCHASE_ORDER,PO-001752,PO_CREATED,Purchase order PO-001752 created in ERP
EVT-0001753,2026-01-08 00:00:00,PURCHASE_ORDER,PO-001753,PO_CREATED,Purchase order PO-001753 created in ERP
EVT-0001754,2026-04-16 00:00:00,PURCHASE_ORDER,PO-001754,PO_CREATED,Purchase order PO-001754 created in ERP
EVT-0001755,2026-01-10 00:00:00,PURCHASE_ORDER,PO-001755,PO_CREATED,Purchase order PO-001755 created in ERP
EVT-0001756,2026-08-06 00:00:00,PURCHASE_ORDER,PO-001756,PO_CREATED,Purchase order PO-001756 created in ERP
EVT-0001757,2026-02-10 00:00:00,PURCHASE_ORDER,PO-001757,PO_CREATED,Purchase order PO-001757 created in ERP
EVT-0001758,2026-01-11 00:00:00,PURCHASE_ORDER,PO-001758,PO_CREATED,Purchase order PO-001758 created in ERP
EVT-0001759,2026-08-24 00:00:00,PURCHASE_ORDER,PO-001759,PO_CREATED,Purchase order PO-001759 created in ERP
EVT-0001760,2026-08-01 00:00:00,PURCHASE_ORDER,PO-001760,PO_CREATED,Purchase order PO-001760 created in ERP
EVT-0001761,2026-05-13 00:00:00,PURCHASE_ORDER,PO-001761,PO_CREATED,Purchase order PO-001761 created in ERP
EVT-0001762,2026-04-17 00:00:00,PURCHASE_ORDER,PO-001762,PO_CREATED,Purchase order PO-001762 created in ERP
EVT-0001763,2026-01-18 00:00:00,PURCHASE_ORDER,PO-001763,PO_CREATED,Purchase order PO-001763 created in ERP
EVT-0001764,2026-02-24 00:00:00,PURCHASE_ORDER,PO-001764,PO_CREATED,Purchase order PO-001764 created in ERP
EVT-0001765,2026-01-02 00:00:00,PURCHASE_ORDER,PO-001765,PO_CREATED,Purchase order PO-001765 created in ERP
EVT-0001766,2026-06-25 00:00:00,PURCHASE_ORDER,PO-001766,PO_CREATED,Purchase order PO-001766 created in ERP
EVT-0001767,2026-02-12 00:00:00,PURCHASE_ORDER,PO-001767,PO_CREATED,Purchase order PO-001767 created in ERP
EVT-0001768,2026-05-14 00:00:00,PURCHASE_ORDER,PO-001768,PO_CREATED,Purchase order PO-001768 created in ERP
EVT-0001769,2026-06-17 00:00:00,PURCHASE_ORDER,PO-001769,PO_CREATED,Purchase order PO-001769 created in ERP
EVT-0001770,2026-08-02 00:00:00,PURCHASE_ORDER,PO-001770,PO_CREATED,Purchase order PO-001770 created in ERP
EVT-0001771,2026-06-20 00:00:00,PURCHASE_ORDER,PO-001771,PO_CREATED,Purchase order PO-001771 created in ERP
EVT-0001772,2026-07-04 00:00:00,PURCHASE_ORDER,PO-001772,PO_CREATED,Purchase order PO-001772 created in ERP
EVT-0001773,2026-08-10 00:00:00,PURCHASE_ORDER,PO-001773,PO_CREATED,Purchase order PO-001773 created in ERP
EVT-0001774,2026-07-31 00:00:00,PURCHASE_ORDER,PO-001774,PO_CREATED,Purchase order PO-001774 created in ERP
EVT-0001775,2026-08-28 00:00:00,PURCHASE_ORDER,PO-001775,PO_CREATED,Purchase order PO-001775 created in ERP
EVT-0001776,2026-07-05 00:00:00,PURCHASE_ORDER,PO-001776,PO_CREATED,Purchase order PO-001776 created in ERP
EVT-0001777,2026-04-19 00:00:00,PURCHASE_ORDER,PO-001777,PO_CREATED,Purchase order PO-001777 created in ERP
EVT-0001778,2026-07-15 00:00:00,PURCHASE_ORDER,PO-001778,PO_CREATED,Purchase order PO-001778 created in ERP
EVT-0001779,2026-01-19 00:00:00,PURCHASE_ORDER,PO-001779,PO_CREATED,Purchase order PO-001779 created in ERP
EVT-0001780,2026-08-01 00:00:00,PURCHASE_ORDER,PO-001780,PO_CREATED,Purchase order PO-001780 created in ERP
EVT-0001781,2026-07-02 00:00:00,PURCHASE_ORDER,PO-001781,PO_CREATED,Purchase order PO-001781 created in ERP
EVT-0001782,2026-05-30 00:00:00,PURCHASE_ORDER,PO-001782,PO_CREATED,Purchase order PO-001782 created in ERP
EVT-0001783,2026-07-25 00:00:00,PURCHASE_ORDER,PO-001783,PO_CREATED,Purchase order PO-001783 created in ERP
EVT-0001784,2026-07-17 00:00:00,PURCHASE_ORDER,PO-001784,PO_CREATED,Purchase order PO-001784 created in ERP
EVT-0001785,2026-04-30 00:00:00,PURCHASE_ORDER,PO-001785,PO_CREATED,Purchase order PO-001785 created in ERP
EVT-0001786,2026-02-14 00:00:00,PURCHASE_ORDER,PO-001786,PO_CREATED,Purchase order PO-001786 created in ERP
EVT-0001787,2026-05-03 00:00:00,PURCHASE_ORDER,PO-001787,PO_CREATED,Purchase order PO-001787 created in ERP
EVT-0001788,2026-04-03 00:00:00,PURCHASE_ORDER,PO-001788,PO_CREATED,Purchase order PO-001788 created in ERP
EVT-0001789,2026-05-11 00:00:00,PURCHASE_ORDER,PO-001789,PO_CREATED,Purchase order PO-001789 created in ERP
EVT-0001790,2026-06-12 00:00:00,PURCHASE_ORDER,PO-001790,PO_CREATED,Purchase order PO-001790 created in ERP
EVT-0001791,2026-03-06 00:00:00,PURCHASE_ORDER,PO-001791,PO_CREATED,Purchase order PO-001791 created in ERP
EVT-0001792,2026-06-08 00:00:00,PURCHASE_ORDER,PO-001792,PO_CREATED,Purchase order PO-001792 created in ERP
EVT-0001793,2026-03-03 00:00:00,PURCHASE_ORDER,PO-001793,PO_CREATED,Purchase order PO-001793 created in ERP
EVT-0001794,2026-05-28 00:00:00,PURCHASE_ORDER,PO-001794,PO_CREATED,Purchase order PO-001794 created in ERP
EVT-0001795,2026-08-03 00:00:00,PURCHASE_ORDER,PO-001795,PO_CREATED,Purchase order PO-001795 created in ERP
EVT-0001796,2026-01-17 00:00:00,PURCHASE_ORDER,PO-001796,PO_CREATED,Purchase order PO-001796 created in ERP
EVT-0001797,2026-06-25 00:00:00,PURCHASE_ORDER,PO-001797,PO_CREATED,Purchase order PO-001797 created in ERP
EVT-0001798,2026-01-25 00:00:00,PURCHASE_ORDER,PO-001798,PO_CREATED,Purchase order PO-001798 created in ERP
EVT-0001799,2026-02-04 00:00:00,PURCHASE_ORDER,PO-001799,PO_CREATED,Purchase order PO-001799 created in ERP
EVT-0001800,2026-06-02 00:00:00,PURCHASE_ORDER,PO-001800,PO_CREATED,Purchase order PO-001800 created in ERP
EVT-0001801,2026-08-02 00:00:00,PURCHASE_ORDER,PO-001801,PO_CREATED,Purchase order PO-001801 created in ERP
EVT-0001802,2026-07-25 00:00:00,PURCHASE_ORDER,PO-001802,PO_CREATED,Purchase order PO-001802 created in ERP
EVT-0001803,2026-07-31 00:00:00,PURCHASE_ORDER,PO-001803,PO_CREATED,Purchase order PO-001803 created in ERP
EVT-0001804,2026-04-24 00:00:00,PURCHASE_ORDER,PO-001804,PO_CREATED,Purchase order PO-001804 created in ERP
EVT-0001805,2026-07-01 00:00:00,PURCHASE_ORDER,PO-001805,PO_CREATED,Purchase order PO-001805 created in ERP
EVT-0001806,2026-07-18 00:00:00,PURCHASE_ORDER,PO-001806,PO_CREATED,Purchase order PO-001806 created in ERP
EVT-0001807,2026-07-07 00:00:00,PURCHASE_ORDER,PO-001807,PO_CREATED,Purchase order PO-001807 created in ERP
EVT-0001808,2026-08-14 00:00:00,PURCHASE_ORDER,PO-001808,PO_CREATED,Purchase order PO-001808 created in ERP
EVT-0001809,2026-05-01 00:00:00,PURCHASE_ORDER,PO-001809,PO_CREATED,Purchase order PO-001809 created in ERP
EVT-0001810,2026-03-14 00:00:00,PURCHASE_ORDER,PO-001810,PO_CREATED,Purchase order PO-001810 created in ERP
EVT-0001811,2026-08-25 00:00:00,PURCHASE_ORDER,PO-001811,PO_CREATED,Purchase order PO-001811 created in ERP
EVT-0001812,2026-03-22 00:00:00,PURCHASE_ORDER,PO-001812,PO_CREATED,Purchase order PO-001812 created in ERP
EVT-0001813,2026-07-06 00:00:00,PURCHASE_ORDER,PO-001813,PO_CREATED,Purchase order PO-001813 created in ERP
EVT-0001814,2026-03-14 00:00:00,PURCHASE_ORDER,PO-001814,PO_CREATED,Purchase order PO-001814 created in ERP
EVT-0001815,2026-03-22 00:00:00,PURCHASE_ORDER,PO-001815,PO_CREATED,Purchase order PO-001815 created in ERP
EVT-0001816,2026-01-19 00:00:00,PURCHASE_ORDER,PO-001816,PO_CREATED,Purchase order PO-001816 created in ERP
EVT-0001817,2026-03-25 00:00:00,PURCHASE_ORDER,PO-001817,PO_CREATED,Purchase order PO-001817 created in ERP
EVT-0001818,2026-04-04 00:00:00,PURCHASE_ORDER,PO-001818,PO_CREATED,Purchase order PO-001818 created in ERP
EVT-0001819,2026-07-16 00:00:00,PURCHASE_ORDER,PO-001819,PO_CREATED,Purchase order PO-001819 created in ERP
EVT-0001820,2026-05-14 00:00:00,PURCHASE_ORDER,PO-001820,PO_CREATED,Purchase order PO-001820 created in ERP
EVT-0001821,2026-01-07 00:00:00,PURCHASE_ORDER,PO-001821,PO_CREATED,Purchase order PO-001821 created in ERP
EVT-0001822,2026-08-22 00:00:00,PURCHASE_ORDER,PO-001822,PO_CREATED,Purchase order PO-001822 created in ERP
EVT-0001823,2026-07-09 00:00:00,PURCHASE_ORDER,PO-001823,PO_CREATED,Purchase order PO-001823 created in ERP
EVT-0001824,2026-08-18 00:00:00,PURCHASE_ORDER,PO-001824,PO_CREATED,Purchase order PO-001824 created in ERP
EVT-0001825,2026-05-06 00:00:00,PURCHASE_ORDER,PO-001825,PO_CREATED,Purchase order PO-001825 created in ERP
EVT-0001826,2026-04-18 00:00:00,PURCHASE_ORDER,PO-001826,PO_CREATED,Purchase order PO-001826 created in ERP
EVT-0001827,2026-06-15 00:00:00,PURCHASE_ORDER,PO-001827,PO_CREATED,Purchase order PO-001827 created in ERP
EVT-0001828,2026-03-23 00:00:00,PURCHASE_ORDER,PO-001828,PO_CREATED,Purchase order PO-001828 created in ERP
EVT-0001829,2026-08-24 00:00:00,PURCHASE_ORDER,PO-001829,PO_CREATED,Purchase order PO-001829 created in ERP
EVT-0001830,2026-04-23 00:00:00,PURCHASE_ORDER,PO-001830,PO_CREATED,Purchase order PO-001830 created in ERP
EVT-0001831,2026-01-20 00:00:00,PURCHASE_ORDER,PO-001831,PO_CREATED,Purchase order PO-001831 created in ERP
EVT-0001832,2026-07-22 00:00:00,PURCHASE_ORDER,PO-001832,PO_CREATED,Purchase order PO-001832 created in ERP
EVT-0001833,2026-05-03 00:00:00,PURCHASE_ORDER,PO-001833,PO_CREATED,Purchase order PO-001833 created in ERP
EVT-0001834,2026-05-21 00:00:00,PURCHASE_ORDER,PO-001834,PO_CREATED,Purchase order PO-001834 created in ERP
EVT-0001835,2026-01-04 00:00:00,PURCHASE_ORDER,PO-001835,PO_CREATED,Purchase order PO-001835 created in ERP
EVT-0001836,2026-03-10 00:00:00,PURCHASE_ORDER,PO-001836,PO_CREATED,Purchase order PO-001836 created in ERP
EVT-0001837,2026-06-21 00:00:00,PURCHASE_ORDER,PO-001837,PO_CREATED,Purchase order PO-001837 created in ERP
EVT-0001838,2026-08-11 00:00:00,PURCHASE_ORDER,PO-001838,PO_CREATED,Purchase order PO-001838 created in ERP
EVT-0001839,2026-05-13 00:00:00,PURCHASE_ORDER,PO-001839,PO_CREATED,Purchase order PO-001839 created in ERP
EVT-0001840,2026-05-25 00:00:00,PURCHASE_ORDER,PO-001840,PO_CREATED,Purchase order PO-001840 created in ERP
EVT-0001841,2026-01-24 00:00:00,PURCHASE_ORDER,PO-001841,PO_CREATED,Purchase order PO-001841 created in ERP
EVT-0001842,2026-01-14 00:00:00,PURCHASE_ORDER,PO-001842,PO_CREATED,Purchase order PO-001842 created in ERP
EVT-0001843,2026-06-19 00:00:00,PURCHASE_ORDER,PO-001843,PO_CREATED,Purchase order PO-001843 created in ERP
EVT-0001844,2026-04-25 00:00:00,PURCHASE_ORDER,PO-001844,PO_CREATED,Purchase order PO-001844 created in ERP
EVT-0001845,2026-05-18 00:00:00,PURCHASE_ORDER,PO-001845,PO_CREATED,Purchase order PO-001845 created in ERP
EVT-0001846,2026-03-08 00:00:00,PURCHASE_ORDER,PO-001846,PO_CREATED,Purchase order PO-001846 created in ERP
EVT-0001847,2026-07-04 00:00:00,PURCHASE_ORDER,PO-001847,PO_CREATED,Purchase order PO-001847 created in ERP
EVT-0001848,2026-07-21 00:00:00,PURCHASE_ORDER,PO-001848,PO_CREATED,Purchase order PO-001848 created in ERP
EVT-0001849,2026-08-10 00:00:00,PURCHASE_ORDER,PO-001849,PO_CREATED,Purchase order PO-001849 created in ERP
EVT-0001850,2026-03-03 00:00:00,PURCHASE_ORDER,PO-001850,PO_CREATED,Purchase order PO-001850 created in ERP
EVT-0001851,2026-05-23 00:00:00,PURCHASE_ORDER,PO-001851,PO_CREATED,Purchase order PO-001851 created in ERP
EVT-0001852,2026-03-28 00:00:00,PURCHASE_ORDER,PO-001852,PO_CREATED,Purchase order PO-001852 created in ERP
EVT-0001853,2026-07-28 00:00:00,PURCHASE_ORDER,PO-001853,PO_CREATED,Purchase order PO-001853 created in ERP
EVT-0001854,2026-04-08 00:00:00,PURCHASE_ORDER,PO-001854,PO_CREATED,Purchase order PO-001854 created in ERP
EVT-0001855,2026-07-09 00:00:00,PURCHASE_ORDER,PO-001855,PO_CREATED,Purchase order PO-001855 created in ERP
EVT-0001856,2026-04-15 00:00:00,PURCHASE_ORDER,PO-001856,PO_CREATED,Purchase order PO-001856 created in ERP
EVT-0001857,2026-05-08 00:00:00,PURCHASE_ORDER,PO-001857,PO_CREATED,Purchase order PO-001857 created in ERP
EVT-0001858,2026-02-25 00:00:00,PURCHASE_ORDER,PO-001858,PO_CREATED,Purchase order PO-001858 created in ERP
EVT-0001859,2026-05-29 00:00:00,PURCHASE_ORDER,PO-001859,PO_CREATED,Purchase order PO-001859 created in ERP
EVT-0001860,2026-04-03 00:00:00,PURCHASE_ORDER,PO-001860,PO_CREATED,Purchase order PO-001860 created in ERP
EVT-0001861,2026-07-02 00:00:00,PURCHASE_ORDER,PO-001861,PO_CREATED,Purchase order PO-001861 created in ERP
EVT-0001862,2026-03-03 00:00:00,PURCHASE_ORDER,PO-001862,PO_CREATED,Purchase order PO-001862 created in ERP
EVT-0001863,2026-02-27 00:00:00,PURCHASE_ORDER,PO-001863,PO_CREATED,Purchase order PO-001863 created in ERP
EVT-0001864,2026-02-06 00:00:00,PURCHASE_ORDER,PO-001864,PO_CREATED,Purchase order PO-001864 created in ERP
EVT-0001865,2026-01-06 00:00:00,PURCHASE_ORDER,PO-001865,PO_CREATED,Purchase order PO-001865 created in ERP
EVT-0001866,2026-03-24 00:00:00,PURCHASE_ORDER,PO-001866,PO_CREATED,Purchase order PO-001866 created in ERP
EVT-0001867,2026-07-18 00:00:00,PURCHASE_ORDER,PO-001867,PO_CREATED,Purchase order PO-001867 created in ERP
EVT-0001868,2026-05-02 00:00:00,PURCHASE_ORDER,PO-001868,PO_CREATED,Purchase order PO-001868 created in ERP
EVT-0001869,2026-07-17 00:00:00,PURCHASE_ORDER,PO-001869,PO_CREATED,Purchase order PO-001869 created in ERP
EVT-0001870,2026-04-03 00:00:00,PURCHASE_ORDER,PO-001870,PO_CREATED,Purchase order PO-001870 created in ERP
EVT-0001871,2026-01-03 00:00:00,PURCHASE_ORDER,PO-001871,PO_CREATED,Purchase order PO-001871 created in ERP
EVT-0001872,2026-05-02 00:00:00,PURCHASE_ORDER,PO-001872,PO_CREATED,Purchase order PO-001872 created in ERP
EVT-0001873,2026-01-24 00:00:00,PURCHASE_ORDER,PO-001873,PO_CREATED,Purchase order PO-001873 created in ERP
EVT-0001874,2026-05-29 00:00:00,PURCHASE_ORDER,PO-001874,PO_CREATED,Purchase order PO-001874 created in ERP
EVT-0001875,2026-01-25 00:00:00,PURCHASE_ORDER,PO-001875,PO_CREATED,Purchase order PO-001875 created in ERP
EVT-0001876,2026-06-08 00:00:00,PURCHASE_ORDER,PO-001876,PO_CREATED,Purchase order PO-001876 created in ERP
EVT-0001877,2026-03-30 00:00:00,PURCHASE_ORDER,PO-001877,PO_CREATED,Purchase order PO-001877 created in ERP
EVT-0001878,2026-08-05 00:00:00,PURCHASE_ORDER,PO-001878,PO_CREATED,Purchase order PO-001878 created in ERP
EVT-0001879,2026-01-16 00:00:00,PURCHASE_ORDER,PO-001879,PO_CREATED,Purchase order PO-001879 created in ERP
EVT-0001880,2026-07-24 00:00:00,PURCHASE_ORDER,PO-001880,PO_CREATED,Purchase order PO-001880 created in ERP
EVT-0001881,2026-05-21 00:00:00,PURCHASE_ORDER,PO-001881,PO_CREATED,Purchase order PO-001881 created in ERP
EVT-0001882,2026-05-21 00:00:00,PURCHASE_ORDER,PO-001882,PO_CREATED,Purchase order PO-001882 created in ERP
EVT-0001883,2026-07-02 00:00:00,PURCHASE_ORDER,PO-001883,PO_CREATED,Purchase order PO-001883 created in ERP
EVT-0001884,2026-05-28 00:00:00,PURCHASE_ORDER,PO-001884,PO_CREATED,Purchase order PO-001884 created in ERP
EVT-0001885,2026-01-29 00:00:00,PURCHASE_ORDER,PO-001885,PO_CREATED,Purchase order PO-001885 created in ERP
EVT-0001886,2026-03-20 00:00:00,PURCHASE_ORDER,PO-001886,PO_CREATED,Purchase order PO-001886 created in ERP
EVT-0001887,2026-04-08 00:00:00,PURCHASE_ORDER,PO-001887,PO_CREATED,Purchase order PO-001887 created in ERP
EVT-0001888,2026-02-20 00:00:00,PURCHASE_ORDER,PO-001888,PO_CREATED,Purchase order PO-001888 created in ERP
EVT-0001889,2026-07-18 00:00:00,PURCHASE_ORDER,PO-001889,PO_CREATED,Purchase order PO-001889 created in ERP
EVT-0001890,2026-07-19 00:00:00,PURCHASE_ORDER,PO-001890,PO_CREATED,Purchase order PO-001890 created in ERP
EVT-0001891,2026-01-09 00:00:00,PURCHASE_ORDER,PO-001891,PO_CREATED,Purchase order PO-001891 created in ERP
EVT-0001892,2026-04-20 00:00:00,PURCHASE_ORDER,PO-001892,PO_CREATED,Purchase order PO-001892 created in ERP
EVT-0001893,2026-04-17 00:00:00,PURCHASE_ORDER,PO-001893,PO_CREATED,Purchase order PO-001893 created in ERP
EVT-0001894,2026-07-03 00:00:00,PURCHASE_ORDER,PO-001894,PO_CREATED,Purchase order PO-001894 created in ERP
EVT-0001895,2026-06-24 00:00:00,PURCHASE_ORDER,PO-001895,PO_CREATED,Purchase order PO-001895 created in ERP
EVT-0001896,2026-07-18 00:00:00,PURCHASE_ORDER,PO-001896,PO_CREATED,Purchase order PO-001896 created in ERP
EVT-0001897,2026-01-13 00:00:00,PURCHASE_ORDER,PO-001897,PO_CREATED,Purchase order PO-001897 created in ERP
EVT-0001898,2026-01-19 00:00:00,PURCHASE_ORDER,PO-001898,PO_CREATED,Purchase order PO-001898 created in ERP
EVT-0001899,2026-02-14 00:00:00,PURCHASE_ORDER,PO-001899,PO_CREATED,Purchase order PO-001899 created in ERP
EVT-0001900,2026-08-27 00:00:00,PURCHASE_ORDER,PO-001900,PO_CREATED,Purchase order PO-001900 created in ERP
EVT-0001901,2026-06-07 00:00:00,PURCHASE_ORDER,PO-001901,PO_CREATED,Purchase order PO-001901 created in ERP
EVT-0001902,2026-02-18 00:00:00,PURCHASE_ORDER,PO-001902,PO_CREATED,Purchase order PO-001902 created in ERP
EVT-0001903,2026-05-16 00:00:00,PURCHASE_ORDER,PO-001903,PO_CREATED,Purchase order PO-001903 created in ERP
EVT-0001904,2026-03-30 00:00:00,PURCHASE_ORDER,PO-001904,PO_CREATED,Purchase order PO-001904 created in ERP
EVT-0001905,2026-04-25 00:00:00,PURCHASE_ORDER,PO-001905,PO_CREATED,Purchase order PO-001905 created in ERP
EVT-0001906,2026-03-30 00:00:00,PURCHASE_ORDER,PO-001906,PO_CREATED,Purchase order PO-001906 created in ERP
EVT-0001907,2026-04-05 00:00:00,PURCHASE_ORDER,PO-001907,PO_CREATED,Purchase order PO-001907 created in ERP
EVT-0001908,2026-05-07 00:00:00,PURCHASE_ORDER,PO-001908,PO_CREATED,Purchase order PO-001908 created in ERP
EVT-0001909,2026-01-10 00:00:00,PURCHASE_ORDER,PO-001909,PO_CREATED,Purchase order PO-001909 created in ERP
EVT-0001910,2026-05-17 00:00:00,PURCHASE_ORDER,PO-001910,PO_CREATED,Purchase order PO-001910 created in ERP
EVT-0001911,2026-02-26 00:00:00,PURCHASE_ORDER,PO-001911,PO_CREATED,Purchase order PO-001911 created in ERP
EVT-0001912,2026-08-17 00:00:00,PURCHASE_ORDER,PO-001912,PO_CREATED,Purchase order PO-001912 created in ERP
EVT-0001913,2026-02-22 00:00:00,PURCHASE_ORDER,PO-001913,PO_CREATED,Purchase order PO-001913 created in ERP
EVT-0001914,2026-06-12 00:00:00,PURCHASE_ORDER,PO-001914,PO_CREATED,Purchase order PO-001914 created in ERP
EVT-0001915,2026-02-12 00:00:00,PURCHASE_ORDER,PO-001915,PO_CREATED,Purchase order PO-001915 created in ERP
EVT-0001916,2026-04-14 00:00:00,PURCHASE_ORDER,PO-001916,PO_CREATED,Purchase order PO-001916 created in ERP
EVT-0001917,2026-02-17 00:00:00,PURCHASE_ORDER,PO-001917,PO_CREATED,Purchase order PO-001917 created in ERP
EVT-0001918,2026-05-23 00:00:00,PURCHASE_ORDER,PO-001918,PO_CREATED,Purchase order PO-001918 created in ERP
EVT-0001919,2026-01-05 00:00:00,PURCHASE_ORDER,PO-001919,PO_CREATED,Purchase order PO-001919 created in ERP
EVT-0001920,2026-03-14 00:00:00,PURCHASE_ORDER,PO-001920,PO_CREATED,Purchase order PO-001920 created in ERP
EVT-0001921,2026-04-12 00:00:00,PURCHASE_ORDER,PO-001921,PO_CREATED,Purchase order PO-001921 created in ERP
EVT-0001922,2026-08-24 00:00:00,PURCHASE_ORDER,PO-001922,PO_CREATED,Purchase order PO-001922 created in ERP
EVT-0001923,2026-04-18 00:00:00,PURCHASE_ORDER,PO-001923,PO_CREATED,Purchase order PO-001923 created in ERP
EVT-0001924,2026-05-22 00:00:00,PURCHASE_ORDER,PO-001924,PO_CREATED,Purchase order PO-001924 created in ERP
EVT-0001925,2026-07-11 00:00:00,PURCHASE_ORDER,PO-001925,PO_CREATED,Purchase order PO-001925 created in ERP
EVT-0001926,2026-04-02 00:00:00,PURCHASE_ORDER,PO-001926,PO_CREATED,Purchase order PO-001926 created in ERP
EVT-0001927,2026-08-11 00:00:00,PURCHASE_ORDER,PO-001927,PO_CREATED,Purchase order PO-001927 created in ERP
EVT-0001928,2026-07-27 00:00:00,PURCHASE_ORDER,PO-001928,PO_CREATED,Purchase order PO-001928 created in ERP
EVT-0001929,2026-05-12 00:00:00,PURCHASE_ORDER,PO-001929,PO_CREATED,Purchase order PO-001929 created in ERP
EVT-0001930,2026-08-13 00:00:00,PURCHASE_ORDER,PO-001930,PO_CREATED,Purchase order PO-001930 created in ERP
EVT-0001931,2026-06-03 00:00:00,PURCHASE_ORDER,PO-001931,PO_CREATED,Purchase order PO-001931 created in ERP
EVT-0001932,2026-01-21 00:00:00,PURCHASE_ORDER,PO-001932,PO_CREATED,Purchase order PO-001932 created in ERP
EVT-0001933,2026-06-02 00:00:00,PURCHASE_ORDER,PO-001933,PO_CREATED,Purchase order PO-001933 created in ERP
EVT-0001934,2026-02-04 00:00:00,PURCHASE_ORDER,PO-001934,PO_CREATED,Purchase order PO-001934 created in ERP
EVT-0001935,2026-05-07 00:00:00,PURCHASE_ORDER,PO-001935,PO_CREATED,Purchase order PO-001935 created in ERP
EVT-0001936,2026-05-06 00:00:00,PURCHASE_ORDER,PO-001936,PO_CREATED,Purchase order PO-001936 created in ERP
EVT-0001937,2026-08-19 00:00:00,PURCHASE_ORDER,PO-001937,PO_CREATED,Purchase order PO-001937 created in ERP
EVT-0001938,2026-05-29 00:00:00,PURCHASE_ORDER,PO-001938,PO_CREATED,Purchase order PO-001938 created in ERP
EVT-0001939,2026-06-03 00:00:00,PURCHASE_ORDER,PO-001939,PO_CREATED,Purchase order PO-001939 created in ERP
EVT-0001940,2026-03-15 00:00:00,PURCHASE_ORDER,PO-001940,PO_CREATED,Purchase order PO-001940 created in ERP
EVT-0001941,2026-07-18 00:00:00,PURCHASE_ORDER,PO-001941,PO_CREATED,Purchase order PO-001941 created in ERP
EVT-0001942,2026-03-13 00:00:00,PURCHASE_ORDER,PO-001942,PO_CREATED,Purchase order PO-001942 created in ERP
EVT-0001943,2026-04-16 00:00:00,PURCHASE_ORDER,PO-001943,PO_CREATED,Purchase order PO-001943 created in ERP
EVT-0001944,2026-02-06 00:00:00,PURCHASE_ORDER,PO-001944,PO_CREATED,Purchase order PO-001944 created in ERP
EVT-0001945,2026-02-19 00:00:00,PURCHASE_ORDER,PO-001945,PO_CREATED,Purchase order PO-001945 created in ERP
EVT-0001946,2026-02-03 00:00:00,PURCHASE_ORDER,PO-001946,PO_CREATED,Purchase order PO-001946 created in ERP
EVT-0001947,2026-04-05 00:00:00,PURCHASE_ORDER,PO-001947,PO_CREATED,Purchase order PO-001947 created in ERP
EVT-0001948,2026-01-01 00:00:00,PURCHASE_ORDER,PO-001948,PO_CREATED,Purchase order PO-001948 created in ERP
EVT-0001949,2026-08-01 00:00:00,PURCHASE_ORDER,PO-001949,PO_CREATED,Purchase order PO-001949 created in ERP
EVT-0001950,2026-08-16 00:00:00,PURCHASE_ORDER,PO-001950,PO_CREATED,Purchase order PO-001950 created in ERP
EVT-0001951,2026-01-12 00:00:00,PURCHASE_ORDER,PO-001951,PO_CREATED,Purchase order PO-001951 created in ERP
EVT-0001952,2026-05-09 00:00:00,PURCHASE_ORDER,PO-001952,PO_CREATED,Purchase order PO-001952 created in ERP
EVT-0001953,2026-04-29 00:00:00,PURCHASE_ORDER,PO-001953,PO_CREATED,Purchase order PO-001953 created in ERP
EVT-0001954,2026-05-09 00:00:00,PURCHASE_ORDER,PO-001954,PO_CREATED,Purchase order PO-001954 created in ERP
EVT-0001955,2026-08-19 00:00:00,PURCHASE_ORDER,PO-001955,PO_CREATED,Purchase order PO-001955 created in ERP
EVT-0001956,2026-05-22 00:00:00,PURCHASE_ORDER,PO-001956,PO_CREATED,Purchase order PO-001956 created in ERP
EVT-0001957,2026-01-15 00:00:00,PURCHASE_ORDER,PO-001957,PO_CREATED,Purchase order PO-001957 created in ERP
EVT-0001958,2026-01-25 00:00:00,PURCHASE_ORDER,PO-001958,PO_CREATED,Purchase order PO-001958 created in ERP
EVT-0001959,2026-08-27 00:00:00,PURCHASE_ORDER,PO-001959,PO_CREATED,Purchase order PO-001959 created in ERP
EVT-0001960,2026-03-19 00:00:00,PURCHASE_ORDER,PO-001960,PO_CREATED,Purchase order PO-001960 created in ERP
EVT-0001961,2026-01-30 00:00:00,PURCHASE_ORDER,PO-001961,PO_CREATED,Purchase order PO-001961 created in ERP
EVT-0001962,2026-08-26 00:00:00,PURCHASE_ORDER,PO-001962,PO_CREATED,Purchase order PO-001962 created in ERP
EVT-0001963,2026-02-26 00:00:00,PURCHASE_ORDER,PO-001963,PO_CREATED,Purchase order PO-001963 created in ERP
EVT-0001964,2026-08-08 00:00:00,PURCHASE_ORDER,PO-001964,PO_CREATED,Purchase order PO-001964 created in ERP
EVT-0001965,2026-08-21 00:00:00,PURCHASE_ORDER,PO-001965,PO_CREATED,Purchase order PO-001965 created in ERP
EVT-0001966,2026-05-29 00:00:00,PURCHASE_ORDER,PO-001966,PO_CREATED,Purchase order PO-001966 created in ERP
EVT-0001967,2026-02-16 00:00:00,PURCHASE_ORDER,PO-001967,PO_CREATED,Purchase order PO-001967 created in ERP
EVT-0001968,2026-06-26 00:00:00,PURCHASE_ORDER,PO-001968,PO_CREATED,Purchase order PO-001968 created in ERP
EVT-0001969,2026-02-15 00:00:00,PURCHASE_ORDER,PO-001969,PO_CREATED,Purchase order PO-001969 created in ERP
EVT-0001970,2026-05-21 00:00:00,PURCHASE_ORDER,PO-001970,PO_CREATED,Purchase order PO-001970 created in ERP
EVT-0001971,2026-01-09 00:00:00,PURCHASE_ORDER,PO-001971,PO_CREATED,Purchase order PO-001971 created in ERP
EVT-0001972,2026-05-08 00:00:00,PURCHASE_ORDER,PO-001972,PO_CREATED,Purchase order PO-001972 created in ERP
EVT-0001973,2026-03-29 00:00:00,PURCHASE_ORDER,PO-001973,PO_CREATED,Purchase order PO-001973 created in ERP
EVT-0001974,2026-02-16 00:00:00,PURCHASE_ORDER,PO-001974,PO_CREATED,Purchase order PO-001974 created in ERP
EVT-0001975,2026-02-27 00:00:00,PURCHASE_ORDER,PO-001975,PO_CREATED,Purchase order PO-001975 created in ERP
EVT-0001976,2026-02-10 00:00:00,PURCHASE_ORDER,PO-001976,PO_CREATED,Purchase order PO-001976 created in ERP
EVT-0001977,2026-07-13 00:00:00,PURCHASE_ORDER,PO-001977,PO_CREATED,Purchase order PO-001977 created in ERP
EVT-0001978,2026-06-18 00:00:00,PURCHASE_ORDER,PO-001978,PO_CREATED,Purchase order PO-001978 created in ERP
EVT-0001979,2026-03-06 00:00:00,PURCHASE_ORDER,PO-001979,PO_CREATED,Purchase order PO-001979 created in ERP
EVT-0001980,2026-06-14 00:00:00,PURCHASE_ORDER,PO-001980,PO_CREATED,Purchase order PO-001980 created in ERP
EVT-0001981,2026-07-17 00:00:00,PURCHASE_ORDER,PO-001981,PO_CREATED,Purchase order PO-001981 created in ERP
EVT-0001982,2026-07-09 00:00:00,PURCHASE_ORDER,PO-001982,PO_CREATED,Purchase order PO-001982 created in ERP
EVT-0001983,2026-01-23 00:00:00,PURCHASE_ORDER,PO-001983,PO_CREATED,Purchase order PO-001983 created in ERP
EVT-0001984,2026-06-11 00:00:00,PURCHASE_ORDER,PO-001984,PO_CREATED,Purchase order PO-001984 created in ERP
EVT-0001985,2026-08-06 00:00:00,PURCHASE_ORDER,PO-001985,PO_CREATED,Purchase order PO-001985 created in ERP
EVT-0001986,2026-06-24 00:00:00,PURCHASE_ORDER,PO-001986,PO_CREATED,Purchase order PO-001986 created in ERP
EVT-0001987,2026-05-02 00:00:00,PURCHASE_ORDER,PO-001987,PO_CREATED,Purchase order PO-001987 created in ERP
EVT-0001988,2026-03-11 00:00:00,PURCHASE_ORDER,PO-001988,PO_CREATED,Purchase order PO-001988 created in ERP
EVT-0001989,2026-08-09 00:00:00,PURCHASE_ORDER,PO-001989,PO_CREATED,Purchase order PO-001989 created in ERP
EVT-0001990,2026-06-03 00:00:00,PURCHASE_ORDER,PO-001990,PO_CREATED,Purchase order PO-001990 created in ERP
EVT-0001991,2026-03-27 00:00:00,PURCHASE_ORDER,PO-001991,PO_CREATED,Purchase order PO-001991 created in ERP
EVT-0001992,2026-01-31 00:00:00,PURCHASE_ORDER,PO-001992,PO_CREATED,Purchase order PO-001992 created in ERP
EVT-0001993,2026-04-29 00:00:00,PURCHASE_ORDER,PO-001993,PO_CREATED,Purchase order PO-001993 created in ERP
EVT-0001994,2026-07-22 00:00:00,PURCHASE_ORDER,PO-001994,PO_CREATED,Purchase order PO-001994 created in ERP
EVT-0001995,2026-06-10 00:00:00,PURCHASE_ORDER,PO-001995,PO_CREATED,Purchase order PO-001995 created in ERP
EVT-0001996,2026-08-22 00:00:00,PURCHASE_ORDER,PO-001996,PO_CREATED,Purchase order PO-001996 created in ERP
EVT-0001997,2026-08-10 00:00:00,PURCHASE_ORDER,PO-001997,PO_CREATED,Purchase order PO-001997 created in ERP
EVT-0001998,2026-07-14 00:00:00,PURCHASE_ORDER,PO-001998,PO_CREATED,Purchase order PO-001998 created in ERP
EVT-0001999,2026-07-01 00:00:00,PURCHASE_ORDER,PO-001999,PO_CREATED,Purchase order PO-001999 created in ERP
EVT-0002000,2026-04-22 00:00:00,PURCHASE_ORDER,PO-002000,PO_CREATED,Purchase order PO-002000 created in ERP
EVT-0002001,2026-01-14 00:00:00,PURCHASE_ORDER,PO-002001,PO_CREATED,Purchase order PO-002001 created in ERP
EVT-0002002,2026-06-17 00:00:00,PURCHASE_ORDER,PO-002002,PO_CREATED,Purchase order PO-002002 created in ERP
EVT-0002003,2026-05-10 00:00:00,PURCHASE_ORDER,PO-002003,PO_CREATED,Purchase order PO-002003 created in ERP
EVT-0002004,2026-04-05 00:00:00,PURCHASE_ORDER,PO-002004,PO_CREATED,Purchase order PO-002004 created in ERP
EVT-0002005,2026-05-07 00:00:00,PURCHASE_ORDER,PO-002005,PO_CREATED,Purchase order PO-002005 created in ERP
EVT-0002006,2026-06-18 00:00:00,PURCHASE_ORDER,PO-002006,PO_CREATED,Purchase order PO-002006 created in ERP
EVT-0002007,2026-04-07 00:00:00,PURCHASE_ORDER,PO-002007,PO_CREATED,Purchase order PO-002007 created in ERP
EVT-0002008,2026-03-12 00:00:00,PURCHASE_ORDER,PO-002008,PO_CREATED,Purchase order PO-002008 created in ERP
EVT-0002009,2026-04-01 00:00:00,PURCHASE_ORDER,PO-002009,PO_CREATED,Purchase order PO-002009 created in ERP
EVT-0002010,2026-07-14 00:00:00,PURCHASE_ORDER,PO-002010,PO_CREATED,Purchase order PO-002010 created in ERP
EVT-0002011,2026-01-23 00:00:00,PURCHASE_ORDER,PO-002011,PO_CREATED,Purchase order PO-002011 created in ERP
EVT-0002012,2026-07-22 00:00:00,PURCHASE_ORDER,PO-002012,PO_CREATED,Purchase order PO-002012 created in ERP
EVT-0002013,2026-04-14 00:00:00,PURCHASE_ORDER,PO-002013,PO_CREATED,Purchase order PO-002013 created in ERP
EVT-0002014,2026-06-20 00:00:00,PURCHASE_ORDER,PO-002014,PO_CREATED,Purchase order PO-002014 created in ERP
EVT-0002015,2026-03-18 00:00:00,PURCHASE_ORDER,PO-002015,PO_CREATED,Purchase order PO-002015 created in ERP
EVT-0002016,2026-08-06 00:00:00,PURCHASE_ORDER,PO-002016,PO_CREATED,Purchase order PO-002016 created in ERP
EVT-0002017,2026-06-24 00:00:00,PURCHASE_ORDER,PO-002017,PO_CREATED,Purchase order PO-002017 created in ERP
EVT-0002018,2026-04-14 00:00:00,PURCHASE_ORDER,PO-002018,PO_CREATED,Purchase order PO-002018 created in ERP
EVT-0002019,2026-04-10 00:00:00,PURCHASE_ORDER,PO-002019,PO_CREATED,Purchase order PO-002019 created in ERP
EVT-0002020,2026-03-10 00:00:00,PURCHASE_ORDER,PO-002020,PO_CREATED,Purchase order PO-002020 created in ERP
EVT-0002021,2026-02-22 00:00:00,PURCHASE_ORDER,PO-002021,PO_CREATED,Purchase order PO-002021 created in ERP
EVT-0002022,2026-07-31 00:00:00,PURCHASE_ORDER,PO-002022,PO_CREATED,Purchase order PO-002022 created in ERP
EVT-0002023,2026-01-10 00:00:00,PURCHASE_ORDER,PO-002023,PO_CREATED,Purchase order PO-002023 created in ERP
EVT-0002024,2026-08-10 00:00:00,PURCHASE_ORDER,PO-002024,PO_CREATED,Purchase order PO-002024 created in ERP
EVT-0002025,2026-03-02 00:00:00,PURCHASE_ORDER,PO-002025,PO_CREATED,Purchase order PO-002025 created in ERP
EVT-0002026,2026-07-01 00:00:00,PURCHASE_ORDER,PO-002026,PO_CREATED,Purchase order PO-002026 created in ERP
EVT-0002027,2026-02-02 00:00:00,PURCHASE_ORDER,PO-002027,PO_CREATED,Purchase order PO-002027 created in ERP
EVT-0002028,2026-01-29 00:00:00,PURCHASE_ORDER,PO-002028,PO_CREATED,Purchase order PO-002028 created in ERP
EVT-0002029,2026-08-18 00:00:00,PURCHASE_ORDER,PO-002029,PO_CREATED,Purchase order PO-002029 created in ERP
EVT-0002030,2026-01-29 00:00:00,PURCHASE_ORDER,PO-002030,PO_CREATED,Purchase order PO-002030 created in ERP
EVT-0002031,2026-02-15 00:00:00,PURCHASE_ORDER,PO-002031,PO_CREATED,Purchase order PO-002031 created in ERP
EVT-0002032,2026-03-26 00:00:00,PURCHASE_ORDER,PO-002032,PO_CREATED,Purchase order PO-002032 created in ERP
EVT-0002033,2026-04-29 00:00:00,PURCHASE_ORDER,PO-002033,PO_CREATED,Purchase order PO-002033 created in ERP
EVT-0002034,2026-07-14 00:00:00,PURCHASE_ORDER,PO-002034,PO_CREATED,Purchase order PO-002034 created in ERP
EVT-0002035,2026-01-21 00:00:00,PURCHASE_ORDER,PO-002035,PO_CREATED,Purchase order PO-002035 created in ERP
EVT-0002036,2026-04-16 00:00:00,PURCHASE_ORDER,PO-002036,PO_CREATED,Purchase order PO-002036 created in ERP
EVT-0002037,2026-02-18 00:00:00,PURCHASE_ORDER,PO-002037,PO_CREATED,Purchase order PO-002037 created in ERP
EVT-0002038,2026-06-29 00:00:00,PURCHASE_ORDER,PO-002038,PO_CREATED,Purchase order PO-002038 created in ERP
EVT-0002039,2026-03-29 00:00:00,PURCHASE_ORDER,PO-002039,PO_CREATED,Purchase order PO-002039 created in ERP
EVT-0002040,2026-04-06 00:00:00,PURCHASE_ORDER,PO-002040,PO_CREATED,Purchase order PO-002040 created in ERP
EVT-0002041,2026-07-05 00:00:00,PURCHASE_ORDER,PO-002041,PO_CREATED,Purchase order PO-002041 created in ERP
EVT-0002042,2026-04-11 00:00:00,PURCHASE_ORDER,PO-002042,PO_CREATED,Purchase order PO-002042 created in ERP
EVT-0002043,2026-07-09 00:00:00,PURCHASE_ORDER,PO-002043,PO_CREATED,Purchase order PO-002043 created in ERP
EVT-0002044,2026-04-30 00:00:00,PURCHASE_ORDER,PO-002044,PO_CREATED,Purchase order PO-002044 created in ERP
EVT-0002045,2026-05-10 00:00:00,PURCHASE_ORDER,PO-002045,PO_CREATED,Purchase order PO-002045 created in ERP
EVT-0002046,2026-03-20 00:00:00,PURCHASE_ORDER,PO-002046,PO_CREATED,Purchase order PO-002046 created in ERP
EVT-0002047,2026-07-07 00:00:00,PURCHASE_ORDER,PO-002047,PO_CREATED,Purchase order PO-002047 created in ERP
EVT-0002048,2026-07-07 00:00:00,PURCHASE_ORDER,PO-002048,PO_CREATED,Purchase order PO-002048 created in ERP
EVT-0002049,2026-04-06 00:00:00,PURCHASE_ORDER,PO-002049,PO_CREATED,Purchase order PO-002049 created in ERP
EVT-0002050,2026-01-16 00:00:00,PURCHASE_ORDER,PO-002050,PO_CREATED,Purchase order PO-002050 created in ERP
EVT-0002051,2026-05-23 00:00:00,PURCHASE_ORDER,PO-002051,PO_CREATED,Purchase order PO-002051 created in ERP
EVT-0002052,2026-01-30 00:00:00,PURCHASE_ORDER,PO-002052,PO_CREATED,Purchase order PO-002052 created in ERP
EVT-0002053,2026-07-23 00:00:00,PURCHASE_ORDER,PO-002053,PO_CREATED,Purchase order PO-002053 created in ERP
EVT-0002054,2026-03-05 00:00:00,PURCHASE_ORDER,PO-002054,PO_CREATED,Purchase order PO-002054 created in ERP
EVT-0002055,2026-02-10 00:00:00,PURCHASE_ORDER,PO-002055,PO_CREATED,Purchase order PO-002055 created in ERP
EVT-0002056,2026-04-17 00:00:00,PURCHASE_ORDER,PO-002056,PO_CREATED,Purchase order PO-002056 created in ERP
EVT-0002057,2026-04-13 00:00:00,PURCHASE_ORDER,PO-002057,PO_CREATED,Purchase order PO-002057 created in ERP
EVT-0002058,2026-03-08 00:00:00,PURCHASE_ORDER,PO-002058,PO_CREATED,Purchase order PO-002058 created in ERP
EVT-0002059,2026-04-25 00:00:00,PURCHASE_ORDER,PO-002059,PO_CREATED,Purchase order PO-002059 created in ERP
EVT-0002060,2026-03-18 00:00:00,PURCHASE_ORDER,PO-002060,PO_CREATED,Purchase order PO-002060 created in ERP
EVT-0002061,2026-03-19 00:00:00,PURCHASE_ORDER,PO-002061,PO_CREATED,Purchase order PO-002061 created in ERP
EVT-0002062,2026-01-02 00:00:00,PURCHASE_ORDER,PO-002062,PO_CREATED,Purchase order PO-002062 created in ERP
EVT-0002063,2026-01-28 00:00:00,PURCHASE_ORDER,PO-002063,PO_CREATED,Purchase order PO-002063 created in ERP
EVT-0002064,2026-04-13 00:00:00,PURCHASE_ORDER,PO-002064,PO_CREATED,Purchase order PO-002064 created in ERP
EVT-0002065,2026-03-11 00:00:00,PURCHASE_ORDER,PO-002065,PO_CREATED,Purchase order PO-002065 created in ERP
EVT-0002066,2026-06-28 00:00:00,PURCHASE_ORDER,PO-002066,PO_CREATED,Purchase order PO-002066 created in ERP
EVT-0002067,2026-05-25 00:00:00,PURCHASE_ORDER,PO-002067,PO_CREATED,Purchase order PO-002067 created in ERP
EVT-0002068,2026-05-09 00:00:00,PURCHASE_ORDER,PO-002068,PO_CREATED,Purchase order PO-002068 created in ERP
EVT-0002069,2026-08-01 00:00:00,PURCHASE_ORDER,PO-002069,PO_CREATED,Purchase order PO-002069 created in ERP
EVT-0002070,2026-06-29 00:00:00,PURCHASE_ORDER,PO-002070,PO_CREATED,Purchase order PO-002070 created in ERP
EVT-0002071,2026-08-21 00:00:00,PURCHASE_ORDER,PO-002071,PO_CREATED,Purchase order PO-002071 created in ERP
EVT-0002072,2026-08-01 00:00:00,PURCHASE_ORDER,PO-002072,PO_CREATED,Purchase order PO-002072 created in ERP
EVT-0002073,2026-08-02 00:00:00,PURCHASE_ORDER,PO-002073,PO_CREATED,Purchase order PO-002073 created in ERP
EVT-0002074,2026-07-28 00:00:00,PURCHASE_ORDER,PO-002074,PO_CREATED,Purchase order PO-002074 created in ERP
EVT-0002075,2026-06-13 00:00:00,PURCHASE_ORDER,PO-002075,PO_CREATED,Purchase order PO-002075 created in ERP
EVT-0002076,2026-08-07 00:00:00,PURCHASE_ORDER,PO-002076,PO_CREATED,Purchase order PO-002076 created in ERP
EVT-0002077,2026-06-01 00:00:00,PURCHASE_ORDER,PO-002077,PO_CREATED,Purchase order PO-002077 created in ERP
EVT-0002078,2026-08-21 00:00:00,PURCHASE_ORDER,PO-002078,PO_CREATED,Purchase order PO-002078 created in ERP
EVT-0002079,2026-07-17 00:00:00,PURCHASE_ORDER,PO-002079,PO_CREATED,Purchase order PO-002079 created in ERP
EVT-0002080,2026-03-30 00:00:00,PURCHASE_ORDER,PO-002080,PO_CREATED,Purchase order PO-002080 created in ERP
EVT-0002081,2026-05-25 00:00:00,PURCHASE_ORDER,PO-002081,PO_CREATED,Purchase order PO-002081 created in ERP
EVT-0002082,2026-07-27 00:00:00,PURCHASE_ORDER,PO-002082,PO_CREATED,Purchase order PO-002082 created in ERP
EVT-0002083,2026-02-11 00:00:00,PURCHASE_ORDER,PO-002083,PO_CREATED,Purchase order PO-002083 created in ERP
EVT-0002084,2026-01-07 00:00:00,PURCHASE_ORDER,PO-002084,PO_CREATED,Purchase order PO-002084 created in ERP
EVT-0002085,2026-02-06 00:00:00,PURCHASE_ORDER,PO-002085,PO_CREATED,Purchase order PO-002085 created in ERP
EVT-0002086,2026-08-13 00:00:00,PURCHASE_ORDER,PO-002086,PO_CREATED,Purchase order PO-002086 created in ERP
EVT-0002087,2026-08-17 00:00:00,PURCHASE_ORDER,PO-002087,PO_CREATED,Purchase order PO-002087 created in ERP
EVT-0002088,2026-02-11 00:00:00,PURCHASE_ORDER,PO-002088,PO_CREATED,Purchase order PO-002088 created in ERP
EVT-0002089,2026-03-19 00:00:00,PURCHASE_ORDER,PO-002089,PO_CREATED,Purchase order PO-002089 created in ERP
EVT-0002090,2026-04-19 00:00:00,PURCHASE_ORDER,PO-002090,PO_CREATED,Purchase order PO-002090 created in ERP
EVT-0002091,2026-02-03 00:00:00,PURCHASE_ORDER,PO-002091,PO_CREATED,Purchase order PO-002091 created in ERP
EVT-0002092,2026-07-10 00:00:00,PURCHASE_ORDER,PO-002092,PO_CREATED,Purchase order PO-002092 created in ERP
EVT-0002093,2026-02-03 00:00:00,PURCHASE_ORDER,PO-002093,PO_CREATED,Purchase order PO-002093 created in ERP
EVT-0002094,2026-06-07 00:00:00,PURCHASE_ORDER,PO-002094,PO_CREATED,Purchase order PO-002094 created in ERP
EVT-0002095,2026-05-31 00:00:00,PURCHASE_ORDER,PO-002095,PO_CREATED,Purchase order PO-002095 created in ERP
EVT-0002096,2026-06-08 00:00:00,PURCHASE_ORDER,PO-002096,PO_CREATED,Purchase order PO-002096 created in ERP
EVT-0002097,2026-01-08 00:00:00,PURCHASE_ORDER,PO-002097,PO_CREATED,Purchase order PO-002097 created in ERP
EVT-0002098,2026-07-04 00:00:00,PURCHASE_ORDER,PO-002098,PO_CREATED,Purchase order PO-002098 created in ERP
EVT-0002099,2026-04-27 00:00:00,PURCHASE_ORDER,PO-002099,PO_CREATED,Purchase order PO-002099 created in ERP
EVT-0002100,2026-01-25 00:00:00,PURCHASE_ORDER,PO-002100,PO_CREATED,Purchase order PO-002100 created in ERP
EVT-0002101,2026-05-25 00:00:00,PURCHASE_ORDER,PO-002101,PO_CREATED,Purchase order PO-002101 created in ERP
EVT-0002102,2026-03-01 00:00:00,PURCHASE_ORDER,PO-002102,PO_CREATED,Purchase order PO-002102 created in ERP
EVT-0002103,2026-06-13 00:00:00,PURCHASE_ORDER,PO-002103,PO_CREATED,Purchase order PO-002103 created in ERP
EVT-0002104,2026-04-30 00:00:00,PURCHASE_ORDER,PO-002104,PO_CREATED,Purchase order PO-002104 created in ERP
EVT-0002105,2026-03-04 00:00:00,PURCHASE_ORDER,PO-002105,PO_CREATED,Purchase order PO-002105 created in ERP
EVT-0002106,2026-08-20 00:00:00,PURCHASE_ORDER,PO-002106,PO_CREATED,Purchase order PO-002106 created in ERP
EVT-0002107,2026-01-24 00:00:00,PURCHASE_ORDER,PO-002107,PO_CREATED,Purchase order PO-002107 created in ERP
EVT-0002108,2026-01-08 00:00:00,PURCHASE_ORDER,PO-002108,PO_CREATED,Purchase order PO-002108 created in ERP
EVT-0002109,2026-04-03 00:00:00,PURCHASE_ORDER,PO-002109,PO_CREATED,Purchase order PO-002109 created in ERP
EVT-0002110,2026-06-17 00:00:00,PURCHASE_ORDER,PO-002110,PO_CREATED,Purchase order PO-002110 created in ERP
EVT-0002111,2026-05-17 00:00:00,PURCHASE_ORDER,PO-002111,PO_CREATED,Purchase order PO-002111 created in ERP
EVT-0002112,2026-07-24 00:00:00,PURCHASE_ORDER,PO-002112,PO_CREATED,Purchase order PO-002112 created in ERP
EVT-0002113,2026-08-26 00:00:00,PURCHASE_ORDER,PO-002113,PO_CREATED,Purchase order PO-002113 created in ERP
EVT-0002114,2026-04-03 00:00:00,PURCHASE_ORDER,PO-002114,PO_CREATED,Purchase order PO-002114 created in ERP
EVT-0002115,2026-05-25 00:00:00,PURCHASE_ORDER,PO-002115,PO_CREATED,Purchase order PO-002115 created in ERP
EVT-0002116,2026-04-09 00:00:00,PURCHASE_ORDER,PO-002116,PO_CREATED,Purchase order PO-002116 created in ERP
EVT-0002117,2026-06-01 00:00:00,PURCHASE_ORDER,PO-002117,PO_CREATED,Purchase order PO-002117 created in ERP
EVT-0002118,2026-06-04 00:00:00,PURCHASE_ORDER,PO-002118,PO_CREATED,Purchase order PO-002118 created in ERP
EVT-0002119,2026-02-25 00:00:00,PURCHASE_ORDER,PO-002119,PO_CREATED,Purchase order PO-002119 created in ERP
EVT-0002120,2026-02-09 00:00:00,PURCHASE_ORDER,PO-002120,PO_CREATED,Purchase order PO-002120 created in ERP
EVT-0002121,2026-05-07 00:00:00,PURCHASE_ORDER,PO-002121,PO_CREATED,Purchase order PO-002121 created in ERP
EVT-0002122,2026-04-11 00:00:00,PURCHASE_ORDER,PO-002122,PO_CREATED,Purchase order PO-002122 created in ERP
EVT-0002123,2026-03-31 00:00:00,PURCHASE_ORDER,PO-002123,PO_CREATED,Purchase order PO-002123 created in ERP
EVT-0002124,2026-04-24 00:00:00,PURCHASE_ORDER,PO-002124,PO_CREATED,Purchase order PO-002124 created in ERP
EVT-0002125,2026-07-31 00:00:00,PURCHASE_ORDER,PO-002125,PO_CREATED,Purchase order PO-002125 created in ERP
EVT-0002126,2026-01-18 00:00:00,PURCHASE_ORDER,PO-002126,PO_CREATED,Purchase order PO-002126 created in ERP
EVT-0002127,2026-06-20 00:00:00,PURCHASE_ORDER,PO-002127,PO_CREATED,Purchase order PO-002127 created in ERP
EVT-0002128,2026-01-27 00:00:00,PURCHASE_ORDER,PO-002128,PO_CREATED,Purchase order PO-002128 created in ERP
EVT-0002129,2026-05-15 00:00:00,PURCHASE_ORDER,PO-002129,PO_CREATED,Purchase order PO-002129 created in ERP
EVT-0002130,2026-01-22 00:00:00,PURCHASE_ORDER,PO-002130,PO_CREATED,Purchase order PO-002130 created in ERP
EVT-0002131,2026-03-31 00:00:00,PURCHASE_ORDER,PO-002131,PO_CREATED,Purchase order PO-002131 created in ERP
EVT-0002132,2026-05-12 00:00:00,PURCHASE_ORDER,PO-002132,PO_CREATED,Purchase order PO-002132 created in ERP
EVT-0002133,2026-04-11 00:00:00,PURCHASE_ORDER,PO-002133,PO_CREATED,Purchase order PO-002133 created in ERP
EVT-0002134,2026-02-07 00:00:00,PURCHASE_ORDER,PO-002134,PO_CREATED,Purchase order PO-002134 created in ERP
EVT-0002135,2026-05-25 00:00:00,PURCHASE_ORDER,PO-002135,PO_CREATED,Purchase order PO-002135 created in ERP
EVT-0002136,2026-06-17 00:00:00,PURCHASE_ORDER,PO-002136,PO_CREATED,Purchase order PO-002136 created in ERP
EVT-0002137,2026-08-26 00:00:00,PURCHASE_ORDER,PO-002137,PO_CREATED,Purchase order PO-002137 created in ERP
EVT-0002138,2026-07-13 00:00:00,PURCHASE_ORDER,PO-002138,PO_CREATED,Purchase order PO-002138 created in ERP
EVT-0002139,2026-08-07 00:00:00,PURCHASE_ORDER,PO-002139,PO_CREATED,Purchase order PO-002139 created in ERP
EVT-0002140,2026-08-13 00:00:00,PURCHASE_ORDER,PO-002140,PO_CREATED,Purchase order PO-002140 created in ERP
EVT-0002141,2026-02-02 00:00:00,PURCHASE_ORDER,PO-002141,PO_CREATED,Purchase order PO-002141 created in ERP
EVT-0002142,2026-07-07 00:00:00,PURCHASE_ORDER,PO-002142,PO_CREATED,Purchase order PO-002142 created in ERP
EVT-0002143,2026-07-24 00:00:00,PURCHASE_ORDER,PO-002143,PO_CREATED,Purchase order PO-002143 created in ERP
EVT-0002144,2026-08-14 00:00:00,PURCHASE_ORDER,PO-002144,PO_CREATED,Purchase order PO-002144 created in ERP
EVT-0002145,2026-02-01 00:00:00,PURCHASE_ORDER,PO-002145,PO_CREATED,Purchase order PO-002145 created in ERP
EVT-0002146,2026-05-11 00:00:00,PURCHASE_ORDER,PO-002146,PO_CREATED,Purchase order PO-002146 created in ERP
EVT-0002147,2026-06-17 00:00:00,PURCHASE_ORDER,PO-002147,PO_CREATED,Purchase order PO-002147 created in ERP
EVT-0002148,2026-08-26 00:00:00,PURCHASE_ORDER,PO-002148,PO_CREATED,Purchase order PO-002148 created in ERP
EVT-0002149,2026-02-06 00:00:00,PURCHASE_ORDER,PO-002149,PO_CREATED,Purchase order PO-002149 created in ERP
EVT-0002150,2026-07-20 00:00:00,PURCHASE_ORDER,PO-002150,PO_CREATED,Purchase order PO-002150 created in ERP
EVT-0002151,2026-02-19 00:00:00,PURCHASE_ORDER,PO-002151,PO_CREATED,Purchase order PO-002151 created in ERP
EVT-0002152,2026-03-29 00:00:00,PURCHASE_ORDER,PO-002152,PO_CREATED,Purchase order PO-002152 created in ERP
EVT-0002153,2026-07-01 00:00:00,PURCHASE_ORDER,PO-002153,PO_CREATED,Purchase order PO-002153 created in ERP
EVT-0002154,2026-06-18 00:00:00,PURCHASE_ORDER,PO-002154,PO_CREATED,Purchase order PO-002154 created in ERP
EVT-0002155,2026-04-11 00:00:00,PURCHASE_ORDER,PO-002155,PO_CREATED,Purchase order PO-002155 created in ERP
EVT-0002156,2026-01-24 00:00:00,PURCHASE_ORDER,PO-002156,PO_CREATED,Purchase order PO-002156 created in ERP
EVT-0002157,2026-02-10 00:00:00,PURCHASE_ORDER,PO-002157,PO_CREATED,Purchase order PO-002157 created in ERP
EVT-0002158,2026-07-07 00:00:00,PURCHASE_ORDER,PO-002158,PO_CREATED,Purchase order PO-002158 created in ERP
EVT-0002159,2026-03-15 00:00:00,PURCHASE_ORDER,PO-002159,PO_CREATED,Purchase order PO-002159 created in ERP
EVT-0002160,2026-01-16 00:00:00,PURCHASE_ORDER,PO-002160,PO_CREATED,Purchase order PO-002160 created in ERP
EVT-0002161,2026-01-07 00:00:00,PURCHASE_ORDER,PO-002161,PO_CREATED,Purchase order PO-002161 created in ERP
EVT-0002162,2026-05-04 00:00:00,PURCHASE_ORDER,PO-002162,PO_CREATED,Purchase order PO-002162 created in ERP
EVT-0002163,2026-04-23 00:00:00,PURCHASE_ORDER,PO-002163,PO_CREATED,Purchase order PO-002163 created in ERP
EVT-0002164,2026-02-16 00:00:00,PURCHASE_ORDER,PO-002164,PO_CREATED,Purchase order PO-002164 created in ERP
EVT-0002165,2026-05-26 00:00:00,PURCHASE_ORDER,PO-002165,PO_CREATED,Purchase order PO-002165 created in ERP
EVT-0002166,2026-04-24 00:00:00,PURCHASE_ORDER,PO-002166,PO_CREATED,Purchase order PO-002166 created in ERP
EVT-0002167,2026-01-12 00:00:00,PURCHASE_ORDER,PO-002167,PO_CREATED,Purchase order PO-002167 created in ERP
EVT-0002168,2026-06-26 00:00:00,PURCHASE_ORDER,PO-002168,PO_CREATED,Purchase order PO-002168 created in ERP
EVT-0002169,2026-03-23 00:00:00,PURCHASE_ORDER,PO-002169,PO_CREATED,Purchase order PO-002169 created in ERP
EVT-0002170,2026-06-04 00:00:00,PURCHASE_ORDER,PO-002170,PO_CREATED,Purchase order PO-002170 created in ERP
EVT-0002171,2026-04-05 00:00:00,PURCHASE_ORDER,PO-002171,PO_CREATED,Purchase order PO-002171 created in ERP
EVT-0002172,2026-07-11 00:00:00,PURCHASE_ORDER,PO-002172,PO_CREATED,Purchase order PO-002172 created in ERP
EVT-0002173,2026-08-22 00:00:00,PURCHASE_ORDER,PO-002173,PO_CREATED,Purchase order PO-002173 created in ERP
EVT-0002174,2026-03-25 00:00:00,PURCHASE_ORDER,PO-002174,PO_CREATED,Purchase order PO-002174 created in ERP
EVT-0002175,2026-08-28 00:00:00,PURCHASE_ORDER,PO-002175,PO_CREATED,Purchase order PO-002175 created in ERP
EVT-0002176,2026-02-09 00:00:00,PURCHASE_ORDER,PO-002176,PO_CREATED,Purchase order PO-002176 created in ERP
EVT-0002177,2026-06-05 00:00:00,PURCHASE_ORDER,PO-002177,PO_CREATED,Purchase order PO-002177 created in ERP
EVT-0002178,2026-01-07 00:00:00,PURCHASE_ORDER,PO-002178,PO_CREATED,Purchase order PO-002178 created in ERP
EVT-0002179,2026-03-19 00:00:00,PURCHASE_ORDER,PO-002179,PO_CREATED,Purchase order PO-002179 created in ERP
EVT-0002180,2026-04-20 00:00:00,PURCHASE_ORDER,PO-002180,PO_CREATED,Purchase order PO-002180 created in ERP
EVT-0002181,2026-06-11 00:00:00,PURCHASE_ORDER,PO-002181,PO_CREATED,Purchase order PO-002181 created in ERP
EVT-0002182,2026-04-17 00:00:00,PURCHASE_ORDER,PO-002182,PO_CREATED,Purchase order PO-002182 created in ERP
EVT-0002183,2026-03-11 00:00:00,PURCHASE_ORDER,PO-002183,PO_CREATED,Purchase order PO-002183 created in ERP
EVT-0002184,2026-04-17 00:00:00,PURCHASE_ORDER,PO-002184,PO_CREATED,Purchase order PO-002184 created in ERP
EVT-0002185,2026-03-10 00:00:00,PURCHASE_ORDER,PO-002185,PO_CREATED,Purchase order PO-002185 created in ERP
EVT-0002186,2026-01-20 00:00:00,PURCHASE_ORDER,PO-002186,PO_CREATED,Purchase order PO-002186 created in ERP
EVT-0002187,2026-03-16 00:00:00,PURCHASE_ORDER,PO-002187,PO_CREATED,Purchase order PO-002187 created in ERP
EVT-0002188,2026-05-04 00:00:00,PURCHASE_ORDER,PO-002188,PO_CREATED,Purchase order PO-002188 created in ERP
EVT-0002189,2026-01-02 00:00:00,PURCHASE_ORDER,PO-002189,PO_CREATED,Purchase order PO-002189 created in ERP
EVT-0002190,2026-05-16 00:00:00,PURCHASE_ORDER,PO-002190,PO_CREATED,Purchase order PO-002190 created in ERP
EVT-0002191,2026-08-20 00:00:00,PURCHASE_ORDER,PO-002191,PO_CREATED,Purchase order PO-002191 created in ERP
EVT-0002192,2026-02-21 00:00:00,PURCHASE_ORDER,PO-002192,PO_CREATED,Purchase order PO-002192 created in ERP
EVT-0002193,2026-06-28 00:00:00,PURCHASE_ORDER,PO-002193,PO_CREATED,Purchase order PO-002193 created in ERP
EVT-0002194,2026-01-23 00:00:00,PURCHASE_ORDER,PO-002194,PO_CREATED,Purchase order PO-002194 created in ERP
EVT-0002195,2026-06-03 00:00:00,PURCHASE_ORDER,PO-002195,PO_CREATED,Purchase order PO-002195 created in ERP
EVT-0002196,2026-04-21 00:00:00,PURCHASE_ORDER,PO-002196,PO_CREATED,Purchase order PO-002196 created in ERP
EVT-0002197,2026-04-03 00:00:00,PURCHASE_ORDER,PO-002197,PO_CREATED,Purchase order PO-002197 created in ERP
EVT-0002198,2026-04-25 00:00:00,PURCHASE_ORDER,PO-002198,PO_CREATED,Purchase order PO-002198 created in ERP
EVT-0002199,2026-03-01 00:00:00,PURCHASE_ORDER,PO-002199,PO_CREATED,Purchase order PO-002199 created in ERP
EVT-0002200,2026-03-04 00:00:00,PURCHASE_ORDER,PO-002200,PO_CREATED,Purchase order PO-002200 created in ERP
EVT-0002201,2026-01-17 00:00:00,PURCHASE_ORDER,PO-002201,PO_CREATED,Purchase order PO-002201 created in ERP
EVT-0002202,2026-04-04 00:00:00,PURCHASE_ORDER,PO-002202,PO_CREATED,Purchase order PO-002202 created in ERP
EVT-0002203,2026-08-08 00:00:00,PURCHASE_ORDER,PO-002203,PO_CREATED,Purchase order PO-002203 created in ERP
EVT-0002204,2026-05-26 00:00:00,PURCHASE_ORDER,PO-002204,PO_CREATED,Purchase order PO-002204 created in ERP
EVT-0002205,2026-06-28 00:00:00,PURCHASE_ORDER,PO-002205,PO_CREATED,Purchase order PO-002205 created in ERP
EVT-0002206,2026-08-11 00:00:00,PURCHASE_ORDER,PO-002206,PO_CREATED,Purchase order PO-002206 created in ERP
EVT-0002207,2026-04-23 00:00:00,PURCHASE_ORDER,PO-002207,PO_CREATED,Purchase order PO-002207 created in ERP
EVT-0002208,2026-04-28 00:00:00,PURCHASE_ORDER,PO-002208,PO_CREATED,Purchase order PO-002208 created in ERP
EVT-0002209,2026-06-20 00:00:00,PURCHASE_ORDER,PO-002209,PO_CREATED,Purchase order PO-002209 created in ERP
EVT-0002210,2026-04-14 00:00:00,PURCHASE_ORDER,PO-002210,PO_CREATED,Purchase order PO-002210 created in ERP
EVT-0002211,2026-04-12 00:00:00,PURCHASE_ORDER,PO-002211,PO_CREATED,Purchase order PO-002211 created in ERP
EVT-0002212,2026-04-03 00:00:00,PURCHASE_ORDER,PO-002212,PO_CREATED,Purchase order PO-002212 created in ERP
EVT-0002213,2026-02-12 00:00:00,PURCHASE_ORDER,PO-002213,PO_CREATED,Purchase order PO-002213 created in ERP
EVT-0002214,2026-08-19 00:00:00,PURCHASE_ORDER,PO-002214,PO_CREATED,Purchase order PO-002214 created in ERP
EVT-0002215,2026-04-03 00:00:00,PURCHASE_ORDER,PO-002215,PO_CREATED,Purchase order PO-002215 created in ERP
EVT-0002216,2026-07-24 00:00:00,PURCHASE_ORDER,PO-002216,PO_CREATED,Purchase order PO-002216 created in ERP
EVT-0002217,2026-08-29 00:00:00,PURCHASE_ORDER,PO-002217,PO_CREATED,Purchase order PO-002217 created in ERP
EVT-0002218,2026-04-18 00:00:00,PURCHASE_ORDER,PO-002218,PO_CREATED,Purchase order PO-002218 created in ERP
EVT-0002219,2026-08-22 00:00:00,PURCHASE_ORDER,PO-002219,PO_CREATED,Purchase order PO-002219 created in ERP
EVT-0002220,2026-04-23 00:00:00,PURCHASE_ORDER,PO-002220,PO_CREATED,Purchase order PO-002220 created in ERP
EVT-0002221,2026-01-21 00:00:00,PURCHASE_ORDER,PO-002221,PO_CREATED,Purchase order PO-002221 created in ERP
EVT-0002222,2026-03-09 00:00:00,PURCHASE_ORDER,PO-002222,PO_CREATED,Purchase order PO-002222 created in ERP
EVT-0002223,2026-06-15 00:00:00,PURCHASE_ORDER,PO-002223,PO_CREATED,Purchase order PO-002223 created in ERP
EVT-0002224,2026-02-13 00:00:00,PURCHASE_ORDER,PO-002224,PO_CREATED,Purchase order PO-002224 created in ERP
EVT-0002225,2026-05-28 00:00:00,PURCHASE_ORDER,PO-002225,PO_CREATED,Purchase order PO-002225 created in ERP
EVT-0002226,2026-07-26 00:00:00,PURCHASE_ORDER,PO-002226,PO_CREATED,Purchase order PO-002226 created in ERP
EVT-0002227,2026-02-24 00:00:00,PURCHASE_ORDER,PO-002227,PO_CREATED,Purchase order PO-002227 created in ERP
EVT-0002228,2026-08-07 00:00:00,PURCHASE_ORDER,PO-002228,PO_CREATED,Purchase order PO-002228 created in ERP
EVT-0002229,2026-04-06 00:00:00,PURCHASE_ORDER,PO-002229,PO_CREATED,Purchase order PO-002229 created in ERP
EVT-0002230,2026-05-24 00:00:00,PURCHASE_ORDER,PO-002230,PO_CREATED,Purchase order PO-002230 created in ERP
EVT-0002231,2026-01-22 00:00:00,PURCHASE_ORDER,PO-002231,PO_CREATED,Purchase order PO-002231 created in ERP
EVT-0002232,2026-02-23 00:00:00,PURCHASE_ORDER,PO-002232,PO_CREATED,Purchase order PO-002232 created in ERP
EVT-0002233,2026-05-01 00:00:00,PURCHASE_ORDER,PO-002233,PO_CREATED,Purchase order PO-002233 created in ERP
EVT-0002234,2026-01-06 00:00:00,PURCHASE_ORDER,PO-002234,PO_CREATED,Purchase order PO-002234 created in ERP
EVT-0002235,2026-05-14 00:00:00,PURCHASE_ORDER,PO-002235,PO_CREATED,Purchase order PO-002235 created in ERP
EVT-0002236,2026-08-01 00:00:00,PURCHASE_ORDER,PO-002236,PO_CREATED,Purchase order PO-002236 created in ERP
EVT-0002237,2026-03-05 00:00:00,PURCHASE_ORDER,PO-002237,PO_CREATED,Purchase order PO-002237 created in ERP
EVT-0002238,2026-01-23 00:00:00,PURCHASE_ORDER,PO-002238,PO_CREATED,Purchase order PO-002238 created in ERP
EVT-0002239,2026-04-27 00:00:00,PURCHASE_ORDER,PO-002239,PO_CREATED,Purchase order PO-002239 created in ERP
EVT-0002240,2026-07-17 00:00:00,PURCHASE_ORDER,PO-002240,PO_CREATED,Purchase order PO-002240 created in ERP
EVT-0002241,2026-04-06 00:00:00,PURCHASE_ORDER,PO-002241,PO_CREATED,Purchase order PO-002241 created in ERP
EVT-0002242,2026-07-11 00:00:00,PURCHASE_ORDER,PO-002242,PO_CREATED,Purchase order PO-002242 created in ERP
EVT-0002243,2026-01-04 00:00:00,PURCHASE_ORDER,PO-002243,PO_CREATED,Purchase order PO-002243 created in ERP
EVT-0002244,2026-02-10 00:00:00,PURCHASE_ORDER,PO-002244,PO_CREATED,Purchase order PO-002244 created in ERP
EVT-0002245,2026-08-24 00:00:00,PURCHASE_ORDER,PO-002245,PO_CREATED,Purchase order PO-002245 created in ERP
EVT-0002246,2026-04-29 00:00:00,PURCHASE_ORDER,PO-002246,PO_CREATED,Purchase order PO-002246 created in ERP
EVT-0002247,2026-07-11 00:00:00,PURCHASE_ORDER,PO-002247,PO_CREATED,Purchase order PO-002247 created in ERP
EVT-0002248,2026-08-13 00:00:00,PURCHASE_ORDER,PO-002248,PO_CREATED,Purchase order PO-002248 created in ERP
EVT-0002249,2026-04-19 00:00:00,PURCHASE_ORDER,PO-002249,PO_CREATED,Purchase order PO-002249 created in ERP
EVT-0002250,2026-04-29 00:00:00,PURCHASE_ORDER,PO-002250,PO_CREATED,Purchase order PO-002250 created in ERP
EVT-0002251,2026-08-04 00:00:00,PURCHASE_ORDER,PO-002251,PO_CREATED,Purchase order PO-002251 created in ERP
EVT-0002252,2026-05-14 00:00:00,PURCHASE_ORDER,PO-002252,PO_CREATED,Purchase order PO-002252 created in ERP
EVT-0002253,2026-04-10 00:00:00,PURCHASE_ORDER,PO-002253,PO_CREATED,Purchase order PO-002253 created in ERP
EVT-0002254,2026-08-27 00:00:00,PURCHASE_ORDER,PO-002254,PO_CREATED,Purchase order PO-002254 created in ERP
EVT-0002255,2026-05-27 00:00:00,PURCHASE_ORDER,PO-002255,PO_CREATED,Purchase order PO-002255 created in ERP
EVT-0002256,2026-02-04 00:00:00,PURCHASE_ORDER,PO-002256,PO_CREATED,Purchase order PO-002256 created in ERP
EVT-0002257,2026-05-27 00:00:00,PURCHASE_ORDER,PO-002257,PO_CREATED,Purchase order PO-002257 created in ERP
EVT-0002258,2026-01-04 00:00:00,PURCHASE_ORDER,PO-002258,PO_CREATED,Purchase order PO-002258 created in ERP
EVT-0002259,2026-01-05 00:00:00,PURCHASE_ORDER,PO-002259,PO_CREATED,Purchase order PO-002259 created in ERP
EVT-0002260,2026-01-04 00:00:00,PURCHASE_ORDER,PO-002260,PO_CREATED,Purchase order PO-002260 created in ERP
EVT-0002261,2026-06-13 00:00:00,PURCHASE_ORDER,PO-002261,PO_CREATED,Purchase order PO-002261 created in ERP
EVT-0002262,2026-01-08 00:00:00,PURCHASE_ORDER,PO-002262,PO_CREATED,Purchase order PO-002262 created in ERP
EVT-0002263,2026-08-01 00:00:00,PURCHASE_ORDER,PO-002263,PO_CREATED,Purchase order PO-002263 created in ERP
EVT-0002264,2026-04-27 00:00:00,PURCHASE_ORDER,PO-002264,PO_CREATED,Purchase order PO-002264 created in ERP
EVT-0002265,2026-04-24 00:00:00,PURCHASE_ORDER,PO-002265,PO_CREATED,Purchase order PO-002265 created in ERP
EVT-0002266,2026-08-03 00:00:00,PURCHASE_ORDER,PO-002266,PO_CREATED,Purchase order PO-002266 created in ERP
EVT-0002267,2026-05-25 00:00:00,PURCHASE_ORDER,PO-002267,PO_CREATED,Purchase order PO-002267 created in ERP
EVT-0002268,2026-07-01 00:00:00,PURCHASE_ORDER,PO-002268,PO_CREATED,Purchase order PO-002268 created in ERP
EVT-0002269,2026-08-25 00:00:00,PURCHASE_ORDER,PO-002269,PO_CREATED,Purchase order PO-002269 created in ERP
EVT-0002270,2026-06-21 00:00:00,PURCHASE_ORDER,PO-002270,PO_CREATED,Purchase order PO-002270 created in ERP
EVT-0002271,2026-02-11 00:00:00,PURCHASE_ORDER,PO-002271,PO_CREATED,Purchase order PO-002271 created in ERP
EVT-0002272,2026-05-31 00:00:00,PURCHASE_ORDER,PO-002272,PO_CREATED,Purchase order PO-002272 created in ERP
EVT-0002273,2026-01-20 00:00:00,PURCHASE_ORDER,PO-002273,PO_CREATED,Purchase order PO-002273 created in ERP
EVT-0002274,2026-03-26 00:00:00,PURCHASE_ORDER,PO-002274,PO_CREATED,Purchase order PO-002274 created in ERP
EVT-0002275,2026-05-25 00:00:00,PURCHASE_ORDER,PO-002275,PO_CREATED,Purchase order PO-002275 created in ERP
EVT-0002276,2026-03-07 00:00:00,PURCHASE_ORDER,PO-002276,PO_CREATED,Purchase order PO-002276 created in ERP
EVT-0002277,2026-05-08 00:00:00,PURCHASE_ORDER,PO-002277,PO_CREATED,Purchase order PO-002277 created in ERP
EVT-0002278,2026-08-20 00:00:00,PURCHASE_ORDER,PO-002278,PO_CREATED,Purchase order PO-002278 created in ERP
EVT-0002279,2026-06-09 00:00:00,PURCHASE_ORDER,PO-002279,PO_CREATED,Purchase order PO-002279 created in ERP
EVT-0002280,2026-08-01 00:00:00,PURCHASE_ORDER,PO-002280,PO_CREATED,Purchase order PO-002280 created in ERP
EVT-0002281,2026-05-21 00:00:00,PURCHASE_ORDER,PO-002281,PO_CREATED,Purchase order PO-002281 created in ERP
EVT-0002282,2026-07-12 00:00:00,PURCHASE_ORDER,PO-002282,PO_CREATED,Purchase order PO-002282 created in ERP
EVT-0002283,2026-07-31 00:00:00,PURCHASE_ORDER,PO-002283,PO_CREATED,Purchase order PO-002283 created in ERP
EVT-0002284,2026-03-23 00:00:00,PURCHASE_ORDER,PO-002284,PO_CREATED,Purchase order PO-002284 created in ERP
EVT-0002285,2026-01-04 00:00:00,PURCHASE_ORDER,PO-002285,PO_CREATED,Purchase order PO-002285 created in ERP
EVT-0002286,2026-03-22 00:00:00,PURCHASE_ORDER,PO-002286,PO_CREATED,Purchase order PO-002286 created in ERP
EVT-0002287,2026-07-01 00:00:00,PURCHASE_ORDER,PO-002287,PO_CREATED,Purchase order PO-002287 created in ERP
EVT-0002288,2026-07-21 00:00:00,PURCHASE_ORDER,PO-002288,PO_CREATED,Purchase order PO-002288 created in ERP
EVT-0002289,2026-06-16 00:00:00,PURCHASE_ORDER,PO-002289,PO_CREATED,Purchase order PO-002289 created in ERP
EVT-0002290,2026-03-08 00:00:00,PURCHASE_ORDER,PO-002290,PO_CREATED,Purchase order PO-002290 created in ERP
EVT-0002291,2026-08-07 00:00:00,PURCHASE_ORDER,PO-002291,PO_CREATED,Purchase order PO-002291 created in ERP
EVT-0002292,2026-07-04 00:00:00,PURCHASE_ORDER,PO-002292,PO_CREATED,Purchase order PO-002292 created in ERP
EVT-0002293,2026-07-05 00:00:00,PURCHASE_ORDER,PO-002293,PO_CREATED,Purchase order PO-002293 created in ERP
EVT-0002294,2026-02-27 00:00:00,PURCHASE_ORDER,PO-002294,PO_CREATED,Purchase order PO-002294 created in ERP
EVT-0002295,2026-01-22 00:00:00,PURCHASE_ORDER,PO-002295,PO_CREATED,Purchase order PO-002295 created in ERP
EVT-0002296,2026-05-10 00:00:00,PURCHASE_ORDER,PO-002296,PO_CREATED,Purchase order PO-002296 created in ERP
EVT-0002297,2026-06-17 00:00:00,PURCHASE_ORDER,PO-002297,PO_CREATED,Purchase order PO-002297 created in ERP
EVT-0002298,2026-03-18 00:00:00,PURCHASE_ORDER,PO-002298,PO_CREATED,Purchase order PO-002298 created in ERP
EVT-0002299,2026-04-12 00:00:00,PURCHASE_ORDER,PO-002299,PO_CREATED,Purchase order PO-002299 created in ERP
EVT-0002300,2026-05-12 00:00:00,PURCHASE_ORDER,PO-002300,PO_CREATED,Purchase order PO-002300 created in ERP
EVT-0002301,2026-08-03 00:00:00,PURCHASE_ORDER,PO-002301,PO_CREATED,Purchase order PO-002301 created in ERP
EVT-0002302,2026-01-10 00:00:00,PURCHASE_ORDER,PO-002302,PO_CREATED,Purchase order PO-002302 created in ERP
EVT-0002303,2026-06-01 00:00:00,PURCHASE_ORDER,PO-002303,PO_CREATED,Purchase order PO-002303 created in ERP
EVT-0002304,2026-08-21 00:00:00,PURCHASE_ORDER,PO-002304,PO_CREATED,Purchase order PO-002304 created in ERP
EVT-0002305,2026-03-30 00:00:00,PURCHASE_ORDER,PO-002305,PO_CREATED,Purchase order PO-002305 created in ERP
EVT-0002306,2026-07-13 00:00:00,PURCHASE_ORDER,PO-002306,PO_CREATED,Purchase order PO-002306 created in ERP
EVT-0002307,2026-04-22 00:00:00,PURCHASE_ORDER,PO-002307,PO_CREATED,Purchase order PO-002307 created in ERP
EVT-0002308,2026-03-16 00:00:00,PURCHASE_ORDER,PO-002308,PO_CREATED,Purchase order PO-002308 created in ERP
EVT-0002309,2026-02-05 00:00:00,PURCHASE_ORDER,PO-002309,PO_CREATED,Purchase order PO-002309 created in ERP
EVT-0002310,2026-03-03 00:00:00,PURCHASE_ORDER,PO-002310,PO_CREATED,Purchase order PO-002310 created in ERP
EVT-0002311,2026-04-01 00:00:00,PURCHASE_ORDER,PO-002311,PO_CREATED,Purchase order PO-002311 created in ERP
EVT-0002312,2026-03-15 00:00:00,PURCHASE_ORDER,PO-002312,PO_CREATED,Purchase order PO-002312 created in ERP
EVT-0002313,2026-06-19 00:00:00,PURCHASE_ORDER,PO-002313,PO_CREATED,Purchase order PO-002313 created in ERP
EVT-0002314,2026-05-26 00:00:00,PURCHASE_ORDER,PO-002314,PO_CREATED,Purchase order PO-002314 created in ERP
EVT-0002315,2026-06-03 00:00:00,PURCHASE_ORDER,PO-002315,PO_CREATED,Purchase order PO-002315 created in ERP
EVT-0002316,2026-07-16 00:00:00,PURCHASE_ORDER,PO-002316,PO_CREATED,Purchase order PO-002316 created in ERP
EVT-0002317,2026-07-22 00:00:00,PURCHASE_ORDER,PO-002317,PO_CREATED,Purchase order PO-002317 created in ERP
EVT-0002318,2026-01-05 00:00:00,PURCHASE_ORDER,PO-002318,PO_CREATED,Purchase order PO-002318 created in ERP
EVT-0002319,2026-03-05 00:00:00,PURCHASE_ORDER,PO-002319,PO_CREATED,Purchase order PO-002319 created in ERP
EVT-0002320,2026-02-16 00:00:00,PURCHASE_ORDER,PO-002320,PO_CREATED,Purchase order PO-002320 created in ERP
EVT-0002321,2026-02-21 00:00:00,PURCHASE_ORDER,PO-002321,PO_CREATED,Purchase order PO-002321 created in ERP
EVT-0002322,2026-07-19 00:00:00,PURCHASE_ORDER,PO-002322,PO_CREATED,Purchase order PO-002322 created in ERP
EVT-0002323,2026-08-16 00:00:00,PURCHASE_ORDER,PO-002323,PO_CREATED,Purchase order PO-002323 created in ERP
EVT-0002324,2026-03-01 00:00:00,PURCHASE_ORDER,PO-002324,PO_CREATED,Purchase order PO-002324 created in ERP
EVT-0002325,2026-04-26 00:00:00,PURCHASE_ORDER,PO-002325,PO_CREATED,Purchase order PO-002325 created in ERP
EVT-0002326,2026-02-12 00:00:00,PURCHASE_ORDER,PO-002326,PO_CREATED,Purchase order PO-002326 created in ERP
EVT-0002327,2026-08-13 00:00:00,PURCHASE_ORDER,PO-002327,PO_CREATED,Purchase order PO-002327 created in ERP
EVT-0002328,2026-05-07 00:00:00,PURCHASE_ORDER,PO-002328,PO_CREATED,Purchase order PO-002328 created in ERP
EVT-0002329,2026-03-21 00:00:00,PURCHASE_ORDER,PO-002329,PO_CREATED,Purchase order PO-002329 created in ERP
EVT-0002330,2026-08-18 00:00:00,PURCHASE_ORDER,PO-002330,PO_CREATED,Purchase order PO-002330 created in ERP
EVT-0002331,2026-07-23 00:00:00,PURCHASE_ORDER,PO-002331,PO_CREATED,Purchase order PO-002331 created in ERP
EVT-0002332,2026-04-15 00:00:00,PURCHASE_ORDER,PO-002332,PO_CREATED,Purchase order PO-002332 created in ERP
EVT-0002333,2026-06-26 00:00:00,PURCHASE_ORDER,PO-002333,PO_CREATED,Purchase order PO-002333 created in ERP
EVT-0002334,2026-08-06 00:00:00,PURCHASE_ORDER,PO-002334,PO_CREATED,Purchase order PO-002334 created in ERP
EVT-0002335,2026-04-18 00:00:00,PURCHASE_ORDER,PO-002335,PO_CREATED,Purchase order PO-002335 created in ERP
EVT-0002336,2026-04-11 00:00:00,PURCHASE_ORDER,PO-002336,PO_CREATED,Purchase order PO-002336 created in ERP
EVT-0002337,2026-07-28 00:00:00,PURCHASE_ORDER,PO-002337,PO_CREATED,Purchase order PO-002337 created in ERP
EVT-0002338,2026-05-09 00:00:00,PURCHASE_ORDER,PO-002338,PO_CREATED,Purchase order PO-002338 created in ERP
EVT-0002339,2026-02-04 00:00:00,PURCHASE_ORDER,PO-002339,PO_CREATED,Purchase order PO-002339 created in ERP
EVT-0002340,2026-05-08 00:00:00,PURCHASE_ORDER,PO-002340,PO_CREATED,Purchase order PO-002340 created in ERP
EVT-0002341,2026-08-12 00:00:00,PURCHASE_ORDER,PO-002341,PO_CREATED,Purchase order PO-002341 created in ERP
EVT-0002342,2026-01-18 00:00:00,PURCHASE_ORDER,PO-002342,PO_CREATED,Purchase order PO-002342 created in ERP
EVT-0002343,2026-02-08 00:00:00,PURCHASE_ORDER,PO-002343,PO_CREATED,Purchase order PO-002343 created in ERP
EVT-0002344,2026-01-19 00:00:00,PURCHASE_ORDER,PO-002344,PO_CREATED,Purchase order PO-002344 created in ERP
EVT-0002345,2026-07-27 00:00:00,PURCHASE_ORDER,PO-002345,PO_CREATED,Purchase order PO-002345 created in ERP
EVT-0002346,2026-03-24 00:00:00,PURCHASE_ORDER,PO-002346,PO_CREATED,Purchase order PO-002346 created in ERP
EVT-0002347,2026-03-28 00:00:00,PURCHASE_ORDER,PO-002347,PO_CREATED,Purchase order PO-002347 created in ERP
EVT-0002348,2026-08-16 00:00:00,PURCHASE_ORDER,PO-002348,PO_CREATED,Purchase order PO-002348 created in ERP
EVT-0002349,2026-04-12 00:00:00,PURCHASE_ORDER,PO-002349,PO_CREATED,Purchase order PO-002349 created in ERP
EVT-0002350,2026-05-07 00:00:00,PURCHASE_ORDER,PO-002350,PO_CREATED,Purchase order PO-002350 created in ERP
EVT-0002351,2026-04-01 00:00:00,PURCHASE_ORDER,PO-002351,PO_CREATED,Purchase order PO-002351 created in ERP
EVT-0002352,2026-04-09 00:00:00,PURCHASE_ORDER,PO-002352,PO_CREATED,Purchase order PO-002352 created in ERP
EVT-0002353,2026-03-11 00:00:00,PURCHASE_ORDER,PO-002353,PO_CREATED,Purchase order PO-002353 created in ERP
EVT-0002354,2026-04-06 00:00:00,PURCHASE_ORDER,PO-002354,PO_CREATED,Purchase order PO-002354 created in ERP
EVT-0002355,2026-07-26 00:00:00,PURCHASE_ORDER,PO-002355,PO_CREATED,Purchase order PO-002355 created in ERP
EVT-0002356,2026-02-11 00:00:00,PURCHASE_ORDER,PO-002356,PO_CREATED,Purchase order PO-002356 created in ERP
EVT-0002357,2026-05-25 00:00:00,PURCHASE_ORDER,PO-002357,PO_CREATED,Purchase order PO-002357 created in ERP
EVT-0002358,2026-06-09 00:00:00,PURCHASE_ORDER,PO-002358,PO_CREATED,Purchase order PO-002358 created in ERP
EVT-0002359,2026-05-01 00:00:00,PURCHASE_ORDER,PO-002359,PO_CREATED,Purchase order PO-002359 created in ERP
EVT-0002360,2026-05-11 00:00:00,PURCHASE_ORDER,PO-002360,PO_CREATED,Purchase order PO-002360 created in ERP
EVT-0002361,2026-02-18 00:00:00,PURCHASE_ORDER,PO-002361,PO_CREATED,Purchase order PO-002361 created in ERP
EVT-0002362,2026-05-03 00:00:00,PURCHASE_ORDER,PO-002362,PO_CREATED,Purchase order PO-002362 created in ERP
EVT-0002363,2026-02-18 00:00:00,PURCHASE_ORDER,PO-002363,PO_CREATED,Purchase order PO-002363 created in ERP
EVT-0002364,2026-02-03 00:00:00,PURCHASE_ORDER,PO-002364,PO_CREATED,Purchase order PO-002364 created in ERP
EVT-0002365,2026-06-15 00:00:00,PURCHASE_ORDER,PO-002365,PO_CREATED,Purchase order PO-002365 created in ERP
EVT-0002366,2026-04-28 00:00:00,PURCHASE_ORDER,PO-002366,PO_CREATED,Purchase order PO-002366 created in ERP
EVT-0002367,2026-01-06 00:00:00,PURCHASE_ORDER,PO-002367,PO_CREATED,Purchase order PO-002367 created in ERP
EVT-0002368,2026-05-25 00:00:00,PURCHASE_ORDER,PO-002368,PO_CREATED,Purchase order PO-002368 created in ERP
EVT-0002369,2026-06-11 00:00:00,PURCHASE_ORDER,PO-002369,PO_CREATED,Purchase order PO-002369 created in ERP
EVT-0002370,2026-02-09 00:00:00,PURCHASE_ORDER,PO-002370,PO_CREATED,Purchase order PO-002370 created in ERP
EVT-0002371,2026-06-24 00:00:00,PURCHASE_ORDER,PO-002371,PO_CREATED,Purchase order PO-002371 created in ERP
EVT-0002372,2026-07-01 00:00:00,PURCHASE_ORDER,PO-002372,PO_CREATED,Purchase order PO-002372 created in ERP
EVT-0002373,2026-08-11 00:00:00,PURCHASE_ORDER,PO-002373,PO_CREATED,Purchase order PO-002373 created in ERP
EVT-0002374,2026-06-04 00:00:00,PURCHASE_ORDER,PO-002374,PO_CREATED,Purchase order PO-002374 created in ERP
EVT-0002375,2026-08-15 00:00:00,PURCHASE_ORDER,PO-002375,PO_CREATED,Purchase order PO-002375 created in ERP
EVT-0002376,2026-01-23 00:00:00,PURCHASE_ORDER,PO-002376,PO_CREATED,Purchase order PO-002376 created in ERP
EVT-0002377,2026-02-25 00:00:00,PURCHASE_ORDER,PO-002377,PO_CREATED,Purchase order PO-002377 created in ERP
EVT-0002378,2026-08-12 00:00:00,PURCHASE_ORDER,PO-002378,PO_CREATED,Purchase order PO-002378 created in ERP
EVT-0002379,2026-04-23 00:00:00,PURCHASE_ORDER,PO-002379,PO_CREATED,Purchase order PO-002379 created in ERP
EVT-0002380,2026-06-30 00:00:00,PURCHASE_ORDER,PO-002380,PO_CREATED,Purchase order PO-002380 created in ERP
EVT-0002381,2026-02-24 00:00:00,PURCHASE_ORDER,PO-002381,PO_CREATED,Purchase order PO-002381 created in ERP
EVT-0002382,2026-04-03 00:00:00,PURCHASE_ORDER,PO-002382,PO_CREATED,Purchase order PO-002382 created in ERP
EVT-0002383,2026-07-12 00:00:00,PURCHASE_ORDER,PO-002383,PO_CREATED,Purchase order PO-002383 created in ERP
EVT-0002384,2026-07-16 00:00:00,PURCHASE_ORDER,PO-002384,PO_CREATED,Purchase order PO-002384 created in ERP
EVT-0002385,2026-03-18 00:00:00,PURCHASE_ORDER,PO-002385,PO_CREATED,Purchase order PO-002385 created in ERP
EVT-0002386,2026-08-28 00:00:00,PURCHASE_ORDER,PO-002386,PO_CREATED,Purchase order PO-002386 created in ERP
EVT-0002387,2026-03-06 00:00:00,PURCHASE_ORDER,PO-002387,PO_CREATED,Purchase order PO-002387 created in ERP
EVT-0002388,2026-03-01 00:00:00,PURCHASE_ORDER,PO-002388,PO_CREATED,Purchase order PO-002388 created in ERP
EVT-0002389,2026-03-04 00:00:00,PURCHASE_ORDER,PO-002389,PO_CREATED,Purchase order PO-002389 created in ERP
EVT-0002390,2026-08-21 00:00:00,PURCHASE_ORDER,PO-002390,PO_CREATED,Purchase order PO-002390 created in ERP
EVT-0002391,2026-05-29 00:00:00,PURCHASE_ORDER,PO-002391,PO_CREATED,Purchase order PO-002391 created in ERP
EVT-0002392,2026-07-24 00:00:00,PURCHASE_ORDER,PO-002392,PO_CREATED,Purchase order PO-002392 created in ERP
EVT-0002393,2026-06-13 00:00:00,PURCHASE_ORDER,PO-002393,PO_CREATED,Purchase order PO-002393 created in ERP
EVT-0002394,2026-03-27 00:00:00,PURCHASE_ORDER,PO-002394,PO_CREATED,Purchase order PO-002394 created in ERP
EVT-0002395,2026-04-23 00:00:00,PURCHASE_ORDER,PO-002395,PO_CREATED,Purchase order PO-002395 created in ERP
EVT-0002396,2026-02-18 00:00:00,PURCHASE_ORDER,PO-002396,PO_CREATED,Purchase order PO-002396 created in ERP
EVT-0002397,2026-08-13 00:00:00,PURCHASE_ORDER,PO-002397,PO_CREATED,Purchase order PO-002397 created in ERP
EVT-0002398,2026-05-10 00:00:00,PURCHASE_ORDER,PO-002398,PO_CREATED,Purchase order PO-002398 created in ERP
EVT-0002399,2026-08-27 00:00:00,PURCHASE_ORDER,PO-002399,PO_CREATED,Purchase order PO-002399 created in ERP
EVT-0002400,2026-06-03 00:00:00,PURCHASE_ORDER,PO-002400,PO_CREATED,Purchase order PO-002400 created in ERP
EVT-0002401,2026-04-14 00:00:00,PURCHASE_ORDER,PO-002401,PO_CREATED,Purchase order PO-002401 created in ERP
EVT-0002402,2026-01-31 00:00:00,PURCHASE_ORDER,PO-002402,PO_CREATED,Purchase order PO-002402 created in ERP
EVT-0002403,2026-05-07 00:00:00,PURCHASE_ORDER,PO-002403,PO_CREATED,Purchase order PO-002403 created in ERP
EVT-0002404,2026-01-09 00:00:00,PURCHASE_ORDER,PO-002404,PO_CREATED,Purchase order PO-002404 created in ERP
EVT-0002405,2026-07-20 00:00:00,PURCHASE_ORDER,PO-002405,PO_CREATED,Purchase order PO-002405 created in ERP
EVT-0002406,2026-05-25 00:00:00,PURCHASE_ORDER,PO-002406,PO_CREATED,Purchase order PO-002406 created in ERP
EVT-0002407,2026-02-20 00:00:00,PURCHASE_ORDER,PO-002407,PO_CREATED,Purchase order PO-002407 created in ERP
EVT-0002408,2026-03-23 00:00:00,PURCHASE_ORDER,PO-002408,PO_CREATED,Purchase order PO-002408 created in ERP
EVT-0002409,2026-05-05 00:00:00,PURCHASE_ORDER,PO-002409,PO_CREATED,Purchase order PO-002409 created in ERP
EVT-0002410,2026-04-20 00:00:00,PURCHASE_ORDER,PO-002410,PO_CREATED,Purchase order PO-002410 created in ERP
EVT-0002411,2026-01-05 00:00:00,PURCHASE_ORDER,PO-002411,PO_CREATED,Purchase order PO-002411 created in ERP
EVT-0002412,2026-08-12 00:00:00,PURCHASE_ORDER,PO-002412,PO_CREATED,Purchase order PO-002412 created in ERP
EVT-0002413,2026-03-25 00:00:00,PURCHASE_ORDER,PO-002413,PO_CREATED,Purchase order PO-002413 created in ERP
EVT-0002414,2026-02-24 00:00:00,PURCHASE_ORDER,PO-002414,PO_CREATED,Purchase order PO-002414 created in ERP
EVT-0002415,2026-02-23 00:00:00,PURCHASE_ORDER,PO-002415,PO_CREATED,Purchase order PO-002415 created in ERP
EVT-0002416,2026-02-28 00:00:00,PURCHASE_ORDER,PO-002416,PO_CREATED,Purchase order PO-002416 created in ERP
EVT-0002417,2026-02-26 00:00:00,PURCHASE_ORDER,PO-002417,PO_CREATED,Purchase order PO-002417 created in ERP
EVT-0002418,2026-01-31 00:00:00,PURCHASE_ORDER,PO-002418,PO_CREATED,Purchase order PO-002418 created in ERP
EVT-0002419,2026-04-25 00:00:00,PURCHASE_ORDER,PO-002419,PO_CREATED,Purchase order PO-002419 created in ERP
EVT-0002420,2026-03-07 00:00:00,PURCHASE_ORDER,PO-002420,PO_CREATED,Purchase order PO-002420 created in ERP
EVT-0002421,2026-04-24 00:00:00,PURCHASE_ORDER,PO-002421,PO_CREATED,Purchase order PO-002421 created in ERP
EVT-0002422,2026-04-22 00:00:00,PURCHASE_ORDER,PO-002422,PO_CREATED,Purchase order PO-002422 created in ERP
EVT-0002423,2026-08-29 00:00:00,PURCHASE_ORDER,PO-002423,PO_CREATED,Purchase order PO-002423 created in ERP
EVT-0002424,2026-05-11 00:00:00,PURCHASE_ORDER,PO-002424,PO_CREATED,Purchase order PO-002424 created in ERP
EVT-0002425,2026-02-22 00:00:00,PURCHASE_ORDER,PO-002425,PO_CREATED,Purchase order PO-002425 created in ERP
EVT-0002426,2026-02-02 00:00:00,PURCHASE_ORDER,PO-002426,PO_CREATED,Purchase order PO-002426 created in ERP
EVT-0002427,2026-02-21 00:00:00,PURCHASE_ORDER,PO-002427,PO_CREATED,Purchase order PO-002427 created in ERP
EVT-0002428,2026-08-19 00:00:00,PURCHASE_ORDER,PO-002428,PO_CREATED,Purchase order PO-002428 created in ERP
EVT-0002429,2026-01-11 00:00:00,PURCHASE_ORDER,PO-002429,PO_CREATED,Purchase order PO-002429 created in ERP
EVT-0002430,2026-02-10 00:00:00,PURCHASE_ORDER,PO-002430,PO_CREATED,Purchase order PO-002430 created in ERP
EVT-0002431,2026-02-19 00:00:00,PURCHASE_ORDER,PO-002431,PO_CREATED,Purchase order PO-002431 created in ERP
EVT-0002432,2026-07-18 00:00:00,PURCHASE_ORDER,PO-002432,PO_CREATED,Purchase order PO-002432 created in ERP
EVT-0002433,2026-08-11 00:00:00,PURCHASE_ORDER,PO-002433,PO_CREATED,Purchase order PO-002433 created in ERP
EVT-0002434,2026-05-16 00:00:00,PURCHASE_ORDER,PO-002434,PO_CREATED,Purchase order PO-002434 created in ERP
EVT-0002435,2026-08-27 00:00:00,PURCHASE_ORDER,PO-002435,PO_CREATED,Purchase order PO-002435 created in ERP
EVT-0002436,2026-06-04 00:00:00,PURCHASE_ORDER,PO-002436,PO_CREATED,Purchase order PO-002436 created in ERP
EVT-0002437,2026-05-04 00:00:00,PURCHASE_ORDER,PO-002437,PO_CREATED,Purchase order PO-002437 created in ERP
EVT-0002438,2026-06-02 00:00:00,PURCHASE_ORDER,PO-002438,PO_CREATED,Purchase order PO-002438 created in ERP
EVT-0002439,2026-05-06 00:00:00,PURCHASE_ORDER,PO-002439,PO_CREATED,Purchase order PO-002439 created in ERP
EVT-0002440,2026-07-12 00:00:00,PURCHASE_ORDER,PO-002440,PO_CREATED,Purchase order PO-002440 created in ERP
EVT-0002441,2026-07-07 00:00:00,PURCHASE_ORDER,PO-002441,PO_CREATED,Purchase order PO-002441 created in ERP
EVT-0002442,2026-07-26 00:00:00,PURCHASE_ORDER,PO-002442,PO_CREATED,Purchase order PO-002442 created in ERP
EVT-0002443,2026-01-20 00:00:00,PURCHASE_ORDER,PO-002443,PO_CREATED,Purchase order PO-002443 created in ERP
EVT-0002444,2026-01-27 00:00:00,PURCHASE_ORDER,PO-002444,PO_CREATED,Purchase order PO-002444 created in ERP
EVT-0002445,2026-08-24 00:00:00,PURCHASE_ORDER,PO-002445,PO_CREATED,Purchase order PO-002445 created in ERP
EVT-0002446,2026-06-03 00:00:00,PURCHASE_ORDER,PO-002446,PO_CREATED,Purchase order PO-002446 created in ERP
EVT-0002447,2026-03-17 00:00:00,PURCHASE_ORDER,PO-002447,PO_CREATED,Purchase order PO-002447 created in ERP
EVT-0002448,2026-07-02 00:00:00,PURCHASE_ORDER,PO-002448,PO_CREATED,Purchase order PO-002448 created in ERP
EVT-0002449,2026-01-24 00:00:00,PURCHASE_ORDER,PO-002449,PO_CREATED,Purchase order PO-002449 created in ERP
EVT-0002450,2026-08-18 00:00:00,PURCHASE_ORDER,PO-002450,PO_CREATED,Purchase order PO-002450 created in ERP
EVT-0002451,2026-08-20 00:00:00,PURCHASE_ORDER,PO-002451,PO_CREATED,Purchase order PO-002451 created in ERP
EVT-0002452,2026-01-30 00:00:00,PURCHASE_ORDER,PO-002452,PO_CREATED,Purchase order PO-002452 created in ERP
EVT-0002453,2026-06-20 00:00:00,PURCHASE_ORDER,PO-002453,PO_CREATED,Purchase order PO-002453 created in ERP
EVT-0002454,2026-08-03 00:00:00,PURCHASE_ORDER,PO-002454,PO_CREATED,Purchase order PO-002454 created in ERP
EVT-0002455,2026-04-19 00:00:00,PURCHASE_ORDER,PO-002455,PO_CREATED,Purchase order PO-002455 created in ERP
EVT-0002456,2026-01-26 00:00:00,PURCHASE_ORDER,PO-002456,PO_CREATED,Purchase order PO-002456 created in ERP
EVT-0002457,2026-07-13 00:00:00,PURCHASE_ORDER,PO-002457,PO_CREATED,Purchase order PO-002457 created in ERP
EVT-0002458,2026-04-26 00:00:00,PURCHASE_ORDER,PO-002458,PO_CREATED,Purchase order PO-002458 created in ERP
EVT-0002459,2026-06-12 00:00:00,PURCHASE_ORDER,PO-002459,PO_CREATED,Purchase order PO-002459 created in ERP
EVT-0002460,2026-06-20 00:00:00,PURCHASE_ORDER,PO-002460,PO_CREATED,Purchase order PO-002460 created in ERP
EVT-0002461,2026-01-05 00:00:00,PURCHASE_ORDER,PO-002461,PO_CREATED,Purchase order PO-002461 created in ERP
EVT-0002462,2026-08-24 00:00:00,PURCHASE_ORDER,PO-002462,PO_CREATED,Purchase order PO-002462 created in ERP
EVT-0002463,2026-05-10 00:00:00,PURCHASE_ORDER,PO-002463,PO_CREATED,Purchase order PO-002463 created in ERP
EVT-0002464,2026-05-12 00:00:00,PURCHASE_ORDER,PO-002464,PO_CREATED,Purchase order PO-002464 created in ERP
EVT-0002465,2026-04-28 00:00:00,PURCHASE_ORDER,PO-002465,PO_CREATED,Purchase order PO-002465 created in ERP
EVT-0002466,2026-03-30 00:00:00,PURCHASE_ORDER,PO-002466,PO_CREATED,Purchase order PO-002466 created in ERP
EVT-0002467,2026-06-16 00:00:00,PURCHASE_ORDER,PO-002467,PO_CREATED,Purchase order PO-002467 created in ERP
EVT-0002468,2026-01-17 00:00:00,PURCHASE_ORDER,PO-002468,PO_CREATED,Purchase order PO-002468 created in ERP
EVT-0002469,2026-04-02 00:00:00,PURCHASE_ORDER,PO-002469,PO_CREATED,Purchase order PO-002469 created in ERP
EVT-0002470,2026-03-24 00:00:00,PURCHASE_ORDER,PO-002470,PO_CREATED,Purchase order PO-002470 created in ERP
EVT-0002471,2026-04-14 00:00:00,PURCHASE_ORDER,PO-002471,PO_CREATED,Purchase order PO-002471 created in ERP
EVT-0002472,2026-02-23 00:00:00,PURCHASE_ORDER,PO-002472,PO_CREATED,Purchase order PO-002472 created in ERP
EVT-0002473,2026-01-29 00:00:00,PURCHASE_ORDER,PO-002473,PO_CREATED,Purchase order PO-002473 created in ERP
EVT-0002474,2026-01-20 00:00:00,PURCHASE_ORDER,PO-002474,PO_CREATED,Purchase order PO-002474 created in ERP
EVT-0002475,2026-06-21 00:00:00,PURCHASE_ORDER,PO-002475,PO_CREATED,Purchase order PO-002475 created in ERP
EVT-0002476,2026-06-20 00:00:00,PURCHASE_ORDER,PO-002476,PO_CREATED,Purchase order PO-002476 created in ERP
EVT-0002477,2026-01-15 00:00:00,PURCHASE_ORDER,PO-002477,PO_CREATED,Purchase order PO-002477 created in ERP
EVT-0002478,2026-02-25 00:00:00,PURCHASE_ORDER,PO-002478,PO_CREATED,Purchase order PO-002478 created in ERP
EVT-0002479,2026-02-24 00:00:00,PURCHASE_ORDER,PO-002479,PO_CREATED,Purchase order PO-002479 created in ERP
EVT-0002480,2026-03-28 00:00:00,PURCHASE_ORDER,PO-002480,PO_CREATED,Purchase order PO-002480 created in ERP
EVT-0002481,2026-04-30 00:00:00,PURCHASE_ORDER,PO-002481,PO_CREATED,Purchase order PO-002481 created in ERP
EVT-0002482,2026-02-02 00:00:00,PURCHASE_ORDER,PO-002482,PO_CREATED,Purchase order PO-002482 created in ERP
EVT-0002483,2026-06-09 00:00:00,PURCHASE_ORDER,PO-002483,PO_CREATED,Purchase order PO-002483 created in ERP
EVT-0002484,2026-04-22 00:00:00,PURCHASE_ORDER,PO-002484,PO_CREATED,Purchase order PO-002484 created in ERP
EVT-0002485,2026-01-15 00:00:00,PURCHASE_ORDER,PO-002485,PO_CREATED,Purchase order PO-002485 created in ERP
EVT-0002486,2026-01-13 00:00:00,PURCHASE_ORDER,PO-002486,PO_CREATED,Purchase order PO-002486 created in ERP
EVT-0002487,2026-05-13 00:00:00,PURCHASE_ORDER,PO-002487,PO_CREATED,Purchase order PO-002487 created in ERP
EVT-0002488,2026-03-07 00:00:00,PURCHASE_ORDER,PO-002488,PO_CREATED,Purchase order PO-002488 created in ERP
EVT-0002489,2026-04-19 00:00:00,PURCHASE_ORDER,PO-002489,PO_CREATED,Purchase order PO-002489 created in ERP
EVT-0002490,2026-06-20 00:00:00,PURCHASE_ORDER,PO-002490,PO_CREATED,Purchase order PO-002490 created in ERP
EVT-0002491,2026-07-18 00:00:00,PURCHASE_ORDER,PO-002491,PO_CREATED,Purchase order PO-002491 created in ERP
EVT-0002492,2026-01-26 00:00:00,PURCHASE_ORDER,PO-002492,PO_CREATED,Purchase order PO-002492 created in ERP
EVT-0002493,2026-08-08 00:00:00,PURCHASE_ORDER,PO-002493,PO_CREATED,Purchase order PO-002493 created in ERP
EVT-0002494,2026-04-09 00:00:00,PURCHASE_ORDER,PO-002494,PO_CREATED,Purchase order PO-002494 created in ERP
EVT-0002495,2026-03-12 00:00:00,PURCHASE_ORDER,PO-002495,PO_CREATED,Purchase order PO-002495 created in ERP
EVT-0002496,2026-08-05 00:00:00,PURCHASE_ORDER,PO-002496,PO_CREATED,Purchase order PO-002496 created in ERP
EVT-0002497,2026-02-02 00:00:00,PURCHASE_ORDER,PO-002497,PO_CREATED,Purchase order PO-002497 created in ERP
EVT-0002498,2026-04-18 00:00:00,PURCHASE_ORDER,PO-002498,PO_CREATED,Purchase order PO-002498 created in ERP
EVT-0002499,2026-07-20 00:00:00,PURCHASE_ORDER,PO-002499,PO_CREATED,Purchase order PO-002499 created in ERP
EVT-0002500,2026-02-04 00:00:00,PURCHASE_ORDER,PO-002500,PO_CREATED,Purchase order PO-002500 created in ERP
EVT-0002501,2026-06-13 00:00:00,PURCHASE_ORDER,PO-002501,PO_CREATED,Purchase order PO-002501 created in ERP
EVT-0002502,2026-07-31 00:00:00,PURCHASE_ORDER,PO-002502,PO_CREATED,Purchase order PO-002502 created in ERP
EVT-0002503,2026-02-03 00:00:00,PURCHASE_ORDER,PO-002503,PO_CREATED,Purchase order PO-002503 created in ERP
EVT-0002504,2026-03-09 00:00:00,PURCHASE_ORDER,PO-002504,PO_CREATED,Purchase order PO-002504 created in ERP
EVT-0002505,2026-08-11 00:00:00,PURCHASE_ORDER,PO-002505,PO_CREATED,Purchase order PO-002505 created in ERP
EVT-0002506,2026-05-29 00:00:00,PURCHASE_ORDER,PO-002506,PO_CREATED,Purchase order PO-002506 created in ERP
EVT-0002507,2026-05-03 00:00:00,PURCHASE_ORDER,PO-002507,PO_CREATED,Purchase order PO-002507 created in ERP
EVT-0002508,2026-02-06 00:00:00,PURCHASE_ORDER,PO-002508,PO_CREATED,Purchase order PO-002508 created in ERP
EVT-0002509,2026-01-31 00:00:00,PURCHASE_ORDER,PO-002509,PO_CREATED,Purchase order PO-002509 created in ERP
EVT-0002510,2026-01-22 00:00:00,PURCHASE_ORDER,PO-002510,PO_CREATED,Purchase order PO-002510 created in ERP
EVT-0002511,2026-07-31 00:00:00,PURCHASE_ORDER,PO-002511,PO_CREATED,Purchase order PO-002511 created in ERP
EVT-0002512,2026-05-02 00:00:00,PURCHASE_ORDER,PO-002512,PO_CREATED,Purchase order PO-002512 created in ERP
EVT-0002513,2026-02-06 00:00:00,PURCHASE_ORDER,PO-002513,PO_CREATED,Purchase order PO-002513 created in ERP
EVT-0002514,2026-01-14 00:00:00,PURCHASE_ORDER,PO-002514,PO_CREATED,Purchase order PO-002514 created in ERP
EVT-0002515,2026-05-26 00:00:00,PURCHASE_ORDER,PO-002515,PO_CREATED,Purchase order PO-002515 created in ERP
EVT-0002516,2026-02-26 00:00:00,PURCHASE_ORDER,PO-002516,PO_CREATED,Purchase order PO-002516 created in ERP
EVT-0002517,2026-01-08 00:00:00,PURCHASE_ORDER,PO-002517,PO_CREATED,Purchase order PO-002517 created in ERP
EVT-0002518,2026-04-03 00:00:00,PURCHASE_ORDER,PO-002518,PO_CREATED,Purchase order PO-002518 created in ERP
EVT-0002519,2026-07-31 00:00:00,PURCHASE_ORDER,PO-002519,PO_CREATED,Purchase order PO-002519 created in ERP
EVT-0002520,2026-08-26 00:00:00,PURCHASE_ORDER,PO-002520,PO_CREATED,Purchase order PO-002520 created in ERP
EVT-0002521,2026-08-17 00:00:00,PURCHASE_ORDER,PO-002521,PO_CREATED,Purchase order PO-002521 created in ERP
EVT-0002522,2026-06-03 00:00:00,PURCHASE_ORDER,PO-002522,PO_CREATED,Purchase order PO-002522 created in ERP
EVT-0002523,2026-06-19 00:00:00,PURCHASE_ORDER,PO-002523,PO_CREATED,Purchase order PO-002523 created in ERP
EVT-0002524,2026-06-21 00:00:00,PURCHASE_ORDER,PO-002524,PO_CREATED,Purchase order PO-002524 created in ERP
EVT-0002525,2026-06-09 00:00:00,PURCHASE_ORDER,PO-002525,PO_CREATED,Purchase order PO-002525 created in ERP
EVT-0002526,2026-02-28 00:00:00,PURCHASE_ORDER,PO-002526,PO_CREATED,Purchase order PO-002526 created in ERP
EVT-0002527,2026-04-23 00:00:00,PURCHASE_ORDER,PO-002527,PO_CREATED,Purchase order PO-002527 created in ERP
EVT-0002528,2026-07-20 00:00:00,PURCHASE_ORDER,PO-002528,PO_CREATED,Purchase order PO-002528 created in ERP
EVT-0002529,2026-07-01 00:00:00,PURCHASE_ORDER,PO-002529,PO_CREATED,Purchase order PO-002529 created in ERP
EVT-0002530,2026-04-05 00:00:00,PURCHASE_ORDER,PO-002530,PO_CREATED,Purchase order PO-002530 created in ERP
EVT-0002531,2026-05-05 00:00:00,PURCHASE_ORDER,PO-002531,PO_CREATED,Purchase order PO-002531 created in ERP
EVT-0002532,2026-01-29 00:00:00,PURCHASE_ORDER,PO-002532,PO_CREATED,Purchase order PO-002532 created in ERP
EVT-0002533,2026-02-13 00:00:00,PURCHASE_ORDER,PO-002533,PO_CREATED,Purchase order PO-002533 created in ERP
EVT-0002534,2026-07-24 00:00:00,PURCHASE_ORDER,PO-002534,PO_CREATED,Purchase order PO-002534 created in ERP
EVT-0002535,2026-08-26 00:00:00,PURCHASE_ORDER,PO-002535,PO_CREATED,Purchase order PO-002535 created in ERP
EVT-0002536,2026-04-22 00:00:00,PURCHASE_ORDER,PO-002536,PO_CREATED,Purchase order PO-002536 created in ERP
EVT-0002537,2026-04-10 00:00:00,PURCHASE_ORDER,PO-002537,PO_CREATED,Purchase order PO-002537 created in ERP
EVT-0002538,2026-03-03 00:00:00,PURCHASE_ORDER,PO-002538,PO_CREATED,Purchase order PO-002538 created in ERP
EVT-0002539,2026-08-03 00:00:00,PURCHASE_ORDER,PO-002539,PO_CREATED,Purchase order PO-002539 created in ERP
EVT-0002540,2026-05-01 00:00:00,PURCHASE_ORDER,PO-002540,PO_CREATED,Purchase order PO-002540 created in ERP
EVT-0002541,2026-02-10 00:00:00,PURCHASE_ORDER,PO-002541,PO_CREATED,Purchase order PO-002541 created in ERP
EVT-0002542,2026-05-19 00:00:00,PURCHASE_ORDER,PO-002542,PO_CREATED,Purchase order PO-002542 created in ERP
EVT-0002543,2026-05-18 00:00:00,PURCHASE_ORDER,PO-002543,PO_CREATED,Purchase order PO-002543 created in ERP
EVT-0002544,2026-08-10 00:00:00,PURCHASE_ORDER,PO-002544,PO_CREATED,Purchase order PO-002544 created in ERP
EVT-0002545,2026-04-20 00:00:00,PURCHASE_ORDER,PO-002545,PO_CREATED,Purchase order PO-002545 created in ERP
EVT-0002546,2026-02-27 00:00:00,PURCHASE_ORDER,PO-002546,PO_CREATED,Purchase order PO-002546 created in ERP
EVT-0002547,2026-04-07 00:00:00,PURCHASE_ORDER,PO-002547,PO_CREATED,Purchase order PO-002547 created in ERP
EVT-0002548,2026-08-11 00:00:00,PURCHASE_ORDER,PO-002548,PO_CREATED,Purchase order PO-002548 created in ERP
EVT-0002549,2026-04-05 00:00:00,PURCHASE_ORDER,PO-002549,PO_CREATED,Purchase order PO-002549 created in ERP
EVT-0002550,2026-06-08 00:00:00,PURCHASE_ORDER,PO-002550,PO_CREATED,Purchase order PO-002550 created in ERP
EVT-0002551,2026-05-07 00:00:00,PURCHASE_ORDER,PO-002551,PO_CREATED,Purchase order PO-002551 created in ERP
EVT-0002552,2026-04-30 00:00:00,PURCHASE_ORDER,PO-002552,PO_CREATED,Purchase order PO-002552 created in ERP
EVT-0002553,2026-04-02 00:00:00,PURCHASE_ORDER,PO-002553,PO_CREATED,Purchase order PO-002553 created in ERP
EVT-0002554,2026-06-05 00:00:00,PURCHASE_ORDER,PO-002554,PO_CREATED,Purchase order PO-002554 created in ERP
EVT-0002555,2026-08-13 00:00:00,PURCHASE_ORDER,PO-002555,PO_CREATED,Purchase order PO-002555 created in ERP
EVT-0002556,2026-01-04 00:00:00,PURCHASE_ORDER,PO-002556,PO_CREATED,Purchase order PO-002556 created in ERP
EVT-0002557,2026-04-05 00:00:00,PURCHASE_ORDER,PO-002557,PO_CREATED,Purchase order PO-002557 created in ERP
EVT-0002558,2026-01-11 00:00:00,PURCHASE_ORDER,PO-002558,PO_CREATED,Purchase order PO-002558 created in ERP
EVT-0002559,2026-05-19 00:00:00,PURCHASE_ORDER,PO-002559,PO_CREATED,Purchase order PO-002559 created in ERP
EVT-0002560,2026-03-18 00:00:00,PURCHASE_ORDER,PO-002560,PO_CREATED,Purchase order PO-002560 created in ERP
EVT-0002561,2026-07-08 00:00:00,PURCHASE_ORDER,PO-002561,PO_CREATED,Purchase order PO-002561 created in ERP
EVT-0002562,2026-03-02 00:00:00,PURCHASE_ORDER,PO-002562,PO_CREATED,Purchase order PO-002562 created in ERP
EVT-0002563,2026-07-04 00:00:00,PURCHASE_ORDER,PO-002563,PO_CREATED,Purchase order PO-002563 created in ERP
EVT-0002564,2026-04-15 00:00:00,PURCHASE_ORDER,PO-002564,PO_CREATED,Purchase order PO-002564 created in ERP
EVT-0002565,2026-05-11 00:00:00,PURCHASE_ORDER,PO-002565,PO_CREATED,Purchase order PO-002565 created in ERP
EVT-0002566,2026-04-29 00:00:00,PURCHASE_ORDER,PO-002566,PO_CREATED,Purchase order PO-002566 created in ERP
EVT-0002567,2026-07-25 00:00:00,PURCHASE_ORDER,PO-002567,PO_CREATED,Purchase order PO-002567 created in ERP
EVT-0002568,2026-02-28 00:00:00,PURCHASE_ORDER,PO-002568,PO_CREATED,Purchase order PO-002568 created in ERP
EVT-0002569,2026-04-16 00:00:00,PURCHASE_ORDER,PO-002569,PO_CREATED,Purchase order PO-002569 created in ERP
EVT-0002570,2026-05-26 00:00:00,PURCHASE_ORDER,PO-002570,PO_CREATED,Purchase order PO-002570 created in ERP
EVT-0002571,2026-03-21 00:00:00,PURCHASE_ORDER,PO-002571,PO_CREATED,Purchase order PO-002571 created in ERP
EVT-0002572,2026-08-09 00:00:00,PURCHASE_ORDER,PO-002572,PO_CREATED,Purchase order PO-002572 created in ERP
EVT-0002573,2026-06-25 00:00:00,PURCHASE_ORDER,PO-002573,PO_CREATED,Purchase order PO-002573 created in ERP
EVT-0002574,2026-07-30 00:00:00,PURCHASE_ORDER,PO-002574,PO_CREATED,Purchase order PO-002574 created in ERP
EVT-0002575,2026-07-12 00:00:00,PURCHASE_ORDER,PO-002575,PO_CREATED,Purchase order PO-002575 created in ERP
EVT-0002576,2026-03-28 00:00:00,PURCHASE_ORDER,PO-002576,PO_CREATED,Purchase order PO-002576 created in ERP
EVT-0002577,2026-02-19 00:00:00,PURCHASE_ORDER,PO-002577,PO_CREATED,Purchase order PO-002577 created in ERP
EVT-0002578,2026-01-13 00:00:00,PURCHASE_ORDER,PO-002578,PO_CREATED,Purchase order PO-002578 created in ERP
EVT-0002579,2026-08-24 00:00:00,PURCHASE_ORDER,PO-002579,PO_CREATED,Purchase order PO-002579 created in ERP
EVT-0002580,2026-07-04 00:00:00,PURCHASE_ORDER,PO-002580,PO_CREATED,Purchase order PO-002580 created in ERP
EVT-0002581,2026-06-02 00:00:00,PURCHASE_ORDER,PO-002581,PO_CREATED,Purchase order PO-002581 created in ERP
EVT-0002582,2026-07-18 00:00:00,PURCHASE_ORDER,PO-002582,PO_CREATED,Purchase order PO-002582 created in ERP
EVT-0002583,2026-07-17 00:00:00,PURCHASE_ORDER,PO-002583,PO_CREATED,Purchase order PO-002583 created in ERP
EVT-0002584,2026-03-03 00:00:00,PURCHASE_ORDER,PO-002584,PO_CREATED,Purchase order PO-002584 created in ERP
EVT-0002585,2026-03-23 00:00:00,PURCHASE_ORDER,PO-002585,PO_CREATED,Purchase order PO-002585 created in ERP
EVT-0002586,2026-06-13 00:00:00,PURCHASE_ORDER,PO-002586,PO_CREATED,Purchase order PO-002586 created in ERP
EVT-0002587,2026-05-12 00:00:00,PURCHASE_ORDER,PO-002587,PO_CREATED,Purchase order PO-002587 created in ERP
EVT-0002588,2026-05-10 00:00:00,PURCHASE_ORDER,PO-002588,PO_CREATED,Purchase order PO-002588 created in ERP
EVT-0002589,2026-02-12 00:00:00,PURCHASE_ORDER,PO-002589,PO_CREATED,Purchase order PO-002589 created in ERP
EVT-0002590,2026-06-07 00:00:00,PURCHASE_ORDER,PO-002590,PO_CREATED,Purchase order PO-002590 created in ERP
EVT-0002591,2026-03-31 00:00:00,PURCHASE_ORDER,PO-002591,PO_CREATED,Purchase order PO-002591 created in ERP
EVT-0002592,2026-07-01 00:00:00,PURCHASE_ORDER,PO-002592,PO_CREATED,Purchase order PO-002592 created in ERP
EVT-0002593,2026-05-18 00:00:00,PURCHASE_ORDER,PO-002593,PO_CREATED,Purchase order PO-002593 created in ERP
EVT-0002594,2026-02-15 00:00:00,PURCHASE_ORDER,PO-002594,PO_CREATED,Purchase order PO-002594 created in ERP
EVT-0002595,2026-06-22 00:00:00,PURCHASE_ORDER,PO-002595,PO_CREATED,Purchase order PO-002595 created in ERP
EVT-0002596,2026-04-17 00:00:00,PURCHASE_ORDER,PO-002596,PO_CREATED,Purchase order PO-002596 created in ERP
EVT-0002597,2026-04-29 00:00:00,PURCHASE_ORDER,PO-002597,PO_CREATED,Purchase order PO-002597 created in ERP
EVT-0002598,2026-03-03 00:00:00,PURCHASE_ORDER,PO-002598,PO_CREATED,Purchase order PO-002598 created in ERP
EVT-0002599,2026-05-06 00:00:00,PURCHASE_ORDER,PO-002599,PO_CREATED,Purchase order PO-002599 created in ERP
EVT-0002600,2026-05-28 00:00:00,PURCHASE_ORDER,PO-002600,PO_CREATED,Purchase order PO-002600 created in ERP
EVT-0002601,2026-01-27 00:00:00,PURCHASE_ORDER,PO-002601,PO_CREATED,Purchase order PO-002601 created in ERP
EVT-0002602,2026-07-02 00:00:00,PURCHASE_ORDER,PO-002602,PO_CREATED,Purchase order PO-002602 created in ERP
EVT-0002603,2026-03-06 00:00:00,PURCHASE_ORDER,PO-002603,PO_CREATED,Purchase order PO-002603 created in ERP
EVT-0002604,2026-01-05 00:00:00,PURCHASE_ORDER,PO-002604,PO_CREATED,Purchase order PO-002604 created in ERP
EVT-0002605,2026-01-05 00:00:00,PURCHASE_ORDER,PO-002605,PO_CREATED,Purchase order PO-002605 created in ERP
EVT-0002606,2026-06-19 00:00:00,PURCHASE_ORDER,PO-002606,PO_CREATED,Purchase order PO-002606 created in ERP
EVT-0002607,2026-04-08 00:00:00,PURCHASE_ORDER,PO-002607,PO_CREATED,Purchase order PO-002607 created in ERP
EVT-0002608,2026-03-14 00:00:00,PURCHASE_ORDER,PO-002608,PO_CREATED,Purchase order PO-002608 created in ERP
EVT-0002609,2026-01-06 00:00:00,PURCHASE_ORDER,PO-002609,PO_CREATED,Purchase order PO-002609 created in ERP
EVT-0002610,2026-04-20 00:00:00,PURCHASE_ORDER,PO-002610,PO_CREATED,Purchase order PO-002610 created in ERP
EVT-0002611,2026-03-07 00:00:00,PURCHASE_ORDER,PO-002611,PO_CREATED,Purchase order PO-002611 created in ERP
EVT-0002612,2026-02-15 00:00:00,PURCHASE_ORDER,PO-002612,PO_CREATED,Purchase order PO-002612 created in ERP
EVT-0002613,2026-01-22 00:00:00,PURCHASE_ORDER,PO-002613,PO_CREATED,Purchase order PO-002613 created in ERP
EVT-0002614,2026-08-06 00:00:00,PURCHASE_ORDER,PO-002614,PO_CREATED,Purchase order PO-002614 created in ERP
EVT-0002615,2026-01-31 00:00:00,PURCHASE_ORDER,PO-002615,PO_CREATED,Purchase order PO-002615 created in ERP
EVT-0002616,2026-03-23 00:00:00,PURCHASE_ORDER,PO-002616,PO_CREATED,Purchase order PO-002616 created in ERP
EVT-0002617,2026-07-24 00:00:00,PURCHASE_ORDER,PO-002617,PO_CREATED,Purchase order PO-002617 created in ERP
EVT-0002618,2026-07-20 00:00:00,PURCHASE_ORDER,PO-002618,PO_CREATED,Purchase order PO-002618 created in ERP
EVT-0002619,2026-05-14 00:00:00,PURCHASE_ORDER,PO-002619,PO_CREATED,Purchase order PO-002619 created in ERP
EVT-0002620,2026-04-05 00:00:00,PURCHASE_ORDER,PO-002620,PO_CREATED,Purchase order PO-002620 created in ERP
EVT-0002621,2026-02-20 00:00:00,PURCHASE_ORDER,PO-002621,PO_CREATED,Purchase order PO-002621 created in ERP
EVT-0002622,2026-07-13 00:00:00,PURCHASE_ORDER,PO-002622,PO_CREATED,Purchase order PO-002622 created in ERP
EVT-0002623,2026-06-18 00:00:00,PURCHASE_ORDER,PO-002623,PO_CREATED,Purchase order PO-002623 created in ERP
EVT-0002624,2026-05-19 00:00:00,PURCHASE_ORDER,PO-002624,PO_CREATED,Purchase order PO-002624 created in ERP
EVT-0002625,2026-05-26 00:00:00,PURCHASE_ORDER,PO-002625,PO_CREATED,Purchase order PO-002625 created in ERP
EVT-0002626,2026-06-29 00:00:00,PURCHASE_ORDER,PO-002626,PO_CREATED,Purchase order PO-002626 created in ERP
EVT-0002627,2026-06-03 00:00:00,PURCHASE_ORDER,PO-002627,PO_CREATED,Purchase order PO-002627 created in ERP
EVT-0002628,2026-06-23 00:00:00,PURCHASE_ORDER,PO-002628,PO_CREATED,Purchase order PO-002628 created in ERP
EVT-0002629,2026-03-08 00:00:00,PURCHASE_ORDER,PO-002629,PO_CREATED,Purchase order PO-002629 created in ERP
EVT-0002630,2026-07-18 00:00:00,PURCHASE_ORDER,PO-002630,PO_CREATED,Purchase order PO-002630 created in ERP
EVT-0002631,2026-05-26 00:00:00,PURCHASE_ORDER,PO-002631,PO_CREATED,Purchase order PO-002631 created in ERP
EVT-0002632,2026-03-21 00:00:00,PURCHASE_ORDER,PO-002632,PO_CREATED,Purchase order PO-002632 created in ERP
EVT-0002633,2026-04-25 00:00:00,PURCHASE_ORDER,PO-002633,PO_CREATED,Purchase order PO-002633 created in ERP
EVT-0002634,2026-01-30 00:00:00,PURCHASE_ORDER,PO-002634,PO_CREATED,Purchase order PO-002634 created in ERP
EVT-0002635,2026-02-09 00:00:00,PURCHASE_ORDER,PO-002635,PO_CREATED,Purchase order PO-002635 created in ERP
EVT-0002636,2026-08-02 00:00:00,PURCHASE_ORDER,PO-002636,PO_CREATED,Purchase order PO-002636 created in ERP
EVT-0002637,2026-01-10 00:00:00,PURCHASE_ORDER,PO-002637,PO_CREATED,Purchase order PO-002637 created in ERP
EVT-0002638,2026-06-26 00:00:00,PURCHASE_ORDER,PO-002638,PO_CREATED,Purchase order PO-002638 created in ERP
EVT-0002639,2026-03-21 00:00:00,PURCHASE_ORDER,PO-002639,PO_CREATED,Purchase order PO-002639 created in ERP
EVT-0002640,2026-05-03 00:00:00,PURCHASE_ORDER,PO-002640,PO_CREATED,Purchase order PO-002640 created in ERP
EVT-0002641,2026-05-31 00:00:00,PURCHASE_ORDER,PO-002641,PO_CREATED,Purchase order PO-002641 created in ERP
EVT-0002642,2026-06-24 00:00:00,PURCHASE_ORDER,PO-002642,PO_CREATED,Purchase order PO-002642 created in ERP
EVT-0002643,2026-03-10 00:00:00,PURCHASE_ORDER,PO-002643,PO_CREATED,Purchase order PO-002643 created in ERP
EVT-0002644,2026-04-10 00:00:00,PURCHASE_ORDER,PO-002644,PO_CREATED,Purchase order PO-002644 created in ERP
EVT-0002645,2026-03-31 00:00:00,PURCHASE_ORDER,PO-002645,PO_CREATED,Purchase order PO-002645 created in ERP
EVT-0002646,2026-06-19 00:00:00,PURCHASE_ORDER,PO-002646,PO_CREATED,Purchase order PO-002646 created in ERP
EVT-0002647,2026-08-01 00:00:00,PURCHASE_ORDER,PO-002647,PO_CREATED,Purchase order PO-002647 created in ERP
EVT-0002648,2026-08-29 00:00:00,PURCHASE_ORDER,PO-002648,PO_CREATED,Purchase order PO-002648 created in ERP
EVT-0002649,2026-01-13 00:00:00,PURCHASE_ORDER,PO-002649,PO_CREATED,Purchase order PO-002649 created in ERP
EVT-0002650,2026-01-15 00:00:00,PURCHASE_ORDER,PO-002650,PO_CREATED,Purchase order PO-002650 created in ERP
EVT-0002651,2026-04-03 00:00:00,PURCHASE_ORDER,PO-002651,PO_CREATED,Purchase order PO-002651 created in ERP
EVT-0002652,2026-03-18 00:00:00,PURCHASE_ORDER,PO-002652,PO_CREATED,Purchase order PO-002652 created in ERP
EVT-0002653,2026-02-24 00:00:00,PURCHASE_ORDER,PO-002653,PO_CREATED,Purchase order PO-002653 created in ERP
EVT-0002654,2026-02-04 00:00:00,PURCHASE_ORDER,PO-002654,PO_CREATED,Purchase order PO-002654 created in ERP
EVT-0002655,2026-01-15 00:00:00,PURCHASE_ORDER,PO-002655,PO_CREATED,Purchase order PO-002655 created in ERP
EVT-0002656,2026-03-06 00:00:00,PURCHASE_ORDER,PO-002656,PO_CREATED,Purchase order PO-002656 created in ERP
EVT-0002657,2026-02-17 00:00:00,PURCHASE_ORDER,PO-002657,PO_CREATED,Purchase order PO-002657 created in ERP
EVT-0002658,2026-07-07 00:00:00,PURCHASE_ORDER,PO-002658,PO_CREATED,Purchase order PO-002658 created in ERP
EVT-0002659,2026-04-29 00:00:00,PURCHASE_ORDER,PO-002659,PO_CREATED,Purchase order PO-002659 created in ERP
EVT-0002660,2026-08-14 00:00:00,PURCHASE_ORDER,PO-002660,PO_CREATED,Purchase order PO-002660 created in ERP
EVT-0002661,2026-01-07 00:00:00,PURCHASE_ORDER,PO-002661,PO_CREATED,Purchase order PO-002661 created in ERP
EVT-0002662,2026-06-09 00:00:00,PURCHASE_ORDER,PO-002662,PO_CREATED,Purchase order PO-002662 created in ERP
EVT-0002663,2026-02-18 00:00:00,PURCHASE_ORDER,PO-002663,PO_CREATED,Purchase order PO-002663 created in ERP
EVT-0002664,2026-01-17 00:00:00,PURCHASE_ORDER,PO-002664,PO_CREATED,Purchase order PO-002664 created in ERP
EVT-0002665,2026-01-09 00:00:00,PURCHASE_ORDER,PO-002665,PO_CREATED,Purchase order PO-002665 created in ERP
EVT-0002666,2026-04-20 00:00:00,PURCHASE_ORDER,PO-002666,PO_CREATED,Purchase order PO-002666 created in ERP
EVT-0002667,2026-07-03 00:00:00,PURCHASE_ORDER,PO-002667,PO_CREATED,Purchase order PO-002667 created in ERP
EVT-0002668,2026-04-29 00:00:00,PURCHASE_ORDER,PO-002668,PO_CREATED,Purchase order PO-002668 created in ERP
EVT-0002669,2026-04-14 00:00:00,PURCHASE_ORDER,PO-002669,PO_CREATED,Purchase order PO-002669 created in ERP
EVT-0002670,2026-03-18 00:00:00,PURCHASE_ORDER,PO-002670,PO_CREATED,Purchase order PO-002670 created in ERP
EVT-0002671,2026-04-30 00:00:00,PURCHASE_ORDER,PO-002671,PO_CREATED,Purchase order PO-002671 created in ERP
EVT-0002672,2026-05-25 00:00:00,PURCHASE_ORDER,PO-002672,PO_CREATED,Purchase order PO-002672 created in ERP
EVT-0002673,2026-05-14 00:00:00,PURCHASE_ORDER,PO-002673,PO_CREATED,Purchase order PO-002673 created in ERP
EVT-0002674,2026-07-05 00:00:00,PURCHASE_ORDER,PO-002674,PO_CREATED,Purchase order PO-002674 created in ERP
EVT-0002675,2026-06-12 00:00:00,PURCHASE_ORDER,PO-002675,PO_CREATED,Purchase order PO-002675 created in ERP
EVT-0002676,2026-06-26 00:00:00,PURCHASE_ORDER,PO-002676,PO_CREATED,Purchase order PO-002676 created in ERP
EVT-0002677,2026-01-14 00:00:00,PURCHASE_ORDER,PO-002677,PO_CREATED,Purchase order PO-002677 created in ERP
EVT-0002678,2026-05-16 00:00:00,PURCHASE_ORDER,PO-002678,PO_CREATED,Purchase order PO-002678 created in ERP
EVT-0002679,2026-08-20 00:00:00,PURCHASE_ORDER,PO-002679,PO_CREATED,Purchase order PO-002679 created in ERP
EVT-0002680,2026-04-19 00:00:00,PURCHASE_ORDER,PO-002680,PO_CREATED,Purchase order PO-002680 created in ERP
EVT-0002681,2026-03-29 00:00:00,PURCHASE_ORDER,PO-002681,PO_CREATED,Purchase order PO-002681 created in ERP
EVT-0002682,2026-06-30 00:00:00,PURCHASE_ORDER,PO-002682,PO_CREATED,Purchase order PO-002682 created in ERP
EVT-0002683,2026-07-13 00:00:00,PURCHASE_ORDER,PO-002683,PO_CREATED,Purchase order PO-002683 created in ERP
EVT-0002684,2026-04-15 00:00:00,PURCHASE_ORDER,PO-002684,PO_CREATED,Purchase order PO-002684 created in ERP
EVT-0002685,2026-05-04 00:00:00,PURCHASE_ORDER,PO-002685,PO_CREATED,Purchase order PO-002685 created in ERP
EVT-0002686,2026-02-18 00:00:00,PURCHASE_ORDER,PO-002686,PO_CREATED,Purchase order PO-002686 created in ERP
EVT-0002687,2026-03-31 00:00:00,PURCHASE_ORDER,PO-002687,PO_CREATED,Purchase order PO-002687 created in ERP
EVT-0002688,2026-01-01 00:00:00,PURCHASE_ORDER,PO-002688,PO_CREATED,Purchase order PO-002688 created in ERP
EVT-0002689,2026-04-22 00:00:00,PURCHASE_ORDER,PO-002689,PO_CREATED,Purchase order PO-002689 created in ERP
EVT-0002690,2026-07-23 00:00:00,PURCHASE_ORDER,PO-002690,PO_CREATED,Purchase order PO-002690 created in ERP
EVT-0002691,2026-02-24 00:00:00,PURCHASE_ORDER,PO-002691,PO_CREATED,Purchase order PO-002691 created in ERP
EVT-0002692,2026-03-22 00:00:00,PURCHASE_ORDER,PO-002692,PO_CREATED,Purchase order PO-002692 created in ERP
EVT-0002693,2026-07-31 00:00:00,PURCHASE_ORDER,PO-002693,PO_CREATED,Purchase order PO-002693 created in ERP
EVT-0002694,2026-02-24 00:00:00,PURCHASE_ORDER,PO-002694,PO_CREATED,Purchase order PO-002694 created in ERP
EVT-0002695,2026-06-05 00:00:00,PURCHASE_ORDER,PO-002695,PO_CREATED,Purchase order PO-002695 created in ERP
EVT-0002696,2026-03-27 00:00:00,PURCHASE_ORDER,PO-002696,PO_CREATED,Purchase order PO-002696 created in ERP
EVT-0002697,2026-02-10 00:00:00,PURCHASE_ORDER,PO-002697,PO_CREATED,Purchase order PO-002697 created in ERP
EVT-0002698,2026-01-22 00:00:00,PURCHASE_ORDER,PO-002698,PO_CREATED,Purchase order PO-002698 created in ERP
EVT-0002699,2026-04-08 00:00:00,PURCHASE_ORDER,PO-002699,PO_CREATED,Purchase order PO-002699 created in ERP
EVT-0002700,2026-05-05 00:00:00,PURCHASE_ORDER,PO-002700,PO_CREATED,Purchase order PO-002700 created in ERP
EVT-0002701,2026-03-26 00:00:00,PURCHASE_ORDER,PO-002701,PO_CREATED,Purchase order PO-002701 created in ERP
EVT-0002702,2026-04-07 00:00:00,PURCHASE_ORDER,PO-002702,PO_CREATED,Purchase order PO-002702 created in ERP
EVT-0002703,2026-05-19 00:00:00,PURCHASE_ORDER,PO-002703,PO_CREATED,Purchase order PO-002703 created in ERP
EVT-0002704,2026-03-08 00:00:00,PURCHASE_ORDER,PO-002704,PO_CREATED,Purchase order PO-002704 created in ERP
EVT-0002705,2026-04-27 00:00:00,PURCHASE_ORDER,PO-002705,PO_CREATED,Purchase order PO-002705 created in ERP
EVT-0002706,2026-02-28 00:00:00,PURCHASE_ORDER,PO-002706,PO_CREATED,Purchase order PO-002706 created in ERP
EVT-0002707,2026-08-17 00:00:00,PURCHASE_ORDER,PO-002707,PO_CREATED,Purchase order PO-002707 created in ERP
EVT-0002708,2026-03-24 00:00:00,PURCHASE_ORDER,PO-002708,PO_CREATED,Purchase order PO-002708 created in ERP
EVT-0002709,2026-02-23 00:00:00,PURCHASE_ORDER,PO-002709,PO_CREATED,Purchase order PO-002709 created in ERP
EVT-0002710,2026-04-14 00:00:00,PURCHASE_ORDER,PO-002710,PO_CREATED,Purchase order PO-002710 created in ERP
EVT-0002711,2026-08-06 00:00:00,PURCHASE_ORDER,PO-002711,PO_CREATED,Purchase order PO-002711 created in ERP
EVT-0002712,2026-03-24 00:00:00,PURCHASE_ORDER,PO-002712,PO_CREATED,Purchase order PO-002712 created in ERP
EVT-0002713,2026-06-27 00:00:00,PURCHASE_ORDER,PO-002713,PO_CREATED,Purchase order PO-002713 created in ERP
EVT-0002714,2026-03-07 00:00:00,PURCHASE_ORDER,PO-002714,PO_CREATED,Purchase order PO-002714 created in ERP
EVT-0002715,2026-06-21 00:00:00,PURCHASE_ORDER,PO-002715,PO_CREATED,Purchase order PO-002715 created in ERP
EVT-0002716,2026-04-27 00:00:00,PURCHASE_ORDER,PO-002716,PO_CREATED,Purchase order PO-002716 created in ERP
EVT-0002717,2026-07-31 00:00:00,PURCHASE_ORDER,PO-002717,PO_CREATED,Purchase order PO-002717 created in ERP
EVT-0002718,2026-08-05 00:00:00,PURCHASE_ORDER,PO-002718,PO_CREATED,Purchase order PO-002718 created in ERP
EVT-0002719,2026-06-28 00:00:00,PURCHASE_ORDER,PO-002719,PO_CREATED,Purchase order PO-002719 created in ERP
EVT-0002720,2026-07-17 00:00:00,PURCHASE_ORDER,PO-002720,PO_CREATED,Purchase order PO-002720 created in ERP
EVT-0002721,2026-07-19 00:00:00,PURCHASE_ORDER,PO-002721,PO_CREATED,Purchase order PO-002721 created in ERP
EVT-0002722,2026-01-04 00:00:00,PURCHASE_ORDER,PO-002722,PO_CREATED,Purchase order PO-002722 created in ERP
EVT-0002723,2026-02-06 00:00:00,PURCHASE_ORDER,PO-002723,PO_CREATED,Purchase order PO-002723 created in ERP
EVT-0002724,2026-02-23 00:00:00,PURCHASE_ORDER,PO-002724,PO_CREATED,Purchase order PO-002724 created in ERP
EVT-0002725,2026-07-21 00:00:00,PURCHASE_ORDER,PO-002725,PO_CREATED,Purchase order PO-002725 created in ERP
EVT-0002726,2026-04-14 00:00:00,PURCHASE_ORDER,PO-002726,PO_CREATED,Purchase order PO-002726 created in ERP
EVT-0002727,2026-06-20 00:00:00,PURCHASE_ORDER,PO-002727,PO_CREATED,Purchase order PO-002727 created in ERP
EVT-0002728,2026-05-07 00:00:00,PURCHASE_ORDER,PO-002728,PO_CREATED,Purchase order PO-002728 created in ERP
EVT-0002729,2026-03-02 00:00:00,PURCHASE_ORDER,PO-002729,PO_CREATED,Purchase order PO-002729 created in ERP
EVT-0002730,2026-07-13 00:00:00,PURCHASE_ORDER,PO-002730,PO_CREATED,Purchase order PO-002730 created in ERP
EVT-0002731,2026-04-17 00:00:00,PURCHASE_ORDER,PO-002731,PO_CREATED,Purchase order PO-002731 created in ERP
EVT-0002732,2026-01-20 00:00:00,PURCHASE_ORDER,PO-002732,PO_CREATED,Purchase order PO-002732 created in ERP
EVT-0002733,2026-08-13 00:00:00,PURCHASE_ORDER,PO-002733,PO_CREATED,Purchase order PO-002733 created in ERP
EVT-0002734,2026-02-03 00:00:00,PURCHASE_ORDER,PO-002734,PO_CREATED,Purchase order PO-002734 created in ERP
EVT-0002735,2026-01-11 00:00:00,PURCHASE_ORDER,PO-002735,PO_CREATED,Purchase order PO-002735 created in ERP
EVT-0002736,2026-07-05 00:00:00,PURCHASE_ORDER,PO-002736,PO_CREATED,Purchase order PO-002736 created in ERP
EVT-0002737,2026-06-12 00:00:00,PURCHASE_ORDER,PO-002737,PO_CREATED,Purchase order PO-002737 created in ERP
EVT-0002738,2026-08-13 00:00:00,PURCHASE_ORDER,PO-002738,PO_CREATED,Purchase order PO-002738 created in ERP
EVT-0002739,2026-03-30 00:00:00,PURCHASE_ORDER,PO-002739,PO_CREATED,Purchase order PO-002739 created in ERP
EVT-0002740,2026-01-23 00:00:00,PURCHASE_ORDER,PO-002740,PO_CREATED,Purchase order PO-002740 created in ERP
EVT-0002741,2026-03-23 00:00:00,PURCHASE_ORDER,PO-002741,PO_CREATED,Purchase order PO-002741 created in ERP
EVT-0002742,2026-05-04 00:00:00,PURCHASE_ORDER,PO-002742,PO_CREATED,Purchase order PO-002742 created in ERP
EVT-0002743,2026-05-15 00:00:00,PURCHASE_ORDER,PO-002743,PO_CREATED,Purchase order PO-002743 created in ERP
EVT-0002744,2026-05-18 00:00:00,PURCHASE_ORDER,PO-002744,PO_CREATED,Purchase order PO-002744 created in ERP
EVT-0002745,2026-07-23 00:00:00,PURCHASE_ORDER,PO-002745,PO_CREATED,Purchase order PO-002745 created in ERP
EVT-0002746,2026-06-29 00:00:00,PURCHASE_ORDER,PO-002746,PO_CREATED,Purchase order PO-002746 created in ERP
EVT-0002747,2026-03-24 00:00:00,PURCHASE_ORDER,PO-002747,PO_CREATED,Purchase order PO-002747 created in ERP
EVT-0002748,2026-06-27 00:00:00,PURCHASE_ORDER,PO-002748,PO_CREATED,Purchase order PO-002748 created in ERP
EVT-0002749,2026-05-08 00:00:00,PURCHASE_ORDER,PO-002749,PO_CREATED,Purchase order PO-002749 created in ERP
EVT-0002750,2026-05-24 00:00:00,PURCHASE_ORDER,PO-002750,PO_CREATED,Purchase order PO-002750 created in ERP
EVT-0002751,2026-04-11 00:00:00,PURCHASE_ORDER,PO-002751,PO_CREATED,Purchase order PO-002751 created in ERP
EVT-0002752,2026-08-29 00:00:00,PURCHASE_ORDER,PO-002752,PO_CREATED,Purchase order PO-002752 created in ERP
EVT-0002753,2026-03-25 00:00:00,PURCHASE_ORDER,PO-002753,PO_CREATED,Purchase order PO-002753 created in ERP
EVT-0002754,2026-03-08 00:00:00,PURCHASE_ORDER,PO-002754,PO_CREATED,Purchase order PO-002754 created in ERP
EVT-0002755,2026-06-05 00:00:00,PURCHASE_ORDER,PO-002755,PO_CREATED,Purchase order PO-002755 created in ERP
EVT-0002756,2026-07-26 00:00:00,PURCHASE_ORDER,PO-002756,PO_CREATED,Purchase order PO-002756 created in ERP
EVT-0002757,2026-08-01 00:00:00,PURCHASE_ORDER,PO-002757,PO_CREATED,Purchase order PO-002757 created in ERP
EVT-0002758,2026-04-09 00:00:00,PURCHASE_ORDER,PO-002758,PO_CREATED,Purchase order PO-002758 created in ERP
EVT-0002759,2026-06-18 00:00:00,PURCHASE_ORDER,PO-002759,PO_CREATED,Purchase order PO-002759 created in ERP
EVT-0002760,2026-06-27 00:00:00,PURCHASE_ORDER,PO-002760,PO_CREATED,Purchase order PO-002760 created in ERP
EVT-0002761,2026-04-04 00:00:00,PURCHASE_ORDER,PO-002761,PO_CREATED,Purchase order PO-002761 created in ERP
EVT-0002762,2026-03-27 00:00:00,PURCHASE_ORDER,PO-002762,PO_CREATED,Purchase order PO-002762 created in ERP
EVT-0002763,2026-01-19 00:00:00,PURCHASE_ORDER,PO-002763,PO_CREATED,Purchase order PO-002763 created in ERP
EVT-0002764,2026-06-08 00:00:00,PURCHASE_ORDER,PO-002764,PO_CREATED,Purchase order PO-002764 created in ERP
EVT-0002765,2026-06-15 00:00:00,PURCHASE_ORDER,PO-002765,PO_CREATED,Purchase order PO-002765 created in ERP
EVT-0002766,2026-03-09 00:00:00,PURCHASE_ORDER,PO-002766,PO_CREATED,Purchase order PO-002766 created in ERP
EVT-0002767,2026-04-04 00:00:00,PURCHASE_ORDER,PO-002767,PO_CREATED,Purchase order PO-002767 created in ERP
EVT-0002768,2026-03-12 00:00:00,PURCHASE_ORDER,PO-002768,PO_CREATED,Purchase order PO-002768 created in ERP
EVT-0002769,2026-03-28 00:00:00,PURCHASE_ORDER,PO-002769,PO_CREATED,Purchase order PO-002769 created in ERP
EVT-0002770,2026-04-02 00:00:00,PURCHASE_ORDER,PO-002770,PO_CREATED,Purchase order PO-002770 created in ERP
EVT-0002771,2026-06-25 00:00:00,PURCHASE_ORDER,PO-002771,PO_CREATED,Purchase order PO-002771 created in ERP
EVT-0002772,2026-07-19 00:00:00,PURCHASE_ORDER,PO-002772,PO_CREATED,Purchase order PO-002772 created in ERP
EVT-0002773,2026-07-19 00:00:00,PURCHASE_ORDER,PO-002773,PO_CREATED,Purchase order PO-002773 created in ERP
EVT-0002774,2026-03-05 00:00:00,PURCHASE_ORDER,PO-002774,PO_CREATED,Purchase order PO-002774 created in ERP
EVT-0002775,2026-02-24 00:00:00,PURCHASE_ORDER,PO-002775,PO_CREATED,Purchase order PO-002775 created in ERP
EVT-0002776,2026-05-23 00:00:00,PURCHASE_ORDER,PO-002776,PO_CREATED,Purchase order PO-002776 created in ERP
EVT-0002777,2026-03-29 00:00:00,PURCHASE_ORDER,PO-002777,PO_CREATED,Purchase order PO-002777 created in ERP
EVT-0002778,2026-06-26 00:00:00,PURCHASE_ORDER,PO-002778,PO_CREATED,Purchase order PO-002778 created in ERP
EVT-0002779,2026-06-04 00:00:00,PURCHASE_ORDER,PO-002779,PO_CREATED,Purchase order PO-002779 created in ERP
EVT-0002780,2026-08-08 00:00:00,PURCHASE_ORDER,PO-002780,PO_CREATED,Purchase order PO-002780 created in ERP
EVT-0002781,2026-08-09 00:00:00,PURCHASE_ORDER,PO-002781,PO_CREATED,Purchase order PO-002781 created in ERP
EVT-0002782,2026-06-12 00:00:00,PURCHASE_ORDER,PO-002782,PO_CREATED,Purchase order PO-002782 created in ERP
EVT-0002783,2026-06-12 00:00:00,PURCHASE_ORDER,PO-002783,PO_CREATED,Purchase order PO-002783 created in ERP
EVT-0002784,2026-04-19 00:00:00,PURCHASE_ORDER,PO-002784,PO_CREATED,Purchase order PO-002784 created in ERP
EVT-0002785,2026-05-07 00:00:00,PURCHASE_ORDER,PO-002785,PO_CREATED,Purchase order PO-002785 created in ERP
EVT-0002786,2026-02-21 00:00:00,PURCHASE_ORDER,PO-002786,PO_CREATED,Purchase order PO-002786 created in ERP
EVT-0002787,2026-07-16 00:00:00,PURCHASE_ORDER,PO-002787,PO_CREATED,Purchase order PO-002787 created in ERP
EVT-0002788,2026-01-12 00:00:00,PURCHASE_ORDER,PO-002788,PO_CREATED,Purchase order PO-002788 created in ERP
EVT-0002789,2026-06-01 00:00:00,PURCHASE_ORDER,PO-002789,PO_CREATED,Purchase order PO-002789 created in ERP
EVT-0002790,2026-03-10 00:00:00,PURCHASE_ORDER,PO-002790,PO_CREATED,Purchase order PO-002790 created in ERP
EVT-0002791,2026-06-12 00:00:00,PURCHASE_ORDER,PO-002791,PO_CREATED,Purchase order PO-002791 created in ERP
EVT-0002792,2026-01-12 00:00:00,PURCHASE_ORDER,PO-002792,PO_CREATED,Purchase order PO-002792 created in ERP
EVT-0002793,2026-05-02 00:00:00,PURCHASE_ORDER,PO-002793,PO_CREATED,Purchase order PO-002793 created in ERP
EVT-0002794,2026-04-04 00:00:00,PURCHASE_ORDER,PO-002794,PO_CREATED,Purchase order PO-002794 created in ERP
EVT-0002795,2026-03-18 00:00:00,PURCHASE_ORDER,PO-002795,PO_CREATED,Purchase order PO-002795 created in ERP
EVT-0002796,2026-08-21 00:00:00,PURCHASE_ORDER,PO-002796,PO_CREATED,Purchase order PO-002796 created in ERP
EVT-0002797,2026-04-27 00:00:00,PURCHASE_ORDER,PO-002797,PO_CREATED,Purchase order PO-002797 created in ERP
EVT-0002798,2026-02-16 00:00:00,PURCHASE_ORDER,PO-002798,PO_CREATED,Purchase order PO-002798 created in ERP
EVT-0002799,2026-08-11 00:00:00,PURCHASE_ORDER,PO-002799,PO_CREATED,Purchase order PO-002799 created in ERP
EVT-0002800,2026-03-11 00:00:00,PURCHASE_ORDER,PO-002800,PO_CREATED,Purchase order PO-002800 created in ERP
EVT-0002801,2026-01-04 00:00:00,PURCHASE_ORDER,PO-002801,PO_CREATED,Purchase order PO-002801 created in ERP
EVT-0002802,2026-05-26 00:00:00,PURCHASE_ORDER,PO-002802,PO_CREATED,Purchase order PO-002802 created in ERP
EVT-0002803,2026-03-15 00:00:00,PURCHASE_ORDER,PO-002803,PO_CREATED,Purchase order PO-002803 created in ERP
EVT-0002804,2026-02-18 00:00:00,PURCHASE_ORDER,PO-002804,PO_CREATED,Purchase order PO-002804 created in ERP
EVT-0002805,2026-06-26 00:00:00,PURCHASE_ORDER,PO-002805,PO_CREATED,Purchase order PO-002805 created in ERP
EVT-0002806,2026-02-20 00:00:00,PURCHASE_ORDER,PO-002806,PO_CREATED,Purchase order PO-002806 created in ERP
EVT-0002807,2026-06-24 00:00:00,PURCHASE_ORDER,PO-002807,PO_CREATED,Purchase order PO-002807 created in ERP
EVT-0002808,2026-03-28 00:00:00,PURCHASE_ORDER,PO-002808,PO_CREATED,Purchase order PO-002808 created in ERP
EVT-0002809,2026-01-09 00:00:00,PURCHASE_ORDER,PO-002809,PO_CREATED,Purchase order PO-002809 created in ERP
EVT-0002810,2026-05-11 00:00:00,PURCHASE_ORDER,PO-002810,PO_CREATED,Purchase order PO-002810 created in ERP
EVT-0002811,2026-03-29 00:00:00,PURCHASE_ORDER,PO-002811,PO_CREATED,Purchase order PO-002811 created in ERP
EVT-0002812,2026-06-04 00:00:00,PURCHASE_ORDER,PO-002812,PO_CREATED,Purchase order PO-002812 created in ERP
EVT-0002813,2026-05-27 00:00:00,PURCHASE_ORDER,PO-002813,PO_CREATED,Purchase order PO-002813 created in ERP
EVT-0002814,2026-04-25 00:00:00,PURCHASE_ORDER,PO-002814,PO_CREATED,Purchase order PO-002814 created in ERP
EVT-0002815,2026-03-19 00:00:00,PURCHASE_ORDER,PO-002815,PO_CREATED,Purchase order PO-002815 created in ERP
EVT-0002816,2026-02-05 00:00:00,PURCHASE_ORDER,PO-002816,PO_CREATED,Purchase order PO-002816 created in ERP
EVT-0002817,2026-08-04 00:00:00,PURCHASE_ORDER,PO-002817,PO_CREATED,Purchase order PO-002817 created in ERP
EVT-0002818,2026-02-11 00:00:00,PURCHASE_ORDER,PO-002818,PO_CREATED,Purchase order PO-002818 created in ERP
EVT-0002819,2026-07-08 00:00:00,PURCHASE_ORDER,PO-002819,PO_CREATED,Purchase order PO-002819 created in ERP
EVT-0002820,2026-04-06 00:00:00,PURCHASE_ORDER,PO-002820,PO_CREATED,Purchase order PO-002820 created in ERP
EVT-0002821,2026-07-31 00:00:00,PURCHASE_ORDER,PO-002821,PO_CREATED,Purchase order PO-002821 created in ERP
EVT-0002822,2026-04-28 00:00:00,PURCHASE_ORDER,PO-002822,PO_CREATED,Purchase order PO-002822 created in ERP
EVT-0002823,2026-05-21 00:00:00,PURCHASE_ORDER,PO-002823,PO_CREATED,Purchase order PO-002823 created in ERP
EVT-0002824,2026-05-02 00:00:00,PURCHASE_ORDER,PO-002824,PO_CREATED,Purchase order PO-002824 created in ERP
EVT-0002825,2026-02-01 00:00:00,PURCHASE_ORDER,PO-002825,PO_CREATED,Purchase order PO-002825 created in ERP
EVT-0002826,2026-06-15 00:00:00,PURCHASE_ORDER,PO-002826,PO_CREATED,Purchase order PO-002826 created in ERP
EVT-0002827,2026-02-01 00:00:00,PURCHASE_ORDER,PO-002827,PO_CREATED,Purchase order PO-002827 created in ERP
EVT-0002828,2026-07-09 00:00:00,PURCHASE_ORDER,PO-002828,PO_CREATED,Purchase order PO-002828 created in ERP
EVT-0002829,2026-07-17 00:00:00,PURCHASE_ORDER,PO-002829,PO_CREATED,Purchase order PO-002829 created in ERP
EVT-0002830,2026-08-05 00:00:00,PURCHASE_ORDER,PO-002830,PO_CREATED,Purchase order PO-002830 created in ERP
EVT-0002831,2026-06-10 00:00:00,PURCHASE_ORDER,PO-002831,PO_CREATED,Purchase order PO-002831 created in ERP
EVT-0002832,2026-06-19 00:00:00,PURCHASE_ORDER,PO-002832,PO_CREATED,Purchase order PO-002832 created in ERP
EVT-0002833,2026-05-09 00:00:00,PURCHASE_ORDER,PO-002833,PO_CREATED,Purchase order PO-002833 created in ERP
EVT-0002834,2026-06-14 00:00:00,PURCHASE_ORDER,PO-002834,PO_CREATED,Purchase order PO-002834 created in ERP
EVT-0002835,2026-07-10 00:00:00,PURCHASE_ORDER,PO-002835,PO_CREATED,Purchase order PO-002835 created in ERP
EVT-0002836,2026-05-15 00:00:00,PURCHASE_ORDER,PO-002836,PO_CREATED,Purchase order PO-002836 created in ERP
EVT-0002837,2026-03-21 00:00:00,PURCHASE_ORDER,PO-002837,PO_CREATED,Purchase order PO-002837 created in ERP
EVT-0002838,2026-04-06 00:00:00,PURCHASE_ORDER,PO-002838,PO_CREATED,Purchase order PO-002838 created in ERP
EVT-0002839,2026-07-09 00:00:00,PURCHASE_ORDER,PO-002839,PO_CREATED,Purchase order PO-002839 created in ERP
EVT-0002840,2026-05-25 00:00:00,PURCHASE_ORDER,PO-002840,PO_CREATED,Purchase order PO-002840 created in ERP
EVT-0002841,2026-03-13 00:00:00,PURCHASE_ORDER,PO-002841,PO_CREATED,Purchase order PO-002841 created in ERP
EVT-0002842,2026-05-30 00:00:00,PURCHASE_ORDER,PO-002842,PO_CREATED,Purchase order PO-002842 created in ERP
EVT-0002843,2026-02-13 00:00:00,PURCHASE_ORDER,PO-002843,PO_CREATED,Purchase order PO-002843 created in ERP
EVT-0002844,2026-03-05 00:00:00,PURCHASE_ORDER,PO-002844,PO_CREATED,Purchase order PO-002844 created in ERP
EVT-0002845,2026-01-30 00:00:00,PURCHASE_ORDER,PO-002845,PO_CREATED,Purchase order PO-002845 created in ERP
EVT-0002846,2026-08-18 00:00:00,PURCHASE_ORDER,PO-002846,PO_CREATED,Purchase order PO-002846 created in ERP
EVT-0002847,2026-02-03 00:00:00,PURCHASE_ORDER,PO-002847,PO_CREATED,Purchase order PO-002847 created in ERP
EVT-0002848,2026-07-01 00:00:00,PURCHASE_ORDER,PO-002848,PO_CREATED,Purchase order PO-002848 created in ERP
EVT-0002849,2026-04-16 00:00:00,PURCHASE_ORDER,PO-002849,PO_CREATED,Purchase order PO-002849 created in ERP
EVT-0002850,2026-06-04 00:00:00,PURCHASE_ORDER,PO-002850,PO_CREATED,Purchase order PO-002850 created in ERP
EVT-0002851,2026-05-18 00:00:00,PURCHASE_ORDER,PO-002851,PO_CREATED,Purchase order PO-002851 created in ERP
EVT-0002852,2026-07-08 00:00:00,PURCHASE_ORDER,PO-002852,PO_CREATED,Purchase order PO-002852 created in ERP
EVT-0002853,2026-05-09 00:00:00,PURCHASE_ORDER,PO-002853,PO_CREATED,Purchase order PO-002853 created in ERP
EVT-0002854,2026-06-10 00:00:00,PURCHASE_ORDER,PO-002854,PO_CREATED,Purchase order PO-002854 created in ERP
EVT-0002855,2026-01-12 00:00:00,PURCHASE_ORDER,PO-002855,PO_CREATED,Purchase order PO-002855 created in ERP
EVT-0002856,2026-06-30 00:00:00,PURCHASE_ORDER,PO-002856,PO_CREATED,Purchase order PO-002856 created in ERP
EVT-0002857,2026-02-21 00:00:00,PURCHASE_ORDER,PO-002857,PO_CREATED,Purchase order PO-002857 created in ERP
EVT-0002858,2026-06-16 00:00:00,PURCHASE_ORDER,PO-002858,PO_CREATED,Purchase order PO-002858 created in ERP
EVT-0002859,2026-01-18 00:00:00,PURCHASE_ORDER,PO-002859,PO_CREATED,Purchase order PO-002859 created in ERP
EVT-0002860,2026-04-24 00:00:00,PURCHASE_ORDER,PO-002860,PO_CREATED,Purchase order PO-002860 created in ERP
EVT-0002861,2026-08-18 00:00:00,PURCHASE_ORDER,PO-002861,PO_CREATED,Purchase order PO-002861 created in ERP
EVT-0002862,2026-05-03 00:00:00,PURCHASE_ORDER,PO-002862,PO_CREATED,Purchase order PO-002862 created in ERP
EVT-0002863,2026-04-18 00:00:00,PURCHASE_ORDER,PO-002863,PO_CREATED,Purchase order PO-002863 created in ERP
EVT-0002864,2026-06-04 00:00:00,PURCHASE_ORDER,PO-002864,PO_CREATED,Purchase order PO-002864 created in ERP
EVT-0002865,2026-04-02 00:00:00,PURCHASE_ORDER,PO-002865,PO_CREATED,Purchase order PO-002865 created in ERP
EVT-0002866,2026-01-16 00:00:00,PURCHASE_ORDER,PO-002866,PO_CREATED,Purchase order PO-002866 created in ERP
EVT-0002867,2026-08-12 00:00:00,PURCHASE_ORDER,PO-002867,PO_CREATED,Purchase order PO-002867 created in ERP
EVT-0002868,2026-05-12 00:00:00,PURCHASE_ORDER,PO-002868,PO_CREATED,Purchase order PO-002868 created in ERP
EVT-0002869,2026-02-01 00:00:00,PURCHASE_ORDER,PO-002869,PO_CREATED,Purchase order PO-002869 created in ERP
EVT-0002870,2026-03-16 00:00:00,PURCHASE_ORDER,PO-002870,PO_CREATED,Purchase order PO-002870 created in ERP
EVT-0002871,2026-04-19 00:00:00,PURCHASE_ORDER,PO-002871,PO_CREATED,Purchase order PO-002871 created in ERP
EVT-0002872,2026-08-04 00:00:00,PURCHASE_ORDER,PO-002872,PO_CREATED,Purchase order PO-002872 created in ERP
EVT-0002873,2026-02-27 00:00:00,PURCHASE_ORDER,PO-002873,PO_CREATED,Purchase order PO-002873 created in ERP
EVT-0002874,2026-01-22 00:00:00,PURCHASE_ORDER,PO-002874,PO_CREATED,Purchase order PO-002874 created in ERP
EVT-0002875,2026-01-03 00:00:00,PURCHASE_ORDER,PO-002875,PO_CREATED,Purchase order PO-002875 created in ERP
EVT-0002876,2026-07-16 00:00:00,PURCHASE_ORDER,PO-002876,PO_CREATED,Purchase order PO-002876 created in ERP
EVT-0002877,2026-02-17 00:00:00,PURCHASE_ORDER,PO-002877,PO_CREATED,Purchase order PO-002877 created in ERP
EVT-0002878,2026-03-02 00:00:00,PURCHASE_ORDER,PO-002878,PO_CREATED,Purchase order PO-002878 created in ERP
EVT-0002879,2026-08-11 00:00:00,PURCHASE_ORDER,PO-002879,PO_CREATED,Purchase order PO-002879 created in ERP
EVT-0002880,2026-01-13 00:00:00,PURCHASE_ORDER,PO-002880,PO_CREATED,Purchase order PO-002880 created in ERP
EVT-0002881,2026-07-05 00:00:00,PURCHASE_ORDER,PO-002881,PO_CREATED,Purchase order PO-002881 created in ERP
EVT-0002882,2026-04-22 00:00:00,PURCHASE_ORDER,PO-002882,PO_CREATED,Purchase order PO-002882 created in ERP
EVT-0002883,2026-05-07 00:00:00,PURCHASE_ORDER,PO-002883,PO_CREATED,Purchase order PO-002883 created in ERP
EVT-0002884,2026-06-11 00:00:00,PURCHASE_ORDER,PO-002884,PO_CREATED,Purchase order PO-002884 created in ERP
EVT-0002885,2026-08-04 00:00:00,PURCHASE_ORDER,PO-002885,PO_CREATED,Purchase order PO-002885 created in ERP
EVT-0002886,2026-03-23 00:00:00,PURCHASE_ORDER,PO-002886,PO_CREATED,Purchase order PO-002886 created in ERP
EVT-0002887,2026-01-07 00:00:00,PURCHASE_ORDER,PO-002887,PO_CREATED,Purchase order PO-002887 created in ERP
EVT-0002888,2026-07-09 00:00:00,PURCHASE_ORDER,PO-002888,PO_CREATED,Purchase order PO-002888 created in ERP
EVT-0002889,2026-04-06 00:00:00,PURCHASE_ORDER,PO-002889,PO_CREATED,Purchase order PO-002889 created in ERP
EVT-0002890,2026-08-26 00:00:00,PURCHASE_ORDER,PO-002890,PO_CREATED,Purchase order PO-002890 created in ERP
EVT-0002891,2026-01-09 00:00:00,PURCHASE_ORDER,PO-002891,PO_CREATED,Purchase order PO-002891 created in ERP
EVT-0002892,2026-06-09 00:00:00,PURCHASE_ORDER,PO-002892,PO_CREATED,Purchase order PO-002892 created in ERP
EVT-0002893,2026-01-09 00:00:00,PURCHASE_ORDER,PO-002893,PO_CREATED,Purchase order PO-002893 created in ERP
EVT-0002894,2026-05-01 00:00:00,PURCHASE_ORDER,PO-002894,PO_CREATED,Purchase order PO-002894 created in ERP
EVT-0002895,2026-04-27 00:00:00,PURCHASE_ORDER,PO-002895,PO_CREATED,Purchase order PO-002895 created in ERP
EVT-0002896,2026-08-25 00:00:00,PURCHASE_ORDER,PO-002896,PO_CREATED,Purchase order PO-002896 created in ERP
EVT-0002897,2026-08-13 00:00:00,PURCHASE_ORDER,PO-002897,PO_CREATED,Purchase order PO-002897 created in ERP
EVT-0002898,2026-06-29 00:00:00,PURCHASE_ORDER,PO-002898,PO_CREATED,Purchase order PO-002898 created in ERP
EVT-0002899,2026-02-01 00:00:00,PURCHASE_ORDER,PO-002899,PO_CREATED,Purchase order PO-002899 created in ERP
EVT-0002900,2026-05-12 00:00:00,PURCHASE_ORDER,PO-002900,PO_CREATED,Purchase order PO-002900 created in ERP
EVT-0002901,2026-01-17 00:00:00,PURCHASE_ORDER,PO-002901,PO_CREATED,Purchase order PO-002901 created in ERP
EVT-0002902,2026-08-20 00:00:00,PURCHASE_ORDER,PO-002902,PO_CREATED,Purchase order PO-002902 created in ERP
EVT-0002903,2026-07-11 00:00:00,PURCHASE_ORDER,PO-002903,PO_CREATED,Purchase order PO-002903 created in ERP
EVT-0002904,2026-03-26 00:00:00,PURCHASE_ORDER,PO-002904,PO_CREATED,Purchase order PO-002904 created in ERP
EVT-0002905,2026-08-23 00:00:00,PURCHASE_ORDER,PO-002905,PO_CREATED,Purchase order PO-002905 created in ERP
EVT-0002906,2026-02-06 00:00:00,PURCHASE_ORDER,PO-002906,PO_CREATED,Purchase order PO-002906 created in ERP
EVT-0002907,2026-06-17 00:00:00,PURCHASE_ORDER,PO-002907,PO_CREATED,Purchase order PO-002907 created in ERP
EVT-0002908,2026-02-05 00:00:00,PURCHASE_ORDER,PO-002908,PO_CREATED,Purchase order PO-002908 created in ERP
EVT-0002909,2026-01-04 00:00:00,PURCHASE_ORDER,PO-002909,PO_CREATED,Purchase order PO-002909 created in ERP
EVT-0002910,2026-03-05 00:00:00,PURCHASE_ORDER,PO-002910,PO_CREATED,Purchase order PO-002910 created in ERP
EVT-0002911,2026-05-02 00:00:00,PURCHASE_ORDER,PO-002911,PO_CREATED,Purchase order PO-002911 created in ERP
EVT-0002912,2026-08-07 00:00:00,PURCHASE_ORDER,PO-002912,PO_CREATED,Purchase order PO-002912 created in ERP
EVT-0002913,2026-06-07 00:00:00,PURCHASE_ORDER,PO-002913,PO_CREATED,Purchase order PO-002913 created in ERP
EVT-0002914,2026-07-05 00:00:00,PURCHASE_ORDER,PO-002914,PO_CREATED,Purchase order PO-002914 created in ERP
EVT-0002915,2026-03-20 00:00:00,PURCHASE_ORDER,PO-002915,PO_CREATED,Purchase order PO-002915 created in ERP
EVT-0002916,2026-08-28 00:00:00,PURCHASE_ORDER,PO-002916,PO_CREATED,Purchase order PO-002916 created in ERP
EVT-0002917,2026-07-05 00:00:00,PURCHASE_ORDER,PO-002917,PO_CREATED,Purchase order PO-002917 created in ERP
EVT-0002918,2026-01-18 00:00:00,PURCHASE_ORDER,PO-002918,PO_CREATED,Purchase order PO-002918 created in ERP
EVT-0002919,2026-04-14 00:00:00,PURCHASE_ORDER,PO-002919,PO_CREATED,Purchase order PO-002919 created in ERP
EVT-0002920,2026-04-29 00:00:00,PURCHASE_ORDER,PO-002920,PO_CREATED,Purchase order PO-002920 created in ERP
EVT-0002921,2026-03-29 00:00:00,PURCHASE_ORDER,PO-002921,PO_CREATED,Purchase order PO-002921 created in ERP
EVT-0002922,2026-06-11 00:00:00,PURCHASE_ORDER,PO-002922,PO_CREATED,Purchase order PO-002922 created in ERP
EVT-0002923,2026-05-31 00:00:00,PURCHASE_ORDER,PO-002923,PO_CREATED,Purchase order PO-002923 created in ERP
EVT-0002924,2026-04-21 00:00:00,PURCHASE_ORDER,PO-002924,PO_CREATED,Purchase order PO-002924 created in ERP
EVT-0002925,2026-08-20 00:00:00,PURCHASE_ORDER,PO-002925,PO_CREATED,Purchase order PO-002925 created in ERP
EVT-0002926,2026-02-11 00:00:00,PURCHASE_ORDER,PO-002926,PO_CREATED,Purchase order PO-002926 created in ERP
EVT-0002927,2026-04-12 00:00:00,PURCHASE_ORDER,PO-002927,PO_CREATED,Purchase order PO-002927 created in ERP
EVT-0002928,2026-05-06 00:00:00,PURCHASE_ORDER,PO-002928,PO_CREATED,Purchase order PO-002928 created in ERP
EVT-0002929,2026-08-16 00:00:00,PURCHASE_ORDER,PO-002929,PO_CREATED,Purchase order PO-002929 created in ERP
EVT-0002930,2026-08-27 00:00:00,PURCHASE_ORDER,PO-002930,PO_CREATED,Purchase order PO-002930 created in ERP
EVT-0002931,2026-01-09 00:00:00,PURCHASE_ORDER,PO-002931,PO_CREATED,Purchase order PO-002931 created in ERP
EVT-0002932,2026-02-07 00:00:00,PURCHASE_ORDER,PO-002932,PO_CREATED,Purchase order PO-002932 created in ERP
EVT-0002933,2026-08-05 00:00:00,PURCHASE_ORDER,PO-002933,PO_CREATED,Purchase order PO-002933 created in ERP
EVT-0002934,2026-03-21 00:00:00,PURCHASE_ORDER,PO-002934,PO_CREATED,Purchase order PO-002934 created in ERP
EVT-0002935,2026-01-22 00:00:00,PURCHASE_ORDER,PO-002935,PO_CREATED,Purchase order PO-002935 created in ERP
EVT-0002936,2026-07-29 00:00:00,PURCHASE_ORDER,PO-002936,PO_CREATED,Purchase order PO-002936 created in ERP
EVT-0002937,2026-07-14 00:00:00,PURCHASE_ORDER,PO-002937,PO_CREATED,Purchase order PO-002937 created in ERP
EVT-0002938,2026-08-25 00:00:00,PURCHASE_ORDER,PO-002938,PO_CREATED,Purchase order PO-002938 created in ERP
EVT-0002939,2026-04-14 00:00:00,PURCHASE_ORDER,PO-002939,PO_CREATED,Purchase order PO-002939 created in ERP
EVT-0002940,2026-03-02 00:00:00,PURCHASE_ORDER,PO-002940,PO_CREATED,Purchase order PO-002940 created in ERP
EVT-0002941,2026-08-06 00:00:00,PURCHASE_ORDER,PO-002941,PO_CREATED,Purchase order PO-002941 created in ERP
EVT-0002942,2026-04-17 00:00:00,PURCHASE_ORDER,PO-002942,PO_CREATED,Purchase order PO-002942 created in ERP
EVT-0002943,2026-06-27 00:00:00,PURCHASE_ORDER,PO-002943,PO_CREATED,Purchase order PO-002943 created in ERP
EVT-0002944,2026-05-08 00:00:00,PURCHASE_ORDER,PO-002944,PO_CREATED,Purchase order PO-002944 created in ERP
EVT-0002945,2026-07-30 00:00:00,PURCHASE_ORDER,PO-002945,PO_CREATED,Purchase order PO-002945 created in ERP
EVT-0002946,2026-07-20 00:00:00,PURCHASE_ORDER,PO-002946,PO_CREATED,Purchase order PO-002946 created in ERP
EVT-0002947,2026-06-03 00:00:00,PURCHASE_ORDER,PO-002947,PO_CREATED,Purchase order PO-002947 created in ERP
EVT-0002948,2026-04-10 00:00:00,PURCHASE_ORDER,PO-002948,PO_CREATED,Purchase order PO-002948 created in ERP
EVT-0002949,2026-03-28 00:00:00,PURCHASE_ORDER,PO-002949,PO_CREATED,Purchase order PO-002949 created in ERP
EVT-0002950,2026-07-10 00:00:00,PURCHASE_ORDER,PO-002950,PO_CREATED,Purchase order PO-002950 created in ERP
EVT-0002951,2026-06-18 00:00:00,PURCHASE_ORDER,PO-002951,PO_CREATED,Purchase order PO-002951 created in ERP
EVT-0002952,2026-07-18 00:00:00,PURCHASE_ORDER,PO-002952,PO_CREATED,Purchase order PO-002952 created in ERP
EVT-0002953,2026-04-07 00:00:00,PURCHASE_ORDER,PO-002953,PO_CREATED,Purchase order PO-002953 created in ERP
EVT-0002954,2026-02-20 00:00:00,PURCHASE_ORDER,PO-002954,PO_CREATED,Purchase order PO-002954 created in ERP
EVT-0002955,2026-04-27 00:00:00,PURCHASE_ORDER,PO-002955,PO_CREATED,Purchase order PO-002955 created in ERP
EVT-0002956,2026-05-02 00:00:00,PURCHASE_ORDER,PO-002956,PO_CREATED,Purchase order PO-002956 created in ERP
EVT-0002957,2026-08-17 00:00:00,PURCHASE_ORDER,PO-002957,PO_CREATED,Purchase order PO-002957 created in ERP
EVT-0002958,2026-03-24 00:00:00,PURCHASE_ORDER,PO-002958,PO_CREATED,Purchase order PO-002958 created in ERP
EVT-0002959,2026-05-27 00:00:00,PURCHASE_ORDER,PO-002959,PO_CREATED,Purchase order PO-002959 created in ERP
EVT-0002960,2026-01-28 00:00:00,PURCHASE_ORDER,PO-002960,PO_CREATED,Purchase order PO-002960 created in ERP
EVT-0002961,2026-08-06 00:00:00,PURCHASE_ORDER,PO-002961,PO_CREATED,Purchase order PO-002961 created in ERP
EVT-0002962,2026-06-24 00:00:00,PURCHASE_ORDER,PO-002962,PO_CREATED,Purchase order PO-002962 created in ERP
EVT-0002963,2026-02-05 00:00:00,PURCHASE_ORDER,PO-002963,PO_CREATED,Purchase order PO-002963 created in ERP
EVT-0002964,2026-06-05 00:00:00,PURCHASE_ORDER,PO-002964,PO_CREATED,Purchase order PO-002964 created in ERP
EVT-0002965,2026-06-04 00:00:00,PURCHASE_ORDER,PO-002965,PO_CREATED,Purchase order PO-002965 created in ERP
EVT-0002966,2026-02-25 00:00:00,PURCHASE_ORDER,PO-002966,PO_CREATED,Purchase order PO-002966 created in ERP
EVT-0002967,2026-02-21 00:00:00,PURCHASE_ORDER,PO-002967,PO_CREATED,Purchase order PO-002967 created in ERP
EVT-0002968,2026-05-12 00:00:00,PURCHASE_ORDER,PO-002968,PO_CREATED,Purchase order PO-002968 created in ERP
EVT-0002969,2026-01-20 00:00:00,PURCHASE_ORDER,PO-002969,PO_CREATED,Purchase order PO-002969 created in ERP
EVT-0002970,2026-07-20 00:00:00,PURCHASE_ORDER,PO-002970,PO_CREATED,Purchase order PO-002970 created in ERP
EVT-0002971,2026-01-22 00:00:00,PURCHASE_ORDER,PO-002971,PO_CREATED,Purchase order PO-002971 created in ERP
EVT-0002972,2026-03-21 00:00:00,PURCHASE_ORDER,PO-002972,PO_CREATED,Purchase order PO-002972 created in ERP
EVT-0002973,2026-01-13 00:00:00,PURCHASE_ORDER,PO-002973,PO_CREATED,Purchase order PO-002973 created in ERP
EVT-0002974,2026-07-02 00:00:00,PURCHASE_ORDER,PO-002974,PO_CREATED,Purchase order PO-002974 created in ERP
EVT-0002975,2026-07-30 00:00:00,PURCHASE_ORDER,PO-002975,PO_CREATED,Purchase order PO-002975 created in ERP
EVT-0002976,2026-07-20 00:00:00,PURCHASE_ORDER,PO-002976,PO_CREATED,Purchase order PO-002976 created in ERP
EVT-0002977,2026-03-22 00:00:00,PURCHASE_ORDER,PO-002977,PO_CREATED,Purchase order PO-002977 created in ERP
EVT-0002978,2026-07-22 00:00:00,PURCHASE_ORDER,PO-002978,PO_CREATED,Purchase order PO-002978 created in ERP
EVT-0002979,2026-08-26 00:00:00,PURCHASE_ORDER,PO-002979,PO_CREATED,Purchase order PO-002979 created in ERP
EVT-0002980,2026-02-26 00:00:00,PURCHASE_ORDER,PO-002980,PO_CREATED,Purchase order PO-002980 created in ERP
EVT-0002981,2026-03-03 00:00:00,PURCHASE_ORDER,PO-002981,PO_CREATED,Purchase order PO-002981 created in ERP
EVT-0002982,2026-02-11 00:00:00,PURCHASE_ORDER,PO-002982,PO_CREATED,Purchase order PO-002982 created in ERP
EVT-0002983,2026-01-03 00:00:00,PURCHASE_ORDER,PO-002983,PO_CREATED,Purchase order PO-002983 created in ERP
EVT-0002984,2026-01-07 00:00:00,PURCHASE_ORDER,PO-002984,PO_CREATED,Purchase order PO-002984 created in ERP
EVT-0002985,2026-08-08 00:00:00,PURCHASE_ORDER,PO-002985,PO_CREATED,Purchase order PO-002985 created in ERP
EVT-0002986,2026-05-06 00:00:00,PURCHASE_ORDER,PO-002986,PO_CREATED,Purchase order PO-002986 created in ERP
EVT-0002987,2026-05-27 00:00:00,PURCHASE_ORDER,PO-002987,PO_CREATED,Purchase order PO-002987 created in ERP
EVT-0002988,2026-08-21 00:00:00,PURCHASE_ORDER,PO-002988,PO_CREATED,Purchase order PO-002988 created in ERP
EVT-0002989,2026-05-07 00:00:00,PURCHASE_ORDER,PO-002989,PO_CREATED,Purchase order PO-002989 created in ERP
EVT-0002990,2026-01-31 00:00:00,PURCHASE_ORDER,PO-002990,PO_CREATED,Purchase order PO-002990 created in ERP
EVT-0002991,2026-01-17 00:00:00,PURCHASE_ORDER,PO-002991,PO_CREATED,Purchase order PO-002991 created in ERP
EVT-0002992,2026-07-14 00:00:00,PURCHASE_ORDER,PO-002992,PO_CREATED,Purchase order PO-002992 created in ERP
EVT-0002993,2026-03-24 00:00:00,PURCHASE_ORDER,PO-002993,PO_CREATED,Purchase order PO-002993 created in ERP
EVT-0002994,2026-04-16 00:00:00,PURCHASE_ORDER,PO-002994,PO_CREATED,Purchase order PO-002994 created in ERP
EVT-0002995,2026-02-26 00:00:00,PURCHASE_ORDER,PO-002995,PO_CREATED,Purchase order PO-002995 created in ERP
EVT-0002996,2026-07-16 00:00:00,PURCHASE_ORDER,PO-002996,PO_CREATED,Purchase order PO-002996 created in ERP
EVT-0002997,2026-08-18 00:00:00,PURCHASE_ORDER,PO-002997,PO_CREATED,Purchase order PO-002997 created in ERP
EVT-0002998,2026-07-06 00:00:00,PURCHASE_ORDER,PO-002998,PO_CREATED,Purchase order PO-002998 created in ERP
EVT-0002999,2026-08-25 00:00:00,PURCHASE_ORDER,PO-002999,PO_CREATED,Purchase order PO-002999 created in ERP
EVT-0003000,2026-07-13 00:00:00,PURCHASE_ORDER,PO-003000,PO_CREATED,Purchase order PO-003000 created in ERP
EVT-0003001,2026-04-19 00:00:00,PURCHASE_ORDER,PO-003001,PO_CREATED,Purchase order PO-003001 created in ERP
EVT-0003002,2026-06-12 00:00:00,PURCHASE_ORDER,PO-003002,PO_CREATED,Purchase order PO-003002 created in ERP
EVT-0003003,2026-02-11 00:00:00,PURCHASE_ORDER,PO-003003,PO_CREATED,Purchase order PO-003003 created in ERP
EVT-0003004,2026-03-21 00:00:00,PURCHASE_ORDER,PO-003004,PO_CREATED,Purchase order PO-003004 created in ERP
EVT-0003005,2026-01-01 00:00:00,PURCHASE_ORDER,PO-003005,PO_CREATED,Purchase order PO-003005 created in ERP
EVT-0003006,2026-05-18 00:00:00,PURCHASE_ORDER,PO-003006,PO_CREATED,Purchase order PO-003006 created in ERP
EVT-0003007,2026-05-08 00:00:00,PURCHASE_ORDER,PO-003007,PO_CREATED,Purchase order PO-003007 created in ERP
EVT-0003008,2026-04-04 00:00:00,PURCHASE_ORDER,PO-003008,PO_CREATED,Purchase order PO-003008 created in ERP
EVT-0003009,2026-08-14 00:00:00,PURCHASE_ORDER,PO-003009,PO_CREATED,Purchase order PO-003009 created in ERP
EVT-0003010,2026-06-06 00:00:00,PURCHASE_ORDER,PO-003010,PO_CREATED,Purchase order PO-003010 created in ERP
EVT-0003011,2026-02-07 00:00:00,PURCHASE_ORDER,PO-003011,PO_CREATED,Purchase order PO-003011 created in ERP
EVT-0003012,2026-06-18 00:00:00,PURCHASE_ORDER,PO-003012,PO_CREATED,Purchase order PO-003012 created in ERP
EVT-0003013,2026-01-04 00:00:00,PURCHASE_ORDER,PO-003013,PO_CREATED,Purchase order PO-003013 created in ERP
EVT-0003014,2026-02-23 00:00:00,PURCHASE_ORDER,PO-003014,PO_CREATED,Purchase order PO-003014 created in ERP
EVT-0003015,2026-05-08 00:00:00,PURCHASE_ORDER,PO-003015,PO_CREATED,Purchase order PO-003015 created in ERP
EVT-0003016,2026-02-14 00:00:00,PURCHASE_ORDER,PO-003016,PO_CREATED,Purchase order PO-003016 created in ERP
EVT-0003017,2026-01-30 00:00:00,PURCHASE_ORDER,PO-003017,PO_CREATED,Purchase order PO-003017 created in ERP
EVT-0003018,2026-05-11 00:00:00,PURCHASE_ORDER,PO-003018,PO_CREATED,Purchase order PO-003018 created in ERP
EVT-0003019,2026-04-25 00:00:00,PURCHASE_ORDER,PO-003019,PO_CREATED,Purchase order PO-003019 created in ERP
EVT-0003020,2026-04-18 00:00:00,PURCHASE_ORDER,PO-003020,PO_CREATED,Purchase order PO-003020 created in ERP
EVT-0003021,2026-08-26 00:00:00,PURCHASE_ORDER,PO-003021,PO_CREATED,Purchase order PO-003021 created in ERP
EVT-0003022,2026-03-29 00:00:00,PURCHASE_ORDER,PO-003022,PO_CREATED,Purchase order PO-003022 created in ERP
EVT-0003023,2026-02-12 00:00:00,PURCHASE_ORDER,PO-003023,PO_CREATED,Purchase order PO-003023 created in ERP
EVT-0003024,2026-08-22 00:00:00,PURCHASE_ORDER,PO-003024,PO_CREATED,Purchase order PO-003024 created in ERP
EVT-0003025,2026-01-25 00:00:00,PURCHASE_ORDER,PO-003025,PO_CREATED,Purchase order PO-003025 created in ERP
EVT-0003026,2026-07-24 00:00:00,PURCHASE_ORDER,PO-003026,PO_CREATED,Purchase order PO-003026 created in ERP
EVT-0003027,2026-05-16 00:00:00,PURCHASE_ORDER,PO-003027,PO_CREATED,Purchase order PO-003027 created in ERP
EVT-0003028,2026-03-28 00:00:00,PURCHASE_ORDER,PO-003028,PO_CREATED,Purchase order PO-003028 created in ERP
EVT-0003029,2026-08-01 00:00:00,PURCHASE_ORDER,PO-003029,PO_CREATED,Purchase order PO-003029 created in ERP
EVT-0003030,2026-02-26 00:00:00,PURCHASE_ORDER,PO-003030,PO_CREATED,Purchase order PO-003030 created in ERP
EVT-0003031,2026-08-03 00:00:00,PURCHASE_ORDER,PO-003031,PO_CREATED,Purchase order PO-003031 created in ERP
EVT-0003032,2026-02-15 00:00:00,PURCHASE_ORDER,PO-003032,PO_CREATED,Purchase order PO-003032 created in ERP
EVT-0003033,2026-03-12 00:00:00,PURCHASE_ORDER,PO-003033,PO_CREATED,Purchase order PO-003033 created in ERP
EVT-0003034,2026-08-04 00:00:00,PURCHASE_ORDER,PO-003034,PO_CREATED,Purchase order PO-003034 created in ERP
EVT-0003035,2026-05-01 00:00:00,PURCHASE_ORDER,PO-003035,PO_CREATED,Purchase order PO-003035 created in ERP
EVT-0003036,2026-02-19 00:00:00,PURCHASE_ORDER,PO-003036,PO_CREATED,Purchase order PO-003036 created in ERP
EVT-0003037,2026-04-08 00:00:00,PURCHASE_ORDER,PO-003037,PO_CREATED,Purchase order PO-003037 created in ERP
EVT-0003038,2026-06-23 00:00:00,PURCHASE_ORDER,PO-003038,PO_CREATED,Purchase order PO-003038 created in ERP
EVT-0003039,2026-03-18 00:00:00,PURCHASE_ORDER,PO-003039,PO_CREATED,Purchase order PO-003039 created in ERP
EVT-0003040,2026-04-26 00:00:00,PURCHASE_ORDER,PO-003040,PO_CREATED,Purchase order PO-003040 created in ERP
EVT-0003041,2026-07-12 00:00:00,PURCHASE_ORDER,PO-003041,PO_CREATED,Purchase order PO-003041 created in ERP
EVT-0003042,2026-05-17 00:00:00,PURCHASE_ORDER,PO-003042,PO_CREATED,Purchase order PO-003042 created in ERP
EVT-0003043,2026-02-01 00:00:00,PURCHASE_ORDER,PO-003043,PO_CREATED,Purchase order PO-003043 created in ERP
EVT-0003044,2026-03-30 00:00:00,PURCHASE_ORDER,PO-003044,PO_CREATED,Purchase order PO-003044 created in ERP
EVT-0003045,2026-08-17 00:00:00,PURCHASE_ORDER,PO-003045,PO_CREATED,Purchase order PO-003045 created in ERP
EVT-0003046,2026-03-08 00:00:00,PURCHASE_ORDER,PO-003046,PO_CREATED,Purchase order PO-003046 created in ERP
EVT-0003047,2026-05-30 00:00:00,PURCHASE_ORDER,PO-003047,PO_CREATED,Purchase order PO-003047 created in ERP
EVT-0003048,2026-07-14 00:00:00,PURCHASE_ORDER,PO-003048,PO_CREATED,Purchase order PO-003048 created in ERP
EVT-0003049,2026-01-28 00:00:00,PURCHASE_ORDER,PO-003049,PO_CREATED,Purchase order PO-003049 created in ERP
EVT-0003050,2026-08-19 00:00:00,PURCHASE_ORDER,PO-003050,PO_CREATED,Purchase order PO-003050 created in ERP
EVT-0003051,2026-07-28 00:00:00,PURCHASE_ORDER,PO-003051,PO_CREATED,Purchase order PO-003051 created in ERP
EVT-0003052,2026-04-10 00:00:00,PURCHASE_ORDER,PO-003052,PO_CREATED,Purchase order PO-003052 created in ERP
EVT-0003053,2026-01-08 00:00:00,PURCHASE_ORDER,PO-003053,PO_CREATED,Purchase order PO-003053 created in ERP
EVT-0003054,2026-06-06 00:00:00,PURCHASE_ORDER,PO-003054,PO_CREATED,Purchase order PO-003054 created in ERP
EVT-0003055,2026-05-20 00:00:00,PURCHASE_ORDER,PO-003055,PO_CREATED,Purchase order PO-003055 created in ERP
EVT-0003056,2026-01-16 00:00:00,PURCHASE_ORDER,PO-003056,PO_CREATED,Purchase order PO-003056 created in ERP
EVT-0003057,2026-05-24 00:00:00,PURCHASE_ORDER,PO-003057,PO_CREATED,Purchase order PO-003057 created in ERP
EVT-0003058,2026-08-04 00:00:00,PURCHASE_ORDER,PO-003058,PO_CREATED,Purchase order PO-003058 created in ERP
EVT-0003059,2026-08-22 00:00:00,PURCHASE_ORDER,PO-003059,PO_CREATED,Purchase order PO-003059 created in ERP
EVT-0003060,2026-08-19 00:00:00,PURCHASE_ORDER,PO-003060,PO_CREATED,Purchase order PO-003060 created in ERP
EVT-0003061,2026-02-15 00:00:00,PURCHASE_ORDER,PO-003061,PO_CREATED,Purchase order PO-003061 created in ERP
EVT-0003062,2026-04-26 00:00:00,PURCHASE_ORDER,PO-003062,PO_CREATED,Purchase order PO-003062 created in ERP
EVT-0003063,2026-06-28 00:00:00,PURCHASE_ORDER,PO-003063,PO_CREATED,Purchase order PO-003063 created in ERP
EVT-0003064,2026-03-18 00:00:00,PURCHASE_ORDER,PO-003064,PO_CREATED,Purchase order PO-003064 created in ERP
EVT-0003065,2026-06-12 00:00:00,PURCHASE_ORDER,PO-003065,PO_CREATED,Purchase order PO-003065 created in ERP
EVT-0003066,2026-08-09 00:00:00,PURCHASE_ORDER,PO-003066,PO_CREATED,Purchase order PO-003066 created in ERP
EVT-0003067,2026-02-25 00:00:00,PURCHASE_ORDER,PO-003067,PO_CREATED,Purchase order PO-003067 created in ERP
EVT-0003068,2026-06-20 00:00:00,PURCHASE_ORDER,PO-003068,PO_CREATED,Purchase order PO-003068 created in ERP
EVT-0003069,2026-01-19 00:00:00,PURCHASE_ORDER,PO-003069,PO_CREATED,Purchase order PO-003069 created in ERP
EVT-0003070,2026-03-04 00:00:00,PURCHASE_ORDER,PO-003070,PO_CREATED,Purchase order PO-003070 created in ERP
EVT-0003071,2026-05-28 00:00:00,PURCHASE_ORDER,PO-003071,PO_CREATED,Purchase order PO-003071 created in ERP
EVT-0003072,2026-01-16 00:00:00,PURCHASE_ORDER,PO-003072,PO_CREATED,Purchase order PO-003072 created in ERP
EVT-0003073,2026-06-10 00:00:00,PURCHASE_ORDER,PO-003073,PO_CREATED,Purchase order PO-003073 created in ERP
EVT-0003074,2026-07-11 00:00:00,PURCHASE_ORDER,PO-003074,PO_CREATED,Purchase order PO-003074 created in ERP
EVT-0003075,2026-01-08 00:00:00,PURCHASE_ORDER,PO-003075,PO_CREATED,Purchase order PO-003075 created in ERP
EVT-0003076,2026-05-06 00:00:00,PURCHASE_ORDER,PO-003076,PO_CREATED,Purchase order PO-003076 created in ERP
EVT-0003077,2026-01-31 00:00:00,PURCHASE_ORDER,PO-003077,PO_CREATED,Purchase order PO-003077 created in ERP
EVT-0003078,2026-08-26 00:00:00,PURCHASE_ORDER,PO-003078,PO_CREATED,Purchase order PO-003078 created in ERP
EVT-0003079,2026-08-09 00:00:00,PURCHASE_ORDER,PO-003079,PO_CREATED,Purchase order PO-003079 created in ERP
EVT-0003080,2026-03-02 00:00:00,PURCHASE_ORDER,PO-003080,PO_CREATED,Purchase order PO-003080 created in ERP
EVT-0003081,2026-03-21 00:00:00,PURCHASE_ORDER,PO-003081,PO_CREATED,Purchase order PO-003081 created in ERP
EVT-0003082,2026-02-24 00:00:00,PURCHASE_ORDER,PO-003082,PO_CREATED,Purchase order PO-003082 created in ERP
EVT-0003083,2026-04-18 00:00:00,PURCHASE_ORDER,PO-003083,PO_CREATED,Purchase order PO-003083 created in ERP
EVT-0003084,2026-04-07 00:00:00,PURCHASE_ORDER,PO-003084,PO_CREATED,Purchase order PO-003084 created in ERP
EVT-0003085,2026-02-22 00:00:00,PURCHASE_ORDER,PO-003085,PO_CREATED,Purchase order PO-003085 created in ERP
EVT-0003086,2026-04-10 00:00:00,PURCHASE_ORDER,PO-003086,PO_CREATED,Purchase order PO-003086 created in ERP
EVT-0003087,2026-07-12 00:00:00,PURCHASE_ORDER,PO-003087,PO_CREATED,Purchase order PO-003087 created in ERP
EVT-0003088,2026-04-13 00:00:00,PURCHASE_ORDER,PO-003088,PO_CREATED,Purchase order PO-003088 created in ERP
EVT-0003089,2026-08-19 00:00:00,PURCHASE_ORDER,PO-003089,PO_CREATED,Purchase order PO-003089 created in ERP
EVT-0003090,2026-08-15 00:00:00,PURCHASE_ORDER,PO-003090,PO_CREATED,Purchase order PO-003090 created in ERP
EVT-0003091,2026-01-05 00:00:00,PURCHASE_ORDER,PO-003091,PO_CREATED,Purchase order PO-003091 created in ERP
EVT-0003092,2026-07-15 00:00:00,PURCHASE_ORDER,PO-003092,PO_CREATED,Purchase order PO-003092 created in ERP
EVT-0003093,2026-01-13 00:00:00,PURCHASE_ORDER,PO-003093,PO_CREATED,Purchase order PO-003093 created in ERP
EVT-0003094,2026-05-03 00:00:00,PURCHASE_ORDER,PO-003094,PO_CREATED,Purchase order PO-003094 created in ERP
EVT-0003095,2026-04-30 00:00:00,PURCHASE_ORDER,PO-003095,PO_CREATED,Purchase order PO-003095 created in ERP
EVT-0003096,2026-02-13 00:00:00,PURCHASE_ORDER,PO-003096,PO_CREATED,Purchase order PO-003096 created in ERP
EVT-0003097,2026-05-06 00:00:00,PURCHASE_ORDER,PO-003097,PO_CREATED,Purchase order PO-003097 created in ERP
EVT-0003098,2026-01-29 00:00:00,PURCHASE_ORDER,PO-003098,PO_CREATED,Purchase order PO-003098 created in ERP
EVT-0003099,2026-07-02 00:00:00,PURCHASE_ORDER,PO-003099,PO_CREATED,Purchase order PO-003099 created in ERP
EVT-0003100,2026-05-11 00:00:00,PURCHASE_ORDER,PO-003100,PO_CREATED,Purchase order PO-003100 created in ERP
EVT-0003101,2026-06-26 00:00:00,PURCHASE_ORDER,PO-003101,PO_CREATED,Purchase order PO-003101 created in ERP
EVT-0003102,2026-07-18 00:00:00,PURCHASE_ORDER,PO-003102,PO_CREATED,Purchase order PO-003102 created in ERP
EVT-0003103,2026-01-09 00:00:00,PURCHASE_ORDER,PO-003103,PO_CREATED,Purchase order PO-003103 created in ERP
EVT-0003104,2026-01-10 00:00:00,PURCHASE_ORDER,PO-003104,PO_CREATED,Purchase order PO-003104 created in ERP
EVT-0003105,2026-06-29 00:00:00,PURCHASE_ORDER,PO-003105,PO_CREATED,Purchase order PO-003105 created in ERP
EVT-0003106,2026-01-26 00:00:00,PURCHASE_ORDER,PO-003106,PO_CREATED,Purchase order PO-003106 created in ERP
EVT-0003107,2026-05-14 00:00:00,PURCHASE_ORDER,PO-003107,PO_CREATED,Purchase order PO-003107 created in ERP
EVT-0003108,2026-03-08 00:00:00,PURCHASE_ORDER,PO-003108,PO_CREATED,Purchase order PO-003108 created in ERP
EVT-0003109,2026-05-02 00:00:00,PURCHASE_ORDER,PO-003109,PO_CREATED,Purchase order PO-003109 created in ERP
EVT-0003110,2026-02-08 00:00:00,PURCHASE_ORDER,PO-003110,PO_CREATED,Purchase order PO-003110 created in ERP
EVT-0003111,2026-03-04 00:00:00,PURCHASE_ORDER,PO-003111,PO_CREATED,Purchase order PO-003111 created in ERP
EVT-0003112,2026-06-23 00:00:00,PURCHASE_ORDER,PO-003112,PO_CREATED,Purchase order PO-003112 created in ERP
EVT-0003113,2026-07-20 00:00:00,PURCHASE_ORDER,PO-003113,PO_CREATED,Purchase order PO-003113 created in ERP
EVT-0003114,2026-01-21 00:00:00,PURCHASE_ORDER,PO-003114,PO_CREATED,Purchase order PO-003114 created in ERP
EVT-0003115,2026-02-13 00:00:00,PURCHASE_ORDER,PO-003115,PO_CREATED,Purchase order PO-003115 created in ERP
EVT-0003116,2026-02-01 00:00:00,PURCHASE_ORDER,PO-003116,PO_CREATED,Purchase order PO-003116 created in ERP
EVT-0003117,2026-01-01 00:00:00,PURCHASE_ORDER,PO-003117,PO_CREATED,Purchase order PO-003117 created in ERP
EVT-0003118,2026-06-18 00:00:00,PURCHASE_ORDER,PO-003118,PO_CREATED,Purchase order PO-003118 created in ERP
EVT-0003119,2026-01-07 00:00:00,PURCHASE_ORDER,PO-003119,PO_CREATED,Purchase order PO-003119 created in ERP
EVT-0003120,2026-02-26 00:00:00,PURCHASE_ORDER,PO-003120,PO_CREATED,Purchase order PO-003120 created in ERP
EVT-0003121,2026-04-05 00:00:00,PURCHASE_ORDER,PO-003121,PO_CREATED,Purchase order PO-003121 created in ERP
EVT-0003122,2026-04-20 00:00:00,PURCHASE_ORDER,PO-003122,PO_CREATED,Purchase order PO-003122 created in ERP
EVT-0003123,2026-05-15 00:00:00,PURCHASE_ORDER,PO-003123,PO_CREATED,Purchase order PO-003123 created in ERP
EVT-0003124,2026-05-15 00:00:00,PURCHASE_ORDER,PO-003124,PO_CREATED,Purchase order PO-003124 created in ERP
EVT-0003125,2026-05-18 00:00:00,PURCHASE_ORDER,PO-003125,PO_CREATED,Purchase order PO-003125 created in ERP
EVT-0003126,2026-04-07 00:00:00,PURCHASE_ORDER,PO-003126,PO_CREATED,Purchase order PO-003126 created in ERP
EVT-0003127,2026-07-09 00:00:00,PURCHASE_ORDER,PO-003127,PO_CREATED,Purchase order PO-003127 created in ERP
EVT-0003128,2026-03-13 00:00:00,PURCHASE_ORDER,PO-003128,PO_CREATED,Purchase order PO-003128 created in ERP
EVT-0003129,2026-05-08 00:00:00,PURCHASE_ORDER,PO-003129,PO_CREATED,Purchase order PO-003129 created in ERP
EVT-0003130,2026-07-13 00:00:00,PURCHASE_ORDER,PO-003130,PO_CREATED,Purchase order PO-003130 created in ERP
EVT-0003131,2026-06-03 00:00:00,PURCHASE_ORDER,PO-003131,PO_CREATED,Purchase order PO-003131 created in ERP
EVT-0003132,2026-01-07 00:00:00,PURCHASE_ORDER,PO-003132,PO_CREATED,Purchase order PO-003132 created in ERP
EVT-0003133,2026-07-23 00:00:00,PURCHASE_ORDER,PO-003133,PO_CREATED,Purchase order PO-003133 created in ERP
EVT-0003134,2026-03-20 00:00:00,PURCHASE_ORDER,PO-003134,PO_CREATED,Purchase order PO-003134 created in ERP
EVT-0003135,2026-01-03 00:00:00,PURCHASE_ORDER,PO-003135,PO_CREATED,Purchase order PO-003135 created in ERP
EVT-0003136,2026-08-08 00:00:00,PURCHASE_ORDER,PO-003136,PO_CREATED,Purchase order PO-003136 created in ERP
EVT-0003137,2026-01-14 00:00:00,PURCHASE_ORDER,PO-003137,PO_CREATED,Purchase order PO-003137 created in ERP
EVT-0003138,2026-02-02 00:00:00,PURCHASE_ORDER,PO-003138,PO_CREATED,Purchase order PO-003138 created in ERP
EVT-0003139,2026-03-23 00:00:00,PURCHASE_ORDER,PO-003139,PO_CREATED,Purchase order PO-003139 created in ERP
EVT-0003140,2026-07-01 00:00:00,PURCHASE_ORDER,PO-003140,PO_CREATED,Purchase order PO-003140 created in ERP
EVT-0003141,2026-01-17 00:00:00,PURCHASE_ORDER,PO-003141,PO_CREATED,Purchase order PO-003141 created in ERP
EVT-0003142,2026-01-18 00:00:00,PURCHASE_ORDER,PO-003142,PO_CREATED,Purchase order PO-003142 created in ERP
EVT-0003143,2026-07-10 00:00:00,PURCHASE_ORDER,PO-003143,PO_CREATED,Purchase order PO-003143 created in ERP
EVT-0003144,2026-01-18 00:00:00,PURCHASE_ORDER,PO-003144,PO_CREATED,Purchase order PO-003144 created in ERP
EVT-0003145,2026-05-16 00:00:00,PURCHASE_ORDER,PO-003145,PO_CREATED,Purchase order PO-003145 created in ERP
EVT-0003146,2026-06-10 00:00:00,PURCHASE_ORDER,PO-003146,PO_CREATED,Purchase order PO-003146 created in ERP
EVT-0003147,2026-08-26 00:00:00,PURCHASE_ORDER,PO-003147,PO_CREATED,Purchase order PO-003147 created in ERP
EVT-0003148,2026-04-27 00:00:00,PURCHASE_ORDER,PO-003148,PO_CREATED,Purchase order PO-003148 created in ERP
EVT-0003149,2026-07-20 00:00:00,PURCHASE_ORDER,PO-003149,PO_CREATED,Purchase order PO-003149 created in ERP
EVT-0003150,2026-05-06 00:00:00,PURCHASE_ORDER,PO-003150,PO_CREATED,Purchase order PO-003150 created in ERP
EVT-0003151,2026-04-17 00:00:00,PURCHASE_ORDER,PO-003151,PO_CREATED,Purchase order PO-003151 created in ERP
EVT-0003152,2026-03-11 00:00:00,PURCHASE_ORDER,PO-003152,PO_CREATED,Purchase order PO-003152 created in ERP
EVT-0003153,2026-03-06 00:00:00,PURCHASE_ORDER,PO-003153,PO_CREATED,Purchase order PO-003153 created in ERP
EVT-0003154,2026-04-11 00:00:00,PURCHASE_ORDER,PO-003154,PO_CREATED,Purchase order PO-003154 created in ERP
EVT-0003155,2026-03-12 00:00:00,PURCHASE_ORDER,PO-003155,PO_CREATED,Purchase order PO-003155 created in ERP
EVT-0003156,2026-05-15 00:00:00,PURCHASE_ORDER,PO-003156,PO_CREATED,Purchase order PO-003156 created in ERP
EVT-0003157,2026-01-22 00:00:00,PURCHASE_ORDER,PO-003157,PO_CREATED,Purchase order PO-003157 created in ERP
EVT-0003158,2026-03-18 00:00:00,PURCHASE_ORDER,PO-003158,PO_CREATED,Purchase order PO-003158 created in ERP
EVT-0003159,2026-06-12 00:00:00,PURCHASE_ORDER,PO-003159,PO_CREATED,Purchase order PO-003159 created in ERP
EVT-0003160,2026-05-31 00:00:00,PURCHASE_ORDER,PO-003160,PO_CREATED,Purchase order PO-003160 created in ERP
EVT-0003161,2026-05-12 00:00:00,PURCHASE_ORDER,PO-003161,PO_CREATED,Purchase order PO-003161 created in ERP
EVT-0003162,2026-05-07 00:00:00,PURCHASE_ORDER,PO-003162,PO_CREATED,Purchase order PO-003162 created in ERP
EVT-0003163,2026-01-20 00:00:00,PURCHASE_ORDER,PO-003163,PO_CREATED,Purchase order PO-003163 created in ERP
EVT-0003164,2026-05-10 00:00:00,PURCHASE_ORDER,PO-003164,PO_CREATED,Purchase order PO-003164 created in ERP
EVT-0003165,2026-08-08 00:00:00,PURCHASE_ORDER,PO-003165,PO_CREATED,Purchase order PO-003165 created in ERP
EVT-0003166,2026-07-30 00:00:00,PURCHASE_ORDER,PO-003166,PO_CREATED,Purchase order PO-003166 created in ERP
EVT-0003167,2026-02-24 00:00:00,PURCHASE_ORDER,PO-003167,PO_CREATED,Purchase order PO-003167 created in ERP
EVT-0003168,2026-03-08 00:00:00,PURCHASE_ORDER,PO-003168,PO_CREATED,Purchase order PO-003168 created in ERP
EVT-0003169,2026-08-16 00:00:00,PURCHASE_ORDER,PO-003169,PO_CREATED,Purchase order PO-003169 created in ERP
EVT-0003170,2026-02-10 00:00:00,PURCHASE_ORDER,PO-003170,PO_CREATED,Purchase order PO-003170 created in ERP
EVT-0003171,2026-06-14 00:00:00,PURCHASE_ORDER,PO-003171,PO_CREATED,Purchase order PO-003171 created in ERP
EVT-0003172,2026-04-03 00:00:00,PURCHASE_ORDER,PO-003172,PO_CREATED,Purchase order PO-003172 created in ERP
EVT-0003173,2026-04-28 00:00:00,PURCHASE_ORDER,PO-003173,PO_CREATED,Purchase order PO-003173 created in ERP
EVT-0003174,2026-01-15 00:00:00,PURCHASE_ORDER,PO-003174,PO_CREATED,Purchase order PO-003174 created in ERP
EVT-0003175,2026-04-02 00:00:00,PURCHASE_ORDER,PO-003175,PO_CREATED,Purchase order PO-003175 created in ERP
EVT-0003176,2026-03-15 00:00:00,PURCHASE_ORDER,PO-003176,PO_CREATED,Purchase order PO-003176 created in ERP
EVT-0003177,2026-06-24 00:00:00,PURCHASE_ORDER,PO-003177,PO_CREATED,Purchase order PO-003177 created in ERP
EVT-0003178,2026-02-11 00:00:00,PURCHASE_ORDER,PO-003178,PO_CREATED,Purchase order PO-003178 created in ERP
EVT-0003179,2026-02-09 00:00:00,PURCHASE_ORDER,PO-003179,PO_CREATED,Purchase order PO-003179 created in ERP
EVT-0003180,2026-04-16 00:00:00,PURCHASE_ORDER,PO-003180,PO_CREATED,Purchase order PO-003180 created in ERP
EVT-0003181,2026-06-15 00:00:00,PURCHASE_ORDER,PO-003181,PO_CREATED,Purchase order PO-003181 created in ERP
EVT-0003182,2026-07-16 00:00:00,PURCHASE_ORDER,PO-003182,PO_CREATED,Purchase order PO-003182 created in ERP
EVT-0003183,2026-05-18 00:00:00,PURCHASE_ORDER,PO-003183,PO_CREATED,Purchase order PO-003183 created in ERP
EVT-0003184,2026-07-30 00:00:00,PURCHASE_ORDER,PO-003184,PO_CREATED,Purchase order PO-003184 created in ERP
EVT-0003185,2026-02-15 00:00:00,PURCHASE_ORDER,PO-003185,PO_CREATED,Purchase order PO-003185 created in ERP
EVT-0003186,2026-03-14 00:00:00,PURCHASE_ORDER,PO-003186,PO_CREATED,Purchase order PO-003186 created in ERP
EVT-0003187,2026-01-04 00:00:00,PURCHASE_ORDER,PO-003187,PO_CREATED,Purchase order PO-003187 created in ERP
EVT-0003188,2026-06-18 00:00:00,PURCHASE_ORDER,PO-003188,PO_CREATED,Purchase order PO-003188 created in ERP
EVT-0003189,2026-08-06 00:00:00,PURCHASE_ORDER,PO-003189,PO_CREATED,Purchase order PO-003189 created in ERP
EVT-0003190,2026-04-15 00:00:00,PURCHASE_ORDER,PO-003190,PO_CREATED,Purchase order PO-003190 created in ERP
EVT-0003191,2026-07-07 00:00:00,PURCHASE_ORDER,PO-003191,PO_CREATED,Purchase order PO-003191 created in ERP
EVT-0003192,2026-04-29 00:00:00,PURCHASE_ORDER,PO-003192,PO_CREATED,Purchase order PO-003192 created in ERP
EVT-0003193,2026-03-26 00:00:00,PURCHASE_ORDER,PO-003193,PO_CREATED,Purchase order PO-003193 created in ERP
EVT-0003194,2026-07-01 00:00:00,PURCHASE_ORDER,PO-003194,PO_CREATED,Purchase order PO-003194 created in ERP
EVT-0003195,2026-06-24 00:00:00,PURCHASE_ORDER,PO-003195,PO_CREATED,Purchase order PO-003195 created in ERP
EVT-0003196,2026-07-03 00:00:00,PURCHASE_ORDER,PO-003196,PO_CREATED,Purchase order PO-003196 created in ERP
EVT-0003197,2026-06-26 00:00:00,PURCHASE_ORDER,PO-003197,PO_CREATED,Purchase order PO-003197 created in ERP
EVT-0003198,2026-06-22 00:00:00,PURCHASE_ORDER,PO-003198,PO_CREATED,Purchase order PO-003198 created in ERP
EVT-0003199,2026-04-10 00:00:00,PURCHASE_ORDER,PO-003199,PO_CREATED,Purchase order PO-003199 created in ERP
EVT-0003200,2026-06-05 00:00:00,PURCHASE_ORDER,PO-003200,PO_CREATED,Purchase order PO-003200 created in ERP
EVT-0003201,2026-01-01 00:00:00,PURCHASE_ORDER,PO-003201,PO_CREATED,Purchase order PO-003201 created in ERP
EVT-0003202,2026-03-24 00:00:00,PURCHASE_ORDER,PO-003202,PO_CREATED,Purchase order PO-003202 created in ERP
EVT-0003203,2026-03-11 00:00:00,PURCHASE_ORDER,PO-003203,PO_CREATED,Purchase order PO-003203 created in ERP
EVT-0003204,2026-05-09 00:00:00,PURCHASE_ORDER,PO-003204,PO_CREATED,Purchase order PO-003204 created in ERP
EVT-0003205,2026-03-05 00:00:00,PURCHASE_ORDER,PO-003205,PO_CREATED,Purchase order PO-003205 created in ERP
EVT-0003206,2026-02-24 00:00:00,PURCHASE_ORDER,PO-003206,PO_CREATED,Purchase order PO-003206 created in ERP
EVT-0003207,2026-04-27 00:00:00,PURCHASE_ORDER,PO-003207,PO_CREATED,Purchase order PO-003207 created in ERP
EVT-0003208,2026-01-23 00:00:00,PURCHASE_ORDER,PO-003208,PO_CREATED,Purchase order PO-003208 created in ERP
EVT-0003209,2026-02-18 00:00:00,PURCHASE_ORDER,PO-003209,PO_CREATED,Purchase order PO-003209 created in ERP
EVT-0003210,2026-03-08 00:00:00,PURCHASE_ORDER,PO-003210,PO_CREATED,Purchase order PO-003210 created in ERP
EVT-0003211,2026-06-11 00:00:00,PURCHASE_ORDER,PO-003211,PO_CREATED,Purchase order PO-003211 created in ERP
EVT-0003212,2026-01-19 00:00:00,PURCHASE_ORDER,PO-003212,PO_CREATED,Purchase order PO-003212 created in ERP
EVT-0003213,2026-02-01 00:00:00,PURCHASE_ORDER,PO-003213,PO_CREATED,Purchase order PO-003213 created in ERP
EVT-0003214,2026-05-09 00:00:00,PURCHASE_ORDER,PO-003214,PO_CREATED,Purchase order PO-003214 created in ERP
EVT-0003215,2026-04-19 00:00:00,PURCHASE_ORDER,PO-003215,PO_CREATED,Purchase order PO-003215 created in ERP
EVT-0003216,2026-01-13 00:00:00,PURCHASE_ORDER,PO-003216,PO_CREATED,Purchase order PO-003216 created in ERP
EVT-0003217,2026-06-29 00:00:00,PURCHASE_ORDER,PO-003217,PO_CREATED,Purchase order PO-003217 created in ERP
EVT-0003218,2026-02-26 00:00:00,PURCHASE_ORDER,PO-003218,PO_CREATED,Purchase order PO-003218 created in ERP
EVT-0003219,2026-07-15 00:00:00,PURCHASE_ORDER,PO-003219,PO_CREATED,Purchase order PO-003219 created in ERP
EVT-0003220,2026-03-19 00:00:00,PURCHASE_ORDER,PO-003220,PO_CREATED,Purchase order PO-003220 created in ERP
EVT-0003221,2026-02-14 00:00:00,PURCHASE_ORDER,PO-003221,PO_CREATED,Purchase order PO-003221 created in ERP
EVT-0003222,2026-08-25 00:00:00,PURCHASE_ORDER,PO-003222,PO_CREATED,Purchase order PO-003222 created in ERP
EVT-0003223,2026-01-14 00:00:00,PURCHASE_ORDER,PO-003223,PO_CREATED,Purchase order PO-003223 created in ERP
EVT-0003224,2026-07-15 00:00:00,PURCHASE_ORDER,PO-003224,PO_CREATED,Purchase order PO-003224 created in ERP
EVT-0003225,2026-03-11 00:00:00,PURCHASE_ORDER,PO-003225,PO_CREATED,Purchase order PO-003225 created in ERP
EVT-0003226,2026-02-20 00:00:00,PURCHASE_ORDER,PO-003226,PO_CREATED,Purchase order PO-003226 created in ERP
EVT-0003227,2026-07-25 00:00:00,PURCHASE_ORDER,PO-003227,PO_CREATED,Purchase order PO-003227 created in ERP
EVT-0003228,2026-08-29 00:00:00,PURCHASE_ORDER,PO-003228,PO_CREATED,Purchase order PO-003228 created in ERP
EVT-0003229,2026-01-25 00:00:00,PURCHASE_ORDER,PO-003229,PO_CREATED,Purchase order PO-003229 created in ERP
EVT-0003230,2026-01-13 00:00:00,PURCHASE_ORDER,PO-003230,PO_CREATED,Purchase order PO-003230 created in ERP
EVT-0003231,2026-04-12 00:00:00,PURCHASE_ORDER,PO-003231,PO_CREATED,Purchase order PO-003231 created in ERP
EVT-0003232,2026-01-01 00:00:00,PURCHASE_ORDER,PO-003232,PO_CREATED,Purchase order PO-003232 created in ERP
EVT-0003233,2026-08-01 00:00:00,PURCHASE_ORDER,PO-003233,PO_CREATED,Purchase order PO-003233 created in ERP
EVT-0003234,2026-02-07 00:00:00,PURCHASE_ORDER,PO-003234,PO_CREATED,Purchase order PO-003234 created in ERP
EVT-0003235,2026-03-12 00:00:00,PURCHASE_ORDER,PO-003235,PO_CREATED,Purchase order PO-003235 created in ERP
EVT-0003236,2026-04-10 00:00:00,PURCHASE_ORDER,PO-003236,PO_CREATED,Purchase order PO-003236 created in ERP
EVT-0003237,2026-05-27 00:00:00,PURCHASE_ORDER,PO-003237,PO_CREATED,Purchase order PO-003237 created in ERP
EVT-0003238,2026-02-13 00:00:00,PURCHASE_ORDER,PO-003238,PO_CREATED,Purchase order PO-003238 created in ERP
EVT-0003239,2026-04-19 00:00:00,PURCHASE_ORDER,PO-003239,PO_CREATED,Purchase order PO-003239 created in ERP
EVT-0003240,2026-07-26 00:00:00,PURCHASE_ORDER,PO-003240,PO_CREATED,Purchase order PO-003240 created in ERP
EVT-0003241,2026-03-30 00:00:00,PURCHASE_ORDER,PO-003241,PO_CREATED,Purchase order PO-003241 created in ERP
EVT-0003242,2026-01-25 00:00:00,PURCHASE_ORDER,PO-003242,PO_CREATED,Purchase order PO-003242 created in ERP
EVT-0003243,2026-06-27 00:00:00,PURCHASE_ORDER,PO-003243,PO_CREATED,Purchase order PO-003243 created in ERP
EVT-0003244,2026-07-02 00:00:00,PURCHASE_ORDER,PO-003244,PO_CREATED,Purchase order PO-003244 created in ERP
EVT-0003245,2026-07-12 00:00:00,PURCHASE_ORDER,PO-003245,PO_CREATED,Purchase order PO-003245 created in ERP
EVT-0003246,2026-06-26 00:00:00,PURCHASE_ORDER,PO-003246,PO_CREATED,Purchase order PO-003246 created in ERP
EVT-0003247,2026-03-30 00:00:00,PURCHASE_ORDER,PO-003247,PO_CREATED,Purchase order PO-003247 created in ERP
EVT-0003248,2026-02-07 00:00:00,PURCHASE_ORDER,PO-003248,PO_CREATED,Purchase order PO-003248 created in ERP
EVT-0003249,2026-05-16 00:00:00,PURCHASE_ORDER,PO-003249,PO_CREATED,Purchase order PO-003249 created in ERP
EVT-0003250,2026-07-21 00:00:00,PURCHASE_ORDER,PO-003250,PO_CREATED,Purchase order PO-003250 created in ERP
EVT-0003251,2026-06-21 00:00:00,PURCHASE_ORDER,PO-003251,PO_CREATED,Purchase order PO-003251 created in ERP
EVT-0003252,2026-01-11 00:00:00,PURCHASE_ORDER,PO-003252,PO_CREATED,Purchase order PO-003252 created in ERP
EVT-0003253,2026-05-15 00:00:00,PURCHASE_ORDER,PO-003253,PO_CREATED,Purchase order PO-003253 created in ERP
EVT-0003254,2026-01-05 00:00:00,PURCHASE_ORDER,PO-003254,PO_CREATED,Purchase order PO-003254 created in ERP
EVT-0003255,2026-01-03 00:00:00,PURCHASE_ORDER,PO-003255,PO_CREATED,Purchase order PO-003255 created in ERP
EVT-0003256,2026-07-25 00:00:00,PURCHASE_ORDER,PO-003256,PO_CREATED,Purchase order PO-003256 created in ERP
EVT-0003257,2026-04-12 00:00:00,PURCHASE_ORDER,PO-003257,PO_CREATED,Purchase order PO-003257 created in ERP
EVT-0003258,2026-07-14 00:00:00,PURCHASE_ORDER,PO-003258,PO_CREATED,Purchase order PO-003258 created in ERP
EVT-0003259,2026-05-08 00:00:00,PURCHASE_ORDER,PO-003259,PO_CREATED,Purchase order PO-003259 created in ERP
EVT-0003260,2026-03-24 00:00:00,PURCHASE_ORDER,PO-003260,PO_CREATED,Purchase order PO-003260 created in ERP
EVT-0003261,2026-02-17 00:00:00,PURCHASE_ORDER,PO-003261,PO_CREATED,Purchase order PO-003261 created in ERP
EVT-0003262,2026-08-28 00:00:00,PURCHASE_ORDER,PO-003262,PO_CREATED,Purchase order PO-003262 created in ERP
EVT-0003263,2026-08-16 00:00:00,PURCHASE_ORDER,PO-003263,PO_CREATED,Purchase order PO-003263 created in ERP
EVT-0003264,2026-04-09 00:00:00,PURCHASE_ORDER,PO-003264,PO_CREATED,Purchase order PO-003264 created in ERP
EVT-0003265,2026-06-10 00:00:00,PURCHASE_ORDER,PO-003265,PO_CREATED,Purchase order PO-003265 created in ERP
EVT-0003266,2026-08-12 00:00:00,PURCHASE_ORDER,PO-003266,PO_CREATED,Purchase order PO-003266 created in ERP
EVT-0003267,2026-08-08 00:00:00,PURCHASE_ORDER,PO-003267,PO_CREATED,Purchase order PO-003267 created in ERP
EVT-0003268,2026-04-20 00:00:00,PURCHASE_ORDER,PO-003268,PO_CREATED,Purchase order PO-003268 created in ERP
EVT-0003269,2026-02-17 00:00:00,PURCHASE_ORDER,PO-003269,PO_CREATED,Purchase order PO-003269 created in ERP
EVT-0003270,2026-08-24 00:00:00,PURCHASE_ORDER,PO-003270,PO_CREATED,Purchase order PO-003270 created in ERP
EVT-0003271,2026-01-16 00:00:00,PURCHASE_ORDER,PO-003271,PO_CREATED,Purchase order PO-003271 created in ERP
EVT-0003272,2026-04-03 00:00:00,PURCHASE_ORDER,PO-003272,PO_CREATED,Purchase order PO-003272 created in ERP
EVT-0003273,2026-04-17 00:00:00,PURCHASE_ORDER,PO-003273,PO_CREATED,Purchase order PO-003273 created in ERP
EVT-0003274,2026-08-17 00:00:00,PURCHASE_ORDER,PO-003274,PO_CREATED,Purchase order PO-003274 created in ERP
EVT-0003275,2026-06-04 00:00:00,PURCHASE_ORDER,PO-003275,PO_CREATED,Purchase order PO-003275 created in ERP
EVT-0003276,2026-02-07 00:00:00,PURCHASE_ORDER,PO-003276,PO_CREATED,Purchase order PO-003276 created in ERP
EVT-0003277,2026-07-23 00:00:00,PURCHASE_ORDER,PO-003277,PO_CREATED,Purchase order PO-003277 created in ERP
EVT-0003278,2026-07-12 00:00:00,PURCHASE_ORDER,PO-003278,PO_CREATED,Purchase order PO-003278 created in ERP
EVT-0003279,2026-07-03 00:00:00,PURCHASE_ORDER,PO-003279,PO_CREATED,Purchase order PO-003279 created in ERP
EVT-0003280,2026-07-12 00:00:00,PURCHASE_ORDER,PO-003280,PO_CREATED,Purchase order PO-003280 created in ERP
EVT-0003281,2026-08-14 00:00:00,PURCHASE_ORDER,PO-003281,PO_CREATED,Purchase order PO-003281 created in ERP
EVT-0003282,2026-03-02 00:00:00,PURCHASE_ORDER,PO-003282,PO_CREATED,Purchase order PO-003282 created in ERP
EVT-0003283,2026-06-24 00:00:00,PURCHASE_ORDER,PO-003283,PO_CREATED,Purchase order PO-003283 created in ERP
EVT-0003284,2026-05-20 00:00:00,PURCHASE_ORDER,PO-003284,PO_CREATED,Purchase order PO-003284 created in ERP
EVT-0003285,2026-08-04 00:00:00,PURCHASE_ORDER,PO-003285,PO_CREATED,Purchase order PO-003285 created in ERP
EVT-0003286,2026-02-03 00:00:00,PURCHASE_ORDER,PO-003286,PO_CREATED,Purchase order PO-003286 created in ERP
EVT-0003287,2026-05-23 00:00:00,PURCHASE_ORDER,PO-003287,PO_CREATED,Purchase order PO-003287 created in ERP
EVT-0003288,2026-05-21 00:00:00,PURCHASE_ORDER,PO-003288,PO_CREATED,Purchase order PO-003288 created in ERP
EVT-0003289,2026-01-11 00:00:00,PURCHASE_ORDER,PO-003289,PO_CREATED,Purchase order PO-003289 created in ERP
EVT-0003290,2026-03-30 00:00:00,PURCHASE_ORDER,PO-003290,PO_CREATED,Purchase order PO-003290 created in ERP
EVT-0003291,2026-04-02 00:00:00,PURCHASE_ORDER,PO-003291,PO_CREATED,Purchase order PO-003291 created in ERP
EVT-0003292,2026-05-16 00:00:00,PURCHASE_ORDER,PO-003292,PO_CREATED,Purchase order PO-003292 created in ERP
EVT-0003293,2026-07-16 00:00:00,PURCHASE_ORDER,PO-003293,PO_CREATED,Purchase order PO-003293 created in ERP
EVT-0003294,2026-07-03 00:00:00,PURCHASE_ORDER,PO-003294,PO_CREATED,Purchase order PO-003294 created in ERP
EVT-0003295,2026-01-04 00:00:00,PURCHASE_ORDER,PO-003295,PO_CREATED,Purchase order PO-003295 created in ERP
EVT-0003296,2026-04-08 00:00:00,PURCHASE_ORDER,PO-003296,PO_CREATED,Purchase order PO-003296 created in ERP
EVT-0003297,2026-05-06 00:00:00,PURCHASE_ORDER,PO-003297,PO_CREATED,Purchase order PO-003297 created in ERP
EVT-0003298,2026-05-01 00:00:00,PURCHASE_ORDER,PO-003298,PO_CREATED,Purchase order PO-003298 created in ERP
EVT-0003299,2026-06-10 00:00:00,PURCHASE_ORDER,PO-003299,PO_CREATED,Purchase order PO-003299 created in ERP
EVT-0003300,2026-08-24 00:00:00,PURCHASE_ORDER,PO-003300,PO_CREATED,Purchase order PO-003300 created in ERP
EVT-0003301,2026-07-08 00:00:00,PURCHASE_ORDER,PO-003301,PO_CREATED,Purchase order PO-003301 created in ERP
EVT-0003302,2026-06-20 00:00:00,PURCHASE_ORDER,PO-003302,PO_CREATED,Purchase order PO-003302 created in ERP
EVT-0003303,2026-03-24 00:00:00,PURCHASE_ORDER,PO-003303,PO_CREATED,Purchase order PO-003303 created in ERP
EVT-0003304,2026-06-10 00:00:00,PURCHASE_ORDER,PO-003304,PO_CREATED,Purchase order PO-003304 created in ERP
EVT-0003305,2026-01-22 00:00:00,PURCHASE_ORDER,PO-003305,PO_CREATED,Purchase order PO-003305 created in ERP
EVT-0003306,2026-01-06 00:00:00,PURCHASE_ORDER,PO-003306,PO_CREATED,Purchase order PO-003306 created in ERP
EVT-0003307,2026-05-13 00:00:00,PURCHASE_ORDER,PO-003307,PO_CREATED,Purchase order PO-003307 created in ERP
EVT-0003308,2026-01-14 00:00:00,PURCHASE_ORDER,PO-003308,PO_CREATED,Purchase order PO-003308 created in ERP
EVT-0003309,2026-06-07 00:00:00,PURCHASE_ORDER,PO-003309,PO_CREATED,Purchase order PO-003309 created in ERP
EVT-0003310,2026-05-30 00:00:00,PURCHASE_ORDER,PO-003310,PO_CREATED,Purchase order PO-003310 created in ERP
EVT-0003311,2026-01-31 00:00:00,PURCHASE_ORDER,PO-003311,PO_CREATED,Purchase order PO-003311 created in ERP
EVT-0003312,2026-03-21 00:00:00,PURCHASE_ORDER,PO-003312,PO_CREATED,Purchase order PO-003312 created in ERP
EVT-0003313,2026-07-22 00:00:00,PURCHASE_ORDER,PO-003313,PO_CREATED,Purchase order PO-003313 created in ERP
EVT-0003314,2026-03-12 00:00:00,PURCHASE_ORDER,PO-003314,PO_CREATED,Purchase order PO-003314 created in ERP
EVT-0003315,2026-03-05 00:00:00,PURCHASE_ORDER,PO-003315,PO_CREATED,Purchase order PO-003315 created in ERP
EVT-0003316,2026-03-21 00:00:00,PURCHASE_ORDER,PO-003316,PO_CREATED,Purchase order PO-003316 created in ERP
EVT-0003317,2026-08-10 00:00:00,PURCHASE_ORDER,PO-003317,PO_CREATED,Purchase order PO-003317 created in ERP
EVT-0003318,2026-02-04 00:00:00,PURCHASE_ORDER,PO-003318,PO_CREATED,Purchase order PO-003318 created in ERP
EVT-0003319,2026-06-28 00:00:00,PURCHASE_ORDER,PO-003319,PO_CREATED,Purchase order PO-003319 created in ERP
EVT-0003320,2026-05-15 00:00:00,PURCHASE_ORDER,PO-003320,PO_CREATED,Purchase order PO-003320 created in ERP
EVT-0003321,2026-03-08 00:00:00,PURCHASE_ORDER,PO-003321,PO_CREATED,Purchase order PO-003321 created in ERP
EVT-0003322,2026-02-12 00:00:00,PURCHASE_ORDER,PO-003322,PO_CREATED,Purchase order PO-003322 created in ERP
EVT-0003323,2026-02-18 00:00:00,PURCHASE_ORDER,PO-003323,PO_CREATED,Purchase order PO-003323 created in ERP
EVT-0003324,2026-01-29 00:00:00,PURCHASE_ORDER,PO-003324,PO_CREATED,Purchase order PO-003324 created in ERP
EVT-0003325,2026-04-27 00:00:00,PURCHASE_ORDER,PO-003325,PO_CREATED,Purchase order PO-003325 created in ERP
EVT-0003326,2026-07-21 00:00:00,PURCHASE_ORDER,PO-003326,PO_CREATED,Purchase order PO-003326 created in ERP
EVT-0003327,2026-01-06 00:00:00,PURCHASE_ORDER,PO-003327,PO_CREATED,Purchase order PO-003327 created in ERP
EVT-0003328,2026-03-17 00:00:00,PURCHASE_ORDER,PO-003328,PO_CREATED,Purchase order PO-003328 created in ERP
EVT-0003329,2026-07-10 00:00:00,PURCHASE_ORDER,PO-003329,PO_CREATED,Purchase order PO-003329 created in ERP
EVT-0003330,2026-08-05 00:00:00,PURCHASE_ORDER,PO-003330,PO_CREATED,Purchase order PO-003330 created in ERP
EVT-0003331,2026-07-26 00:00:00,PURCHASE_ORDER,PO-003331,PO_CREATED,Purchase order PO-003331 created in ERP
EVT-0003332,2026-05-27 00:00:00,PURCHASE_ORDER,PO-003332,PO_CREATED,Purchase order PO-003332 created in ERP
EVT-0003333,2026-06-13 00:00:00,PURCHASE_ORDER,PO-003333,PO_CREATED,Purchase order PO-003333 created in ERP
EVT-0003334,2026-06-08 00:00:00,PURCHASE_ORDER,PO-003334,PO_CREATED,Purchase order PO-003334 created in ERP
EVT-0003335,2026-06-15 00:00:00,PURCHASE_ORDER,PO-003335,PO_CREATED,Purchase order PO-003335 created in ERP
EVT-0003336,2026-07-29 00:00:00,PURCHASE_ORDER,PO-003336,PO_CREATED,Purchase order PO-003336 created in ERP
EVT-0003337,2026-05-27 00:00:00,PURCHASE_ORDER,PO-003337,PO_CREATED,Purchase order PO-003337 created in ERP
EVT-0003338,2026-04-04 00:00:00,PURCHASE_ORDER,PO-003338,PO_CREATED,Purchase order PO-003338 created in ERP
EVT-0003339,2026-05-06 00:00:00,PURCHASE_ORDER,PO-003339,PO_CREATED,Purchase order PO-003339 created in ERP
EVT-0003340,2026-05-25 00:00:00,PURCHASE_ORDER,PO-003340,PO_CREATED,Purchase order PO-003340 created in ERP
EVT-0003341,2026-01-27 00:00:00,PURCHASE_ORDER,PO-003341,PO_CREATED,Purchase order PO-003341 created in ERP
EVT-0003342,2026-01-02 00:00:00,PURCHASE_ORDER,PO-003342,PO_CREATED,Purchase order PO-003342 created in ERP
EVT-0003343,2026-02-10 00:00:00,PURCHASE_ORDER,PO-003343,PO_CREATED,Purchase order PO-003343 created in ERP
EVT-0003344,2026-03-21 00:00:00,PURCHASE_ORDER,PO-003344,PO_CREATED,Purchase order PO-003344 created in ERP
EVT-0003345,2026-04-09 00:00:00,PURCHASE_ORDER,PO-003345,PO_CREATED,Purchase order PO-003345 created in ERP
EVT-0003346,2026-03-23 00:00:00,PURCHASE_ORDER,PO-003346,PO_CREATED,Purchase order PO-003346 created in ERP
EVT-0003347,2026-06-18 00:00:00,PURCHASE_ORDER,PO-003347,PO_CREATED,Purchase order PO-003347 created in ERP
EVT-0003348,2026-05-30 00:00:00,PURCHASE_ORDER,PO-003348,PO_CREATED,Purchase order PO-003348 created in ERP
EVT-0003349,2026-07-12 00:00:00,PURCHASE_ORDER,PO-003349,PO_CREATED,Purchase order PO-003349 created in ERP
EVT-0003350,2026-06-14 00:00:00,PURCHASE_ORDER,PO-003350,PO_CREATED,Purchase order PO-003350 created in ERP
EVT-0003351,2026-02-20 00:00:00,PURCHASE_ORDER,PO-003351,PO_CREATED,Purchase order PO-003351 created in ERP
EVT-0003352,2026-08-05 00:00:00,PURCHASE_ORDER,PO-003352,PO_CREATED,Purchase order PO-003352 created in ERP
EVT-0003353,2026-08-08 00:00:00,PURCHASE_ORDER,PO-003353,PO_CREATED,Purchase order PO-003353 created in ERP
EVT-0003354,2026-07-21 00:00:00,PURCHASE_ORDER,PO-003354,PO_CREATED,Purchase order PO-003354 created in ERP
EVT-0003355,2026-02-05 00:00:00,PURCHASE_ORDER,PO-003355,PO_CREATED,Purchase order PO-003355 created in ERP
EVT-0003356,2026-03-05 00:00:00,PURCHASE_ORDER,PO-003356,PO_CREATED,Purchase order PO-003356 created in ERP
EVT-0003357,2026-05-14 00:00:00,PURCHASE_ORDER,PO-003357,PO_CREATED,Purchase order PO-003357 created in ERP
EVT-0003358,2026-07-27 00:00:00,PURCHASE_ORDER,PO-003358,PO_CREATED,Purchase order PO-003358 created in ERP
EVT-0003359,2026-04-13 00:00:00,PURCHASE_ORDER,PO-003359,PO_CREATED,Purchase order PO-003359 created in ERP
EVT-0003360,2026-04-18 00:00:00,PURCHASE_ORDER,PO-003360,PO_CREATED,Purchase order PO-003360 created in ERP
EVT-0003361,2026-06-06 00:00:00,PURCHASE_ORDER,PO-003361,PO_CREATED,Purchase order PO-003361 created in ERP
EVT-0003362,2026-05-21 00:00:00,PURCHASE_ORDER,PO-003362,PO_CREATED,Purchase order PO-003362 created in ERP
EVT-0003363,2026-05-26 00:00:00,PURCHASE_ORDER,PO-003363,PO_CREATED,Purchase order PO-003363 created in ERP
EVT-0003364,2026-08-03 00:00:00,PURCHASE_ORDER,PO-003364,PO_CREATED,Purchase order PO-003364 created in ERP
EVT-0003365,2026-08-17 00:00:00,PURCHASE_ORDER,PO-003365,PO_CREATED,Purchase order PO-003365 created in ERP
EVT-0003366,2026-04-13 00:00:00,PURCHASE_ORDER,PO-003366,PO_CREATED,Purchase order PO-003366 created in ERP
EVT-0003367,2026-07-01 00:00:00,PURCHASE_ORDER,PO-003367,PO_CREATED,Purchase order PO-003367 created in ERP
EVT-0003368,2026-01-16 00:00:00,PURCHASE_ORDER,PO-003368,PO_CREATED,Purchase order PO-003368 created in ERP
EVT-0003369,2026-01-05 00:00:00,PURCHASE_ORDER,PO-003369,PO_CREATED,Purchase order PO-003369 created in ERP
EVT-0003370,2026-06-02 00:00:00,PURCHASE_ORDER,PO-003370,PO_CREATED,Purchase order PO-003370 created in ERP
EVT-0003371,2026-01-11 00:00:00,PURCHASE_ORDER,PO-003371,PO_CREATED,Purchase order PO-003371 created in ERP
EVT-0003372,2026-07-03 00:00:00,PURCHASE_ORDER,PO-003372,PO_CREATED,Purchase order PO-003372 created in ERP
EVT-0003373,2026-01-26 00:00:00,PURCHASE_ORDER,PO-003373,PO_CREATED,Purchase order PO-003373 created in ERP
EVT-0003374,2026-04-22 00:00:00,PURCHASE_ORDER,PO-003374,PO_CREATED,Purchase order PO-003374 created in ERP
EVT-0003375,2026-03-22 00:00:00,PURCHASE_ORDER,PO-003375,PO_CREATED,Purchase order PO-003375 created in ERP
EVT-0003376,2026-08-01 00:00:00,PURCHASE_ORDER,PO-003376,PO_CREATED,Purchase order PO-003376 created in ERP
EVT-0003377,2026-02-13 00:00:00,PURCHASE_ORDER,PO-003377,PO_CREATED,Purchase order PO-003377 created in ERP
EVT-0003378,2026-04-10 00:00:00,PURCHASE_ORDER,PO-003378,PO_CREATED,Purchase order PO-003378 created in ERP
EVT-0003379,2026-01-27 00:00:00,PURCHASE_ORDER,PO-003379,PO_CREATED,Purchase order PO-003379 created in ERP
EVT-0003380,2026-01-31 00:00:00,PURCHASE_ORDER,PO-003380,PO_CREATED,Purchase order PO-003380 created in ERP
EVT-0003381,2026-03-27 00:00:00,PURCHASE_ORDER,PO-003381,PO_CREATED,Purchase order PO-003381 created in ERP
EVT-0003382,2026-01-14 00:00:00,PURCHASE_ORDER,PO-003382,PO_CREATED,Purchase order PO-003382 created in ERP
EVT-0003383,2026-01-25 00:00:00,PURCHASE_ORDER,PO-003383,PO_CREATED,Purchase order PO-003383 created in ERP
EVT-0003384,2026-03-28 00:00:00,PURCHASE_ORDER,PO-003384,PO_CREATED,Purchase order PO-003384 created in ERP
EVT-0003385,2026-04-07 00:00:00,PURCHASE_ORDER,PO-003385,PO_CREATED,Purchase order PO-003385 created in ERP
EVT-0003386,2026-04-30 00:00:00,PURCHASE_ORDER,PO-003386,PO_CREATED,Purchase order PO-003386 created in ERP
EVT-0003387,2026-05-20 00:00:00,PURCHASE_ORDER,PO-003387,PO_CREATED,Purchase order PO-003387 created in ERP
EVT-0003388,2026-02-08 00:00:00,PURCHASE_ORDER,PO-003388,PO_CREATED,Purchase order PO-003388 created in ERP
EVT-0003389,2026-02-17 00:00:00,PURCHASE_ORDER,PO-003389,PO_CREATED,Purchase order PO-003389 created in ERP
EVT-0003390,2026-08-23 00:00:00,PURCHASE_ORDER,PO-003390,PO_CREATED,Purchase order PO-003390 created in ERP
EVT-0003391,2026-05-29 00:00:00,PURCHASE_ORDER,PO-003391,PO_CREATED,Purchase order PO-003391 created in ERP
EVT-0003392,2026-02-17 00:00:00,PURCHASE_ORDER,PO-003392,PO_CREATED,Purchase order PO-003392 created in ERP
EVT-0003393,2026-07-17 00:00:00,PURCHASE_ORDER,PO-003393,PO_CREATED,Purchase order PO-003393 created in ERP
EVT-0003394,2026-05-06 00:00:00,PURCHASE_ORDER,PO-003394,PO_CREATED,Purchase order PO-003394 created in ERP
EVT-0003395,2026-03-08 00:00:00,PURCHASE_ORDER,PO-003395,PO_CREATED,Purchase order PO-003395 created in ERP
EVT-0003396,2026-05-23 00:00:00,PURCHASE_ORDER,PO-003396,PO_CREATED,Purchase order PO-003396 created in ERP
EVT-0003397,2026-05-15 00:00:00,PURCHASE_ORDER,PO-003397,PO_CREATED,Purchase order PO-003397 created in ERP
EVT-0003398,2026-05-03 00:00:00,PURCHASE_ORDER,PO-003398,PO_CREATED,Purchase order PO-003398 created in ERP
EVT-0003399,2026-06-19 00:00:00,PURCHASE_ORDER,PO-003399,PO_CREATED,Purchase order PO-003399 created in ERP
EVT-0003400,2026-08-03 00:00:00,PURCHASE_ORDER,PO-003400,PO_CREATED,Purchase order PO-003400 created in ERP
EVT-0003401,2026-05-24 00:00:00,PURCHASE_ORDER,PO-003401,PO_CREATED,Purchase order PO-003401 created in ERP
EVT-0003402,2026-05-25 00:00:00,PURCHASE_ORDER,PO-003402,PO_CREATED,Purchase order PO-003402 created in ERP
EVT-0003403,2026-04-03 00:00:00,PURCHASE_ORDER,PO-003403,PO_CREATED,Purchase order PO-003403 created in ERP
EVT-0003404,2026-05-09 00:00:00,PURCHASE_ORDER,PO-003404,PO_CREATED,Purchase order PO-003404 created in ERP
EVT-0003405,2026-03-10 00:00:00,PURCHASE_ORDER,PO-003405,PO_CREATED,Purchase order PO-003405 created in ERP
EVT-0003406,2026-03-25 00:00:00,PURCHASE_ORDER,PO-003406,PO_CREATED,Purchase order PO-003406 created in ERP
EVT-0003407,2026-05-24 00:00:00,PURCHASE_ORDER,PO-003407,PO_CREATED,Purchase order PO-003407 created in ERP
EVT-0003408,2026-02-08 00:00:00,PURCHASE_ORDER,PO-003408,PO_CREATED,Purchase order PO-003408 created in ERP
EVT-0003409,2026-04-25 00:00:00,PURCHASE_ORDER,PO-003409,PO_CREATED,Purchase order PO-003409 created in ERP
EVT-0003410,2026-05-29 00:00:00,PURCHASE_ORDER,PO-003410,PO_CREATED,Purchase order PO-003410 created in ERP
EVT-0003411,2026-06-25 00:00:00,PURCHASE_ORDER,PO-003411,PO_CREATED,Purchase order PO-003411 created in ERP
EVT-0003412,2026-03-10 00:00:00,PURCHASE_ORDER,PO-003412,PO_CREATED,Purchase order PO-003412 created in ERP
EVT-0003413,2026-08-16 00:00:00,PURCHASE_ORDER,PO-003413,PO_CREATED,Purchase order PO-003413 created in ERP
EVT-0003414,2026-07-06 00:00:00,PURCHASE_ORDER,PO-003414,PO_CREATED,Purchase order PO-003414 created in ERP
EVT-0003415,2026-08-13 00:00:00,PURCHASE_ORDER,PO-003415,PO_CREATED,Purchase order PO-003415 created in ERP
EVT-0003416,2026-03-14 00:00:00,PURCHASE_ORDER,PO-003416,PO_CREATED,Purchase order PO-003416 created in ERP
EVT-0003417,2026-08-11 00:00:00,PURCHASE_ORDER,PO-003417,PO_CREATED,Purchase order PO-003417 created in ERP
EVT-0003418,2026-05-02 00:00:00,PURCHASE_ORDER,PO-003418,PO_CREATED,Purchase order PO-003418 created in ERP
EVT-0003419,2026-07-17 00:00:00,PURCHASE_ORDER,PO-003419,PO_CREATED,Purchase order PO-003419 created in ERP
EVT-0003420,2026-05-05 00:00:00,PURCHASE_ORDER,PO-003420,PO_CREATED,Purchase order PO-003420 created in ERP
EVT-0003421,2026-08-28 00:00:00,PURCHASE_ORDER,PO-003421,PO_CREATED,Purchase order PO-003421 created in ERP
EVT-0003422,2026-03-20 00:00:00,PURCHASE_ORDER,PO-003422,PO_CREATED,Purchase order PO-003422 created in ERP
EVT-0003423,2026-07-16 00:00:00,PURCHASE_ORDER,PO-003423,PO_CREATED,Purchase order PO-003423 created in ERP
EVT-0003424,2026-05-23 00:00:00,PURCHASE_ORDER,PO-003424,PO_CREATED,Purchase order PO-003424 created in ERP
EVT-0003425,2026-07-26 00:00:00,PURCHASE_ORDER,PO-003425,PO_CREATED,Purchase order PO-003425 created in ERP
EVT-0003426,2026-04-15 00:00:00,PURCHASE_ORDER,PO-003426,PO_CREATED,Purchase order PO-003426 created in ERP
EVT-0003427,2026-06-27 00:00:00,PURCHASE_ORDER,PO-003427,PO_CREATED,Purchase order PO-003427 created in ERP
EVT-0003428,2026-01-12 00:00:00,PURCHASE_ORDER,PO-003428,PO_CREATED,Purchase order PO-003428 created in ERP
EVT-0003429,2026-07-09 00:00:00,PURCHASE_ORDER,PO-003429,PO_CREATED,Purchase order PO-003429 created in ERP
EVT-0003430,2026-07-07 00:00:00,PURCHASE_ORDER,PO-003430,PO_CREATED,Purchase order PO-003430 created in ERP
EVT-0003431,2026-06-11 00:00:00,PURCHASE_ORDER,PO-003431,PO_CREATED,Purchase order PO-003431 created in ERP
EVT-0003432,2026-02-23 00:00:00,PURCHASE_ORDER,PO-003432,PO_CREATED,Purchase order PO-003432 created in ERP
EVT-0003433,2026-02-05 00:00:00,PURCHASE_ORDER,PO-003433,PO_CREATED,Purchase order PO-003433 created in ERP
EVT-0003434,2026-06-18 00:00:00,PURCHASE_ORDER,PO-003434,PO_CREATED,Purchase order PO-003434 created in ERP
EVT-0003435,2026-08-17 00:00:00,PURCHASE_ORDER,PO-003435,PO_CREATED,Purchase order PO-003435 created in ERP
EVT-0003436,2026-06-24 00:00:00,PURCHASE_ORDER,PO-003436,PO_CREATED,Purchase order PO-003436 created in ERP
EVT-0003437,2026-04-13 00:00:00,PURCHASE_ORDER,PO-003437,PO_CREATED,Purchase order PO-003437 created in ERP
EVT-0003438,2026-08-06 00:00:00,PURCHASE_ORDER,PO-003438,PO_CREATED,Purchase order PO-003438 created in ERP
EVT-0003439,2026-02-24 00:00:00,PURCHASE_ORDER,PO-003439,PO_CREATED,Purchase order PO-003439 created in ERP
EVT-0003440,2026-07-16 00:00:00,PURCHASE_ORDER,PO-003440,PO_CREATED,Purchase order PO-003440 created in ERP
EVT-0003441,2026-07-31 00:00:00,PURCHASE_ORDER,PO-003441,PO_CREATED,Purchase order PO-003441 created in ERP
EVT-0003442,2026-06-18 00:00:00,PURCHASE_ORDER,PO-003442,PO_CREATED,Purchase order PO-003442 created in ERP
EVT-0003443,2026-08-05 00:00:00,PURCHASE_ORDER,PO-003443,PO_CREATED,Purchase order PO-003443 created in ERP
EVT-0003444,2026-05-05 00:00:00,PURCHASE_ORDER,PO-003444,PO_CREATED,Purchase order PO-003444 created in ERP
EVT-0003445,2026-05-17 00:00:00,PURCHASE_ORDER,PO-003445,PO_CREATED,Purchase order PO-003445 created in ERP
EVT-0003446,2026-04-08 00:00:00,PURCHASE_ORDER,PO-003446,PO_CREATED,Purchase order PO-003446 created in ERP
EVT-0003447,2026-07-03 00:00:00,PURCHASE_ORDER,PO-003447,PO_CREATED,Purchase order PO-003447 created in ERP
EVT-0003448,2026-04-11 00:00:00,PURCHASE_ORDER,PO-003448,PO_CREATED,Purchase order PO-003448 created in ERP
EVT-0003449,2026-01-05 00:00:00,PURCHASE_ORDER,PO-003449,PO_CREATED,Purchase order PO-003449 created in ERP
EVT-0003450,2026-07-19 00:00:00,PURCHASE_ORDER,PO-003450,PO_CREATED,Purchase order PO-003450 created in ERP
EVT-0003451,2026-02-18 00:00:00,PURCHASE_ORDER,PO-003451,PO_CREATED,Purchase order PO-003451 created in ERP
EVT-0003452,2026-05-22 00:00:00,PURCHASE_ORDER,PO-003452,PO_CREATED,Purchase order PO-003452 created in ERP
EVT-0003453,2026-04-18 00:00:00,PURCHASE_ORDER,PO-003453,PO_CREATED,Purchase order PO-003453 created in ERP
EVT-0003454,2026-08-05 00:00:00,PURCHASE_ORDER,PO-003454,PO_CREATED,Purchase order PO-003454 created in ERP
EVT-0003455,2026-02-28 00:00:00,PURCHASE_ORDER,PO-003455,PO_CREATED,Purchase order PO-003455 created in ERP
EVT-0003456,2026-08-07 00:00:00,PURCHASE_ORDER,PO-003456,PO_CREATED,Purchase order PO-003456 created in ERP
EVT-0003457,2026-03-03 00:00:00,PURCHASE_ORDER,PO-003457,PO_CREATED,Purchase order PO-003457 created in ERP
EVT-0003458,2026-04-23 00:00:00,PURCHASE_ORDER,PO-003458,PO_CREATED,Purchase order PO-003458 created in ERP
EVT-0003459,2026-07-20 00:00:00,PURCHASE_ORDER,PO-003459,PO_CREATED,Purchase order PO-003459 created in ERP
EVT-0003460,2026-01-06 00:00:00,PURCHASE_ORDER,PO-003460,PO_CREATED,Purchase order PO-003460 created in ERP
EVT-0003461,2026-02-23 00:00:00,PURCHASE_ORDER,PO-003461,PO_CREATED,Purchase order PO-003461 created in ERP
EVT-0003462,2026-07-16 00:00:00,PURCHASE_ORDER,PO-003462,PO_CREATED,Purchase order PO-003462 created in ERP
EVT-0003463,2026-04-15 00:00:00,PURCHASE_ORDER,PO-003463,PO_CREATED,Purchase order PO-003463 created in ERP
EVT-0003464,2026-08-22 00:00:00,PURCHASE_ORDER,PO-003464,PO_CREATED,Purchase order PO-003464 created in ERP
EVT-0003465,2026-08-20 00:00:00,PURCHASE_ORDER,PO-003465,PO_CREATED,Purchase order PO-003465 created in ERP
EVT-0003466,2026-07-05 00:00:00,PURCHASE_ORDER,PO-003466,PO_CREATED,Purchase order PO-003466 created in ERP
EVT-0003467,2026-06-18 00:00:00,PURCHASE_ORDER,PO-003467,PO_CREATED,Purchase order PO-003467 created in ERP
EVT-0003468,2026-03-31 00:00:00,PURCHASE_ORDER,PO-003468,PO_CREATED,Purchase order PO-003468 created in ERP
EVT-0003469,2026-03-31 00:00:00,PURCHASE_ORDER,PO-003469,PO_CREATED,Purchase order PO-003469 created in ERP
EVT-0003470,2026-04-04 00:00:00,PURCHASE_ORDER,PO-003470,PO_CREATED,Purchase order PO-003470 created in ERP
EVT-0003471,2026-08-26 00:00:00,PURCHASE_ORDER,PO-003471,PO_CREATED,Purchase order PO-003471 created in ERP
EVT-0003472,2026-02-08 00:00:00,PURCHASE_ORDER,PO-003472,PO_CREATED,Purchase order PO-003472 created in ERP
EVT-0003473,2026-04-28 00:00:00,PURCHASE_ORDER,PO-003473,PO_CREATED,Purchase order PO-003473 created in ERP
EVT-0003474,2026-03-19 00:00:00,PURCHASE_ORDER,PO-003474,PO_CREATED,Purchase order PO-003474 created in ERP
EVT-0003475,2026-07-11 00:00:00,PURCHASE_ORDER,PO-003475,PO_CREATED,Purchase order PO-003475 created in ERP
EVT-0003476,2026-08-03 00:00:00,PURCHASE_ORDER,PO-003476,PO_CREATED,Purchase order PO-003476 created in ERP
EVT-0003477,2026-01-21 00:00:00,PURCHASE_ORDER,PO-003477,PO_CREATED,Purchase order PO-003477 created in ERP
EVT-0003478,2026-04-19 00:00:00,PURCHASE_ORDER,PO-003478,PO_CREATED,Purchase order PO-003478 created in ERP
EVT-0003479,2026-07-13 00:00:00,PURCHASE_ORDER,PO-003479,PO_CREATED,Purchase order PO-003479 created in ERP
EVT-0003480,2026-05-12 00:00:00,PURCHASE_ORDER,PO-003480,PO_CREATED,Purchase order PO-003480 created in ERP
EVT-0003481,2026-05-11 00:00:00,PURCHASE_ORDER,PO-003481,PO_CREATED,Purchase order PO-003481 created in ERP
EVT-0003482,2026-03-14 00:00:00,PURCHASE_ORDER,PO-003482,PO_CREATED,Purchase order PO-003482 created in ERP
EVT-0003483,2026-08-22 00:00:00,PURCHASE_ORDER,PO-003483,PO_CREATED,Purchase order PO-003483 created in ERP
EVT-0003484,2026-04-19 00:00:00,PURCHASE_ORDER,PO-003484,PO_CREATED,Purchase order PO-003484 created in ERP
EVT-0003485,2026-06-16 00:00:00,PURCHASE_ORDER,PO-003485,PO_CREATED,Purchase order PO-003485 created in ERP
EVT-0003486,2026-01-09 00:00:00,PURCHASE_ORDER,PO-003486,PO_CREATED,Purchase order PO-003486 created in ERP
EVT-0003487,2026-04-30 00:00:00,PURCHASE_ORDER,PO-003487,PO_CREATED,Purchase order PO-003487 created in ERP
EVT-0003488,2026-04-03 00:00:00,PURCHASE_ORDER,PO-003488,PO_CREATED,Purchase order PO-003488 created in ERP
EVT-0003489,2026-04-07 00:00:00,PURCHASE_ORDER,PO-003489,PO_CREATED,Purchase order PO-003489 created in ERP
EVT-0003490,2026-03-20 00:00:00,PURCHASE_ORDER,PO-003490,PO_CREATED,Purchase order PO-003490 created in ERP
EVT-0003491,2026-08-07 00:00:00,PURCHASE_ORDER,PO-003491,PO_CREATED,Purchase order PO-003491 created in ERP
EVT-0003492,2026-08-24 00:00:00,PURCHASE_ORDER,PO-003492,PO_CREATED,Purchase order PO-003492 created in ERP
EVT-0003493,2026-02-25 00:00:00,PURCHASE_ORDER,PO-003493,PO_CREATED,Purchase order PO-003493 created in ERP
EVT-0003494,2026-05-28 00:00:00,PURCHASE_ORDER,PO-003494,PO_CREATED,Purchase order PO-003494 created in ERP
EVT-0003495,2026-01-15 00:00:00,PURCHASE_ORDER,PO-003495,PO_CREATED,Purchase order PO-003495 created in ERP
EVT-0003496,2026-08-03 00:00:00,PURCHASE_ORDER,PO-003496,PO_CREATED,Purchase order PO-003496 created in ERP
EVT-0003497,2026-01-09 00:00:00,PURCHASE_ORDER,PO-003497,PO_CREATED,Purchase order PO-003497 created in ERP
EVT-0003498,2026-07-11 00:00:00,PURCHASE_ORDER,PO-003498,PO_CREATED,Purchase order PO-003498 created in ERP
EVT-0003499,2026-08-02 00:00:00,PURCHASE_ORDER,PO-003499,PO_CREATED,Purchase order PO-003499 created in ERP
EVT-0003500,2026-01-14 00:00:00,PURCHASE_ORDER,PO-003500,PO_CREATED,Purchase order PO-003500 created in ERP
EVT-0003501,2026-04-11 00:00:00,PURCHASE_ORDER,PO-003501,PO_CREATED,Purchase order PO-003501 created in ERP
EVT-0003502,2026-07-15 00:00:00,PURCHASE_ORDER,PO-003502,PO_CREATED,Purchase order PO-003502 created in ERP
EVT-0003503,2026-05-04 00:00:00,PURCHASE_ORDER,PO-003503,PO_CREATED,Purchase order PO-003503 created in ERP
EVT-0003504,2026-01-27 00:00:00,PURCHASE_ORDER,PO-003504,PO_CREATED,Purchase order PO-003504 created in ERP
EVT-0003505,2026-05-30 00:00:00,PURCHASE_ORDER,PO-003505,PO_CREATED,Purchase order PO-003505 created in ERP
EVT-0003506,2026-03-31 00:00:00,PURCHASE_ORDER,PO-003506,PO_CREATED,Purchase order PO-003506 created in ERP
EVT-0003507,2026-07-31 00:00:00,PURCHASE_ORDER,PO-003507,PO_CREATED,Purchase order PO-003507 created in ERP
EVT-0003508,2026-03-12 00:00:00,PURCHASE_ORDER,PO-003508,PO_CREATED,Purchase order PO-003508 created in ERP
EVT-0003509,2026-04-27 00:00:00,PURCHASE_ORDER,PO-003509,PO_CREATED,Purchase order PO-003509 created in ERP
EVT-0003510,2026-07-13 00:00:00,PURCHASE_ORDER,PO-003510,PO_CREATED,Purchase order PO-003510 created in ERP
EVT-0003511,2026-08-08 00:00:00,PURCHASE_ORDER,PO-003511,PO_CREATED,Purchase order PO-003511 created in ERP
EVT-0003512,2026-05-26 00:00:00,PURCHASE_ORDER,PO-003512,PO_CREATED,Purchase order PO-003512 created in ERP
EVT-0003513,2026-07-26 00:00:00,PURCHASE_ORDER,PO-003513,PO_CREATED,Purchase order PO-003513 created in ERP
EVT-0003514,2026-04-02 00:00:00,PURCHASE_ORDER,PO-003514,PO_CREATED,Purchase order PO-003514 created in ERP
EVT-0003515,2026-03-27 00:00:00,PURCHASE_ORDER,PO-003515,PO_CREATED,Purchase order PO-003515 created in ERP
EVT-0003516,2026-01-09 00:00:00,PURCHASE_ORDER,PO-003516,PO_CREATED,Purchase order PO-003516 created in ERP
EVT-0003517,2026-08-09 00:00:00,PURCHASE_ORDER,PO-003517,PO_CREATED,Purchase order PO-003517 created in ERP
EVT-0003518,2026-07-15 00:00:00,PURCHASE_ORDER,PO-003518,PO_CREATED,Purchase order PO-003518 created in ERP
EVT-0003519,2026-03-31 00:00:00,PURCHASE_ORDER,PO-003519,PO_CREATED,Purchase order PO-003519 created in ERP
EVT-0003520,2026-03-07 00:00:00,PURCHASE_ORDER,PO-003520,PO_CREATED,Purchase order PO-003520 created in ERP
EVT-0003521,2026-04-15 00:00:00,PURCHASE_ORDER,PO-003521,PO_CREATED,Purchase order PO-003521 created in ERP
EVT-0003522,2026-07-15 00:00:00,PURCHASE_ORDER,PO-003522,PO_CREATED,Purchase order PO-003522 created in ERP
EVT-0003523,2026-04-19 00:00:00,PURCHASE_ORDER,PO-003523,PO_CREATED,Purchase order PO-003523 created in ERP
EVT-0003524,2026-04-14 00:00:00,PURCHASE_ORDER,PO-003524,PO_CREATED,Purchase order PO-003524 created in ERP
EVT-0003525,2026-01-27 00:00:00,PURCHASE_ORDER,PO-003525,PO_CREATED,Purchase order PO-003525 created in ERP
EVT-0003526,2026-05-25 00:00:00,PURCHASE_ORDER,PO-003526,PO_CREATED,Purchase order PO-003526 created in ERP
EVT-0003527,2026-03-08 00:00:00,PURCHASE_ORDER,PO-003527,PO_CREATED,Purchase order PO-003527 created in ERP
EVT-0003528,2026-07-06 00:00:00,PURCHASE_ORDER,PO-003528,PO_CREATED,Purchase order PO-003528 created in ERP
EVT-0003529,2026-02-18 00:00:00,PURCHASE_ORDER,PO-003529,PO_CREATED,Purchase order PO-003529 created in ERP
EVT-0003530,2026-04-16 00:00:00,PURCHASE_ORDER,PO-003530,PO_CREATED,Purchase order PO-003530 created in ERP
EVT-0003531,2026-07-05 00:00:00,PURCHASE_ORDER,PO-003531,PO_CREATED,Purchase order PO-003531 created in ERP
EVT-0003532,2026-06-04 00:00:00,PURCHASE_ORDER,PO-003532,PO_CREATED,Purchase order PO-003532 created in ERP
EVT-0003533,2026-08-15 00:00:00,PURCHASE_ORDER,PO-003533,PO_CREATED,Purchase order PO-003533 created in ERP
EVT-0003534,2026-02-21 00:00:00,PURCHASE_ORDER,PO-003534,PO_CREATED,Purchase order PO-003534 created in ERP
EVT-0003535,2026-06-02 00:00:00,PURCHASE_ORDER,PO-003535,PO_CREATED,Purchase order PO-003535 created in ERP
EVT-0003536,2026-04-08 00:00:00,PURCHASE_ORDER,PO-003536,PO_CREATED,Purchase order PO-003536 created in ERP
EVT-0003537,2026-02-24 00:00:00,PURCHASE_ORDER,PO-003537,PO_CREATED,Purchase order PO-003537 created in ERP
EVT-0003538,2026-06-26 00:00:00,PURCHASE_ORDER,PO-003538,PO_CREATED,Purchase order PO-003538 created in ERP
EVT-0003539,2026-07-12 00:00:00,PURCHASE_ORDER,PO-003539,PO_CREATED,Purchase order PO-003539 created in ERP
EVT-0003540,2026-08-05 00:00:00,PURCHASE_ORDER,PO-003540,PO_CREATED,Purchase order PO-003540 created in ERP
EVT-0003541,2026-08-07 00:00:00,PURCHASE_ORDER,PO-003541,PO_CREATED,Purchase order PO-003541 created in ERP
EVT-0003542,2026-05-23 00:00:00,PURCHASE_ORDER,PO-003542,PO_CREATED,Purchase order PO-003542 created in ERP
EVT-0003543,2026-08-02 00:00:00,PURCHASE_ORDER,PO-003543,PO_CREATED,Purchase order PO-003543 created in ERP
EVT-0003544,2026-07-08 00:00:00,PURCHASE_ORDER,PO-003544,PO_CREATED,Purchase order PO-003544 created in ERP
EVT-0003545,2026-03-11 00:00:00,PURCHASE_ORDER,PO-003545,PO_CREATED,Purchase order PO-003545 created in ERP
EVT-0003546,2026-01-20 00:00:00,PURCHASE_ORDER,PO-003546,PO_CREATED,Purchase order PO-003546 created in ERP
EVT-0003547,2026-02-06 00:00:00,PURCHASE_ORDER,PO-003547,PO_CREATED,Purchase order PO-003547 created in ERP
EVT-0003548,2026-05-09 00:00:00,PURCHASE_ORDER,PO-003548,PO_CREATED,Purchase order PO-003548 created in ERP
EVT-0003549,2026-05-27 00:00:00,PURCHASE_ORDER,PO-003549,PO_CREATED,Purchase order PO-003549 created in ERP
EVT-0003550,2026-04-27 00:00:00,PURCHASE_ORDER,PO-003550,PO_CREATED,Purchase order PO-003550 created in ERP
EVT-0003551,2026-02-02 00:00:00,PURCHASE_ORDER,PO-003551,PO_CREATED,Purchase order PO-003551 created in ERP
EVT-0003552,2026-05-17 00:00:00,PURCHASE_ORDER,PO-003552,PO_CREATED,Purchase order PO-003552 created in ERP
EVT-0003553,2026-04-14 00:00:00,PURCHASE_ORDER,PO-003553,PO_CREATED,Purchase order PO-003553 created in ERP
EVT-0003554,2026-04-22 00:00:00,PURCHASE_ORDER,PO-003554,PO_CREATED,Purchase order PO-003554 created in ERP
EVT-0003555,2026-08-20 00:00:00,PURCHASE_ORDER,PO-003555,PO_CREATED,Purchase order PO-003555 created in ERP
EVT-0003556,2026-08-20 00:00:00,PURCHASE_ORDER,PO-003556,PO_CREATED,Purchase order PO-003556 created in ERP
EVT-0003557,2026-07-09 00:00:00,PURCHASE_ORDER,PO-003557,PO_CREATED,Purchase order PO-003557 created in ERP
EVT-0003558,2026-08-14 00:00:00,PURCHASE_ORDER,PO-003558,PO_CREATED,Purchase order PO-003558 created in ERP
EVT-0003559,2026-06-09 00:00:00,PURCHASE_ORDER,PO-003559,PO_CREATED,Purchase order PO-003559 created in ERP
EVT-0003560,2026-06-22 00:00:00,PURCHASE_ORDER,PO-003560,PO_CREATED,Purchase order PO-003560 created in ERP
EVT-0003561,2026-01-17 00:00:00,PURCHASE_ORDER,PO-003561,PO_CREATED,Purchase order PO-003561 created in ERP
EVT-0003562,2026-05-13 00:00:00,PURCHASE_ORDER,PO-003562,PO_CREATED,Purchase order PO-003562 created in ERP
EVT-0003563,2026-03-20 00:00:00,PURCHASE_ORDER,PO-003563,PO_CREATED,Purchase order PO-003563 created in ERP
EVT-0003564,2026-01-12 00:00:00,PURCHASE_ORDER,PO-003564,PO_CREATED,Purchase order PO-003564 created in ERP
EVT-0003565,2026-07-09 00:00:00,PURCHASE_ORDER,PO-003565,PO_CREATED,Purchase order PO-003565 created in ERP
EVT-0003566,2026-02-22 00:00:00,PURCHASE_ORDER,PO-003566,PO_CREATED,Purchase order PO-003566 created in ERP
EVT-0003567,2026-01-23 00:00:00,PURCHASE_ORDER,PO-003567,PO_CREATED,Purchase order PO-003567 created in ERP
EVT-0003568,2026-02-24 00:00:00,PURCHASE_ORDER,PO-003568,PO_CREATED,Purchase order PO-003568 created in ERP
EVT-0003569,2026-08-18 00:00:00,PURCHASE_ORDER,PO-003569,PO_CREATED,Purchase order PO-003569 created in ERP
EVT-0003570,2026-03-12 00:00:00,PURCHASE_ORDER,PO-003570,PO_CREATED,Purchase order PO-003570 created in ERP
EVT-0003571,2026-08-16 00:00:00,PURCHASE_ORDER,PO-003571,PO_CREATED,Purchase order PO-003571 created in ERP
EVT-0003572,2026-01-04 00:00:00,PURCHASE_ORDER,PO-003572,PO_CREATED,Purchase order PO-003572 created in ERP
EVT-0003573,2026-05-02 00:00:00,PURCHASE_ORDER,PO-003573,PO_CREATED,Purchase order PO-003573 created in ERP
EVT-0003574,2026-02-26 00:00:00,PURCHASE_ORDER,PO-003574,PO_CREATED,Purchase order PO-003574 created in ERP
EVT-0003575,2026-06-16 00:00:00,PURCHASE_ORDER,PO-003575,PO_CREATED,Purchase order PO-003575 created in ERP
EVT-0003576,2026-04-03 00:00:00,PURCHASE_ORDER,PO-003576,PO_CREATED,Purchase order PO-003576 created in ERP
EVT-0003577,2026-06-06 00:00:00,PURCHASE_ORDER,PO-003577,PO_CREATED,Purchase order PO-003577 created in ERP
EVT-0003578,2026-07-18 00:00:00,PURCHASE_ORDER,PO-003578,PO_CREATED,Purchase order PO-003578 created in ERP
EVT-0003579,2026-04-26 00:00:00,PURCHASE_ORDER,PO-003579,PO_CREATED,Purchase order PO-003579 created in ERP
EVT-0003580,2026-01-30 00:00:00,PURCHASE_ORDER,PO-003580,PO_CREATED,Purchase order PO-003580 created in ERP
EVT-0003581,2026-03-12 00:00:00,PURCHASE_ORDER,PO-003581,PO_CREATED,Purchase order PO-003581 created in ERP
EVT-0003582,2026-08-10 00:00:00,PURCHASE_ORDER,PO-003582,PO_CREATED,Purchase order PO-003582 created in ERP
EVT-0003583,2026-08-28 00:00:00,PURCHASE_ORDER,PO-003583,PO_CREATED,Purchase order PO-003583 created in ERP
EVT-0003584,2026-05-07 00:00:00,PURCHASE_ORDER,PO-003584,PO_CREATED,Purchase order PO-003584 created in ERP
EVT-0003585,2026-05-24 00:00:00,PURCHASE_ORDER,PO-003585,PO_CREATED,Purchase order PO-003585 created in ERP
EVT-0003586,2026-08-11 00:00:00,PURCHASE_ORDER,PO-003586,PO_CREATED,Purchase order PO-003586 created in ERP
EVT-0003587,2026-08-13 00:00:00,PURCHASE_ORDER,PO-003587,PO_CREATED,Purchase order PO-003587 created in ERP
EVT-0003588,2026-01-02 00:00:00,PURCHASE_ORDER,PO-003588,PO_CREATED,Purchase order PO-003588 created in ERP
EVT-0003589,2026-06-26 00:00:00,PURCHASE_ORDER,PO-003589,PO_CREATED,Purchase order PO-003589 created in ERP
EVT-0003590,2026-07-22 00:00:00,PURCHASE_ORDER,PO-003590,PO_CREATED,Purchase order PO-003590 created in ERP
EVT-0003591,2026-02-13 00:00:00,PURCHASE_ORDER,PO-003591,PO_CREATED,Purchase order PO-003591 created in ERP
EVT-0003592,2026-01-06 00:00:00,PURCHASE_ORDER,PO-003592,PO_CREATED,Purchase order PO-003592 created in ERP
EVT-0003593,2026-05-29 00:00:00,PURCHASE_ORDER,PO-003593,PO_CREATED,Purchase order PO-003593 created in ERP
EVT-0003594,2026-02-27 00:00:00,PURCHASE_ORDER,PO-003594,PO_CREATED,Purchase order PO-003594 created in ERP
EVT-0003595,2026-02-21 00:00:00,PURCHASE_ORDER,PO-003595,PO_CREATED,Purchase order PO-003595 created in ERP
EVT-0003596,2026-04-08 00:00:00,PURCHASE_ORDER,PO-003596,PO_CREATED,Purchase order PO-003596 created in ERP
EVT-0003597,2026-06-15 00:00:00,PURCHASE_ORDER,PO-003597,PO_CREATED,Purchase order PO-003597 created in ERP
EVT-0003598,2026-06-18 00:00:00,PURCHASE_ORDER,PO-003598,PO_CREATED,Purchase order PO-003598 created in ERP
EVT-0003599,2026-07-04 00:00:00,PURCHASE_ORDER,PO-003599,PO_CREATED,Purchase order PO-003599 created in ERP
EVT-0003600,2026-05-01 00:00:00,PURCHASE_ORDER,PO-003600,PO_CREATED,Purchase order PO-003600 created in ERP
EVT-0003601,2026-08-23 00:00:00,PURCHASE_ORDER,PO-003601,PO_CREATED,Purchase order PO-003601 created in ERP
EVT-0003602,2026-05-12 00:00:00,PURCHASE_ORDER,PO-003602,PO_CREATED,Purchase order PO-003602 created in ERP
EVT-0003603,2026-08-05 00:00:00,PURCHASE_ORDER,PO-003603,PO_CREATED,Purchase order PO-003603 created in ERP
EVT-0003604,2026-06-05 00:00:00,PURCHASE_ORDER,PO-003604,PO_CREATED,Purchase order PO-003604 created in ERP
EVT-0003605,2026-01-17 00:00:00,PURCHASE_ORDER,PO-003605,PO_CREATED,Purchase order PO-003605 created in ERP
EVT-0003606,2026-01-05 00:00:00,PURCHASE_ORDER,PO-003606,PO_CREATED,Purchase order PO-003606 created in ERP
EVT-0003607,2026-03-10 00:00:00,PURCHASE_ORDER,PO-003607,PO_CREATED,Purchase order PO-003607 created in ERP
EVT-0003608,2026-05-15 00:00:00,PURCHASE_ORDER,PO-003608,PO_CREATED,Purchase order PO-003608 created in ERP
EVT-0003609,2026-03-18 00:00:00,PURCHASE_ORDER,PO-003609,PO_CREATED,Purchase order PO-003609 created in ERP
EVT-0003610,2026-02-05 00:00:00,PURCHASE_ORDER,PO-003610,PO_CREATED,Purchase order PO-003610 created in ERP
EVT-0003611,2026-05-02 00:00:00,PURCHASE_ORDER,PO-003611,PO_CREATED,Purchase order PO-003611 created in ERP
EVT-0003612,2026-03-26 00:00:00,PURCHASE_ORDER,PO-003612,PO_CREATED,Purchase order PO-003612 created in ERP
EVT-0003613,2026-05-14 00:00:00,PURCHASE_ORDER,PO-003613,PO_CREATED,Purchase order PO-003613 created in ERP
EVT-0003614,2026-05-30 00:00:00,PURCHASE_ORDER,PO-003614,PO_CREATED,Purchase order PO-003614 created in ERP
EVT-0003615,2026-05-27 00:00:00,PURCHASE_ORDER,PO-003615,PO_CREATED,Purchase order PO-003615 created in ERP
EVT-0003616,2026-04-03 00:00:00,PURCHASE_ORDER,PO-003616,PO_CREATED,Purchase order PO-003616 created in ERP
EVT-0003617,2026-07-19 00:00:00,PURCHASE_ORDER,PO-003617,PO_CREATED,Purchase order PO-003617 created in ERP
EVT-0003618,2026-01-02 00:00:00,PURCHASE_ORDER,PO-003618,PO_CREATED,Purchase order PO-003618 created in ERP
EVT-0003619,2026-02-01 00:00:00,PURCHASE_ORDER,PO-003619,PO_CREATED,Purchase order PO-003619 created in ERP
EVT-0003620,2026-03-17 00:00:00,PURCHASE_ORDER,PO-003620,PO_CREATED,Purchase order PO-003620 created in ERP
EVT-0003621,2026-04-12 00:00:00,PURCHASE_ORDER,PO-003621,PO_CREATED,Purchase order PO-003621 created in ERP
EVT-0003622,2026-07-16 00:00:00,PURCHASE_ORDER,PO-003622,PO_CREATED,Purchase order PO-003622 created in ERP
EVT-0003623,2026-07-26 00:00:00,PURCHASE_ORDER,PO-003623,PO_CREATED,Purchase order PO-003623 created in ERP
EVT-0003624,2026-04-13 00:00:00,PURCHASE_ORDER,PO-003624,PO_CREATED,Purchase order PO-003624 created in ERP
EVT-0003625,2026-03-20 00:00:00,PURCHASE_ORDER,PO-003625,PO_CREATED,Purchase order PO-003625 created in ERP
EVT-0003626,2026-03-28 00:00:00,PURCHASE_ORDER,PO-003626,PO_CREATED,Purchase order PO-003626 created in ERP
EVT-0003627,2026-01-28 00:00:00,PURCHASE_ORDER,PO-003627,PO_CREATED,Purchase order PO-003627 created in ERP
EVT-0003628,2026-05-11 00:00:00,PURCHASE_ORDER,PO-003628,PO_CREATED,Purchase order PO-003628 created in ERP
EVT-0003629,2026-08-29 00:00:00,PURCHASE_ORDER,PO-003629,PO_CREATED,Purchase order PO-003629 created in ERP
EVT-0003630,2026-03-06 00:00:00,PURCHASE_ORDER,PO-003630,PO_CREATED,Purchase order PO-003630 created in ERP
EVT-0003631,2026-07-04 00:00:00,PURCHASE_ORDER,PO-003631,PO_CREATED,Purchase order PO-003631 created in ERP
EVT-0003632,2026-08-10 00:00:00,PURCHASE_ORDER,PO-003632,PO_CREATED,Purchase order PO-003632 created in ERP
EVT-0003633,2026-04-04 00:00:00,PURCHASE_ORDER,PO-003633,PO_CREATED,Purchase order PO-003633 created in ERP
EVT-0003634,2026-04-23 00:00:00,PURCHASE_ORDER,PO-003634,PO_CREATED,Purchase order PO-003634 created in ERP
EVT-0003635,2026-03-06 00:00:00,PURCHASE_ORDER,PO-003635,PO_CREATED,Purchase order PO-003635 created in ERP
EVT-0003636,2026-07-01 00:00:00,PURCHASE_ORDER,PO-003636,PO_CREATED,Purchase order PO-003636 created in ERP
EVT-0003637,2026-07-25 00:00:00,PURCHASE_ORDER,PO-003637,PO_CREATED,Purchase order PO-003637 created in ERP
EVT-0003638,2026-06-01 00:00:00,PURCHASE_ORDER,PO-003638,PO_CREATED,Purchase order PO-003638 created in ERP
EVT-0003639,2026-06-08 00:00:00,PURCHASE_ORDER,PO-003639,PO_CREATED,Purchase order PO-003639 created in ERP
EVT-0003640,2026-08-20 00:00:00,PURCHASE_ORDER,PO-003640,PO_CREATED,Purchase order PO-003640 created in ERP
EVT-0003641,2026-06-28 00:00:00,PURCHASE_ORDER,PO-003641,PO_CREATED,Purchase order PO-003641 created in ERP
EVT-0003642,2026-07-13 00:00:00,PURCHASE_ORDER,PO-003642,PO_CREATED,Purchase order PO-003642 created in ERP
EVT-0003643,2026-01-03 00:00:00,PURCHASE_ORDER,PO-003643,PO_CREATED,Purchase order PO-003643 created in ERP
EVT-0003644,2026-06-03 00:00:00,PURCHASE_ORDER,PO-003644,PO_CREATED,Purchase order PO-003644 created in ERP
EVT-0003645,2026-05-27 00:00:00,PURCHASE_ORDER,PO-003645,PO_CREATED,Purchase order PO-003645 created in ERP
EVT-0003646,2026-02-17 00:00:00,PURCHASE_ORDER,PO-003646,PO_CREATED,Purchase order PO-003646 created in ERP
EVT-0003647,2026-05-29 00:00:00,PURCHASE_ORDER,PO-003647,PO_CREATED,Purchase order PO-003647 created in ERP
EVT-0003648,2026-07-17 00:00:00,PURCHASE_ORDER,PO-003648,PO_CREATED,Purchase order PO-003648 created in ERP
EVT-0003649,2026-01-04 00:00:00,PURCHASE_ORDER,PO-003649,PO_CREATED,Purchase order PO-003649 created in ERP
EVT-0003650,2026-01-03 00:00:00,PURCHASE_ORDER,PO-003650,PO_CREATED,Purchase order PO-003650 created in ERP
EVT-0003651,2026-01-27 00:00:00,PURCHASE_ORDER,PO-003651,PO_CREATED,Purchase order PO-003651 created in ERP
EVT-0003652,2026-08-22 00:00:00,PURCHASE_ORDER,PO-003652,PO_CREATED,Purchase order PO-003652 created in ERP
EVT-0003653,2026-02-18 00:00:00,PURCHASE_ORDER,PO-003653,PO_CREATED,Purchase order PO-003653 created in ERP
EVT-0003654,2026-03-27 00:00:00,PURCHASE_ORDER,PO-003654,PO_CREATED,Purchase order PO-003654 created in ERP
EVT-0003655,2026-06-23 00:00:00,PURCHASE_ORDER,PO-003655,PO_CREATED,Purchase order PO-003655 created in ERP
EVT-0003656,2026-01-02 00:00:00,PURCHASE_ORDER,PO-003656,PO_CREATED,Purchase order PO-003656 created in ERP
EVT-0003657,2026-02-21 00:00:00,PURCHASE_ORDER,PO-003657,PO_CREATED,Purchase order PO-003657 created in ERP
EVT-0003658,2026-02-13 00:00:00,PURCHASE_ORDER,PO-003658,PO_CREATED,Purchase order PO-003658 created in ERP
EVT-0003659,2026-01-19 00:00:00,PURCHASE_ORDER,PO-003659,PO_CREATED,Purchase order PO-003659 created in ERP
EVT-0003660,2026-06-07 00:00:00,PURCHASE_ORDER,PO-003660,PO_CREATED,Purchase order PO-003660 created in ERP
EVT-0003661,2026-06-13 00:00:00,PURCHASE_ORDER,PO-003661,PO_CREATED,Purchase order PO-003661 created in ERP
EVT-0003662,2026-06-18 00:00:00,PURCHASE_ORDER,PO-003662,PO_CREATED,Purchase order PO-003662 created in ERP
EVT-0003663,2026-08-05 00:00:00,PURCHASE_ORDER,PO-003663,PO_CREATED,Purchase order PO-003663 created in ERP
EVT-0003664,2026-02-06 00:00:00,PURCHASE_ORDER,PO-003664,PO_CREATED,Purchase order PO-003664 created in ERP
EVT-0003665,2026-01-18 00:00:00,PURCHASE_ORDER,PO-003665,PO_CREATED,Purchase order PO-003665 created in ERP
EVT-0003666,2026-02-05 00:00:00,PURCHASE_ORDER,PO-003666,PO_CREATED,Purchase order PO-003666 created in ERP
EVT-0003667,2026-07-27 00:00:00,PURCHASE_ORDER,PO-003667,PO_CREATED,Purchase order PO-003667 created in ERP
EVT-0003668,2026-03-28 00:00:00,PURCHASE_ORDER,PO-003668,PO_CREATED,Purchase order PO-003668 created in ERP
EVT-0003669,2026-02-24 00:00:00,PURCHASE_ORDER,PO-003669,PO_CREATED,Purchase order PO-003669 created in ERP
EVT-0003670,2026-01-15 00:00:00,PURCHASE_ORDER,PO-003670,PO_CREATED,Purchase order PO-003670 created in ERP
EVT-0003671,2026-03-08 00:00:00,PURCHASE_ORDER,PO-003671,PO_CREATED,Purchase order PO-003671 created in ERP
EVT-0003672,2026-05-21 00:00:00,PURCHASE_ORDER,PO-003672,PO_CREATED,Purchase order PO-003672 created in ERP
EVT-0003673,2026-04-05 00:00:00,PURCHASE_ORDER,PO-003673,PO_CREATED,Purchase order PO-003673 created in ERP
EVT-0003674,2026-08-20 00:00:00,PURCHASE_ORDER,PO-003674,PO_CREATED,Purchase order PO-003674 created in ERP
EVT-0003675,2026-07-23 00:00:00,PURCHASE_ORDER,PO-003675,PO_CREATED,Purchase order PO-003675 created in ERP
EVT-0003676,2026-02-20 00:00:00,PURCHASE_ORDER,PO-003676,PO_CREATED,Purchase order PO-003676 created in ERP
EVT-0003677,2026-03-29 00:00:00,PURCHASE_ORDER,PO-003677,PO_CREATED,Purchase order PO-003677 created in ERP
EVT-0003678,2026-02-22 00:00:00,PURCHASE_ORDER,PO-003678,PO_CREATED,Purchase order PO-003678 created in ERP
EVT-0003679,2026-07-17 00:00:00,PURCHASE_ORDER,PO-003679,PO_CREATED,Purchase order PO-003679 created in ERP
EVT-0003680,2026-07-30 00:00:00,PURCHASE_ORDER,PO-003680,PO_CREATED,Purchase order PO-003680 created in ERP
EVT-0003681,2026-07-28 00:00:00,PURCHASE_ORDER,PO-003681,PO_CREATED,Purchase order PO-003681 created in ERP
EVT-0003682,2026-05-29 00:00:00,PURCHASE_ORDER,PO-003682,PO_CREATED,Purchase order PO-003682 created in ERP
EVT-0003683,2026-04-19 00:00:00,PURCHASE_ORDER,PO-003683,PO_CREATED,Purchase order PO-003683 created in ERP
EVT-0003684,2026-03-30 00:00:00,PURCHASE_ORDER,PO-003684,PO_CREATED,Purchase order PO-003684 created in ERP
EVT-0003685,2026-02-08 00:00:00,PURCHASE_ORDER,PO-003685,PO_CREATED,Purchase order PO-003685 created in ERP
EVT-0003686,2026-03-18 00:00:00,PURCHASE_ORDER,PO-003686,PO_CREATED,Purchase order PO-003686 created in ERP
EVT-0003687,2026-07-07 00:00:00,PURCHASE_ORDER,PO-003687,PO_CREATED,Purchase order PO-003687 created in ERP
EVT-0003688,2026-06-06 00:00:00,PURCHASE_ORDER,PO-003688,PO_CREATED,Purchase order PO-003688 created in ERP
EVT-0003689,2026-04-10 00:00:00,PURCHASE_ORDER,PO-003689,PO_CREATED,Purchase order PO-003689 created in ERP
EVT-0003690,2026-08-01 00:00:00,PURCHASE_ORDER,PO-003690,PO_CREATED,Purchase order PO-003690 created in ERP
EVT-0003691,2026-07-01 00:00:00,PURCHASE_ORDER,PO-003691,PO_CREATED,Purchase order PO-003691 created in ERP
EVT-0003692,2026-03-21 00:00:00,PURCHASE_ORDER,PO-003692,PO_CREATED,Purchase order PO-003692 created in ERP
EVT-0003693,2026-01-22 00:00:00,PURCHASE_ORDER,PO-003693,PO_CREATED,Purchase order PO-003693 created in ERP
EVT-0003694,2026-08-12 00:00:00,PURCHASE_ORDER,PO-003694,PO_CREATED,Purchase order PO-003694 created in ERP
EVT-0003695,2026-01-16 00:00:00,PURCHASE_ORDER,PO-003695,PO_CREATED,Purchase order PO-003695 created in ERP
EVT-0003696,2026-07-17 00:00:00,PURCHASE_ORDER,PO-003696,PO_CREATED,Purchase order PO-003696 created in ERP
EVT-0003697,2026-02-10 00:00:00,PURCHASE_ORDER,PO-003697,PO_CREATED,Purchase order PO-003697 created in ERP
EVT-0003698,2026-07-26 00:00:00,PURCHASE_ORDER,PO-003698,PO_CREATED,Purchase order PO-003698 created in ERP
EVT-0003699,2026-08-07 00:00:00,PURCHASE_ORDER,PO-003699,PO_CREATED,Purchase order PO-003699 created in ERP
EVT-0003700,2026-07-11 00:00:00,PURCHASE_ORDER,PO-003700,PO_CREATED,Purchase order PO-003700 created in ERP
EVT-0003701,2026-01-15 00:00:00,PURCHASE_ORDER,PO-003701,PO_CREATED,Purchase order PO-003701 created in ERP
EVT-0003702,2026-07-11 00:00:00,PURCHASE_ORDER,PO-003702,PO_CREATED,Purchase order PO-003702 created in ERP
EVT-0003703,2026-08-18 00:00:00,PURCHASE_ORDER,PO-003703,PO_CREATED,Purchase order PO-003703 created in ERP
EVT-0003704,2026-07-21 00:00:00,PURCHASE_ORDER,PO-003704,PO_CREATED,Purchase order PO-003704 created in ERP
EVT-0003705,2026-01-05 00:00:00,PURCHASE_ORDER,PO-003705,PO_CREATED,Purchase order PO-003705 created in ERP
EVT-0003706,2026-05-04 00:00:00,PURCHASE_ORDER,PO-003706,PO_CREATED,Purchase order PO-003706 created in ERP
EVT-0003707,2026-01-19 00:00:00,PURCHASE_ORDER,PO-003707,PO_CREATED,Purchase order PO-003707 created in ERP
EVT-0003708,2026-08-13 00:00:00,PURCHASE_ORDER,PO-003708,PO_CREATED,Purchase order PO-003708 created in ERP
EVT-0003709,2026-07-23 00:00:00,PURCHASE_ORDER,PO-003709,PO_CREATED,Purchase order PO-003709 created in ERP
EVT-0003710,2026-06-12 00:00:00,PURCHASE_ORDER,PO-003710,PO_CREATED,Purchase order PO-003710 created in ERP
EVT-0003711,2026-03-28 00:00:00,PURCHASE_ORDER,PO-003711,PO_CREATED,Purchase order PO-003711 created in ERP
EVT-0003712,2026-07-10 00:00:00,PURCHASE_ORDER,PO-003712,PO_CREATED,Purchase order PO-003712 created in ERP
EVT-0003713,2026-02-08 00:00:00,PURCHASE_ORDER,PO-003713,PO_CREATED,Purchase order PO-003713 created in ERP
EVT-0003714,2026-01-13 00:00:00,PURCHASE_ORDER,PO-003714,PO_CREATED,Purchase order PO-003714 created in ERP
EVT-0003715,2026-02-11 00:00:00,PURCHASE_ORDER,PO-003715,PO_CREATED,Purchase order PO-003715 created in ERP
EVT-0003716,2026-05-17 00:00:00,PURCHASE_ORDER,PO-003716,PO_CREATED,Purchase order PO-003716 created in ERP
EVT-0003717,2026-07-10 00:00:00,PURCHASE_ORDER,PO-003717,PO_CREATED,Purchase order PO-003717 created in ERP
EVT-0003718,2026-05-22 00:00:00,PURCHASE_ORDER,PO-003718,PO_CREATED,Purchase order PO-003718 created in ERP
EVT-0003719,2026-04-03 00:00:00,PURCHASE_ORDER,PO-003719,PO_CREATED,Purchase order PO-003719 created in ERP
EVT-0003720,2026-02-08 00:00:00,PURCHASE_ORDER,PO-003720,PO_CREATED,Purchase order PO-003720 created in ERP
EVT-0003721,2026-01-30 00:00:00,PURCHASE_ORDER,PO-003721,PO_CREATED,Purchase order PO-003721 created in ERP
EVT-0003722,2026-04-25 00:00:00,PURCHASE_ORDER,PO-003722,PO_CREATED,Purchase order PO-003722 created in ERP
EVT-0003723,2026-07-31 00:00:00,PURCHASE_ORDER,PO-003723,PO_CREATED,Purchase order PO-003723 created in ERP
EVT-0003724,2026-03-02 00:00:00,PURCHASE_ORDER,PO-003724,PO_CREATED,Purchase order PO-003724 created in ERP
EVT-0003725,2026-07-28 00:00:00,PURCHASE_ORDER,PO-003725,PO_CREATED,Purchase order PO-003725 created in ERP
EVT-0003726,2026-02-09 00:00:00,PURCHASE_ORDER,PO-003726,PO_CREATED,Purchase order PO-003726 created in ERP
EVT-0003727,2026-04-14 00:00:00,PURCHASE_ORDER,PO-003727,PO_CREATED,Purchase order PO-003727 created in ERP
EVT-0003728,2026-01-11 00:00:00,PURCHASE_ORDER,PO-003728,PO_CREATED,Purchase order PO-003728 created in ERP
EVT-0003729,2026-06-01 00:00:00,PURCHASE_ORDER,PO-003729,PO_CREATED,Purchase order PO-003729 created in ERP
EVT-0003730,2026-06-19 00:00:00,PURCHASE_ORDER,PO-003730,PO_CREATED,Purchase order PO-003730 created in ERP
EVT-0003731,2026-03-02 00:00:00,PURCHASE_ORDER,PO-003731,PO_CREATED,Purchase order PO-003731 created in ERP
EVT-0003732,2026-03-20 00:00:00,PURCHASE_ORDER,PO-003732,PO_CREATED,Purchase order PO-003732 created in ERP
EVT-0003733,2026-05-23 00:00:00,PURCHASE_ORDER,PO-003733,PO_CREATED,Purchase order PO-003733 created in ERP
EVT-0003734,2026-06-02 00:00:00,PURCHASE_ORDER,PO-003734,PO_CREATED,Purchase order PO-003734 created in ERP
EVT-0003735,2026-05-04 00:00:00,PURCHASE_ORDER,PO-003735,PO_CREATED,Purchase order PO-003735 created in ERP
EVT-0003736,2026-03-07 00:00:00,PURCHASE_ORDER,PO-003736,PO_CREATED,Purchase order PO-003736 created in ERP
EVT-0003737,2026-06-21 00:00:00,PURCHASE_ORDER,PO-003737,PO_CREATED,Purchase order PO-003737 created in ERP
EVT-0003738,2026-04-30 00:00:00,PURCHASE_ORDER,PO-003738,PO_CREATED,Purchase order PO-003738 created in ERP
EVT-0003739,2026-03-05 00:00:00,PURCHASE_ORDER,PO-003739,PO_CREATED,Purchase order PO-003739 created in ERP
EVT-0003740,2026-04-03 00:00:00,PURCHASE_ORDER,PO-003740,PO_CREATED,Purchase order PO-003740 created in ERP
EVT-0003741,2026-08-18 00:00:00,PURCHASE_ORDER,PO-003741,PO_CREATED,Purchase order PO-003741 created in ERP
EVT-0003742,2026-03-20 00:00:00,PURCHASE_ORDER,PO-003742,PO_CREATED,Purchase order PO-003742 created in ERP
EVT-0003743,2026-02-09 00:00:00,PURCHASE_ORDER,PO-003743,PO_CREATED,Purchase order PO-003743 created in ERP
EVT-0003744,2026-04-10 00:00:00,PURCHASE_ORDER,PO-003744,PO_CREATED,Purchase order PO-003744 created in ERP
EVT-0003745,2026-04-07 00:00:00,PURCHASE_ORDER,PO-003745,PO_CREATED,Purchase order PO-003745 created in ERP
EVT-0003746,2026-01-19 00:00:00,PURCHASE_ORDER,PO-003746,PO_CREATED,Purchase order PO-003746 created in ERP
EVT-0003747,2026-05-01 00:00:00,PURCHASE_ORDER,PO-003747,PO_CREATED,Purchase order PO-003747 created in ERP
EVT-0003748,2026-05-22 00:00:00,PURCHASE_ORDER,PO-003748,PO_CREATED,Purchase order PO-003748 created in ERP
EVT-0003749,2026-07-30 00:00:00,PURCHASE_ORDER,PO-003749,PO_CREATED,Purchase order PO-003749 created in ERP
EVT-0003750,2026-06-09 00:00:00,PURCHASE_ORDER,PO-003750,PO_CREATED,Purchase order PO-003750 created in ERP
EVT-0003751,2026-08-10 00:00:00,PURCHASE_ORDER,PO-003751,PO_CREATED,Purchase order PO-003751 created in ERP
EVT-0003752,2026-01-16 00:00:00,PURCHASE_ORDER,PO-003752,PO_CREATED,Purchase order PO-003752 created in ERP
EVT-0003753,2026-07-31 00:00:00,PURCHASE_ORDER,PO-003753,PO_CREATED,Purchase order PO-003753 created in ERP
EVT-0003754,2026-06-14 00:00:00,PURCHASE_ORDER,PO-003754,PO_CREATED,Purchase order PO-003754 created in ERP
EVT-0003755,2026-04-14 00:00:00,PURCHASE_ORDER,PO-003755,PO_CREATED,Purchase order PO-003755 created in ERP
EVT-0003756,2026-04-02 00:00:00,PURCHASE_ORDER,PO-003756,PO_CREATED,Purchase order PO-003756 created in ERP
EVT-0003757,2026-02-13 00:00:00,PURCHASE_ORDER,PO-003757,PO_CREATED,Purchase order PO-003757 created in ERP
EVT-0003758,2026-08-14 00:00:00,PURCHASE_ORDER,PO-003758,PO_CREATED,Purchase order PO-003758 created in ERP
EVT-0003759,2026-06-18 00:00:00,PURCHASE_ORDER,PO-003759,PO_CREATED,Purchase order PO-003759 created in ERP
EVT-0003760,2026-04-26 00:00:00,PURCHASE_ORDER,PO-003760,PO_CREATED,Purchase order PO-003760 created in ERP
EVT-0003761,2026-08-12 00:00:00,PURCHASE_ORDER,PO-003761,PO_CREATED,Purchase order PO-003761 created in ERP
EVT-0003762,2026-08-04 00:00:00,PURCHASE_ORDER,PO-003762,PO_CREATED,Purchase order PO-003762 created in ERP
EVT-0003763,2026-08-14 00:00:00,PURCHASE_ORDER,PO-003763,PO_CREATED,Purchase order PO-003763 created in ERP
EVT-0003764,2026-02-11 00:00:00,PURCHASE_ORDER,PO-003764,PO_CREATED,Purchase order PO-003764 created in ERP
EVT-0003765,2026-05-01 00:00:00,PURCHASE_ORDER,PO-003765,PO_CREATED,Purchase order PO-003765 created in ERP
EVT-0003766,2026-02-18 00:00:00,PURCHASE_ORDER,PO-003766,PO_CREATED,Purchase order PO-003766 created in ERP
EVT-0003767,2026-07-13 00:00:00,PURCHASE_ORDER,PO-003767,PO_CREATED,Purchase order PO-003767 created in ERP
EVT-0003768,2026-04-25 00:00:00,PURCHASE_ORDER,PO-003768,PO_CREATED,Purchase order PO-003768 created in ERP
EVT-0003769,2026-02-07 00:00:00,PURCHASE_ORDER,PO-003769,PO_CREATED,Purchase order PO-003769 created in ERP
EVT-0003770,2026-01-26 00:00:00,PURCHASE_ORDER,PO-003770,PO_CREATED,Purchase order PO-003770 created in ERP
EVT-0003771,2026-07-20 00:00:00,PURCHASE_ORDER,PO-003771,PO_CREATED,Purchase order PO-003771 created in ERP
EVT-0003772,2026-07-16 00:00:00,PURCHASE_ORDER,PO-003772,PO_CREATED,Purchase order PO-003772 created in ERP
EVT-0003773,2026-03-27 00:00:00,PURCHASE_ORDER,PO-003773,PO_CREATED,Purchase order PO-003773 created in ERP
EVT-0003774,2026-01-13 00:00:00,PURCHASE_ORDER,PO-003774,PO_CREATED,Purchase order PO-003774 created in ERP
EVT-0003775,2026-08-27 00:00:00,PURCHASE_ORDER,PO-003775,PO_CREATED,Purchase order PO-003775 created in ERP
EVT-0003776,2026-01-21 00:00:00,PURCHASE_ORDER,PO-003776,PO_CREATED,Purchase order PO-003776 created in ERP
EVT-0003777,2026-07-20 00:00:00,PURCHASE_ORDER,PO-003777,PO_CREATED,Purchase order PO-003777 created in ERP
EVT-0003778,2026-02-26 00:00:00,PURCHASE_ORDER,PO-003778,PO_CREATED,Purchase order PO-003778 created in ERP
EVT-0003779,2026-05-18 00:00:00,PURCHASE_ORDER,PO-003779,PO_CREATED,Purchase order PO-003779 created in ERP
EVT-0003780,2026-07-05 00:00:00,PURCHASE_ORDER,PO-003780,PO_CREATED,Purchase order PO-003780 created in ERP
EVT-0003781,2026-04-04 00:00:00,PURCHASE_ORDER,PO-003781,PO_CREATED,Purchase order PO-003781 created in ERP
EVT-0003782,2026-01-02 00:00:00,PURCHASE_ORDER,PO-003782,PO_CREATED,Purchase order PO-003782 created in ERP
EVT-0003783,2026-08-21 00:00:00,PURCHASE_ORDER,PO-003783,PO_CREATED,Purchase order PO-003783 created in ERP
EVT-0003784,2026-08-09 00:00:00,PURCHASE_ORDER,PO-003784,PO_CREATED,Purchase order PO-003784 created in ERP
EVT-0003785,2026-06-17 00:00:00,PURCHASE_ORDER,PO-003785,PO_CREATED,Purchase order PO-003785 created in ERP
EVT-0003786,2026-01-07 00:00:00,PURCHASE_ORDER,PO-003786,PO_CREATED,Purchase order PO-003786 created in ERP
EVT-0003787,2026-08-14 00:00:00,PURCHASE_ORDER,PO-003787,PO_CREATED,Purchase order PO-003787 created in ERP
EVT-0003788,2026-05-10 00:00:00,PURCHASE_ORDER,PO-003788,PO_CREATED,Purchase order PO-003788 created in ERP
EVT-0003789,2026-04-10 00:00:00,PURCHASE_ORDER,PO-003789,PO_CREATED,Purchase order PO-003789 created in ERP
EVT-0003790,2026-01-22 00:00:00,PURCHASE_ORDER,PO-003790,PO_CREATED,Purchase order PO-003790 created in ERP
EVT-0003791,2026-01-14 00:00:00,PURCHASE_ORDER,PO-003791,PO_CREATED,Purchase order PO-003791 created in ERP
EVT-0003792,2026-05-24 00:00:00,PURCHASE_ORDER,PO-003792,PO_CREATED,Purchase order PO-003792 created in ERP
EVT-0003793,2026-01-18 00:00:00,PURCHASE_ORDER,PO-003793,PO_CREATED,Purchase order PO-003793 created in ERP
EVT-0003794,2026-07-01 00:00:00,PURCHASE_ORDER,PO-003794,PO_CREATED,Purchase order PO-003794 created in ERP
EVT-0003795,2026-03-14 00:00:00,PURCHASE_ORDER,PO-003795,PO_CREATED,Purchase order PO-003795 created in ERP
EVT-0003796,2026-07-30 00:00:00,PURCHASE_ORDER,PO-003796,PO_CREATED,Purchase order PO-003796 created in ERP
EVT-0003797,2026-02-14 00:00:00,PURCHASE_ORDER,PO-003797,PO_CREATED,Purchase order PO-003797 created in ERP
EVT-0003798,2026-01-13 00:00:00,PURCHASE_ORDER,PO-003798,PO_CREATED,Purchase order PO-003798 created in ERP
EVT-0003799,2026-08-04 00:00:00,PURCHASE_ORDER,PO-003799,PO_CREATED,Purchase order PO-003799 created in ERP
EVT-0003800,2026-07-25 00:00:00,PURCHASE_ORDER,PO-003800,PO_CREATED,Purchase order PO-003800 created in ERP
EVT-0003801,2026-04-19 00:00:00,PURCHASE_ORDER,PO-003801,PO_CREATED,Purchase order PO-003801 created in ERP
EVT-0003802,2026-03-22 00:00:00,PURCHASE_ORDER,PO-003802,PO_CREATED,Purchase order PO-003802 created in ERP
EVT-0003803,2026-07-15 00:00:00,PURCHASE_ORDER,PO-003803,PO_CREATED,Purchase order PO-003803 created in ERP
EVT-0003804,2026-07-15 00:00:00,PURCHASE_ORDER,PO-003804,PO_CREATED,Purchase order PO-003804 created in ERP
EVT-0003805,2026-03-24 00:00:00,PURCHASE_ORDER,PO-003805,PO_CREATED,Purchase order PO-003805 created in ERP
EVT-0003806,2026-02-14 00:00:00,PURCHASE_ORDER,PO-003806,PO_CREATED,Purchase order PO-003806 created in ERP
EVT-0003807,2026-02-07 00:00:00,PURCHASE_ORDER,PO-003807,PO_CREATED,Purchase order PO-003807 created in ERP
EVT-0003808,2026-04-08 00:00:00,PURCHASE_ORDER,PO-003808,PO_CREATED,Purchase order PO-003808 created in ERP
EVT-0003809,2026-06-21 00:00:00,PURCHASE_ORDER,PO-003809,PO_CREATED,Purchase order PO-003809 created in ERP
EVT-0003810,2026-06-17 00:00:00,PURCHASE_ORDER,PO-003810,PO_CREATED,Purchase order PO-003810 created in ERP
EVT-0003811,2026-04-06 00:00:00,PURCHASE_ORDER,PO-003811,PO_CREATED,Purchase order PO-003811 created in ERP
EVT-0003812,2026-07-04 00:00:00,PURCHASE_ORDER,PO-003812,PO_CREATED,Purchase order PO-003812 created in ERP
EVT-0003813,2026-01-04 00:00:00,PURCHASE_ORDER,PO-003813,PO_CREATED,Purchase order PO-003813 created in ERP
EVT-0003814,2026-07-03 00:00:00,PURCHASE_ORDER,PO-003814,PO_CREATED,Purchase order PO-003814 created in ERP
EVT-0003815,2026-02-24 00:00:00,PURCHASE_ORDER,PO-003815,PO_CREATED,Purchase order PO-003815 created in ERP
EVT-0003816,2026-05-23 00:00:00,PURCHASE_ORDER,PO-003816,PO_CREATED,Purchase order PO-003816 created in ERP
EVT-0003817,2026-08-25 00:00:00,PURCHASE_ORDER,PO-003817,PO_CREATED,Purchase order PO-003817 created in ERP
EVT-0003818,2026-04-24 00:00:00,PURCHASE_ORDER,PO-003818,PO_CREATED,Purchase order PO-003818 created in ERP
EVT-0003819,2026-05-26 00:00:00,PURCHASE_ORDER,PO-003819,PO_CREATED,Purchase order PO-003819 created in ERP
EVT-0003820,2026-01-04 00:00:00,PURCHASE_ORDER,PO-003820,PO_CREATED,Purchase order PO-003820 created in ERP
EVT-0003821,2026-03-01 00:00:00,PURCHASE_ORDER,PO-003821,PO_CREATED,Purchase order PO-003821 created in ERP
EVT-0003822,2026-08-25 00:00:00,PURCHASE_ORDER,PO-003822,PO_CREATED,Purchase order PO-003822 created in ERP
EVT-0003823,2026-08-26 00:00:00,PURCHASE_ORDER,PO-003823,PO_CREATED,Purchase order PO-003823 created in ERP
EVT-0003824,2026-05-01 00:00:00,PURCHASE_ORDER,PO-003824,PO_CREATED,Purchase order PO-003824 created in ERP
EVT-0003825,2026-04-25 00:00:00,PURCHASE_ORDER,PO-003825,PO_CREATED,Purchase order PO-003825 created in ERP
EVT-0003826,2026-06-26 00:00:00,PURCHASE_ORDER,PO-003826,PO_CREATED,Purchase order PO-003826 created in ERP
EVT-0003827,2026-08-27 00:00:00,PURCHASE_ORDER,PO-003827,PO_CREATED,Purchase order PO-003827 created in ERP
EVT-0003828,2026-02-19 00:00:00,PURCHASE_ORDER,PO-003828,PO_CREATED,Purchase order PO-003828 created in ERP
EVT-0003829,2026-07-19 00:00:00,PURCHASE_ORDER,PO-003829,PO_CREATED,Purchase order PO-003829 created in ERP
EVT-0003830,2026-07-22 00:00:00,PURCHASE_ORDER,PO-003830,PO_CREATED,Purchase order PO-003830 created in ERP
EVT-0003831,2026-08-04 00:00:00,PURCHASE_ORDER,PO-003831,PO_CREATED,Purchase order PO-003831 created in ERP
EVT-0003832,2026-08-04 00:00:00,PURCHASE_ORDER,PO-003832,PO_CREATED,Purchase order PO-003832 created in ERP
EVT-0003833,2026-07-11 00:00:00,PURCHASE_ORDER,PO-003833,PO_CREATED,Purchase order PO-003833 created in ERP
EVT-0003834,2026-04-02 00:00:00,PURCHASE_ORDER,PO-003834,PO_CREATED,Purchase order PO-003834 created in ERP
EVT-0003835,2026-02-24 00:00:00,PURCHASE_ORDER,PO-003835,PO_CREATED,Purchase order PO-003835 created in ERP
EVT-0003836,2026-05-10 00:00:00,PURCHASE_ORDER,PO-003836,PO_CREATED,Purchase order PO-003836 created in ERP
EVT-0003837,2026-01-23 00:00:00,PURCHASE_ORDER,PO-003837,PO_CREATED,Purchase order PO-003837 created in ERP
EVT-0003838,2026-03-25 00:00:00,PURCHASE_ORDER,PO-003838,PO_CREATED,Purchase order PO-003838 created in ERP
EVT-0003839,2026-06-02 00:00:00,PURCHASE_ORDER,PO-003839,PO_CREATED,Purchase order PO-003839 created in ERP
EVT-0003840,2026-03-09 00:00:00,PURCHASE_ORDER,PO-003840,PO_CREATED,Purchase order PO-003840 created in ERP
EVT-0003841,2026-04-01 00:00:00,PURCHASE_ORDER,PO-003841,PO_CREATED,Purchase order PO-003841 created in ERP
EVT-0003842,2026-03-11 00:00:00,PURCHASE_ORDER,PO-003842,PO_CREATED,Purchase order PO-003842 created in ERP
EVT-0003843,2026-08-27 00:00:00,PURCHASE_ORDER,PO-003843,PO_CREATED,Purchase order PO-003843 created in ERP
EVT-0003844,2026-04-05 00:00:00,PURCHASE_ORDER,PO-003844,PO_CREATED,Purchase order PO-003844 created in ERP
EVT-0003845,2026-05-11 00:00:00,PURCHASE_ORDER,PO-003845,PO_CREATED,Purchase order PO-003845 created in ERP
EVT-0003846,2026-03-26 00:00:00,PURCHASE_ORDER,PO-003846,PO_CREATED,Purchase order PO-003846 created in ERP
EVT-0003847,2026-01-20 00:00:00,PURCHASE_ORDER,PO-003847,PO_CREATED,Purchase order PO-003847 created in ERP
EVT-0003848,2026-03-07 00:00:00,PURCHASE_ORDER,PO-003848,PO_CREATED,Purchase order PO-003848 created in ERP
EVT-0003849,2026-04-03 00:00:00,PURCHASE_ORDER,PO-003849,PO_CREATED,Purchase order PO-003849 created in ERP
EVT-0003850,2026-04-28 00:00:00,PURCHASE_ORDER,PO-003850,PO_CREATED,Purchase order PO-003850 created in ERP
EVT-0003851,2026-03-15 00:00:00,PURCHASE_ORDER,PO-003851,PO_CREATED,Purchase order PO-003851 created in ERP
EVT-0003852,2026-06-01 00:00:00,PURCHASE_ORDER,PO-003852,PO_CREATED,Purchase order PO-003852 created in ERP
EVT-0003853,2026-06-18 00:00:00,PURCHASE_ORDER,PO-003853,PO_CREATED,Purchase order PO-003853 created in ERP
EVT-0003854,2026-05-07 00:00:00,PURCHASE_ORDER,PO-003854,PO_CREATED,Purchase order PO-003854 created in ERP
EVT-0003855,2026-08-17 00:00:00,PURCHASE_ORDER,PO-003855,PO_CREATED,Purchase order PO-003855 created in ERP
EVT-0003856,2026-04-15 00:00:00,PURCHASE_ORDER,PO-003856,PO_CREATED,Purchase order PO-003856 created in ERP
EVT-0003857,2026-04-14 00:00:00,PURCHASE_ORDER,PO-003857,PO_CREATED,Purchase order PO-003857 created in ERP
EVT-0003858,2026-06-17 00:00:00,PURCHASE_ORDER,PO-003858,PO_CREATED,Purchase order PO-003858 created in ERP
EVT-0003859,2026-03-18 00:00:00,PURCHASE_ORDER,PO-003859,PO_CREATED,Purchase order PO-003859 created in ERP
EVT-0003860,2026-08-19 00:00:00,PURCHASE_ORDER,PO-003860,PO_CREATED,Purchase order PO-003860 created in ERP
EVT-0003861,2026-01-16 00:00:00,PURCHASE_ORDER,PO-003861,PO_CREATED,Purchase order PO-003861 created in ERP
EVT-0003862,2026-04-19 00:00:00,PURCHASE_ORDER,PO-003862,PO_CREATED,Purchase order PO-003862 created in ERP
EVT-0003863,2026-07-12 00:00:00,PURCHASE_ORDER,PO-003863,PO_CREATED,Purchase order PO-003863 created in ERP
EVT-0003864,2026-08-16 00:00:00,PURCHASE_ORDER,PO-003864,PO_CREATED,Purchase order PO-003864 created in ERP
EVT-0003865,2026-07-14 00:00:00,PURCHASE_ORDER,PO-003865,PO_CREATED,Purchase order PO-003865 created in ERP
EVT-0003866,2026-05-12 00:00:00,PURCHASE_ORDER,PO-003866,PO_CREATED,Purchase order PO-003866 created in ERP
EVT-0003867,2026-02-23 00:00:00,PURCHASE_ORDER,PO-003867,PO_CREATED,Purchase order PO-003867 created in ERP
EVT-0003868,2026-06-21 00:00:00,PURCHASE_ORDER,PO-003868,PO_CREATED,Purchase order PO-003868 created in ERP
EVT-0003869,2026-01-01 00:00:00,PURCHASE_ORDER,PO-003869,PO_CREATED,Purchase order PO-003869 created in ERP
EVT-0003870,2026-02-19 00:00:00,PURCHASE_ORDER,PO-003870,PO_CREATED,Purchase order PO-003870 created in ERP
EVT-0003871,2026-05-24 00:00:00,PURCHASE_ORDER,PO-003871,PO_CREATED,Purchase order PO-003871 created in ERP
EVT-0003872,2026-02-15 00:00:00,PURCHASE_ORDER,PO-003872,PO_CREATED,Purchase order PO-003872 created in ERP
EVT-0003873,2026-01-18 00:00:00,PURCHASE_ORDER,PO-003873,PO_CREATED,Purchase order PO-003873 created in ERP
EVT-0003874,2026-06-04 00:00:00,PURCHASE_ORDER,PO-003874,PO_CREATED,Purchase order PO-003874 created in ERP
EVT-0003875,2026-02-19 00:00:00,PURCHASE_ORDER,PO-003875,PO_CREATED,Purchase order PO-003875 created in ERP
EVT-0003876,2026-07-27 00:00:00,PURCHASE_ORDER,PO-003876,PO_CREATED,Purchase order PO-003876 created in ERP
EVT-0003877,2026-01-03 00:00:00,PURCHASE_ORDER,PO-003877,PO_CREATED,Purchase order PO-003877 created in ERP
EVT-0003878,2026-05-11 00:00:00,PURCHASE_ORDER,PO-003878,PO_CREATED,Purchase order PO-003878 created in ERP
EVT-0003879,2026-06-19 00:00:00,PURCHASE_ORDER,PO-003879,PO_CREATED,Purchase order PO-003879 created in ERP
EVT-0003880,2026-07-07 00:00:00,PURCHASE_ORDER,PO-003880,PO_CREATED,Purchase order PO-003880 created in ERP
EVT-0003881,2026-05-19 00:00:00,PURCHASE_ORDER,PO-003881,PO_CREATED,Purchase order PO-003881 created in ERP
EVT-0003882,2026-04-28 00:00:00,PURCHASE_ORDER,PO-003882,PO_CREATED,Purchase order PO-003882 created in ERP
EVT-0003883,2026-08-26 00:00:00,PURCHASE_ORDER,PO-003883,PO_CREATED,Purchase order PO-003883 created in ERP
EVT-0003884,2026-03-19 00:00:00,PURCHASE_ORDER,PO-003884,PO_CREATED,Purchase order PO-003884 created in ERP
EVT-0003885,2026-04-27 00:00:00,PURCHASE_ORDER,PO-003885,PO_CREATED,Purchase order PO-003885 created in ERP
EVT-0003886,2026-04-02 00:00:00,PURCHASE_ORDER,PO-003886,PO_CREATED,Purchase order PO-003886 created in ERP
EVT-0003887,2026-01-30 00:00:00,PURCHASE_ORDER,PO-003887,PO_CREATED,Purchase order PO-003887 created in ERP
EVT-0003888,2026-02-14 00:00:00,PURCHASE_ORDER,PO-003888,PO_CREATED,Purchase order PO-003888 created in ERP
EVT-0003889,2026-05-17 00:00:00,PURCHASE_ORDER,PO-003889,PO_CREATED,Purchase order PO-003889 created in ERP
EVT-0003890,2026-08-29 00:00:00,PURCHASE_ORDER,PO-003890,PO_CREATED,Purchase order PO-003890 created in ERP
EVT-0003891,2026-08-27 00:00:00,PURCHASE_ORDER,PO-003891,PO_CREATED,Purchase order PO-003891 created in ERP
EVT-0003892,2026-02-22 00:00:00,PURCHASE_ORDER,PO-003892,PO_CREATED,Purchase order PO-003892 created in ERP
EVT-0003893,2026-03-02 00:00:00,PURCHASE_ORDER,PO-003893,PO_CREATED,Purchase order PO-003893 created in ERP
EVT-0003894,2026-02-23 00:00:00,PURCHASE_ORDER,PO-003894,PO_CREATED,Purchase order PO-003894 created in ERP
EVT-0003895,2026-04-13 00:00:00,PURCHASE_ORDER,PO-003895,PO_CREATED,Purchase order PO-003895 created in ERP
EVT-0003896,2026-07-05 00:00:00,PURCHASE_ORDER,PO-003896,PO_CREATED,Purchase order PO-003896 created in ERP
EVT-0003897,2026-04-30 00:00:00,PURCHASE_ORDER,PO-003897,PO_CREATED,Purchase order PO-003897 created in ERP
EVT-0003898,2026-03-15 00:00:00,PURCHASE_ORDER,PO-003898,PO_CREATED,Purchase order PO-003898 created in ERP
EVT-0003899,2026-04-19 00:00:00,PURCHASE_ORDER,PO-003899,PO_CREATED,Purchase order PO-003899 created in ERP
EVT-0003900,2026-06-19 00:00:00,PURCHASE_ORDER,PO-003900,PO_CREATED,Purchase order PO-003900 created in ERP
EVT-0003901,2026-04-13 00:00:00,PURCHASE_ORDER,PO-003901,PO_CREATED,Purchase order PO-003901 created in ERP
EVT-0003902,2026-07-03 00:00:00,PURCHASE_ORDER,PO-003902,PO_CREATED,Purchase order PO-003902 created in ERP
EVT-0003903,2026-06-29 00:00:00,PURCHASE_ORDER,PO-003903,PO_CREATED,Purchase order PO-003903 created in ERP
EVT-0003904,2026-01-21 00:00:00,PURCHASE_ORDER,PO-003904,PO_CREATED,Purchase order PO-003904 created in ERP
EVT-0003905,2026-05-09 00:00:00,PURCHASE_ORDER,PO-003905,PO_CREATED,Purchase order PO-003905 created in ERP
EVT-0003906,2026-08-10 00:00:00,PURCHASE_ORDER,PO-003906,PO_CREATED,Purchase order PO-003906 created in ERP
EVT-0003907,2026-06-18 00:00:00,PURCHASE_ORDER,PO-003907,PO_CREATED,Purchase order PO-003907 created in ERP
EVT-0003908,2026-01-04 00:00:00,PURCHASE_ORDER,PO-003908,PO_CREATED,Purchase order PO-003908 created in ERP
EVT-0003909,2026-04-29 00:00:00,PURCHASE_ORDER,PO-003909,PO_CREATED,Purchase order PO-003909 created in ERP
EVT-0003910,2026-05-27 00:00:00,PURCHASE_ORDER,PO-003910,PO_CREATED,Purchase order PO-003910 created in ERP
EVT-0003911,2026-01-11 00:00:00,PURCHASE_ORDER,PO-003911,PO_CREATED,Purchase order PO-003911 created in ERP
EVT-0003912,2026-02-01 00:00:00,PURCHASE_ORDER,PO-003912,PO_CREATED,Purchase order PO-003912 created in ERP
EVT-0003913,2026-01-16 00:00:00,PURCHASE_ORDER,PO-003913,PO_CREATED,Purchase order PO-003913 created in ERP
EVT-0003914,2026-03-14 00:00:00,PURCHASE_ORDER,PO-003914,PO_CREATED,Purchase order PO-003914 created in ERP
EVT-0003915,2026-06-03 00:00:00,PURCHASE_ORDER,PO-003915,PO_CREATED,Purchase order PO-003915 created in ERP
EVT-0003916,2026-07-28 00:00:00,PURCHASE_ORDER,PO-003916,PO_CREATED,Purchase order PO-003916 created in ERP
EVT-0003917,2026-06-02 00:00:00,PURCHASE_ORDER,PO-003917,PO_CREATED,Purchase order PO-003917 created in ERP
EVT-0003918,2026-06-26 00:00:00,PURCHASE_ORDER,PO-003918,PO_CREATED,Purchase order PO-003918 created in ERP
EVT-0003919,2026-07-28 00:00:00,PURCHASE_ORDER,PO-003919,PO_CREATED,Purchase order PO-003919 created in ERP
EVT-0003920,2026-02-03 00:00:00,PURCHASE_ORDER,PO-003920,PO_CREATED,Purchase order PO-003920 created in ERP
EVT-0003921,2026-06-08 00:00:00,PURCHASE_ORDER,PO-003921,PO_CREATED,Purchase order PO-003921 created in ERP
EVT-0003922,2026-04-28 00:00:00,PURCHASE_ORDER,PO-003922,PO_CREATED,Purchase order PO-003922 created in ERP
EVT-0003923,2026-04-20 00:00:00,PURCHASE_ORDER,PO-003923,PO_CREATED,Purchase order PO-003923 created in ERP
EVT-0003924,2026-08-01 00:00:00,PURCHASE_ORDER,PO-003924,PO_CREATED,Purchase order PO-003924 created in ERP
EVT-0003925,2026-07-30 00:00:00,PURCHASE_ORDER,PO-003925,PO_CREATED,Purchase order PO-003925 created in ERP
EVT-0003926,2026-08-21 00:00:00,PURCHASE_ORDER,PO-003926,PO_CREATED,Purchase order PO-003926 created in ERP
EVT-0003927,2026-01-21 00:00:00,PURCHASE_ORDER,PO-003927,PO_CREATED,Purchase order PO-003927 created in ERP
EVT-0003928,2026-03-11 00:00:00,PURCHASE_ORDER,PO-003928,PO_CREATED,Purchase order PO-003928 created in ERP
EVT-0003929,2026-02-17 00:00:00,PURCHASE_ORDER,PO-003929,PO_CREATED,Purchase order PO-003929 created in ERP
EVT-0003930,2026-06-07 00:00:00,PURCHASE_ORDER,PO-003930,PO_CREATED,Purchase order PO-003930 created in ERP
EVT-0003931,2026-01-18 00:00:00,PURCHASE_ORDER,PO-003931,PO_CREATED,Purchase order PO-003931 created in ERP
EVT-0003932,2026-08-11 00:00:00,PURCHASE_ORDER,PO-003932,PO_CREATED,Purchase order PO-003932 created in ERP
EVT-0003933,2026-01-21 00:00:00,PURCHASE_ORDER,PO-003933,PO_CREATED,Purchase order PO-003933 created in ERP
EVT-0003934,2026-08-06 00:00:00,PURCHASE_ORDER,PO-003934,PO_CREATED,Purchase order PO-003934 created in ERP
EVT-0003935,2026-08-19 00:00:00,PURCHASE_ORDER,PO-003935,PO_CREATED,Purchase order PO-003935 created in ERP
EVT-0003936,2026-01-30 00:00:00,PURCHASE_ORDER,PO-003936,PO_CREATED,Purchase order PO-003936 created in ERP
EVT-0003937,2026-06-07 00:00:00,PURCHASE_ORDER,PO-003937,PO_CREATED,Purchase order PO-003937 created in ERP
EVT-0003938,2026-05-08 00:00:00,PURCHASE_ORDER,PO-003938,PO_CREATED,Purchase order PO-003938 created in ERP
EVT-0003939,2026-01-10 00:00:00,PURCHASE_ORDER,PO-003939,PO_CREATED,Purchase order PO-003939 created in ERP
EVT-0003940,2026-08-19 00:00:00,PURCHASE_ORDER,PO-003940,PO_CREATED,Purchase order PO-003940 created in ERP
EVT-0003941,2026-02-03 00:00:00,PURCHASE_ORDER,PO-003941,PO_CREATED,Purchase order PO-003941 created in ERP
EVT-0003942,2026-08-27 00:00:00,PURCHASE_ORDER,PO-003942,PO_CREATED,Purchase order PO-003942 created in ERP
EVT-0003943,2026-02-10 00:00:00,PURCHASE_ORDER,PO-003943,PO_CREATED,Purchase order PO-003943 created in ERP
EVT-0003944,2026-03-11 00:00:00,PURCHASE_ORDER,PO-003944,PO_CREATED,Purchase order PO-003944 created in ERP
EVT-0003945,2026-03-31 00:00:00,PURCHASE_ORDER,PO-003945,PO_CREATED,Purchase order PO-003945 created in ERP
EVT-0003946,2026-04-17 00:00:00,PURCHASE_ORDER,PO-003946,PO_CREATED,Purchase order PO-003946 created in ERP
EVT-0003947,2026-05-16 00:00:00,PURCHASE_ORDER,PO-003947,PO_CREATED,Purchase order PO-003947 created in ERP
EVT-0003948,2026-02-19 00:00:00,PURCHASE_ORDER,PO-003948,PO_CREATED,Purchase order PO-003948 created in ERP
EVT-0003949,2026-03-22 00:00:00,PURCHASE_ORDER,PO-003949,PO_CREATED,Purchase order PO-003949 created in ERP
EVT-0003950,2026-04-28 00:00:00,PURCHASE_ORDER,PO-003950,PO_CREATED,Purchase order PO-003950 created in ERP
EVT-0003951,2026-04-12 00:00:00,PURCHASE_ORDER,PO-003951,PO_CREATED,Purchase order PO-003951 created in ERP
EVT-0003952,2026-04-16 00:00:00,PURCHASE_ORDER,PO-003952,PO_CREATED,Purchase order PO-003952 created in ERP
EVT-0003953,2026-01-31 00:00:00,PURCHASE_ORDER,PO-003953,PO_CREATED,Purchase order PO-003953 created in ERP
EVT-0003954,2026-03-03 00:00:00,PURCHASE_ORDER,PO-003954,PO_CREATED,Purchase order PO-003954 created in ERP
EVT-0003955,2026-07-29 00:00:00,PURCHASE_ORDER,PO-003955,PO_CREATED,Purchase order PO-003955 created in ERP
EVT-0003956,2026-07-21 00:00:00,PURCHASE_ORDER,PO-003956,PO_CREATED,Purchase order PO-003956 created in ERP
EVT-0003957,2026-05-21 00:00:00,PURCHASE_ORDER,PO-003957,PO_CREATED,Purchase order PO-003957 created in ERP
EVT-0003958,2026-04-10 00:00:00,PURCHASE_ORDER,PO-003958,PO_CREATED,Purchase order PO-003958 created in ERP
EVT-0003959,2026-02-16 00:00:00,PURCHASE_ORDER,PO-003959,PO_CREATED,Purchase order PO-003959 created in ERP
EVT-0003960,2026-07-06 00:00:00,PURCHASE_ORDER,PO-003960,PO_CREATED,Purchase order PO-003960 created in ERP
EVT-0003961,2026-06-12 00:00:00,PURCHASE_ORDER,PO-003961,PO_CREATED,Purchase order PO-003961 created in ERP
EVT-0003962,2026-03-16 00:00:00,PURCHASE_ORDER,PO-003962,PO_CREATED,Purchase order PO-003962 created in ERP
EVT-0003963,2026-07-19 00:00:00,PURCHASE_ORDER,PO-003963,PO_CREATED,Purchase order PO-003963 created in ERP
EVT-0003964,2026-06-25 00:00:00,PURCHASE_ORDER,PO-003964,PO_CREATED,Purchase order PO-003964 created in ERP
EVT-0003965,2026-06-18 00:00:00,PURCHASE_ORDER,PO-003965,PO_CREATED,Purchase order PO-003965 created in ERP
EVT-0003966,2026-08-23 00:00:00,PURCHASE_ORDER,PO-003966,PO_CREATED,Purchase order PO-003966 created in ERP
EVT-0003967,2026-03-09 00:00:00,PURCHASE_ORDER,PO-003967,PO_CREATED,Purchase order PO-003967 created in ERP
EVT-0003968,2026-06-16 00:00:00,PURCHASE_ORDER,PO-003968,PO_CREATED,Purchase order PO-003968 created in ERP
EVT-0003969,2026-07-26 00:00:00,PURCHASE_ORDER,PO-003969,PO_CREATED,Purchase order PO-003969 created in ERP
EVT-0003970,2026-04-16 00:00:00,PURCHASE_ORDER,PO-003970,PO_CREATED,Purchase order PO-003970 created in ERP
EVT-0003971,2026-01-29 00:00:00,PURCHASE_ORDER,PO-003971,PO_CREATED,Purchase order PO-003971 created in ERP
EVT-0003972,2026-06-26 00:00:00,PURCHASE_ORDER,PO-003972,PO_CREATED,Purchase order PO-003972 created in ERP
EVT-0003973,2026-02-12 00:00:00,PURCHASE_ORDER,PO-003973,PO_CREATED,Purchase order PO-003973 created in ERP
EVT-0003974,2026-02-02 00:00:00,PURCHASE_ORDER,PO-003974,PO_CREATED,Purchase order PO-003974 created in ERP
EVT-0003975,2026-08-02 00:00:00,PURCHASE_ORDER,PO-003975,PO_CREATED,Purchase order PO-003975 created in ERP
EVT-0003976,2026-02-06 00:00:00,PURCHASE_ORDER,PO-003976,PO_CREATED,Purchase order PO-003976 created in ERP
EVT-0003977,2026-08-18 00:00:00,PURCHASE_ORDER,PO-003977,PO_CREATED,Purchase order PO-003977 created in ERP
EVT-0003978,2026-05-09 00:00:00,PURCHASE_ORDER,PO-003978,PO_CREATED,Purchase order PO-003978 created in ERP
EVT-0003979,2026-07-28 00:00:00,PURCHASE_ORDER,PO-003979,PO_CREATED,Purchase order PO-003979 created in ERP
EVT-0003980,2026-03-21 00:00:00,PURCHASE_ORDER,PO-003980,PO_CREATED,Purchase order PO-003980 created in ERP
EVT-0003981,2026-06-21 00:00:00,PURCHASE_ORDER,PO-003981,PO_CREATED,Purchase order PO-003981 created in ERP
EVT-0003982,2026-02-10 00:00:00,PURCHASE_ORDER,PO-003982,PO_CREATED,Purchase order PO-003982 created in ERP
EVT-0003983,2026-04-19 00:00:00,PURCHASE_ORDER,PO-003983,PO_CREATED,Purchase order PO-003983 created in ERP
EVT-0003984,2026-03-01 00:00:00,PURCHASE_ORDER,PO-003984,PO_CREATED,Purchase order PO-003984 created in ERP
EVT-0003985,2026-08-04 00:00:00,PURCHASE_ORDER,PO-003985,PO_CREATED,Purchase order PO-003985 created in ERP
EVT-0003986,2026-03-30 00:00:00,PURCHASE_ORDER,PO-003986,PO_CREATED,Purchase order PO-003986 created in ERP
EVT-0003987,2026-07-21 00:00:00,PURCHASE_ORDER,PO-003987,PO_CREATED,Purchase order PO-003987 created in ERP
EVT-0003988,2026-07-27 00:00:00,PURCHASE_ORDER,PO-003988,PO_CREATED,Purchase order PO-003988 created in ERP
EVT-0003989,2026-05-31 00:00:00,PURCHASE_ORDER,PO-003989,PO_CREATED,Purchase order PO-003989 created in ERP
EVT-0003990,2026-07-11 00:00:00,PURCHASE_ORDER,PO-003990,PO_CREATED,Purchase order PO-003990 created in ERP
EVT-0003991,2026-03-16 00:00:00,PURCHASE_ORDER,PO-003991,PO_CREATED,Purchase order PO-003991 created in ERP
EVT-0003992,2026-02-19 00:00:00,PURCHASE_ORDER,PO-003992,PO_CREATED,Purchase order PO-003992 created in ERP
EVT-0003993,2026-03-18 00:00:00,PURCHASE_ORDER,PO-003993,PO_CREATED,Purchase order PO-003993 created in ERP
EVT-0003994,2026-01-13 00:00:00,PURCHASE_ORDER,PO-003994,PO_CREATED,Purchase order PO-003994 created in ERP
EVT-0003995,2026-01-09 00:00:00,PURCHASE_ORDER,PO-003995,PO_CREATED,Purchase order PO-003995 created in ERP
EVT-0003996,2026-08-23 00:00:00,PURCHASE_ORDER,PO-003996,PO_CREATED,Purchase order PO-003996 created in ERP
EVT-0003997,2026-02-21 00:00:00,PURCHASE_ORDER,PO-003997,PO_CREATED,Purchase order PO-003997 created in ERP
EVT-0003998,2026-03-30 00:00:00,PURCHASE_ORDER,PO-003998,PO_CREATED,Purchase order PO-003998 created in ERP
EVT-0003999,2026-02-22 00:00:00,PURCHASE_ORDER,PO-003999,PO_CREATED,Purchase order PO-003999 created in ERP
EVT-0004000,2026-08-23 00:00:00,PURCHASE_ORDER,PO-004000,PO_CREATED,Purchase order PO-004000 created in ERP
EVT-0004001,2026-06-05 00:00:00,PURCHASE_ORDER,PO-004001,PO_CREATED,Purchase order PO-004001 created in ERP
EVT-0004002,2026-01-20 00:00:00,PURCHASE_ORDER,PO-004002,PO_CREATED,Purchase order PO-004002 created in ERP
EVT-0004003,2026-03-04 00:00:00,PURCHASE_ORDER,PO-004003,PO_CREATED,Purchase order PO-004003 created in ERP
EVT-0004004,2026-02-24 00:00:00,PURCHASE_ORDER,PO-004004,PO_CREATED,Purchase order PO-004004 created in ERP
EVT-0004005,2026-07-16 00:00:00,PURCHASE_ORDER,PO-004005,PO_CREATED,Purchase order PO-004005 created in ERP
EVT-0004006,2026-08-01 00:00:00,PURCHASE_ORDER,PO-004006,PO_CREATED,Purchase order PO-004006 created in ERP
EVT-0004007,2026-04-17 00:00:00,PURCHASE_ORDER,PO-004007,PO_CREATED,Purchase order PO-004007 created in ERP
EVT-0004008,2026-02-21 00:00:00,PURCHASE_ORDER,PO-004008,PO_CREATED,Purchase order PO-004008 created in ERP
EVT-0004009,2026-03-01 00:00:00,PURCHASE_ORDER,PO-004009,PO_CREATED,Purchase order PO-004009 created in ERP
EVT-0004010,2026-03-30 00:00:00,PURCHASE_ORDER,PO-004010,PO_CREATED,Purchase order PO-004010 created in ERP
EVT-0004011,2026-08-23 00:00:00,PURCHASE_ORDER,PO-004011,PO_CREATED,Purchase order PO-004011 created in ERP
EVT-0004012,2026-08-21 00:00:00,PURCHASE_ORDER,PO-004012,PO_CREATED,Purchase order PO-004012 created in ERP
EVT-0004013,2026-05-10 00:00:00,PURCHASE_ORDER,PO-004013,PO_CREATED,Purchase order PO-004013 created in ERP
EVT-0004014,2026-07-31 00:00:00,PURCHASE_ORDER,PO-004014,PO_CREATED,Purchase order PO-004014 created in ERP
EVT-0004015,2026-01-16 00:00:00,PURCHASE_ORDER,PO-004015,PO_CREATED,Purchase order PO-004015 created in ERP
EVT-0004016,2026-01-29 00:00:00,PURCHASE_ORDER,PO-004016,PO_CREATED,Purchase order PO-004016 created in ERP
EVT-0004017,2026-04-17 00:00:00,PURCHASE_ORDER,PO-004017,PO_CREATED,Purchase order PO-004017 created in ERP
EVT-0004018,2026-08-04 00:00:00,PURCHASE_ORDER,PO-004018,PO_CREATED,Purchase order PO-004018 created in ERP
EVT-0004019,2026-08-21 00:00:00,PURCHASE_ORDER,PO-004019,PO_CREATED,Purchase order PO-004019 created in ERP
EVT-0004020,2026-03-05 00:00:00,PURCHASE_ORDER,PO-004020,PO_CREATED,Purchase order PO-004020 created in ERP
EVT-0004021,2026-06-04 00:00:00,PURCHASE_ORDER,PO-004021,PO_CREATED,Purchase order PO-004021 created in ERP
EVT-0004022,2026-03-02 00:00:00,PURCHASE_ORDER,PO-004022,PO_CREATED,Purchase order PO-004022 created in ERP
EVT-0004023,2026-08-23 00:00:00,PURCHASE_ORDER,PO-004023,PO_CREATED,Purchase order PO-004023 created in ERP
EVT-0004024,2026-04-29 00:00:00,PURCHASE_ORDER,PO-004024,PO_CREATED,Purchase order PO-004024 created in ERP
EVT-0004025,2026-01-31 00:00:00,PURCHASE_ORDER,PO-004025,PO_CREATED,Purchase order PO-004025 created in ERP
EVT-0004026,2026-05-09 00:00:00,PURCHASE_ORDER,PO-004026,PO_CREATED,Purchase order PO-004026 created in ERP
EVT-0004027,2026-04-15 00:00:00,PURCHASE_ORDER,PO-004027,PO_CREATED,Purchase order PO-004027 created in ERP
EVT-0004028,2026-07-28 00:00:00,PURCHASE_ORDER,PO-004028,PO_CREATED,Purchase order PO-004028 created in ERP
EVT-0004029,2026-05-29 00:00:00,PURCHASE_ORDER,PO-004029,PO_CREATED,Purchase order PO-004029 created in ERP
EVT-0004030,2026-05-26 00:00:00,PURCHASE_ORDER,PO-004030,PO_CREATED,Purchase order PO-004030 created in ERP
EVT-0004031,2026-01-30 00:00:00,PURCHASE_ORDER,PO-004031,PO_CREATED,Purchase order PO-004031 created in ERP
EVT-0004032,2026-08-03 00:00:00,PURCHASE_ORDER,PO-004032,PO_CREATED,Purchase order PO-004032 created in ERP
EVT-0004033,2026-07-03 00:00:00,PURCHASE_ORDER,PO-004033,PO_CREATED,Purchase order PO-004033 created in ERP
EVT-0004034,2026-02-06 00:00:00,PURCHASE_ORDER,PO-004034,PO_CREATED,Purchase order PO-004034 created in ERP
EVT-0004035,2026-05-12 00:00:00,PURCHASE_ORDER,PO-004035,PO_CREATED,Purchase order PO-004035 created in ERP
EVT-0004036,2026-08-02 00:00:00,PURCHASE_ORDER,PO-004036,PO_CREATED,Purchase order PO-004036 created in ERP
EVT-0004037,2026-03-11 00:00:00,PURCHASE_ORDER,PO-004037,PO_CREATED,Purchase order PO-004037 created in ERP
EVT-0004038,2026-03-22 00:00:00,PURCHASE_ORDER,PO-004038,PO_CREATED,Purchase order PO-004038 created in ERP
EVT-0004039,2026-01-16 00:00:00,PURCHASE_ORDER,PO-004039,PO_CREATED,Purchase order PO-004039 created in ERP
EVT-0004040,2026-04-15 00:00:00,PURCHASE_ORDER,PO-004040,PO_CREATED,Purchase order PO-004040 created in ERP
EVT-0004041,2026-08-24 00:00:00,PURCHASE_ORDER,PO-004041,PO_CREATED,Purchase order PO-004041 created in ERP
EVT-0004042,2026-02-17 00:00:00,PURCHASE_ORDER,PO-004042,PO_CREATED,Purchase order PO-004042 created in ERP
EVT-0004043,2026-03-18 00:00:00,PURCHASE_ORDER,PO-004043,PO_CREATED,Purchase order PO-004043 created in ERP
EVT-0004044,2026-04-21 00:00:00,PURCHASE_ORDER,PO-004044,PO_CREATED,Purchase order PO-004044 created in ERP
EVT-0004045,2026-08-25 00:00:00,PURCHASE_ORDER,PO-004045,PO_CREATED,Purchase order PO-004045 created in ERP
EVT-0004046,2026-05-05 00:00:00,PURCHASE_ORDER,PO-004046,PO_CREATED,Purchase order PO-004046 created in ERP
EVT-0004047,2026-02-18 00:00:00,PURCHASE_ORDER,PO-004047,PO_CREATED,Purchase order PO-004047 created in ERP
EVT-0004048,2026-08-26 00:00:00,PURCHASE_ORDER,PO-004048,PO_CREATED,Purchase order PO-004048 created in ERP
EVT-0004049,2026-05-05 00:00:00,PURCHASE_ORDER,PO-004049,PO_CREATED,Purchase order PO-004049 created in ERP
EVT-0004050,2026-03-24 00:00:00,PURCHASE_ORDER,PO-004050,PO_CREATED,Purchase order PO-004050 created in ERP
EVT-0004051,2026-04-11 00:00:00,PURCHASE_ORDER,PO-004051,PO_CREATED,Purchase order PO-004051 created in ERP
EVT-0004052,2026-08-29 00:00:00,PURCHASE_ORDER,PO-004052,PO_CREATED,Purchase order PO-004052 created in ERP
EVT-0004053,2026-01-12 00:00:00,PURCHASE_ORDER,PO-004053,PO_CREATED,Purchase order PO-004053 created in ERP
EVT-0004054,2026-01-08 00:00:00,PURCHASE_ORDER,PO-004054,PO_CREATED,Purchase order PO-004054 created in ERP
EVT-0004055,2026-01-17 00:00:00,PURCHASE_ORDER,PO-004055,PO_CREATED,Purchase order PO-004055 created in ERP
EVT-0004056,2026-06-07 00:00:00,PURCHASE_ORDER,PO-004056,PO_CREATED,Purchase order PO-004056 created in ERP
EVT-0004057,2026-01-20 00:00:00,PURCHASE_ORDER,PO-004057,PO_CREATED,Purchase order PO-004057 created in ERP
EVT-0004058,2026-05-09 00:00:00,PURCHASE_ORDER,PO-004058,PO_CREATED,Purchase order PO-004058 created in ERP
EVT-0004059,2026-05-02 00:00:00,PURCHASE_ORDER,PO-004059,PO_CREATED,Purchase order PO-004059 created in ERP
EVT-0004060,2026-02-10 00:00:00,PURCHASE_ORDER,PO-004060,PO_CREATED,Purchase order PO-004060 created in ERP
EVT-0004061,2026-03-20 00:00:00,PURCHASE_ORDER,PO-004061,PO_CREATED,Purchase order PO-004061 created in ERP
EVT-0004062,2026-02-11 00:00:00,PURCHASE_ORDER,PO-004062,PO_CREATED,Purchase order PO-004062 created in ERP
EVT-0004063,2026-04-15 00:00:00,PURCHASE_ORDER,PO-004063,PO_CREATED,Purchase order PO-004063 created in ERP
EVT-0004064,2026-03-11 00:00:00,PURCHASE_ORDER,PO-004064,PO_CREATED,Purchase order PO-004064 created in ERP
EVT-0004065,2026-03-01 00:00:00,PURCHASE_ORDER,PO-004065,PO_CREATED,Purchase order PO-004065 created in ERP
EVT-0004066,2026-03-06 00:00:00,PURCHASE_ORDER,PO-004066,PO_CREATED,Purchase order PO-004066 created in ERP
EVT-0004067,2026-03-28 00:00:00,PURCHASE_ORDER,PO-004067,PO_CREATED,Purchase order PO-004067 created in ERP
EVT-0004068,2026-01-22 00:00:00,PURCHASE_ORDER,PO-004068,PO_CREATED,Purchase order PO-004068 created in ERP
EVT-0004069,2026-04-18 00:00:00,PURCHASE_ORDER,PO-004069,PO_CREATED,Purchase order PO-004069 created in ERP
EVT-0004070,2026-08-25 00:00:00,PURCHASE_ORDER,PO-004070,PO_CREATED,Purchase order PO-004070 created in ERP
EVT-0004071,2026-02-07 00:00:00,PURCHASE_ORDER,PO-004071,PO_CREATED,Purchase order PO-004071 created in ERP
EVT-0004072,2026-07-05 00:00:00,PURCHASE_ORDER,PO-004072,PO_CREATED,Purchase order PO-004072 created in ERP
EVT-0004073,2026-08-25 00:00:00,PURCHASE_ORDER,PO-004073,PO_CREATED,Purchase order PO-004073 created in ERP
EVT-0004074,2026-01-01 00:00:00,PURCHASE_ORDER,PO-004074,PO_CREATED,Purchase order PO-004074 created in ERP
EVT-0004075,2026-06-08 00:00:00,PURCHASE_ORDER,PO-004075,PO_CREATED,Purchase order PO-004075 created in ERP
EVT-0004076,2026-01-26 00:00:00,PURCHASE_ORDER,PO-004076,PO_CREATED,Purchase order PO-004076 created in ERP
EVT-0004077,2026-07-02 00:00:00,PURCHASE_ORDER,PO-004077,PO_CREATED,Purchase order PO-004077 created in ERP
EVT-0004078,2026-05-25 00:00:00,PURCHASE_ORDER,PO-004078,PO_CREATED,Purchase order PO-004078 created in ERP
EVT-0004079,2026-01-20 00:00:00,PURCHASE_ORDER,PO-004079,PO_CREATED,Purchase order PO-004079 created in ERP
EVT-0004080,2026-06-14 00:00:00,PURCHASE_ORDER,PO-004080,PO_CREATED,Purchase order PO-004080 created in ERP
EVT-0004081,2026-04-12 00:00:00,PURCHASE_ORDER,PO-004081,PO_CREATED,Purchase order PO-004081 created in ERP
EVT-0004082,2026-01-27 00:00:00,PURCHASE_ORDER,PO-004082,PO_CREATED,Purchase order PO-004082 created in ERP
EVT-0004083,2026-02-14 00:00:00,PURCHASE_ORDER,PO-004083,PO_CREATED,Purchase order PO-004083 created in ERP
EVT-0004084,2026-08-21 00:00:00,PURCHASE_ORDER,PO-004084,PO_CREATED,Purchase order PO-004084 created in ERP
EVT-0004085,2026-04-02 00:00:00,PURCHASE_ORDER,PO-004085,PO_CREATED,Purchase order PO-004085 created in ERP
EVT-0004086,2026-04-22 00:00:00,PURCHASE_ORDER,PO-004086,PO_CREATED,Purchase order PO-004086 created in ERP
EVT-0004087,2026-07-21 00:00:00,PURCHASE_ORDER,PO-004087,PO_CREATED,Purchase order PO-004087 created in ERP
EVT-0004088,2026-07-25 00:00:00,PURCHASE_ORDER,PO-004088,PO_CREATED,Purchase order PO-004088 created in ERP
EVT-0004089,2026-05-11 00:00:00,PURCHASE_ORDER,PO-004089,PO_CREATED,Purchase order PO-004089 created in ERP
EVT-0004090,2026-03-15 00:00:00,PURCHASE_ORDER,PO-004090,PO_CREATED,Purchase order PO-004090 created in ERP
EVT-0004091,2026-04-27 00:00:00,PURCHASE_ORDER,PO-004091,PO_CREATED,Purchase order PO-004091 created in ERP
EVT-0004092,2026-02-21 00:00:00,PURCHASE_ORDER,PO-004092,PO_CREATED,Purchase order PO-004092 created in ERP
EVT-0004093,2026-05-05 00:00:00,PURCHASE_ORDER,PO-004093,PO_CREATED,Purchase order PO-004093 created in ERP
EVT-0004094,2026-03-12 00:00:00,PURCHASE_ORDER,PO-004094,PO_CREATED,Purchase order PO-004094 created in ERP
EVT-0004095,2026-02-12 00:00:00,PURCHASE_ORDER,PO-004095,PO_CREATED,Purchase order PO-004095 created in ERP
EVT-0004096,2026-01-15 00:00:00,PURCHASE_ORDER,PO-004096,PO_CREATED,Purchase order PO-004096 created in ERP
EVT-0004097,2026-01-02 00:00:00,PURCHASE_ORDER,PO-004097,PO_CREATED,Purchase order PO-004097 created in ERP
EVT-0004098,2026-03-02 00:00:00,PURCHASE_ORDER,PO-004098,PO_CREATED,Purchase order PO-004098 created in ERP
EVT-0004099,2026-04-25 00:00:00,PURCHASE_ORDER,PO-004099,PO_CREATED,Purchase order PO-004099 created in ERP
EVT-0004100,2026-06-17 00:00:00,PURCHASE_ORDER,PO-004100,PO_CREATED,Purchase order PO-004100 created in ERP
EVT-0004101,2026-08-14 00:00:00,PURCHASE_ORDER,PO-004101,PO_CREATED,Purchase order PO-004101 created in ERP
EVT-0004102,2026-07-01 00:00:00,PURCHASE_ORDER,PO-004102,PO_CREATED,Purchase order PO-004102 created in ERP
EVT-0004103,2026-07-20 00:00:00,PURCHASE_ORDER,PO-004103,PO_CREATED,Purchase order PO-004103 created in ERP
EVT-0004104,2026-06-11 00:00:00,PURCHASE_ORDER,PO-004104,PO_CREATED,Purchase order PO-004104 created in ERP
EVT-0004105,2026-03-30 00:00:00,PURCHASE_ORDER,PO-004105,PO_CREATED,Purchase order PO-004105 created in ERP
EVT-0004106,2026-07-18 00:00:00,PURCHASE_ORDER,PO-004106,PO_CREATED,Purchase order PO-004106 created in ERP
EVT-0004107,2026-06-19 00:00:00,PURCHASE_ORDER,PO-004107,PO_CREATED,Purchase order PO-004107 created in ERP
EVT-0004108,2026-05-09 00:00:00,PURCHASE_ORDER,PO-004108,PO_CREATED,Purchase order PO-004108 created in ERP
EVT-0004109,2026-05-14 00:00:00,PURCHASE_ORDER,PO-004109,PO_CREATED,Purchase order PO-004109 created in ERP
EVT-0004110,2026-06-25 00:00:00,PURCHASE_ORDER,PO-004110,PO_CREATED,Purchase order PO-004110 created in ERP
EVT-0004111,2026-01-27 00:00:00,PURCHASE_ORDER,PO-004111,PO_CREATED,Purchase order PO-004111 created in ERP
EVT-0004112,2026-04-07 00:00:00,PURCHASE_ORDER,PO-004112,PO_CREATED,Purchase order PO-004112 created in ERP
EVT-0004113,2026-05-12 00:00:00,PURCHASE_ORDER,PO-004113,PO_CREATED,Purchase order PO-004113 created in ERP
EVT-0004114,2026-08-25 00:00:00,PURCHASE_ORDER,PO-004114,PO_CREATED,Purchase order PO-004114 created in ERP
EVT-0004115,2026-05-04 00:00:00,PURCHASE_ORDER,PO-004115,PO_CREATED,Purchase order PO-004115 created in ERP
EVT-0004116,2026-06-19 00:00:00,PURCHASE_ORDER,PO-004116,PO_CREATED,Purchase order PO-004116 created in ERP
EVT-0004117,2026-01-01 00:00:00,PURCHASE_ORDER,PO-004117,PO_CREATED,Purchase order PO-004117 created in ERP
EVT-0004118,2026-01-16 00:00:00,PURCHASE_ORDER,PO-004118,PO_CREATED,Purchase order PO-004118 created in ERP
EVT-0004119,2026-05-19 00:00:00,PURCHASE_ORDER,PO-004119,PO_CREATED,Purchase order PO-004119 created in ERP
EVT-0004120,2026-04-21 00:00:00,PURCHASE_ORDER,PO-004120,PO_CREATED,Purchase order PO-004120 created in ERP
EVT-0004121,2026-08-18 00:00:00,PURCHASE_ORDER,PO-004121,PO_CREATED,Purchase order PO-004121 created in ERP
EVT-0004122,2026-03-08 00:00:00,PURCHASE_ORDER,PO-004122,PO_CREATED,Purchase order PO-004122 created in ERP
EVT-0004123,2026-06-05 00:00:00,PURCHASE_ORDER,PO-004123,PO_CREATED,Purchase order PO-004123 created in ERP
EVT-0004124,2026-03-01 00:00:00,PURCHASE_ORDER,PO-004124,PO_CREATED,Purchase order PO-004124 created in ERP
EVT-0004125,2026-06-23 00:00:00,PURCHASE_ORDER,PO-004125,PO_CREATED,Purchase order PO-004125 created in ERP
EVT-0004126,2026-02-14 00:00:00,PURCHASE_ORDER,PO-004126,PO_CREATED,Purchase order PO-004126 created in ERP
EVT-0004127,2026-02-12 00:00:00,PURCHASE_ORDER,PO-004127,PO_CREATED,Purchase order PO-004127 created in ERP
EVT-0004128,2026-05-20 00:00:00,PURCHASE_ORDER,PO-004128,PO_CREATED,Purchase order PO-004128 created in ERP
EVT-0004129,2026-08-29 00:00:00,PURCHASE_ORDER,PO-004129,PO_CREATED,Purchase order PO-004129 created in ERP
EVT-0004130,2026-04-16 00:00:00,PURCHASE_ORDER,PO-004130,PO_CREATED,Purchase order PO-004130 created in ERP
EVT-0004131,2026-05-26 00:00:00,PURCHASE_ORDER,PO-004131,PO_CREATED,Purchase order PO-004131 created in ERP
EVT-0004132,2026-08-03 00:00:00,PURCHASE_ORDER,PO-004132,PO_CREATED,Purchase order PO-004132 created in ERP
EVT-0004133,2026-01-13 00:00:00,PURCHASE_ORDER,PO-004133,PO_CREATED,Purchase order PO-004133 created in ERP
EVT-0004134,2026-05-26 00:00:00,PURCHASE_ORDER,PO-004134,PO_CREATED,Purchase order PO-004134 created in ERP
EVT-0004135,2026-01-08 00:00:00,PURCHASE_ORDER,PO-004135,PO_CREATED,Purchase order PO-004135 created in ERP
EVT-0004136,2026-03-11 00:00:00,PURCHASE_ORDER,PO-004136,PO_CREATED,Purchase order PO-004136 created in ERP
EVT-0004137,2026-03-16 00:00:00,PURCHASE_ORDER,PO-004137,PO_CREATED,Purchase order PO-004137 created in ERP
EVT-0004138,2026-01-23 00:00:00,PURCHASE_ORDER,PO-004138,PO_CREATED,Purchase order PO-004138 created in ERP
EVT-0004139,2026-08-12 00:00:00,PURCHASE_ORDER,PO-004139,PO_CREATED,Purchase order PO-004139 created in ERP
EVT-0004140,2026-06-19 00:00:00,PURCHASE_ORDER,PO-004140,PO_CREATED,Purchase order PO-004140 created in ERP
EVT-0004141,2026-06-09 00:00:00,PURCHASE_ORDER,PO-004141,PO_CREATED,Purchase order PO-004141 created in ERP
EVT-0004142,2026-08-27 00:00:00,PURCHASE_ORDER,PO-004142,PO_CREATED,Purchase order PO-004142 created in ERP
EVT-0004143,2026-02-19 00:00:00,PURCHASE_ORDER,PO-004143,PO_CREATED,Purchase order PO-004143 created in ERP
EVT-0004144,2026-07-22 00:00:00,PURCHASE_ORDER,PO-004144,PO_CREATED,Purchase order PO-004144 created in ERP
EVT-0004145,2026-07-13 00:00:00,PURCHASE_ORDER,PO-004145,PO_CREATED,Purchase order PO-004145 created in ERP
EVT-0004146,2026-04-26 00:00:00,PURCHASE_ORDER,PO-004146,PO_CREATED,Purchase order PO-004146 created in ERP
EVT-0004147,2026-07-13 00:00:00,PURCHASE_ORDER,PO-004147,PO_CREATED,Purchase order PO-004147 created in ERP
EVT-0004148,2026-05-22 00:00:00,PURCHASE_ORDER,PO-004148,PO_CREATED,Purchase order PO-004148 created in ERP
EVT-0004149,2026-05-01 00:00:00,PURCHASE_ORDER,PO-004149,PO_CREATED,Purchase order PO-004149 created in ERP
EVT-0004150,2026-06-01 00:00:00,PURCHASE_ORDER,PO-004150,PO_CREATED,Purchase order PO-004150 created in ERP
EVT-0004151,2026-02-18 00:00:00,PURCHASE_ORDER,PO-004151,PO_CREATED,Purchase order PO-004151 created in ERP
EVT-0004152,2026-03-03 00:00:00,PURCHASE_ORDER,PO-004152,PO_CREATED,Purchase order PO-004152 created in ERP
EVT-0004153,2026-05-16 00:00:00,PURCHASE_ORDER,PO-004153,PO_CREATED,Purchase order PO-004153 created in ERP
EVT-0004154,2026-08-11 00:00:00,PURCHASE_ORDER,PO-004154,PO_CREATED,Purchase order PO-004154 created in ERP
EVT-0004155,2026-01-15 00:00:00,PURCHASE_ORDER,PO-004155,PO_CREATED,Purchase order PO-004155 created in ERP
EVT-0004156,2026-02-17 00:00:00,PURCHASE_ORDER,PO-004156,PO_CREATED,Purchase order PO-004156 created in ERP
EVT-0004157,2026-07-28 00:00:00,PURCHASE_ORDER,PO-004157,PO_CREATED,Purchase order PO-004157 created in ERP
EVT-0004158,2026-03-20 00:00:00,PURCHASE_ORDER,PO-004158,PO_CREATED,Purchase order PO-004158 created in ERP
EVT-0004159,2026-08-10 00:00:00,PURCHASE_ORDER,PO-004159,PO_CREATED,Purchase order PO-004159 created in ERP
EVT-0004160,2026-07-03 00:00:00,PURCHASE_ORDER,PO-004160,PO_CREATED,Purchase order PO-004160 created in ERP
EVT-0004161,2026-07-01 00:00:00,PURCHASE_ORDER,PO-004161,PO_CREATED,Purchase order PO-004161 created in ERP
EVT-0004162,2026-05-14 00:00:00,PURCHASE_ORDER,PO-004162,PO_CREATED,Purchase order PO-004162 created in ERP
EVT-0004163,2026-07-02 00:00:00,PURCHASE_ORDER,PO-004163,PO_CREATED,Purchase order PO-004163 created in ERP
EVT-0004164,2026-03-23 00:00:00,PURCHASE_ORDER,PO-004164,PO_CREATED,Purchase order PO-004164 created in ERP
EVT-0004165,2026-01-31 00:00:00,PURCHASE_ORDER,PO-004165,PO_CREATED,Purchase order PO-004165 created in ERP
EVT-0004166,2026-01-08 00:00:00,PURCHASE_ORDER,PO-004166,PO_CREATED,Purchase order PO-004166 created in ERP
EVT-0004167,2026-01-17 00:00:00,PURCHASE_ORDER,PO-004167,PO_CREATED,Purchase order PO-004167 created in ERP
EVT-0004168,2026-08-13 00:00:00,PURCHASE_ORDER,PO-004168,PO_CREATED,Purchase order PO-004168 created in ERP
EVT-0004169,2026-02-28 00:00:00,PURCHASE_ORDER,PO-004169,PO_CREATED,Purchase order PO-004169 created in ERP
EVT-0004170,2026-03-26 00:00:00,PURCHASE_ORDER,PO-004170,PO_CREATED,Purchase order PO-004170 created in ERP
EVT-0004171,2026-02-15 00:00:00,PURCHASE_ORDER,PO-004171,PO_CREATED,Purchase order PO-004171 created in ERP
EVT-0004172,2026-02-01 00:00:00,PURCHASE_ORDER,PO-004172,PO_CREATED,Purchase order PO-004172 created in ERP
EVT-0004173,2026-08-05 00:00:00,PURCHASE_ORDER,PO-004173,PO_CREATED,Purchase order PO-004173 created in ERP
EVT-0004174,2026-04-02 00:00:00,PURCHASE_ORDER,PO-004174,PO_CREATED,Purchase order PO-004174 created in ERP
EVT-0004175,2026-01-07 00:00:00,PURCHASE_ORDER,PO-004175,PO_CREATED,Purchase order PO-004175 created in ERP
EVT-0004176,2026-05-22 00:00:00,PURCHASE_ORDER,PO-004176,PO_CREATED,Purchase order PO-004176 created in ERP
EVT-0004177,2026-01-02 00:00:00,PURCHASE_ORDER,PO-004177,PO_CREATED,Purchase order PO-004177 created in ERP
EVT-0004178,2026-06-17 00:00:00,PURCHASE_ORDER,PO-004178,PO_CREATED,Purchase order PO-004178 created in ERP
EVT-0004179,2026-05-25 00:00:00,PURCHASE_ORDER,PO-004179,PO_CREATED,Purchase order PO-004179 created in ERP
EVT-0004180,2026-08-01 00:00:00,PURCHASE_ORDER,PO-004180,PO_CREATED,Purchase order PO-004180 created in ERP
EVT-0004181,2026-08-23 00:00:00,PURCHASE_ORDER,PO-004181,PO_CREATED,Purchase order PO-004181 created in ERP
EVT-0004182,2026-05-02 00:00:00,PURCHASE_ORDER,PO-004182,PO_CREATED,Purchase order PO-004182 created in ERP
EVT-0004183,2026-07-16 00:00:00,PURCHASE_ORDER,PO-004183,PO_CREATED,Purchase order PO-004183 created in ERP
EVT-0004184,2026-07-17 00:00:00,PURCHASE_ORDER,PO-004184,PO_CREATED,Purchase order PO-004184 created in ERP
EVT-0004185,2026-03-05 00:00:00,PURCHASE_ORDER,PO-004185,PO_CREATED,Purchase order PO-004185 created in ERP
EVT-0004186,2026-02-23 00:00:00,PURCHASE_ORDER,PO-004186,PO_CREATED,Purchase order PO-004186 created in ERP
EVT-0004187,2026-03-18 00:00:00,PURCHASE_ORDER,PO-004187,PO_CREATED,Purchase order PO-004187 created in ERP
EVT-0004188,2026-07-02 00:00:00,PURCHASE_ORDER,PO-004188,PO_CREATED,Purchase order PO-004188 created in ERP
EVT-0004189,2026-06-21 00:00:00,PURCHASE_ORDER,PO-004189,PO_CREATED,Purchase order PO-004189 created in ERP
EVT-0004190,2026-07-15 00:00:00,PURCHASE_ORDER,PO-004190,PO_CREATED,Purchase order PO-004190 created in ERP
EVT-0004191,2026-03-08 00:00:00,PURCHASE_ORDER,PO-004191,PO_CREATED,Purchase order PO-004191 created in ERP
EVT-0004192,2026-02-02 00:00:00,PURCHASE_ORDER,PO-004192,PO_CREATED,Purchase order PO-004192 created in ERP
EVT-0004193,2026-04-19 00:00:00,PURCHASE_ORDER,PO-004193,PO_CREATED,Purchase order PO-004193 created in ERP
EVT-0004194,2026-01-17 00:00:00,PURCHASE_ORDER,PO-004194,PO_CREATED,Purchase order PO-004194 created in ERP
EVT-0004195,2026-02-28 00:00:00,PURCHASE_ORDER,PO-004195,PO_CREATED,Purchase order PO-004195 created in ERP
EVT-0004196,2026-07-21 00:00:00,PURCHASE_ORDER,PO-004196,PO_CREATED,Purchase order PO-004196 created in ERP
EVT-0004197,2026-01-27 00:00:00,PURCHASE_ORDER,PO-004197,PO_CREATED,Purchase order PO-004197 created in ERP
EVT-0004198,2026-02-22 00:00:00,PURCHASE_ORDER,PO-004198,PO_CREATED,Purchase order PO-004198 created in ERP
EVT-0004199,2026-08-27 00:00:00,PURCHASE_ORDER,PO-004199,PO_CREATED,Purchase order PO-004199 created in ERP
EVT-0004200,2026-01-20 00:00:00,PURCHASE_ORDER,PO-004200,PO_CREATED,Purchase order PO-004200 created in ERP
EVT-0004201,2026-06-09 00:00:00,PURCHASE_ORDER,PO-004201,PO_CREATED,Purchase order PO-004201 created in ERP
EVT-0004202,2026-04-21 00:00:00,PURCHASE_ORDER,PO-004202,PO_CREATED,Purchase order PO-004202 created in ERP
EVT-0004203,2026-04-30 00:00:00,PURCHASE_ORDER,PO-004203,PO_CREATED,Purchase order PO-004203 created in ERP
EVT-0004204,2026-01-11 00:00:00,PURCHASE_ORDER,PO-004204,PO_CREATED,Purchase order PO-004204 created in ERP
EVT-0004205,2026-05-12 00:00:00,PURCHASE_ORDER,PO-004205,PO_CREATED,Purchase order PO-004205 created in ERP
EVT-0004206,2026-02-22 00:00:00,PURCHASE_ORDER,PO-004206,PO_CREATED,Purchase order PO-004206 created in ERP
EVT-0004207,2026-08-16 00:00:00,PURCHASE_ORDER,PO-004207,PO_CREATED,Purchase order PO-004207 created in ERP
EVT-0004208,2026-02-14 00:00:00,PURCHASE_ORDER,PO-004208,PO_CREATED,Purchase order PO-004208 created in ERP
EVT-0004209,2026-03-28 00:00:00,PURCHASE_ORDER,PO-004209,PO_CREATED,Purchase order PO-004209 created in ERP
EVT-0004210,2026-05-31 00:00:00,PURCHASE_ORDER,PO-004210,PO_CREATED,Purchase order PO-004210 created in ERP
EVT-0004211,2026-05-02 00:00:00,PURCHASE_ORDER,PO-004211,PO_CREATED,Purchase order PO-004211 created in ERP
EVT-0004212,2026-07-14 00:00:00,PURCHASE_ORDER,PO-004212,PO_CREATED,Purchase order PO-004212 created in ERP
EVT-0004213,2026-05-11 00:00:00,PURCHASE_ORDER,PO-004213,PO_CREATED,Purchase order PO-004213 created in ERP
EVT-0004214,2026-01-17 00:00:00,PURCHASE_ORDER,PO-004214,PO_CREATED,Purchase order PO-004214 created in ERP
EVT-0004215,2026-08-15 00:00:00,PURCHASE_ORDER,PO-004215,PO_CREATED,Purchase order PO-004215 created in ERP
EVT-0004216,2026-06-08 00:00:00,PURCHASE_ORDER,PO-004216,PO_CREATED,Purchase order PO-004216 created in ERP
EVT-0004217,2026-04-17 00:00:00,PURCHASE_ORDER,PO-004217,PO_CREATED,Purchase order PO-004217 created in ERP
EVT-0004218,2026-06-14 00:00:00,PURCHASE_ORDER,PO-004218,PO_CREATED,Purchase order PO-004218 created in ERP
EVT-0004219,2026-06-13 00:00:00,PURCHASE_ORDER,PO-004219,PO_CREATED,Purchase order PO-004219 created in ERP
EVT-0004220,2026-02-07 00:00:00,PURCHASE_ORDER,PO-004220,PO_CREATED,Purchase order PO-004220 created in ERP
EVT-0004221,2026-01-23 00:00:00,PURCHASE_ORDER,PO-004221,PO_CREATED,Purchase order PO-004221 created in ERP
EVT-0004222,2026-01-19 00:00:00,PURCHASE_ORDER,PO-004222,PO_CREATED,Purchase order PO-004222 created in ERP
EVT-0004223,2026-03-07 00:00:00,PURCHASE_ORDER,PO-004223,PO_CREATED,Purchase order PO-004223 created in ERP
EVT-0004224,2026-02-10 00:00:00,PURCHASE_ORDER,PO-004224,PO_CREATED,Purchase order PO-004224 created in ERP
EVT-0004225,2026-02-01 00:00:00,PURCHASE_ORDER,PO-004225,PO_CREATED,Purchase order PO-004225 created in ERP
EVT-0004226,2026-01-07 00:00:00,PURCHASE_ORDER,PO-004226,PO_CREATED,Purchase order PO-004226 created in ERP
EVT-0004227,2026-06-02 00:00:00,PURCHASE_ORDER,PO-004227,PO_CREATED,Purchase order PO-004227 created in ERP
EVT-0004228,2026-04-23 00:00:00,PURCHASE_ORDER,PO-004228,PO_CREATED,Purchase order PO-004228 created in ERP
EVT-0004229,2026-02-04 00:00:00,PURCHASE_ORDER,PO-004229,PO_CREATED,Purchase order PO-004229 created in ERP
EVT-0004230,2026-04-14 00:00:00,PURCHASE_ORDER,PO-004230,PO_CREATED,Purchase order PO-004230 created in ERP
EVT-0004231,2026-05-01 00:00:00,PURCHASE_ORDER,PO-004231,PO_CREATED,Purchase order PO-004231 created in ERP
EVT-0004232,2026-04-23 00:00:00,PURCHASE_ORDER,PO-004232,PO_CREATED,Purchase order PO-004232 created in ERP
EVT-0004233,2026-05-14 00:00:00,PURCHASE_ORDER,PO-004233,PO_CREATED,Purchase order PO-004233 created in ERP
EVT-0004234,2026-01-01 00:00:00,PURCHASE_ORDER,PO-004234,PO_CREATED,Purchase order PO-004234 created in ERP
EVT-0004235,2026-05-12 00:00:00,PURCHASE_ORDER,PO-004235,PO_CREATED,Purchase order PO-004235 created in ERP
EVT-0004236,2026-01-13 00:00:00,PURCHASE_ORDER,PO-004236,PO_CREATED,Purchase order PO-004236 created in ERP
EVT-0004237,2026-07-16 00:00:00,PURCHASE_ORDER,PO-004237,PO_CREATED,Purchase order PO-004237 created in ERP
EVT-0004238,2026-08-03 00:00:00,PURCHASE_ORDER,PO-004238,PO_CREATED,Purchase order PO-004238 created in ERP
EVT-0004239,2026-06-08 00:00:00,PURCHASE_ORDER,PO-004239,PO_CREATED,Purchase order PO-004239 created in ERP
EVT-0004240,2026-04-17 00:00:00,PURCHASE_ORDER,PO-004240,PO_CREATED,Purchase order PO-004240 created in ERP
EVT-0004241,2026-04-05 00:00:00,PURCHASE_ORDER,PO-004241,PO_CREATED,Purchase order PO-004241 created in ERP
EVT-0004242,2026-04-13 00:00:00,PURCHASE_ORDER,PO-004242,PO_CREATED,Purchase order PO-004242 created in ERP
EVT-0004243,2026-01-17 00:00:00,PURCHASE_ORDER,PO-004243,PO_CREATED,Purchase order PO-004243 created in ERP
EVT-0004244,2026-04-15 00:00:00,PURCHASE_ORDER,PO-004244,PO_CREATED,Purchase order PO-004244 created in ERP
EVT-0004245,2026-06-25 00:00:00,PURCHASE_ORDER,PO-004245,PO_CREATED,Purchase order PO-004245 created in ERP
EVT-0004246,2026-05-16 00:00:00,PURCHASE_ORDER,PO-004246,PO_CREATED,Purchase order PO-004246 created in ERP
EVT-0004247,2026-06-08 00:00:00,PURCHASE_ORDER,PO-004247,PO_CREATED,Purchase order PO-004247 created in ERP
EVT-0004248,2026-04-12 00:00:00,PURCHASE_ORDER,PO-004248,PO_CREATED,Purchase order PO-004248 created in ERP
EVT-0004249,2026-05-30 00:00:00,PURCHASE_ORDER,PO-004249,PO_CREATED,Purchase order PO-004249 created in ERP
EVT-0004250,2026-03-06 00:00:00,PURCHASE_ORDER,PO-004250,PO_CREATED,Purchase order PO-004250 created in ERP
EVT-0004251,2026-02-05 00:00:00,PURCHASE_ORDER,PO-004251,PO_CREATED,Purchase order PO-004251 created in ERP
EVT-0004252,2026-02-22 00:00:00,PURCHASE_ORDER,PO-004252,PO_CREATED,Purchase order PO-004252 created in ERP
EVT-0004253,2026-01-18 00:00:00,PURCHASE_ORDER,PO-004253,PO_CREATED,Purchase order PO-004253 created in ERP
EVT-0004254,2026-03-11 00:00:00,PURCHASE_ORDER,PO-004254,PO_CREATED,Purchase order PO-004254 created in ERP
EVT-0004255,2026-05-11 00:00:00,PURCHASE_ORDER,PO-004255,PO_CREATED,Purchase order PO-004255 created in ERP
EVT-0004256,2026-02-25 00:00:00,PURCHASE_ORDER,PO-004256,PO_CREATED,Purchase order PO-004256 created in ERP
EVT-0004257,2026-08-21 00:00:00,PURCHASE_ORDER,PO-004257,PO_CREATED,Purchase order PO-004257 created in ERP
EVT-0004258,2026-08-14 00:00:00,PURCHASE_ORDER,PO-004258,PO_CREATED,Purchase order PO-004258 created in ERP
EVT-0004259,2026-05-23 00:00:00,PURCHASE_ORDER,PO-004259,PO_CREATED,Purchase order PO-004259 created in ERP
EVT-0004260,2026-05-26 00:00:00,PURCHASE_ORDER,PO-004260,PO_CREATED,Purchase order PO-004260 created in ERP
EVT-0004261,2026-03-11 00:00:00,PURCHASE_ORDER,PO-004261,PO_CREATED,Purchase order PO-004261 created in ERP
EVT-0004262,2026-08-01 00:00:00,PURCHASE_ORDER,PO-004262,PO_CREATED,Purchase order PO-004262 created in ERP
EVT-0004263,2026-05-04 00:00:00,PURCHASE_ORDER,PO-004263,PO_CREATED,Purchase order PO-004263 created in ERP
EVT-0004264,2026-01-29 00:00:00,PURCHASE_ORDER,PO-004264,PO_CREATED,Purchase order PO-004264 created in ERP
EVT-0004265,2026-01-04 00:00:00,PURCHASE_ORDER,PO-004265,PO_CREATED,Purchase order PO-004265 created in ERP
EVT-0004266,2026-03-09 00:00:00,PURCHASE_ORDER,PO-004266,PO_CREATED,Purchase order PO-004266 created in ERP
EVT-0004267,2026-03-31 00:00:00,PURCHASE_ORDER,PO-004267,PO_CREATED,Purchase order PO-004267 created in ERP
EVT-0004268,2026-08-15 00:00:00,PURCHASE_ORDER,PO-004268,PO_CREATED,Purchase order PO-004268 created in ERP
EVT-0004269,2026-07-04 00:00:00,PURCHASE_ORDER,PO-004269,PO_CREATED,Purchase order PO-004269 created in ERP
EVT-0004270,2026-02-02 00:00:00,PURCHASE_ORDER,PO-004270,PO_CREATED,Purchase order PO-004270 created in ERP
EVT-0004271,2026-06-11 00:00:00,PURCHASE_ORDER,PO-004271,PO_CREATED,Purchase order PO-004271 created in ERP
EVT-0004272,2026-04-13 00:00:00,PURCHASE_ORDER,PO-004272,PO_CREATED,Purchase order PO-004272 created in ERP
EVT-0004273,2026-03-13 00:00:00,PURCHASE_ORDER,PO-004273,PO_CREATED,Purchase order PO-004273 created in ERP
EVT-0004274,2026-04-28 00:00:00,PURCHASE_ORDER,PO-004274,PO_CREATED,Purchase order PO-004274 created in ERP
EVT-0004275,2026-04-24 00:00:00,PURCHASE_ORDER,PO-004275,PO_CREATED,Purchase order PO-004275 created in ERP
EVT-0004276,2026-05-23 00:00:00,PURCHASE_ORDER,PO-004276,PO_CREATED,Purchase order PO-004276 created in ERP
EVT-0004277,2026-02-26 00:00:00,PURCHASE_ORDER,PO-004277,PO_CREATED,Purchase order PO-004277 created in ERP
EVT-0004278,2026-05-02 00:00:00,PURCHASE_ORDER,PO-004278,PO_CREATED,Purchase order PO-004278 created in ERP
EVT-0004279,2026-08-22 00:00:00,PURCHASE_ORDER,PO-004279,PO_CREATED,Purchase order PO-004279 created in ERP
EVT-0004280,2026-03-05 00:00:00,PURCHASE_ORDER,PO-004280,PO_CREATED,Purchase order PO-004280 created in ERP
EVT-0004281,2026-02-09 00:00:00,PURCHASE_ORDER,PO-004281,PO_CREATED,Purchase order PO-004281 created in ERP
EVT-0004282,2026-03-28 00:00:00,PURCHASE_ORDER,PO-004282,PO_CREATED,Purchase order PO-004282 created in ERP
EVT-0004283,2026-04-24 00:00:00,PURCHASE_ORDER,PO-004283,PO_CREATED,Purchase order PO-004283 created in ERP
EVT-0004284,2026-07-08 00:00:00,PURCHASE_ORDER,PO-004284,PO_CREATED,Purchase order PO-004284 created in ERP
EVT-0004285,2026-02-14 00:00:00,PURCHASE_ORDER,PO-004285,PO_CREATED,Purchase order PO-004285 created in ERP
EVT-0004286,2026-04-21 00:00:00,PURCHASE_ORDER,PO-004286,PO_CREATED,Purchase order PO-004286 created in ERP
EVT-0004287,2026-01-20 00:00:00,PURCHASE_ORDER,PO-004287,PO_CREATED,Purchase order PO-004287 created in ERP
EVT-0004288,2026-05-04 00:00:00,PURCHASE_ORDER,PO-004288,PO_CREATED,Purchase order PO-004288 created in ERP
EVT-0004289,2026-02-12 00:00:00,PURCHASE_ORDER,PO-004289,PO_CREATED,Purchase order PO-004289 created in ERP
EVT-0004290,2026-06-03 00:00:00,PURCHASE_ORDER,PO-004290,PO_CREATED,Purchase order PO-004290 created in ERP
EVT-0004291,2026-06-01 00:00:00,PURCHASE_ORDER,PO-004291,PO_CREATED,Purchase order PO-004291 created in ERP
EVT-0004292,2026-03-20 00:00:00,PURCHASE_ORDER,PO-004292,PO_CREATED,Purchase order PO-004292 created in ERP
EVT-0004293,2026-05-08 00:00:00,PURCHASE_ORDER,PO-004293,PO_CREATED,Purchase order PO-004293 created in ERP
EVT-0004294,2026-02-04 00:00:00,PURCHASE_ORDER,PO-004294,PO_CREATED,Purchase order PO-004294 created in ERP
EVT-0004295,2026-06-26 00:00:00,PURCHASE_ORDER,PO-004295,PO_CREATED,Purchase order PO-004295 created in ERP
EVT-0004296,2026-01-31 00:00:00,PURCHASE_ORDER,PO-004296,PO_CREATED,Purchase order PO-004296 created in ERP
EVT-0004297,2026-08-01 00:00:00,PURCHASE_ORDER,PO-004297,PO_CREATED,Purchase order PO-004297 created in ERP
EVT-0004298,2026-04-27 00:00:00,PURCHASE_ORDER,PO-004298,PO_CREATED,Purchase order PO-004298 created in ERP
EVT-0004299,2026-08-19 00:00:00,PURCHASE_ORDER,PO-004299,PO_CREATED,Purchase order PO-004299 created in ERP
EVT-0004300,2026-05-15 00:00:00,PURCHASE_ORDER,PO-004300,PO_CREATED,Purchase order PO-004300 created in ERP
EVT-0004301,2026-04-09 00:00:00,PURCHASE_ORDER,PO-004301,PO_CREATED,Purchase order PO-004301 created in ERP
EVT-0004302,2026-03-29 00:00:00,PURCHASE_ORDER,PO-004302,PO_CREATED,Purchase order PO-004302 created in ERP
EVT-0004303,2026-06-07 00:00:00,PURCHASE_ORDER,PO-004303,PO_CREATED,Purchase order PO-004303 created in ERP
EVT-0004304,2026-01-11 00:00:00,PURCHASE_ORDER,PO-004304,PO_CREATED,Purchase order PO-004304 created in ERP
EVT-0004305,2026-05-04 00:00:00,PURCHASE_ORDER,PO-004305,PO_CREATED,Purchase order PO-004305 created in ERP
EVT-0004306,2026-01-03 00:00:00,PURCHASE_ORDER,PO-004306,PO_CREATED,Purchase order PO-004306 created in ERP
EVT-0004307,2026-01-14 00:00:00,PURCHASE_ORDER,PO-004307,PO_CREATED,Purchase order PO-004307 created in ERP
EVT-0004308,2026-02-05 00:00:00,PURCHASE_ORDER,PO-004308,PO_CREATED,Purchase order PO-004308 created in ERP
EVT-0004309,2026-07-05 00:00:00,PURCHASE_ORDER,PO-004309,PO_CREATED,Purchase order PO-004309 created in ERP
EVT-0004310,2026-02-20 00:00:00,PURCHASE_ORDER,PO-004310,PO_CREATED,Purchase order PO-004310 created in ERP
EVT-0004311,2026-01-26 00:00:00,PURCHASE_ORDER,PO-004311,PO_CREATED,Purchase order PO-004311 created in ERP
EVT-0004312,2026-07-09 00:00:00,PURCHASE_ORDER,PO-004312,PO_CREATED,Purchase order PO-004312 created in ERP
EVT-0004313,2026-07-24 00:00:00,PURCHASE_ORDER,PO-004313,PO_CREATED,Purchase order PO-004313 created in ERP
EVT-0004314,2026-03-30 00:00:00,PURCHASE_ORDER,PO-004314,PO_CREATED,Purchase order PO-004314 created in ERP
EVT-0004315,2026-06-05 00:00:00,PURCHASE_ORDER,PO-004315,PO_CREATED,Purchase order PO-004315 created in ERP
EVT-0004316,2026-04-21 00:00:00,PURCHASE_ORDER,PO-004316,PO_CREATED,Purchase order PO-004316 created in ERP
EVT-0004317,2026-06-21 00:00:00,PURCHASE_ORDER,PO-004317,PO_CREATED,Purchase order PO-004317 created in ERP
EVT-0004318,2026-03-04 00:00:00,PURCHASE_ORDER,PO-004318,PO_CREATED,Purchase order PO-004318 created in ERP
EVT-0004319,2026-08-17 00:00:00,PURCHASE_ORDER,PO-004319,PO_CREATED,Purchase order PO-004319 created in ERP
EVT-0004320,2026-02-23 00:00:00,PURCHASE_ORDER,PO-004320,PO_CREATED,Purchase order PO-004320 created in ERP
EVT-0004321,2026-01-19 00:00:00,PURCHASE_ORDER,PO-004321,PO_CREATED,Purchase order PO-004321 created in ERP
EVT-0004322,2026-03-29 00:00:00,PURCHASE_ORDER,PO-004322,PO_CREATED,Purchase order PO-004322 created in ERP
EVT-0004323,2026-05-29 00:00:00,PURCHASE_ORDER,PO-004323,PO_CREATED,Purchase order PO-004323 created in ERP
EVT-0004324,2026-06-04 00:00:00,PURCHASE_ORDER,PO-004324,PO_CREATED,Purchase order PO-004324 created in ERP
EVT-0004325,2026-02-14 00:00:00,PURCHASE_ORDER,PO-004325,PO_CREATED,Purchase order PO-004325 created in ERP
EVT-0004326,2026-03-14 00:00:00,PURCHASE_ORDER,PO-004326,PO_CREATED,Purchase order PO-004326 created in ERP
EVT-0004327,2026-05-08 00:00:00,PURCHASE_ORDER,PO-004327,PO_CREATED,Purchase order PO-004327 created in ERP
EVT-0004328,2026-01-27 00:00:00,PURCHASE_ORDER,PO-004328,PO_CREATED,Purchase order PO-004328 created in ERP
EVT-0004329,2026-02-04 00:00:00,PURCHASE_ORDER,PO-004329,PO_CREATED,Purchase order PO-004329 created in ERP
EVT-0004330,2026-04-06 00:00:00,PURCHASE_ORDER,PO-004330,PO_CREATED,Purchase order PO-004330 created in ERP
EVT-0004331,2026-08-29 00:00:00,PURCHASE_ORDER,PO-004331,PO_CREATED,Purchase order PO-004331 created in ERP
EVT-0004332,2026-02-06 00:00:00,PURCHASE_ORDER,PO-004332,PO_CREATED,Purchase order PO-004332 created in ERP
EVT-0004333,2026-05-19 00:00:00,PURCHASE_ORDER,PO-004333,PO_CREATED,Purchase order PO-004333 created in ERP
EVT-0004334,2026-06-21 00:00:00,PURCHASE_ORDER,PO-004334,PO_CREATED,Purchase order PO-004334 created in ERP
EVT-0004335,2026-02-19 00:00:00,PURCHASE_ORDER,PO-004335,PO_CREATED,Purchase order PO-004335 created in ERP
EVT-0004336,2026-05-19 00:00:00,PURCHASE_ORDER,PO-004336,PO_CREATED,Purchase order PO-004336 created in ERP
EVT-0004337,2026-01-31 00:00:00,PURCHASE_ORDER,PO-004337,PO_CREATED,Purchase order PO-004337 created in ERP
EVT-0004338,2026-04-28 00:00:00,PURCHASE_ORDER,PO-004338,PO_CREATED,Purchase order PO-004338 created in ERP
EVT-0004339,2026-03-07 00:00:00,PURCHASE_ORDER,PO-004339,PO_CREATED,Purchase order PO-004339 created in ERP
EVT-0004340,2026-08-23 00:00:00,PURCHASE_ORDER,PO-004340,PO_CREATED,Purchase order PO-004340 created in ERP
EVT-0004341,2026-05-12 00:00:00,PURCHASE_ORDER,PO-004341,PO_CREATED,Purchase order PO-004341 created in ERP
EVT-0004342,2026-08-13 00:00:00,PURCHASE_ORDER,PO-004342,PO_CREATED,Purchase order PO-004342 created in ERP
EVT-0004343,2026-07-27 00:00:00,PURCHASE_ORDER,PO-004343,PO_CREATED,Purchase order PO-004343 created in ERP
EVT-0004344,2026-06-09 00:00:00,PURCHASE_ORDER,PO-004344,PO_CREATED,Purchase order PO-004344 created in ERP
EVT-0004345,2026-05-21 00:00:00,PURCHASE_ORDER,PO-004345,PO_CREATED,Purchase order PO-004345 created in ERP
EVT-0004346,2026-03-26 00:00:00,PURCHASE_ORDER,PO-004346,PO_CREATED,Purchase order PO-004346 created in ERP
EVT-0004347,2026-07-29 00:00:00,PURCHASE_ORDER,PO-004347,PO_CREATED,Purchase order PO-004347 created in ERP
EVT-0004348,2026-03-22 00:00:00,PURCHASE_ORDER,PO-004348,PO_CREATED,Purchase order PO-004348 created in ERP
EVT-0004349,2026-01-30 00:00:00,PURCHASE_ORDER,PO-004349,PO_CREATED,Purchase order PO-004349 created in ERP
EVT-0004350,2026-03-25 00:00:00,PURCHASE_ORDER,PO-004350,PO_CREATED,Purchase order PO-004350 created in ERP
EVT-0004351,2026-03-28 00:00:00,PURCHASE_ORDER,PO-004351,PO_CREATED,Purchase order PO-004351 created in ERP
EVT-0004352,2026-03-30 00:00:00,PURCHASE_ORDER,PO-004352,PO_CREATED,Purchase order PO-004352 created in ERP
EVT-0004353,2026-07-08 00:00:00,PURCHASE_ORDER,PO-004353,PO_CREATED,Purchase order PO-004353 created in ERP
EVT-0004354,2026-07-11 00:00:00,PURCHASE_ORDER,PO-004354,PO_CREATED,Purchase order PO-004354 created in ERP
EVT-0004355,2026-03-13 00:00:00,PURCHASE_ORDER,PO-004355,PO_CREATED,Purchase order PO-004355 created in ERP
EVT-0004356,2026-02-18 00:00:00,PURCHASE_ORDER,PO-004356,PO_CREATED,Purchase order PO-004356 created in ERP
EVT-0004357,2026-07-05 00:00:00,PURCHASE_ORDER,PO-004357,PO_CREATED,Purchase order PO-004357 created in ERP
EVT-0004358,2026-06-15 00:00:00,PURCHASE_ORDER,PO-004358,PO_CREATED,Purchase order PO-004358 created in ERP
EVT-0004359,2026-01-23 00:00:00,PURCHASE_ORDER,PO-004359,PO_CREATED,Purchase order PO-004359 created in ERP
EVT-0004360,2026-06-13 00:00:00,PURCHASE_ORDER,PO-004360,PO_CREATED,Purchase order PO-004360 created in ERP
EVT-0004361,2026-05-05 00:00:00,PURCHASE_ORDER,PO-004361,PO_CREATED,Purchase order PO-004361 created in ERP
EVT-0004362,2026-04-26 00:00:00,PURCHASE_ORDER,PO-004362,PO_CREATED,Purchase order PO-004362 created in ERP
EVT-0004363,2026-04-13 00:00:00,PURCHASE_ORDER,PO-004363,PO_CREATED,Purchase order PO-004363 created in ERP
EVT-0004364,2026-08-11 00:00:00,PURCHASE_ORDER,PO-004364,PO_CREATED,Purchase order PO-004364 created in ERP
EVT-0004365,2026-02-18 00:00:00,PURCHASE_ORDER,PO-004365,PO_CREATED,Purchase order PO-004365 created in ERP
EVT-0004366,2026-06-23 00:00:00,PURCHASE_ORDER,PO-004366,PO_CREATED,Purchase order PO-004366 created in ERP
EVT-0004367,2026-06-11 00:00:00,PURCHASE_ORDER,PO-004367,PO_CREATED,Purchase order PO-004367 created in ERP
EVT-0004368,2026-08-25 00:00:00,PURCHASE_ORDER,PO-004368,PO_CREATED,Purchase order PO-004368 created in ERP
EVT-0004369,2026-01-04 00:00:00,PURCHASE_ORDER,PO-004369,PO_CREATED,Purchase order PO-004369 created in ERP
EVT-0004370,2026-02-27 00:00:00,PURCHASE_ORDER,PO-004370,PO_CREATED,Purchase order PO-004370 created in ERP
EVT-0004371,2026-05-29 00:00:00,PURCHASE_ORDER,PO-004371,PO_CREATED,Purchase order PO-004371 created in ERP
EVT-0004372,2026-08-29 00:00:00,PURCHASE_ORDER,PO-004372,PO_CREATED,Purchase order PO-004372 created in ERP
EVT-0004373,2026-08-13 00:00:00,PURCHASE_ORDER,PO-004373,PO_CREATED,Purchase order PO-004373 created in ERP
EVT-0004374,2026-04-08 00:00:00,PURCHASE_ORDER,PO-004374,PO_CREATED,Purchase order PO-004374 created in ERP
EVT-0004375,2026-03-28 00:00:00,PURCHASE_ORDER,PO-004375,PO_CREATED,Purchase order PO-004375 created in ERP
EVT-0004376,2026-01-03 00:00:00,PURCHASE_ORDER,PO-004376,PO_CREATED,Purchase order PO-004376 created in ERP
EVT-0004377,2026-05-21 00:00:00,PURCHASE_ORDER,PO-004377,PO_CREATED,Purchase order PO-004377 created in ERP
EVT-0004378,2026-05-23 00:00:00,PURCHASE_ORDER,PO-004378,PO_CREATED,Purchase order PO-004378 created in ERP
EVT-0004379,2026-01-14 00:00:00,PURCHASE_ORDER,PO-004379,PO_CREATED,Purchase order PO-004379 created in ERP
EVT-0004380,2026-07-20 00:00:00,PURCHASE_ORDER,PO-004380,PO_CREATED,Purchase order PO-004380 created in ERP
EVT-0004381,2026-04-10 00:00:00,PURCHASE_ORDER,PO-004381,PO_CREATED,Purchase order PO-004381 created in ERP
EVT-0004382,2026-01-04 00:00:00,PURCHASE_ORDER,PO-004382,PO_CREATED,Purchase order PO-004382 created in ERP
EVT-0004383,2026-08-13 00:00:00,PURCHASE_ORDER,PO-004383,PO_CREATED,Purchase order PO-004383 created in ERP
EVT-0004384,2026-03-30 00:00:00,PURCHASE_ORDER,PO-004384,PO_CREATED,Purchase order PO-004384 created in ERP
EVT-0004385,2026-04-29 00:00:00,PURCHASE_ORDER,PO-004385,PO_CREATED,Purchase order PO-004385 created in ERP
EVT-0004386,2026-06-06 00:00:00,PURCHASE_ORDER,PO-004386,PO_CREATED,Purchase order PO-004386 created in ERP
EVT-0004387,2026-08-21 00:00:00,PURCHASE_ORDER,PO-004387,PO_CREATED,Purchase order PO-004387 created in ERP
EVT-0004388,2026-04-12 00:00:00,PURCHASE_ORDER,PO-004388,PO_CREATED,Purchase order PO-004388 created in ERP
EVT-0004389,2026-03-29 00:00:00,PURCHASE_ORDER,PO-004389,PO_CREATED,Purchase order PO-004389 created in ERP
EVT-0004390,2026-01-23 00:00:00,PURCHASE_ORDER,PO-004390,PO_CREATED,Purchase order PO-004390 created in ERP
EVT-0004391,2026-04-17 00:00:00,PURCHASE_ORDER,PO-004391,PO_CREATED,Purchase order PO-004391 created in ERP
EVT-0004392,2026-04-02 00:00:00,PURCHASE_ORDER,PO-004392,PO_CREATED,Purchase order PO-004392 created in ERP
EVT-0004393,2026-04-19 00:00:00,PURCHASE_ORDER,PO-004393,PO_CREATED,Purchase order PO-004393 created in ERP
EVT-0004394,2026-05-28 00:00:00,PURCHASE_ORDER,PO-004394,PO_CREATED,Purchase order PO-004394 created in ERP
EVT-0004395,2026-02-17 00:00:00,PURCHASE_ORDER,PO-004395,PO_CREATED,Purchase order PO-004395 created in ERP
EVT-0004396,2026-01-04 00:00:00,PURCHASE_ORDER,PO-004396,PO_CREATED,Purchase order PO-004396 created in ERP
EVT-0004397,2026-06-23 00:00:00,PURCHASE_ORDER,PO-004397,PO_CREATED,Purchase order PO-004397 created in ERP
EVT-0004398,2026-08-17 00:00:00,PURCHASE_ORDER,PO-004398,PO_CREATED,Purchase order PO-004398 created in ERP
EVT-0004399,2026-07-26 00:00:00,PURCHASE_ORDER,PO-004399,PO_CREATED,Purchase order PO-004399 created in ERP
EVT-0004400,2026-02-20 00:00:00,PURCHASE_ORDER,PO-004400,PO_CREATED,Purchase order PO-004400 created in ERP
EVT-0004401,2026-01-06 00:00:00,PURCHASE_ORDER,PO-004401,PO_CREATED,Purchase order PO-004401 created in ERP
EVT-0004402,2026-06-10 00:00:00,PURCHASE_ORDER,PO-004402,PO_CREATED,Purchase order PO-004402 created in ERP
EVT-0004403,2026-02-17 00:00:00,PURCHASE_ORDER,PO-004403,PO_CREATED,Purchase order PO-004403 created in ERP
EVT-0004404,2026-03-26 00:00:00,PURCHASE_ORDER,PO-004404,PO_CREATED,Purchase order PO-004404 created in ERP
EVT-0004405,2026-04-01 00:00:00,PURCHASE_ORDER,PO-004405,PO_CREATED,Purchase order PO-004405 created in ERP
EVT-0004406,2026-05-20 00:00:00,PURCHASE_ORDER,PO-004406,PO_CREATED,Purchase order PO-004406 created in ERP
EVT-0004407,2026-04-07 00:00:00,PURCHASE_ORDER,PO-004407,PO_CREATED,Purchase order PO-004407 created in ERP
EVT-0004408,2026-04-02 00:00:00,PURCHASE_ORDER,PO-004408,PO_CREATED,Purchase order PO-004408 created in ERP
EVT-0004409,2026-03-10 00:00:00,PURCHASE_ORDER,PO-004409,PO_CREATED,Purchase order PO-004409 created in ERP
EVT-0004410,2026-04-08 00:00:00,PURCHASE_ORDER,PO-004410,PO_CREATED,Purchase order PO-004410 created in ERP
EVT-0004411,2026-03-01 00:00:00,PURCHASE_ORDER,PO-004411,PO_CREATED,Purchase order PO-004411 created in ERP
EVT-0004412,2026-01-27 00:00:00,PURCHASE_ORDER,PO-004412,PO_CREATED,Purchase order PO-004412 created in ERP
EVT-0004413,2026-02-16 00:00:00,PURCHASE_ORDER,PO-004413,PO_CREATED,Purchase order PO-004413 created in ERP
EVT-0004414,2026-07-01 00:00:00,PURCHASE_ORDER,PO-004414,PO_CREATED,Purchase order PO-004414 created in ERP
EVT-0004415,2026-07-05 00:00:00,PURCHASE_ORDER,PO-004415,PO_CREATED,Purchase order PO-004415 created in ERP
EVT-0004416,2026-05-22 00:00:00,PURCHASE_ORDER,PO-004416,PO_CREATED,Purchase order PO-004416 created in ERP
EVT-0004417,2026-08-06 00:00:00,PURCHASE_ORDER,PO-004417,PO_CREATED,Purchase order PO-004417 created in ERP
EVT-0004418,2026-08-25 00:00:00,PURCHASE_ORDER,PO-004418,PO_CREATED,Purchase order PO-004418 created in ERP
EVT-0004419,2026-06-25 00:00:00,PURCHASE_ORDER,PO-004419,PO_CREATED,Purchase order PO-004419 created in ERP
EVT-0004420,2026-08-17 00:00:00,PURCHASE_ORDER,PO-004420,PO_CREATED,Purchase order PO-004420 created in ERP
EVT-0004421,2026-05-19 00:00:00,PURCHASE_ORDER,PO-004421,PO_CREATED,Purchase order PO-004421 created in ERP
EVT-0004422,2026-07-30 00:00:00,PURCHASE_ORDER,PO-004422,PO_CREATED,Purchase order PO-004422 created in ERP
EVT-0004423,2026-03-27 00:00:00,PURCHASE_ORDER,PO-004423,PO_CREATED,Purchase order PO-004423 created in ERP
EVT-0004424,2026-05-16 00:00:00,PURCHASE_ORDER,PO-004424,PO_CREATED,Purchase order PO-004424 created in ERP
EVT-0004425,2026-06-07 00:00:00,PURCHASE_ORDER,PO-004425,PO_CREATED,Purchase order PO-004425 created in ERP
EVT-0004426,2026-07-31 00:00:00,PURCHASE_ORDER,PO-004426,PO_CREATED,Purchase order PO-004426 created in ERP
EVT-0004427,2026-03-11 00:00:00,PURCHASE_ORDER,PO-004427,PO_CREATED,Purchase order PO-004427 created in ERP
EVT-0004428,2026-03-30 00:00:00,PURCHASE_ORDER,PO-004428,PO_CREATED,Purchase order PO-004428 created in ERP
EVT-0004429,2026-07-03 00:00:00,PURCHASE_ORDER,PO-004429,PO_CREATED,Purchase order PO-004429 created in ERP
EVT-0004430,2026-04-12 00:00:00,PURCHASE_ORDER,PO-004430,PO_CREATED,Purchase order PO-004430 created in ERP
EVT-0004431,2026-01-10 00:00:00,PURCHASE_ORDER,PO-004431,PO_CREATED,Purchase order PO-004431 created in ERP
EVT-0004432,2026-02-10 00:00:00,PURCHASE_ORDER,PO-004432,PO_CREATED,Purchase order PO-004432 created in ERP
EVT-0004433,2026-04-05 00:00:00,PURCHASE_ORDER,PO-004433,PO_CREATED,Purchase order PO-004433 created in ERP
EVT-0004434,2026-05-16 00:00:00,PURCHASE_ORDER,PO-004434,PO_CREATED,Purchase order PO-004434 created in ERP
EVT-0004435,2026-02-18 00:00:00,PURCHASE_ORDER,PO-004435,PO_CREATED,Purchase order PO-004435 created in ERP
EVT-0004436,2026-08-18 00:00:00,PURCHASE_ORDER,PO-004436,PO_CREATED,Purchase order PO-004436 created in ERP
EVT-0004437,2026-05-12 00:00:00,PURCHASE_ORDER,PO-004437,PO_CREATED,Purchase order PO-004437 created in ERP
EVT-0004438,2026-06-29 00:00:00,PURCHASE_ORDER,PO-004438,PO_CREATED,Purchase order PO-004438 created in ERP
EVT-0004439,2026-01-28 00:00:00,PURCHASE_ORDER,PO-004439,PO_CREATED,Purchase order PO-004439 created in ERP
EVT-0004440,2026-02-22 00:00:00,PURCHASE_ORDER,PO-004440,PO_CREATED,Purchase order PO-004440 created in ERP
EVT-0004441,2026-07-20 00:00:00,PURCHASE_ORDER,PO-004441,PO_CREATED,Purchase order PO-004441 created in ERP
EVT-0004442,2026-08-09 00:00:00,PURCHASE_ORDER,PO-004442,PO_CREATED,Purchase order PO-004442 created in ERP
EVT-0004443,2026-08-14 00:00:00,PURCHASE_ORDER,PO-004443,PO_CREATED,Purchase order PO-004443 created in ERP
EVT-0004444,2026-02-26 00:00:00,PURCHASE_ORDER,PO-004444,PO_CREATED,Purchase order PO-004444 created in ERP
EVT-0004445,2026-06-23 00:00:00,PURCHASE_ORDER,PO-004445,PO_CREATED,Purchase order PO-004445 created in ERP
EVT-0004446,2026-05-20 00:00:00,PURCHASE_ORDER,PO-004446,PO_CREATED,Purchase order PO-004446 created in ERP
EVT-0004447,2026-04-01 00:00:00,PURCHASE_ORDER,PO-004447,PO_CREATED,Purchase order PO-004447 created in ERP
EVT-0004448,2026-07-27 00:00:00,PURCHASE_ORDER,PO-004448,PO_CREATED,Purchase order PO-004448 created in ERP
EVT-0004449,2026-08-06 00:00:00,PURCHASE_ORDER,PO-004449,PO_CREATED,Purchase order PO-004449 created in ERP
EVT-0004450,2026-03-19 00:00:00,PURCHASE_ORDER,PO-004450,PO_CREATED,Purchase order PO-004450 created in ERP
EVT-0004451,2026-02-17 00:00:00,PURCHASE_ORDER,PO-004451,PO_CREATED,Purchase order PO-004451 created in ERP
EVT-0004452,2026-06-22 00:00:00,PURCHASE_ORDER,PO-004452,PO_CREATED,Purchase order PO-004452 created in ERP
EVT-0004453,2026-03-13 00:00:00,PURCHASE_ORDER,PO-004453,PO_CREATED,Purchase order PO-004453 created in ERP
EVT-0004454,2026-08-12 00:00:00,PURCHASE_ORDER,PO-004454,PO_CREATED,Purchase order PO-004454 created in ERP
EVT-0004455,2026-02-27 00:00:00,PURCHASE_ORDER,PO-004455,PO_CREATED,Purchase order PO-004455 created in ERP
EVT-0004456,2026-03-15 00:00:00,PURCHASE_ORDER,PO-004456,PO_CREATED,Purchase order PO-004456 created in ERP
EVT-0004457,2026-06-05 00:00:00,PURCHASE_ORDER,PO-004457,PO_CREATED,Purchase order PO-004457 created in ERP
EVT-0004458,2026-04-15 00:00:00,PURCHASE_ORDER,PO-004458,PO_CREATED,Purchase order PO-004458 created in ERP
EVT-0004459,2026-02-21 00:00:00,PURCHASE_ORDER,PO-004459,PO_CREATED,Purchase order PO-004459 created in ERP
EVT-0004460,2026-04-02 00:00:00,PURCHASE_ORDER,PO-004460,PO_CREATED,Purchase order PO-004460 created in ERP
EVT-0004461,2026-01-06 00:00:00,PURCHASE_ORDER,PO-004461,PO_CREATED,Purchase order PO-004461 created in ERP
EVT-0004462,2026-07-25 00:00:00,PURCHASE_ORDER,PO-004462,PO_CREATED,Purchase order PO-004462 created in ERP
EVT-0004463,2026-04-01 00:00:00,PURCHASE_ORDER,PO-004463,PO_CREATED,Purchase order PO-004463 created in ERP
EVT-0004464,2026-03-08 00:00:00,PURCHASE_ORDER,PO-004464,PO_CREATED,Purchase order PO-004464 created in ERP
EVT-0004465,2026-04-23 00:00:00,PURCHASE_ORDER,PO-004465,PO_CREATED,Purchase order PO-004465 created in ERP
EVT-0004466,2026-06-03 00:00:00,PURCHASE_ORDER,PO-004466,PO_CREATED,Purchase order PO-004466 created in ERP
EVT-0004467,2026-01-14 00:00:00,PURCHASE_ORDER,PO-004467,PO_CREATED,Purchase order PO-004467 created in ERP
EVT-0004468,2026-07-22 00:00:00,PURCHASE_ORDER,PO-004468,PO_CREATED,Purchase order PO-004468 created in ERP
EVT-0004469,2026-01-04 00:00:00,PURCHASE_ORDER,PO-004469,PO_CREATED,Purchase order PO-004469 created in ERP
EVT-0004470,2026-08-08 00:00:00,PURCHASE_ORDER,PO-004470,PO_CREATED,Purchase order PO-004470 created in ERP
EVT-0004471,2026-05-09 00:00:00,PURCHASE_ORDER,PO-004471,PO_CREATED,Purchase order PO-004471 created in ERP
EVT-0004472,2026-06-12 00:00:00,PURCHASE_ORDER,PO-004472,PO_CREATED,Purchase order PO-004472 created in ERP
EVT-0004473,2026-01-04 00:00:00,PURCHASE_ORDER,PO-004473,PO_CREATED,Purchase order PO-004473 created in ERP
EVT-0004474,2026-01-09 00:00:00,PURCHASE_ORDER,PO-004474,PO_CREATED,Purchase order PO-004474 created in ERP
EVT-0004475,2026-06-22 00:00:00,PURCHASE_ORDER,PO-004475,PO_CREATED,Purchase order PO-004475 created in ERP
EVT-0004476,2026-07-30 00:00:00,PURCHASE_ORDER,PO-004476,PO_CREATED,Purchase order PO-004476 created in ERP
EVT-0004477,2026-03-28 00:00:00,PURCHASE_ORDER,PO-004477,PO_CREATED,Purchase order PO-004477 created in ERP
EVT-0004478,2026-01-30 00:00:00,PURCHASE_ORDER,PO-004478,PO_CREATED,Purchase order PO-004478 created in ERP
EVT-0004479,2026-07-24 00:00:00,PURCHASE_ORDER,PO-004479,PO_CREATED,Purchase order PO-004479 created in ERP
EVT-0004480,2026-01-04 00:00:00,PURCHASE_ORDER,PO-004480,PO_CREATED,Purchase order PO-004480 created in ERP
EVT-0004481,2026-02-20 00:00:00,PURCHASE_ORDER,PO-004481,PO_CREATED,Purchase order PO-004481 created in ERP
EVT-0004482,2026-05-06 00:00:00,PURCHASE_ORDER,PO-004482,PO_CREATED,Purchase order PO-004482 created in ERP
EVT-0004483,2026-01-04 00:00:00,PURCHASE_ORDER,PO-004483,PO_CREATED,Purchase order PO-004483 created in ERP
EVT-0004484,2026-02-26 00:00:00,PURCHASE_ORDER,PO-004484,PO_CREATED,Purchase order PO-004484 created in ERP
EVT-0004485,2026-06-05 00:00:00,PURCHASE_ORDER,PO-004485,PO_CREATED,Purchase order PO-004485 created in ERP
EVT-0004486,2026-01-25 00:00:00,PURCHASE_ORDER,PO-004486,PO_CREATED,Purchase order PO-004486 created in ERP
EVT-0004487,2026-01-07 00:00:00,PURCHASE_ORDER,PO-004487,PO_CREATED,Purchase order PO-004487 created in ERP
EVT-0004488,2026-07-27 00:00:00,PURCHASE_ORDER,PO-004488,PO_CREATED,Purchase order PO-004488 created in ERP
EVT-0004489,2026-04-13 00:00:00,PURCHASE_ORDER,PO-004489,PO_CREATED,Purchase order PO-004489 created in ERP
EVT-0004490,2026-05-01 00:00:00,PURCHASE_ORDER,PO-004490,PO_CREATED,Purchase order PO-004490 created in ERP
EVT-0004491,2026-07-29 00:00:00,PURCHASE_ORDER,PO-004491,PO_CREATED,Purchase order PO-004491 created in ERP
EVT-0004492,2026-03-15 00:00:00,PURCHASE_ORDER,PO-004492,PO_CREATED,Purchase order PO-004492 created in ERP
EVT-0004493,2026-06-20 00:00:00,PURCHASE_ORDER,PO-004493,PO_CREATED,Purchase order PO-004493 created in ERP
EVT-0004494,2026-01-28 00:00:00,PURCHASE_ORDER,PO-004494,PO_CREATED,Purchase order PO-004494 created in ERP
EVT-0004495,2026-04-19 00:00:00,PURCHASE_ORDER,PO-004495,PO_CREATED,Purchase order PO-004495 created in ERP
EVT-0004496,2026-07-31 00:00:00,PURCHASE_ORDER,PO-004496,PO_CREATED,Purchase order PO-004496 created in ERP
EVT-0004497,2026-01-23 00:00:00,PURCHASE_ORDER,PO-004497,PO_CREATED,Purchase order PO-004497 created in ERP
EVT-0004498,2026-08-24 00:00:00,PURCHASE_ORDER,PO-004498,PO_CREATED,Purchase order PO-004498 created in ERP
EVT-0004499,2026-04-13 00:00:00,PURCHASE_ORDER,PO-004499,PO_CREATED,Purchase order PO-004499 created in ERP
EVT-0004500,2026-06-17 00:00:00,PURCHASE_ORDER,PO-004500,PO_CREATED,Purchase order PO-004500 created in ERP
EVT-0004501,2026-02-27 00:00:00,PURCHASE_ORDER,PO-004501,PO_CREATED,Purchase order PO-004501 created in ERP
EVT-0004502,2026-04-06 00:00:00,PURCHASE_ORDER,PO-004502,PO_CREATED,Purchase order PO-004502 created in ERP
EVT-0004503,2026-07-16 00:00:00,PURCHASE_ORDER,PO-004503,PO_CREATED,Purchase order PO-004503 created in ERP
EVT-0004504,2026-04-09 00:00:00,PURCHASE_ORDER,PO-004504,PO_CREATED,Purchase order PO-004504 created in ERP
EVT-0004505,2026-05-24 00:00:00,PURCHASE_ORDER,PO-004505,PO_CREATED,Purchase order PO-004505 created in ERP
EVT-0004506,2026-01-24 00:00:00,PURCHASE_ORDER,PO-004506,PO_CREATED,Purchase order PO-004506 created in ERP
EVT-0004507,2026-02-24 00:00:00,PURCHASE_ORDER,PO-004507,PO_CREATED,Purchase order PO-004507 created in ERP
EVT-0004508,2026-01-03 00:00:00,PURCHASE_ORDER,PO-004508,PO_CREATED,Purchase order PO-004508 created in ERP
EVT-0004509,2026-01-26 00:00:00,PURCHASE_ORDER,PO-004509,PO_CREATED,Purchase order PO-004509 created in ERP
EVT-0004510,2026-01-30 00:00:00,PURCHASE_ORDER,PO-004510,PO_CREATED,Purchase order PO-004510 created in ERP
EVT-0004511,2026-08-28 00:00:00,PURCHASE_ORDER,PO-004511,PO_CREATED,Purchase order PO-004511 created in ERP
EVT-0004512,2026-06-20 00:00:00,PURCHASE_ORDER,PO-004512,PO_CREATED,Purchase order PO-004512 created in ERP
EVT-0004513,2026-08-07 00:00:00,PURCHASE_ORDER,PO-004513,PO_CREATED,Purchase order PO-004513 created in ERP
EVT-0004514,2026-03-04 00:00:00,PURCHASE_ORDER,PO-004514,PO_CREATED,Purchase order PO-004514 created in ERP
EVT-0004515,2026-05-08 00:00:00,PURCHASE_ORDER,PO-004515,PO_CREATED,Purchase order PO-004515 created in ERP
EVT-0004516,2026-04-26 00:00:00,PURCHASE_ORDER,PO-004516,PO_CREATED,Purchase order PO-004516 created in ERP
EVT-0004517,2026-02-04 00:00:00,PURCHASE_ORDER,PO-004517,PO_CREATED,Purchase order PO-004517 created in ERP
EVT-0004518,2026-05-26 00:00:00,PURCHASE_ORDER,PO-004518,PO_CREATED,Purchase order PO-004518 created in ERP
EVT-0004519,2026-06-26 00:00:00,PURCHASE_ORDER,PO-004519,PO_CREATED,Purchase order PO-004519 created in ERP
EVT-0004520,2026-07-08 00:00:00,PURCHASE_ORDER,PO-004520,PO_CREATED,Purchase order PO-004520 created in ERP
EVT-0004521,2026-04-12 00:00:00,PURCHASE_ORDER,PO-004521,PO_CREATED,Purchase order PO-004521 created in ERP
EVT-0004522,2026-01-04 00:00:00,PURCHASE_ORDER,PO-004522,PO_CREATED,Purchase order PO-004522 created in ERP
EVT-0004523,2026-05-26 00:00:00,PURCHASE_ORDER,PO-004523,PO_CREATED,Purchase order PO-004523 created in ERP
EVT-0004524,2026-03-12 00:00:00,PURCHASE_ORDER,PO-004524,PO_CREATED,Purchase order PO-004524 created in ERP
EVT-0004525,2026-03-09 00:00:00,PURCHASE_ORDER,PO-004525,PO_CREATED,Purchase order PO-004525 created in ERP
EVT-0004526,2026-02-17 00:00:00,PURCHASE_ORDER,PO-004526,PO_CREATED,Purchase order PO-004526 created in ERP
EVT-0004527,2026-08-28 00:00:00,PURCHASE_ORDER,PO-004527,PO_CREATED,Purchase order PO-004527 created in ERP
EVT-0004528,2026-05-04 00:00:00,PURCHASE_ORDER,PO-004528,PO_CREATED,Purchase order PO-004528 created in ERP
EVT-0004529,2026-01-09 00:00:00,PURCHASE_ORDER,PO-004529,PO_CREATED,Purchase order PO-004529 created in ERP
EVT-0004530,2026-04-13 00:00:00,PURCHASE_ORDER,PO-004530,PO_CREATED,Purchase order PO-004530 created in ERP
EVT-0004531,2026-02-11 00:00:00,PURCHASE_ORDER,PO-004531,PO_CREATED,Purchase order PO-004531 created in ERP
EVT-0004532,2026-05-21 00:00:00,PURCHASE_ORDER,PO-004532,PO_CREATED,Purchase order PO-004532 created in ERP
EVT-0004533,2026-08-13 00:00:00,PURCHASE_ORDER,PO-004533,PO_CREATED,Purchase order PO-004533 created in ERP
EVT-0004534,2026-05-10 00:00:00,PURCHASE_ORDER,PO-004534,PO_CREATED,Purchase order PO-004534 created in ERP
EVT-0004535,2026-07-08 00:00:00,PURCHASE_ORDER,PO-004535,PO_CREATED,Purchase order PO-004535 created in ERP
EVT-0004536,2026-08-23 00:00:00,PURCHASE_ORDER,PO-004536,PO_CREATED,Purchase order PO-004536 created in ERP
EVT-0004537,2026-07-01 00:00:00,PURCHASE_ORDER,PO-004537,PO_CREATED,Purchase order PO-004537 created in ERP
EVT-0004538,2026-07-27 00:00:00,PURCHASE_ORDER,PO-004538,PO_CREATED,Purchase order PO-004538 created in ERP
EVT-0004539,2026-08-27 00:00:00,PURCHASE_ORDER,PO-004539,PO_CREATED,Purchase order PO-004539 created in ERP
EVT-0004540,2026-02-25 00:00:00,PURCHASE_ORDER,PO-004540,PO_CREATED,Purchase order PO-004540 created in ERP
EVT-0004541,2026-08-28 00:00:00,PURCHASE_ORDER,PO-004541,PO_CREATED,Purchase order PO-004541 created in ERP
EVT-0004542,2026-06-15 00:00:00,PURCHASE_ORDER,PO-004542,PO_CREATED,Purchase order PO-004542 created in ERP
EVT-0004543,2026-01-17 00:00:00,PURCHASE_ORDER,PO-004543,PO_CREATED,Purchase order PO-004543 created in ERP
EVT-0004544,2026-03-29 00:00:00,PURCHASE_ORDER,PO-004544,PO_CREATED,Purchase order PO-004544 created in ERP
EVT-0004545,2026-03-08 00:00:00,PURCHASE_ORDER,PO-004545,PO_CREATED,Purchase order PO-004545 created in ERP
EVT-0004546,2026-07-17 00:00:00,PURCHASE_ORDER,PO-004546,PO_CREATED,Purchase order PO-004546 created in ERP
EVT-0004547,2026-06-22 00:00:00,PURCHASE_ORDER,PO-004547,PO_CREATED,Purchase order PO-004547 created in ERP
EVT-0004548,2026-08-19 00:00:00,PURCHASE_ORDER,PO-004548,PO_CREATED,Purchase order PO-004548 created in ERP
EVT-0004549,2026-05-31 00:00:00,PURCHASE_ORDER,PO-004549,PO_CREATED,Purchase order PO-004549 created in ERP
EVT-0004550,2026-03-02 00:00:00,PURCHASE_ORDER,PO-004550,PO_CREATED,Purchase order PO-004550 created in ERP
EVT-0004551,2026-06-01 00:00:00,PURCHASE_ORDER,PO-004551,PO_CREATED,Purchase order PO-004551 created in ERP
EVT-0004552,2026-01-13 00:00:00,PURCHASE_ORDER,PO-004552,PO_CREATED,Purchase order PO-004552 created in ERP
EVT-0004553,2026-07-29 00:00:00,PURCHASE_ORDER,PO-004553,PO_CREATED,Purchase order PO-004553 created in ERP
EVT-0004554,2026-01-01 00:00:00,PURCHASE_ORDER,PO-004554,PO_CREATED,Purchase order PO-004554 created in ERP
EVT-0004555,2026-06-27 00:00:00,PURCHASE_ORDER,PO-004555,PO_CREATED,Purchase order PO-004555 created in ERP
EVT-0004556,2026-06-01 00:00:00,PURCHASE_ORDER,PO-004556,PO_CREATED,Purchase order PO-004556 created in ERP
EVT-0004557,2026-03-02 00:00:00,PURCHASE_ORDER,PO-004557,PO_CREATED,Purchase order PO-004557 created in ERP
EVT-0004558,2026-08-07 00:00:00,PURCHASE_ORDER,PO-004558,PO_CREATED,Purchase order PO-004558 created in ERP
EVT-0004559,2026-06-29 00:00:00,PURCHASE_ORDER,PO-004559,PO_CREATED,Purchase order PO-004559 created in ERP
EVT-0004560,2026-02-12 00:00:00,PURCHASE_ORDER,PO-004560,PO_CREATED,Purchase order PO-004560 created in ERP
EVT-0004561,2026-04-14 00:00:00,PURCHASE_ORDER,PO-004561,PO_CREATED,Purchase order PO-004561 created in ERP
EVT-0004562,2026-06-28 00:00:00,PURCHASE_ORDER,PO-004562,PO_CREATED,Purchase order PO-004562 created in ERP
EVT-0004563,2026-06-13 00:00:00,PURCHASE_ORDER,PO-004563,PO_CREATED,Purchase order PO-004563 created in ERP
EVT-0004564,2026-05-11 00:00:00,PURCHASE_ORDER,PO-004564,PO_CREATED,Purchase order PO-004564 created in ERP
EVT-0004565,2026-03-19 00:00:00,PURCHASE_ORDER,PO-004565,PO_CREATED,Purchase order PO-004565 created in ERP
EVT-0004566,2026-06-01 00:00:00,PURCHASE_ORDER,PO-004566,PO_CREATED,Purchase order PO-004566 created in ERP
EVT-0004567,2026-08-06 00:00:00,PURCHASE_ORDER,PO-004567,PO_CREATED,Purchase order PO-004567 created in ERP
EVT-0004568,2026-08-28 00:00:00,PURCHASE_ORDER,PO-004568,PO_CREATED,Purchase order PO-004568 created in ERP
EVT-0004569,2026-06-26 00:00:00,PURCHASE_ORDER,PO-004569,PO_CREATED,Purchase order PO-004569 created in ERP
EVT-0004570,2026-03-06 00:00:00,PURCHASE_ORDER,PO-004570,PO_CREATED,Purchase order PO-004570 created in ERP
EVT-0004571,2026-06-02 00:00:00,PURCHASE_ORDER,PO-004571,PO_CREATED,Purchase order PO-004571 created in ERP
EVT-0004572,2026-04-01 00:00:00,PURCHASE_ORDER,PO-004572,PO_CREATED,Purchase order PO-004572 created in ERP
EVT-0004573,2026-02-21 00:00:00,PURCHASE_ORDER,PO-004573,PO_CREATED,Purchase order PO-004573 created in ERP
EVT-0004574,2026-06-13 00:00:00,PURCHASE_ORDER,PO-004574,PO_CREATED,Purchase order PO-004574 created in ERP
EVT-0004575,2026-03-09 00:00:00,PURCHASE_ORDER,PO-004575,PO_CREATED,Purchase order PO-004575 created in ERP
EVT-0004576,2026-08-20 00:00:00,PURCHASE_ORDER,PO-004576,PO_CREATED,Purchase order PO-004576 created in ERP
EVT-0004577,2026-04-07 00:00:00,PURCHASE_ORDER,PO-004577,PO_CREATED,Purchase order PO-004577 created in ERP
EVT-0004578,2026-07-09 00:00:00,PURCHASE_ORDER,PO-004578,PO_CREATED,Purchase order PO-004578 created in ERP
EVT-0004579,2026-06-15 00:00:00,PURCHASE_ORDER,PO-004579,PO_CREATED,Purchase order PO-004579 created in ERP
EVT-0004580,2026-02-03 00:00:00,PURCHASE_ORDER,PO-004580,PO_CREATED,Purchase order PO-004580 created in ERP
EVT-0004581,2026-03-17 00:00:00,PURCHASE_ORDER,PO-004581,PO_CREATED,Purchase order PO-004581 created in ERP
EVT-0004582,2026-08-04 00:00:00,PURCHASE_ORDER,PO-004582,PO_CREATED,Purchase order PO-004582 created in ERP
EVT-0004583,2026-03-05 00:00:00,PURCHASE_ORDER,PO-004583,PO_CREATED,Purchase order PO-004583 created in ERP
EVT-0004584,2026-07-27 00:00:00,PURCHASE_ORDER,PO-004584,PO_CREATED,Purchase order PO-004584 created in ERP
EVT-0004585,2026-07-05 00:00:00,PURCHASE_ORDER,PO-004585,PO_CREATED,Purchase order PO-004585 created in ERP
EVT-0004586,2026-03-09 00:00:00,PURCHASE_ORDER,PO-004586,PO_CREATED,Purchase order PO-004586 created in ERP
EVT-0004587,2026-02-20 00:00:00,PURCHASE_ORDER,PO-004587,PO_CREATED,Purchase order PO-004587 created in ERP
EVT-0004588,2026-04-14 00:00:00,PURCHASE_ORDER,PO-004588,PO_CREATED,Purchase order PO-004588 created in ERP
EVT-0004589,2026-07-21 00:00:00,PURCHASE_ORDER,PO-004589,PO_CREATED,Purchase order PO-004589 created in ERP
EVT-0004590,2026-02-25 00:00:00,PURCHASE_ORDER,PO-004590,PO_CREATED,Purchase order PO-004590 created in ERP
EVT-0004591,2026-06-23 00:00:00,PURCHASE_ORDER,PO-004591,PO_CREATED,Purchase order PO-004591 created in ERP
EVT-0004592,2026-02-11 00:00:00,PURCHASE_ORDER,PO-004592,PO_CREATED,Purchase order PO-004592 created in ERP
EVT-0004593,2026-01-29 00:00:00,PURCHASE_ORDER,PO-004593,PO_CREATED,Purchase order PO-004593 created in ERP
EVT-0004594,2026-01-04 00:00:00,PURCHASE_ORDER,PO-004594,PO_CREATED,Purchase order PO-004594 created in ERP
EVT-0004595,2026-03-20 00:00:00,PURCHASE_ORDER,PO-004595,PO_CREATED,Purchase order PO-004595 created in ERP
EVT-0004596,2026-07-02 00:00:00,PURCHASE_ORDER,PO-004596,PO_CREATED,Purchase order PO-004596 created in ERP
EVT-0004597,2026-07-06 00:00:00,PURCHASE_ORDER,PO-004597,PO_CREATED,Purchase order PO-004597 created in ERP
EVT-0004598,2026-01-09 00:00:00,PURCHASE_ORDER,PO-004598,PO_CREATED,Purchase order PO-004598 created in ERP
EVT-0004599,2026-04-17 00:00:00,PURCHASE_ORDER,PO-004599,PO_CREATED,Purchase order PO-004599 created in ERP
EVT-0004600,2026-04-09 00:00:00,PURCHASE_ORDER,PO-004600,PO_CREATED,Purchase order PO-004600 created in ERP
EVT-0004601,2026-08-02 00:00:00,PURCHASE_ORDER,PO-004601,PO_CREATED,Purchase order PO-004601 created in ERP
EVT-0004602,2026-07-15 00:00:00,PURCHASE_ORDER,PO-004602,PO_CREATED,Purchase order PO-004602 created in ERP
EVT-0004603,2026-06-10 00:00:00,PURCHASE_ORDER,PO-004603,PO_CREATED,Purchase order PO-004603 created in ERP
EVT-0004604,2026-04-24 00:00:00,PURCHASE_ORDER,PO-004604,PO_CREATED,Purchase order PO-004604 created in ERP
EVT-0004605,2026-06-15 00:00:00,PURCHASE_ORDER,PO-004605,PO_CREATED,Purchase order PO-004605 created in ERP
EVT-0004606,2026-04-12 00:00:00,PURCHASE_ORDER,PO-004606,PO_CREATED,Purchase order PO-004606 created in ERP
EVT-0004607,2026-08-23 00:00:00,PURCHASE_ORDER,PO-004607,PO_CREATED,Purchase order PO-004607 created in ERP
EVT-0004608,2026-06-26 00:00:00,PURCHASE_ORDER,PO-004608,PO_CREATED,Purchase order PO-004608 created in ERP
EVT-0004609,2026-01-31 00:00:00,PURCHASE_ORDER,PO-004609,PO_CREATED,Purchase order PO-004609 created in ERP
EVT-0004610,2026-03-14 00:00:00,PURCHASE_ORDER,PO-004610,PO_CREATED,Purchase order PO-004610 created in ERP
EVT-0004611,2026-01-07 00:00:00,PURCHASE_ORDER,PO-004611,PO_CREATED,Purchase order PO-004611 created in ERP
EVT-0004612,2026-02-06 00:00:00,PURCHASE_ORDER,PO-004612,PO_CREATED,Purchase order PO-004612 created in ERP
EVT-0004613,2026-04-27 00:00:00,PURCHASE_ORDER,PO-004613,PO_CREATED,Purchase order PO-004613 created in ERP
EVT-0004614,2026-07-30 00:00:00,PURCHASE_ORDER,PO-004614,PO_CREATED,Purchase order PO-004614 created in ERP
EVT-0004615,2026-07-12 00:00:00,PURCHASE_ORDER,PO-004615,PO_CREATED,Purchase order PO-004615 created in ERP
EVT-0004616,2026-03-01 00:00:00,PURCHASE_ORDER,PO-004616,PO_CREATED,Purchase order PO-004616 created in ERP
EVT-0004617,2026-07-02 00:00:00,PURCHASE_ORDER,PO-004617,PO_CREATED,Purchase order PO-004617 created in ERP
EVT-0004618,2026-02-23 00:00:00,PURCHASE_ORDER,PO-004618,PO_CREATED,Purchase order PO-004618 created in ERP
EVT-0004619,2026-01-01 00:00:00,PURCHASE_ORDER,PO-004619,PO_CREATED,Purchase order PO-004619 created in ERP
EVT-0004620,2026-07-22 00:00:00,PURCHASE_ORDER,PO-004620,PO_CREATED,Purchase order PO-004620 created in ERP
EVT-0004621,2026-04-07 00:00:00,PURCHASE_ORDER,PO-004621,PO_CREATED,Purchase order PO-004621 created in ERP
EVT-0004622,2026-05-26 00:00:00,PURCHASE_ORDER,PO-004622,PO_CREATED,Purchase order PO-004622 created in ERP
EVT-0004623,2026-03-08 00:00:00,PURCHASE_ORDER,PO-004623,PO_CREATED,Purchase order PO-004623 created in ERP
EVT-0004624,2026-02-08 00:00:00,PURCHASE_ORDER,PO-004624,PO_CREATED,Purchase order PO-004624 created in ERP
EVT-0004625,2026-01-24 00:00:00,PURCHASE_ORDER,PO-004625,PO_CREATED,Purchase order PO-004625 created in ERP
EVT-0004626,2026-02-04 00:00:00,PURCHASE_ORDER,PO-004626,PO_CREATED,Purchase order PO-004626 created in ERP
EVT-0004627,2026-04-10 00:00:00,PURCHASE_ORDER,PO-004627,PO_CREATED,Purchase order PO-004627 created in ERP
EVT-0004628,2026-03-18 00:00:00,PURCHASE_ORDER,PO-004628,PO_CREATED,Purchase order PO-004628 created in ERP
EVT-0004629,2026-04-04 00:00:00,PURCHASE_ORDER,PO-004629,PO_CREATED,Purchase order PO-004629 created in ERP
EVT-0004630,2026-03-23 00:00:00,PURCHASE_ORDER,PO-004630,PO_CREATED,Purchase order PO-004630 created in ERP
EVT-0004631,2026-08-17 00:00:00,PURCHASE_ORDER,PO-004631,PO_CREATED,Purchase order PO-004631 created in ERP
EVT-0004632,2026-06-06 00:00:00,PURCHASE_ORDER,PO-004632,PO_CREATED,Purchase order PO-004632 created in ERP
EVT-0004633,2026-03-08 00:00:00,PURCHASE_ORDER,PO-004633,PO_CREATED,Purchase order PO-004633 created in ERP
EVT-0004634,2026-03-28 00:00:00,PURCHASE_ORDER,PO-004634,PO_CREATED,Purchase order PO-004634 created in ERP
EVT-0004635,2026-06-28 00:00:00,PURCHASE_ORDER,PO-004635,PO_CREATED,Purchase order PO-004635 created in ERP
EVT-0004636,2026-06-18 00:00:00,PURCHASE_ORDER,PO-004636,PO_CREATED,Purchase order PO-004636 created in ERP
EVT-0004637,2026-03-08 00:00:00,PURCHASE_ORDER,PO-004637,PO_CREATED,Purchase order PO-004637 created in ERP
EVT-0004638,2026-05-27 00:00:00,PURCHASE_ORDER,PO-004638,PO_CREATED,Purchase order PO-004638 created in ERP
EVT-0004639,2026-03-15 00:00:00,PURCHASE_ORDER,PO-004639,PO_CREATED,Purchase order PO-004639 created in ERP
EVT-0004640,2026-04-17 00:00:00,PURCHASE_ORDER,PO-004640,PO_CREATED,Purchase order PO-004640 created in ERP
EVT-0004641,2026-06-01 00:00:00,PURCHASE_ORDER,PO-004641,PO_CREATED,Purchase order PO-004641 created in ERP
EVT-0004642,2026-02-23 00:00:00,PURCHASE_ORDER,PO-004642,PO_CREATED,Purchase order PO-004642 created in ERP
EVT-0004643,2026-04-21 00:00:00,PURCHASE_ORDER,PO-004643,PO_CREATED,Purchase order PO-004643 created in ERP
EVT-0004644,2026-08-02 00:00:00,PURCHASE_ORDER,PO-004644,PO_CREATED,Purchase order PO-004644 created in ERP
EVT-0004645,2026-05-07 00:00:00,PURCHASE_ORDER,PO-004645,PO_CREATED,Purchase order PO-004645 created in ERP
EVT-0004646,2026-05-18 00:00:00,PURCHASE_ORDER,PO-004646,PO_CREATED,Purchase order PO-004646 created in ERP
EVT-0004647,2026-08-24 00:00:00,PURCHASE_ORDER,PO-004647,PO_CREATED,Purchase order PO-004647 created in ERP
EVT-0004648,2026-07-09 00:00:00,PURCHASE_ORDER,PO-004648,PO_CREATED,Purchase order PO-004648 created in ERP
EVT-0004649,2026-07-07 00:00:00,PURCHASE_ORDER,PO-004649,PO_CREATED,Purchase order PO-004649 created in ERP
EVT-0004650,2026-05-03 00:00:00,PURCHASE_ORDER,PO-004650,PO_CREATED,Purchase order PO-004650 created in ERP
EVT-0004651,2026-04-24 00:00:00,PURCHASE_ORDER,PO-004651,PO_CREATED,Purchase order PO-004651 created in ERP
EVT-0004652,2026-02-14 00:00:00,PURCHASE_ORDER,PO-004652,PO_CREATED,Purchase order PO-004652 created in ERP
EVT-0004653,2026-06-14 00:00:00,PURCHASE_ORDER,PO-004653,PO_CREATED,Purchase order PO-004653 created in ERP
EVT-0004654,2026-06-07 00:00:00,PURCHASE_ORDER,PO-004654,PO_CREATED,Purchase order PO-004654 created in ERP
EVT-0004655,2026-04-10 00:00:00,PURCHASE_ORDER,PO-004655,PO_CREATED,Purchase order PO-004655 created in ERP
EVT-0004656,2026-02-03 00:00:00,PURCHASE_ORDER,PO-004656,PO_CREATED,Purchase order PO-004656 created in ERP
EVT-0004657,2026-07-05 00:00:00,PURCHASE_ORDER,PO-004657,PO_CREATED,Purchase order PO-004657 created in ERP
EVT-0004658,2026-01-08 00:00:00,PURCHASE_ORDER,PO-004658,PO_CREATED,Purchase order PO-004658 created in ERP
EVT-0004659,2026-03-18 00:00:00,PURCHASE_ORDER,PO-004659,PO_CREATED,Purchase order PO-004659 created in ERP
EVT-0004660,2026-01-03 00:00:00,PURCHASE_ORDER,PO-004660,PO_CREATED,Purchase order PO-004660 created in ERP
EVT-0004661,2026-04-09 00:00:00,PURCHASE_ORDER,PO-004661,PO_CREATED,Purchase order PO-004661 created in ERP
EVT-0004662,2026-02-07 00:00:00,PURCHASE_ORDER,PO-004662,PO_CREATED,Purchase order PO-004662 created in ERP
EVT-0004663,2026-01-06 00:00:00,PURCHASE_ORDER,PO-004663,PO_CREATED,Purchase order PO-004663 created in ERP
EVT-0004664,2026-05-15 00:00:00,PURCHASE_ORDER,PO-004664,PO_CREATED,Purchase order PO-004664 created in ERP
EVT-0004665,2026-04-01 00:00:00,PURCHASE_ORDER,PO-004665,PO_CREATED,Purchase order PO-004665 created in ERP
EVT-0004666,2026-03-10 00:00:00,PURCHASE_ORDER,PO-004666,PO_CREATED,Purchase order PO-004666 created in ERP
EVT-0004667,2026-06-03 00:00:00,PURCHASE_ORDER,PO-004667,PO_CREATED,Purchase order PO-004667 created in ERP
EVT-0004668,2026-07-29 00:00:00,PURCHASE_ORDER,PO-004668,PO_CREATED,Purchase order PO-004668 created in ERP
EVT-0004669,2026-08-26 00:00:00,PURCHASE_ORDER,PO-004669,PO_CREATED,Purchase order PO-004669 created in ERP
EVT-0004670,2026-06-05 00:00:00,PURCHASE_ORDER,PO-004670,PO_CREATED,Purchase order PO-004670 created in ERP
EVT-0004671,2026-02-10 00:00:00,PURCHASE_ORDER,PO-004671,PO_CREATED,Purchase order PO-004671 created in ERP
EVT-0004672,2026-07-16 00:00:00,PURCHASE_ORDER,PO-004672,PO_CREATED,Purchase order PO-004672 created in ERP
EVT-0004673,2026-05-12 00:00:00,PURCHASE_ORDER,PO-004673,PO_CREATED,Purchase order PO-004673 created in ERP
EVT-0004674,2026-08-26 00:00:00,PURCHASE_ORDER,PO-004674,PO_CREATED,Purchase order PO-004674 created in ERP
EVT-0004675,2026-06-11 00:00:00,PURCHASE_ORDER,PO-004675,PO_CREATED,Purchase order PO-004675 created in ERP
EVT-0004676,2026-03-03 00:00:00,PURCHASE_ORDER,PO-004676,PO_CREATED,Purchase order PO-004676 created in ERP
EVT-0004677,2026-05-19 00:00:00,PURCHASE_ORDER,PO-004677,PO_CREATED,Purchase order PO-004677 created in ERP
EVT-0004678,2026-01-29 00:00:00,PURCHASE_ORDER,PO-004678,PO_CREATED,Purchase order PO-004678 created in ERP
EVT-0004679,2026-05-02 00:00:00,PURCHASE_ORDER,PO-004679,PO_CREATED,Purchase order PO-004679 created in ERP
EVT-0004680,2026-05-16 00:00:00,PURCHASE_ORDER,PO-004680,PO_CREATED,Purchase order PO-004680 created in ERP
EVT-0004681,2026-07-22 00:00:00,PURCHASE_ORDER,PO-004681,PO_CREATED,Purchase order PO-004681 created in ERP
EVT-0004682,2026-02-08 00:00:00,PURCHASE_ORDER,PO-004682,PO_CREATED,Purchase order PO-004682 created in ERP
EVT-0004683,2026-07-25 00:00:00,PURCHASE_ORDER,PO-004683,PO_CREATED,Purchase order PO-004683 created in ERP
EVT-0004684,2026-08-19 00:00:00,PURCHASE_ORDER,PO-004684,PO_CREATED,Purchase order PO-004684 created in ERP
EVT-0004685,2026-08-23 00:00:00,PURCHASE_ORDER,PO-004685,PO_CREATED,Purchase order PO-004685 created in ERP
EVT-0004686,2026-05-03 00:00:00,PURCHASE_ORDER,PO-004686,PO_CREATED,Purchase order PO-004686 created in ERP
EVT-0004687,2026-06-21 00:00:00,PURCHASE_ORDER,PO-004687,PO_CREATED,Purchase order PO-004687 created in ERP
EVT-0004688,2026-04-28 00:00:00,PURCHASE_ORDER,PO-004688,PO_CREATED,Purchase order PO-004688 created in ERP
EVT-0004689,2026-02-28 00:00:00,PURCHASE_ORDER,PO-004689,PO_CREATED,Purchase order PO-004689 created in ERP
EVT-0004690,2026-03-25 00:00:00,PURCHASE_ORDER,PO-004690,PO_CREATED,Purchase order PO-004690 created in ERP
EVT-0004691,2026-03-12 00:00:00,PURCHASE_ORDER,PO-004691,PO_CREATED,Purchase order PO-004691 created in ERP
EVT-0004692,2026-05-03 00:00:00,PURCHASE_ORDER,PO-004692,PO_CREATED,Purchase order PO-004692 created in ERP
EVT-0004693,2026-03-19 00:00:00,PURCHASE_ORDER,PO-004693,PO_CREATED,Purchase order PO-004693 created in ERP
EVT-0004694,2026-03-15 00:00:00,PURCHASE_ORDER,PO-004694,PO_CREATED,Purchase order PO-004694 created in ERP
EVT-0004695,2026-04-25 00:00:00,PURCHASE_ORDER,PO-004695,PO_CREATED,Purchase order PO-004695 created in ERP
EVT-0004696,2026-04-07 00:00:00,PURCHASE_ORDER,PO-004696,PO_CREATED,Purchase order PO-004696 created in ERP
EVT-0004697,2026-02-27 00:00:00,PURCHASE_ORDER,PO-004697,PO_CREATED,Purchase order PO-004697 created in ERP
EVT-0004698,2026-06-27 00:00:00,PURCHASE_ORDER,PO-004698,PO_CREATED,Purchase order PO-004698 created in ERP
EVT-0004699,2026-05-15 00:00:00,PURCHASE_ORDER,PO-004699,PO_CREATED,Purchase order PO-004699 created in ERP
EVT-0004700,2026-03-04 00:00:00,PURCHASE_ORDER,PO-004700,PO_CREATED,Purchase order PO-004700 created in ERP
EVT-0004701,2026-06-05 00:00:00,PURCHASE_ORDER,PO-004701,PO_CREATED,Purchase order PO-004701 created in ERP
EVT-0004702,2026-05-12 00:00:00,PURCHASE_ORDER,PO-004702,PO_CREATED,Purchase order PO-004702 created in ERP
EVT-0004703,2026-06-05 00:00:00,PURCHASE_ORDER,PO-004703,PO_CREATED,Purchase order PO-004703 created in ERP
EVT-0004704,2026-04-29 00:00:00,PURCHASE_ORDER,PO-004704,PO_CREATED,Purchase order PO-004704 created in ERP
EVT-0004705,2026-01-05 00:00:00,PURCHASE_ORDER,PO-004705,PO_CREATED,Purchase order PO-004705 created in ERP
EVT-0004706,2026-03-31 00:00:00,PURCHASE_ORDER,PO-004706,PO_CREATED,Purchase order PO-004706 created in ERP
EVT-0004707,2026-05-01 00:00:00,PURCHASE_ORDER,PO-004707,PO_CREATED,Purchase order PO-004707 created in ERP
EVT-0004708,2026-02-23 00:00:00,PURCHASE_ORDER,PO-004708,PO_CREATED,Purchase order PO-004708 created in ERP
EVT-0004709,2026-08-22 00:00:00,PURCHASE_ORDER,PO-004709,PO_CREATED,Purchase order PO-004709 created in ERP
EVT-0004710,2026-08-13 00:00:00,PURCHASE_ORDER,PO-004710,PO_CREATED,Purchase order PO-004710 created in ERP
EVT-0004711,2026-03-01 00:00:00,PURCHASE_ORDER,PO-004711,PO_CREATED,Purchase order PO-004711 created in ERP
EVT-0004712,2026-06-25 00:00:00,PURCHASE_ORDER,PO-004712,PO_CREATED,Purchase order PO-004712 created in ERP
EVT-0004713,2026-02-13 00:00:00,PURCHASE_ORDER,PO-004713,PO_CREATED,Purchase order PO-004713 created in ERP
EVT-0004714,2026-08-26 00:00:00,PURCHASE_ORDER,PO-004714,PO_CREATED,Purchase order PO-004714 created in ERP
EVT-0004715,2026-08-03 00:00:00,PURCHASE_ORDER,PO-004715,PO_CREATED,Purchase order PO-004715 created in ERP
EVT-0004716,2026-06-29 00:00:00,PURCHASE_ORDER,PO-004716,PO_CREATED,Purchase order PO-004716 created in ERP
EVT-0004717,2026-06-21 00:00:00,PURCHASE_ORDER,PO-004717,PO_CREATED,Purchase order PO-004717 created in ERP
EVT-0004718,2026-02-14 00:00:00,PURCHASE_ORDER,PO-004718,PO_CREATED,Purchase order PO-004718 created in ERP
EVT-0004719,2026-08-09 00:00:00,PURCHASE_ORDER,PO-004719,PO_CREATED,Purchase order PO-004719 created in ERP
EVT-0004720,2026-04-09 00:00:00,PURCHASE_ORDER,PO-004720,PO_CREATED,Purchase order PO-004720 created in ERP
EVT-0004721,2026-07-09 00:00:00,PURCHASE_ORDER,PO-004721,PO_CREATED,Purchase order PO-004721 created in ERP
EVT-0004722,2026-01-19 00:00:00,PURCHASE_ORDER,PO-004722,PO_CREATED,Purchase order PO-004722 created in ERP
EVT-0004723,2026-02-01 00:00:00,PURCHASE_ORDER,PO-004723,PO_CREATED,Purchase order PO-004723 created in ERP
EVT-0004724,2026-05-09 00:00:00,PURCHASE_ORDER,PO-004724,PO_CREATED,Purchase order PO-004724 created in ERP
EVT-0004725,2026-04-12 00:00:00,PURCHASE_ORDER,PO-004725,PO_CREATED,Purchase order PO-004725 created in ERP
EVT-0004726,2026-03-20 00:00:00,PURCHASE_ORDER,PO-004726,PO_CREATED,Purchase order PO-004726 created in ERP
EVT-0004727,2026-05-17 00:00:00,PURCHASE_ORDER,PO-004727,PO_CREATED,Purchase order PO-004727 created in ERP
EVT-0004728,2026-03-08 00:00:00,PURCHASE_ORDER,PO-004728,PO_CREATED,Purchase order PO-004728 created in ERP
EVT-0004729,2026-08-19 00:00:00,PURCHASE_ORDER,PO-004729,PO_CREATED,Purchase order PO-004729 created in ERP
EVT-0004730,2026-07-25 00:00:00,PURCHASE_ORDER,PO-004730,PO_CREATED,Purchase order PO-004730 created in ERP
EVT-0004731,2026-01-06 00:00:00,PURCHASE_ORDER,PO-004731,PO_CREATED,Purchase order PO-004731 created in ERP
EVT-0004732,2026-08-05 00:00:00,PURCHASE_ORDER,PO-004732,PO_CREATED,Purchase order PO-004732 created in ERP
EVT-0004733,2026-03-01 00:00:00,PURCHASE_ORDER,PO-004733,PO_CREATED,Purchase order PO-004733 created in ERP
EVT-0004734,2026-05-18 00:00:00,PURCHASE_ORDER,PO-004734,PO_CREATED,Purchase order PO-004734 created in ERP
EVT-0004735,2026-01-14 00:00:00,PURCHASE_ORDER,PO-004735,PO_CREATED,Purchase order PO-004735 created in ERP
EVT-0004736,2026-08-23 00:00:00,PURCHASE_ORDER,PO-004736,PO_CREATED,Purchase order PO-004736 created in ERP
EVT-0004737,2026-03-25 00:00:00,PURCHASE_ORDER,PO-004737,PO_CREATED,Purchase order PO-004737 created in ERP
EVT-0004738,2026-03-01 00:00:00,PURCHASE_ORDER,PO-004738,PO_CREATED,Purchase order PO-004738 created in ERP
EVT-0004739,2026-04-15 00:00:00,PURCHASE_ORDER,PO-004739,PO_CREATED,Purchase order PO-004739 created in ERP
EVT-0004740,2026-05-01 00:00:00,PURCHASE_ORDER,PO-004740,PO_CREATED,Purchase order PO-004740 created in ERP
EVT-0004741,2026-05-25 00:00:00,PURCHASE_ORDER,PO-004741,PO_CREATED,Purchase order PO-004741 created in ERP
EVT-0004742,2026-07-12 00:00:00,PURCHASE_ORDER,PO-004742,PO_CREATED,Purchase order PO-004742 created in ERP
EVT-0004743,2026-08-06 00:00:00,PURCHASE_ORDER,PO-004743,PO_CREATED,Purchase order PO-004743 created in ERP
EVT-0004744,2026-07-26 00:00:00,PURCHASE_ORDER,PO-004744,PO_CREATED,Purchase order PO-004744 created in ERP
EVT-0004745,2026-04-30 00:00:00,PURCHASE_ORDER,PO-004745,PO_CREATED,Purchase order PO-004745 created in ERP
EVT-0004746,2026-06-18 00:00:00,PURCHASE_ORDER,PO-004746,PO_CREATED,Purchase order PO-004746 created in ERP
EVT-0004747,2026-06-15 00:00:00,PURCHASE_ORDER,PO-004747,PO_CREATED,Purchase order PO-004747 created in ERP
EVT-0004748,2026-04-23 00:00:00,PURCHASE_ORDER,PO-004748,PO_CREATED,Purchase order PO-004748 created in ERP
EVT-0004749,2026-06-11 00:00:00,PURCHASE_ORDER,PO-004749,PO_CREATED,Purchase order PO-004749 created in ERP
EVT-0004750,2026-06-29 00:00:00,PURCHASE_ORDER,PO-004750,PO_CREATED,Purchase order PO-004750 created in ERP
EVT-0004751,2026-08-01 00:00:00,PURCHASE_ORDER,PO-004751,PO_CREATED,Purchase order PO-004751 created in ERP
EVT-0004752,2026-03-02 00:00:00,PURCHASE_ORDER,PO-004752,PO_CREATED,Purchase order PO-004752 created in ERP
EVT-0004753,2026-08-28 00:00:00,PURCHASE_ORDER,PO-004753,PO_CREATED,Purchase order PO-004753 created in ERP
EVT-0004754,2026-08-28 00:00:00,PURCHASE_ORDER,PO-004754,PO_CREATED,Purchase order PO-004754 created in ERP
EVT-0004755,2026-02-03 00:00:00,PURCHASE_ORDER,PO-004755,PO_CREATED,Purchase order PO-004755 created in ERP
EVT-0004756,2026-04-16 00:00:00,PURCHASE_ORDER,PO-004756,PO_CREATED,Purchase order PO-004756 created in ERP
EVT-0004757,2026-08-22 00:00:00,PURCHASE_ORDER,PO-004757,PO_CREATED,Purchase order PO-004757 created in ERP
EVT-0004758,2026-02-08 00:00:00,PURCHASE_ORDER,PO-004758,PO_CREATED,Purchase order PO-004758 created in ERP
EVT-0004759,2026-01-11 00:00:00,PURCHASE_ORDER,PO-004759,PO_CREATED,Purchase order PO-004759 created in ERP
EVT-0004760,2026-03-06 00:00:00,PURCHASE_ORDER,PO-004760,PO_CREATED,Purchase order PO-004760 created in ERP
EVT-0004761,2026-05-30 00:00:00,PURCHASE_ORDER,PO-004761,PO_CREATED,Purchase order PO-004761 created in ERP
EVT-0004762,2026-08-10 00:00:00,PURCHASE_ORDER,PO-004762,PO_CREATED,Purchase order PO-004762 created in ERP
EVT-0004763,2026-04-09 00:00:00,PURCHASE_ORDER,PO-004763,PO_CREATED,Purchase order PO-004763 created in ERP
EVT-0004764,2026-04-10 00:00:00,PURCHASE_ORDER,PO-004764,PO_CREATED,Purchase order PO-004764 created in ERP
EVT-0004765,2026-02-16 00:00:00,PURCHASE_ORDER,PO-004765,PO_CREATED,Purchase order PO-004765 created in ERP
EVT-0004766,2026-06-15 00:00:00,PURCHASE_ORDER,PO-004766,PO_CREATED,Purchase order PO-004766 created in ERP
EVT-0004767,2026-03-16 00:00:00,PURCHASE_ORDER,PO-004767,PO_CREATED,Purchase order PO-004767 created in ERP
EVT-0004768,2026-07-08 00:00:00,PURCHASE_ORDER,PO-004768,PO_CREATED,Purchase order PO-004768 created in ERP
EVT-0004769,2026-08-04 00:00:00,PURCHASE_ORDER,PO-004769,PO_CREATED,Purchase order PO-004769 created in ERP
EVT-0004770,2026-02-20 00:00:00,PURCHASE_ORDER,PO-004770,PO_CREATED,Purchase order PO-004770 created in ERP
EVT-0004771,2026-04-19 00:00:00,PURCHASE_ORDER,PO-004771,PO_CREATED,Purchase order PO-004771 created in ERP
EVT-0004772,2026-04-05 00:00:00,PURCHASE_ORDER,PO-004772,PO_CREATED,Purchase order PO-004772 created in ERP
EVT-0004773,2026-08-23 00:00:00,PURCHASE_ORDER,PO-004773,PO_CREATED,Purchase order PO-004773 created in ERP
EVT-0004774,2026-02-09 00:00:00,PURCHASE_ORDER,PO-004774,PO_CREATED,Purchase order PO-004774 created in ERP
EVT-0004775,2026-04-22 00:00:00,PURCHASE_ORDER,PO-004775,PO_CREATED,Purchase order PO-004775 created in ERP
EVT-0004776,2026-03-11 00:00:00,PURCHASE_ORDER,PO-004776,PO_CREATED,Purchase order PO-004776 created in ERP
EVT-0004777,2026-08-28 00:00:00,PURCHASE_ORDER,PO-004777,PO_CREATED,Purchase order PO-004777 created in ERP
EVT-0004778,2026-03-25 00:00:00,PURCHASE_ORDER,PO-004778,PO_CREATED,Purchase order PO-004778 created in ERP
EVT-0004779,2026-01-30 00:00:00,PURCHASE_ORDER,PO-004779,PO_CREATED,Purchase order PO-004779 created in ERP
EVT-0004780,2026-03-27 00:00:00,PURCHASE_ORDER,PO-004780,PO_CREATED,Purchase order PO-004780 created in ERP
EVT-0004781,2026-05-07 00:00:00,PURCHASE_ORDER,PO-004781,PO_CREATED,Purchase order PO-004781 created in ERP
EVT-0004782,2026-07-29 00:00:00,PURCHASE_ORDER,PO-004782,PO_CREATED,Purchase order PO-004782 created in ERP
EVT-0004783,2026-02-26 00:00:00,PURCHASE_ORDER,PO-004783,PO_CREATED,Purchase order PO-004783 created in ERP
EVT-0004784,2026-05-04 00:00:00,PURCHASE_ORDER,PO-004784,PO_CREATED,Purchase order PO-004784 created in ERP
EVT-0004785,2026-03-24 00:00:00,PURCHASE_ORDER,PO-004785,PO_CREATED,Purchase order PO-004785 created in ERP
EVT-0004786,2026-01-31 00:00:00,PURCHASE_ORDER,PO-004786,PO_CREATED,Purchase order PO-004786 created in ERP
EVT-0004787,2026-08-09 00:00:00,PURCHASE_ORDER,PO-004787,PO_CREATED,Purchase order PO-004787 created in ERP
EVT-0004788,2026-08-21 00:00:00,PURCHASE_ORDER,PO-004788,PO_CREATED,Purchase order PO-004788 created in ERP
EVT-0004789,2026-04-22 00:00:00,PURCHASE_ORDER,PO-004789,PO_CREATED,Purchase order PO-004789 created in ERP
EVT-0004790,2026-03-24 00:00:00,PURCHASE_ORDER,PO-004790,PO_CREATED,Purchase order PO-004790 created in ERP
EVT-0004791,2026-07-18 00:00:00,PURCHASE_ORDER,PO-004791,PO_CREATED,Purchase order PO-004791 created in ERP
EVT-0004792,2026-01-18 00:00:00,PURCHASE_ORDER,PO-004792,PO_CREATED,Purchase order PO-004792 created in ERP
EVT-0004793,2026-05-04 00:00:00,PURCHASE_ORDER,PO-004793,PO_CREATED,Purchase order PO-004793 created in ERP
EVT-0004794,2026-01-04 00:00:00,PURCHASE_ORDER,PO-004794,PO_CREATED,Purchase order PO-004794 created in ERP
EVT-0004795,2026-06-29 00:00:00,PURCHASE_ORDER,PO-004795,PO_CREATED,Purchase order PO-004795 created in ERP
EVT-0004796,2026-08-12 00:00:00,PURCHASE_ORDER,PO-004796,PO_CREATED,Purchase order PO-004796 created in ERP
EVT-0004797,2026-08-18 00:00:00,PURCHASE_ORDER,PO-004797,PO_CREATED,Purchase order PO-004797 created in ERP
EVT-0004798,2026-07-31 00:00:00,PURCHASE_ORDER,PO-004798,PO_CREATED,Purchase order PO-004798 created in ERP
EVT-0004799,2026-05-27 00:00:00,PURCHASE_ORDER,PO-004799,PO_CREATED,Purchase order PO-004799 created in ERP
EVT-0004800,2026-03-05 00:00:00,PURCHASE_ORDER,PO-004800,PO_CREATED,Purchase order PO-004800 created in ERP
EVT-0004801,2026-06-27 00:00:00,PURCHASE_ORDER,PO-004801,PO_CREATED,Purchase order PO-004801 created in ERP
EVT-0004802,2026-01-31 00:00:00,PURCHASE_ORDER,PO-004802,PO_CREATED,Purchase order PO-004802 created in ERP
EVT-0004803,2026-06-02 00:00:00,PURCHASE_ORDER,PO-004803,PO_CREATED,Purchase order PO-004803 created in ERP
EVT-0004804,2026-04-12 00:00:00,PURCHASE_ORDER,PO-004804,PO_CREATED,Purchase order PO-004804 created in ERP
EVT-0004805,2026-08-23 00:00:00,PURCHASE_ORDER,PO-004805,PO_CREATED,Purchase order PO-004805 created in ERP
EVT-0004806,2026-08-17 00:00:00,PURCHASE_ORDER,PO-004806,PO_CREATED,Purchase order PO-004806 created in ERP
EVT-0004807,2026-04-05 00:00:00,PURCHASE_ORDER,PO-004807,PO_CREATED,Purchase order PO-004807 created in ERP
EVT-0004808,2026-05-10 00:00:00,PURCHASE_ORDER,PO-004808,PO_CREATED,Purchase order PO-004808 created in ERP
EVT-0004809,2026-03-08 00:00:00,PURCHASE_ORDER,PO-004809,PO_CREATED,Purchase order PO-004809 created in ERP
EVT-0004810,2026-01-26 00:00:00,PURCHASE_ORDER,PO-004810,PO_CREATED,Purchase order PO-004810 created in ERP
EVT-0004811,2026-08-10 00:00:00,PURCHASE_ORDER,PO-004811,PO_CREATED,Purchase order PO-004811 created in ERP
EVT-0004812,2026-07-17 00:00:00,PURCHASE_ORDER,PO-004812,PO_CREATED,Purchase order PO-004812 created in ERP
EVT-0004813,2026-03-03 00:00:00,PURCHASE_ORDER,PO-004813,PO_CREATED,Purchase order PO-004813 created in ERP
EVT-0004814,2026-06-20 00:00:00,PURCHASE_ORDER,PO-004814,PO_CREATED,Purchase order PO-004814 created in ERP
EVT-0004815,2026-03-01 00:00:00,PURCHASE_ORDER,PO-004815,PO_CREATED,Purchase order PO-004815 created in ERP
EVT-0004816,2026-03-01 00:00:00,PURCHASE_ORDER,PO-004816,PO_CREATED,Purchase order PO-004816 created in ERP
EVT-0004817,2026-04-04 00:00:00,PURCHASE_ORDER,PO-004817,PO_CREATED,Purchase order PO-004817 created in ERP
EVT-0004818,2026-05-29 00:00:00,PURCHASE_ORDER,PO-004818,PO_CREATED,Purchase order PO-004818 created in ERP
EVT-0004819,2026-01-28 00:00:00,PURCHASE_ORDER,PO-004819,PO_CREATED,Purchase order PO-004819 created in ERP
EVT-0004820,2026-06-11 00:00:00,PURCHASE_ORDER,PO-004820,PO_CREATED,Purchase order PO-004820 created in ERP
EVT-0004821,2026-01-07 00:00:00,PURCHASE_ORDER,PO-004821,PO_CREATED,Purchase order PO-004821 created in ERP
EVT-0004822,2026-02-24 00:00:00,PURCHASE_ORDER,PO-004822,PO_CREATED,Purchase order PO-004822 created in ERP
EVT-0004823,2026-05-02 00:00:00,PURCHASE_ORDER,PO-004823,PO_CREATED,Purchase order PO-004823 created in ERP
EVT-0004824,2026-01-05 00:00:00,PURCHASE_ORDER,PO-004824,PO_CREATED,Purchase order PO-004824 created in ERP
EVT-0004825,2026-07-23 00:00:00,PURCHASE_ORDER,PO-004825,PO_CREATED,Purchase order PO-004825 created in ERP
EVT-0004826,2026-04-05 00:00:00,PURCHASE_ORDER,PO-004826,PO_CREATED,Purchase order PO-004826 created in ERP
EVT-0004827,2026-03-18 00:00:00,PURCHASE_ORDER,PO-004827,PO_CREATED,Purchase order PO-004827 created in ERP
EVT-0004828,2026-07-06 00:00:00,PURCHASE_ORDER,PO-004828,PO_CREATED,Purchase order PO-004828 created in ERP
EVT-0004829,2026-08-12 00:00:00,PURCHASE_ORDER,PO-004829,PO_CREATED,Purchase order PO-004829 created in ERP
EVT-0004830,2026-07-16 00:00:00,PURCHASE_ORDER,PO-004830,PO_CREATED,Purchase order PO-004830 created in ERP
EVT-0004831,2026-06-04 00:00:00,PURCHASE_ORDER,PO-004831,PO_CREATED,Purchase order PO-004831 created in ERP
EVT-0004832,2026-04-28 00:00:00,PURCHASE_ORDER,PO-004832,PO_CREATED,Purchase order PO-004832 created in ERP
EVT-0004833,2026-06-25 00:00:00,PURCHASE_ORDER,PO-004833,PO_CREATED,Purchase order PO-004833 created in ERP
EVT-0004834,2026-05-10 00:00:00,PURCHASE_ORDER,PO-004834,PO_CREATED,Purchase order PO-004834 created in ERP
EVT-0004835,2026-03-10 00:00:00,PURCHASE_ORDER,PO-004835,PO_CREATED,Purchase order PO-004835 created in ERP
EVT-0004836,2026-03-09 00:00:00,PURCHASE_ORDER,PO-004836,PO_CREATED,Purchase order PO-004836 created in ERP
EVT-0004837,2026-07-05 00:00:00,PURCHASE_ORDER,PO-004837,PO_CREATED,Purchase order PO-004837 created in ERP
EVT-0004838,2026-05-22 00:00:00,PURCHASE_ORDER,PO-004838,PO_CREATED,Purchase order PO-004838 created in ERP
EVT-0004839,2026-06-06 00:00:00,PURCHASE_ORDER,PO-004839,PO_CREATED,Purchase order PO-004839 created in ERP
EVT-0004840,2026-08-13 00:00:00,PURCHASE_ORDER,PO-004840,PO_CREATED,Purchase order PO-004840 created in ERP
EVT-0004841,2026-04-05 00:00:00,PURCHASE_ORDER,PO-004841,PO_CREATED,Purchase order PO-004841 created in ERP
EVT-0004842,2026-02-27 00:00:00,PURCHASE_ORDER,PO-004842,PO_CREATED,Purchase order PO-004842 created in ERP
EVT-0004843,2026-06-23 00:00:00,PURCHASE_ORDER,PO-004843,PO_CREATED,Purchase order PO-004843 created in ERP
EVT-0004844,2026-04-25 00:00:00,PURCHASE_ORDER,PO-004844,PO_CREATED,Purchase order PO-004844 created in ERP
EVT-0004845,2026-03-05 00:00:00,PURCHASE_ORDER,PO-004845,PO_CREATED,Purchase order PO-004845 created in ERP
EVT-0004846,2026-03-15 00:00:00,PURCHASE_ORDER,PO-004846,PO_CREATED,Purchase order PO-004846 created in ERP
EVT-0004847,2026-06-15 00:00:00,PURCHASE_ORDER,PO-004847,PO_CREATED,Purchase order PO-004847 created in ERP
EVT-0004848,2026-08-20 00:00:00,PURCHASE_ORDER,PO-004848,PO_CREATED,Purchase order PO-004848 created in ERP
EVT-0004849,2026-06-19 00:00:00,PURCHASE_ORDER,PO-004849,PO_CREATED,Purchase order PO-004849 created in ERP
EVT-0004850,2026-08-10 00:00:00,PURCHASE_ORDER,PO-004850,PO_CREATED,Purchase order PO-004850 created in ERP
EVT-0004851,2026-04-30 00:00:00,PURCHASE_ORDER,PO-004851,PO_CREATED,Purchase order PO-004851 created in ERP
EVT-0004852,2026-08-25 00:00:00,PURCHASE_ORDER,PO-004852,PO_CREATED,Purchase order PO-004852 created in ERP
EVT-0004853,2026-01-09 00:00:00,PURCHASE_ORDER,PO-004853,PO_CREATED,Purchase order PO-004853 created in ERP
EVT-0004854,2026-07-21 00:00:00,PURCHASE_ORDER,PO-004854,PO_CREATED,Purchase order PO-004854 created in ERP
EVT-0004855,2026-02-12 00:00:00,PURCHASE_ORDER,PO-004855,PO_CREATED,Purchase order PO-004855 created in ERP
EVT-0004856,2026-02-25 00:00:00,PURCHASE_ORDER,PO-004856,PO_CREATED,Purchase order PO-004856 created in ERP
EVT-0004857,2026-04-14 00:00:00,PURCHASE_ORDER,PO-004857,PO_CREATED,Purchase order PO-004857 created in ERP
EVT-0004858,2026-05-27 00:00:00,PURCHASE_ORDER,PO-004858,PO_CREATED,Purchase order PO-004858 created in ERP
EVT-0004859,2026-03-22 00:00:00,PURCHASE_ORDER,PO-004859,PO_CREATED,Purchase order PO-004859 created in ERP
EVT-0004860,2026-04-13 00:00:00,PURCHASE_ORDER,PO-004860,PO_CREATED,Purchase order PO-004860 created in ERP
EVT-0004861,2026-04-21 00:00:00,PURCHASE_ORDER,PO-004861,PO_CREATED,Purchase order PO-004861 created in ERP
EVT-0004862,2026-04-07 00:00:00,PURCHASE_ORDER,PO-004862,PO_CREATED,Purchase order PO-004862 created in ERP
EVT-0004863,2026-07-24 00:00:00,PURCHASE_ORDER,PO-004863,PO_CREATED,Purchase order PO-004863 created in ERP
EVT-0004864,2026-03-05 00:00:00,PURCHASE_ORDER,PO-004864,PO_CREATED,Purchase order PO-004864 created in ERP
EVT-0004865,2026-08-18 00:00:00,PURCHASE_ORDER,PO-004865,PO_CREATED,Purchase order PO-004865 created in ERP
EVT-0004866,2026-03-19 00:00:00,PURCHASE_ORDER,PO-004866,PO_CREATED,Purchase order PO-004866 created in ERP
EVT-0004867,2026-04-03 00:00:00,PURCHASE_ORDER,PO-004867,PO_CREATED,Purchase order PO-004867 created in ERP
EVT-0004868,2026-03-12 00:00:00,PURCHASE_ORDER,PO-004868,PO_CREATED,Purchase order PO-004868 created in ERP
EVT-0004869,2026-03-10 00:00:00,PURCHASE_ORDER,PO-004869,PO_CREATED,Purchase order PO-004869 created in ERP
EVT-0004870,2026-04-16 00:00:00,PURCHASE_ORDER,PO-004870,PO_CREATED,Purchase order PO-004870 created in ERP
EVT-0004871,2026-07-01 00:00:00,PURCHASE_ORDER,PO-004871,PO_CREATED,Purchase order PO-004871 created in ERP
EVT-0004872,2026-07-18 00:00:00,PURCHASE_ORDER,PO-004872,PO_CREATED,Purchase order PO-004872 created in ERP
EVT-0004873,2026-03-14 00:00:00,PURCHASE_ORDER,PO-004873,PO_CREATED,Purchase order PO-004873 created in ERP
EVT-0004874,2026-08-09 00:00:00,PURCHASE_ORDER,PO-004874,PO_CREATED,Purchase order PO-004874 created in ERP
EVT-0004875,2026-01-15 00:00:00,PURCHASE_ORDER,PO-004875,PO_CREATED,Purchase order PO-004875 created in ERP
EVT-0004876,2026-07-08 00:00:00,PURCHASE_ORDER,PO-004876,PO_CREATED,Purchase order PO-004876 created in ERP
EVT-0004877,2026-02-02 00:00:00,PURCHASE_ORDER,PO-004877,PO_CREATED,Purchase order PO-004877 created in ERP
EVT-0004878,2026-06-13 00:00:00,PURCHASE_ORDER,PO-004878,PO_CREATED,Purchase order PO-004878 created in ERP
EVT-0004879,2026-06-07 00:00:00,PURCHASE_ORDER,PO-004879,PO_CREATED,Purchase order PO-004879 created in ERP
EVT-0004880,2026-03-08 00:00:00,PURCHASE_ORDER,PO-004880,PO_CREATED,Purchase order PO-004880 created in ERP
EVT-0004881,2026-01-14 00:00:00,PURCHASE_ORDER,PO-004881,PO_CREATED,Purchase order PO-004881 created in ERP
EVT-0004882,2026-05-10 00:00:00,PURCHASE_ORDER,PO-004882,PO_CREATED,Purchase order PO-004882 created in ERP
EVT-0004883,2026-03-11 00:00:00,PURCHASE_ORDER,PO-004883,PO_CREATED,Purchase order PO-004883 created in ERP
EVT-0004884,2026-03-24 00:00:00,PURCHASE_ORDER,PO-004884,PO_CREATED,Purchase order PO-004884 created in ERP
EVT-0004885,2026-03-29 00:00:00,PURCHASE_ORDER,PO-004885,PO_CREATED,Purchase order PO-004885 created in ERP
EVT-0004886,2026-07-29 00:00:00,PURCHASE_ORDER,PO-004886,PO_CREATED,Purchase order PO-004886 created in ERP
EVT-0004887,2026-08-05 00:00:00,PURCHASE_ORDER,PO-004887,PO_CREATED,Purchase order PO-004887 created in ERP
EVT-0004888,2026-08-05 00:00:00,PURCHASE_ORDER,PO-004888,PO_CREATED,Purchase order PO-004888 created in ERP
EVT-0004889,2026-06-24 00:00:00,PURCHASE_ORDER,PO-004889,PO_CREATED,Purchase order PO-004889 created in ERP
EVT-0004890,2026-05-17 00:00:00,PURCHASE_ORDER,PO-004890,PO_CREATED,Purchase order PO-004890 created in ERP
EVT-0004891,2026-04-18 00:00:00,PURCHASE_ORDER,PO-004891,PO_CREATED,Purchase order PO-004891 created in ERP
EVT-0004892,2026-02-23 00:00:00,PURCHASE_ORDER,PO-004892,PO_CREATED,Purchase order PO-004892 created in ERP
EVT-0004893,2026-04-12 00:00:00,PURCHASE_ORDER,PO-004893,PO_CREATED,Purchase order PO-004893 created in ERP
EVT-0004894,2026-01-06 00:00:00,PURCHASE_ORDER,PO-004894,PO_CREATED,Purchase order PO-004894 created in ERP
EVT-0004895,2026-02-26 00:00:00,PURCHASE_ORDER,PO-004895,PO_CREATED,Purchase order PO-004895 created in ERP
EVT-0004896,2026-05-11 00:00:00,PURCHASE_ORDER,PO-004896,PO_CREATED,Purchase order PO-004896 created in ERP
EVT-0004897,2026-05-18 00:00:00,PURCHASE_ORDER,PO-004897,PO_CREATED,Purchase order PO-004897 created in ERP
EVT-0004898,2026-02-03 00:00:00,PURCHASE_ORDER,PO-004898,PO_CREATED,Purchase order PO-004898 created in ERP
EVT-0004899,2026-05-22 00:00:00,PURCHASE_ORDER,PO-004899,PO_CREATED,Purchase order PO-004899 created in ERP
EVT-0004900,2026-02-26 00:00:00,PURCHASE_ORDER,PO-004900,PO_CREATED,Purchase order PO-004900 created in ERP
EVT-0004901,2026-04-05 00:00:00,PURCHASE_ORDER,PO-004901,PO_CREATED,Purchase order PO-004901 created in ERP
EVT-0004902,2026-05-08 00:00:00,PURCHASE_ORDER,PO-004902,PO_CREATED,Purchase order PO-004902 created in ERP
EVT-0004903,2026-05-13 00:00:00,PURCHASE_ORDER,PO-004903,PO_CREATED,Purchase order PO-004903 created in ERP
EVT-0004904,2026-04-21 00:00:00,PURCHASE_ORDER,PO-004904,PO_CREATED,Purchase order PO-004904 created in ERP
EVT-0004905,2026-02-17 00:00:00,PURCHASE_ORDER,PO-004905,PO_CREATED,Purchase order PO-004905 created in ERP
EVT-0004906,2026-03-12 00:00:00,PURCHASE_ORDER,PO-004906,PO_CREATED,Purchase order PO-004906 created in ERP
EVT-0004907,2026-04-30 00:00:00,PURCHASE_ORDER,PO-004907,PO_CREATED,Purchase order PO-004907 created in ERP
EVT-0004908,2026-07-04 00:00:00,PURCHASE_ORDER,PO-004908,PO_CREATED,Purchase order PO-004908 created in ERP
EVT-0004909,2026-06-16 00:00:00,PURCHASE_ORDER,PO-004909,PO_CREATED,Purchase order PO-004909 created in ERP
EVT-0004910,2026-02-02 00:00:00,PURCHASE_ORDER,PO-004910,PO_CREATED,Purchase order PO-004910 created in ERP
EVT-0004911,2026-05-09 00:00:00,PURCHASE_ORDER,PO-004911,PO_CREATED,Purchase order PO-004911 created in ERP
EVT-0004912,2026-05-27 00:00:00,PURCHASE_ORDER,PO-004912,PO_CREATED,Purchase order PO-004912 created in ERP
EVT-0004913,2026-03-02 00:00:00,PURCHASE_ORDER,PO-004913,PO_CREATED,Purchase order PO-004913 created in ERP
EVT-0004914,2026-06-21 00:00:00,PURCHASE_ORDER,PO-004914,PO_CREATED,Purchase order PO-004914 created in ERP
EVT-0004915,2026-07-31 00:00:00,PURCHASE_ORDER,PO-004915,PO_CREATED,Purchase order PO-004915 created in ERP
EVT-0004916,2026-03-11 00:00:00,PURCHASE_ORDER,PO-004916,PO_CREATED,Purchase order PO-004916 created in ERP
EVT-0004917,2026-06-19 00:00:00,PURCHASE_ORDER,PO-004917,PO_CREATED,Purchase order PO-004917 created in ERP
EVT-0004918,2026-01-16 00:00:00,PURCHASE_ORDER,PO-004918,PO_CREATED,Purchase order PO-004918 created in ERP
EVT-0004919,2026-05-10 00:00:00,PURCHASE_ORDER,PO-004919,PO_CREATED,Purchase order PO-004919 created in ERP
EVT-0004920,2026-07-09 00:00:00,PURCHASE_ORDER,PO-004920,PO_CREATED,Purchase order PO-004920 created in ERP
EVT-0004921,2026-07-11 00:00:00,PURCHASE_ORDER,PO-004921,PO_CREATED,Purchase order PO-004921 created in ERP
EVT-0004922,2026-07-29 00:00:00,PURCHASE_ORDER,PO-004922,PO_CREATED,Purchase order PO-004922 created in ERP
EVT-0004923,2026-04-16 00:00:00,PURCHASE_ORDER,PO-004923,PO_CREATED,Purchase order PO-004923 created in ERP
EVT-0004924,2026-01-13 00:00:00,PURCHASE_ORDER,PO-004924,PO_CREATED,Purchase order PO-004924 created in ERP
EVT-0004925,2026-03-12 00:00:00,PURCHASE_ORDER,PO-004925,PO_CREATED,Purchase order PO-004925 created in ERP
EVT-0004926,2026-07-07 00:00:00,PURCHASE_ORDER,PO-004926,PO_CREATED,Purchase order PO-004926 created in ERP
EVT-0004927,2026-07-04 00:00:00,PURCHASE_ORDER,PO-004927,PO_CREATED,Purchase order PO-004927 created in ERP
EVT-0004928,2026-01-01 00:00:00,PURCHASE_ORDER,PO-004928,PO_CREATED,Purchase order PO-004928 created in ERP
EVT-0004929,2026-02-02 00:00:00,PURCHASE_ORDER,PO-004929,PO_CREATED,Purchase order PO-004929 created in ERP
EVT-0004930,2026-05-17 00:00:00,PURCHASE_ORDER,PO-004930,PO_CREATED,Purchase order PO-004930 created in ERP
EVT-0004931,2026-02-07 00:00:00,PURCHASE_ORDER,PO-004931,PO_CREATED,Purchase order PO-004931 created in ERP
EVT-0004932,2026-03-12 00:00:00,PURCHASE_ORDER,PO-004932,PO_CREATED,Purchase order PO-004932 created in ERP
EVT-0004933,2026-02-17 00:00:00,PURCHASE_ORDER,PO-004933,PO_CREATED,Purchase order PO-004933 created in ERP
EVT-0004934,2026-04-08 00:00:00,PURCHASE_ORDER,PO-004934,PO_CREATED,Purchase order PO-004934 created in ERP
EVT-0004935,2026-03-26 00:00:00,PURCHASE_ORDER,PO-004935,PO_CREATED,Purchase order PO-004935 created in ERP
EVT-0004936,2026-08-10 00:00:00,PURCHASE_ORDER,PO-004936,PO_CREATED,Purchase order PO-004936 created in ERP
EVT-0004937,2026-03-17 00:00:00,PURCHASE_ORDER,PO-004937,PO_CREATED,Purchase order PO-004937 created in ERP
EVT-0004938,2026-06-15 00:00:00,PURCHASE_ORDER,PO-004938,PO_CREATED,Purchase order PO-004938 created in ERP
EVT-0004939,2026-06-28 00:00:00,PURCHASE_ORDER,PO-004939,PO_CREATED,Purchase order PO-004939 created in ERP
EVT-0004940,2026-05-12 00:00:00,PURCHASE_ORDER,PO-004940,PO_CREATED,Purchase order PO-004940 created in ERP
EVT-0004941,2026-07-25 00:00:00,PURCHASE_ORDER,PO-004941,PO_CREATED,Purchase order PO-004941 created in ERP
EVT-0004942,2026-01-26 00:00:00,PURCHASE_ORDER,PO-004942,PO_CREATED,Purchase order PO-004942 created in ERP
EVT-0004943,2026-06-26 00:00:00,PURCHASE_ORDER,PO-004943,PO_CREATED,Purchase order PO-004943 created in ERP
EVT-0004944,2026-03-01 00:00:00,PURCHASE_ORDER,PO-004944,PO_CREATED,Purchase order PO-004944 created in ERP
EVT-0004945,2026-07-08 00:00:00,PURCHASE_ORDER,PO-004945,PO_CREATED,Purchase order PO-004945 created in ERP
EVT-0004946,2026-04-26 00:00:00,PURCHASE_ORDER,PO-004946,PO_CREATED,Purchase order PO-004946 created in ERP
EVT-0004947,2026-06-07 00:00:00,PURCHASE_ORDER,PO-004947,PO_CREATED,Purchase order PO-004947 created in ERP
EVT-0004948,2026-08-07 00:00:00,PURCHASE_ORDER,PO-004948,PO_CREATED,Purchase order PO-004948 created in ERP
EVT-0004949,2026-05-19 00:00:00,PURCHASE_ORDER,PO-004949,PO_CREATED,Purchase order PO-004949 created in ERP
EVT-0004950,2026-04-22 00:00:00,PURCHASE_ORDER,PO-004950,PO_CREATED,Purchase order PO-004950 created in ERP
EVT-0004951,2026-02-07 00:00:00,PURCHASE_ORDER,PO-004951,PO_CREATED,Purchase order PO-004951 created in ERP
EVT-0004952,2026-07-20 00:00:00,PURCHASE_ORDER,PO-004952,PO_CREATED,Purchase order PO-004952 created in ERP
EVT-0004953,2026-08-16 00:00:00,PURCHASE_ORDER,PO-004953,PO_CREATED,Purchase order PO-004953 created in ERP
EVT-0004954,2026-01-26 00:00:00,PURCHASE_ORDER,PO-004954,PO_CREATED,Purchase order PO-004954 created in ERP
EVT-0004955,2026-08-09 00:00:00,PURCHASE_ORDER,PO-004955,PO_CREATED,Purchase order PO-004955 created in ERP
EVT-0004956,2026-04-24 00:00:00,PURCHASE_ORDER,PO-004956,PO_CREATED,Purchase order PO-004956 created in ERP
EVT-0004957,2026-08-14 00:00:00,PURCHASE_ORDER,PO-004957,PO_CREATED,Purchase order PO-004957 created in ERP
EVT-0004958,2026-05-16 00:00:00,PURCHASE_ORDER,PO-004958,PO_CREATED,Purchase order PO-004958 created in ERP
EVT-0004959,2026-01-15 00:00:00,PURCHASE_ORDER,PO-004959,PO_CREATED,Purchase order PO-004959 created in ERP
EVT-0004960,2026-02-02 00:00:00,PURCHASE_ORDER,PO-004960,PO_CREATED,Purchase order PO-004960 created in ERP
EVT-0004961,2026-06-16 00:00:00,PURCHASE_ORDER,PO-004961,PO_CREATED,Purchase order PO-004961 created in ERP
EVT-0004962,2026-02-03 00:00:00,PURCHASE_ORDER,PO-004962,PO_CREATED,Purchase order PO-004962 created in ERP
EVT-0004963,2026-02-22 00:00:00,PURCHASE_ORDER,PO-004963,PO_CREATED,Purchase order PO-004963 created in ERP
EVT-0004964,2026-08-02 00:00:00,PURCHASE_ORDER,PO-004964,PO_CREATED,Purchase order PO-004964 created in ERP
EVT-0004965,2026-07-04 00:00:00,PURCHASE_ORDER,PO-004965,PO_CREATED,Purchase order PO-004965 created in ERP
EVT-0004966,2026-03-17 00:00:00,PURCHASE_ORDER,PO-004966,PO_CREATED,Purchase order PO-004966 created in ERP
EVT-0004967,2026-08-17 00:00:00,PURCHASE_ORDER,PO-004967,PO_CREATED,Purchase order PO-004967 created in ERP
EVT-0004968,2026-04-30 00:00:00,PURCHASE_ORDER,PO-004968,PO_CREATED,Purchase order PO-004968 created in ERP
EVT-0004969,2026-05-28 00:00:00,PURCHASE_ORDER,PO-004969,PO_CREATED,Purchase order PO-004969 created in ERP
EVT-0004970,2026-08-15 00:00:00,PURCHASE_ORDER,PO-004970,PO_CREATED,Purchase order PO-004970 created in ERP
EVT-0004971,2026-06-23 00:00:00,PURCHASE_ORDER,PO-004971,PO_CREATED,Purchase order PO-004971 created in ERP
EVT-0004972,2026-02-01 00:00:00,PURCHASE_ORDER,PO-004972,PO_CREATED,Purchase order PO-004972 created in ERP
EVT-0004973,2026-01-06 00:00:00,PURCHASE_ORDER,PO-004973,PO_CREATED,Purchase order PO-004973 created in ERP
EVT-0004974,2026-01-16 00:00:00,PURCHASE_ORDER,PO-004974,PO_CREATED,Purchase order PO-004974 created in ERP
EVT-0004975,2026-01-14 00:00:00,PURCHASE_ORDER,PO-004975,PO_CREATED,Purchase order PO-004975 created in ERP
EVT-0004976,2026-06-08 00:00:00,PURCHASE_ORDER,PO-004976,PO_CREATED,Purchase order PO-004976 created in ERP
EVT-0004977,2026-04-24 00:00:00,PURCHASE_ORDER,PO-004977,PO_CREATED,Purchase order PO-004977 created in ERP
EVT-0004978,2026-07-03 00:00:00,PURCHASE_ORDER,PO-004978,PO_CREATED,Purchase order PO-004978 created in ERP
EVT-0004979,2026-02-04 00:00:00,PURCHASE_ORDER,PO-004979,PO_CREATED,Purchase order PO-004979 created in ERP
EVT-0004980,2026-03-26 00:00:00,PURCHASE_ORDER,PO-004980,PO_CREATED,Purchase order PO-004980 created in ERP
EVT-0004981,2026-08-10 00:00:00,PURCHASE_ORDER,PO-004981,PO_CREATED,Purchase order PO-004981 created in ERP
EVT-0004982,2026-04-13 00:00:00,PURCHASE_ORDER,PO-004982,PO_CREATED,Purchase order PO-004982 created in ERP
EVT-0004983,2026-05-01 00:00:00,PURCHASE_ORDER,PO-004983,PO_CREATED,Purchase order PO-004983 created in ERP
EVT-0004984,2026-03-29 00:00:00,PURCHASE_ORDER,PO-004984,PO_CREATED,Purchase order PO-004984 created in ERP
EVT-0004985,2026-07-15 00:00:00,PURCHASE_ORDER,PO-004985,PO_CREATED,Purchase order PO-004985 created in ERP
EVT-0004986,2026-03-12 00:00:00,PURCHASE_ORDER,PO-004986,PO_CREATED,Purchase order PO-004986 created in ERP
EVT-0004987,2026-07-28 00:00:00,PURCHASE_ORDER,PO-004987,PO_CREATED,Purchase order PO-004987 created in ERP
EVT-0004988,2026-06-01 00:00:00,PURCHASE_ORDER,PO-004988,PO_CREATED,Purchase order PO-004988 created in ERP
EVT-0004989,2026-03-31 00:00:00,PURCHASE_ORDER,PO-004989,PO_CREATED,Purchase order PO-004989 created in ERP
EVT-0004990,2026-08-06 00:00:00,PURCHASE_ORDER,PO-004990,PO_CREATED,Purchase order PO-004990 created in ERP
EVT-0004991,2026-01-09 00:00:00,PURCHASE_ORDER,PO-004991,PO_CREATED,Purchase order PO-004991 created in ERP
EVT-0004992,2026-05-03 00:00:00,PURCHASE_ORDER,PO-004992,PO_CREATED,Purchase order PO-004992 created in ERP
EVT-0004993,2026-03-09 00:00:00,PURCHASE_ORDER,PO-004993,PO_CREATED,Purchase order PO-004993 created in ERP
EVT-0004994,2026-05-29 00:00:00,PURCHASE_ORDER,PO-004994,PO_CREATED,Purchase order PO-004994 created in ERP
EVT-0004995,2026-05-11 00:00:00,PURCHASE_ORDER,PO-004995,PO_CREATED,Purchase order PO-004995 created in ERP
EVT-0004996,2026-08-25 00:00:00,PURCHASE_ORDER,PO-004996,PO_CREATED,Purchase order PO-004996 created in ERP
EVT-0004997,2026-02-22 00:00:00,PURCHASE_ORDER,PO-004997,PO_CREATED,Purchase order PO-004997 created in ERP
EVT-0004998,2026-03-27 00:00:00,PURCHASE_ORDER,PO-004998,PO_CREATED,Purchase order PO-004998 created in ERP
EVT-0004999,2026-05-04 00:00:00,PURCHASE_ORDER,PO-004999,PO_CREATED,Purchase order PO-004999 created in ERP
EVT-0005000,2026-05-11 00:00:00,PURCHASE_ORDER,PO-005000,PO_CREATED,Purchase order PO-005000 created in ERP
EVT-STORY-001,2026-01-09 00:00:00,CONTRACT,CON-0102,AMENDMENT_APPROVED,Contract amendment approved; ERP PO was not updated.
EVT-STORY-003,2026-04-07 00:00:00,CONTRACT,CON-0057,AMENDMENT_APPROVED,Approved annual pricing adjustment.
EVT-STORY-004,2026-04-08 00:00:00,PURCHASE_ORDER,PO-000031,UPDATE_FAILED,ERP synchronization failed; PO retained previous amount.
EVT-STORY-005,2026-08-20 00:00:00,INVOICE,INV-DUP-0004,RECEIVED,Invoice received with same PO and amount as an existing invoice.
EVT-STORY-008A,2026-08-25 00:00:00,ORDER,ORD-000116-2,CUSTOMER_UPDATE,Customer requested quantity change.
EVT-STORY-008B,2026-08-26 00:00:00,ORDER,ORD-000116-2,ERP_UPDATE,ERP retained previous quantity.
