INVOICE_ID,PO_ID,SUPPLIER_ID,INVOICE_DATE,CURRENCY,TOTAL_AMOUNT,STATUS
INV-000001,PO-000001,SUP-0111,2026-05-20,GBP,81017.8,RECEIVED
INV-000002,PO-000002,SUP-0064,2026-02-26,EUR,75592.53,RECEIVED
INV-000003,PO-000003,SUP-0093,2026-04-27,GBP,130704.48,RECEIVED
INV-000004,PO-000004,SUP-0084,2026-09-03,EUR,49620.56,RECEIVED
INV-000005,PO-000005,SUP-0089,2026-09-12,GBP,4827.61,RECEIVED
INV-000006,PO-000006,SUP-0032,2026-06-08,EUR,102429.16,RECEIVED
INV-000007,PO-000007,SUP-0030,2026-07-02,GBP,38469.61,RECEIVED
INV-000008,PO-000008,SUP-0057,2026-06-30,GBP,45223.56,RECEIVED
INV-000009,PO-000009,SUP-0036,2026-05-31,INR,129827.58,RECEIVED
INV-000010,PO-000010,SUP-0042,2026-03-12,GBP,30518.82,RECEIVED
INV-000011,PO-000011,SUP-0102,2026-01-14,GBP,43239.48,RECEIVED
INV-000012,PO-000012,SUP-0015,2026-02-03,EUR,141966.1,RECEIVED
INV-000013,PO-000013,SUP-0028,2026-05-20,INR,142608.0,RECEIVED
INV-000014,PO-000014,SUP-0008,2026-03-22,EUR,28876.38,RECEIVED
INV-000015,PO-000015,SUP-0110,2026-02-17,USD,81262.21,RECEIVED
INV-000016,PO-000016,SUP-0102,2026-06-14,GBP,48903.83,RECEIVED
INV-000017,PO-000017,SUP-0079,2026-07-28,INR,117592.44,RECEIVED
INV-000018,PO-000018,SUP-0071,2026-04-29,INR,149196.85,RECEIVED
INV-000019,PO-000019,SUP-0048,2026-07-02,USD,138486.26,RECEIVED
INV-000020,PO-000020,SUP-0104,2026-06-16,GBP,9467.16,RECEIVED
INV-000021,PO-000021,SUP-0037,2026-05-06,INR,18706.29,RECEIVED
INV-000022,PO-000022,SUP-0029,2026-08-09,USD,84364.37,RECEIVED
INV-000023,PO-000023,SUP-0012,2026-05-01,USD,63264.96,RECEIVED
INV-000024,PO-000024,SUP-0007,2026-04-10,GBP,66745.39,RECEIVED
INV-000025,PO-000025,SUP-0001,2026-03-30,EUR,141825.95,RECEIVED
INV-000026,PO-000026,SUP-0056,2026-05-21,GBP,138213.78,RECEIVED
INV-000027,PO-000027,SUP-0011,2026-09-04,USD,46886.05,RECEIVED
INV-000028,PO-000028,SUP-0031,2026-02-21,GBP,38767.25,RECEIVED
INV-000029,PO-000029,SUP-0042,2026-03-13,GBP,66244.54,RECEIVED
INV-000030,PO-000030,SUP-0060,2026-05-11,GBP,136402.97,RECEIVED
INV-000031,PO-000031,SUP-0057,2026-04-25,INR,59053.44,RECEIVED
INV-000032,PO-000032,SUP-0017,2026-04-14,INR,84058.85,RECEIVED
INV-000033,PO-000033,SUP-0044,2026-03-02,USD,34368.19,RECEIVED
INV-000034,PO-000034,SUP-0077,2026-02-22,EUR,24755.96,RECEIVED
INV-000035,PO-000035,SUP-0065,2026-02-22,GBP,122625.24,RECEIVED
INV-000036,PO-000036,SUP-0012,2026-08-23,USD,67943.63,RECEIVED
INV-000037,PO-000037,SUP-0031,2026-01-25,GBP,56549.44,RECEIVED
INV-000038,PO-000038,SUP-0028,2026-06-20,INR,141063.78,RECEIVED
INV-000039,PO-000039,SUP-0031,2026-07-15,GBP,119187.92,RECEIVED
INV-000040,PO-000040,SUP-0081,2026-08-02,INR,21964.74,RECEIVED
INV-000041,PO-000041,SUP-0024,2026-05-22,USD,146210.85,RECEIVED
INV-000042,PO-000042,SUP-0048,2026-07-18,USD,2928.21,RECEIVED
INV-000043,PO-000043,SUP-0081,2026-08-28,INR,20660.46,RECEIVED
INV-000044,PO-000044,SUP-0041,2026-06-14,USD,60034.5,RECEIVED
INV-000045,PO-000045,SUP-0024,2026-07-17,GBP,74879.75,RECEIVED
INV-000046,PO-000046,SUP-0070,2026-04-16,INR,15838.39,RECEIVED
INV-000047,PO-000047,SUP-0010,2026-04-17,INR,77206.36,RECEIVED
INV-000048,PO-000048,SUP-0031,2026-04-08,GBP,57736.73,RECEIVED
INV-000049,PO-000049,SUP-0041,2026-03-09,USD,144097.75,RECEIVED
INV-000050,PO-000050,SUP-0089,2026-02-28,GBP,18834.29,RECEIVED
INV-000051,PO-000051,SUP-0031,2026-02-02,GBP,54454.03,RECEIVED
INV-000052,PO-000052,SUP-0113,2026-08-15,INR,144956.56,RECEIVED
INV-000053,PO-000053,SUP-0042,2026-04-20,USD,142148.73,RECEIVED
INV-000054,PO-000054,SUP-0081,2026-07-12,USD,80254.97,RECEIVED
INV-000055,PO-000055,SUP-0011,2026-07-03,GBP,115767.84,RECEIVED
INV-000056,PO-000056,SUP-0039,2026-02-01,GBP,103447.73,RECEIVED
INV-000057,PO-000057,SUP-0016,2026-05-05,EUR,37563.87,RECEIVED
INV-000058,PO-000058,SUP-0105,2026-09-20,GBP,86864.21,RECEIVED
INV-000059,PO-000059,SUP-0065,2026-03-28,GBP,32664.09,RECEIVED
INV-000060,PO-000060,SUP-0037,2026-08-16,EUR,16570.81,RECEIVED
INV-000061,PO-000061,SUP-0036,2026-03-02,INR,146274.88,RECEIVED
INV-000062,PO-000062,SUP-0059,2026-06-16,GBP,134023.19,RECEIVED
INV-000063,PO-000063,SUP-0043,2026-02-20,GBP,146994.76,RECEIVED
INV-000064,PO-000064,SUP-0074,2026-08-06,EUR,8177.6,RECEIVED
INV-000065,PO-000065,SUP-0041,2026-02-24,USD,62237.54,RECEIVED
INV-000066,PO-000066,SUP-0079,2026-03-11,INR,143621.94,RECEIVED
INV-000067,PO-000067,SUP-0049,2026-08-10,INR,52097.63,RECEIVED
INV-000068,PO-000068,SUP-0018,2026-06-25,USD,111263.2,RECEIVED
INV-000069,PO-000069,SUP-0001,2026-05-18,EUR,98107.47,RECEIVED
INV-000070,PO-000070,SUP-0113,2026-01-12,INR,45109.64,RECEIVED
INV-000071,PO-000071,SUP-0092,2026-01-25,INR,110624.38,RECEIVED
INV-000072,PO-000072,SUP-0062,2026-09-16,GBP,37583.04,RECEIVED
INV-000073,PO-000073,SUP-0089,2026-07-04,INR,137461.49,RECEIVED
INV-000074,PO-000074,SUP-0098,2026-07-02,USD,113333.56,RECEIVED
INV-000075,PO-000075,SUP-0116,2026-08-07,EUR,8817.55,RECEIVED
INV-000076,PO-000076,SUP-0037,2026-03-17,INR,115461.32,RECEIVED
INV-000077,PO-000077,SUP-0107,2026-08-04,EUR,3898.93,RECEIVED
INV-000078,PO-000078,SUP-0013,2026-05-01,INR,89868.84,RECEIVED
INV-000079,PO-000079,SUP-0030,2026-06-20,GBP,89888.69,RECEIVED
INV-000080,PO-000080,SUP-0113,2026-07-14,INR,101973.14,RECEIVED
INV-000081,PO-000081,SUP-0053,2026-04-20,EUR,56780.8,RECEIVED
INV-000082,PO-000082,SUP-0018,2026-03-28,USD,38621.85,RECEIVED
INV-000083,PO-000083,SUP-0007,2026-04-12,INR,101213.95,RECEIVED
INV-000084,PO-000084,SUP-0039,2026-03-06,GBP,140605.38,RECEIVED
INV-000085,PO-000085,SUP-0098,2026-09-15,USD,30867.56,RECEIVED
INV-000086,PO-000086,SUP-0059,2026-07-20,GBP,119348.84,RECEIVED
INV-000087,PO-000087,SUP-0098,2026-05-03,USD,21054.98,RECEIVED
INV-000088,PO-000088,SUP-0048,2026-07-11,USD,95840.42,RECEIVED
INV-000089,PO-000089,SUP-0031,2026-07-03,GBP,79205.17,RECEIVED
INV-000090,PO-000090,SUP-0049,2026-01-28,INR,95693.84,RECEIVED
INV-000091,PO-000091,SUP-0115,2026-04-02,EUR,32106.85,RECEIVED
INV-000092,PO-000092,SUP-0021,2026-06-22,GBP,125280.26,RECEIVED
INV-000093,PO-000093,SUP-0101,2026-06-02,EUR,34606.69,RECEIVED
INV-000094,PO-000094,SUP-0047,2026-02-10,INR,20309.8,RECEIVED
INV-000095,PO-000095,SUP-0088,2026-03-07,EUR,21256.59,RECEIVED
INV-000096,PO-000096,SUP-0077,2026-05-20,EUR,16492.37,RECEIVED
INV-000097,PO-000097,SUP-0043,2026-08-08,USD,123618.52,RECEIVED
INV-000098,PO-000098,SUP-0105,2026-04-19,GBP,17526.23,RECEIVED
INV-000099,PO-000099,SUP-0018,2026-03-15,USD,38275.91,RECEIVED
INV-000100,PO-000100,SUP-0022,2026-06-22,GBP,147549.43,RECEIVED
INV-000101,PO-000101,SUP-0014,2026-04-25,INR,138121.86,RECEIVED
INV-000102,PO-000102,SUP-0101,2026-06-16,EUR,72697.44,RECEIVED
INV-000103,PO-000103,SUP-0006,2026-01-15,GBP,127452.41,RECEIVED
INV-000104,PO-000104,SUP-0081,2026-03-19,INR,96251.59,RECEIVED
INV-000105,PO-000105,SUP-0086,2026-06-08,GBP,144904.5,RECEIVED
INV-000106,PO-000106,SUP-0089,2026-05-22,INR,58575.26,RECEIVED
INV-000107,PO-000107,SUP-0018,2026-09-01,USD,57899.65,RECEIVED
INV-000108,PO-000108,SUP-0096,2026-05-31,EUR,76865.49,RECEIVED
INV-000109,PO-000109,SUP-0111,2026-05-03,GBP,129860.93,RECEIVED
INV-000110,PO-000110,SUP-0073,2026-05-30,GBP,42522.21,RECEIVED
INV-000111,PO-000111,SUP-0092,2026-08-29,INR,37509.43,RECEIVED
INV-000112,PO-000112,SUP-0109,2026-08-08,EUR,80396.46,RECEIVED
INV-000113,PO-000113,SUP-0001,2026-03-04,EUR,149356.26,RECEIVED
INV-000114,PO-000114,SUP-0055,2026-07-16,USD,14729.96,RECEIVED
INV-000115,PO-000115,SUP-0014,2026-04-16,INR,132207.85,RECEIVED
INV-000116,PO-000116,SUP-0076,2026-04-23,USD,144505.68,RECEIVED
INV-000117,PO-000117,SUP-0027,2026-07-17,EUR,59066.78,RECEIVED
INV-000118,PO-000118,SUP-0120,2026-03-04,INR,58332.32,RECEIVED
INV-000119,PO-000119,SUP-0081,2026-04-27,USD,105420.69,RECEIVED
INV-000120,PO-000120,SUP-0076,2026-04-08,USD,104952.04,RECEIVED
INV-000121,PO-000121,SUP-0079,2026-04-04,INR,100078.9,RECEIVED
INV-000122,PO-000122,SUP-0045,2026-03-04,EUR,56094.48,RECEIVED
INV-000123,PO-000123,SUP-0009,2026-07-09,EUR,146270.06,RECEIVED
INV-000124,PO-000124,SUP-0061,2026-04-23,EUR,138073.87,RECEIVED
INV-000125,PO-000125,SUP-0054,2026-04-06,GBP,123986.55,RECEIVED
INV-000126,PO-000126,SUP-0006,2026-02-08,GBP,131610.19,RECEIVED
INV-000127,PO-000127,SUP-0064,2026-07-25,EUR,135116.27,RECEIVED
INV-000128,PO-000128,SUP-0109,2026-02-14,EUR,31176.56,RECEIVED
INV-000129,PO-000129,SUP-0073,2026-05-03,GBP,99535.37,RECEIVED
INV-000130,PO-000130,SUP-0026,2026-07-28,GBP,115636.92,RECEIVED
INV-000131,PO-000131,SUP-0058,2026-05-09,GBP,40118.69,RECEIVED
INV-000132,PO-000132,SUP-0107,2026-02-25,EUR,14136.33,RECEIVED
INV-000133,PO-000133,SUP-0016,2026-02-02,USD,124640.66,RECEIVED
INV-000134,PO-000134,SUP-0026,2026-08-20,GBP,19754.34,RECEIVED
INV-000135,PO-000135,SUP-0056,2026-06-07,GBP,4907.6,RECEIVED
INV-000136,PO-000136,SUP-0079,2026-07-14,INR,44618.22,RECEIVED
INV-000137,PO-000137,SUP-0050,2026-03-05,USD,4396.41,RECEIVED
INV-000138,PO-000138,SUP-0099,2026-02-28,USD,15470.08,RECEIVED
INV-000139,PO-000139,SUP-0073,2026-06-28,GBP,142281.09,RECEIVED
INV-000140,PO-000140,SUP-0092,2026-09-16,INR,120462.45,RECEIVED
INV-000141,PO-000141,SUP-0100,2026-08-31,EUR,79181.08,RECEIVED
INV-000142,PO-000142,SUP-0039,2026-03-06,GBP,146391.17,RECEIVED
INV-000143,PO-000143,SUP-0051,2026-03-05,GBP,90557.11,RECEIVED
INV-000144,PO-000144,SUP-0031,2026-03-31,GBP,25599.17,RECEIVED
INV-000145,PO-000145,SUP-0022,2026-06-01,GBP,132324.71,RECEIVED
INV-000146,PO-000146,SUP-0071,2026-04-30,INR,89307.57,RECEIVED
INV-000147,PO-000147,SUP-0007,2026-04-10,GBP,31229.8,RECEIVED
INV-000148,PO-000148,SUP-0062,2026-02-07,GBP,4347.49,RECEIVED
INV-000149,PO-000149,SUP-0024,2026-02-13,GBP,39862.75,RECEIVED
INV-000150,PO-000150,SUP-0008,2026-08-31,EUR,78626.05,RECEIVED
INV-000151,PO-000151,SUP-0022,2026-07-31,GBP,29312.55,RECEIVED
INV-000152,PO-000152,SUP-0101,2026-02-10,EUR,62459.14,RECEIVED
INV-000153,PO-000153,SUP-0113,2026-04-12,INR,57765.0,RECEIVED
INV-000154,PO-000154,SUP-0108,2026-08-17,USD,104579.34,RECEIVED
INV-000155,PO-000155,SUP-0117,2026-08-04,INR,72926.82,RECEIVED
INV-000156,PO-000156,SUP-0052,2026-07-23,EUR,127768.65,RECEIVED
INV-000157,PO-000157,SUP-0036,2026-08-27,GBP,69900.66,RECEIVED
INV-000158,PO-000158,SUP-0077,2026-03-20,EUR,144097.8,RECEIVED
INV-000159,PO-000159,SUP-0087,2026-04-14,INR,97912.31,RECEIVED
INV-000160,PO-000160,SUP-0077,2026-03-21,EUR,38232.37,RECEIVED
INV-000161,PO-000161,SUP-0066,2026-06-14,GBP,97277.65,RECEIVED
INV-000162,PO-000162,SUP-0104,2026-06-30,GBP,48278.07,RECEIVED
INV-000163,PO-000163,SUP-0052,2026-07-23,EUR,5780.19,RECEIVED
INV-000164,PO-000164,SUP-0084,2026-03-20,EUR,53614.87,RECEIVED
INV-000165,PO-000165,SUP-0007,2026-03-01,GBP,148856.0,RECEIVED
INV-000166,PO-000166,SUP-0101,2026-03-05,EUR,92364.72,RECEIVED
INV-000167,PO-000167,SUP-0040,2026-02-18,USD,57840.8,RECEIVED
INV-000168,PO-000168,SUP-0044,2026-04-15,USD,112642.28,RECEIVED
INV-000169,PO-000169,SUP-0084,2026-02-11,EUR,103617.59,RECEIVED
INV-000170,PO-000170,SUP-0093,2026-03-23,GBP,17544.88,RECEIVED
INV-000171,PO-000171,SUP-0117,2026-09-05,INR,86335.84,RECEIVED
INV-000172,PO-000172,SUP-0013,2026-09-02,INR,6396.96,RECEIVED
INV-000173,PO-000173,SUP-0113,2026-04-20,INR,122337.16,RECEIVED
INV-000174,PO-000174,SUP-0089,2026-08-06,GBP,63550.1,RECEIVED
INV-000175,PO-000175,SUP-0117,2026-08-25,INR,85557.04,RECEIVED
INV-000176,PO-000176,SUP-0114,2026-05-12,EUR,7372.86,RECEIVED
INV-000177,PO-000177,SUP-0115,2026-01-16,EUR,96688.11,RECEIVED
INV-000178,PO-000178,SUP-0110,2026-05-29,USD,47751.2,RECEIVED
INV-000179,PO-000179,SUP-0071,2026-08-22,INR,14088.88,RECEIVED
INV-000180,PO-000180,SUP-0077,2026-08-03,EUR,98746.5,RECEIVED
INV-000181,PO-000181,SUP-0107,2026-05-30,EUR,78536.77,RECEIVED
INV-000182,PO-000182,SUP-0014,2026-06-16,INR,29790.26,RECEIVED
INV-000183,PO-000183,SUP-0095,2026-06-24,GBP,140328.59,RECEIVED
INV-000184,PO-000184,SUP-0078,2026-04-05,EUR,59981.56,RECEIVED
INV-000185,PO-000185,SUP-0092,2026-07-06,INR,52121.39,RECEIVED
INV-000186,PO-000186,SUP-0104,2026-06-10,GBP,16417.33,RECEIVED
INV-000187,PO-000187,SUP-0027,2026-04-11,EUR,122196.92,RECEIVED
INV-000188,PO-000188,SUP-0101,2026-06-10,EUR,8543.43,RECEIVED
INV-000189,PO-000189,SUP-0023,2026-03-24,EUR,144390.05,RECEIVED
INV-000190,PO-000190,SUP-0034,2026-03-02,GBP,87805.92,RECEIVED
INV-000191,PO-000191,SUP-0119,2026-06-24,INR,8102.89,RECEIVED
INV-000192,PO-000192,SUP-0085,2026-04-11,GBP,54439.27,RECEIVED
INV-000193,PO-000193,SUP-0103,2026-05-20,GBP,7055.82,RECEIVED
INV-000194,PO-000194,SUP-0107,2026-06-22,EUR,122604.78,RECEIVED
INV-000195,PO-000195,SUP-0010,2026-09-18,INR,39167.87,RECEIVED
INV-000196,PO-000196,SUP-0037,2026-04-12,INR,59569.43,RECEIVED
INV-000197,PO-000197,SUP-0040,2026-08-05,USD,111343.86,RECEIVED
INV-000198,PO-000198,SUP-0086,2026-09-07,GBP,112780.75,RECEIVED
INV-000199,PO-000199,SUP-0093,2026-04-13,GBP,53892.18,RECEIVED
INV-000200,PO-000200,SUP-0058,2026-06-19,GBP,99083.63,RECEIVED
INV-000201,PO-000201,SUP-0046,2026-05-19,USD,82974.94,RECEIVED
INV-000202,PO-000202,SUP-0094,2026-07-10,USD,11772.29,RECEIVED
INV-000203,PO-000203,SUP-0071,2026-06-22,INR,134150.9,RECEIVED
INV-000204,PO-000204,SUP-0051,2026-05-27,GBP,2083.46,RECEIVED
INV-000205,PO-000205,SUP-0029,2026-03-27,USD,9897.74,RECEIVED
INV-000206,PO-000206,SUP-0014,2026-08-16,INR,111415.5,RECEIVED
INV-000207,PO-000207,SUP-0022,2026-02-09,GBP,77423.92,RECEIVED
INV-000208,PO-000208,SUP-0062,2026-05-16,GBP,32000.24,RECEIVED
INV-000209,PO-000209,SUP-0113,2026-02-24,INR,32880.72,RECEIVED
INV-000210,PO-000210,SUP-0014,2026-03-28,INR,78645.35,RECEIVED
INV-000211,PO-000211,SUP-0112,2026-07-15,EUR,79707.57,RECEIVED
INV-000212,PO-000212,SUP-0074,2026-05-30,EUR,1575.51,RECEIVED
INV-000213,PO-000213,SUP-0097,2026-05-19,GBP,83039.69,RECEIVED
INV-000214,PO-000214,SUP-0096,2026-05-08,EUR,117574.83,RECEIVED
INV-000215,PO-000215,SUP-0090,2026-02-14,USD,58671.0,RECEIVED
INV-000216,PO-000216,SUP-0009,2026-03-03,EUR,55939.85,RECEIVED
INV-000217,PO-000217,SUP-0047,2026-06-30,INR,542.95,RECEIVED
INV-000218,PO-000218,SUP-0052,2026-05-20,EUR,2797.3,RECEIVED
INV-000219,PO-000219,SUP-0045,2026-03-14,EUR,91151.33,RECEIVED
INV-000220,PO-000220,SUP-0062,2026-08-14,GBP,51279.28,RECEIVED
INV-000221,PO-000221,SUP-0052,2026-02-03,EUR,83405.45,RECEIVED
INV-000222,PO-000222,SUP-0016,2026-07-27,USD,143389.06,RECEIVED
INV-000223,PO-000223,SUP-0041,2026-09-07,USD,147811.52,RECEIVED
INV-000224,PO-000224,SUP-0059,2026-07-12,INR,1758.58,RECEIVED
INV-000225,PO-000225,SUP-0047,2026-03-24,INR,67883.98,RECEIVED
INV-000226,PO-000226,SUP-0061,2026-02-26,EUR,63517.34,RECEIVED
INV-000227,PO-000227,SUP-0058,2026-03-27,GBP,54463.82,RECEIVED
INV-000228,PO-000228,SUP-0079,2026-05-11,INR,94940.97,RECEIVED
INV-000229,PO-000229,SUP-0044,2026-04-12,USD,47873.3,RECEIVED
INV-000230,PO-000230,SUP-0096,2026-03-04,EUR,25453.11,RECEIVED
INV-000231,PO-000231,SUP-0099,2026-05-23,USD,114866.96,RECEIVED
INV-000232,PO-000232,SUP-0040,2026-04-05,USD,110770.19,RECEIVED
INV-000233,PO-000233,SUP-0071,2026-02-18,INR,145446.57,RECEIVED
INV-000234,PO-000234,SUP-0067,2026-04-02,USD,43370.96,RECEIVED
INV-000235,PO-000235,SUP-0034,2026-05-09,GBP,93985.79,RECEIVED
INV-000236,PO-000236,SUP-0063,2026-03-30,INR,3399.61,RECEIVED
INV-000237,PO-000237,SUP-0092,2026-07-14,INR,1726.51,RECEIVED
INV-000238,PO-000238,SUP-0043,2026-08-16,USD,112710.15,RECEIVED
INV-000239,PO-000239,SUP-0024,2026-09-14,USD,126310.12,RECEIVED
INV-000240,PO-000240,SUP-0095,2026-03-01,GBP,69394.78,RECEIVED
INV-000241,PO-000241,SUP-0033,2026-07-09,USD,45172.56,RECEIVED
INV-000242,PO-000242,SUP-0042,2026-02-22,USD,119261.36,RECEIVED
INV-000243,PO-000243,SUP-0090,2026-02-25,USD,73432.51,RECEIVED
INV-000244,PO-000244,SUP-0025,2026-06-21,USD,52475.87,RECEIVED
INV-000245,PO-000245,SUP-0114,2026-06-26,EUR,128595.98,RECEIVED
INV-000246,PO-000246,SUP-0085,2026-01-23,EUR,125361.41,RECEIVED
INV-000247,PO-000247,SUP-0085,2026-06-03,GBP,93783.59,RECEIVED
INV-000248,PO-000248,SUP-0002,2026-06-25,USD,73965.12,RECEIVED
INV-000249,PO-000249,SUP-0025,2026-05-29,USD,98703.04,RECEIVED
INV-000250,PO-000250,SUP-0109,2026-05-16,EUR,114745.56,RECEIVED
INV-000251,PO-000251,SUP-0003,2026-09-07,EUR,45625.33,RECEIVED
INV-000252,PO-000252,SUP-0046,2026-02-23,USD,40115.73,RECEIVED
INV-000253,PO-000253,SUP-0102,2026-02-23,GBP,73497.32,RECEIVED
INV-000254,PO-000254,SUP-0068,2026-04-04,INR,81219.49,RECEIVED
INV-000255,PO-000255,SUP-0061,2026-05-29,EUR,60179.1,RECEIVED
INV-000256,PO-000256,SUP-0086,2026-05-04,GBP,55107.51,RECEIVED
INV-000257,PO-000257,SUP-0015,2026-03-16,EUR,142366.67,RECEIVED
INV-000258,PO-000258,SUP-0071,2026-06-21,INR,109623.58,RECEIVED
INV-000259,PO-000259,SUP-0037,2026-08-11,EUR,104630.74,RECEIVED
INV-000260,PO-000260,SUP-0085,2026-04-07,GBP,129710.2,RECEIVED
INV-000261,PO-000261,SUP-0072,2026-02-02,EUR,37485.12,RECEIVED
INV-000262,PO-000262,SUP-0113,2026-08-20,INR,149992.79,RECEIVED
INV-000263,PO-000263,SUP-0020,2026-04-14,EUR,136505.44,RECEIVED
INV-000264,PO-000264,SUP-0093,2026-03-01,GBP,47980.84,RECEIVED
INV-000265,PO-000265,SUP-0096,2026-02-17,EUR,116976.63,RECEIVED
INV-000266,PO-000266,SUP-0088,2026-05-05,EUR,12381.58,RECEIVED
INV-000267,PO-000267,SUP-0029,2026-04-18,USD,114798.56,RECEIVED
INV-000268,PO-000268,SUP-0078,2026-07-09,EUR,47278.17,RECEIVED
INV-000269,PO-000269,SUP-0069,2026-08-04,EUR,6368.12,RECEIVED
INV-000270,PO-000270,SUP-0100,2026-05-20,EUR,25389.75,RECEIVED
INV-000271,PO-000271,SUP-0012,2026-02-27,EUR,116920.31,RECEIVED
INV-000272,PO-000272,SUP-0094,2026-04-12,USD,82776.71,RECEIVED
INV-000273,PO-000273,SUP-0037,2026-02-15,EUR,134832.02,RECEIVED
INV-000274,PO-000274,SUP-0110,2026-06-23,USD,121214.46,RECEIVED
INV-000275,PO-000275,SUP-0080,2026-01-19,INR,28133.58,RECEIVED
INV-000276,PO-000276,SUP-0079,2026-05-23,INR,112525.55,RECEIVED
INV-000277,PO-000277,SUP-0105,2026-07-21,GBP,64384.91,RECEIVED
INV-000278,PO-000278,SUP-0012,2026-07-26,USD,103453.81,RECEIVED
INV-000279,PO-000279,SUP-0004,2026-06-26,EUR,119611.52,RECEIVED
INV-000280,PO-000280,SUP-0044,2026-07-09,USD,85553.77,RECEIVED
INV-000281,PO-000281,SUP-0081,2026-09-10,USD,129851.04,RECEIVED
INV-000282,PO-000282,SUP-0108,2026-06-10,USD,91050.52,RECEIVED
INV-000283,PO-000283,SUP-0012,2026-09-13,USD,36027.52,RECEIVED
INV-000284,PO-000284,SUP-0044,2026-07-29,USD,131144.92,RECEIVED
INV-000285,PO-000285,SUP-0112,2026-04-01,EUR,70297.95,RECEIVED
INV-000286,PO-000286,SUP-0082,2026-04-14,GBP,30483.05,RECEIVED
INV-000287,PO-000287,SUP-0071,2026-04-01,INR,21662.75,RECEIVED
INV-000288,PO-000288,SUP-0061,2026-02-05,EUR,57848.15,RECEIVED
INV-000289,PO-000289,SUP-0088,2026-05-18,EUR,35138.28,RECEIVED
INV-000290,PO-000290,SUP-0004,2026-06-04,GBP,17376.62,RECEIVED
INV-000291,PO-000291,SUP-0071,2026-05-28,INR,57880.56,RECEIVED
INV-000292,PO-000292,SUP-0095,2026-03-03,INR,89028.39,RECEIVED
INV-000293,PO-000293,SUP-0012,2026-08-01,USD,21268.05,RECEIVED
INV-000294,PO-000294,SUP-0039,2026-09-23,GBP,141528.33,RECEIVED
INV-000295,PO-000295,SUP-0031,2026-07-22,GBP,88729.5,RECEIVED
INV-000296,PO-000296,SUP-0083,2026-03-12,INR,108340.22,RECEIVED
INV-000297,PO-000297,SUP-0064,2026-07-31,EUR,75508.46,RECEIVED
INV-000298,PO-000298,SUP-0114,2026-03-11,EUR,71131.51,RECEIVED
INV-000299,PO-000299,SUP-0022,2026-07-19,GBP,138468.25,RECEIVED
INV-000300,PO-000300,SUP-0033,2026-06-26,USD,42505.3,RECEIVED
INV-000301,PO-000301,SUP-0085,2026-04-24,GBP,121272.18,RECEIVED
INV-000302,PO-000302,SUP-0097,2026-08-17,GBP,57783.47,RECEIVED
INV-000303,PO-000303,SUP-0061,2026-05-19,EUR,112049.51,RECEIVED
INV-000304,PO-000304,SUP-0043,2026-03-29,USD,120446.3,RECEIVED
INV-000305,PO-000305,SUP-0093,2026-03-10,GBP,29365.39,RECEIVED
INV-000306,PO-000306,SUP-0091,2026-02-03,USD,128537.9,RECEIVED
INV-000307,PO-000307,SUP-0049,2026-04-15,INR,149395.81,RECEIVED
INV-000308,PO-000308,SUP-0079,2026-09-10,INR,66516.47,RECEIVED
INV-000309,PO-000309,SUP-0100,2026-01-17,EUR,134528.6,RECEIVED
INV-000310,PO-000310,SUP-0116,2026-07-01,EUR,1053.71,RECEIVED
INV-000311,PO-000311,SUP-0110,2026-02-11,USD,126256.65,RECEIVED
INV-000312,PO-000312,SUP-0063,2026-08-30,INR,95102.29,RECEIVED
INV-000313,PO-000313,SUP-0083,2026-06-08,INR,80324.04,RECEIVED
INV-000314,PO-000314,SUP-0052,2026-03-28,EUR,121162.0,RECEIVED
INV-000315,PO-000315,SUP-0032,2026-01-10,USD,26251.23,RECEIVED
INV-000316,PO-000316,SUP-0104,2026-04-05,GBP,18559.96,RECEIVED
INV-000317,PO-000317,SUP-0032,2026-03-03,USD,16526.35,RECEIVED
INV-000318,PO-000318,SUP-0089,2026-07-09,GBP,19470.42,RECEIVED
INV-000319,PO-000319,SUP-0001,2026-02-28,EUR,18067.42,RECEIVED
INV-000320,PO-000320,SUP-0086,2026-02-04,GBP,96906.7,RECEIVED
INV-000321,PO-000321,SUP-0021,2026-05-12,GBP,77478.11,RECEIVED
INV-000322,PO-000322,SUP-0031,2026-08-28,GBP,30393.4,RECEIVED
INV-000323,PO-000323,SUP-0028,2026-02-26,INR,58405.88,RECEIVED
INV-000324,PO-000324,SUP-0021,2026-06-14,GBP,145535.31,RECEIVED
INV-000325,PO-000325,SUP-0108,2026-04-12,USD,2668.33,RECEIVED
INV-000326,PO-000326,SUP-0006,2026-06-05,GBP,110154.71,RECEIVED
INV-000327,PO-000327,SUP-0058,2026-03-06,GBP,12922.18,RECEIVED
INV-000328,PO-000328,SUP-0024,2026-06-13,GBP,69912.22,RECEIVED
INV-000329,PO-000329,SUP-0055,2026-07-14,USD,141941.28,RECEIVED
INV-000330,PO-000330,SUP-0114,2026-03-02,EUR,57751.77,RECEIVED
INV-000331,PO-000331,SUP-0091,2026-06-09,USD,106545.9,RECEIVED
INV-000332,PO-000332,SUP-0115,2026-05-29,EUR,102193.9,RECEIVED
INV-000333,PO-000333,SUP-0065,2026-05-22,GBP,106618.88,RECEIVED
INV-000334,PO-000334,SUP-0081,2026-03-28,INR,62772.23,RECEIVED
INV-000335,PO-000335,SUP-0108,2026-05-09,USD,45960.31,RECEIVED
INV-000336,PO-000336,SUP-0037,2026-02-26,EUR,125980.09,RECEIVED
INV-000337,PO-000337,SUP-0027,2026-07-15,EUR,47883.09,RECEIVED
INV-000338,PO-000338,SUP-0099,2026-05-10,USD,139207.79,RECEIVED
INV-000339,PO-000339,SUP-0097,2026-08-24,GBP,85002.11,RECEIVED
INV-000340,PO-000340,SUP-0008,2026-06-19,EUR,79201.86,RECEIVED
INV-000341,PO-000341,SUP-0078,2026-09-18,EUR,100181.57,RECEIVED
INV-000342,PO-000342,SUP-0112,2026-03-28,EUR,109314.08,RECEIVED
INV-000343,PO-000343,SUP-0001,2026-07-12,EUR,137204.37,RECEIVED
INV-000344,PO-000344,SUP-0006,2026-09-05,GBP,87988.63,RECEIVED
INV-000345,PO-000345,SUP-0077,2026-06-28,EUR,72332.64,RECEIVED
INV-000346,PO-000346,SUP-0046,2026-02-12,USD,41264.22,RECEIVED
INV-000347,PO-000347,SUP-0035,2026-02-19,EUR,80395.84,RECEIVED
INV-000348,PO-000348,SUP-0028,2026-05-24,INR,33556.47,RECEIVED
INV-000349,PO-000349,SUP-0119,2026-05-29,INR,52557.38,RECEIVED
INV-000350,PO-000350,SUP-0089,2026-03-31,INR,19238.96,RECEIVED
INV-000351,PO-000351,SUP-0097,2026-01-16,GBP,29854.47,RECEIVED
INV-000352,PO-000352,SUP-0039,2026-07-23,GBP,14927.29,RECEIVED
INV-000353,PO-000353,SUP-0075,2026-05-06,GBP,24503.32,RECEIVED
INV-000354,PO-000354,SUP-0116,2026-07-21,EUR,15253.51,RECEIVED
INV-000355,PO-000355,SUP-0064,2026-07-05,EUR,43596.55,RECEIVED
INV-000356,PO-000356,SUP-0059,2026-07-26,INR,146438.77,RECEIVED
INV-000357,PO-000357,SUP-0087,2026-07-23,INR,16223.2,RECEIVED
INV-000358,PO-000358,SUP-0014,2026-02-01,INR,54874.64,RECEIVED
INV-000359,PO-000359,SUP-0052,2026-06-12,EUR,42194.15,RECEIVED
INV-000360,PO-000360,SUP-0081,2026-01-14,INR,15390.71,RECEIVED
INV-000361,PO-000361,SUP-0087,2026-02-18,INR,45761.52,RECEIVED
INV-000362,PO-000362,SUP-0085,2026-05-30,GBP,75966.82,RECEIVED
INV-000363,PO-000363,SUP-0041,2026-04-29,USD,69218.61,RECEIVED
INV-000364,PO-000364,SUP-0073,2026-07-21,GBP,83290.69,RECEIVED
INV-000365,PO-000365,SUP-0104,2026-08-08,GBP,133755.76,RECEIVED
INV-000366,PO-000366,SUP-0069,2026-02-09,EUR,69405.95,RECEIVED
INV-000367,PO-000367,SUP-0022,2026-04-19,GBP,145429.45,RECEIVED
INV-000368,PO-000368,SUP-0061,2026-03-02,EUR,52423.81,RECEIVED
INV-000369,PO-000369,SUP-0081,2026-06-29,INR,75130.94,RECEIVED
INV-000370,PO-000370,SUP-0041,2026-07-11,USD,30931.93,RECEIVED
INV-000371,PO-000371,SUP-0063,2026-04-24,INR,97214.85,RECEIVED
INV-000372,PO-000372,SUP-0101,2026-01-23,EUR,129007.81,RECEIVED
INV-000373,PO-000373,SUP-0120,2026-06-02,USD,99800.46,RECEIVED
INV-000374,PO-000374,SUP-0063,2026-07-22,INR,142332.28,RECEIVED
INV-000375,PO-000375,SUP-0069,2026-08-11,EUR,66639.22,RECEIVED
INV-000376,PO-000376,SUP-0113,2026-08-19,INR,24471.33,RECEIVED
INV-000377,PO-000377,SUP-0095,2026-05-03,INR,104433.91,RECEIVED
INV-000378,PO-000378,SUP-0015,2026-03-16,EUR,77696.7,RECEIVED
INV-000379,PO-000379,SUP-0003,2026-09-22,EUR,13802.0,RECEIVED
INV-000380,PO-000380,SUP-0022,2026-02-03,GBP,107928.22,RECEIVED
INV-000381,PO-000381,SUP-0053,2026-01-27,EUR,43883.85,RECEIVED
INV-000382,PO-000382,SUP-0018,2026-07-13,USD,59934.43,RECEIVED
INV-000383,PO-000383,SUP-0017,2026-06-11,INR,27316.15,RECEIVED
INV-000384,PO-000384,SUP-0107,2026-05-26,EUR,47295.04,RECEIVED
INV-000385,PO-000385,SUP-0091,2026-05-26,USD,17845.6,RECEIVED
INV-000386,PO-000386,SUP-0064,2026-08-17,EUR,108104.71,RECEIVED
INV-000387,PO-000387,SUP-0107,2026-07-31,EUR,76556.3,RECEIVED
INV-000388,PO-000388,SUP-0114,2026-01-17,EUR,43000.05,RECEIVED
INV-000389,PO-000389,SUP-0111,2026-08-17,GBP,96724.78,RECEIVED
INV-000390,PO-000390,SUP-0023,2026-07-25,EUR,129894.57,RECEIVED
INV-000391,PO-000391,SUP-0083,2026-03-02,INR,45132.73,RECEIVED
INV-000392,PO-000392,SUP-0012,2026-08-10,USD,55551.29,RECEIVED
INV-000393,PO-000393,SUP-0088,2026-09-03,EUR,37673.7,RECEIVED
INV-000394,PO-000394,SUP-0033,2026-07-26,USD,75764.96,RECEIVED
INV-000395,PO-000395,SUP-0034,2026-04-25,GBP,80389.21,RECEIVED
INV-000396,PO-000396,SUP-0105,2026-07-02,GBP,145592.79,RECEIVED
INV-000397,PO-000397,SUP-0061,2026-01-18,EUR,17910.59,RECEIVED
INV-000398,PO-000398,SUP-0038,2026-06-09,INR,60252.22,RECEIVED
INV-000399,PO-000399,SUP-0003,2026-04-17,EUR,109068.27,RECEIVED
INV-000400,PO-000400,SUP-0102,2026-08-06,GBP,145655.78,RECEIVED
INV-000401,PO-000401,SUP-0102,2026-05-23,GBP,45895.96,RECEIVED
INV-000402,PO-000402,SUP-0023,2026-08-25,EUR,10018.01,RECEIVED
INV-000403,PO-000403,SUP-0063,2026-04-03,INR,117840.43,RECEIVED
INV-000404,PO-000404,SUP-0112,2026-09-12,EUR,54564.95,RECEIVED
INV-000405,PO-000405,SUP-0092,2026-04-21,INR,94601.34,RECEIVED
INV-000406,PO-000406,SUP-0004,2026-02-14,EUR,115637.7,RECEIVED
INV-000407,PO-000407,SUP-0008,2026-07-26,EUR,6045.51,RECEIVED
INV-000408,PO-000408,SUP-0112,2026-07-29,EUR,111533.28,RECEIVED
INV-000409,PO-000409,SUP-0114,2026-07-26,EUR,52114.97,RECEIVED
INV-000410,PO-000410,SUP-0028,2026-06-04,INR,82991.98,RECEIVED
INV-000411,PO-000411,SUP-0094,2026-09-08,USD,56260.34,RECEIVED
INV-000412,PO-000412,SUP-0086,2026-07-20,GBP,56961.03,RECEIVED
INV-000413,PO-000413,SUP-0019,2026-08-09,EUR,62101.92,RECEIVED
INV-000414,PO-000414,SUP-0010,2026-07-21,INR,79175.21,RECEIVED
INV-000415,PO-000415,SUP-0111,2026-07-30,GBP,32290.06,RECEIVED
INV-000416,PO-000416,SUP-0015,2026-04-10,EUR,85978.83,RECEIVED
INV-000417,PO-000417,SUP-0101,2026-02-04,EUR,140554.69,RECEIVED
INV-000418,PO-000418,SUP-0101,2026-05-13,EUR,125251.77,RECEIVED
INV-000419,PO-000419,SUP-0053,2026-03-25,EUR,135086.54,RECEIVED
INV-000420,PO-000420,SUP-0111,2026-07-23,GBP,4208.21,RECEIVED
INV-000421,PO-000421,SUP-0074,2026-06-28,EUR,78502.19,RECEIVED
INV-000422,PO-000422,SUP-0032,2026-02-14,EUR,121134.69,RECEIVED
INV-000423,PO-000423,SUP-0033,2026-03-10,USD,46365.74,RECEIVED
INV-000424,PO-000424,SUP-0053,2026-03-18,EUR,56639.22,RECEIVED
INV-000425,PO-000425,SUP-0064,2026-02-22,EUR,40758.49,RECEIVED
INV-000426,PO-000426,SUP-0027,2026-04-19,EUR,81295.74,RECEIVED
INV-000427,PO-000427,SUP-0001,2026-09-16,EUR,138310.7,RECEIVED
INV-000428,PO-000428,SUP-0090,2026-08-21,USD,21377.72,RECEIVED
INV-000429,PO-000429,SUP-0001,2026-07-26,EUR,26443.64,RECEIVED
INV-000430,PO-000430,SUP-0002,2026-07-30,USD,3457.36,RECEIVED
INV-000431,PO-000431,SUP-0015,2026-06-08,EUR,75298.68,RECEIVED
INV-000432,PO-000432,SUP-0113,2026-02-23,INR,127226.24,RECEIVED
INV-000433,PO-000433,SUP-0098,2026-08-21,USD,108322.43,RECEIVED
INV-000434,PO-000434,SUP-0022,2026-03-30,GBP,9895.2,RECEIVED
INV-000435,PO-000435,SUP-0108,2026-03-23,USD,16622.18,RECEIVED
INV-000436,PO-000436,SUP-0049,2026-08-23,INR,127229.98,RECEIVED
INV-000437,PO-000437,SUP-0072,2026-04-14,EUR,127564.43,RECEIVED
INV-000438,PO-000438,SUP-0002,2026-05-09,USD,69899.26,RECEIVED
INV-000439,PO-000439,SUP-0076,2026-02-04,USD,15852.1,RECEIVED
INV-000440,PO-000440,SUP-0018,2026-02-15,USD,19588.27,RECEIVED
INV-000441,PO-000441,SUP-0105,2026-05-04,GBP,51900.51,RECEIVED
INV-000442,PO-000442,SUP-0079,2026-04-27,INR,49628.55,RECEIVED
INV-000443,PO-000443,SUP-0004,2026-02-21,GBP,43941.14,RECEIVED
INV-000444,PO-000444,SUP-0023,2026-09-02,EUR,15627.94,RECEIVED
INV-000445,PO-000445,SUP-0089,2026-04-10,GBP,90132.6,RECEIVED
INV-000446,PO-000446,SUP-0042,2026-02-03,USD,94604.14,RECEIVED
INV-000447,PO-000447,SUP-0097,2026-05-22,GBP,78074.41,RECEIVED
INV-000448,PO-000448,SUP-0051,2026-04-16,GBP,64040.92,RECEIVED
INV-000449,PO-000449,SUP-0030,2026-05-24,GBP,77083.18,RECEIVED
INV-000450,PO-000450,SUP-0070,2026-08-07,INR,41825.53,RECEIVED
INV-000451,PO-000451,SUP-0026,2026-03-11,GBP,101428.55,RECEIVED
INV-000452,PO-000452,SUP-0061,2026-08-27,EUR,59927.04,RECEIVED
INV-000453,PO-000453,SUP-0109,2026-05-19,EUR,115634.59,RECEIVED
INV-000454,PO-000454,SUP-0064,2026-04-27,EUR,34210.85,RECEIVED
INV-000455,PO-000455,SUP-0043,2026-05-18,GBP,96030.99,RECEIVED
INV-000456,PO-000456,SUP-0106,2026-01-14,USD,28410.47,RECEIVED
INV-000457,PO-000457,SUP-0062,2026-04-26,GBP,143286.97,RECEIVED
INV-000458,PO-000458,SUP-0092,2026-03-24,INR,30654.56,RECEIVED
INV-000459,PO-000459,SUP-0054,2026-03-17,INR,135044.71,RECEIVED
INV-000460,PO-000460,SUP-0065,2026-05-04,GBP,67914.93,RECEIVED
INV-000461,PO-000461,SUP-0110,2026-05-01,USD,6147.31,RECEIVED
INV-000462,PO-000462,SUP-0009,2026-06-21,EUR,98724.88,RECEIVED
INV-000463,PO-000463,SUP-0069,2026-02-16,EUR,12099.0,RECEIVED
INV-000464,PO-000464,SUP-0057,2026-06-30,INR,1197.53,RECEIVED
INV-000465,PO-000465,SUP-0106,2026-07-11,USD,100507.94,RECEIVED
INV-000466,PO-000466,SUP-0066,2026-08-12,GBP,49407.65,RECEIVED
INV-000467,PO-000467,SUP-0002,2026-07-14,USD,47777.91,RECEIVED
INV-000468,PO-000468,SUP-0053,2026-07-25,EUR,90030.93,RECEIVED
INV-000469,PO-000469,SUP-0109,2026-02-18,EUR,50598.23,RECEIVED
INV-000470,PO-000470,SUP-0049,2026-07-15,INR,6167.05,RECEIVED
INV-000471,PO-000471,SUP-0007,2026-08-11,GBP,103258.8,RECEIVED
INV-000472,PO-000472,SUP-0055,2026-04-05,USD,25041.74,RECEIVED
INV-000473,PO-000473,SUP-0011,2026-05-15,USD,56968.76,RECEIVED
INV-000474,PO-000474,SUP-0037,2026-05-31,INR,91100.79,RECEIVED
INV-000475,PO-000475,SUP-0050,2026-03-27,USD,96336.78,RECEIVED
INV-000476,PO-000476,SUP-0032,2026-02-04,EUR,138259.55,RECEIVED
INV-000477,PO-000477,SUP-0088,2026-03-20,EUR,37488.51,RECEIVED
INV-000478,PO-000478,SUP-0116,2026-06-12,EUR,136537.4,RECEIVED
INV-000479,PO-000479,SUP-0097,2026-02-22,GBP,95608.95,RECEIVED
INV-000480,PO-000480,SUP-0009,2026-06-05,EUR,62817.93,RECEIVED
INV-000481,PO-000481,SUP-0081,2026-08-19,INR,95646.83,RECEIVED
INV-000482,PO-000482,SUP-0097,2026-06-25,GBP,87575.59,RECEIVED
INV-000483,PO-000483,SUP-0098,2026-09-20,USD,73145.96,RECEIVED
INV-000484,PO-000484,SUP-0112,2026-07-17,EUR,112840.24,RECEIVED
INV-000485,PO-000485,SUP-0063,2026-07-17,INR,92082.56,RECEIVED
INV-000486,PO-000486,SUP-0039,2026-02-23,GBP,134513.08,RECEIVED
INV-000487,PO-000487,SUP-0119,2026-02-17,INR,119433.3,RECEIVED
INV-000488,PO-000488,SUP-0015,2026-02-16,EUR,17151.69,RECEIVED
INV-000489,PO-000489,SUP-0069,2026-09-04,EUR,58527.76,RECEIVED
INV-000490,PO-000490,SUP-0108,2026-05-20,USD,102157.15,RECEIVED
INV-000491,PO-000491,SUP-0008,2026-02-25,EUR,124268.76,RECEIVED
INV-000492,PO-000492,SUP-0044,2026-07-18,USD,71276.53,RECEIVED
INV-000493,PO-000493,SUP-0090,2026-04-01,USD,134634.1,RECEIVED
INV-000494,PO-000494,SUP-0119,2026-02-27,INR,53659.79,RECEIVED
INV-000495,PO-000495,SUP-0032,2026-03-06,USD,36507.89,RECEIVED
INV-000496,PO-000496,SUP-0016,2026-07-19,EUR,100484.44,RECEIVED
INV-000497,PO-000497,SUP-0039,2026-02-09,GBP,49121.73,RECEIVED
INV-000498,PO-000498,SUP-0103,2026-02-17,GBP,6351.9,RECEIVED
INV-000499,PO-000499,SUP-0055,2026-03-26,USD,45439.7,RECEIVED
INV-000500,PO-000500,SUP-0076,2026-04-12,USD,19709.57,RECEIVED
INV-000501,PO-000501,SUP-0052,2026-02-21,EUR,141738.7,RECEIVED
INV-000502,PO-000502,SUP-0078,2026-05-11,EUR,123324.39,RECEIVED
INV-000503,PO-000503,SUP-0036,2026-02-12,INR,56884.82,RECEIVED
INV-000504,PO-000504,SUP-0024,2026-08-23,GBP,111323.92,RECEIVED
INV-000505,PO-000505,SUP-0046,2026-06-08,USD,43379.54,RECEIVED
INV-000506,PO-000506,SUP-0012,2026-06-18,USD,9083.02,RECEIVED
INV-000507,PO-000507,SUP-0032,2026-06-18,USD,67573.48,RECEIVED
INV-000508,PO-000508,SUP-0022,2026-02-16,GBP,51024.81,RECEIVED
INV-000509,PO-000509,SUP-0028,2026-08-05,INR,94860.88,RECEIVED
INV-000510,PO-000510,SUP-0043,2026-04-26,USD,16521.03,RECEIVED
INV-000511,PO-000511,SUP-0116,2026-05-20,EUR,19014.48,RECEIVED
INV-000512,PO-000512,SUP-0048,2026-04-18,USD,64537.05,RECEIVED
INV-000513,PO-000513,SUP-0051,2026-07-15,GBP,50016.42,RECEIVED
INV-000514,PO-000514,SUP-0103,2026-04-22,GBP,112787.94,RECEIVED
INV-000515,PO-000515,SUP-0011,2026-04-09,USD,92833.17,RECEIVED
INV-000516,PO-000516,SUP-0090,2026-03-02,USD,148886.47,RECEIVED
INV-000517,PO-000517,SUP-0026,2026-09-08,GBP,8117.83,RECEIVED
INV-000518,PO-000518,SUP-0045,2026-03-11,EUR,48316.21,RECEIVED
INV-000519,PO-000519,SUP-0013,2026-03-23,INR,38213.33,RECEIVED
INV-000520,PO-000520,SUP-0027,2026-02-03,EUR,133135.47,RECEIVED
INV-000521,PO-000521,SUP-0119,2026-02-13,INR,141301.79,RECEIVED
INV-000522,PO-000522,SUP-0117,2026-02-22,INR,72681.68,RECEIVED
INV-000523,PO-000523,SUP-0073,2026-08-07,GBP,145884.86,RECEIVED
INV-000524,PO-000524,SUP-0091,2026-04-09,USD,127945.02,RECEIVED
INV-000525,PO-000525,SUP-0106,2026-06-11,USD,17869.63,RECEIVED
INV-000526,PO-000526,SUP-0003,2026-07-31,EUR,111992.58,RECEIVED
INV-000527,PO-000527,SUP-0048,2026-09-22,USD,72111.53,RECEIVED
INV-000528,PO-000528,SUP-0021,2026-08-13,GBP,59432.5,RECEIVED
INV-000529,PO-000529,SUP-0117,2026-02-06,INR,108783.88,RECEIVED
INV-000530,PO-000530,SUP-0015,2026-07-20,EUR,124662.31,RECEIVED
INV-000531,PO-000531,SUP-0110,2026-03-24,USD,21314.9,RECEIVED
INV-000532,PO-000532,SUP-0106,2026-02-05,USD,81923.99,RECEIVED
INV-000533,PO-000533,SUP-0010,2026-02-08,INR,54393.78,RECEIVED
INV-000534,PO-000534,SUP-0043,2026-02-28,GBP,102075.28,RECEIVED
INV-000535,PO-000535,SUP-0050,2026-08-06,USD,119629.19,RECEIVED
INV-000536,PO-000536,SUP-0042,2026-03-13,USD,115246.54,RECEIVED
INV-000537,PO-000537,SUP-0069,2026-06-03,EUR,80663.78,RECEIVED
INV-000538,PO-000538,SUP-0038,2026-03-07,INR,125370.22,RECEIVED
INV-000539,PO-000539,SUP-0090,2026-04-15,USD,8585.46,RECEIVED
INV-000540,PO-000540,SUP-0019,2026-04-02,EUR,12021.26,RECEIVED
INV-000541,PO-000541,SUP-0057,2026-03-21,INR,17134.37,RECEIVED
INV-000542,PO-000542,SUP-0051,2026-07-26,GBP,142262.17,RECEIVED
INV-000543,PO-000543,SUP-0024,2026-08-31,USD,104017.78,RECEIVED
INV-000544,PO-000544,SUP-0004,2026-03-23,GBP,24832.68,RECEIVED
INV-000545,PO-000545,SUP-0026,2026-03-08,GBP,40740.62,RECEIVED
INV-000546,PO-000546,SUP-0013,2026-02-03,INR,88282.74,RECEIVED
INV-000547,PO-000547,SUP-0038,2026-07-09,INR,128464.91,RECEIVED
INV-000548,PO-000548,SUP-0078,2026-03-15,EUR,85251.68,RECEIVED
INV-000549,PO-000549,SUP-0064,2026-05-18,EUR,47400.95,RECEIVED
INV-000550,PO-000550,SUP-0034,2026-04-07,GBP,114590.38,RECEIVED
INV-000551,PO-000551,SUP-0066,2026-05-05,GBP,12981.84,RECEIVED
INV-000552,PO-000552,SUP-0045,2026-06-01,EUR,96551.43,RECEIVED
INV-000553,PO-000553,SUP-0026,2026-04-19,GBP,10138.49,RECEIVED
INV-000554,PO-000554,SUP-0028,2026-08-03,INR,102708.88,RECEIVED
INV-000555,PO-000555,SUP-0012,2026-04-20,USD,144523.18,RECEIVED
INV-000556,PO-000556,SUP-0050,2026-06-08,USD,117569.32,RECEIVED
INV-000557,PO-000557,SUP-0002,2026-08-30,USD,69069.53,RECEIVED
INV-000558,PO-000558,SUP-0045,2026-02-21,EUR,145775.8,RECEIVED
INV-000559,PO-000559,SUP-0098,2026-03-03,USD,138989.15,RECEIVED
INV-000560,PO-000560,SUP-0096,2026-06-17,EUR,66893.45,RECEIVED
INV-000561,PO-000561,SUP-0001,2026-08-10,EUR,33978.52,RECEIVED
INV-000562,PO-000562,SUP-0041,2026-03-15,USD,143894.51,RECEIVED
INV-000563,PO-000563,SUP-0094,2026-04-27,USD,135673.62,RECEIVED
INV-000564,PO-000564,SUP-0080,2026-06-07,INR,57669.52,RECEIVED
INV-000565,PO-000565,SUP-0059,2026-02-16,GBP,21704.39,RECEIVED
INV-000566,PO-000566,SUP-0010,2026-07-09,INR,11908.75,RECEIVED
INV-000567,PO-000567,SUP-0119,2026-02-23,INR,91113.56,RECEIVED
INV-000568,PO-000568,SUP-0035,2026-05-12,EUR,30286.01,RECEIVED
INV-000569,PO-000569,SUP-0102,2026-03-18,GBP,119217.88,RECEIVED
INV-000570,PO-000570,SUP-0076,2026-04-11,USD,90780.37,RECEIVED
INV-000571,PO-000571,SUP-0092,2026-03-19,INR,70073.81,RECEIVED
INV-000572,PO-000572,SUP-0092,2026-06-25,INR,133953.27,RECEIVED
INV-000573,PO-000573,SUP-0037,2026-06-17,EUR,117604.19,RECEIVED
INV-000574,PO-000574,SUP-0072,2026-06-04,EUR,92041.94,RECEIVED
INV-000575,PO-000575,SUP-0029,2026-02-18,USD,29078.37,RECEIVED
INV-000576,PO-000576,SUP-0039,2026-04-05,GBP,49734.68,RECEIVED
INV-000577,PO-000577,SUP-0031,2026-07-09,GBP,73770.52,RECEIVED
INV-000578,PO-000578,SUP-0002,2026-05-15,USD,122867.46,RECEIVED
INV-000579,PO-000579,SUP-0066,2026-07-26,GBP,60330.63,RECEIVED
INV-000580,PO-000580,SUP-0004,2026-07-14,EUR,79867.37,RECEIVED
INV-000581,PO-000581,SUP-0013,2026-07-16,INR,57687.12,RECEIVED
INV-000582,PO-000582,SUP-0088,2026-06-25,EUR,37717.16,RECEIVED
INV-000583,PO-000583,SUP-0029,2026-04-28,USD,59236.37,RECEIVED
INV-000584,PO-000584,SUP-0062,2026-08-25,GBP,136046.83,RECEIVED
INV-000585,PO-000585,SUP-0055,2026-01-25,USD,27038.5,RECEIVED
INV-000586,PO-000586,SUP-0075,2026-06-08,GBP,131046.17,RECEIVED
INV-000587,PO-000587,SUP-0107,2026-05-27,EUR,75720.4,RECEIVED
INV-000588,PO-000588,SUP-0095,2026-06-23,INR,38972.26,RECEIVED
INV-000589,PO-000589,SUP-0085,2026-04-20,EUR,74925.92,RECEIVED
INV-000590,PO-000590,SUP-0040,2026-02-04,USD,87137.77,RECEIVED
INV-000591,PO-000591,SUP-0015,2026-05-20,EUR,139121.34,RECEIVED
INV-000592,PO-000592,SUP-0063,2026-01-05,INR,64833.26,RECEIVED
INV-000593,PO-000593,SUP-0086,2026-02-04,GBP,107122.97,RECEIVED
INV-000594,PO-000594,SUP-0055,2026-09-08,USD,15171.74,RECEIVED
INV-000595,PO-000595,SUP-0039,2026-02-23,GBP,44951.45,RECEIVED
INV-000596,PO-000596,SUP-0060,2026-05-19,GBP,70249.61,RECEIVED
INV-000597,PO-000597,SUP-0060,2026-08-09,GBP,8624.76,RECEIVED
INV-000598,PO-000598,SUP-0072,2026-02-16,EUR,33919.77,RECEIVED
INV-000599,PO-000599,SUP-0027,2026-06-06,EUR,4186.13,RECEIVED
INV-000600,PO-000600,SUP-0022,2026-05-23,GBP,72329.74,RECEIVED
INV-000601,PO-000601,SUP-0051,2026-07-30,GBP,120078.35,RECEIVED
INV-000602,PO-000602,SUP-0046,2026-04-27,USD,135431.3,RECEIVED
INV-000603,PO-000603,SUP-0044,2026-07-14,USD,128870.25,RECEIVED
INV-000604,PO-000604,SUP-0076,2026-06-27,USD,92812.52,RECEIVED
INV-000605,PO-000605,SUP-0086,2026-06-10,GBP,140167.97,RECEIVED
INV-000606,PO-000606,SUP-0078,2026-09-03,EUR,26523.05,RECEIVED
INV-000607,PO-000607,SUP-0027,2026-07-30,EUR,21514.11,RECEIVED
INV-000608,PO-000608,SUP-0110,2026-08-24,USD,10539.62,RECEIVED
INV-000609,PO-000609,SUP-0037,2026-06-21,EUR,86515.7,RECEIVED
INV-000610,PO-000610,SUP-0043,2026-03-01,USD,31032.88,RECEIVED
INV-000611,PO-000611,SUP-0090,2026-04-28,USD,147167.88,RECEIVED
INV-000612,PO-000612,SUP-0014,2026-06-02,INR,76386.84,RECEIVED
INV-000613,PO-000613,SUP-0071,2026-02-25,INR,65973.95,RECEIVED
INV-000614,PO-000614,SUP-0105,2026-02-20,GBP,8969.86,RECEIVED
INV-000615,PO-000615,SUP-0051,2026-06-25,GBP,18795.27,RECEIVED
INV-000616,PO-000616,SUP-0115,2026-05-20,EUR,107113.51,RECEIVED
INV-000617,PO-000617,SUP-0117,2026-08-21,INR,146402.79,RECEIVED
INV-000618,PO-000618,SUP-0036,2026-03-26,GBP,124163.24,RECEIVED
INV-000619,PO-000619,SUP-0050,2026-02-08,USD,34055.04,RECEIVED
INV-000620,PO-000620,SUP-0119,2026-08-12,INR,113121.1,RECEIVED
INV-000621,PO-000621,SUP-0104,2026-06-12,GBP,58522.53,RECEIVED
INV-000622,PO-000622,SUP-0047,2026-06-21,INR,37951.73,RECEIVED
INV-000623,PO-000623,SUP-0060,2026-04-28,GBP,1826.17,RECEIVED
INV-000624,PO-000624,SUP-0034,2026-02-16,GBP,34499.13,RECEIVED
INV-000625,PO-000625,SUP-0071,2026-02-04,INR,142779.72,RECEIVED
INV-000626,PO-000626,SUP-0031,2026-04-23,GBP,85769.7,RECEIVED
INV-000627,PO-000627,SUP-0042,2026-04-22,GBP,146277.27,RECEIVED
INV-000628,PO-000628,SUP-0005,2026-04-16,USD,114510.47,RECEIVED
INV-000629,PO-000629,SUP-0109,2026-07-06,EUR,71113.21,RECEIVED
INV-000630,PO-000630,SUP-0047,2026-04-08,INR,84288.34,RECEIVED
INV-000631,PO-000631,SUP-0078,2026-08-15,EUR,43389.34,RECEIVED
INV-000632,PO-000632,SUP-0074,2026-06-26,EUR,132275.47,RECEIVED
INV-000633,PO-000633,SUP-0107,2026-01-14,EUR,103661.96,RECEIVED
INV-000634,PO-000634,SUP-0115,2026-06-10,EUR,91509.24,RECEIVED
INV-000635,PO-000635,SUP-0095,2026-03-27,INR,113770.18,RECEIVED
INV-000636,PO-000636,SUP-0057,2026-05-31,INR,108518.71,RECEIVED
INV-000637,PO-000637,SUP-0073,2026-04-07,GBP,48758.61,RECEIVED
INV-000638,PO-000638,SUP-0022,2026-04-15,GBP,41440.35,RECEIVED
INV-000639,PO-000639,SUP-0071,2026-01-13,INR,89959.54,RECEIVED
INV-000640,PO-000640,SUP-0107,2026-03-27,EUR,137740.28,RECEIVED
INV-000641,PO-000641,SUP-0091,2026-09-16,USD,138747.13,RECEIVED
INV-000642,PO-000642,SUP-0082,2026-03-31,GBP,20962.76,RECEIVED
INV-000643,PO-000643,SUP-0026,2026-05-29,GBP,128644.94,RECEIVED
INV-000644,PO-000644,SUP-0027,2026-01-29,EUR,63014.82,RECEIVED
INV-000645,PO-000645,SUP-0013,2026-02-19,INR,144456.38,RECEIVED
INV-000646,PO-000646,SUP-0035,2026-09-14,GBP,127722.76,RECEIVED
INV-000647,PO-000647,SUP-0053,2026-08-24,EUR,66571.76,RECEIVED
INV-000648,PO-000648,SUP-0079,2026-02-07,INR,90941.7,RECEIVED
INV-000649,PO-000649,SUP-0009,2026-05-28,EUR,31964.28,RECEIVED
INV-000650,PO-000650,SUP-0094,2026-09-02,USD,2539.31,RECEIVED
INV-000651,PO-000651,SUP-0037,2026-01-25,INR,34885.78,RECEIVED
INV-000652,PO-000652,SUP-0017,2026-08-16,INR,13195.04,RECEIVED
INV-000653,PO-000653,SUP-0034,2026-04-15,GBP,44040.18,RECEIVED
INV-000654,PO-000654,SUP-0094,2026-04-15,USD,114523.71,RECEIVED
INV-000655,PO-000655,SUP-0011,2026-05-17,GBP,92665.03,RECEIVED
INV-000656,PO-000656,SUP-0077,2026-08-28,EUR,1332.98,RECEIVED
INV-000657,PO-000657,SUP-0096,2026-02-22,EUR,30006.46,RECEIVED
INV-000658,PO-000658,SUP-0063,2026-08-09,INR,131195.15,RECEIVED
INV-000659,PO-000659,SUP-0033,2026-05-23,USD,31987.26,RECEIVED
INV-000660,PO-000660,SUP-0040,2026-03-25,USD,104259.75,RECEIVED
INV-000661,PO-000661,SUP-0106,2026-06-25,USD,109533.81,RECEIVED
INV-000662,PO-000662,SUP-0078,2026-08-28,EUR,110721.2,RECEIVED
INV-000663,PO-000663,SUP-0112,2026-03-30,EUR,12129.22,RECEIVED
INV-000664,PO-000664,SUP-0072,2026-05-10,EUR,116200.98,RECEIVED
INV-000665,PO-000665,SUP-0088,2026-06-17,EUR,135014.44,RECEIVED
INV-000666,PO-000666,SUP-0048,2026-08-30,USD,112270.46,RECEIVED
INV-000667,PO-000667,SUP-0118,2026-05-29,USD,138273.81,RECEIVED
INV-000668,PO-000668,SUP-0090,2026-03-16,USD,93977.93,RECEIVED
INV-000669,PO-000669,SUP-0041,2026-08-23,USD,81840.48,RECEIVED
INV-000670,PO-000670,SUP-0067,2026-09-27,USD,99842.05,RECEIVED
INV-000671,PO-000671,SUP-0011,2026-05-09,GBP,7154.01,RECEIVED
INV-000672,PO-000672,SUP-0081,2026-07-19,INR,25815.71,RECEIVED
INV-000673,PO-000673,SUP-0049,2026-03-10,INR,42205.03,RECEIVED
INV-000674,PO-000674,SUP-0050,2026-06-17,USD,85522.34,RECEIVED
INV-000675,PO-000675,SUP-0119,2026-05-27,INR,98920.66,RECEIVED
INV-000676,PO-000676,SUP-0024,2026-04-03,GBP,24830.47,RECEIVED
INV-000677,PO-000677,SUP-0094,2026-05-21,USD,125197.41,RECEIVED
INV-000678,PO-000678,SUP-0076,2026-03-05,USD,77074.55,RECEIVED
INV-000679,PO-000679,SUP-0059,2026-02-24,INR,69357.86,RECEIVED
INV-000680,PO-000680,SUP-0020,2026-01-27,EUR,71862.94,RECEIVED
INV-000681,PO-000681,SUP-0107,2026-07-09,EUR,36789.93,RECEIVED
INV-000682,PO-000682,SUP-0048,2026-04-01,USD,75467.66,RECEIVED
INV-000683,PO-000683,SUP-0005,2026-05-16,USD,27337.93,RECEIVED
INV-000684,PO-000684,SUP-0084,2026-08-07,EUR,121133.88,RECEIVED
INV-000685,PO-000685,SUP-0065,2026-08-12,GBP,71295.32,RECEIVED
INV-000686,PO-000686,SUP-0094,2026-05-13,USD,7757.27,RECEIVED
INV-000687,PO-000687,SUP-0114,2026-03-27,EUR,64142.53,RECEIVED
INV-000688,PO-000688,SUP-0054,2026-04-30,INR,49032.57,RECEIVED
INV-000689,PO-000689,SUP-0032,2026-02-02,USD,80480.29,RECEIVED
INV-000690,PO-000690,SUP-0006,2026-04-06,GBP,56232.9,RECEIVED
INV-000691,PO-000691,SUP-0055,2026-01-25,USD,27997.59,RECEIVED
INV-000692,PO-000692,SUP-0039,2026-07-23,GBP,119943.64,RECEIVED
INV-000693,PO-000693,SUP-0036,2026-05-22,GBP,90062.38,RECEIVED
INV-000694,PO-000694,SUP-0029,2026-07-08,USD,43530.78,RECEIVED
INV-000695,PO-000695,SUP-0005,2026-07-06,USD,73237.51,RECEIVED
INV-000696,PO-000696,SUP-0058,2026-01-21,GBP,23807.12,RECEIVED
INV-000697,PO-000697,SUP-0051,2026-03-17,GBP,148823.57,RECEIVED
INV-000698,PO-000698,SUP-0099,2026-07-04,USD,16293.0,RECEIVED
INV-000699,PO-000699,SUP-0054,2026-03-07,GBP,95644.32,RECEIVED
INV-000700,PO-000700,SUP-0073,2026-07-21,GBP,14099.48,RECEIVED
INV-000701,PO-000701,SUP-0109,2026-05-16,EUR,55675.12,RECEIVED
INV-000702,PO-000702,SUP-0059,2026-07-13,GBP,90685.72,RECEIVED
INV-000703,PO-000703,SUP-0088,2026-09-12,EUR,78205.24,RECEIVED
INV-000704,PO-000704,SUP-0019,2026-07-24,EUR,123871.67,RECEIVED
INV-000705,PO-000705,SUP-0083,2026-06-01,INR,134929.7,RECEIVED
INV-000706,PO-000706,SUP-0077,2026-08-04,EUR,21433.14,RECEIVED
INV-000707,PO-000707,SUP-0040,2026-06-28,USD,95267.24,RECEIVED
INV-000708,PO-000708,SUP-0096,2026-05-16,EUR,92959.77,RECEIVED
INV-000709,PO-000709,SUP-0002,2026-04-14,USD,34111.36,RECEIVED
INV-000710,PO-000710,SUP-0073,2026-08-21,GBP,112065.36,RECEIVED
INV-000711,PO-000711,SUP-0109,2026-08-11,EUR,8868.23,RECEIVED
INV-000712,PO-000712,SUP-0036,2026-07-17,INR,28907.12,RECEIVED
INV-000713,PO-000713,SUP-0113,2026-03-30,INR,118607.41,RECEIVED
INV-000714,PO-000714,SUP-0077,2026-04-17,EUR,85614.73,RECEIVED
INV-000715,PO-000715,SUP-0097,2026-01-30,GBP,38136.29,RECEIVED
INV-000716,PO-000716,SUP-0065,2026-06-24,GBP,66286.55,RECEIVED
INV-000717,PO-000717,SUP-0040,2026-04-25,USD,115079.87,RECEIVED
INV-000718,PO-000718,SUP-0087,2026-04-21,INR,23879.96,RECEIVED
INV-000719,PO-000719,SUP-0061,2026-04-29,EUR,22175.49,RECEIVED
INV-000720,PO-000720,SUP-0003,2026-03-14,EUR,99477.17,RECEIVED
INV-000721,PO-000721,SUP-0021,2026-08-07,GBP,72212.56,RECEIVED
INV-000722,PO-000722,SUP-0078,2026-02-09,EUR,15665.27,RECEIVED
INV-000723,PO-000723,SUP-0026,2026-05-12,GBP,37161.39,RECEIVED
INV-000724,PO-000724,SUP-0026,2026-03-11,GBP,90740.73,RECEIVED
INV-000725,PO-000725,SUP-0073,2026-02-01,GBP,143988.34,RECEIVED
INV-000726,PO-000726,SUP-0105,2026-05-12,GBP,67967.64,RECEIVED
INV-000727,PO-000727,SUP-0029,2026-05-07,USD,22998.99,RECEIVED
INV-000728,PO-000728,SUP-0078,2026-08-13,EUR,19534.87,RECEIVED
INV-000729,PO-000729,SUP-0026,2026-03-03,GBP,63930.4,RECEIVED
INV-000730,PO-000730,SUP-0049,2026-05-10,INR,66062.75,RECEIVED
INV-000731,PO-000731,SUP-0063,2026-08-09,INR,149305.96,RECEIVED
INV-000732,PO-000732,SUP-0049,2026-04-22,INR,144254.53,RECEIVED
INV-000733,PO-000733,SUP-0023,2026-02-13,EUR,78033.99,RECEIVED
INV-000734,PO-000734,SUP-0052,2026-09-13,EUR,126293.04,RECEIVED
INV-000735,PO-000735,SUP-0095,2026-09-18,GBP,61444.32,RECEIVED
INV-000736,PO-000736,SUP-0060,2026-09-08,GBP,134772.44,RECEIVED
INV-000737,PO-000737,SUP-0047,2026-05-18,INR,74173.86,RECEIVED
INV-000738,PO-000738,SUP-0032,2026-03-28,USD,28101.7,RECEIVED
INV-000739,PO-000739,SUP-0019,2026-08-15,EUR,119318.45,RECEIVED
INV-000740,PO-000740,SUP-0115,2026-04-10,EUR,51476.96,RECEIVED
INV-000741,PO-000741,SUP-0017,2026-03-28,INR,68158.44,RECEIVED
INV-000742,PO-000742,SUP-0100,2026-05-31,EUR,129058.97,RECEIVED
INV-000743,PO-000743,SUP-0110,2026-04-10,USD,7812.37,RECEIVED
INV-000744,PO-000744,SUP-0077,2026-01-27,EUR,113397.85,RECEIVED
INV-000745,PO-000745,SUP-0032,2026-02-08,EUR,34332.61,RECEIVED
INV-000746,PO-000746,SUP-0098,2026-01-25,USD,95695.11,RECEIVED
INV-000747,PO-000747,SUP-0039,2026-06-20,GBP,111565.3,RECEIVED
INV-000748,PO-000748,SUP-0022,2026-07-23,GBP,44020.49,RECEIVED
INV-000749,PO-000749,SUP-0108,2026-04-27,USD,8969.55,RECEIVED
INV-000750,PO-000750,SUP-0029,2026-07-24,USD,40230.25,RECEIVED
INV-000751,PO-000751,SUP-0110,2026-06-01,USD,129579.98,RECEIVED
INV-000752,PO-000752,SUP-0058,2026-04-13,GBP,69001.58,RECEIVED
INV-000753,PO-000753,SUP-0069,2026-04-01,EUR,124388.13,RECEIVED
INV-000754,PO-000754,SUP-0082,2026-08-01,GBP,57713.11,RECEIVED
INV-000755,PO-000755,SUP-0026,2026-02-21,GBP,106894.0,RECEIVED
INV-000756,PO-000756,SUP-0106,2026-03-24,USD,82424.09,RECEIVED
INV-000757,PO-000757,SUP-0057,2026-02-25,INR,2356.54,RECEIVED
INV-000758,PO-000758,SUP-0071,2026-05-14,INR,28315.68,RECEIVED
INV-000759,PO-000759,SUP-0069,2026-02-13,EUR,121184.41,RECEIVED
INV-000760,PO-000760,SUP-0058,2026-08-30,GBP,52466.66,RECEIVED
INV-000761,PO-000761,SUP-0073,2026-09-21,GBP,109300.19,RECEIVED
INV-000762,PO-000762,SUP-0076,2026-07-25,USD,146614.4,RECEIVED
INV-000763,PO-000763,SUP-0018,2026-03-13,USD,14831.56,RECEIVED
INV-000764,PO-000764,SUP-0083,2026-04-06,INR,68033.26,RECEIVED
INV-000765,PO-000765,SUP-0103,2026-08-22,GBP,10873.69,RECEIVED
INV-000766,PO-000766,SUP-0074,2026-08-31,EUR,66384.29,RECEIVED
INV-000767,PO-000767,SUP-0076,2026-09-03,USD,15408.37,RECEIVED
INV-000768,PO-000768,SUP-0009,2026-03-23,EUR,55171.18,RECEIVED
INV-000769,PO-000769,SUP-0038,2026-04-22,INR,65553.25,RECEIVED
INV-000770,PO-000770,SUP-0070,2026-06-20,INR,47391.22,RECEIVED
INV-000771,PO-000771,SUP-0069,2026-08-29,EUR,123896.44,RECEIVED
INV-000772,PO-000772,SUP-0010,2026-05-10,INR,31407.17,RECEIVED
INV-000773,PO-000773,SUP-0116,2026-07-12,EUR,122138.84,RECEIVED
INV-000774,PO-000774,SUP-0086,2026-09-05,GBP,138365.58,RECEIVED
INV-000775,PO-000775,SUP-0105,2026-04-03,GBP,90219.38,RECEIVED
INV-000776,PO-000776,SUP-0015,2026-08-26,EUR,118782.91,RECEIVED
INV-000777,PO-000777,SUP-0037,2026-02-25,INR,114267.9,RECEIVED
INV-000778,PO-000778,SUP-0030,2026-08-10,GBP,58515.55,RECEIVED
INV-000779,PO-000779,SUP-0057,2026-07-04,INR,140075.53,RECEIVED
INV-000780,PO-000780,SUP-0026,2026-05-02,GBP,57315.13,RECEIVED
INV-000781,PO-000781,SUP-0004,2026-02-08,EUR,126591.63,RECEIVED
INV-000782,PO-000782,SUP-0048,2026-02-23,USD,135277.18,RECEIVED
INV-000783,PO-000783,SUP-0099,2026-08-13,USD,34065.45,RECEIVED
INV-000784,PO-000784,SUP-0037,2026-05-14,INR,136581.04,RECEIVED
INV-000785,PO-000785,SUP-0056,2026-03-07,GBP,6861.96,RECEIVED
INV-000786,PO-000786,SUP-0057,2026-05-22,GBP,54852.26,RECEIVED
INV-000787,PO-000787,SUP-0039,2026-02-07,GBP,30311.76,RECEIVED
INV-000788,PO-000788,SUP-0086,2026-03-23,GBP,147553.07,RECEIVED
INV-000789,PO-000789,SUP-0041,2026-03-09,USD,111665.85,RECEIVED
INV-000790,PO-000790,SUP-0016,2026-03-15,EUR,84468.78,RECEIVED
INV-000791,PO-000791,SUP-0120,2026-06-30,INR,86000.58,RECEIVED
INV-000792,PO-000792,SUP-0009,2026-03-04,EUR,93792.65,RECEIVED
INV-000793,PO-000793,SUP-0054,2026-04-19,INR,127762.3,RECEIVED
INV-000794,PO-000794,SUP-0085,2026-04-07,EUR,82915.48,RECEIVED
INV-000795,PO-000795,SUP-0116,2026-04-28,EUR,58565.37,RECEIVED
INV-000796,PO-000796,SUP-0111,2026-01-15,GBP,121707.88,RECEIVED
INV-000797,PO-000797,SUP-0093,2026-07-15,GBP,121144.44,RECEIVED
INV-000798,PO-000798,SUP-0026,2026-02-25,GBP,14209.73,RECEIVED
INV-000799,PO-000799,SUP-0050,2026-07-13,USD,79635.36,RECEIVED
INV-000800,PO-000800,SUP-0011,2026-03-07,GBP,39857.61,RECEIVED
INV-000801,PO-000801,SUP-0021,2026-07-03,GBP,125488.04,RECEIVED
INV-000802,PO-000802,SUP-0011,2026-01-12,USD,146586.57,RECEIVED
INV-000803,PO-000803,SUP-0041,2026-03-05,USD,88290.75,RECEIVED
INV-000804,PO-000804,SUP-0049,2026-05-13,INR,55173.65,RECEIVED
INV-000805,PO-000805,SUP-0026,2026-05-30,GBP,59138.67,RECEIVED
INV-000806,PO-000806,SUP-0078,2026-03-12,EUR,35655.29,RECEIVED
INV-000807,PO-000807,SUP-0077,2026-06-11,EUR,42643.62,RECEIVED
INV-000808,PO-000808,SUP-0089,2026-09-13,INR,130845.13,RECEIVED
INV-000809,PO-000809,SUP-0050,2026-07-13,USD,48587.41,RECEIVED
INV-000810,PO-000810,SUP-0101,2026-04-15,EUR,72962.31,RECEIVED
INV-000811,PO-000811,SUP-0037,2026-07-25,EUR,56713.33,RECEIVED
INV-000812,PO-000812,SUP-0077,2026-08-03,EUR,47456.01,RECEIVED
INV-000813,PO-000813,SUP-0081,2026-06-29,USD,48920.69,RECEIVED
INV-000814,PO-000814,SUP-0014,2026-09-06,INR,107221.14,RECEIVED
INV-000815,PO-000815,SUP-0071,2026-08-10,INR,31484.56,RECEIVED
INV-000816,PO-000816,SUP-0004,2026-07-01,GBP,126512.53,RECEIVED
INV-000817,PO-000817,SUP-0005,2026-03-03,USD,87619.51,RECEIVED
INV-000818,PO-000818,SUP-0050,2026-08-21,USD,30637.09,RECEIVED
INV-000819,PO-000819,SUP-0006,2026-08-10,GBP,16456.08,RECEIVED
INV-000820,PO-000820,SUP-0073,2026-03-19,GBP,76909.36,RECEIVED
INV-000821,PO-000821,SUP-0093,2026-08-01,GBP,49440.14,RECEIVED
INV-000822,PO-000822,SUP-0114,2026-08-13,EUR,5164.39,RECEIVED
INV-000823,PO-000823,SUP-0094,2026-02-10,USD,8503.91,RECEIVED
INV-000824,PO-000824,SUP-0039,2026-03-25,GBP,68810.68,RECEIVED
INV-000825,PO-000825,SUP-0015,2026-07-25,EUR,35603.02,RECEIVED
INV-000826,PO-000826,SUP-0053,2026-01-09,EUR,86725.72,RECEIVED
INV-000827,PO-000827,SUP-0004,2026-09-12,EUR,28616.44,RECEIVED
INV-000828,PO-000828,SUP-0090,2026-07-28,USD,35112.37,RECEIVED
INV-000829,PO-000829,SUP-0053,2026-06-30,EUR,60565.99,RECEIVED
INV-000830,PO-000830,SUP-0058,2026-09-20,GBP,6891.98,RECEIVED
INV-000831,PO-000831,SUP-0011,2026-09-18,USD,17226.05,RECEIVED
INV-000832,PO-000832,SUP-0120,2026-07-07,INR,141372.33,RECEIVED
INV-000833,PO-000833,SUP-0029,2026-02-24,USD,125235.22,RECEIVED
INV-000834,PO-000834,SUP-0089,2026-03-25,GBP,113492.19,RECEIVED
INV-000835,PO-000835,SUP-0106,2026-01-28,USD,38388.37,RECEIVED
INV-000836,PO-000836,SUP-0041,2026-02-10,USD,38739.44,RECEIVED
INV-000837,PO-000837,SUP-0059,2026-08-13,INR,50938.71,RECEIVED
INV-000838,PO-000838,SUP-0028,2026-02-05,INR,2038.95,RECEIVED
INV-000839,PO-000839,SUP-0060,2026-07-04,GBP,84974.97,RECEIVED
INV-000840,PO-000840,SUP-0108,2026-03-10,USD,72580.86,RECEIVED
INV-000841,PO-000841,SUP-0024,2026-05-02,USD,129902.06,RECEIVED
INV-000842,PO-000842,SUP-0102,2026-02-01,GBP,106407.12,RECEIVED
INV-000843,PO-000843,SUP-0072,2026-02-06,EUR,10243.71,RECEIVED
INV-000844,PO-000844,SUP-0048,2026-05-17,USD,10489.42,RECEIVED
INV-000845,PO-000845,SUP-0118,2026-08-25,USD,72318.18,RECEIVED
INV-000846,PO-000846,SUP-0110,2026-03-14,USD,100228.81,RECEIVED
INV-000847,PO-000847,SUP-0029,2026-05-15,USD,9421.12,RECEIVED
INV-000848,PO-000848,SUP-0051,2026-06-22,GBP,125537.68,RECEIVED
INV-000849,PO-000849,SUP-0077,2026-04-25,EUR,10416.93,RECEIVED
INV-000850,PO-000850,SUP-0078,2026-09-26,EUR,46567.21,RECEIVED
INV-000851,PO-000851,SUP-0041,2026-09-05,USD,36292.51,RECEIVED
INV-000852,PO-000852,SUP-0092,2026-03-08,INR,119805.58,RECEIVED
INV-000853,PO-000853,SUP-0024,2026-05-09,GBP,37222.26,RECEIVED
INV-000854,PO-000854,SUP-0104,2026-09-15,GBP,74510.81,RECEIVED
INV-000855,PO-000855,SUP-0014,2026-03-04,INR,117688.66,RECEIVED
INV-000856,PO-000856,SUP-0030,2026-06-28,GBP,90747.36,RECEIVED
INV-000857,PO-000857,SUP-0095,2026-08-05,INR,73195.43,RECEIVED
INV-000858,PO-000858,SUP-0001,2026-07-18,EUR,46619.89,RECEIVED
INV-000859,PO-000859,SUP-0042,2026-06-04,USD,76380.12,RECEIVED
INV-000860,PO-000860,SUP-0113,2026-01-25,INR,103130.58,RECEIVED
INV-000861,PO-000861,SUP-0047,2026-02-06,INR,73898.14,RECEIVED
INV-000862,PO-000862,SUP-0007,2026-02-06,GBP,106212.13,RECEIVED
INV-000863,PO-000863,SUP-0120,2026-05-08,INR,22779.89,RECEIVED
INV-000864,PO-000864,SUP-0078,2026-02-07,EUR,116039.03,RECEIVED
INV-000865,PO-000865,SUP-0101,2026-04-14,EUR,128383.4,RECEIVED
INV-000866,PO-000866,SUP-0007,2026-02-27,INR,127057.3,RECEIVED
INV-000867,PO-000867,SUP-0037,2026-06-13,INR,119926.29,RECEIVED
INV-000868,PO-000868,SUP-0116,2026-05-04,EUR,56703.66,RECEIVED
INV-000869,PO-000869,SUP-0056,2026-05-07,GBP,129846.98,RECEIVED
INV-000870,PO-000870,SUP-0054,2026-03-13,INR,142184.95,RECEIVED
INV-000871,PO-000871,SUP-0046,2026-03-26,USD,46896.1,RECEIVED
INV-000872,PO-000872,SUP-0081,2026-01-31,USD,67529.62,RECEIVED
INV-000873,PO-000873,SUP-0085,2026-05-13,GBP,109851.75,RECEIVED
INV-000874,PO-000874,SUP-0039,2026-02-19,GBP,29576.77,RECEIVED
INV-000875,PO-000875,SUP-0104,2026-07-03,GBP,109324.32,RECEIVED
INV-000876,PO-000876,SUP-0007,2026-08-03,INR,129537.32,RECEIVED
INV-000877,PO-000877,SUP-0053,2026-05-10,EUR,85202.64,RECEIVED
INV-000878,PO-000878,SUP-0100,2026-09-25,EUR,133451.32,RECEIVED
INV-000879,PO-000879,SUP-0079,2026-04-20,INR,24299.2,RECEIVED
INV-000880,PO-000880,SUP-0086,2026-02-02,GBP,25200.62,RECEIVED
INV-000881,PO-000881,SUP-0079,2026-08-12,INR,92104.18,RECEIVED
INV-000882,PO-000882,SUP-0013,2026-06-26,INR,33956.89,RECEIVED
INV-000883,PO-000883,SUP-0104,2026-04-24,GBP,142779.83,RECEIVED
INV-000884,PO-000884,SUP-0076,2026-03-10,USD,16597.34,RECEIVED
INV-000885,PO-000885,SUP-0016,2026-09-30,EUR,106512.06,RECEIVED
INV-000886,PO-000886,SUP-0009,2026-01-28,EUR,126247.64,RECEIVED
INV-000887,PO-000887,SUP-0063,2026-02-18,INR,6782.81,RECEIVED
INV-000888,PO-000888,SUP-0092,2026-08-17,INR,92424.1,RECEIVED
INV-000889,PO-000889,SUP-0019,2026-07-29,EUR,98970.51,RECEIVED
INV-000890,PO-000890,SUP-0037,2026-01-12,INR,61396.78,RECEIVED
INV-000891,PO-000891,SUP-0030,2026-03-29,GBP,142825.28,RECEIVED
INV-000892,PO-000892,SUP-0099,2026-05-24,USD,148335.82,RECEIVED
INV-000893,PO-000893,SUP-0013,2026-09-15,INR,112536.83,RECEIVED
INV-000894,PO-000894,SUP-0098,2026-03-28,USD,149683.82,RECEIVED
INV-000895,PO-000895,SUP-0100,2026-03-18,EUR,17448.93,RECEIVED
INV-000896,PO-000896,SUP-0033,2026-08-30,USD,137125.04,RECEIVED
INV-000897,PO-000897,SUP-0105,2026-05-28,GBP,148671.47,RECEIVED
INV-000898,PO-000898,SUP-0100,2026-03-29,EUR,25544.69,RECEIVED
INV-000899,PO-000899,SUP-0042,2026-02-25,GBP,135045.59,RECEIVED
INV-000900,PO-000900,SUP-0064,2026-02-05,EUR,93929.51,RECEIVED
INV-000901,PO-000901,SUP-0109,2026-02-15,EUR,146281.87,RECEIVED
INV-000902,PO-000902,SUP-0004,2026-04-02,EUR,28124.03,RECEIVED
INV-000903,PO-000903,SUP-0074,2026-06-16,EUR,120155.55,RECEIVED
INV-000904,PO-000904,SUP-0104,2026-09-12,GBP,83078.83,RECEIVED
INV-000905,PO-000905,SUP-0085,2026-03-21,GBP,111293.6,RECEIVED
INV-000906,PO-000906,SUP-0061,2026-05-03,EUR,81523.68,RECEIVED
INV-000907,PO-000907,SUP-0094,2026-03-20,USD,110810.32,RECEIVED
INV-000908,PO-000908,SUP-0056,2026-06-21,GBP,100198.9,RECEIVED
INV-000909,PO-000909,SUP-0064,2026-02-14,EUR,61128.97,RECEIVED
INV-000910,PO-000910,SUP-0015,2026-06-26,EUR,31925.64,RECEIVED
INV-000911,PO-000911,SUP-0019,2026-07-15,EUR,97370.52,RECEIVED
INV-000912,PO-000912,SUP-0025,2026-05-26,USD,73592.57,RECEIVED
INV-000913,PO-000913,SUP-0055,2026-05-09,USD,117961.44,RECEIVED
INV-000914,PO-000914,SUP-0066,2026-02-24,GBP,40517.53,RECEIVED
INV-000915,PO-000915,SUP-0110,2026-06-13,USD,74806.99,RECEIVED
INV-000916,PO-000916,SUP-0014,2026-07-23,INR,114742.25,RECEIVED
INV-000917,PO-000917,SUP-0110,2026-04-20,USD,70971.88,RECEIVED
INV-000918,PO-000918,SUP-0069,2026-02-27,EUR,102303.63,RECEIVED
INV-000919,PO-000919,SUP-0016,2026-07-15,EUR,88499.62,RECEIVED
INV-000920,PO-000920,SUP-0006,2026-07-09,GBP,41923.68,RECEIVED
INV-000921,PO-000921,SUP-0012,2026-08-28,USD,86563.38,RECEIVED
INV-000922,PO-000922,SUP-0038,2026-02-02,INR,99418.36,RECEIVED
INV-000923,PO-000923,SUP-0107,2026-05-15,EUR,57023.88,RECEIVED
INV-000924,PO-000924,SUP-0035,2026-08-31,EUR,68231.75,RECEIVED
INV-000925,PO-000925,SUP-0095,2026-06-04,GBP,72158.59,RECEIVED
INV-000926,PO-000926,SUP-0031,2026-05-18,GBP,128816.32,RECEIVED
INV-000927,PO-000927,SUP-0018,2026-01-28,USD,64444.25,RECEIVED
INV-000928,PO-000928,SUP-0011,2026-05-18,USD,25112.88,RECEIVED
INV-000929,PO-000929,SUP-0057,2026-01-19,GBP,118226.13,RECEIVED
INV-000930,PO-000930,SUP-0011,2026-07-06,GBP,100387.46,RECEIVED
INV-000931,PO-000931,SUP-0077,2026-01-19,EUR,99474.55,RECEIVED
INV-000932,PO-000932,SUP-0047,2026-08-26,INR,25950.23,RECEIVED
INV-000933,PO-000933,SUP-0027,2026-05-18,EUR,90514.33,RECEIVED
INV-000934,PO-000934,SUP-0034,2026-09-10,GBP,96744.72,RECEIVED
INV-000935,PO-000935,SUP-0083,2026-04-19,INR,44989.22,RECEIVED
INV-000936,PO-000936,SUP-0011,2026-09-08,USD,6596.44,RECEIVED
INV-000937,PO-000937,SUP-0038,2026-08-14,INR,136759.23,RECEIVED
INV-000938,PO-000938,SUP-0111,2026-06-16,GBP,86568.56,RECEIVED
INV-000939,PO-000939,SUP-0090,2026-08-25,USD,147353.84,RECEIVED
INV-000940,PO-000940,SUP-0118,2026-03-20,USD,145474.92,RECEIVED
INV-000941,PO-000941,SUP-0013,2026-05-25,INR,70234.28,RECEIVED
INV-000942,PO-000942,SUP-0081,2026-06-04,INR,32908.95,RECEIVED
INV-000943,PO-000943,SUP-0115,2026-01-19,EUR,136770.88,RECEIVED
INV-000944,PO-000944,SUP-0071,2026-08-06,INR,89780.9,RECEIVED
INV-000945,PO-000945,SUP-0118,2026-08-30,USD,93348.19,RECEIVED
INV-000946,PO-000946,SUP-0108,2026-06-29,USD,21324.4,RECEIVED
INV-000947,PO-000947,SUP-0036,2026-04-05,GBP,63031.21,RECEIVED
INV-000948,PO-000948,SUP-0056,2026-05-23,GBP,104206.11,RECEIVED
INV-000949,PO-000949,SUP-0114,2026-08-02,EUR,130749.66,RECEIVED
INV-000950,PO-000950,SUP-0081,2026-05-01,USD,114576.27,RECEIVED
INV-000951,PO-000951,SUP-0102,2026-08-10,GBP,29513.34,RECEIVED
INV-000952,PO-000952,SUP-0086,2026-04-30,GBP,103820.61,RECEIVED
INV-000953,PO-000953,SUP-0103,2026-03-19,GBP,86326.08,RECEIVED
INV-000954,PO-000954,SUP-0032,2026-04-16,USD,85018.31,RECEIVED
INV-000955,PO-000955,SUP-0023,2026-02-14,EUR,28150.71,RECEIVED
INV-000956,PO-000956,SUP-0115,2026-06-30,EUR,66577.41,RECEIVED
INV-000957,PO-000957,SUP-0053,2026-03-08,EUR,135386.15,RECEIVED
INV-000958,PO-000958,SUP-0053,2026-08-28,EUR,124467.6,RECEIVED
INV-000959,PO-000959,SUP-0110,2026-09-04,USD,143903.77,RECEIVED
INV-000960,PO-000960,SUP-0107,2026-05-17,EUR,30707.77,RECEIVED
INV-000961,PO-000961,SUP-0081,2026-08-14,INR,110790.69,RECEIVED
INV-000962,PO-000962,SUP-0021,2026-07-13,GBP,141468.17,RECEIVED
INV-000963,PO-000963,SUP-0087,2026-02-02,INR,145559.4,RECEIVED
INV-000964,PO-000964,SUP-0014,2026-06-21,INR,139111.44,RECEIVED
INV-000965,PO-000965,SUP-0021,2026-05-08,GBP,17336.69,RECEIVED
INV-000966,PO-000966,SUP-0028,2026-02-10,INR,133764.38,RECEIVED
INV-000967,PO-000967,SUP-0007,2026-05-15,GBP,31131.1,RECEIVED
INV-000968,PO-000968,SUP-0116,2026-08-13,EUR,118745.06,RECEIVED
INV-000969,PO-000969,SUP-0034,2026-03-09,GBP,86091.71,RECEIVED
INV-000970,PO-000970,SUP-0070,2026-04-24,INR,102271.42,RECEIVED
INV-000971,PO-000971,SUP-0012,2026-07-19,USD,131080.88,RECEIVED
INV-000972,PO-000972,SUP-0052,2026-07-21,EUR,11392.9,RECEIVED
INV-000973,PO-000973,SUP-0059,2026-06-12,GBP,88799.59,RECEIVED
INV-000974,PO-000974,SUP-0089,2026-07-19,INR,126343.7,RECEIVED
INV-000975,PO-000975,SUP-0012,2026-09-22,INR,27266.82,RECEIVED
INV-000976,PO-000976,SUP-0110,2026-05-22,USD,74835.3,RECEIVED
INV-000977,PO-000977,SUP-0083,2026-07-12,INR,93967.42,RECEIVED
INV-000978,PO-000978,SUP-0022,2026-09-12,GBP,81494.63,RECEIVED
INV-000979,PO-000979,SUP-0082,2026-07-14,GBP,80139.11,RECEIVED
INV-000980,PO-000980,SUP-0074,2026-05-01,EUR,141936.68,RECEIVED
INV-000981,PO-000981,SUP-0083,2026-06-09,INR,39795.98,RECEIVED
INV-000982,PO-000982,SUP-0119,2026-09-24,INR,72441.99,RECEIVED
INV-000983,PO-000983,SUP-0108,2026-03-03,USD,59482.35,RECEIVED
INV-000984,PO-000984,SUP-0013,2026-08-16,INR,64224.39,RECEIVED
INV-000985,PO-000985,SUP-0037,2026-01-24,EUR,116561.89,RECEIVED
INV-000986,PO-000986,SUP-0120,2026-06-22,INR,121460.13,RECEIVED
INV-000987,PO-000987,SUP-0094,2026-04-27,USD,119592.07,RECEIVED
INV-000988,PO-000988,SUP-0048,2026-06-17,USD,97277.34,RECEIVED
INV-000989,PO-000989,SUP-0009,2026-02-04,EUR,48934.5,RECEIVED
INV-000990,PO-000990,SUP-0088,2026-04-10,EUR,45837.73,RECEIVED
INV-000991,PO-000991,SUP-0118,2026-03-22,USD,31768.05,RECEIVED
INV-000992,PO-000992,SUP-0081,2026-07-06,USD,14344.31,RECEIVED
INV-000993,PO-000993,SUP-0021,2026-07-28,GBP,83135.53,RECEIVED
INV-000994,PO-000994,SUP-0091,2026-07-04,USD,68676.11,RECEIVED
INV-000995,PO-000995,SUP-0012,2026-04-26,USD,134997.89,RECEIVED
INV-000996,PO-000996,SUP-0016,2026-03-02,EUR,9966.63,RECEIVED
INV-000997,PO-000997,SUP-0020,2026-07-22,EUR,62085.07,RECEIVED
INV-000998,PO-000998,SUP-0031,2026-03-25,GBP,134557.63,RECEIVED
INV-000999,PO-000999,SUP-0032,2026-06-15,USD,50227.31,RECEIVED
INV-001000,PO-001000,SUP-0117,2026-08-07,INR,17320.71,RECEIVED
INV-001001,PO-001001,SUP-0034,2026-07-07,GBP,121719.51,RECEIVED
INV-001002,PO-001002,SUP-0105,2026-02-23,GBP,69302.11,RECEIVED
INV-001003,PO-001003,SUP-0026,2026-04-16,GBP,98236.33,RECEIVED
INV-001004,PO-001004,SUP-0064,2026-06-17,EUR,145128.48,RECEIVED
INV-001005,PO-001005,SUP-0052,2026-02-08,EUR,126073.26,RECEIVED
INV-001006,PO-001006,SUP-0085,2026-09-25,GBP,79608.7,RECEIVED
INV-001007,PO-001007,SUP-0069,2026-07-11,EUR,27236.23,RECEIVED
INV-001008,PO-001008,SUP-0037,2026-08-19,EUR,83978.8,RECEIVED
INV-001009,PO-001009,SUP-0017,2026-08-19,INR,123574.11,RECEIVED
INV-001010,PO-001010,SUP-0016,2026-04-06,USD,29018.09,RECEIVED
INV-001011,PO-001011,SUP-0016,2026-06-24,EUR,24712.1,RECEIVED
INV-001012,PO-001012,SUP-0044,2026-03-21,USD,142960.71,RECEIVED
INV-001013,PO-001013,SUP-0016,2026-07-05,USD,54796.42,RECEIVED
INV-001014,PO-001014,SUP-0018,2026-05-09,USD,65410.64,RECEIVED
INV-001015,PO-001015,SUP-0005,2026-02-05,USD,121011.46,RECEIVED
INV-001016,PO-001016,SUP-0070,2026-06-08,INR,15065.54,RECEIVED
INV-001017,PO-001017,SUP-0043,2026-02-03,USD,122043.07,RECEIVED
INV-001018,PO-001018,SUP-0045,2026-05-25,EUR,64173.3,RECEIVED
INV-001019,PO-001019,SUP-0108,2026-08-28,USD,59346.8,RECEIVED
INV-001020,PO-001020,SUP-0090,2026-01-25,USD,5296.65,RECEIVED
INV-001021,PO-001021,SUP-0070,2026-08-19,INR,107377.96,RECEIVED
INV-001022,PO-001022,SUP-0006,2026-06-11,GBP,91522.96,RECEIVED
INV-001023,PO-001023,SUP-0078,2026-02-23,EUR,61927.64,RECEIVED
INV-001024,PO-001024,SUP-0063,2026-06-13,INR,40293.03,RECEIVED
INV-001025,PO-001025,SUP-0079,2026-08-14,INR,2691.74,RECEIVED
INV-001026,PO-001026,SUP-0012,2026-01-19,USD,126233.6,RECEIVED
INV-001027,PO-001027,SUP-0038,2026-08-04,INR,123142.11,RECEIVED
INV-001028,PO-001028,SUP-0070,2026-05-21,INR,71408.99,RECEIVED
INV-001029,PO-001029,SUP-0039,2026-02-01,GBP,114809.13,RECEIVED
INV-001030,PO-001030,SUP-0060,2026-07-01,GBP,141518.89,RECEIVED
INV-001031,PO-001031,SUP-0092,2026-03-16,INR,135755.87,RECEIVED
INV-001032,PO-001032,SUP-0024,2026-07-12,GBP,7252.55,RECEIVED
INV-001033,PO-001033,SUP-0002,2026-06-20,USD,51033.68,RECEIVED
INV-001034,PO-001034,SUP-0102,2026-04-14,GBP,80426.0,RECEIVED
INV-001035,PO-001035,SUP-0078,2026-04-26,EUR,3797.2,RECEIVED
INV-001036,PO-001036,SUP-0115,2026-04-15,EUR,99346.58,RECEIVED
INV-001037,PO-001037,SUP-0006,2026-04-02,GBP,83665.92,RECEIVED
INV-001038,PO-001038,SUP-0054,2026-09-07,GBP,9945.35,RECEIVED
INV-001039,PO-001039,SUP-0074,2026-05-23,EUR,81385.75,RECEIVED
INV-001040,PO-001040,SUP-0090,2026-07-29,USD,92972.49,RECEIVED
INV-001041,PO-001041,SUP-0018,2026-02-17,USD,126800.36,RECEIVED
INV-001042,PO-001042,SUP-0032,2026-07-10,EUR,97318.97,RECEIVED
INV-001043,PO-001043,SUP-0075,2026-03-14,GBP,7520.27,RECEIVED
INV-001044,PO-001044,SUP-0044,2026-06-18,USD,67867.88,RECEIVED
INV-001045,PO-001045,SUP-0099,2026-04-03,USD,105239.46,RECEIVED
INV-001046,PO-001046,SUP-0030,2026-02-02,GBP,104371.49,RECEIVED
INV-001047,PO-001047,SUP-0040,2026-02-11,USD,114689.43,RECEIVED
INV-001048,PO-001048,SUP-0051,2026-07-13,GBP,74432.87,RECEIVED
INV-001049,PO-001049,SUP-0092,2026-08-04,INR,39836.77,RECEIVED
INV-001050,PO-001050,SUP-0105,2026-05-10,GBP,147518.46,RECEIVED
INV-001051,PO-001051,SUP-0007,2026-07-12,GBP,141713.63,RECEIVED
INV-001052,PO-001052,SUP-0037,2026-07-02,INR,141042.7,RECEIVED
INV-001053,PO-001053,SUP-0078,2026-03-24,EUR,124091.88,RECEIVED
INV-001054,PO-001054,SUP-0002,2026-08-17,USD,138164.47,RECEIVED
INV-001055,PO-001055,SUP-0066,2026-08-18,GBP,64035.21,RECEIVED
INV-001056,PO-001056,SUP-0028,2026-07-09,INR,117749.59,RECEIVED
INV-001057,PO-001057,SUP-0016,2026-06-22,USD,68745.75,RECEIVED
INV-001058,PO-001058,SUP-0108,2026-02-27,USD,41499.01,RECEIVED
INV-001059,PO-001059,SUP-0017,2026-08-18,INR,83733.69,RECEIVED
INV-001060,PO-001060,SUP-0022,2026-02-11,GBP,7194.92,RECEIVED
INV-001061,PO-001061,SUP-0009,2026-05-09,EUR,65378.59,RECEIVED
INV-001062,PO-001062,SUP-0071,2026-08-24,INR,44673.02,RECEIVED
INV-001063,PO-001063,SUP-0025,2026-04-13,EUR,61595.87,RECEIVED
INV-001064,PO-001064,SUP-0059,2026-09-18,INR,27765.72,RECEIVED
INV-001065,PO-001065,SUP-0116,2026-08-31,EUR,55959.78,RECEIVED
INV-001066,PO-001066,SUP-0042,2026-05-03,USD,92310.72,RECEIVED
INV-001067,PO-001067,SUP-0059,2026-06-15,GBP,35494.94,RECEIVED
INV-001068,PO-001068,SUP-0048,2026-02-23,USD,54771.69,RECEIVED
INV-001069,PO-001069,SUP-0010,2026-04-26,INR,50674.35,RECEIVED
INV-001070,PO-001070,SUP-0086,2026-05-19,GBP,44871.28,RECEIVED
INV-001071,PO-001071,SUP-0092,2026-09-18,INR,21096.73,RECEIVED
INV-001072,PO-001072,SUP-0093,2026-03-19,GBP,137479.05,RECEIVED
INV-001073,PO-001073,SUP-0107,2026-07-07,EUR,86391.13,RECEIVED
INV-001074,PO-001074,SUP-0053,2026-01-30,EUR,69174.04,RECEIVED
INV-001075,PO-001075,SUP-0012,2026-05-28,USD,97966.47,RECEIVED
INV-001076,PO-001076,SUP-0001,2026-02-11,EUR,9308.16,RECEIVED
INV-001077,PO-001077,SUP-0079,2026-08-14,INR,69841.37,RECEIVED
INV-001078,PO-001078,SUP-0096,2026-03-31,EUR,142077.14,RECEIVED
INV-001079,PO-001079,SUP-0060,2026-08-19,GBP,64813.1,RECEIVED
INV-001080,PO-001080,SUP-0113,2026-06-14,INR,106850.79,RECEIVED
INV-001081,PO-001081,SUP-0077,2026-03-23,EUR,143504.21,RECEIVED
INV-001082,PO-001082,SUP-0009,2026-09-12,EUR,44867.1,RECEIVED
INV-001083,PO-001083,SUP-0065,2026-06-04,GBP,45894.14,RECEIVED
INV-001084,PO-001084,SUP-0051,2026-05-20,GBP,93171.26,RECEIVED
INV-001085,PO-001085,SUP-0024,2026-06-26,USD,5585.14,RECEIVED
INV-001086,PO-001086,SUP-0077,2026-02-27,EUR,49615.83,RECEIVED
INV-001087,PO-001087,SUP-0024,2026-09-13,GBP,47405.18,RECEIVED
INV-001088,PO-001088,SUP-0011,2026-02-12,USD,50920.46,RECEIVED
INV-001089,PO-001089,SUP-0109,2026-05-05,EUR,89446.59,RECEIVED
INV-001090,PO-001090,SUP-0016,2026-03-18,USD,52557.37,RECEIVED
INV-001091,PO-001091,SUP-0117,2026-03-22,INR,148577.6,RECEIVED
INV-001092,PO-001092,SUP-0050,2026-02-12,USD,9369.07,RECEIVED
INV-001093,PO-001093,SUP-0117,2026-02-19,INR,82236.93,RECEIVED
INV-001094,PO-001094,SUP-0059,2026-07-27,INR,127285.9,RECEIVED
INV-001095,PO-001095,SUP-0037,2026-05-12,EUR,80817.22,RECEIVED
INV-001096,PO-001096,SUP-0029,2026-03-29,USD,49988.98,RECEIVED
INV-001097,PO-001097,SUP-0108,2026-05-01,USD,37020.65,RECEIVED
INV-001098,PO-001098,SUP-0119,2026-04-27,INR,113258.45,RECEIVED
INV-001099,PO-001099,SUP-0103,2026-09-16,GBP,104285.12,RECEIVED
INV-001100,PO-001100,SUP-0029,2026-03-01,USD,28762.25,RECEIVED
INV-001101,PO-001101,SUP-0101,2026-06-17,EUR,86141.18,RECEIVED
INV-001102,PO-001102,SUP-0014,2026-06-04,INR,65761.31,RECEIVED
INV-001103,PO-001103,SUP-0062,2026-02-14,GBP,82349.59,RECEIVED
INV-001104,PO-001104,SUP-0066,2026-03-18,GBP,108496.18,RECEIVED
INV-001105,PO-001105,SUP-0018,2026-02-05,USD,38168.32,RECEIVED
INV-001106,PO-001106,SUP-0095,2026-02-18,GBP,5899.29,RECEIVED
INV-001107,PO-001107,SUP-0092,2026-05-19,INR,54196.7,RECEIVED
INV-001108,PO-001108,SUP-0065,2026-04-23,GBP,50652.04,RECEIVED
INV-001109,PO-001109,SUP-0084,2026-06-10,EUR,13904.0,RECEIVED
INV-001110,PO-001110,SUP-0103,2026-10-02,GBP,18218.06,RECEIVED
INV-001111,PO-001111,SUP-0114,2026-09-01,EUR,62943.77,RECEIVED
INV-001112,PO-001112,SUP-0057,2026-05-03,GBP,146964.64,RECEIVED
INV-001113,PO-001113,SUP-0017,2026-04-19,INR,20636.1,RECEIVED
INV-001114,PO-001114,SUP-0086,2026-09-17,GBP,124397.92,RECEIVED
INV-001115,PO-001115,SUP-0093,2026-08-29,GBP,123188.76,RECEIVED
INV-001116,PO-001116,SUP-0104,2026-02-15,GBP,12263.49,RECEIVED
INV-001117,PO-001117,SUP-0031,2026-04-25,GBP,84865.49,RECEIVED
INV-001118,PO-001118,SUP-0105,2026-03-01,GBP,114182.46,RECEIVED
INV-001119,PO-001119,SUP-0016,2026-03-09,EUR,58028.49,RECEIVED
INV-001120,PO-001120,SUP-0032,2026-09-08,USD,62610.69,RECEIVED
INV-001121,PO-001121,SUP-0083,2026-06-01,INR,141051.93,RECEIVED
INV-001122,PO-001122,SUP-0021,2026-04-23,GBP,122439.0,RECEIVED
INV-001123,PO-001123,SUP-0112,2026-07-21,EUR,79591.0,RECEIVED
INV-001124,PO-001124,SUP-0053,2026-03-01,EUR,70470.57,RECEIVED
INV-001125,PO-001125,SUP-0062,2026-07-28,GBP,19639.52,RECEIVED
INV-001126,PO-001126,SUP-0099,2026-07-23,USD,60000.4,RECEIVED
INV-001127,PO-001127,SUP-0101,2026-04-25,EUR,19609.17,RECEIVED
INV-001128,PO-001128,SUP-0110,2026-07-13,USD,104177.16,RECEIVED
INV-001129,PO-001129,SUP-0066,2026-04-20,GBP,91266.58,RECEIVED
INV-001130,PO-001130,SUP-0046,2026-08-31,USD,144430.5,RECEIVED
INV-001131,PO-001131,SUP-0100,2026-06-03,EUR,30445.47,RECEIVED
INV-001132,PO-001132,SUP-0072,2026-07-17,EUR,122445.18,RECEIVED
INV-001133,PO-001133,SUP-0116,2026-04-06,EUR,125050.86,RECEIVED
INV-001134,PO-001134,SUP-0001,2026-07-13,EUR,47630.67,RECEIVED
INV-001135,PO-001135,SUP-0029,2026-02-20,USD,60493.25,RECEIVED
INV-001136,PO-001136,SUP-0033,2026-07-31,USD,26554.84,RECEIVED
INV-001137,PO-001137,SUP-0076,2026-07-05,USD,48495.56,RECEIVED
INV-001138,PO-001138,SUP-0013,2026-07-18,INR,99414.04,RECEIVED
INV-001139,PO-001139,SUP-0067,2026-03-27,GBP,11591.91,RECEIVED
INV-001140,PO-001140,SUP-0031,2026-09-20,GBP,94829.3,RECEIVED
INV-001141,PO-001141,SUP-0082,2026-02-28,GBP,35359.64,RECEIVED
INV-001142,PO-001142,SUP-0108,2026-08-14,USD,52691.26,RECEIVED
INV-001143,PO-001143,SUP-0086,2026-06-08,GBP,60436.6,RECEIVED
INV-001144,PO-001144,SUP-0076,2026-03-25,USD,84974.42,RECEIVED
INV-001145,PO-001145,SUP-0045,2026-03-15,EUR,79587.92,RECEIVED
INV-001146,PO-001146,SUP-0097,2026-09-02,GBP,135218.42,RECEIVED
INV-001147,PO-001147,SUP-0032,2026-08-21,USD,106000.24,RECEIVED
INV-001148,PO-001148,SUP-0076,2026-06-11,USD,63309.17,RECEIVED
INV-001149,PO-001149,SUP-0008,2026-02-04,EUR,129132.98,RECEIVED
INV-001150,PO-001150,SUP-0056,2026-04-20,GBP,139370.61,RECEIVED
INV-001151,PO-001151,SUP-0043,2026-09-07,USD,53757.74,RECEIVED
INV-001152,PO-001152,SUP-0009,2026-07-22,EUR,54394.18,RECEIVED
INV-001153,PO-001153,SUP-0048,2026-08-29,USD,31103.18,RECEIVED
INV-001154,PO-001154,SUP-0034,2026-02-27,GBP,98575.48,RECEIVED
INV-001155,PO-001155,SUP-0049,2026-02-17,INR,132975.09,RECEIVED
INV-001156,PO-001156,SUP-0036,2026-05-12,GBP,51081.9,RECEIVED
INV-001157,PO-001157,SUP-0028,2026-08-17,INR,1989.14,RECEIVED
INV-001158,PO-001158,SUP-0120,2026-05-05,USD,128457.47,RECEIVED
INV-001159,PO-001159,SUP-0004,2026-03-22,GBP,107652.46,RECEIVED
INV-001160,PO-001160,SUP-0104,2026-02-06,GBP,68405.72,RECEIVED
INV-001161,PO-001161,SUP-0060,2026-09-04,GBP,137642.97,RECEIVED
INV-001162,PO-001162,SUP-0101,2026-07-16,EUR,22676.52,RECEIVED
INV-001163,PO-001163,SUP-0103,2026-04-30,GBP,52301.34,RECEIVED
INV-001164,PO-001164,SUP-0007,2026-06-20,GBP,68954.5,RECEIVED
INV-001165,PO-001165,SUP-0007,2026-05-31,GBP,128331.13,RECEIVED
INV-001166,PO-001166,SUP-0023,2026-09-16,EUR,74088.38,RECEIVED
INV-001167,PO-001167,SUP-0087,2026-07-22,INR,121730.88,RECEIVED
INV-001168,PO-001168,SUP-0040,2026-06-04,USD,90083.44,RECEIVED
INV-001169,PO-001169,SUP-0111,2026-07-12,GBP,102625.93,RECEIVED
INV-001170,PO-001170,SUP-0054,2026-04-13,INR,28155.49,RECEIVED
INV-001171,PO-001171,SUP-0020,2026-02-28,EUR,11164.71,RECEIVED
INV-001172,PO-001172,SUP-0060,2026-07-06,GBP,61586.53,RECEIVED
INV-001173,PO-001173,SUP-0044,2026-02-28,USD,31112.03,RECEIVED
INV-001174,PO-001174,SUP-0023,2026-02-08,EUR,142488.64,RECEIVED
INV-001175,PO-001175,SUP-0092,2026-06-17,INR,23471.23,RECEIVED
INV-001176,PO-001176,SUP-0073,2026-05-27,GBP,95923.0,RECEIVED
INV-001177,PO-001177,SUP-0077,2026-07-26,EUR,19830.53,RECEIVED
INV-001178,PO-001178,SUP-0089,2026-01-31,INR,43006.15,RECEIVED
INV-001179,PO-001179,SUP-0020,2026-06-20,EUR,91606.85,RECEIVED
INV-001180,PO-001180,SUP-0015,2026-02-14,EUR,33291.35,RECEIVED
INV-001181,PO-001181,SUP-0042,2026-03-29,USD,37018.63,RECEIVED
INV-001182,PO-001182,SUP-0085,2026-07-22,GBP,91913.97,RECEIVED
INV-001183,PO-001183,SUP-0114,2026-02-24,EUR,59948.58,RECEIVED
INV-001184,PO-001184,SUP-0116,2026-07-12,EUR,91511.68,RECEIVED
INV-001185,PO-001185,SUP-0052,2026-05-12,EUR,58153.59,RECEIVED
INV-001186,PO-001186,SUP-0046,2026-06-16,USD,128057.71,RECEIVED
INV-001187,PO-001187,SUP-0074,2026-02-21,EUR,48889.08,RECEIVED
INV-001188,PO-001188,SUP-0003,2026-03-22,EUR,94296.54,RECEIVED
INV-001189,PO-001189,SUP-0036,2026-06-15,INR,29434.42,RECEIVED
INV-001190,PO-001190,SUP-0069,2026-03-12,EUR,43857.36,RECEIVED
INV-001191,PO-001191,SUP-0059,2026-04-18,GBP,60332.11,RECEIVED
INV-001192,PO-001192,SUP-0046,2026-08-01,USD,33605.21,RECEIVED
INV-001193,PO-001193,SUP-0071,2026-07-11,INR,89453.16,RECEIVED
INV-001194,PO-001194,SUP-0093,2026-07-23,GBP,101984.36,RECEIVED
INV-001195,PO-001195,SUP-0056,2026-06-28,GBP,8242.05,RECEIVED
INV-001196,PO-001196,SUP-0054,2026-01-24,INR,17393.29,RECEIVED
INV-001197,PO-001197,SUP-0105,2026-02-17,GBP,45482.08,RECEIVED
INV-001198,PO-001198,SUP-0120,2026-07-16,INR,99156.02,RECEIVED
INV-001199,PO-001199,SUP-0039,2026-07-21,GBP,117927.37,RECEIVED
INV-001200,PO-001200,SUP-0107,2026-03-02,EUR,43476.74,RECEIVED
INV-001201,PO-001201,SUP-0012,2026-09-28,EUR,107711.11,RECEIVED
INV-001202,PO-001202,SUP-0094,2026-07-01,USD,52302.5,RECEIVED
INV-001203,PO-001203,SUP-0065,2026-05-14,GBP,55552.39,RECEIVED
INV-001204,PO-001204,SUP-0046,2026-04-08,USD,66034.88,RECEIVED
INV-001205,PO-001205,SUP-0090,2026-03-09,USD,39363.64,RECEIVED
INV-001206,PO-001206,SUP-0004,2026-03-07,GBP,19159.36,RECEIVED
INV-001207,PO-001207,SUP-0002,2026-08-14,USD,83450.37,RECEIVED
INV-001208,PO-001208,SUP-0013,2026-05-05,INR,64015.94,RECEIVED
INV-001209,PO-001209,SUP-0104,2026-06-22,GBP,139855.29,RECEIVED
INV-001210,PO-001210,SUP-0034,2026-01-18,GBP,109044.35,RECEIVED
INV-001211,PO-001211,SUP-0044,2026-03-17,USD,86827.2,RECEIVED
INV-001212,PO-001212,SUP-0080,2026-06-12,INR,55921.47,RECEIVED
INV-001213,PO-001213,SUP-0060,2026-08-13,GBP,21080.02,RECEIVED
INV-001214,PO-001214,SUP-0024,2026-07-18,USD,4937.89,RECEIVED
INV-001215,PO-001215,SUP-0085,2026-06-09,GBP,94726.12,RECEIVED
INV-001216,PO-001216,SUP-0041,2026-06-23,USD,129285.74,RECEIVED
INV-001217,PO-001217,SUP-0099,2026-03-19,USD,19417.21,RECEIVED
INV-001218,PO-001218,SUP-0011,2026-03-16,GBP,143799.63,RECEIVED
INV-001219,PO-001219,SUP-0113,2026-04-19,INR,32220.52,RECEIVED
INV-001220,PO-001220,SUP-0118,2026-02-15,USD,32946.43,RECEIVED
INV-001221,PO-001221,SUP-0012,2026-09-05,INR,58182.18,RECEIVED
INV-001222,PO-001222,SUP-0032,2026-07-04,EUR,92209.93,RECEIVED
INV-001223,PO-001223,SUP-0044,2026-03-25,USD,26974.83,RECEIVED
INV-001224,PO-001224,SUP-0005,2026-06-24,USD,84252.37,RECEIVED
INV-001225,PO-001225,SUP-0120,2026-08-31,INR,15816.06,RECEIVED
INV-001226,PO-001226,SUP-0034,2026-06-30,GBP,26468.21,RECEIVED
INV-001227,PO-001227,SUP-0114,2026-02-05,EUR,96449.62,RECEIVED
INV-001228,PO-001228,SUP-0026,2026-03-02,GBP,88801.82,RECEIVED
INV-001229,PO-001229,SUP-0080,2026-04-29,INR,29353.71,RECEIVED
INV-001230,PO-001230,SUP-0034,2026-01-18,GBP,138612.54,RECEIVED
INV-001231,PO-001231,SUP-0098,2026-02-20,USD,3442.2,RECEIVED
INV-001232,PO-001232,SUP-0019,2026-05-24,EUR,142841.64,RECEIVED
INV-001233,PO-001233,SUP-0013,2026-05-23,INR,124351.36,RECEIVED
INV-001234,PO-001234,SUP-0013,2026-02-28,INR,8013.95,RECEIVED
INV-001235,PO-001235,SUP-0043,2026-05-10,USD,134042.75,RECEIVED
INV-001236,PO-001236,SUP-0061,2026-02-11,EUR,9459.91,RECEIVED
INV-001237,PO-001237,SUP-0097,2026-06-30,GBP,67994.91,RECEIVED
INV-001238,PO-001238,SUP-0006,2026-09-11,GBP,11797.79,RECEIVED
INV-001239,PO-001239,SUP-0053,2026-03-01,EUR,123845.36,RECEIVED
INV-001240,PO-001240,SUP-0019,2026-06-30,EUR,41103.78,RECEIVED
INV-001241,PO-001241,SUP-0035,2026-08-25,EUR,103960.25,RECEIVED
INV-001242,PO-001242,SUP-0074,2026-03-31,EUR,143284.85,RECEIVED
INV-001243,PO-001243,SUP-0055,2026-03-01,USD,32477.14,RECEIVED
INV-001244,PO-001244,SUP-0004,2026-05-01,GBP,123219.22,RECEIVED
INV-001245,PO-001245,SUP-0109,2026-01-27,EUR,65858.89,RECEIVED
INV-001246,PO-001246,SUP-0107,2026-08-07,EUR,49242.29,RECEIVED
INV-001247,PO-001247,SUP-0024,2026-07-15,USD,128424.6,RECEIVED
INV-001248,PO-001248,SUP-0111,2026-04-05,GBP,135448.03,RECEIVED
INV-001249,PO-001249,SUP-0059,2026-06-04,GBP,17128.87,RECEIVED
INV-001250,PO-001250,SUP-0052,2026-01-14,EUR,87156.94,RECEIVED
INV-001251,PO-001251,SUP-0110,2026-05-30,USD,149996.25,RECEIVED
INV-001252,PO-001252,SUP-0016,2026-08-05,USD,125337.38,RECEIVED
INV-001253,PO-001253,SUP-0072,2026-08-01,EUR,39241.12,RECEIVED
INV-001254,PO-001254,SUP-0027,2026-08-13,EUR,36256.44,RECEIVED
INV-001255,PO-001255,SUP-0113,2026-08-04,INR,21322.23,RECEIVED
INV-001256,PO-001256,SUP-0005,2026-06-12,USD,133142.76,RECEIVED
INV-001257,PO-001257,SUP-0038,2026-02-21,INR,93153.36,RECEIVED
INV-001258,PO-001258,SUP-0060,2026-03-28,GBP,8779.52,RECEIVED
INV-001259,PO-001259,SUP-0017,2026-07-13,INR,135715.19,RECEIVED
INV-001260,PO-001260,SUP-0105,2026-03-26,GBP,57584.43,RECEIVED
INV-001261,PO-001261,SUP-0047,2026-07-20,INR,111656.49,RECEIVED
INV-001262,PO-001262,SUP-0096,2026-08-14,EUR,69097.67,RECEIVED
INV-001263,PO-001263,SUP-0107,2026-06-25,EUR,24366.73,RECEIVED
INV-001264,PO-001264,SUP-0039,2026-02-22,GBP,35676.38,RECEIVED
INV-001265,PO-001265,SUP-0044,2026-08-29,USD,38290.28,RECEIVED
INV-001266,PO-001266,SUP-0099,2026-03-01,USD,100751.8,RECEIVED
INV-001267,PO-001267,SUP-0029,2026-07-14,USD,88220.52,RECEIVED
INV-001268,PO-001268,SUP-0045,2026-08-03,EUR,15563.1,RECEIVED
INV-001269,PO-001269,SUP-0032,2026-02-06,USD,106380.84,RECEIVED
INV-001270,PO-001270,SUP-0014,2026-05-27,INR,124296.76,RECEIVED
INV-001271,PO-001271,SUP-0039,2026-08-06,GBP,17958.08,RECEIVED
INV-001272,PO-001272,SUP-0118,2026-06-26,USD,18511.81,RECEIVED
INV-001273,PO-001273,SUP-0092,2026-05-29,INR,17236.69,RECEIVED
INV-001274,PO-001274,SUP-0015,2026-08-17,EUR,23616.99,RECEIVED
INV-001275,PO-001275,SUP-0047,2026-06-04,INR,130136.17,RECEIVED
INV-001276,PO-001276,SUP-0025,2026-03-10,USD,131512.67,RECEIVED
INV-001277,PO-001277,SUP-0034,2026-07-17,GBP,71087.89,RECEIVED
INV-001278,PO-001278,SUP-0001,2026-09-10,EUR,1942.1,RECEIVED
INV-001279,PO-001279,SUP-0004,2026-04-18,GBP,136974.77,RECEIVED
INV-001280,PO-001280,SUP-0013,2026-09-24,INR,11154.6,RECEIVED
INV-001281,PO-001281,SUP-0105,2026-09-17,GBP,114277.58,RECEIVED
INV-001282,PO-001282,SUP-0104,2026-03-02,GBP,35514.43,RECEIVED
INV-001283,PO-001283,SUP-0098,2026-08-18,USD,42387.45,RECEIVED
INV-001284,PO-001284,SUP-0062,2026-03-20,GBP,15106.54,RECEIVED
INV-001285,PO-001285,SUP-0073,2026-04-24,GBP,39304.24,RECEIVED
INV-001286,PO-001286,SUP-0111,2026-04-25,GBP,31632.75,RECEIVED
INV-001287,PO-001287,SUP-0023,2026-07-23,EUR,50524.03,RECEIVED
INV-001288,PO-001288,SUP-0054,2026-09-20,INR,49442.1,RECEIVED
INV-001289,PO-001289,SUP-0076,2026-03-22,USD,124760.45,RECEIVED
INV-001290,PO-001290,SUP-0023,2026-05-11,EUR,15941.47,RECEIVED
INV-001291,PO-001291,SUP-0071,2026-01-18,INR,56532.14,RECEIVED
INV-001292,PO-001292,SUP-0008,2026-05-27,EUR,4278.36,RECEIVED
INV-001293,PO-001293,SUP-0118,2026-04-17,USD,86847.03,RECEIVED
INV-001294,PO-001294,SUP-0090,2026-07-19,USD,90904.34,RECEIVED
INV-001295,PO-001295,SUP-0058,2026-06-28,GBP,50003.59,RECEIVED
INV-001296,PO-001296,SUP-0047,2026-08-18,INR,130720.08,RECEIVED
INV-001297,PO-001297,SUP-0077,2026-02-19,EUR,28332.53,RECEIVED
INV-001298,PO-001298,SUP-0023,2026-02-19,EUR,37079.44,RECEIVED
INV-001299,PO-001299,SUP-0015,2026-04-02,EUR,42910.15,RECEIVED
INV-001300,PO-001300,SUP-0051,2026-06-04,GBP,64299.83,RECEIVED
INV-001301,PO-001301,SUP-0097,2026-01-30,GBP,24673.0,RECEIVED
INV-001302,PO-001302,SUP-0036,2026-02-13,INR,136008.96,RECEIVED
INV-001303,PO-001303,SUP-0024,2026-05-12,GBP,11864.02,RECEIVED
INV-001304,PO-001304,SUP-0017,2026-09-09,INR,142643.2,RECEIVED
INV-001305,PO-001305,SUP-0021,2026-04-11,GBP,131246.71,RECEIVED
INV-001306,PO-001306,SUP-0089,2026-08-12,INR,50113.8,RECEIVED
INV-001307,PO-001307,SUP-0082,2026-03-19,GBP,70187.6,RECEIVED
INV-001308,PO-001308,SUP-0039,2026-06-10,GBP,6696.38,RECEIVED
INV-001309,PO-001309,SUP-0114,2026-07-07,EUR,75766.7,RECEIVED
INV-001310,PO-001310,SUP-0095,2026-04-25,INR,72597.13,RECEIVED
INV-001311,PO-001311,SUP-0069,2026-04-29,EUR,109535.75,RECEIVED
INV-001312,PO-001312,SUP-0012,2026-08-11,USD,24797.52,RECEIVED
INV-001313,PO-001313,SUP-0078,2026-05-12,EUR,25951.02,RECEIVED
INV-001314,PO-001314,SUP-0118,2026-08-26,USD,125951.95,RECEIVED
INV-001315,PO-001315,SUP-0069,2026-03-08,EUR,24468.15,RECEIVED
INV-001316,PO-001316,SUP-0054,2026-09-28,INR,79567.05,RECEIVED
INV-001317,PO-001317,SUP-0042,2026-05-19,USD,26432.89,RECEIVED
INV-001318,PO-001318,SUP-0050,2026-04-02,USD,135039.26,RECEIVED
INV-001319,PO-001319,SUP-0085,2026-06-12,GBP,54620.83,RECEIVED
INV-001320,PO-001320,SUP-0024,2026-08-28,USD,41977.76,RECEIVED
INV-001321,PO-001321,SUP-0071,2026-02-09,INR,149701.81,RECEIVED
INV-001322,PO-001322,SUP-0099,2026-02-02,USD,115403.07,RECEIVED
INV-001323,PO-001323,SUP-0073,2026-03-05,GBP,54160.84,RECEIVED
INV-001324,PO-001324,SUP-0009,2026-01-18,EUR,89545.21,RECEIVED
INV-001325,PO-001325,SUP-0107,2026-07-01,EUR,117261.37,RECEIVED
INV-001326,PO-001326,SUP-0109,2026-07-25,EUR,14532.55,RECEIVED
INV-001327,PO-001327,SUP-0071,2026-04-13,INR,99038.67,RECEIVED
INV-001328,PO-001328,SUP-0084,2026-01-24,EUR,43863.36,RECEIVED
INV-001329,PO-001329,SUP-0062,2026-07-18,GBP,32043.06,RECEIVED
INV-001330,PO-001330,SUP-0098,2026-06-28,USD,89870.31,RECEIVED
INV-001331,PO-001331,SUP-0074,2026-03-09,EUR,124351.16,RECEIVED
INV-001332,PO-001332,SUP-0088,2026-01-24,EUR,61366.68,RECEIVED
INV-001333,PO-001333,SUP-0075,2026-07-24,GBP,125628.2,RECEIVED
INV-001334,PO-001334,SUP-0059,2026-06-08,GBP,63721.85,RECEIVED
INV-001335,PO-001335,SUP-0089,2026-02-27,INR,42700.41,RECEIVED
INV-001336,PO-001336,SUP-0096,2026-06-24,EUR,118059.28,RECEIVED
INV-001337,PO-001337,SUP-0050,2026-07-01,USD,41026.36,RECEIVED
INV-001338,PO-001338,SUP-0113,2026-09-23,INR,127563.25,RECEIVED
INV-001339,PO-001339,SUP-0015,2026-01-26,EUR,140568.9,RECEIVED
INV-001340,PO-001340,SUP-0023,2026-08-25,EUR,45222.53,RECEIVED
INV-001341,PO-001341,SUP-0065,2026-06-26,GBP,27985.68,RECEIVED
INV-001342,PO-001342,SUP-0002,2026-05-20,USD,20453.6,RECEIVED
INV-001343,PO-001343,SUP-0028,2026-08-08,INR,89431.89,RECEIVED
INV-001344,PO-001344,SUP-0003,2026-09-15,EUR,138942.02,RECEIVED
INV-001345,PO-001345,SUP-0109,2026-01-28,EUR,53113.62,RECEIVED
INV-001346,PO-001346,SUP-0036,2026-05-01,GBP,23264.39,RECEIVED
INV-001347,PO-001347,SUP-0017,2026-07-02,INR,46906.59,RECEIVED
INV-001348,PO-001348,SUP-0073,2026-01-31,GBP,57882.83,RECEIVED
INV-001349,PO-001349,SUP-0049,2026-06-18,INR,137264.57,RECEIVED
INV-001350,PO-001350,SUP-0048,2026-01-22,USD,45515.63,RECEIVED
INV-001351,PO-001351,SUP-0017,2026-01-10,INR,4884.98,RECEIVED
INV-001352,PO-001352,SUP-0039,2026-02-08,GBP,31016.72,RECEIVED
INV-001353,PO-001353,SUP-0043,2026-07-07,GBP,97520.2,RECEIVED
INV-001354,PO-001354,SUP-0080,2026-06-21,INR,135908.74,RECEIVED
INV-001355,PO-001355,SUP-0032,2026-05-24,USD,92545.21,RECEIVED
INV-001356,PO-001356,SUP-0020,2026-08-28,EUR,127070.47,RECEIVED
INV-001357,PO-001357,SUP-0062,2026-08-09,GBP,61003.28,RECEIVED
INV-001358,PO-001358,SUP-0010,2026-04-29,INR,9785.43,RECEIVED
INV-001359,PO-001359,SUP-0107,2026-07-04,EUR,30142.26,RECEIVED
INV-001360,PO-001360,SUP-0037,2026-08-18,EUR,41004.57,RECEIVED
INV-001361,PO-001361,SUP-0009,2026-07-26,EUR,125622.63,RECEIVED
INV-001362,PO-001362,SUP-0011,2026-04-20,USD,57837.24,RECEIVED
INV-001363,PO-001363,SUP-0001,2026-04-07,EUR,81919.05,RECEIVED
INV-001364,PO-001364,SUP-0051,2026-03-15,GBP,90540.46,RECEIVED
INV-001365,PO-001365,SUP-0020,2026-01-25,EUR,120738.65,RECEIVED
INV-001366,PO-001366,SUP-0088,2026-06-14,EUR,145829.23,RECEIVED
INV-001367,PO-001367,SUP-0120,2026-06-26,USD,147825.32,RECEIVED
INV-001368,PO-001368,SUP-0012,2026-08-18,INR,33742.5,RECEIVED
INV-001369,PO-001369,SUP-0044,2026-04-26,USD,24869.9,RECEIVED
INV-001370,PO-001370,SUP-0019,2026-04-24,EUR,34270.6,RECEIVED
INV-001371,PO-001371,SUP-0038,2026-07-11,INR,104884.48,RECEIVED
INV-001372,PO-001372,SUP-0044,2026-07-01,USD,41208.75,RECEIVED
INV-001373,PO-001373,SUP-0105,2026-01-29,GBP,32804.23,RECEIVED
INV-001374,PO-001374,SUP-0080,2026-01-08,INR,129007.38,RECEIVED
INV-001375,PO-001375,SUP-0019,2026-02-23,EUR,3984.17,RECEIVED
INV-001376,PO-001376,SUP-0080,2026-02-13,INR,20390.67,RECEIVED
INV-001377,PO-001377,SUP-0066,2026-02-11,GBP,83836.97,RECEIVED
INV-001378,PO-001378,SUP-0049,2026-03-31,INR,145441.37,RECEIVED
INV-001379,PO-001379,SUP-0004,2026-01-15,EUR,44801.74,RECEIVED
INV-001380,PO-001380,SUP-0055,2026-08-26,USD,14536.47,RECEIVED
INV-001381,PO-001381,SUP-0017,2026-03-23,INR,45682.21,RECEIVED
INV-001382,PO-001382,SUP-0028,2026-07-26,INR,121841.75,RECEIVED
INV-001383,PO-001383,SUP-0098,2026-05-14,USD,144681.36,RECEIVED
INV-001384,PO-001384,SUP-0007,2026-04-06,GBP,149076.14,RECEIVED
INV-001385,PO-001385,SUP-0028,2026-03-23,INR,85045.6,RECEIVED
INV-001386,PO-001386,SUP-0061,2026-06-22,EUR,139991.28,RECEIVED
INV-001387,PO-001387,SUP-0033,2026-02-01,USD,63780.34,RECEIVED
INV-001388,PO-001388,SUP-0068,2026-09-18,INR,91412.13,RECEIVED
INV-001389,PO-001389,SUP-0016,2026-01-29,USD,107634.84,RECEIVED
INV-001390,PO-001390,SUP-0054,2026-05-04,INR,60570.46,RECEIVED
INV-001391,PO-001391,SUP-0082,2026-07-28,GBP,106354.89,RECEIVED
INV-001392,PO-001392,SUP-0059,2026-02-08,INR,56001.92,RECEIVED
INV-001393,PO-001393,SUP-0067,2026-07-04,USD,104997.93,RECEIVED
INV-001394,PO-001394,SUP-0090,2026-03-08,USD,123620.14,RECEIVED
INV-001395,PO-001395,SUP-0104,2026-06-28,GBP,130120.08,RECEIVED
INV-001396,PO-001396,SUP-0018,2026-08-20,USD,88940.97,RECEIVED
INV-001397,PO-001397,SUP-0109,2026-01-24,EUR,58495.96,RECEIVED
INV-001398,PO-001398,SUP-0073,2026-03-09,GBP,132597.31,RECEIVED
INV-001399,PO-001399,SUP-0103,2026-01-19,GBP,125991.9,RECEIVED
INV-001400,PO-001400,SUP-0116,2026-08-11,EUR,67717.98,RECEIVED
INV-001401,PO-001401,SUP-0050,2026-04-26,USD,78392.42,RECEIVED
INV-001402,PO-001402,SUP-0020,2026-09-08,EUR,38874.83,RECEIVED
INV-001403,PO-001403,SUP-0106,2026-08-18,USD,6763.54,RECEIVED
INV-001404,PO-001404,SUP-0029,2026-06-25,USD,116640.43,RECEIVED
INV-001405,PO-001405,SUP-0099,2026-07-16,USD,10398.93,RECEIVED
INV-001406,PO-001406,SUP-0097,2026-08-03,GBP,103849.59,RECEIVED
INV-001407,PO-001407,SUP-0074,2026-07-17,EUR,3316.36,RECEIVED
INV-001408,PO-001408,SUP-0033,2026-02-12,USD,97775.7,RECEIVED
INV-001409,PO-001409,SUP-0109,2026-02-18,EUR,6609.92,RECEIVED
INV-001410,PO-001410,SUP-0067,2026-08-31,USD,91152.89,RECEIVED
INV-001411,PO-001411,SUP-0054,2026-04-01,GBP,139249.72,RECEIVED
INV-001412,PO-001412,SUP-0024,2026-06-26,USD,145007.66,RECEIVED
INV-001413,PO-001413,SUP-0076,2026-09-08,USD,63351.07,RECEIVED
INV-001414,PO-001414,SUP-0020,2026-03-06,EUR,70993.19,RECEIVED
INV-001415,PO-001415,SUP-0081,2026-02-04,USD,100829.27,RECEIVED
INV-001416,PO-001416,SUP-0060,2026-04-24,GBP,87686.24,RECEIVED
INV-001417,PO-001417,SUP-0003,2026-05-01,EUR,12351.4,RECEIVED
INV-001418,PO-001418,SUP-0105,2026-06-19,GBP,124214.22,RECEIVED
INV-001419,PO-001419,SUP-0085,2026-07-21,GBP,45916.33,RECEIVED
INV-001420,PO-001420,SUP-0042,2026-05-28,GBP,92320.42,RECEIVED
INV-001421,PO-001421,SUP-0013,2026-03-31,INR,51369.41,RECEIVED
INV-001422,PO-001422,SUP-0040,2026-05-20,USD,80840.54,RECEIVED
INV-001423,PO-001423,SUP-0084,2026-07-29,EUR,23281.47,RECEIVED
INV-001424,PO-001424,SUP-0113,2026-06-14,INR,67238.1,RECEIVED
INV-001425,PO-001425,SUP-0074,2026-01-24,EUR,137289.43,RECEIVED
INV-001426,PO-001426,SUP-0077,2026-06-28,EUR,66157.75,RECEIVED
INV-001427,PO-001427,SUP-0009,2026-06-28,EUR,110960.49,RECEIVED
INV-001428,PO-001428,SUP-0035,2026-04-22,GBP,10014.48,RECEIVED
INV-001429,PO-001429,SUP-0108,2026-06-26,USD,72187.15,RECEIVED
INV-001430,PO-001430,SUP-0026,2026-08-21,GBP,23158.62,RECEIVED
INV-001431,PO-001431,SUP-0115,2026-05-19,EUR,56878.18,RECEIVED
INV-001432,PO-001432,SUP-0010,2026-03-05,INR,149608.59,RECEIVED
INV-001433,PO-001433,SUP-0070,2026-02-04,INR,134996.83,RECEIVED
INV-001434,PO-001434,SUP-0004,2026-03-21,GBP,37174.33,RECEIVED
INV-001435,PO-001435,SUP-0113,2026-03-04,INR,130348.78,RECEIVED
INV-001436,PO-001436,SUP-0049,2026-02-12,INR,85357.94,RECEIVED
INV-001437,PO-001437,SUP-0001,2026-08-03,EUR,120336.45,RECEIVED
INV-001438,PO-001438,SUP-0113,2026-05-21,INR,21531.94,RECEIVED
INV-001439,PO-001439,SUP-0033,2026-03-20,USD,57006.6,RECEIVED
INV-001440,PO-001440,SUP-0076,2026-02-27,USD,9997.39,RECEIVED
INV-001441,PO-001441,SUP-0007,2026-02-28,GBP,108601.46,RECEIVED
INV-001442,PO-001442,SUP-0056,2026-05-26,GBP,62176.64,RECEIVED
INV-001443,PO-001443,SUP-0006,2026-07-11,GBP,78913.57,RECEIVED
INV-001444,PO-001444,SUP-0048,2026-03-02,USD,106155.95,RECEIVED
INV-001445,PO-001445,SUP-0007,2026-06-02,GBP,65044.71,RECEIVED
INV-001446,PO-001446,SUP-0041,2026-03-19,USD,48303.9,RECEIVED
INV-001447,PO-001447,SUP-0109,2026-02-13,EUR,20784.68,RECEIVED
INV-001448,PO-001448,SUP-0097,2026-08-22,GBP,11791.08,RECEIVED
INV-001449,PO-001449,SUP-0102,2026-03-01,GBP,36866.92,RECEIVED
INV-001450,PO-001450,SUP-0034,2026-05-04,GBP,29402.34,RECEIVED
INV-001451,PO-001451,SUP-0082,2026-06-28,GBP,135784.15,RECEIVED
INV-001452,PO-001452,SUP-0073,2026-04-06,GBP,73444.83,RECEIVED
INV-001453,PO-001453,SUP-0061,2026-03-24,EUR,37757.43,RECEIVED
INV-001454,PO-001454,SUP-0075,2026-02-26,GBP,114402.45,RECEIVED
INV-001455,PO-001455,SUP-0061,2026-03-11,EUR,96322.57,RECEIVED
INV-001456,PO-001456,SUP-0065,2026-03-09,GBP,100479.0,RECEIVED
INV-001457,PO-001457,SUP-0084,2026-07-01,EUR,69554.74,RECEIVED
INV-001458,PO-001458,SUP-0100,2026-02-24,EUR,41443.52,RECEIVED
INV-001459,PO-001459,SUP-0108,2026-07-24,USD,86933.82,RECEIVED
INV-001460,PO-001460,SUP-0086,2026-03-15,GBP,96483.65,RECEIVED
INV-001461,PO-001461,SUP-0015,2026-02-05,EUR,143411.92,RECEIVED
INV-001462,PO-001462,SUP-0025,2026-03-21,USD,41190.22,RECEIVED
INV-001463,PO-001463,SUP-0006,2026-01-30,GBP,109391.37,RECEIVED
INV-001464,PO-001464,SUP-0072,2026-08-17,EUR,62840.57,RECEIVED
INV-001465,PO-001465,SUP-0041,2026-02-22,USD,64107.33,RECEIVED
INV-001466,PO-001466,SUP-0008,2026-04-02,EUR,118187.06,RECEIVED
INV-001467,PO-001467,SUP-0075,2026-08-30,GBP,127215.58,RECEIVED
INV-001468,PO-001468,SUP-0017,2026-08-29,INR,94984.14,RECEIVED
INV-001469,PO-001469,SUP-0111,2026-03-08,GBP,90976.85,RECEIVED
INV-001470,PO-001470,SUP-0085,2026-02-22,GBP,117477.38,RECEIVED
INV-001471,PO-001471,SUP-0028,2026-02-13,INR,61939.21,RECEIVED
INV-001472,PO-001472,SUP-0097,2026-07-16,GBP,47127.24,RECEIVED
INV-001473,PO-001473,SUP-0120,2026-05-20,INR,87770.55,RECEIVED
INV-001474,PO-001474,SUP-0085,2026-03-30,GBP,55160.24,RECEIVED
INV-001475,PO-001475,SUP-0034,2026-08-16,GBP,1695.25,RECEIVED
INV-001476,PO-001476,SUP-0001,2026-06-09,EUR,97418.16,RECEIVED
INV-001477,PO-001477,SUP-0077,2026-07-01,EUR,41155.53,RECEIVED
INV-001478,PO-001478,SUP-0020,2026-02-06,EUR,80639.48,RECEIVED
INV-001479,PO-001479,SUP-0078,2026-03-09,EUR,56267.34,RECEIVED
INV-001480,PO-001480,SUP-0041,2026-09-06,USD,22270.03,RECEIVED
INV-001481,PO-001481,SUP-0063,2026-06-21,INR,113996.05,RECEIVED
INV-001482,PO-001482,SUP-0014,2026-09-14,INR,130074.93,RECEIVED
INV-001483,PO-001483,SUP-0053,2026-03-26,EUR,110048.2,RECEIVED
INV-001484,PO-001484,SUP-0119,2026-01-31,INR,58136.12,RECEIVED
INV-001485,PO-001485,SUP-0042,2026-09-18,GBP,74201.52,RECEIVED
INV-001486,PO-001486,SUP-0103,2026-01-10,GBP,56900.7,RECEIVED
INV-001487,PO-001487,SUP-0009,2026-06-06,EUR,134888.29,RECEIVED
INV-001488,PO-001488,SUP-0021,2026-04-18,GBP,40768.31,RECEIVED
INV-001489,PO-001489,SUP-0091,2026-04-13,USD,17036.34,RECEIVED
INV-001490,PO-001490,SUP-0073,2026-01-17,GBP,24741.65,RECEIVED
INV-001491,PO-001491,SUP-0042,2026-05-20,USD,58337.79,RECEIVED
INV-001492,PO-001492,SUP-0107,2026-02-05,EUR,45654.3,RECEIVED
INV-001493,PO-001493,SUP-0108,2026-06-05,USD,23955.27,RECEIVED
INV-001494,PO-001494,SUP-0028,2026-07-12,INR,34241.09,RECEIVED
INV-001495,PO-001495,SUP-0024,2026-05-03,GBP,15367.78,RECEIVED
INV-001496,PO-001496,SUP-0001,2026-06-10,EUR,149626.38,RECEIVED
INV-001497,PO-001497,SUP-0060,2026-04-04,GBP,50058.9,RECEIVED
INV-001498,PO-001498,SUP-0023,2026-07-14,EUR,134501.45,RECEIVED
INV-001499,PO-001499,SUP-0012,2026-06-01,INR,82342.28,RECEIVED
INV-001500,PO-001500,SUP-0009,2026-05-12,EUR,72029.83,RECEIVED
INV-001501,PO-001501,SUP-0032,2026-03-14,USD,30164.16,RECEIVED
INV-001502,PO-001502,SUP-0112,2026-04-28,EUR,122900.95,RECEIVED
INV-001503,PO-001503,SUP-0059,2026-07-29,INR,136295.42,RECEIVED
INV-001504,PO-001504,SUP-0017,2026-08-01,INR,144684.04,RECEIVED
INV-001505,PO-001505,SUP-0073,2026-08-30,GBP,147822.04,RECEIVED
INV-001506,PO-001506,SUP-0051,2026-03-06,GBP,64946.85,RECEIVED
INV-001507,PO-001507,SUP-0061,2026-04-12,EUR,79575.76,RECEIVED
INV-001508,PO-001508,SUP-0053,2026-06-22,EUR,63111.59,RECEIVED
INV-001509,PO-001509,SUP-0075,2026-03-27,GBP,102879.82,RECEIVED
INV-001510,PO-001510,SUP-0101,2026-04-17,EUR,134000.45,RECEIVED
INV-001511,PO-001511,SUP-0060,2026-04-27,GBP,17874.5,RECEIVED
INV-001512,PO-001512,SUP-0068,2026-02-05,INR,44244.44,RECEIVED
INV-001513,PO-001513,SUP-0063,2026-07-19,INR,109611.66,RECEIVED
INV-001514,PO-001514,SUP-0050,2026-08-02,USD,144721.1,RECEIVED
INV-001515,PO-001515,SUP-0078,2026-05-16,EUR,108705.36,RECEIVED
INV-001516,PO-001516,SUP-0004,2026-08-29,EUR,63186.32,RECEIVED
INV-001517,PO-001517,SUP-0098,2026-09-06,USD,90743.33,RECEIVED
INV-001518,PO-001518,SUP-0068,2026-03-22,INR,38664.49,RECEIVED
INV-001519,PO-001519,SUP-0045,2026-05-03,EUR,134096.91,RECEIVED
INV-001520,PO-001520,SUP-0082,2026-03-28,GBP,77500.21,RECEIVED
INV-001521,PO-001521,SUP-0071,2026-01-15,INR,14135.97,RECEIVED
INV-001522,PO-001522,SUP-0056,2026-02-24,GBP,55189.14,RECEIVED
INV-001523,PO-001523,SUP-0111,2026-04-12,GBP,145462.16,RECEIVED
INV-001524,PO-001524,SUP-0032,2026-04-11,USD,24303.74,RECEIVED
INV-001525,PO-001525,SUP-0119,2026-05-06,INR,82433.92,RECEIVED
INV-001526,PO-001526,SUP-0027,2026-09-02,EUR,123946.91,RECEIVED
INV-001527,PO-001527,SUP-0001,2026-08-01,EUR,28971.29,RECEIVED
INV-001528,PO-001528,SUP-0118,2026-02-26,USD,663.96,RECEIVED
INV-001529,PO-001529,SUP-0106,2026-07-15,USD,128703.65,RECEIVED
INV-001530,PO-001530,SUP-0097,2026-09-30,GBP,18486.27,RECEIVED
INV-001531,PO-001531,SUP-0099,2026-05-13,USD,115564.95,RECEIVED
INV-001532,PO-001532,SUP-0087,2026-07-09,INR,107040.65,RECEIVED
INV-001533,PO-001533,SUP-0043,2026-07-31,USD,96260.69,RECEIVED
INV-001534,PO-001534,SUP-0051,2026-05-23,GBP,1832.55,RECEIVED
INV-001535,PO-001535,SUP-0092,2026-07-23,INR,39617.3,RECEIVED
INV-001536,PO-001536,SUP-0014,2026-06-04,INR,60736.49,RECEIVED
INV-001537,PO-001537,SUP-0055,2026-02-19,USD,116912.69,RECEIVED
INV-001538,PO-001538,SUP-0086,2026-02-19,GBP,45977.03,RECEIVED
INV-001539,PO-001539,SUP-0099,2026-03-25,USD,31666.49,RECEIVED
INV-001540,PO-001540,SUP-0076,2026-06-02,USD,123202.93,RECEIVED
INV-001541,PO-001541,SUP-0104,2026-08-12,GBP,123680.48,RECEIVED
INV-001542,PO-001542,SUP-0080,2026-06-15,INR,111069.47,RECEIVED
INV-001543,PO-001543,SUP-0018,2026-06-05,USD,10483.58,RECEIVED
INV-001544,PO-001544,SUP-0065,2026-02-15,GBP,14652.34,RECEIVED
INV-001545,PO-001545,SUP-0066,2026-05-14,GBP,60020.21,RECEIVED
INV-001546,PO-001546,SUP-0113,2026-05-12,INR,138685.6,RECEIVED
INV-001547,PO-001547,SUP-0058,2026-02-14,GBP,142465.55,RECEIVED
INV-001548,PO-001548,SUP-0014,2026-04-26,INR,51539.06,RECEIVED
INV-001549,PO-001549,SUP-0014,2026-04-10,INR,72685.47,RECEIVED
INV-001550,PO-001550,SUP-0069,2026-02-12,EUR,97418.93,RECEIVED
INV-001551,PO-001551,SUP-0083,2026-08-02,INR,21623.74,RECEIVED
INV-001552,PO-001552,SUP-0009,2026-09-05,EUR,94021.83,RECEIVED
INV-001553,PO-001553,SUP-0082,2026-04-14,GBP,25638.15,RECEIVED
INV-001554,PO-001554,SUP-0101,2026-09-19,EUR,58041.76,RECEIVED
INV-001555,PO-001555,SUP-0064,2026-08-15,EUR,96479.15,RECEIVED
INV-001556,PO-001556,SUP-0029,2026-04-15,USD,108820.76,RECEIVED
INV-001557,PO-001557,SUP-0056,2026-08-24,GBP,45307.18,RECEIVED
INV-001558,PO-001558,SUP-0038,2026-03-11,INR,116084.37,RECEIVED
INV-001559,PO-001559,SUP-0004,2026-04-18,EUR,120056.62,RECEIVED
INV-001560,PO-001560,SUP-0060,2026-07-13,GBP,123498.39,RECEIVED
INV-001561,PO-001561,SUP-0119,2026-02-10,INR,63545.66,RECEIVED
INV-001562,PO-001562,SUP-0027,2026-03-11,EUR,132765.39,RECEIVED
INV-001563,PO-001563,SUP-0046,2026-09-03,USD,69377.5,RECEIVED
INV-001564,PO-001564,SUP-0029,2026-06-16,USD,107379.4,RECEIVED
INV-001565,PO-001565,SUP-0045,2026-04-08,EUR,113491.93,RECEIVED
INV-001566,PO-001566,SUP-0055,2026-07-23,USD,64097.6,RECEIVED
INV-001567,PO-001567,SUP-0076,2026-04-27,USD,85867.48,RECEIVED
INV-001568,PO-001568,SUP-0057,2026-07-07,INR,120672.44,RECEIVED
INV-001569,PO-001569,SUP-0085,2026-06-28,GBP,23261.92,RECEIVED
INV-001570,PO-001570,SUP-0047,2026-05-08,INR,57100.21,RECEIVED
INV-001571,PO-001571,SUP-0096,2026-06-18,EUR,39184.74,RECEIVED
INV-001572,PO-001572,SUP-0086,2026-05-13,GBP,18246.0,RECEIVED
INV-001573,PO-001573,SUP-0066,2026-08-12,GBP,64390.43,RECEIVED
INV-001574,PO-001574,SUP-0021,2026-06-29,GBP,82716.76,RECEIVED
INV-001575,PO-001575,SUP-0056,2026-02-24,GBP,116044.97,RECEIVED
INV-001576,PO-001576,SUP-0108,2026-04-12,USD,129576.62,RECEIVED
INV-001577,PO-001577,SUP-0114,2026-08-04,EUR,141049.74,RECEIVED
INV-001578,PO-001578,SUP-0098,2026-01-19,USD,36042.09,RECEIVED
INV-001579,PO-001579,SUP-0065,2026-01-30,GBP,11789.79,RECEIVED
INV-001580,PO-001580,SUP-0008,2026-06-01,EUR,46920.4,RECEIVED
INV-001581,PO-001581,SUP-0022,2026-07-28,GBP,35788.86,RECEIVED
INV-001582,PO-001582,SUP-0031,2026-07-19,GBP,140792.53,RECEIVED
INV-001583,PO-001583,SUP-0024,2026-01-22,USD,3958.65,RECEIVED
INV-001584,PO-001584,SUP-0059,2026-05-18,GBP,36595.91,RECEIVED
INV-001585,PO-001585,SUP-0059,2026-05-26,GBP,56011.5,RECEIVED
INV-001586,PO-001586,SUP-0120,2026-04-30,INR,91023.43,RECEIVED
INV-001587,PO-001587,SUP-0075,2026-05-11,GBP,16429.49,RECEIVED
INV-001588,PO-001588,SUP-0009,2026-04-14,EUR,118225.1,RECEIVED
INV-001589,PO-001589,SUP-0054,2026-07-04,INR,45079.45,RECEIVED
INV-001590,PO-001590,SUP-0108,2026-05-07,USD,47322.46,RECEIVED
INV-001591,PO-001591,SUP-0024,2026-07-29,USD,143264.55,RECEIVED
INV-001592,PO-001592,SUP-0007,2026-07-22,INR,140527.88,RECEIVED
INV-001593,PO-001593,SUP-0021,2026-05-18,GBP,19049.54,RECEIVED
INV-001594,PO-001594,SUP-0099,2026-07-19,USD,8487.53,RECEIVED
INV-001595,PO-001595,SUP-0021,2026-02-07,GBP,73804.71,RECEIVED
INV-001596,PO-001596,SUP-0064,2026-07-04,EUR,120217.91,RECEIVED
INV-001597,PO-001597,SUP-0065,2026-02-08,GBP,86306.83,RECEIVED
INV-001598,PO-001598,SUP-0083,2026-06-11,INR,11990.53,RECEIVED
INV-001599,PO-001599,SUP-0097,2026-03-27,GBP,103542.44,RECEIVED
INV-001600,PO-001600,SUP-0089,2026-09-07,GBP,145169.04,RECEIVED
INV-001601,PO-001601,SUP-0078,2026-03-03,EUR,136661.02,RECEIVED
INV-001602,PO-001602,SUP-0042,2026-06-30,USD,110988.57,RECEIVED
INV-001603,PO-001603,SUP-0033,2026-03-28,USD,14525.5,RECEIVED
INV-001604,PO-001604,SUP-0055,2026-05-05,USD,132348.43,RECEIVED
INV-001605,PO-001605,SUP-0082,2026-04-03,GBP,97802.15,RECEIVED
INV-001606,PO-001606,SUP-0040,2026-06-29,USD,26161.8,RECEIVED
INV-001607,PO-001607,SUP-0038,2026-03-05,INR,44831.37,RECEIVED
INV-001608,PO-001608,SUP-0040,2026-04-24,USD,52980.07,RECEIVED
INV-001609,PO-001609,SUP-0036,2026-06-27,INR,120504.64,RECEIVED
INV-001610,PO-001610,SUP-0070,2026-08-23,INR,29281.8,RECEIVED
INV-001611,PO-001611,SUP-0041,2026-04-06,USD,92667.18,RECEIVED
INV-001612,PO-001612,SUP-0077,2026-08-12,EUR,25598.2,RECEIVED
INV-001613,PO-001613,SUP-0087,2026-08-19,INR,93356.16,RECEIVED
INV-001614,PO-001614,SUP-0087,2026-04-04,INR,38974.46,RECEIVED
INV-001615,PO-001615,SUP-0080,2026-05-26,INR,49800.53,RECEIVED
INV-001616,PO-001616,SUP-0104,2026-04-06,GBP,49350.49,RECEIVED
INV-001617,PO-001617,SUP-0059,2026-08-09,GBP,82642.46,RECEIVED
INV-001618,PO-001618,SUP-0066,2026-03-17,GBP,140216.94,RECEIVED
INV-001619,PO-001619,SUP-0117,2026-02-06,INR,4434.37,RECEIVED
INV-001620,PO-001620,SUP-0055,2026-07-29,USD,14840.33,RECEIVED
INV-001621,PO-001621,SUP-0101,2026-05-02,EUR,128602.38,RECEIVED
INV-001622,PO-001622,SUP-0111,2026-06-21,GBP,48897.06,RECEIVED
INV-001623,PO-001623,SUP-0045,2026-01-13,EUR,108153.52,RECEIVED
INV-001624,PO-001624,SUP-0049,2026-02-07,INR,145042.28,RECEIVED
INV-001625,PO-001625,SUP-0059,2026-06-17,INR,56719.15,RECEIVED
INV-001626,PO-001626,SUP-0007,2026-07-30,GBP,63658.07,RECEIVED
INV-001627,PO-001627,SUP-0087,2026-03-23,INR,33741.37,RECEIVED
INV-001628,PO-001628,SUP-0069,2026-08-01,EUR,6650.45,RECEIVED
INV-001629,PO-001629,SUP-0061,2026-06-02,EUR,63273.79,RECEIVED
INV-001630,PO-001630,SUP-0012,2026-04-08,EUR,113279.98,RECEIVED
INV-001631,PO-001631,SUP-0051,2026-07-23,GBP,76182.98,RECEIVED
INV-001632,PO-001632,SUP-0005,2026-08-28,USD,143717.7,RECEIVED
INV-001633,PO-001633,SUP-0096,2026-08-18,EUR,139407.78,RECEIVED
INV-001634,PO-001634,SUP-0071,2026-07-27,INR,92309.46,RECEIVED
INV-001635,PO-001635,SUP-0009,2026-07-20,EUR,25028.65,RECEIVED
INV-001636,PO-001636,SUP-0036,2026-07-24,GBP,36674.39,RECEIVED
INV-001637,PO-001637,SUP-0049,2026-04-20,INR,72940.75,RECEIVED
INV-001638,PO-001638,SUP-0111,2026-08-15,GBP,19666.24,RECEIVED
INV-001639,PO-001639,SUP-0118,2026-05-20,USD,46859.02,RECEIVED
INV-001640,PO-001640,SUP-0105,2026-04-26,GBP,31900.59,RECEIVED
INV-001641,PO-001641,SUP-0091,2026-09-19,USD,26035.97,RECEIVED
INV-001642,PO-001642,SUP-0012,2026-07-22,EUR,8795.33,RECEIVED
INV-001643,PO-001643,SUP-0091,2026-03-30,USD,137251.82,RECEIVED
INV-001644,PO-001644,SUP-0012,2026-07-20,INR,60535.82,RECEIVED
INV-001645,PO-001645,SUP-0025,2026-07-29,USD,46443.12,RECEIVED
INV-001646,PO-001646,SUP-0101,2026-06-14,EUR,88856.32,RECEIVED
INV-001647,PO-001647,SUP-0115,2026-02-21,EUR,99790.99,RECEIVED
INV-001648,PO-001648,SUP-0020,2026-07-07,EUR,121677.56,RECEIVED
INV-001649,PO-001649,SUP-0098,2026-05-28,USD,94280.94,RECEIVED
INV-001650,PO-001650,SUP-0033,2026-06-02,USD,69730.56,RECEIVED
INV-001651,PO-001651,SUP-0114,2026-07-28,EUR,139497.28,RECEIVED
INV-001652,PO-001652,SUP-0023,2026-04-03,EUR,2412.66,RECEIVED
INV-001653,PO-001653,SUP-0027,2026-02-18,EUR,135136.72,RECEIVED
INV-001654,PO-001654,SUP-0085,2026-04-28,EUR,97249.57,RECEIVED
INV-001655,PO-001655,SUP-0002,2026-05-24,USD,124690.83,RECEIVED
INV-001656,PO-001656,SUP-0092,2026-03-14,INR,69210.42,RECEIVED
INV-001657,PO-001657,SUP-0094,2026-03-02,USD,98797.44,RECEIVED
INV-001658,PO-001658,SUP-0092,2026-07-30,INR,114709.29,RECEIVED
INV-001659,PO-001659,SUP-0088,2026-06-08,EUR,136043.86,RECEIVED
INV-001660,PO-001660,SUP-0029,2026-04-02,USD,110242.87,RECEIVED
INV-001661,PO-001661,SUP-0036,2026-07-16,INR,10123.32,RECEIVED
INV-001662,PO-001662,SUP-0040,2026-07-06,USD,60793.73,RECEIVED
INV-001663,PO-001663,SUP-0101,2026-08-26,EUR,6127.05,RECEIVED
INV-001664,PO-001664,SUP-0099,2026-04-28,USD,98408.57,RECEIVED
INV-001665,PO-001665,SUP-0026,2026-06-15,GBP,1248.7,RECEIVED
INV-001666,PO-001666,SUP-0034,2026-05-12,GBP,132172.3,RECEIVED
INV-001667,PO-001667,SUP-0082,2026-05-31,GBP,20836.94,RECEIVED
INV-001668,PO-001668,SUP-0057,2026-07-30,INR,75446.07,RECEIVED
INV-001669,PO-001669,SUP-0059,2026-08-23,INR,48343.83,RECEIVED
INV-001670,PO-001670,SUP-0028,2026-05-17,INR,71915.03,RECEIVED
INV-001671,PO-001671,SUP-0059,2026-04-18,INR,55863.63,RECEIVED
INV-001672,PO-001672,SUP-0067,2026-07-09,GBP,85769.5,RECEIVED
INV-001673,PO-001673,SUP-0061,2026-02-25,EUR,50774.7,RECEIVED
INV-001674,PO-001674,SUP-0039,2026-05-01,GBP,31971.1,RECEIVED
INV-001675,PO-001675,SUP-0023,2026-05-09,EUR,70510.61,RECEIVED
INV-001676,PO-001676,SUP-0080,2026-02-20,INR,36049.2,RECEIVED
INV-001677,PO-001677,SUP-0020,2026-06-25,EUR,96221.12,RECEIVED
INV-001678,PO-001678,SUP-0086,2026-07-22,GBP,121498.95,RECEIVED
INV-001679,PO-001679,SUP-0025,2026-02-27,EUR,3384.6,RECEIVED
INV-001680,PO-001680,SUP-0090,2026-05-25,USD,47233.86,RECEIVED
INV-001681,PO-001681,SUP-0006,2026-01-26,GBP,68440.96,RECEIVED
INV-001682,PO-001682,SUP-0025,2026-06-26,USD,70480.28,RECEIVED
INV-001683,PO-001683,SUP-0053,2026-07-23,EUR,123117.46,RECEIVED
INV-001684,PO-001684,SUP-0050,2026-06-05,USD,26528.89,RECEIVED
INV-001685,PO-001685,SUP-0111,2026-04-29,GBP,140876.66,RECEIVED
INV-001686,PO-001686,SUP-0034,2026-04-20,GBP,130077.21,RECEIVED
INV-001687,PO-001687,SUP-0108,2026-08-18,USD,92995.09,RECEIVED
INV-001688,PO-001688,SUP-0011,2026-04-23,GBP,138244.28,RECEIVED
INV-001689,PO-001689,SUP-0071,2026-07-27,INR,89170.25,RECEIVED
INV-001690,PO-001690,SUP-0008,2026-02-11,EUR,28095.32,RECEIVED
INV-001691,PO-001691,SUP-0006,2026-05-21,GBP,99379.34,RECEIVED
INV-001692,PO-001692,SUP-0037,2026-06-15,INR,7874.2,RECEIVED
INV-001693,PO-001693,SUP-0029,2026-05-04,USD,126820.12,RECEIVED
INV-001694,PO-001694,SUP-0093,2026-07-07,GBP,2812.14,RECEIVED
INV-001695,PO-001695,SUP-0013,2026-04-24,INR,149023.78,RECEIVED
INV-001696,PO-001696,SUP-0055,2026-06-22,USD,106321.93,RECEIVED
INV-001697,PO-001697,SUP-0047,2026-03-26,INR,132865.73,RECEIVED
INV-001698,PO-001698,SUP-0074,2026-08-11,EUR,103695.02,RECEIVED
INV-001699,PO-001699,SUP-0117,2026-02-26,INR,136676.88,RECEIVED
INV-001700,PO-001700,SUP-0059,2026-05-15,GBP,139377.59,RECEIVED
INV-001701,PO-001701,SUP-0070,2026-08-06,INR,95371.57,RECEIVED
INV-001702,PO-001702,SUP-0111,2026-09-04,GBP,9565.83,RECEIVED
INV-001703,PO-001703,SUP-0034,2026-08-11,GBP,124393.22,RECEIVED
INV-001704,PO-001704,SUP-0012,2026-05-04,INR,3420.29,RECEIVED
INV-001705,PO-001705,SUP-0007,2026-06-19,INR,71162.14,RECEIVED
INV-001706,PO-001706,SUP-0088,2026-07-17,EUR,30881.02,RECEIVED
INV-001707,PO-001707,SUP-0067,2026-09-29,USD,61760.18,RECEIVED
INV-001708,PO-001708,SUP-0077,2026-05-16,EUR,6611.59,RECEIVED
INV-001709,PO-001709,SUP-0053,2026-04-01,EUR,30656.58,RECEIVED
INV-001710,PO-001710,SUP-0003,2026-08-01,EUR,106401.18,RECEIVED
INV-001711,PO-001711,SUP-0032,2026-07-08,EUR,125279.32,RECEIVED
INV-001712,PO-001712,SUP-0042,2026-05-16,USD,61824.46,RECEIVED
INV-001713,PO-001713,SUP-0087,2026-01-22,INR,34688.39,RECEIVED
INV-001714,PO-001714,SUP-0119,2026-06-12,INR,116465.03,RECEIVED
INV-001715,PO-001715,SUP-0039,2026-05-05,GBP,1747.12,RECEIVED
INV-001716,PO-001716,SUP-0063,2026-04-09,INR,102873.82,RECEIVED
INV-001717,PO-001717,SUP-0047,2026-04-11,INR,142093.76,RECEIVED
INV-001718,PO-001718,SUP-0036,2026-08-28,INR,8094.72,RECEIVED
INV-001719,PO-001719,SUP-0120,2026-03-19,USD,2978.37,RECEIVED
INV-001720,PO-001720,SUP-0035,2026-06-10,EUR,105702.37,RECEIVED
INV-001721,PO-001721,SUP-0073,2026-06-10,GBP,91591.01,RECEIVED
INV-001722,PO-001722,SUP-0071,2026-02-14,INR,36122.1,RECEIVED
INV-001723,PO-001723,SUP-0103,2026-02-04,GBP,42722.15,RECEIVED
INV-001724,PO-001724,SUP-0102,2026-09-24,GBP,27936.02,RECEIVED
INV-001725,PO-001725,SUP-0089,2026-03-20,INR,45406.68,RECEIVED
INV-001726,PO-001726,SUP-0047,2026-02-26,INR,50964.99,RECEIVED
INV-001727,PO-001727,SUP-0075,2026-01-19,GBP,94159.39,RECEIVED
INV-001728,PO-001728,SUP-0017,2026-03-13,INR,89287.95,RECEIVED
INV-001729,PO-001729,SUP-0019,2026-03-13,EUR,16755.61,RECEIVED
INV-001730,PO-001730,SUP-0068,2026-05-08,INR,120268.54,RECEIVED
INV-001731,PO-001731,SUP-0046,2026-08-22,USD,89471.71,RECEIVED
INV-001732,PO-001732,SUP-0019,2026-06-03,EUR,6171.37,RECEIVED
INV-001733,PO-001733,SUP-0080,2026-06-09,INR,21969.43,RECEIVED
INV-001734,PO-001734,SUP-0061,2026-04-14,EUR,68772.7,RECEIVED
INV-001735,PO-001735,SUP-0036,2026-03-21,GBP,94546.16,RECEIVED
INV-001736,PO-001736,SUP-0109,2026-03-14,EUR,44321.48,RECEIVED
INV-001737,PO-001737,SUP-0017,2026-08-08,INR,20244.32,RECEIVED
INV-001738,PO-001738,SUP-0069,2026-02-03,EUR,120693.79,RECEIVED
INV-001739,PO-001739,SUP-0044,2026-04-02,USD,11145.36,RECEIVED
INV-001740,PO-001740,SUP-0116,2026-04-17,EUR,107466.78,RECEIVED
INV-001741,PO-001741,SUP-0023,2026-03-17,EUR,61732.15,RECEIVED
INV-001742,PO-001742,SUP-0008,2026-07-02,EUR,84575.36,RECEIVED
INV-001743,PO-001743,SUP-0005,2026-02-02,USD,12257.76,RECEIVED
INV-001744,PO-001744,SUP-0053,2026-07-26,EUR,80580.69,RECEIVED
INV-001745,PO-001745,SUP-0045,2026-07-13,EUR,88886.2,RECEIVED
INV-001746,PO-001746,SUP-0059,2026-04-05,GBP,63286.26,RECEIVED
INV-001747,PO-001747,SUP-0053,2026-09-13,EUR,12374.9,RECEIVED
INV-001748,PO-001748,SUP-0045,2026-08-21,EUR,60624.52,RECEIVED
INV-001749,PO-001749,SUP-0068,2026-05-06,INR,50025.84,RECEIVED
INV-001750,PO-001750,SUP-0089,2026-02-10,GBP,88989.45,RECEIVED
INV-001751,PO-001751,SUP-0044,2026-07-06,USD,148886.57,RECEIVED
INV-001752,PO-001752,SUP-0081,2026-04-04,USD,78304.04,RECEIVED
INV-001753,PO-001753,SUP-0029,2026-01-16,USD,4971.34,RECEIVED
INV-001754,PO-001754,SUP-0041,2026-04-28,USD,113311.93,RECEIVED
INV-001755,PO-001755,SUP-0029,2026-02-11,USD,56155.91,RECEIVED
INV-001756,PO-001756,SUP-0091,2026-08-17,USD,27364.08,RECEIVED
INV-001757,PO-001757,SUP-0002,2026-03-01,USD,119987.09,RECEIVED
INV-001758,PO-001758,SUP-0039,2026-01-18,GBP,34341.38,RECEIVED
INV-001759,PO-001759,SUP-0081,2026-09-03,INR,39903.75,RECEIVED
INV-001760,PO-001760,SUP-0073,2026-08-12,GBP,15739.39,RECEIVED
INV-001761,PO-001761,SUP-0026,2026-05-22,GBP,15994.87,RECEIVED
INV-001762,PO-001762,SUP-0005,2026-05-07,USD,703.85,RECEIVED
INV-001763,PO-001763,SUP-0059,2026-01-27,GBP,3756.25,RECEIVED
INV-001764,PO-001764,SUP-0004,2026-03-27,GBP,128748.79,RECEIVED
INV-001765,PO-001765,SUP-0039,2026-01-06,GBP,125101.62,RECEIVED
INV-001766,PO-001766,SUP-0031,2026-07-03,GBP,125559.13,RECEIVED
INV-001767,PO-001767,SUP-0101,2026-03-12,EUR,48656.81,RECEIVED
INV-001768,PO-001768,SUP-0057,2026-06-05,GBP,60300.85,RECEIVED
INV-001769,PO-001769,SUP-0098,2026-07-09,USD,72330.49,RECEIVED
INV-001770,PO-001770,SUP-0091,2026-08-07,USD,8284.59,RECEIVED
INV-001771,PO-001771,SUP-0030,2026-07-12,GBP,99465.93,RECEIVED
INV-001772,PO-001772,SUP-0045,2026-07-14,EUR,58194.57,RECEIVED
INV-001773,PO-001773,SUP-0107,2026-09-06,EUR,72134.78,RECEIVED
INV-001774,PO-001774,SUP-0062,2026-08-11,GBP,48254.79,RECEIVED
INV-001775,PO-001775,SUP-0051,2026-09-16,GBP,131597.72,RECEIVED
INV-001776,PO-001776,SUP-0061,2026-08-02,EUR,81380.46,RECEIVED
INV-001777,PO-001777,SUP-0011,2026-04-26,USD,11533.04,RECEIVED
INV-001778,PO-001778,SUP-0107,2026-08-12,EUR,102219.68,RECEIVED
INV-001779,PO-001779,SUP-0018,2026-01-30,USD,115928.96,RECEIVED
INV-001780,PO-001780,SUP-0009,2026-08-16,EUR,4843.84,RECEIVED
INV-001781,PO-001781,SUP-0101,2026-07-19,EUR,85948.99,RECEIVED
INV-001782,PO-001782,SUP-0031,2026-06-22,GBP,39375.49,RECEIVED
INV-001783,PO-001783,SUP-0036,2026-08-24,INR,138308.32,RECEIVED
INV-001784,PO-001784,SUP-0077,2026-08-13,EUR,96226.1,RECEIVED
INV-001785,PO-001785,SUP-0050,2026-05-29,USD,25660.68,RECEIVED
INV-001786,PO-001786,SUP-0069,2026-03-11,EUR,93562.07,RECEIVED
INV-001787,PO-001787,SUP-0010,2026-05-31,INR,101474.17,RECEIVED
INV-001788,PO-001788,SUP-0070,2026-04-21,INR,59989.45,RECEIVED
INV-001789,PO-001789,SUP-0082,2026-05-24,GBP,70217.48,RECEIVED
INV-001790,PO-001790,SUP-0011,2026-07-12,GBP,66485.82,RECEIVED
INV-001791,PO-001791,SUP-0070,2026-03-13,INR,124525.86,RECEIVED
INV-001792,PO-001792,SUP-0005,2026-06-27,USD,45884.4,RECEIVED
INV-001793,PO-001793,SUP-0018,2026-03-15,USD,48674.7,RECEIVED
INV-001794,PO-001794,SUP-0104,2026-06-27,GBP,17651.84,RECEIVED
INV-001795,PO-001795,SUP-0079,2026-08-25,INR,83943.69,RECEIVED
INV-001796,PO-001796,SUP-0036,2026-02-13,GBP,141458.67,RECEIVED
INV-001797,PO-001797,SUP-0001,2026-07-16,EUR,82216.03,RECEIVED
INV-001798,PO-001798,SUP-0017,2026-01-28,INR,18292.79,RECEIVED
INV-001799,PO-001799,SUP-0090,2026-02-10,USD,99268.51,RECEIVED
INV-001800,PO-001800,SUP-0044,2026-06-11,USD,54937.79,RECEIVED
INV-001801,PO-001801,SUP-0065,2026-09-02,GBP,27645.76,RECEIVED
INV-001802,PO-001802,SUP-0117,2026-08-29,INR,135410.23,RECEIVED
INV-001803,PO-001803,SUP-0009,2026-08-14,EUR,135213.17,RECEIVED
INV-001804,PO-001804,SUP-0073,2026-05-28,GBP,48515.69,RECEIVED
INV-001805,PO-001805,SUP-0029,2026-07-25,USD,46164.8,RECEIVED
INV-001806,PO-001806,SUP-0024,2026-08-14,USD,31163.35,RECEIVED
INV-001807,PO-001807,SUP-0096,2026-08-09,EUR,125646.68,RECEIVED
INV-001808,PO-001808,SUP-0096,2026-09-18,EUR,124395.04,RECEIVED
INV-001809,PO-001809,SUP-0002,2026-05-22,USD,35963.18,RECEIVED
INV-001810,PO-001810,SUP-0082,2026-04-05,GBP,98301.73,RECEIVED
INV-001811,PO-001811,SUP-0058,2026-09-18,GBP,100953.7,RECEIVED
INV-001812,PO-001812,SUP-0113,2026-03-25,INR,98809.55,RECEIVED
INV-001813,PO-001813,SUP-0088,2026-07-14,EUR,28499.41,RECEIVED
INV-001814,PO-001814,SUP-0104,2026-03-26,GBP,93648.81,RECEIVED
INV-001815,PO-001815,SUP-0032,2026-04-22,EUR,55537.59,RECEIVED
INV-001816,PO-001816,SUP-0061,2026-02-10,EUR,29586.96,RECEIVED
INV-001817,PO-001817,SUP-0108,2026-04-22,USD,4934.73,RECEIVED
INV-001818,PO-001818,SUP-0084,2026-04-25,EUR,58237.39,RECEIVED
INV-001819,PO-001819,SUP-0064,2026-08-07,EUR,81070.57,RECEIVED
INV-001820,PO-001820,SUP-0005,2026-06-01,USD,27102.51,RECEIVED
INV-001821,PO-001821,SUP-0056,2026-01-14,GBP,137694.2,RECEIVED
INV-001822,PO-001822,SUP-0115,2026-09-05,EUR,17618.53,RECEIVED
INV-001823,PO-001823,SUP-0076,2026-08-05,USD,89642.18,RECEIVED
INV-001824,PO-001824,SUP-0006,2026-08-30,GBP,84104.23,RECEIVED
INV-001825,PO-001825,SUP-0080,2026-06-06,INR,110433.05,RECEIVED
INV-001826,PO-001826,SUP-0011,2026-04-24,GBP,146418.01,RECEIVED
INV-001827,PO-001827,SUP-0105,2026-07-04,GBP,64274.75,RECEIVED
INV-001828,PO-001828,SUP-0035,2026-04-24,EUR,72043.42,RECEIVED
INV-001829,PO-001829,SUP-0065,2026-09-15,GBP,23396.4,RECEIVED
INV-001830,PO-001830,SUP-0033,2026-05-17,USD,4513.45,RECEIVED
INV-001831,PO-001831,SUP-0002,2026-02-17,USD,103651.07,RECEIVED
INV-001832,PO-001832,SUP-0011,2026-07-30,USD,3191.86,RECEIVED
INV-001833,PO-001833,SUP-0022,2026-05-12,GBP,70367.22,RECEIVED
INV-001834,PO-001834,SUP-0029,2026-06-21,USD,87057.68,RECEIVED
INV-001835,PO-001835,SUP-0004,2026-01-16,GBP,56147.49,RECEIVED
INV-001836,PO-001836,SUP-0102,2026-04-03,GBP,97439.12,RECEIVED
INV-001837,PO-001837,SUP-0050,2026-06-27,USD,97442.7,RECEIVED
INV-001838,PO-001838,SUP-0099,2026-09-10,USD,66898.71,RECEIVED
INV-001839,PO-001839,SUP-0079,2026-06-02,INR,76616.42,RECEIVED
INV-001840,PO-001840,SUP-0043,2026-06-24,USD,92771.8,RECEIVED
INV-001841,PO-001841,SUP-0116,2026-01-30,EUR,103875.43,RECEIVED
INV-001842,PO-001842,SUP-0016,2026-02-15,USD,122900.77,RECEIVED
INV-001843,PO-001843,SUP-0045,2026-06-22,EUR,139897.91,RECEIVED
INV-001844,PO-001844,SUP-0078,2026-04-28,EUR,46104.54,RECEIVED
INV-001845,PO-001845,SUP-0064,2026-06-07,EUR,7589.18,RECEIVED
INV-001846,PO-001846,SUP-0043,2026-03-29,GBP,132579.91,RECEIVED
INV-001847,PO-001847,SUP-0119,2026-07-20,INR,140375.2,RECEIVED
INV-001848,PO-001848,SUP-0108,2026-08-08,USD,44543.59,RECEIVED
INV-001849,PO-001849,SUP-0067,2026-08-27,USD,47752.88,RECEIVED
INV-001850,PO-001850,SUP-0058,2026-03-19,GBP,37587.33,RECEIVED
INV-001851,PO-001851,SUP-0063,2026-05-29,INR,135659.79,RECEIVED
INV-001852,PO-001852,SUP-0088,2026-04-10,EUR,21356.72,RECEIVED
INV-001853,PO-001853,SUP-0108,2026-08-29,USD,92725.62,RECEIVED
INV-001854,PO-001854,SUP-0112,2026-04-29,EUR,78681.67,RECEIVED
INV-001855,PO-001855,SUP-0068,2026-07-13,INR,57118.5,RECEIVED
INV-001856,PO-001856,SUP-0096,2026-05-02,EUR,27708.51,RECEIVED
INV-001857,PO-001857,SUP-0110,2026-05-13,USD,96825.34,RECEIVED
INV-001858,PO-001858,SUP-0046,2026-03-08,USD,9603.9,RECEIVED
INV-001859,PO-001859,SUP-0093,2026-06-30,GBP,119466.69,RECEIVED
INV-001860,PO-001860,SUP-0072,2026-05-02,EUR,118412.89,RECEIVED
INV-001861,PO-001861,SUP-0027,2026-07-09,EUR,27158.21,RECEIVED
INV-001862,PO-001862,SUP-0115,2026-03-22,EUR,101769.84,RECEIVED
INV-001863,PO-001863,SUP-0017,2026-03-17,INR,128988.47,RECEIVED
INV-001864,PO-001864,SUP-0111,2026-02-24,GBP,81873.11,RECEIVED
INV-001865,PO-001865,SUP-0052,2026-02-06,EUR,19830.41,RECEIVED
INV-001866,PO-001866,SUP-0004,2026-04-11,EUR,134534.36,RECEIVED
INV-001867,PO-001867,SUP-0115,2026-08-15,EUR,114016.46,RECEIVED
INV-001868,PO-001868,SUP-0006,2026-05-21,GBP,94785.92,RECEIVED
INV-001869,PO-001869,SUP-0075,2026-08-07,GBP,65757.95,RECEIVED
INV-001870,PO-001870,SUP-0106,2026-04-16,USD,107905.3,RECEIVED
INV-001871,PO-001871,SUP-0039,2026-01-11,GBP,13408.41,RECEIVED
INV-001872,PO-001872,SUP-0091,2026-05-18,USD,10764.27,RECEIVED
INV-001873,PO-001873,SUP-0029,2026-02-15,USD,43854.87,RECEIVED
INV-001874,PO-001874,SUP-0092,2026-06-27,INR,57287.0,RECEIVED
INV-001875,PO-001875,SUP-0072,2026-02-06,EUR,66619.16,RECEIVED
INV-001876,PO-001876,SUP-0089,2026-07-13,INR,17715.15,RECEIVED
INV-001877,PO-001877,SUP-0061,2026-05-03,EUR,9175.69,RECEIVED
INV-001878,PO-001878,SUP-0041,2026-08-20,USD,145671.15,RECEIVED
INV-001879,PO-001879,SUP-0089,2026-01-25,GBP,4877.09,RECEIVED
INV-001880,PO-001880,SUP-0028,2026-08-17,INR,113019.11,RECEIVED
INV-001881,PO-001881,SUP-0088,2026-06-10,EUR,141859.81,RECEIVED
INV-001882,PO-001882,SUP-0070,2026-06-05,INR,106709.98,RECEIVED
INV-001883,PO-001883,SUP-0056,2026-07-30,GBP,40229.47,RECEIVED
INV-001884,PO-001884,SUP-0114,2026-06-25,EUR,66618.61,RECEIVED
INV-001885,PO-001885,SUP-0001,2026-02-18,EUR,112519.86,RECEIVED
INV-001886,PO-001886,SUP-0016,2026-03-24,USD,58313.21,RECEIVED
INV-001887,PO-001887,SUP-0044,2026-04-27,USD,145716.46,RECEIVED
INV-001888,PO-001888,SUP-0104,2026-03-12,GBP,43865.14,RECEIVED
INV-001889,PO-001889,SUP-0020,2026-08-04,EUR,22900.45,RECEIVED
INV-001890,PO-001890,SUP-0034,2026-07-27,GBP,107562.33,RECEIVED
INV-001891,PO-001891,SUP-0105,2026-02-07,GBP,2831.56,RECEIVED
INV-001892,PO-001892,SUP-0037,2026-05-11,INR,86623.62,RECEIVED
INV-001893,PO-001893,SUP-0002,2026-04-24,USD,145043.11,RECEIVED
INV-001894,PO-001894,SUP-0117,2026-07-08,INR,14118.91,RECEIVED
INV-001895,PO-001895,SUP-0014,2026-07-15,INR,106959.37,RECEIVED
INV-001896,PO-001896,SUP-0041,2026-08-02,USD,22887.87,RECEIVED
INV-001897,PO-001897,SUP-0085,2026-02-11,EUR,137786.44,RECEIVED
INV-001898,PO-001898,SUP-0087,2026-01-22,INR,139887.82,RECEIVED
INV-001899,PO-001899,SUP-0103,2026-03-08,GBP,109852.44,RECEIVED
INV-001900,PO-001900,SUP-0023,2026-09-04,EUR,14673.62,RECEIVED
INV-001901,PO-001901,SUP-0074,2026-07-05,EUR,61660.38,RECEIVED
INV-001902,PO-001902,SUP-0107,2026-03-23,EUR,102588.41,RECEIVED
INV-001903,PO-001903,SUP-0063,2026-06-14,INR,94911.29,RECEIVED
INV-001904,PO-001904,SUP-0079,2026-05-02,INR,9360.14,RECEIVED
INV-001905,PO-001905,SUP-0021,2026-05-15,GBP,149691.38,RECEIVED
INV-001906,PO-001906,SUP-0085,2026-04-25,GBP,26188.66,RECEIVED
INV-001907,PO-001907,SUP-0052,2026-04-29,EUR,18764.66,RECEIVED
INV-001908,PO-001908,SUP-0025,2026-05-23,USD,65454.09,RECEIVED
INV-001909,PO-001909,SUP-0027,2026-01-27,EUR,35345.1,RECEIVED
INV-001910,PO-001910,SUP-0081,2026-06-14,INR,42499.15,RECEIVED
INV-001911,PO-001911,SUP-0035,2026-03-24,EUR,66263.28,RECEIVED
INV-001912,PO-001912,SUP-0070,2026-09-13,INR,146597.9,RECEIVED
INV-001913,PO-001913,SUP-0004,2026-03-25,EUR,107136.63,RECEIVED
INV-001914,PO-001914,SUP-0068,2026-06-17,INR,120516.94,RECEIVED
INV-001915,PO-001915,SUP-0003,2026-03-19,EUR,14643.16,RECEIVED
INV-001916,PO-001916,SUP-0052,2026-05-01,EUR,97111.74,RECEIVED
INV-001917,PO-001917,SUP-0030,2026-03-22,GBP,46907.72,RECEIVED
INV-001918,PO-001918,SUP-0001,2026-06-15,EUR,84650.89,RECEIVED
INV-001919,PO-001919,SUP-0095,2026-02-06,GBP,99496.89,RECEIVED
INV-001920,PO-001920,SUP-0022,2026-04-14,GBP,137759.56,RECEIVED
INV-001921,PO-001921,SUP-0071,2026-04-16,INR,108139.62,RECEIVED
INV-001922,PO-001922,SUP-0064,2026-09-19,EUR,62517.63,RECEIVED
INV-001923,PO-001923,SUP-0092,2026-05-10,INR,65581.7,RECEIVED
INV-001924,PO-001924,SUP-0045,2026-06-13,EUR,29111.68,RECEIVED
INV-001925,PO-001925,SUP-0051,2026-07-23,GBP,48843.83,RECEIVED
INV-001926,PO-001926,SUP-0100,2026-04-30,EUR,38044.73,RECEIVED
INV-001927,PO-001927,SUP-0027,2026-09-01,EUR,46896.03,RECEIVED
INV-001928,PO-001928,SUP-0023,2026-08-14,EUR,51035.37,RECEIVED
INV-001929,PO-001929,SUP-0105,2026-05-15,GBP,47412.4,RECEIVED
INV-001930,PO-001930,SUP-0002,2026-08-20,USD,132699.49,RECEIVED
INV-001931,PO-001931,SUP-0096,2026-06-13,EUR,44632.94,RECEIVED
INV-001932,PO-001932,SUP-0053,2026-02-24,EUR,75499.12,RECEIVED
INV-001933,PO-001933,SUP-0079,2026-06-15,INR,127678.12,RECEIVED
INV-001934,PO-001934,SUP-0046,2026-02-23,USD,6792.64,RECEIVED
INV-001935,PO-001935,SUP-0120,2026-06-01,INR,54800.71,RECEIVED
INV-001936,PO-001936,SUP-0055,2026-05-19,USD,101229.25,RECEIVED
INV-001937,PO-001937,SUP-0070,2026-08-30,INR,18655.1,RECEIVED
INV-001938,PO-001938,SUP-0099,2026-06-09,USD,108236.17,RECEIVED
INV-001939,PO-001939,SUP-0105,2026-07-08,GBP,64855.98,RECEIVED
INV-001940,PO-001940,SUP-0111,2026-04-09,GBP,54216.88,RECEIVED
INV-001941,PO-001941,SUP-0101,2026-07-21,EUR,15931.18,RECEIVED
INV-001942,PO-001942,SUP-0042,2026-04-07,GBP,85122.85,RECEIVED
INV-001943,PO-001943,SUP-0107,2026-05-18,EUR,124240.52,RECEIVED
INV-001944,PO-001944,SUP-0011,2026-02-10,USD,99940.76,RECEIVED
INV-001945,PO-001945,SUP-0011,2026-03-19,USD,7211.99,RECEIVED
INV-001946,PO-001946,SUP-0101,2026-03-06,EUR,91508.17,RECEIVED
INV-001947,PO-001947,SUP-0016,2026-05-09,EUR,57082.6,RECEIVED
INV-001948,PO-001948,SUP-0107,2026-01-23,EUR,78389.33,RECEIVED
INV-001949,PO-001949,SUP-0043,2026-08-22,GBP,93739.6,RECEIVED
INV-001950,PO-001950,SUP-0118,2026-08-25,USD,111753.46,RECEIVED
INV-001951,PO-001951,SUP-0020,2026-01-21,EUR,113570.58,RECEIVED
INV-001952,PO-001952,SUP-0063,2026-05-12,INR,16802.87,RECEIVED
INV-001953,PO-001953,SUP-0053,2026-05-29,EUR,78138.08,RECEIVED
INV-001954,PO-001954,SUP-0028,2026-05-21,INR,78640.43,RECEIVED
INV-001955,PO-001955,SUP-0015,2026-09-02,EUR,70158.19,RECEIVED
INV-001956,PO-001956,SUP-0047,2026-06-05,INR,110564.4,RECEIVED
INV-001957,PO-001957,SUP-0093,2026-02-07,GBP,94052.43,RECEIVED
INV-001958,PO-001958,SUP-0051,2026-01-30,GBP,98671.72,RECEIVED
INV-001959,PO-001959,SUP-0040,2026-09-03,USD,31108.88,RECEIVED
INV-001960,PO-001960,SUP-0029,2026-04-22,USD,90163.44,RECEIVED
INV-001961,PO-001961,SUP-0091,2026-02-11,USD,55270.23,RECEIVED
INV-001962,PO-001962,SUP-0034,2026-08-29,GBP,132034.52,RECEIVED
INV-001963,PO-001963,SUP-0059,2026-03-27,GBP,60702.05,RECEIVED
INV-001964,PO-001964,SUP-0075,2026-09-06,GBP,128531.55,RECEIVED
INV-001965,PO-001965,SUP-0109,2026-09-16,EUR,45254.97,RECEIVED
INV-001966,PO-001966,SUP-0104,2026-06-06,GBP,131803.08,RECEIVED
INV-001967,PO-001967,SUP-0020,2026-03-15,EUR,18193.58,RECEIVED
INV-001968,PO-001968,SUP-0013,2026-07-20,INR,66243.77,RECEIVED
INV-001969,PO-001969,SUP-0044,2026-03-19,USD,73584.74,RECEIVED
INV-001970,PO-001970,SUP-0100,2026-06-12,EUR,98027.41,RECEIVED
INV-001971,PO-001971,SUP-0047,2026-01-17,INR,14549.54,RECEIVED
INV-001972,PO-001972,SUP-0053,2026-05-15,EUR,92961.95,RECEIVED
INV-001973,PO-001973,SUP-0074,2026-05-01,EUR,147195.52,RECEIVED
INV-001974,PO-001974,SUP-0050,2026-03-16,USD,146682.34,RECEIVED
INV-001975,PO-001975,SUP-0056,2026-03-05,GBP,101356.7,RECEIVED
INV-001976,PO-001976,SUP-0080,2026-03-16,INR,115349.01,RECEIVED
INV-001977,PO-001977,SUP-0089,2026-08-06,GBP,9894.06,RECEIVED
INV-001978,PO-001978,SUP-0051,2026-07-13,GBP,63932.41,RECEIVED
INV-001979,PO-001979,SUP-0092,2026-04-01,INR,4015.93,RECEIVED
INV-001980,PO-001980,SUP-0041,2026-07-08,USD,93749.65,RECEIVED
INV-001981,PO-001981,SUP-0111,2026-07-20,GBP,145191.69,RECEIVED
INV-001982,PO-001982,SUP-0049,2026-07-29,INR,78966.82,RECEIVED
INV-001983,PO-001983,SUP-0103,2026-02-19,GBP,53086.35,RECEIVED
INV-001984,PO-001984,SUP-0030,2026-06-27,GBP,87423.17,RECEIVED
INV-001985,PO-001985,SUP-0032,2026-08-17,USD,128638.2,RECEIVED
INV-001986,PO-001986,SUP-0103,2026-07-17,GBP,131140.94,RECEIVED
INV-001987,PO-001987,SUP-0113,2026-06-04,INR,85084.33,RECEIVED
INV-001988,PO-001988,SUP-0058,2026-04-13,GBP,106019.27,RECEIVED
INV-001989,PO-001989,SUP-0093,2026-09-02,GBP,79414.67,RECEIVED
INV-001990,PO-001990,SUP-0033,2026-06-25,USD,96868.87,RECEIVED
INV-001991,PO-001991,SUP-0058,2026-05-01,GBP,137541.63,RECEIVED
INV-001992,PO-001992,SUP-0109,2026-03-02,EUR,133023.93,RECEIVED
INV-001993,PO-001993,SUP-0067,2026-05-23,GBP,32353.48,RECEIVED
INV-001994,PO-001994,SUP-0071,2026-08-18,INR,99651.43,RECEIVED
INV-001995,PO-001995,SUP-0026,2026-07-06,GBP,5534.31,RECEIVED
INV-001996,PO-001996,SUP-0003,2026-09-19,EUR,37260.21,RECEIVED
INV-001997,PO-001997,SUP-0016,2026-09-04,USD,146215.24,RECEIVED
INV-001998,PO-001998,SUP-0018,2026-08-10,USD,149508.2,RECEIVED
INV-001999,PO-001999,SUP-0068,2026-07-26,INR,67518.98,RECEIVED
INV-002000,PO-002000,SUP-0098,2026-05-03,USD,139803.75,RECEIVED
INV-002001,PO-002001,SUP-0006,2026-01-24,GBP,140560.61,RECEIVED
INV-002002,PO-002002,SUP-0066,2026-07-16,GBP,38668.5,RECEIVED
INV-002003,PO-002003,SUP-0010,2026-05-21,INR,113616.52,RECEIVED
INV-002004,PO-002004,SUP-0074,2026-04-15,EUR,42938.84,RECEIVED
INV-002005,PO-002005,SUP-0005,2026-05-28,USD,9787.57,RECEIVED
INV-002006,PO-002006,SUP-0044,2026-06-28,USD,126895.42,RECEIVED
INV-002007,PO-002007,SUP-0034,2026-04-19,GBP,45518.31,RECEIVED
INV-002008,PO-002008,SUP-0089,2026-03-18,INR,15931.24,RECEIVED
INV-002009,PO-002009,SUP-0031,2026-04-25,GBP,53669.14,RECEIVED
INV-002010,PO-002010,SUP-0106,2026-07-22,USD,1662.89,RECEIVED
INV-002011,PO-002011,SUP-0011,2026-02-16,USD,55898.24,RECEIVED
INV-002012,PO-002012,SUP-0048,2026-08-06,USD,114489.52,RECEIVED
INV-002013,PO-002013,SUP-0006,2026-04-19,GBP,43112.8,RECEIVED
INV-002014,PO-002014,SUP-0117,2026-07-08,INR,100532.13,RECEIVED
INV-002015,PO-002015,SUP-0070,2026-03-26,INR,77119.29,RECEIVED
INV-002016,PO-002016,SUP-0040,2026-09-07,USD,4982.92,RECEIVED
INV-002017,PO-002017,SUP-0067,2026-07-27,USD,104111.96,RECEIVED
INV-002018,PO-002018,SUP-0043,2026-04-26,USD,46987.38,RECEIVED
INV-002019,PO-002019,SUP-0035,2026-04-17,EUR,63035.77,RECEIVED
INV-002020,PO-002020,SUP-0032,2026-04-13,USD,57864.45,RECEIVED
INV-002021,PO-002021,SUP-0050,2026-03-28,USD,77444.83,RECEIVED
INV-002022,PO-002022,SUP-0084,2026-09-04,EUR,120270.71,RECEIVED
INV-002023,PO-002023,SUP-0022,2026-01-19,GBP,55462.94,RECEIVED
INV-002024,PO-002024,SUP-0092,2026-08-16,INR,55614.47,RECEIVED
INV-002025,PO-002025,SUP-0048,2026-03-25,USD,33957.82,RECEIVED
INV-002026,PO-002026,SUP-0107,2026-08-03,EUR,84616.87,RECEIVED
INV-002027,PO-002027,SUP-0047,2026-02-22,INR,90669.26,RECEIVED
INV-002028,PO-002028,SUP-0055,2026-02-14,USD,120365.09,RECEIVED
INV-002029,PO-002029,SUP-0002,2026-08-29,USD,133472.0,RECEIVED
INV-002030,PO-002030,SUP-0106,2026-03-01,USD,42736.18,RECEIVED
INV-002031,PO-002031,SUP-0103,2026-03-16,GBP,62358.28,RECEIVED
INV-002032,PO-002032,SUP-0059,2026-04-24,INR,51086.63,RECEIVED
INV-002033,PO-002033,SUP-0001,2026-05-06,EUR,143561.41,RECEIVED
INV-002034,PO-002034,SUP-0074,2026-07-31,EUR,104591.13,RECEIVED
INV-002035,PO-002035,SUP-0094,2026-02-19,USD,130695.49,RECEIVED
INV-002036,PO-002036,SUP-0051,2026-05-10,GBP,112606.49,RECEIVED
INV-002037,PO-002037,SUP-0078,2026-03-16,EUR,43022.76,RECEIVED
INV-002038,PO-002038,SUP-0025,2026-07-02,EUR,130641.29,RECEIVED
INV-002039,PO-002039,SUP-0105,2026-04-11,GBP,105712.67,RECEIVED
INV-002040,PO-002040,SUP-0049,2026-04-15,INR,6003.11,RECEIVED
INV-002041,PO-002041,SUP-0004,2026-08-01,EUR,45346.64,RECEIVED
INV-002042,PO-002042,SUP-0074,2026-04-14,EUR,27399.03,RECEIVED
INV-002043,PO-002043,SUP-0111,2026-07-26,GBP,18072.25,RECEIVED
INV-002044,PO-002044,SUP-0119,2026-06-03,INR,123580.45,RECEIVED
INV-002045,PO-002045,SUP-0090,2026-05-19,USD,19851.6,RECEIVED
INV-002046,PO-002046,SUP-0117,2026-04-23,INR,65385.11,RECEIVED
INV-002047,PO-002047,SUP-0103,2026-07-21,GBP,79831.7,RECEIVED
INV-002048,PO-002048,SUP-0016,2026-08-10,USD,17394.34,RECEIVED
INV-002049,PO-002049,SUP-0069,2026-05-09,EUR,58300.97,RECEIVED
INV-002050,PO-002050,SUP-0079,2026-02-04,INR,104705.73,RECEIVED
INV-002051,PO-002051,SUP-0032,2026-06-15,EUR,32904.06,RECEIVED
INV-002052,PO-002052,SUP-0062,2026-02-12,GBP,28351.34,RECEIVED
INV-002053,PO-002053,SUP-0116,2026-08-12,EUR,37022.11,RECEIVED
INV-002054,PO-002054,SUP-0027,2026-03-12,EUR,75684.19,RECEIVED
INV-002055,PO-002055,SUP-0019,2026-03-02,EUR,7999.49,RECEIVED
INV-002056,PO-002056,SUP-0058,2026-05-06,GBP,28374.77,RECEIVED
INV-002057,PO-002057,SUP-0042,2026-05-03,USD,86108.19,RECEIVED
INV-002058,PO-002058,SUP-0100,2026-04-02,EUR,93523.95,RECEIVED
INV-002059,PO-002059,SUP-0032,2026-05-18,EUR,145684.03,RECEIVED
INV-002060,PO-002060,SUP-0005,2026-04-15,USD,68979.31,RECEIVED
INV-002061,PO-002061,SUP-0050,2026-04-12,USD,124909.38,RECEIVED
INV-002062,PO-002062,SUP-0073,2026-01-10,GBP,73783.62,RECEIVED
INV-002063,PO-002063,SUP-0100,2026-02-21,EUR,58981.84,RECEIVED
INV-002064,PO-002064,SUP-0063,2026-05-18,INR,10572.56,RECEIVED
INV-002065,PO-002065,SUP-0068,2026-03-27,INR,18716.04,RECEIVED
INV-002066,PO-002066,SUP-0116,2026-07-21,EUR,113973.17,RECEIVED
INV-002067,PO-002067,SUP-0071,2026-06-18,INR,9401.9,RECEIVED
INV-002068,PO-002068,SUP-0075,2026-05-19,GBP,17379.01,RECEIVED
INV-002069,PO-002069,SUP-0116,2026-08-05,EUR,24762.35,RECEIVED
INV-002070,PO-002070,SUP-0080,2026-08-03,INR,46429.94,RECEIVED
INV-002071,PO-002071,SUP-0089,2026-09-05,INR,145016.19,RECEIVED
INV-002072,PO-002072,SUP-0046,2026-08-14,USD,131734.43,RECEIVED
INV-002073,PO-002073,SUP-0051,2026-08-20,GBP,12710.13,RECEIVED
INV-002074,PO-002074,SUP-0103,2026-08-24,GBP,67504.19,RECEIVED
INV-002075,PO-002075,SUP-0097,2026-07-13,GBP,106058.84,RECEIVED
INV-002076,PO-002076,SUP-0113,2026-09-10,INR,11419.86,RECEIVED
INV-002077,PO-002077,SUP-0056,2026-07-01,GBP,27093.33,RECEIVED
INV-002078,PO-002078,SUP-0074,2026-09-05,EUR,57508.35,RECEIVED
INV-002079,PO-002079,SUP-0046,2026-07-25,USD,97740.59,RECEIVED
INV-002080,PO-002080,SUP-0093,2026-05-02,GBP,1522.06,RECEIVED
INV-002081,PO-002081,SUP-0071,2026-06-22,INR,42741.62,RECEIVED
INV-002082,PO-002082,SUP-0120,2026-08-21,USD,49140.58,RECEIVED
INV-002083,PO-002083,SUP-0036,2026-03-07,INR,135083.6,RECEIVED
INV-002084,PO-002084,SUP-0015,2026-02-10,EUR,89699.23,RECEIVED
INV-002085,PO-002085,SUP-0064,2026-02-17,EUR,35970.05,RECEIVED
INV-002086,PO-002086,SUP-0095,2026-08-23,INR,21284.68,RECEIVED
INV-002087,PO-002087,SUP-0032,2026-08-24,EUR,122603.03,RECEIVED
INV-002088,PO-002088,SUP-0069,2026-02-17,EUR,146111.36,RECEIVED
INV-002089,PO-002089,SUP-0065,2026-04-07,GBP,11832.51,RECEIVED
INV-002090,PO-002090,SUP-0067,2026-05-22,GBP,9870.83,RECEIVED
INV-002091,PO-002091,SUP-0040,2026-03-04,USD,16118.79,RECEIVED
INV-002092,PO-002092,SUP-0047,2026-08-01,INR,68554.64,RECEIVED
INV-002093,PO-002093,SUP-0097,2026-03-09,GBP,98712.02,RECEIVED
INV-002094,PO-002094,SUP-0069,2026-06-20,EUR,68742.49,RECEIVED
INV-002095,PO-002095,SUP-0047,2026-06-24,INR,38310.44,RECEIVED
INV-002096,PO-002096,SUP-0066,2026-06-17,GBP,29309.51,RECEIVED
INV-002097,PO-002097,SUP-0041,2026-01-25,USD,141501.72,RECEIVED
INV-002098,PO-002098,SUP-0046,2026-07-21,USD,50818.07,RECEIVED
INV-002099,PO-002099,SUP-0095,2026-04-30,GBP,117054.09,RECEIVED
INV-002100,PO-002100,SUP-0115,2026-01-29,EUR,141420.31,RECEIVED
INV-002101,PO-002101,SUP-0008,2026-06-27,EUR,82517.79,RECEIVED
INV-002102,PO-002102,SUP-0060,2026-03-24,GBP,36707.03,RECEIVED
INV-002103,PO-002103,SUP-0097,2026-07-02,GBP,116481.91,RECEIVED
INV-002104,PO-002104,SUP-0021,2026-05-10,GBP,3838.52,RECEIVED
INV-002105,PO-002105,SUP-0055,2026-03-12,USD,20816.96,RECEIVED
INV-002106,PO-002106,SUP-0035,2026-09-09,GBP,113959.91,RECEIVED
INV-002107,PO-002107,SUP-0018,2026-02-05,USD,131363.21,RECEIVED
INV-002108,PO-002108,SUP-0082,2026-02-11,GBP,57187.53,RECEIVED
INV-002109,PO-002109,SUP-0101,2026-04-17,EUR,130735.92,RECEIVED
INV-002110,PO-002110,SUP-0101,2026-07-05,EUR,147956.76,RECEIVED
INV-002111,PO-002111,SUP-0053,2026-06-10,EUR,41644.22,RECEIVED
INV-002112,PO-002112,SUP-0005,2026-08-08,USD,29129.83,RECEIVED
INV-002113,PO-002113,SUP-0044,2026-09-18,USD,120976.82,RECEIVED
INV-002114,PO-002114,SUP-0104,2026-04-24,GBP,39257.43,RECEIVED
INV-002115,PO-002115,SUP-0100,2026-06-12,EUR,58882.49,RECEIVED
INV-002116,PO-002116,SUP-0056,2026-05-14,GBP,85460.86,RECEIVED
INV-002117,PO-002117,SUP-0064,2026-06-26,EUR,34566.56,RECEIVED
INV-002118,PO-002118,SUP-0094,2026-06-12,USD,65542.05,RECEIVED
INV-002119,PO-002119,SUP-0100,2026-03-03,EUR,24024.42,RECEIVED
INV-002120,PO-002120,SUP-0072,2026-02-27,EUR,103009.02,RECEIVED
INV-002121,PO-002121,SUP-0093,2026-05-28,GBP,106589.77,RECEIVED
INV-002122,PO-002122,SUP-0077,2026-04-22,EUR,129443.3,RECEIVED
INV-002123,PO-002123,SUP-0016,2026-04-11,USD,1479.19,RECEIVED
INV-002124,PO-002124,SUP-0102,2026-05-23,GBP,117086.64,RECEIVED
INV-002125,PO-002125,SUP-0024,2026-08-10,USD,143798.27,RECEIVED
INV-002126,PO-002126,SUP-0057,2026-02-06,INR,38990.22,RECEIVED
INV-002127,PO-002127,SUP-0029,2026-07-16,USD,121580.04,RECEIVED
INV-002128,PO-002128,SUP-0109,2026-03-01,EUR,147369.61,RECEIVED
INV-002129,PO-002129,SUP-0078,2026-05-19,EUR,22831.95,RECEIVED
INV-002130,PO-002130,SUP-0004,2026-02-01,EUR,130775.95,RECEIVED
INV-002131,PO-002131,SUP-0067,2026-04-26,GBP,17690.68,RECEIVED
INV-002132,PO-002132,SUP-0007,2026-06-11,INR,93978.38,RECEIVED
INV-002133,PO-002133,SUP-0023,2026-05-02,EUR,62139.07,RECEIVED
INV-002134,PO-002134,SUP-0117,2026-03-06,INR,16353.81,RECEIVED
INV-002135,PO-002135,SUP-0115,2026-06-20,EUR,76856.08,RECEIVED
INV-002136,PO-002136,SUP-0080,2026-07-10,INR,87070.02,RECEIVED
INV-002137,PO-002137,SUP-0046,2026-09-13,USD,134131.05,RECEIVED
INV-002138,PO-002138,SUP-0056,2026-07-30,GBP,8001.05,RECEIVED
INV-002139,PO-002139,SUP-0010,2026-08-11,INR,37750.63,RECEIVED
INV-002140,PO-002140,SUP-0070,2026-09-16,INR,130911.87,RECEIVED
INV-002141,PO-002141,SUP-0044,2026-02-25,USD,88451.87,RECEIVED
INV-002142,PO-002142,SUP-0007,2026-08-10,INR,88892.34,RECEIVED
INV-002143,PO-002143,SUP-0091,2026-07-27,USD,45507.09,RECEIVED
INV-002144,PO-002144,SUP-0065,2026-08-21,GBP,35463.05,RECEIVED
INV-002145,PO-002145,SUP-0107,2026-02-05,EUR,47449.47,RECEIVED
INV-002146,PO-002146,SUP-0038,2026-06-05,INR,39155.84,RECEIVED
INV-002147,PO-002147,SUP-0048,2026-07-18,USD,60400.41,RECEIVED
INV-002148,PO-002148,SUP-0043,2026-09-29,USD,28164.29,RECEIVED
INV-002149,PO-002149,SUP-0039,2026-03-08,GBP,25408.39,RECEIVED
INV-002150,PO-002150,SUP-0022,2026-08-19,GBP,102076.07,RECEIVED
INV-002151,PO-002151,SUP-0032,2026-03-06,USD,13799.82,RECEIVED
INV-002152,PO-002152,SUP-0033,2026-04-21,USD,78699.0,RECEIVED
INV-002153,PO-002153,SUP-0045,2026-07-17,EUR,143077.95,RECEIVED
INV-002154,PO-002154,SUP-0056,2026-07-13,GBP,148057.69,RECEIVED
INV-002155,PO-002155,SUP-0076,2026-05-02,USD,120355.29,RECEIVED
INV-002156,PO-002156,SUP-0094,2026-01-27,USD,121991.62,RECEIVED
INV-002157,PO-002157,SUP-0070,2026-02-21,INR,15578.46,RECEIVED
INV-002158,PO-002158,SUP-0116,2026-07-20,EUR,119578.2,RECEIVED
INV-002159,PO-002159,SUP-0005,2026-03-26,USD,28697.28,RECEIVED
INV-002160,PO-002160,SUP-0115,2026-02-06,EUR,21600.93,RECEIVED
INV-002161,PO-002161,SUP-0078,2026-01-27,EUR,21387.22,RECEIVED
INV-002162,PO-002162,SUP-0002,2026-05-18,USD,14880.79,RECEIVED
INV-002163,PO-002163,SUP-0044,2026-05-24,USD,59976.62,RECEIVED
INV-002164,PO-002164,SUP-0060,2026-03-17,GBP,136416.04,RECEIVED
INV-002165,PO-002165,SUP-0082,2026-06-08,GBP,8055.61,RECEIVED
INV-002166,PO-002166,SUP-0015,2026-05-12,EUR,52322.29,RECEIVED
INV-002167,PO-002167,SUP-0077,2026-02-01,EUR,1076.36,RECEIVED
INV-002168,PO-002168,SUP-0019,2026-06-29,EUR,114142.04,RECEIVED
INV-002169,PO-002169,SUP-0092,2026-04-27,INR,24002.98,RECEIVED
INV-002170,PO-002170,SUP-0014,2026-06-19,INR,137442.27,RECEIVED
INV-002171,PO-002171,SUP-0037,2026-04-15,INR,82953.56,RECEIVED
INV-002172,PO-002172,SUP-0043,2026-07-26,USD,61917.37,RECEIVED
INV-002173,PO-002173,SUP-0046,2026-09-14,USD,87197.42,RECEIVED
INV-002174,PO-002174,SUP-0114,2026-04-13,EUR,14340.89,RECEIVED
INV-002175,PO-002175,SUP-0037,2026-09-13,EUR,64731.74,RECEIVED
INV-002176,PO-002176,SUP-0029,2026-02-21,USD,27251.21,RECEIVED
INV-002177,PO-002177,SUP-0040,2026-07-01,USD,23347.94,RECEIVED
INV-002178,PO-002178,SUP-0072,2026-02-06,EUR,69399.36,RECEIVED
INV-002179,PO-002179,SUP-0020,2026-04-16,EUR,60186.17,RECEIVED
INV-002180,PO-002180,SUP-0043,2026-05-23,GBP,25192.52,RECEIVED
INV-002181,PO-002181,SUP-0063,2026-07-10,INR,141849.14,RECEIVED
INV-002182,PO-002182,SUP-0113,2026-04-22,INR,59964.76,RECEIVED
INV-002183,PO-002183,SUP-0061,2026-03-30,EUR,145793.57,RECEIVED
INV-002184,PO-002184,SUP-0080,2026-05-04,INR,120100.31,RECEIVED
INV-002185,PO-002185,SUP-0095,2026-03-17,GBP,70602.94,RECEIVED
INV-002186,PO-002186,SUP-0021,2026-01-29,GBP,58140.58,RECEIVED
INV-002187,PO-002187,SUP-0087,2026-03-30,INR,115319.49,RECEIVED
INV-002188,PO-002188,SUP-0016,2026-05-14,EUR,28501.01,RECEIVED
INV-002189,PO-002189,SUP-0052,2026-01-11,EUR,105023.86,RECEIVED
INV-002190,PO-002190,SUP-0038,2026-06-01,INR,36149.47,RECEIVED
INV-002191,PO-002191,SUP-0069,2026-09-08,EUR,5460.22,RECEIVED
INV-002192,PO-002192,SUP-0120,2026-03-03,INR,42813.32,RECEIVED
INV-002193,PO-002193,SUP-0023,2026-07-15,EUR,11873.94,RECEIVED
INV-002194,PO-002194,SUP-0114,2026-02-01,EUR,33426.26,RECEIVED
INV-002195,PO-002195,SUP-0053,2026-06-26,EUR,1555.37,RECEIVED
INV-002196,PO-002196,SUP-0097,2026-04-25,GBP,66642.31,RECEIVED
INV-002197,PO-002197,SUP-0037,2026-04-10,EUR,118895.16,RECEIVED
INV-002198,PO-002198,SUP-0053,2026-05-29,EUR,9811.57,RECEIVED
INV-002199,PO-002199,SUP-0120,2026-03-04,INR,48628.64,RECEIVED
INV-002200,PO-002200,SUP-0083,2026-03-15,INR,139512.18,RECEIVED
INV-002201,PO-002201,SUP-0012,2026-02-05,USD,124049.35,RECEIVED
INV-002202,PO-002202,SUP-0010,2026-04-26,INR,4905.8,RECEIVED
INV-002203,PO-002203,SUP-0082,2026-08-15,GBP,142669.06,RECEIVED
INV-002204,PO-002204,SUP-0046,2026-06-30,USD,65626.72,RECEIVED
INV-002205,PO-002205,SUP-0106,2026-07-26,USD,61327.72,RECEIVED
INV-002206,PO-002206,SUP-0010,2026-08-16,INR,142170.66,RECEIVED
INV-002207,PO-002207,SUP-0112,2026-05-04,EUR,69337.1,RECEIVED
INV-002208,PO-002208,SUP-0064,2026-05-13,EUR,143618.86,RECEIVED
INV-002209,PO-002209,SUP-0074,2026-07-12,EUR,63841.35,RECEIVED
INV-002210,PO-002210,SUP-0054,2026-04-26,GBP,25320.23,RECEIVED
INV-002211,PO-002211,SUP-0012,2026-05-01,INR,103612.16,RECEIVED
INV-002212,PO-002212,SUP-0035,2026-04-13,EUR,119982.29,RECEIVED
INV-002213,PO-002213,SUP-0062,2026-02-20,GBP,114913.73,RECEIVED
INV-002214,PO-002214,SUP-0083,2026-09-15,INR,38125.46,RECEIVED
INV-002215,PO-002215,SUP-0104,2026-04-06,GBP,36359.89,RECEIVED
INV-002216,PO-002216,SUP-0084,2026-08-13,EUR,79590.32,RECEIVED
INV-002217,PO-002217,SUP-0069,2026-09-14,EUR,25614.67,RECEIVED
INV-002218,PO-002218,SUP-0002,2026-05-15,USD,110589.01,RECEIVED
INV-002219,PO-002219,SUP-0032,2026-08-31,EUR,46771.97,RECEIVED
INV-002220,PO-002220,SUP-0109,2026-04-26,EUR,12986.93,RECEIVED
INV-002221,PO-002221,SUP-0094,2026-01-24,USD,62589.58,RECEIVED
INV-002222,PO-002222,SUP-0114,2026-03-30,EUR,112256.16,RECEIVED
INV-002223,PO-002223,SUP-0005,2026-06-23,USD,10583.6,RECEIVED
INV-002224,PO-002224,SUP-0075,2026-03-08,GBP,78063.45,RECEIVED
INV-002225,PO-002225,SUP-0064,2026-06-13,EUR,70649.72,RECEIVED
INV-002226,PO-002226,SUP-0031,2026-07-30,GBP,65330.77,RECEIVED
INV-002227,PO-002227,SUP-0110,2026-03-28,USD,53905.34,RECEIVED
INV-002228,PO-002228,SUP-0003,2026-08-28,EUR,41974.75,RECEIVED
INV-002229,PO-002229,SUP-0042,2026-04-19,GBP,36440.21,RECEIVED
INV-002230,PO-002230,SUP-0063,2026-06-18,INR,121956.47,RECEIVED
INV-002231,PO-002231,SUP-0109,2026-02-14,EUR,99120.91,RECEIVED
INV-002232,PO-002232,SUP-0042,2026-03-23,USD,118087.45,RECEIVED
INV-002233,PO-002233,SUP-0054,2026-05-18,GBP,133396.9,RECEIVED
INV-002234,PO-002234,SUP-0096,2026-02-10,EUR,41032.37,RECEIVED
INV-002235,PO-002235,SUP-0058,2026-06-10,GBP,27343.94,RECEIVED
INV-002236,PO-002236,SUP-0032,2026-08-18,USD,110828.77,RECEIVED
INV-002237,PO-002237,SUP-0068,2026-04-04,INR,63236.06,RECEIVED
INV-002238,PO-002238,SUP-0118,2026-01-29,USD,33766.46,RECEIVED
INV-002239,PO-002239,SUP-0101,2026-05-26,EUR,36405.13,RECEIVED
INV-002240,PO-002240,SUP-0026,2026-07-27,GBP,110992.27,RECEIVED
INV-002241,PO-002241,SUP-0074,2026-04-12,EUR,31210.82,RECEIVED
INV-002242,PO-002242,SUP-0041,2026-08-12,USD,117927.15,RECEIVED
INV-002243,PO-002243,SUP-0018,2026-01-25,USD,58133.33,RECEIVED
INV-002244,PO-002244,SUP-0062,2026-03-11,GBP,16550.68,RECEIVED
INV-002245,PO-002245,SUP-0042,2026-09-06,GBP,25746.79,RECEIVED
INV-002246,PO-002246,SUP-0027,2026-05-12,EUR,115377.35,RECEIVED
INV-002247,PO-002247,SUP-0080,2026-07-31,INR,106176.94,RECEIVED
INV-002248,PO-002248,SUP-0039,2026-09-09,GBP,131889.14,RECEIVED
INV-002249,PO-002249,SUP-0087,2026-05-13,INR,73768.84,RECEIVED
INV-002250,PO-002250,SUP-0086,2026-05-04,GBP,72791.89,RECEIVED
INV-002251,PO-002251,SUP-0062,2026-08-29,GBP,27034.3,RECEIVED
INV-002252,PO-002252,SUP-0055,2026-05-21,USD,140362.77,RECEIVED
INV-002253,PO-002253,SUP-0054,2026-04-13,INR,38007.18,RECEIVED
INV-002254,PO-002254,SUP-0034,2026-09-08,GBP,11658.63,RECEIVED
INV-002255,PO-002255,SUP-0039,2026-07-01,GBP,113172.81,RECEIVED
INV-002256,PO-002256,SUP-0055,2026-02-14,USD,35641.57,RECEIVED
INV-002257,PO-002257,SUP-0097,2026-06-26,GBP,123911.55,RECEIVED
INV-002258,PO-002258,SUP-0023,2026-01-29,EUR,62277.59,RECEIVED
INV-002259,PO-002259,SUP-0061,2026-01-16,EUR,33091.24,RECEIVED
INV-002260,PO-002260,SUP-0066,2026-01-07,GBP,144818.59,RECEIVED
INV-002261,PO-002261,SUP-0004,2026-07-10,GBP,59000.39,RECEIVED
INV-002262,PO-002262,SUP-0086,2026-02-11,GBP,124974.14,RECEIVED
INV-002263,PO-002263,SUP-0054,2026-08-25,GBP,15172.48,RECEIVED
INV-002264,PO-002264,SUP-0059,2026-05-08,GBP,118558.11,RECEIVED
INV-002265,PO-002265,SUP-0076,2026-05-14,USD,74749.43,RECEIVED
INV-002266,PO-002266,SUP-0057,2026-09-07,GBP,52283.65,RECEIVED
INV-002267,PO-002267,SUP-0114,2026-06-13,EUR,46085.73,RECEIVED
INV-002268,PO-002268,SUP-0003,2026-07-09,EUR,134271.53,RECEIVED
INV-002269,PO-002269,SUP-0104,2026-09-15,GBP,17994.84,RECEIVED
INV-002270,PO-002270,SUP-0014,2026-06-26,INR,34846.22,RECEIVED
INV-002271,PO-002271,SUP-0029,2026-02-26,USD,141666.59,RECEIVED
INV-002272,PO-002272,SUP-0108,2026-07-03,USD,61501.74,RECEIVED
INV-002273,PO-002273,SUP-0077,2026-01-23,EUR,59174.28,RECEIVED
INV-002274,PO-002274,SUP-0109,2026-04-04,EUR,32245.61,RECEIVED
INV-002275,PO-002275,SUP-0088,2026-05-31,EUR,49502.99,RECEIVED
INV-002276,PO-002276,SUP-0067,2026-03-24,GBP,59177.0,RECEIVED
INV-002277,PO-002277,SUP-0041,2026-05-25,USD,10618.69,RECEIVED
INV-002278,PO-002278,SUP-0014,2026-08-25,INR,87647.23,RECEIVED
INV-002279,PO-002279,SUP-0073,2026-06-14,GBP,93915.88,RECEIVED
INV-002280,PO-002280,SUP-0005,2026-08-24,USD,25215.14,RECEIVED
INV-002281,PO-002281,SUP-0073,2026-06-22,GBP,33071.19,RECEIVED
INV-002282,PO-002282,SUP-0024,2026-08-16,GBP,57590.95,RECEIVED
INV-002283,PO-002283,SUP-0029,2026-08-07,USD,130134.73,RECEIVED
INV-002284,PO-002284,SUP-0068,2026-04-12,INR,120672.15,RECEIVED
INV-002285,PO-002285,SUP-0027,2026-02-07,EUR,57021.68,RECEIVED
INV-002286,PO-002286,SUP-0013,2026-04-16,INR,34717.48,RECEIVED
INV-002287,PO-002287,SUP-0084,2026-07-27,EUR,17319.03,RECEIVED
INV-002288,PO-002288,SUP-0061,2026-08-15,EUR,35217.41,RECEIVED
INV-002289,PO-002289,SUP-0064,2026-07-15,EUR,55556.26,RECEIVED
INV-002290,PO-002290,SUP-0009,2026-03-14,EUR,65370.73,RECEIVED
INV-002291,PO-002291,SUP-0089,2026-08-19,INR,31382.03,RECEIVED
INV-002292,PO-002292,SUP-0111,2026-07-15,GBP,70841.07,RECEIVED
INV-002293,PO-002293,SUP-0062,2026-07-21,GBP,120912.2,RECEIVED
INV-002294,PO-002294,SUP-0120,2026-03-02,INR,21354.94,RECEIVED
INV-002295,PO-002295,SUP-0114,2026-01-25,EUR,39561.19,RECEIVED
INV-002296,PO-002296,SUP-0026,2026-06-12,GBP,23024.06,RECEIVED
INV-002297,PO-002297,SUP-0055,2026-07-02,USD,21322.62,RECEIVED
INV-002298,PO-002298,SUP-0038,2026-03-24,INR,66018.97,RECEIVED
INV-002299,PO-002299,SUP-0102,2026-04-28,GBP,70291.19,RECEIVED
INV-002300,PO-002300,SUP-0040,2026-06-02,USD,123893.02,RECEIVED
INV-002301,PO-002301,SUP-0036,2026-08-10,GBP,48063.99,RECEIVED
INV-002302,PO-002302,SUP-0055,2026-02-08,USD,57706.14,RECEIVED
INV-002303,PO-002303,SUP-0038,2026-06-10,INR,3129.33,RECEIVED
INV-002304,PO-002304,SUP-0109,2026-09-15,EUR,11884.87,RECEIVED
INV-002305,PO-002305,SUP-0074,2026-04-18,EUR,40278.48,RECEIVED
INV-002306,PO-002306,SUP-0088,2026-08-08,EUR,26144.69,RECEIVED
INV-002307,PO-002307,SUP-0108,2026-05-11,USD,66953.73,RECEIVED
INV-002308,PO-002308,SUP-0118,2026-03-30,USD,113184.58,RECEIVED
INV-002309,PO-002309,SUP-0076,2026-03-08,USD,17044.07,RECEIVED
INV-002310,PO-002310,SUP-0114,2026-03-16,EUR,8599.45,RECEIVED
INV-002311,PO-002311,SUP-0062,2026-04-21,GBP,38905.16,RECEIVED
INV-002312,PO-002312,SUP-0106,2026-04-02,USD,83715.45,RECEIVED
INV-002313,PO-002313,SUP-0110,2026-06-23,USD,16318.24,RECEIVED
INV-002314,PO-002314,SUP-0074,2026-06-02,EUR,16529.62,RECEIVED
INV-002315,PO-002315,SUP-0100,2026-06-30,EUR,57064.91,RECEIVED
INV-002316,PO-002316,SUP-0094,2026-08-18,USD,44181.58,RECEIVED
INV-002317,PO-002317,SUP-0046,2026-08-12,USD,80255.02,RECEIVED
INV-002318,PO-002318,SUP-0015,2026-01-29,EUR,20941.49,RECEIVED
INV-002319,PO-002319,SUP-0034,2026-04-08,GBP,51076.3,RECEIVED
INV-002320,PO-002320,SUP-0045,2026-03-20,EUR,90213.17,RECEIVED
INV-002321,PO-002321,SUP-0035,2026-03-24,EUR,100958.36,RECEIVED
INV-002322,PO-002322,SUP-0050,2026-08-03,USD,139454.79,RECEIVED
INV-002323,PO-002323,SUP-0080,2026-09-18,INR,32579.26,RECEIVED
INV-002324,PO-002324,SUP-0060,2026-03-23,GBP,61821.93,RECEIVED
INV-002325,PO-002325,SUP-0057,2026-05-06,GBP,139990.17,RECEIVED
INV-002326,PO-002326,SUP-0108,2026-03-19,USD,127499.68,RECEIVED
INV-002327,PO-002327,SUP-0100,2026-09-14,EUR,55502.52,RECEIVED
INV-002328,PO-002328,SUP-0073,2026-05-17,GBP,3758.89,RECEIVED
INV-002329,PO-002329,SUP-0094,2026-03-26,USD,145364.2,RECEIVED
INV-002330,PO-002330,SUP-0074,2026-08-28,EUR,129637.34,RECEIVED
INV-002331,PO-002331,SUP-0046,2026-08-26,USD,64809.56,RECEIVED
INV-002332,PO-002332,SUP-0026,2026-05-19,GBP,102470.56,RECEIVED
INV-002333,PO-002333,SUP-0021,2026-07-31,GBP,44469.36,RECEIVED
INV-002334,PO-002334,SUP-0120,2026-08-11,USD,132632.16,RECEIVED
INV-002335,PO-002335,SUP-0066,2026-05-21,GBP,41270.02,RECEIVED
INV-002336,PO-002336,SUP-0056,2026-04-20,GBP,104208.85,RECEIVED
INV-002337,PO-002337,SUP-0102,2026-08-27,GBP,122184.18,RECEIVED
INV-002338,PO-002338,SUP-0090,2026-05-16,USD,111939.41,RECEIVED
INV-002339,PO-002339,SUP-0107,2026-02-27,EUR,61609.9,RECEIVED
INV-002340,PO-002340,SUP-0086,2026-05-21,GBP,1755.62,RECEIVED
INV-002341,PO-002341,SUP-0051,2026-09-04,GBP,60175.62,RECEIVED
INV-002342,PO-002342,SUP-0043,2026-02-01,USD,125349.09,RECEIVED
INV-002343,PO-002343,SUP-0010,2026-03-10,INR,140807.01,RECEIVED
INV-002344,PO-002344,SUP-0022,2026-02-08,GBP,92505.82,RECEIVED
INV-002345,PO-002345,SUP-0071,2026-08-24,INR,20796.1,RECEIVED
INV-002346,PO-002346,SUP-0067,2026-03-27,USD,77490.27,RECEIVED
INV-002347,PO-002347,SUP-0089,2026-04-14,INR,56809.91,RECEIVED
INV-002348,PO-002348,SUP-0054,2026-08-23,INR,20995.96,RECEIVED
INV-002349,PO-002349,SUP-0073,2026-04-18,GBP,116710.19,RECEIVED
INV-002350,PO-002350,SUP-0088,2026-05-17,EUR,107457.37,RECEIVED
INV-002351,PO-002351,SUP-0051,2026-04-28,GBP,6399.97,RECEIVED
INV-002352,PO-002352,SUP-0115,2026-04-23,EUR,38573.64,RECEIVED
INV-002353,PO-002353,SUP-0029,2026-03-31,USD,95206.64,RECEIVED
INV-002354,PO-002354,SUP-0056,2026-04-21,GBP,57443.13,RECEIVED
INV-002355,PO-002355,SUP-0031,2026-08-19,GBP,26515.57,RECEIVED
INV-002356,PO-002356,SUP-0107,2026-02-22,EUR,135810.23,RECEIVED
INV-002357,PO-002357,SUP-0054,2026-05-29,INR,44781.98,RECEIVED
INV-002358,PO-002358,SUP-0090,2026-06-25,USD,11446.9,RECEIVED
INV-002359,PO-002359,SUP-0096,2026-05-12,EUR,72569.52,RECEIVED
INV-002360,PO-002360,SUP-0071,2026-06-12,INR,37923.26,RECEIVED
INV-002361,PO-002361,SUP-0083,2026-03-11,INR,130039.03,RECEIVED
INV-002362,PO-002362,SUP-0047,2026-05-17,INR,67926.3,RECEIVED
INV-002363,PO-002363,SUP-0092,2026-03-18,INR,79921.1,RECEIVED
INV-002364,PO-002364,SUP-0044,2026-02-09,USD,96959.5,RECEIVED
INV-002365,PO-002365,SUP-0096,2026-06-22,EUR,68112.26,RECEIVED
INV-002366,PO-002366,SUP-0012,2026-06-01,INR,32457.74,RECEIVED
INV-002367,PO-002367,SUP-0071,2026-01-15,INR,118454.65,RECEIVED
INV-002368,PO-002368,SUP-0033,2026-06-25,USD,105043.08,RECEIVED
INV-002369,PO-002369,SUP-0092,2026-07-16,INR,141040.61,RECEIVED
INV-002370,PO-002370,SUP-0076,2026-02-16,USD,111569.87,RECEIVED
INV-002371,PO-002371,SUP-0087,2026-07-25,INR,72867.22,RECEIVED
INV-002372,PO-002372,SUP-0002,2026-08-01,USD,97234.84,RECEIVED
INV-002373,PO-002373,SUP-0081,2026-09-09,INR,76745.69,RECEIVED
INV-002374,PO-002374,SUP-0051,2026-06-24,GBP,114560.35,RECEIVED
INV-002375,PO-002375,SUP-0092,2026-09-15,INR,54679.85,RECEIVED
INV-002376,PO-002376,SUP-0024,2026-02-08,GBP,39416.06,RECEIVED
INV-002377,PO-002377,SUP-0114,2026-03-03,EUR,149826.16,RECEIVED
INV-002378,PO-002378,SUP-0098,2026-09-14,USD,139862.22,RECEIVED
INV-002379,PO-002379,SUP-0096,2026-04-29,EUR,69391.23,RECEIVED
INV-002380,PO-002380,SUP-0042,2026-08-02,GBP,82589.4,RECEIVED
INV-002381,PO-002381,SUP-0100,2026-03-24,EUR,147101.11,RECEIVED
INV-002382,PO-002382,SUP-0037,2026-04-11,EUR,75208.46,RECEIVED
INV-002383,PO-002383,SUP-0046,2026-08-11,USD,13203.53,RECEIVED
INV-002384,PO-002384,SUP-0101,2026-07-30,EUR,22602.42,RECEIVED
INV-002385,PO-002385,SUP-0045,2026-03-31,EUR,72921.43,RECEIVED
INV-002386,PO-002386,SUP-0068,2026-09-20,INR,81206.36,RECEIVED
INV-002387,PO-002387,SUP-0103,2026-03-14,GBP,75182.47,RECEIVED
INV-002388,PO-002388,SUP-0120,2026-04-01,USD,45402.12,RECEIVED
INV-002389,PO-002389,SUP-0071,2026-03-27,INR,43600.76,RECEIVED
INV-002390,PO-002390,SUP-0002,2026-09-09,USD,95192.56,RECEIVED
INV-002391,PO-002391,SUP-0069,2026-06-06,EUR,17670.3,RECEIVED
INV-002392,PO-002392,SUP-0032,2026-08-12,USD,94946.34,RECEIVED
INV-002393,PO-002393,SUP-0031,2026-06-25,GBP,24092.73,RECEIVED
INV-002394,PO-002394,SUP-0119,2026-04-13,INR,56310.27,RECEIVED
INV-002395,PO-002395,SUP-0095,2026-05-16,GBP,34902.15,RECEIVED
INV-002396,PO-002396,SUP-0014,2026-03-08,INR,91705.12,RECEIVED
INV-002397,PO-002397,SUP-0113,2026-09-15,INR,107195.28,RECEIVED
INV-002398,PO-002398,SUP-0082,2026-05-22,GBP,97920.28,RECEIVED
INV-002399,PO-002399,SUP-0104,2026-08-30,GBP,50579.01,RECEIVED
INV-002400,PO-002400,SUP-0057,2026-06-07,INR,60259.61,RECEIVED
INV-002401,PO-002401,SUP-0089,2026-05-15,INR,53676.01,RECEIVED
INV-002402,PO-002402,SUP-0055,2026-03-03,USD,10619.32,RECEIVED
INV-002403,PO-002403,SUP-0039,2026-05-30,GBP,49734.96,RECEIVED
INV-002404,PO-002404,SUP-0028,2026-01-13,INR,115528.81,RECEIVED
INV-002405,PO-002405,SUP-0032,2026-08-03,EUR,4699.99,RECEIVED
INV-002406,PO-002406,SUP-0089,2026-06-20,INR,5783.36,RECEIVED
INV-002407,PO-002407,SUP-0057,2026-03-22,INR,80591.67,RECEIVED
INV-002408,PO-002408,SUP-0104,2026-04-23,GBP,141544.56,RECEIVED
INV-002409,PO-002409,SUP-0028,2026-05-31,INR,75825.68,RECEIVED
INV-002410,PO-002410,SUP-0002,2026-04-30,USD,115095.75,RECEIVED
INV-002411,PO-002411,SUP-0030,2026-02-05,GBP,105841.89,RECEIVED
INV-002412,PO-002412,SUP-0003,2026-08-17,EUR,133829.5,RECEIVED
INV-002413,PO-002413,SUP-0039,2026-04-03,GBP,115796.71,RECEIVED
INV-002414,PO-002414,SUP-0034,2026-02-28,GBP,88958.81,RECEIVED
INV-002415,PO-002415,SUP-0075,2026-02-26,GBP,11490.67,RECEIVED
INV-002416,PO-002416,SUP-0029,2026-03-21,USD,128760.64,RECEIVED
INV-002417,PO-002417,SUP-0111,2026-03-09,GBP,63544.71,RECEIVED
INV-002418,PO-002418,SUP-0079,2026-02-17,INR,70203.97,RECEIVED
INV-002419,PO-002419,SUP-0034,2026-05-24,GBP,13590.74,RECEIVED
INV-002420,PO-002420,SUP-0037,2026-03-17,INR,13403.51,RECEIVED
INV-002421,PO-002421,SUP-0025,2026-05-22,USD,37356.31,RECEIVED
INV-002422,PO-002422,SUP-0102,2026-05-07,GBP,104221.77,RECEIVED
INV-002423,PO-002423,SUP-0069,2026-09-24,EUR,18870.71,RECEIVED
INV-002424,PO-002424,SUP-0065,2026-05-25,GBP,135758.29,RECEIVED
INV-002425,PO-002425,SUP-0051,2026-03-08,GBP,46374.53,RECEIVED
INV-002426,PO-002426,SUP-0020,2026-03-04,EUR,67599.38,RECEIVED
INV-002427,PO-002427,SUP-0025,2026-03-18,USD,62853.7,RECEIVED
INV-002428,PO-002428,SUP-0051,2026-09-04,GBP,107118.15,RECEIVED
INV-002429,PO-002429,SUP-0032,2026-01-28,EUR,137313.28,RECEIVED
INV-002430,PO-002430,SUP-0036,2026-02-21,INR,37804.86,RECEIVED
INV-002431,PO-002431,SUP-0083,2026-03-16,INR,11258.42,RECEIVED
INV-002432,PO-002432,SUP-0087,2026-08-22,INR,64232.89,RECEIVED
INV-002433,PO-002433,SUP-0082,2026-09-10,GBP,143763.96,RECEIVED
INV-002434,PO-002434,SUP-0009,2026-05-23,EUR,43719.04,RECEIVED
INV-002435,PO-002435,SUP-0051,2026-09-12,GBP,56438.29,RECEIVED
INV-002436,PO-002436,SUP-0025,2026-06-16,USD,134102.23,RECEIVED
INV-002437,PO-002437,SUP-0102,2026-05-18,GBP,1587.16,RECEIVED
INV-002438,PO-002438,SUP-0023,2026-06-18,EUR,117808.19,RECEIVED
INV-002439,PO-002439,SUP-0071,2026-06-01,INR,115742.95,RECEIVED
INV-002440,PO-002440,SUP-0023,2026-08-09,EUR,64561.26,RECEIVED
INV-002441,PO-002441,SUP-0005,2026-08-07,USD,28648.61,RECEIVED
INV-002442,PO-002442,SUP-0031,2026-08-24,GBP,113725.69,RECEIVED
INV-002443,PO-002443,SUP-0007,2026-02-09,GBP,148459.01,RECEIVED
INV-002444,PO-002444,SUP-0020,2026-03-01,EUR,1666.34,RECEIVED
INV-002445,PO-002445,SUP-0041,2026-08-29,USD,110901.5,RECEIVED
INV-002446,PO-002446,SUP-0029,2026-07-06,USD,55677.5,RECEIVED
INV-002447,PO-002447,SUP-0003,2026-04-01,EUR,87377.37,RECEIVED
INV-002448,PO-002448,SUP-0020,2026-08-05,EUR,74650.52,RECEIVED
INV-002449,PO-002449,SUP-0111,2026-02-06,GBP,10470.35,RECEIVED
INV-002450,PO-002450,SUP-0119,2026-09-06,INR,126312.55,RECEIVED
INV-002451,PO-002451,SUP-0042,2026-08-26,GBP,141617.72,RECEIVED
INV-002452,PO-002452,SUP-0084,2026-02-10,EUR,15977.54,RECEIVED
INV-002453,PO-002453,SUP-0009,2026-07-13,EUR,116301.78,RECEIVED
INV-002454,PO-002454,SUP-0039,2026-09-05,GBP,18754.64,RECEIVED
INV-002455,PO-002455,SUP-0102,2026-05-08,GBP,138124.51,RECEIVED
INV-002456,PO-002456,SUP-0025,2026-02-15,USD,142010.99,RECEIVED
INV-002457,PO-002457,SUP-0081,2026-08-16,INR,102697.63,RECEIVED
INV-002458,PO-002458,SUP-0107,2026-05-02,EUR,112279.94,RECEIVED
INV-002459,PO-002459,SUP-0090,2026-07-02,USD,128870.58,RECEIVED
INV-002460,PO-002460,SUP-0005,2026-07-16,USD,64272.4,RECEIVED
INV-002461,PO-002461,SUP-0028,2026-01-15,INR,12849.66,RECEIVED
INV-002462,PO-002462,SUP-0045,2026-09-28,EUR,85792.34,RECEIVED
INV-002463,PO-002463,SUP-0050,2026-05-26,USD,7919.28,RECEIVED
INV-002464,PO-002464,SUP-0023,2026-05-16,EUR,97089.08,RECEIVED
INV-002465,PO-002465,SUP-0086,2026-05-22,GBP,140514.39,RECEIVED
INV-002466,PO-002466,SUP-0064,2026-04-15,EUR,845.22,RECEIVED
INV-002467,PO-002467,SUP-0026,2026-07-20,GBP,74038.72,RECEIVED
INV-002468,PO-002468,SUP-0048,2026-02-07,USD,92833.22,RECEIVED
INV-002469,PO-002469,SUP-0111,2026-05-06,GBP,103518.53,RECEIVED
INV-002470,PO-002470,SUP-0011,2026-03-31,GBP,15998.48,RECEIVED
INV-002471,PO-002471,SUP-0023,2026-05-04,EUR,146164.72,RECEIVED
INV-002472,PO-002472,SUP-0008,2026-03-04,EUR,87922.62,RECEIVED
INV-002473,PO-002473,SUP-0016,2026-02-12,USD,63925.51,RECEIVED
INV-002474,PO-002474,SUP-0014,2026-02-11,INR,138848.52,RECEIVED
INV-002475,PO-002475,SUP-0058,2026-07-11,GBP,37906.0,RECEIVED
INV-002476,PO-002476,SUP-0093,2026-07-25,GBP,19085.67,RECEIVED
INV-002477,PO-002477,SUP-0067,2026-01-26,GBP,120992.83,RECEIVED
INV-002478,PO-002478,SUP-0042,2026-03-28,USD,111654.0,RECEIVED
INV-002479,PO-002479,SUP-0008,2026-03-13,EUR,114949.82,RECEIVED
INV-002480,PO-002480,SUP-0014,2026-04-01,INR,111662.71,RECEIVED
INV-002481,PO-002481,SUP-0080,2026-05-16,INR,1758.98,RECEIVED
INV-002482,PO-002482,SUP-0089,2026-02-22,GBP,45133.85,RECEIVED
INV-002483,PO-002483,SUP-0021,2026-06-13,GBP,52164.76,RECEIVED
INV-002484,PO-002484,SUP-0036,2026-05-23,GBP,49332.97,RECEIVED
INV-002485,PO-002485,SUP-0041,2026-02-10,USD,139018.81,RECEIVED
INV-002486,PO-002486,SUP-0002,2026-02-10,USD,17997.97,RECEIVED
INV-002487,PO-002487,SUP-0046,2026-05-19,USD,38978.74,RECEIVED
INV-002488,PO-002488,SUP-0092,2026-03-26,INR,127463.59,RECEIVED
INV-002489,PO-002489,SUP-0041,2026-05-04,USD,9547.56,RECEIVED
INV-002490,PO-002490,SUP-0015,2026-07-17,EUR,133921.47,RECEIVED
INV-002491,PO-002491,SUP-0112,2026-07-25,EUR,74840.23,RECEIVED
INV-002492,PO-002492,SUP-0040,2026-02-14,USD,62287.58,RECEIVED
INV-002493,PO-002493,SUP-0111,2026-08-26,GBP,119955.11,RECEIVED
INV-002494,PO-002494,SUP-0085,2026-04-28,GBP,51293.67,RECEIVED
INV-002495,PO-002495,SUP-0042,2026-04-06,USD,128542.13,RECEIVED
INV-002496,PO-002496,SUP-0055,2026-09-05,USD,80965.21,RECEIVED
INV-002497,PO-002497,SUP-0108,2026-02-18,USD,51705.48,RECEIVED
INV-002498,PO-002498,SUP-0068,2026-05-19,INR,112927.71,RECEIVED
INV-002499,PO-002499,SUP-0110,2026-08-22,USD,67077.25,RECEIVED
INV-002500,PO-002500,SUP-0119,2026-02-08,INR,145404.87,RECEIVED
INV-002501,PO-002501,SUP-0037,2026-07-06,EUR,124693.2,RECEIVED
INV-002502,PO-002502,SUP-0027,2026-08-20,EUR,51070.47,RECEIVED
INV-002503,PO-002503,SUP-0119,2026-02-15,INR,79431.85,RECEIVED
INV-002504,PO-002504,SUP-0088,2026-03-30,EUR,81373.13,RECEIVED
INV-002505,PO-002505,SUP-0062,2026-08-30,GBP,117248.92,RECEIVED
INV-002506,PO-002506,SUP-0025,2026-07-01,EUR,50384.1,RECEIVED
INV-002507,PO-002507,SUP-0061,2026-05-15,EUR,93919.92,RECEIVED
INV-002508,PO-002508,SUP-0106,2026-03-11,USD,31670.79,RECEIVED
INV-002509,PO-002509,SUP-0117,2026-02-14,INR,96906.78,RECEIVED
INV-002510,PO-002510,SUP-0045,2026-01-26,EUR,98201.9,RECEIVED
INV-002511,PO-002511,SUP-0028,2026-08-16,INR,28738.28,RECEIVED
INV-002512,PO-002512,SUP-0112,2026-05-10,EUR,118656.16,RECEIVED
INV-002513,PO-002513,SUP-0032,2026-03-10,EUR,59488.96,RECEIVED
INV-002514,PO-002514,SUP-0050,2026-02-14,USD,44537.33,RECEIVED
INV-002515,PO-002515,SUP-0059,2026-06-15,GBP,10824.66,RECEIVED
INV-002516,PO-002516,SUP-0080,2026-03-21,INR,120154.42,RECEIVED
INV-002517,PO-002517,SUP-0085,2026-01-31,EUR,132397.77,RECEIVED
INV-002518,PO-002518,SUP-0012,2026-04-07,USD,62520.5,RECEIVED
INV-002519,PO-002519,SUP-0021,2026-08-13,GBP,119935.4,RECEIVED
INV-002520,PO-002520,SUP-0035,2026-09-08,EUR,60727.57,RECEIVED
INV-002521,PO-002521,SUP-0007,2026-09-04,GBP,47716.71,RECEIVED
INV-002522,PO-002522,SUP-0062,2026-06-23,GBP,117178.65,RECEIVED
INV-002523,PO-002523,SUP-0050,2026-07-24,USD,112051.23,RECEIVED
INV-002524,PO-002524,SUP-0010,2026-07-15,INR,117958.41,RECEIVED
INV-002525,PO-002525,SUP-0096,2026-06-28,EUR,145951.85,RECEIVED
INV-002526,PO-002526,SUP-0105,2026-04-04,GBP,66019.11,RECEIVED
INV-002527,PO-002527,SUP-0049,2026-04-28,INR,98180.49,RECEIVED
INV-002528,PO-002528,SUP-0111,2026-07-25,GBP,12989.3,RECEIVED
INV-002529,PO-002529,SUP-0045,2026-07-04,EUR,111516.97,RECEIVED
INV-002530,PO-002530,SUP-0065,2026-05-05,GBP,54707.14,RECEIVED
INV-002531,PO-002531,SUP-0056,2026-05-13,GBP,20118.43,RECEIVED
INV-002532,PO-002532,SUP-0102,2026-03-01,GBP,54675.86,RECEIVED
INV-002533,PO-002533,SUP-0115,2026-02-18,EUR,103202.62,RECEIVED
INV-002534,PO-002534,SUP-0044,2026-08-09,USD,19793.35,RECEIVED
INV-002535,PO-002535,SUP-0029,2026-09-20,USD,50889.12,RECEIVED
INV-002536,PO-002536,SUP-0097,2026-05-04,GBP,105939.66,RECEIVED
INV-002537,PO-002537,SUP-0006,2026-04-14,GBP,92359.44,RECEIVED
INV-002538,PO-002538,SUP-0066,2026-03-20,GBP,127821.68,RECEIVED
INV-002539,PO-002539,SUP-0090,2026-09-01,USD,97690.98,RECEIVED
INV-002540,PO-002540,SUP-0073,2026-05-04,GBP,56257.97,RECEIVED
INV-002541,PO-002541,SUP-0074,2026-03-12,EUR,127389.96,RECEIVED
INV-002542,PO-002542,SUP-0027,2026-06-22,EUR,42771.06,RECEIVED
INV-002543,PO-002543,SUP-0048,2026-06-10,USD,54428.9,RECEIVED
INV-002544,PO-002544,SUP-0016,2026-08-20,USD,93543.11,RECEIVED
INV-002545,PO-002545,SUP-0009,2026-05-06,EUR,87281.34,RECEIVED
INV-002546,PO-002546,SUP-0034,2026-03-14,GBP,76883.79,RECEIVED
INV-002547,PO-002547,SUP-0078,2026-05-03,EUR,146824.65,RECEIVED
INV-002548,PO-002548,SUP-0050,2026-09-02,USD,28859.13,RECEIVED
INV-002549,PO-002549,SUP-0098,2026-04-28,USD,5243.28,RECEIVED
INV-002550,PO-002550,SUP-0069,2026-07-11,EUR,82813.42,RECEIVED
INV-002551,PO-002551,SUP-0079,2026-05-10,INR,2915.12,RECEIVED
INV-002552,PO-002552,SUP-0055,2026-06-03,USD,6495.63,RECEIVED
INV-002553,PO-002553,SUP-0065,2026-05-06,GBP,31171.25,RECEIVED
INV-002554,PO-002554,SUP-0004,2026-06-18,GBP,119672.79,RECEIVED
INV-002555,PO-002555,SUP-0085,2026-09-11,GBP,119513.05,RECEIVED
INV-002556,PO-002556,SUP-0050,2026-02-01,USD,57071.03,RECEIVED
INV-002557,PO-002557,SUP-0094,2026-04-25,USD,26192.81,RECEIVED
INV-002558,PO-002558,SUP-0028,2026-01-27,INR,83862.63,RECEIVED
INV-002559,PO-002559,SUP-0116,2026-06-20,EUR,56883.43,RECEIVED
INV-002560,PO-002560,SUP-0096,2026-04-20,EUR,8888.82,RECEIVED
INV-002561,PO-002561,SUP-0017,2026-08-11,INR,131589.99,RECEIVED
INV-002562,PO-002562,SUP-0070,2026-04-02,INR,94945.14,RECEIVED
INV-002563,PO-002563,SUP-0062,2026-07-19,GBP,38178.66,RECEIVED
INV-002564,PO-002564,SUP-0046,2026-04-20,USD,65487.71,RECEIVED
INV-002565,PO-002565,SUP-0015,2026-06-10,EUR,99499.5,RECEIVED
INV-002566,PO-002566,SUP-0074,2026-05-28,EUR,24721.57,RECEIVED
INV-002567,PO-002567,SUP-0031,2026-08-21,GBP,30831.86,RECEIVED
INV-002568,PO-002568,SUP-0012,2026-03-26,EUR,54380.15,RECEIVED
INV-002569,PO-002569,SUP-0020,2026-05-13,EUR,129335.3,RECEIVED
INV-002570,PO-002570,SUP-0101,2026-06-03,EUR,136107.64,RECEIVED
INV-002571,PO-002571,SUP-0107,2026-04-12,EUR,51302.87,RECEIVED
INV-002572,PO-002572,SUP-0094,2026-08-22,USD,114047.8,RECEIVED
INV-002573,PO-002573,SUP-0044,2026-07-10,USD,139632.19,RECEIVED
INV-002574,PO-002574,SUP-0051,2026-08-27,GBP,116232.11,RECEIVED
INV-002575,PO-002575,SUP-0087,2026-07-22,INR,151179.38,RECEIVED
INV-002576,PO-002576,SUP-0098,2026-04-27,USD,21452.2,RECEIVED
INV-002577,PO-002577,SUP-0113,2026-03-25,INR,107698.78,RECEIVED
INV-002578,PO-002578,SUP-0098,2026-01-22,USD,120970.62,RECEIVED
INV-002579,PO-002579,SUP-0068,2026-09-14,INR,137319.34,RECEIVED
INV-002580,PO-002580,SUP-0082,2026-08-06,GBP,41455.18,RECEIVED
INV-002581,PO-002581,SUP-0003,2026-06-23,EUR,86059.71,RECEIVED
INV-002582,PO-002582,SUP-0045,2026-08-01,EUR,8021.74,RECEIVED
INV-002583,PO-002583,SUP-0015,2026-08-02,EUR,33831.67,RECEIVED
INV-002584,PO-002584,SUP-0084,2026-04-03,EUR,48740.38,RECEIVED
INV-002585,PO-002585,SUP-0013,2026-04-26,INR,38776.11,RECEIVED
INV-002586,PO-002586,SUP-0048,2026-06-24,USD,60626.0,RECEIVED
INV-002587,PO-002587,SUP-0006,2026-05-30,GBP,93416.02,RECEIVED
INV-002588,PO-002588,SUP-0111,2026-06-10,GBP,137214.83,RECEIVED
INV-002589,PO-002589,SUP-0041,2026-03-05,USD,72510.16,RECEIVED
INV-002590,PO-002590,SUP-0113,2026-06-16,INR,124861.01,RECEIVED
INV-002591,PO-002591,SUP-0008,2026-04-11,EUR,18533.37,RECEIVED
INV-002592,PO-002592,SUP-0060,2026-08-04,GBP,130713.48,RECEIVED
INV-002593,PO-002593,SUP-0098,2026-05-22,USD,74053.92,RECEIVED
INV-002594,PO-002594,SUP-0098,2026-03-02,USD,95132.74,RECEIVED
INV-002595,PO-002595,SUP-0008,2026-07-04,EUR,16916.31,RECEIVED
INV-002596,PO-002596,SUP-0036,2026-04-24,GBP,64730.31,RECEIVED
INV-002597,PO-002597,SUP-0089,2026-05-27,GBP,55836.23,RECEIVED
INV-002598,PO-002598,SUP-0003,2026-03-25,EUR,36927.59,RECEIVED
INV-002599,PO-002599,SUP-0077,2026-05-13,EUR,106546.57,RECEIVED
INV-002600,PO-002600,SUP-0008,2026-06-07,EUR,9261.29,RECEIVED
INV-002601,PO-002601,SUP-0087,2026-02-17,INR,89366.13,RECEIVED
INV-002602,PO-002602,SUP-0070,2026-08-06,INR,70629.14,RECEIVED
INV-002603,PO-002603,SUP-0023,2026-03-20,EUR,138129.21,RECEIVED
INV-002604,PO-002604,SUP-0076,2026-01-20,USD,17791.27,RECEIVED
INV-002605,PO-002605,SUP-0009,2026-01-19,EUR,80587.38,RECEIVED
INV-002606,PO-002606,SUP-0085,2026-07-18,EUR,16322.01,RECEIVED
INV-002607,PO-002607,SUP-0091,2026-04-12,USD,121168.78,RECEIVED
INV-002608,PO-002608,SUP-0056,2026-03-20,GBP,89964.56,RECEIVED
INV-002609,PO-002609,SUP-0056,2026-02-05,GBP,93732.82,RECEIVED
INV-002610,PO-002610,SUP-0040,2026-05-20,USD,134523.74,RECEIVED
INV-002611,PO-002611,SUP-0087,2026-04-09,INR,93649.89,RECEIVED
INV-002612,PO-002612,SUP-0072,2026-03-09,EUR,116089.78,RECEIVED
INV-002613,PO-002613,SUP-0074,2026-02-19,EUR,1998.33,RECEIVED
INV-002614,PO-002614,SUP-0074,2026-09-05,EUR,102009.49,RECEIVED
INV-002615,PO-002615,SUP-0031,2026-02-24,GBP,18546.89,RECEIVED
INV-002616,PO-002616,SUP-0016,2026-04-15,EUR,134635.62,RECEIVED
INV-002617,PO-002617,SUP-0073,2026-08-23,GBP,111453.58,RECEIVED
INV-002618,PO-002618,SUP-0006,2026-08-10,GBP,78019.36,RECEIVED
INV-002619,PO-002619,SUP-0047,2026-05-28,INR,66382.48,RECEIVED
INV-002620,PO-002620,SUP-0068,2026-04-16,INR,53133.0,RECEIVED
INV-002621,PO-002621,SUP-0011,2026-03-23,USD,127592.09,RECEIVED
INV-002622,PO-002622,SUP-0062,2026-08-17,GBP,57269.56,RECEIVED
INV-002623,PO-002623,SUP-0084,2026-07-15,EUR,130398.01,RECEIVED
INV-002624,PO-002624,SUP-0020,2026-06-04,EUR,144723.14,RECEIVED
INV-002625,PO-002625,SUP-0006,2026-06-10,GBP,89096.89,RECEIVED
INV-002626,PO-002626,SUP-0063,2026-07-08,INR,74557.06,RECEIVED
INV-002627,PO-002627,SUP-0047,2026-07-02,INR,50291.71,RECEIVED
INV-002628,PO-002628,SUP-0022,2026-07-28,GBP,144948.3,RECEIVED
INV-002629,PO-002629,SUP-0072,2026-03-28,EUR,117416.9,RECEIVED
INV-002630,PO-002630,SUP-0111,2026-07-25,GBP,141439.95,RECEIVED
INV-002631,PO-002631,SUP-0006,2026-06-19,GBP,145300.32,RECEIVED
INV-002632,PO-002632,SUP-0046,2026-04-06,USD,58453.46,RECEIVED
INV-002633,PO-002633,SUP-0063,2026-04-29,INR,118089.4,RECEIVED
INV-002634,PO-002634,SUP-0004,2026-02-10,EUR,57467.7,RECEIVED
INV-002635,PO-002635,SUP-0051,2026-02-13,GBP,29647.77,RECEIVED
INV-002636,PO-002636,SUP-0109,2026-08-05,EUR,89714.74,RECEIVED
INV-002637,PO-002637,SUP-0105,2026-02-13,GBP,140382.84,RECEIVED
INV-002638,PO-002638,SUP-0056,2026-07-21,GBP,102936.95,RECEIVED
INV-002639,PO-002639,SUP-0009,2026-04-10,EUR,126540.9,RECEIVED
INV-002640,PO-002640,SUP-0038,2026-05-18,INR,46755.21,RECEIVED
INV-002641,PO-002641,SUP-0029,2026-07-05,USD,48352.64,RECEIVED
INV-002642,PO-002642,SUP-0051,2026-07-20,GBP,56890.48,RECEIVED
INV-002643,PO-002643,SUP-0083,2026-03-13,INR,59003.63,RECEIVED
INV-002644,PO-002644,SUP-0092,2026-05-01,INR,129122.02,RECEIVED
INV-002645,PO-002645,SUP-0013,2026-04-03,INR,16221.51,RECEIVED
INV-002646,PO-002646,SUP-0083,2026-07-24,INR,22232.39,RECEIVED
INV-002647,PO-002647,SUP-0114,2026-08-25,EUR,34491.59,RECEIVED
INV-002648,PO-002648,SUP-0015,2026-09-14,EUR,44667.42,RECEIVED
INV-002649,PO-002649,SUP-0002,2026-01-17,USD,22199.53,RECEIVED
INV-002650,PO-002650,SUP-0034,2026-01-25,GBP,96924.12,RECEIVED
INV-002651,PO-002651,SUP-0022,2026-04-26,GBP,25885.06,RECEIVED
INV-002652,PO-002652,SUP-0004,2026-04-21,EUR,138952.72,RECEIVED
INV-002653,PO-002653,SUP-0025,2026-03-24,USD,113393.81,RECEIVED
INV-002654,PO-002654,SUP-0056,2026-03-03,GBP,121921.87,RECEIVED
INV-002655,PO-002655,SUP-0118,2026-01-22,USD,111829.49,RECEIVED
INV-002656,PO-002656,SUP-0098,2026-03-18,USD,36143.38,RECEIVED
INV-002657,PO-002657,SUP-0100,2026-03-05,EUR,79747.47,RECEIVED
INV-002658,PO-002658,SUP-0029,2026-07-24,USD,100776.25,RECEIVED
INV-002659,PO-002659,SUP-0082,2026-05-11,GBP,118866.28,RECEIVED
INV-002660,PO-002660,SUP-0109,2026-09-15,EUR,15681.68,RECEIVED
INV-002661,PO-002661,SUP-0045,2026-01-17,EUR,127524.47,RECEIVED
INV-002662,PO-002662,SUP-0041,2026-07-06,USD,24943.11,RECEIVED
INV-002663,PO-002663,SUP-0097,2026-02-26,GBP,101620.23,RECEIVED
INV-002664,PO-002664,SUP-0119,2026-02-08,INR,102941.58,RECEIVED
INV-002665,PO-002665,SUP-0011,2026-01-17,USD,139924.8,RECEIVED
INV-002666,PO-002666,SUP-0024,2026-05-21,USD,112528.23,RECEIVED
INV-002667,PO-002667,SUP-0045,2026-08-02,EUR,18338.3,RECEIVED
INV-002668,PO-002668,SUP-0027,2026-05-16,EUR,81032.31,RECEIVED
INV-002669,PO-002669,SUP-0042,2026-05-17,USD,60662.32,RECEIVED
INV-002670,PO-002670,SUP-0006,2026-04-13,GBP,82277.68,RECEIVED
INV-002671,PO-002671,SUP-0056,2026-05-27,GBP,31181.2,RECEIVED
INV-002672,PO-002672,SUP-0011,2026-06-02,USD,29674.44,RECEIVED
INV-002673,PO-002673,SUP-0095,2026-05-17,GBP,111791.69,RECEIVED
INV-002674,PO-002674,SUP-0075,2026-08-03,GBP,71852.95,RECEIVED
INV-002675,PO-002675,SUP-0114,2026-06-21,EUR,73363.65,RECEIVED
INV-002676,PO-002676,SUP-0024,2026-07-14,GBP,75826.04,RECEIVED
INV-002677,PO-002677,SUP-0009,2026-02-01,EUR,97923.7,RECEIVED
INV-002678,PO-002678,SUP-0117,2026-05-19,INR,76567.41,RECEIVED
INV-002679,PO-002679,SUP-0078,2026-09-06,EUR,95313.3,RECEIVED
INV-002680,PO-002680,SUP-0013,2026-05-07,INR,86039.84,RECEIVED
INV-002681,PO-002681,SUP-0111,2026-04-11,GBP,65056.35,RECEIVED
INV-002682,PO-002682,SUP-0011,2026-07-12,USD,147551.9,RECEIVED
INV-002683,PO-002683,SUP-0005,2026-08-03,USD,63264.36,RECEIVED
INV-002684,PO-002684,SUP-0091,2026-04-21,USD,83821.1,RECEIVED
INV-002685,PO-002685,SUP-0029,2026-06-07,USD,68206.56,RECEIVED
INV-002686,PO-002686,SUP-0070,2026-03-17,INR,113908.2,RECEIVED
INV-002687,PO-002687,SUP-0001,2026-04-27,EUR,124974.34,RECEIVED
INV-002688,PO-002688,SUP-0076,2026-02-05,USD,33807.62,RECEIVED
INV-002689,PO-002689,SUP-0081,2026-04-25,INR,91836.41,RECEIVED
INV-002690,PO-002690,SUP-0087,2026-08-13,INR,55387.73,RECEIVED
INV-002691,PO-002691,SUP-0039,2026-03-03,GBP,95372.96,RECEIVED
INV-002692,PO-002692,SUP-0008,2026-04-12,EUR,72087.32,RECEIVED
INV-002693,PO-002693,SUP-0119,2026-08-07,INR,17907.23,RECEIVED
INV-002694,PO-002694,SUP-0011,2026-03-23,USD,34906.4,RECEIVED
INV-002695,PO-002695,SUP-0105,2026-07-05,GBP,105812.25,RECEIVED
INV-002696,PO-002696,SUP-0057,2026-04-23,GBP,16242.06,RECEIVED
INV-002697,PO-002697,SUP-0111,2026-02-26,GBP,98415.73,RECEIVED
INV-002698,PO-002698,SUP-0088,2026-02-11,EUR,118766.49,RECEIVED
INV-002699,PO-002699,SUP-0032,2026-05-07,USD,96274.93,RECEIVED
INV-002700,PO-002700,SUP-0062,2026-05-20,GBP,91127.79,RECEIVED
INV-002701,PO-002701,SUP-0061,2026-04-05,EUR,117029.86,RECEIVED
INV-002702,PO-002702,SUP-0119,2026-05-08,INR,126148.03,RECEIVED
INV-002703,PO-002703,SUP-0039,2026-06-11,GBP,104058.87,RECEIVED
INV-002704,PO-002704,SUP-0102,2026-03-22,GBP,70236.49,RECEIVED
INV-002705,PO-002705,SUP-0036,2026-05-05,INR,47982.06,RECEIVED
INV-002706,PO-002706,SUP-0113,2026-03-10,INR,47464.85,RECEIVED
INV-002707,PO-002707,SUP-0059,2026-09-11,GBP,108077.1,RECEIVED
INV-002708,PO-002708,SUP-0028,2026-04-24,INR,59356.61,RECEIVED
INV-002709,PO-002709,SUP-0098,2026-03-05,USD,118772.51,RECEIVED
INV-002710,PO-002710,SUP-0004,2026-05-04,EUR,59777.79,RECEIVED
INV-002711,PO-002711,SUP-0116,2026-08-20,EUR,11900.39,RECEIVED
INV-002712,PO-002712,SUP-0110,2026-04-18,USD,4369.55,RECEIVED
INV-002713,PO-002713,SUP-0042,2026-07-29,GBP,120327.78,RECEIVED
INV-002714,PO-002714,SUP-0071,2026-04-07,INR,119580.38,RECEIVED
INV-002715,PO-002715,SUP-0114,2026-07-20,EUR,27499.46,RECEIVED
INV-002716,PO-002716,SUP-0095,2026-05-27,INR,101474.92,RECEIVED
INV-002717,PO-002717,SUP-0113,2026-08-30,INR,27435.09,RECEIVED
INV-002718,PO-002718,SUP-0102,2026-08-24,GBP,11411.1,RECEIVED
INV-002719,PO-002719,SUP-0003,2026-07-09,EUR,131602.14,RECEIVED
INV-002720,PO-002720,SUP-0080,2026-08-02,INR,88984.5,RECEIVED
INV-002721,PO-002721,SUP-0008,2026-08-04,EUR,136696.67,RECEIVED
INV-002722,PO-002722,SUP-0064,2026-01-28,EUR,132137.12,RECEIVED
INV-002723,PO-002723,SUP-0021,2026-03-02,GBP,4253.67,RECEIVED
INV-002724,PO-002724,SUP-0078,2026-03-20,EUR,11210.2,RECEIVED
INV-002725,PO-002725,SUP-0068,2026-07-24,INR,132162.95,RECEIVED
INV-002726,PO-002726,SUP-0110,2026-04-18,USD,113502.89,RECEIVED
INV-002727,PO-002727,SUP-0007,2026-07-24,GBP,20257.56,RECEIVED
INV-002728,PO-002728,SUP-0033,2026-05-20,USD,28926.43,RECEIVED
INV-002729,PO-002729,SUP-0088,2026-04-04,EUR,95499.91,RECEIVED
INV-002730,PO-002730,SUP-0008,2026-07-27,EUR,59935.79,RECEIVED
INV-002731,PO-002731,SUP-0082,2026-05-07,GBP,99511.94,RECEIVED
INV-002732,PO-002732,SUP-0002,2026-01-28,USD,110608.33,RECEIVED
INV-002733,PO-002733,SUP-0104,2026-09-02,GBP,56943.74,RECEIVED
INV-002734,PO-002734,SUP-0018,2026-02-25,USD,127769.76,RECEIVED
INV-002735,PO-002735,SUP-0070,2026-01-24,INR,9464.47,RECEIVED
INV-002736,PO-002736,SUP-0093,2026-07-14,GBP,16157.51,RECEIVED
INV-002737,PO-002737,SUP-0112,2026-07-02,EUR,88566.01,RECEIVED
INV-002738,PO-002738,SUP-0025,2026-09-01,EUR,32199.01,RECEIVED
INV-002739,PO-002739,SUP-0034,2026-04-29,GBP,30746.93,RECEIVED
INV-002740,PO-002740,SUP-0065,2026-02-06,GBP,71467.66,RECEIVED
INV-002741,PO-002741,SUP-0008,2026-04-24,EUR,102372.05,RECEIVED
INV-002742,PO-002742,SUP-0020,2026-06-04,EUR,30695.49,RECEIVED
INV-002743,PO-002743,SUP-0069,2026-06-04,EUR,96894.38,RECEIVED
INV-002744,PO-002744,SUP-0119,2026-06-21,INR,87649.76,RECEIVED
INV-002745,PO-002745,SUP-0087,2026-07-30,INR,97090.82,RECEIVED
INV-002746,PO-002746,SUP-0054,2026-07-24,INR,14174.0,RECEIVED
INV-002747,PO-002747,SUP-0095,2026-04-22,GBP,108086.11,RECEIVED
INV-002748,PO-002748,SUP-0068,2026-07-31,INR,149439.11,RECEIVED
INV-002749,PO-002749,SUP-0053,2026-05-23,EUR,45562.48,RECEIVED
INV-002750,PO-002750,SUP-0054,2026-05-29,INR,106578.77,RECEIVED
INV-002751,PO-002751,SUP-0017,2026-04-28,INR,147429.11,RECEIVED
INV-002752,PO-002752,SUP-0052,2026-09-27,EUR,114499.91,RECEIVED
INV-002753,PO-002753,SUP-0081,2026-04-26,USD,39452.31,RECEIVED
INV-002754,PO-002754,SUP-0046,2026-03-13,USD,102601.07,RECEIVED
INV-002755,PO-002755,SUP-0026,2026-06-19,GBP,43279.52,RECEIVED
INV-002756,PO-002756,SUP-0113,2026-08-04,INR,37623.61,RECEIVED
INV-002757,PO-002757,SUP-0081,2026-08-19,INR,86757.73,RECEIVED
INV-002758,PO-002758,SUP-0118,2026-05-03,USD,97252.62,RECEIVED
INV-002759,PO-002759,SUP-0002,2026-07-01,USD,29248.72,RECEIVED
INV-002760,PO-002760,SUP-0005,2026-07-29,USD,84974.24,RECEIVED
INV-002761,PO-002761,SUP-0071,2026-04-08,INR,87152.35,RECEIVED
INV-002762,PO-002762,SUP-0001,2026-04-28,EUR,139197.46,RECEIVED
INV-002763,PO-002763,SUP-0002,2026-01-26,USD,9681.41,RECEIVED
INV-002764,PO-002764,SUP-0059,2026-06-30,GBP,99641.42,RECEIVED
INV-002765,PO-002765,SUP-0026,2026-07-08,GBP,98423.8,RECEIVED
INV-002766,PO-002766,SUP-0084,2026-03-25,EUR,60300.35,RECEIVED
INV-002767,PO-002767,SUP-0042,2026-04-16,GBP,31589.47,RECEIVED
INV-002768,PO-002768,SUP-0088,2026-03-31,EUR,49580.65,RECEIVED
INV-002769,PO-002769,SUP-0066,2026-04-19,GBP,117588.71,RECEIVED
INV-002770,PO-002770,SUP-0082,2026-04-06,GBP,68796.27,RECEIVED
INV-002771,PO-002771,SUP-0058,2026-07-06,GBP,22455.48,RECEIVED
INV-002772,PO-002772,SUP-0015,2026-07-31,EUR,32054.05,RECEIVED
INV-002773,PO-002773,SUP-0089,2026-08-14,GBP,64032.98,RECEIVED
INV-002774,PO-002774,SUP-0005,2026-04-06,USD,40421.68,RECEIVED
INV-002775,PO-002775,SUP-0059,2026-03-26,GBP,147621.05,RECEIVED
INV-002776,PO-002776,SUP-0066,2026-06-19,GBP,48904.13,RECEIVED
INV-002777,PO-002777,SUP-0007,2026-04-26,GBP,53176.42,RECEIVED
INV-002778,PO-002778,SUP-0037,2026-07-22,EUR,105022.88,RECEIVED
INV-002779,PO-002779,SUP-0006,2026-06-13,GBP,136472.18,RECEIVED
INV-002780,PO-002780,SUP-0026,2026-09-02,GBP,131265.51,RECEIVED
INV-002781,PO-002781,SUP-0011,2026-09-05,GBP,16637.71,RECEIVED
INV-002782,PO-002782,SUP-0033,2026-07-15,USD,46212.1,RECEIVED
INV-002783,PO-002783,SUP-0011,2026-06-19,USD,48051.04,RECEIVED
INV-002784,PO-002784,SUP-0069,2026-05-15,EUR,86197.23,RECEIVED
INV-002785,PO-002785,SUP-0030,2026-06-07,GBP,78005.15,RECEIVED
INV-002786,PO-002786,SUP-0042,2026-03-19,USD,26877.94,RECEIVED
INV-002787,PO-002787,SUP-0010,2026-07-30,INR,57789.85,RECEIVED
INV-002788,PO-002788,SUP-0017,2026-01-15,INR,144362.51,RECEIVED
INV-002789,PO-002789,SUP-0082,2026-07-05,GBP,120801.52,RECEIVED
INV-002790,PO-002790,SUP-0093,2026-03-27,GBP,101862.43,RECEIVED
INV-002791,PO-002791,SUP-0050,2026-06-24,USD,132601.74,RECEIVED
INV-002792,PO-002792,SUP-0103,2026-01-19,GBP,114694.58,RECEIVED
INV-002793,PO-002793,SUP-0084,2026-05-15,EUR,54886.69,RECEIVED
INV-002794,PO-002794,SUP-0029,2026-05-02,USD,142528.38,RECEIVED
INV-002795,PO-002795,SUP-0079,2026-04-14,INR,79716.3,RECEIVED
INV-002796,PO-002796,SUP-0106,2026-09-22,USD,78931.52,RECEIVED
INV-002797,PO-002797,SUP-0004,2026-04-30,GBP,121192.08,RECEIVED
INV-002798,PO-002798,SUP-0022,2026-03-06,GBP,6798.56,RECEIVED
INV-002799,PO-002799,SUP-0074,2026-09-10,EUR,6058.19,RECEIVED
INV-002800,PO-002800,SUP-0053,2026-03-22,EUR,795.84,RECEIVED
INV-002801,PO-002801,SUP-0100,2026-01-19,EUR,4570.79,RECEIVED
INV-002802,PO-002802,SUP-0108,2026-06-12,USD,14834.47,RECEIVED
INV-002803,PO-002803,SUP-0103,2026-04-16,GBP,8872.68,RECEIVED
INV-002804,PO-002804,SUP-0017,2026-03-14,INR,136529.62,RECEIVED
INV-002805,PO-002805,SUP-0070,2026-07-31,INR,45458.37,RECEIVED
INV-002806,PO-002806,SUP-0110,2026-02-28,USD,78545.55,RECEIVED
INV-002807,PO-002807,SUP-0019,2026-07-15,EUR,4597.27,RECEIVED
INV-002808,PO-002808,SUP-0022,2026-04-11,GBP,138704.08,RECEIVED
INV-002809,PO-002809,SUP-0116,2026-01-22,EUR,42291.52,RECEIVED
INV-002810,PO-002810,SUP-0027,2026-06-06,EUR,96767.92,RECEIVED
INV-002811,PO-002811,SUP-0075,2026-04-24,GBP,84428.23,RECEIVED
INV-002812,PO-002812,SUP-0072,2026-07-09,EUR,122101.44,RECEIVED
INV-002813,PO-002813,SUP-0082,2026-06-07,GBP,20888.6,RECEIVED
INV-002814,PO-002814,SUP-0085,2026-05-30,GBP,63421.69,RECEIVED
INV-002815,PO-002815,SUP-0073,2026-04-06,GBP,72838.98,RECEIVED
INV-002816,PO-002816,SUP-0035,2026-02-12,GBP,146758.45,RECEIVED
INV-002817,PO-002817,SUP-0043,2026-08-22,GBP,140414.05,RECEIVED
INV-002818,PO-002818,SUP-0096,2026-02-24,EUR,148713.83,RECEIVED
INV-002819,PO-002819,SUP-0059,2026-07-15,GBP,6449.08,RECEIVED
INV-002820,PO-002820,SUP-0099,2026-04-28,USD,59063.46,RECEIVED
INV-002821,PO-002821,SUP-0075,2026-08-06,GBP,8669.41,RECEIVED
INV-002822,PO-002822,SUP-0010,2026-05-18,INR,6495.08,RECEIVED
INV-002823,PO-002823,SUP-0066,2026-06-17,GBP,47816.36,RECEIVED
INV-002824,PO-002824,SUP-0120,2026-05-14,INR,8236.69,RECEIVED
INV-002825,PO-002825,SUP-0014,2026-03-03,INR,18063.53,RECEIVED
INV-002826,PO-002826,SUP-0051,2026-07-08,GBP,128622.6,RECEIVED
INV-002827,PO-002827,SUP-0045,2026-02-06,EUR,127479.08,RECEIVED
INV-002828,PO-002828,SUP-0093,2026-07-20,GBP,91651.6,RECEIVED
INV-002829,PO-002829,SUP-0099,2026-08-21,USD,9308.78,RECEIVED
INV-002830,PO-002830,SUP-0085,2026-08-19,GBP,118971.86,RECEIVED
INV-002831,PO-002831,SUP-0069,2026-07-08,EUR,89485.01,RECEIVED
INV-002832,PO-002832,SUP-0067,2026-07-21,USD,58119.36,RECEIVED
INV-002833,PO-002833,SUP-0033,2026-05-26,USD,91647.09,RECEIVED
INV-002834,PO-002834,SUP-0011,2026-06-22,USD,25014.35,RECEIVED
INV-002835,PO-002835,SUP-0080,2026-08-12,INR,85413.94,RECEIVED
INV-002836,PO-002836,SUP-0046,2026-05-20,USD,97015.93,RECEIVED
INV-002837,PO-002837,SUP-0119,2026-04-11,INR,120097.77,RECEIVED
INV-002838,PO-002838,SUP-0051,2026-04-20,GBP,2421.3,RECEIVED
INV-002839,PO-002839,SUP-0098,2026-07-31,USD,134789.2,RECEIVED
INV-002840,PO-002840,SUP-0057,2026-06-02,GBP,125111.8,RECEIVED
INV-002841,PO-002841,SUP-0003,2026-04-16,EUR,28647.13,RECEIVED
INV-002842,PO-002842,SUP-0117,2026-06-29,INR,9303.74,RECEIVED
INV-002843,PO-002843,SUP-0001,2026-02-18,EUR,8979.81,RECEIVED
INV-002844,PO-002844,SUP-0015,2026-03-08,EUR,95284.89,RECEIVED
INV-002845,PO-002845,SUP-0063,2026-02-27,INR,133050.38,RECEIVED
INV-002846,PO-002846,SUP-0040,2026-09-07,USD,90083.91,RECEIVED
INV-002847,PO-002847,SUP-0060,2026-02-07,GBP,65013.35,RECEIVED
INV-002848,PO-002848,SUP-0116,2026-07-24,EUR,79794.99,RECEIVED
INV-002849,PO-002849,SUP-0072,2026-05-08,EUR,13096.66,RECEIVED
INV-002850,PO-002850,SUP-0100,2026-07-02,EUR,46241.06,RECEIVED
INV-002851,PO-002851,SUP-0022,2026-06-11,GBP,140556.63,RECEIVED
INV-002852,PO-002852,SUP-0063,2026-08-06,INR,1177.13,RECEIVED
INV-002853,PO-002853,SUP-0065,2026-05-31,GBP,101812.2,RECEIVED
INV-002854,PO-002854,SUP-0090,2026-07-01,USD,99024.95,RECEIVED
INV-002855,PO-002855,SUP-0038,2026-02-09,INR,21048.17,RECEIVED
INV-002856,PO-002856,SUP-0006,2026-08-03,GBP,79265.27,RECEIVED
INV-002857,PO-002857,SUP-0066,2026-03-02,GBP,116921.57,RECEIVED
INV-002858,PO-002858,SUP-0106,2026-06-22,USD,106792.78,RECEIVED
INV-002859,PO-002859,SUP-0028,2026-02-06,INR,40733.96,RECEIVED
INV-002860,PO-002860,SUP-0044,2026-05-25,USD,79360.42,RECEIVED
INV-002861,PO-002861,SUP-0040,2026-08-24,USD,108991.87,RECEIVED
INV-002862,PO-002862,SUP-0032,2026-05-27,EUR,72041.87,RECEIVED
INV-002863,PO-002863,SUP-0083,2026-05-18,INR,122858.27,RECEIVED
INV-002864,PO-002864,SUP-0075,2026-06-29,GBP,67616.68,RECEIVED
INV-002865,PO-002865,SUP-0111,2026-04-17,GBP,75896.92,RECEIVED
INV-002866,PO-002866,SUP-0022,2026-02-03,GBP,41247.66,RECEIVED
INV-002867,PO-002867,SUP-0040,2026-09-01,USD,127163.93,RECEIVED
INV-002868,PO-002868,SUP-0090,2026-05-17,USD,79011.1,RECEIVED
INV-002869,PO-002869,SUP-0044,2026-03-01,USD,125915.02,RECEIVED
INV-002870,PO-002870,SUP-0026,2026-04-01,GBP,3497.85,RECEIVED
INV-002871,PO-002871,SUP-0111,2026-05-17,GBP,25857.6,RECEIVED
INV-002872,PO-002872,SUP-0014,2026-08-24,INR,66746.8,RECEIVED
INV-002873,PO-002873,SUP-0038,2026-03-17,INR,116708.55,RECEIVED
INV-002874,PO-002874,SUP-0106,2026-01-25,USD,66970.04,RECEIVED
INV-002875,PO-002875,SUP-0045,2026-01-29,EUR,128359.83,RECEIVED
INV-002876,PO-002876,SUP-0058,2026-07-23,GBP,128445.56,RECEIVED
INV-002877,PO-002877,SUP-0048,2026-03-09,USD,6646.35,RECEIVED
INV-002878,PO-002878,SUP-0056,2026-03-24,GBP,63193.83,RECEIVED
INV-002879,PO-002879,SUP-0036,2026-09-01,INR,148841.36,RECEIVED
INV-002880,PO-002880,SUP-0083,2026-02-15,INR,64914.56,RECEIVED
INV-002881,PO-002881,SUP-0066,2026-08-09,GBP,89010.79,RECEIVED
INV-002882,PO-002882,SUP-0055,2026-04-28,USD,84042.26,RECEIVED
INV-002883,PO-002883,SUP-0001,2026-05-21,EUR,39667.5,RECEIVED
INV-002884,PO-002884,SUP-0043,2026-06-22,GBP,111001.71,RECEIVED
INV-002885,PO-002885,SUP-0077,2026-08-10,EUR,148683.18,RECEIVED
INV-002886,PO-002886,SUP-0083,2026-04-03,INR,143162.37,RECEIVED
INV-002887,PO-002887,SUP-0101,2026-01-11,EUR,135205.8,RECEIVED
INV-002888,PO-002888,SUP-0115,2026-08-05,EUR,62744.8,RECEIVED
INV-002889,PO-002889,SUP-0005,2026-04-21,USD,29868.88,RECEIVED
INV-002890,PO-002890,SUP-0096,2026-08-30,EUR,46585.52,RECEIVED
INV-002891,PO-002891,SUP-0021,2026-02-09,GBP,126587.26,RECEIVED
INV-002892,PO-002892,SUP-0057,2026-07-05,INR,130172.87,RECEIVED
INV-002893,PO-002893,SUP-0019,2026-02-13,EUR,149494.37,RECEIVED
INV-002894,PO-002894,SUP-0028,2026-05-09,INR,31319.46,RECEIVED
INV-002895,PO-002895,SUP-0089,2026-05-29,INR,38175.34,RECEIVED
INV-002896,PO-002896,SUP-0045,2026-09-17,EUR,41433.13,RECEIVED
INV-002897,PO-002897,SUP-0010,2026-08-18,INR,5505.49,RECEIVED
INV-002898,PO-002898,SUP-0042,2026-07-11,USD,86041.67,RECEIVED
INV-002899,PO-002899,SUP-0085,2026-02-20,EUR,50332.37,RECEIVED
INV-002900,PO-002900,SUP-0114,2026-05-25,EUR,145443.53,RECEIVED
INV-002901,PO-002901,SUP-0001,2026-02-02,EUR,25122.2,RECEIVED
INV-002902,PO-002902,SUP-0084,2026-09-06,EUR,37237.72,RECEIVED
INV-002903,PO-002903,SUP-0103,2026-07-17,GBP,73256.6,RECEIVED
INV-002904,PO-002904,SUP-0051,2026-04-29,GBP,142917.4,RECEIVED
INV-002905,PO-002905,SUP-0075,2026-09-17,GBP,143642.79,RECEIVED
INV-002906,PO-002906,SUP-0017,2026-03-11,INR,40041.09,RECEIVED
INV-002907,PO-002907,SUP-0041,2026-07-06,USD,97354.99,RECEIVED
INV-002908,PO-002908,SUP-0098,2026-02-22,USD,108389.16,RECEIVED
INV-002909,PO-002909,SUP-0029,2026-01-20,USD,17777.4,RECEIVED
INV-002910,PO-002910,SUP-0011,2026-04-07,USD,70013.38,RECEIVED
INV-002911,PO-002911,SUP-0115,2026-05-13,EUR,4018.81,RECEIVED
INV-002912,PO-002912,SUP-0045,2026-09-06,EUR,67451.17,RECEIVED
INV-002913,PO-002913,SUP-0117,2026-07-11,INR,129605.28,RECEIVED
INV-002914,PO-002914,SUP-0120,2026-07-16,INR,31186.4,RECEIVED
INV-002915,PO-002915,SUP-0095,2026-04-18,INR,101892.18,RECEIVED
INV-002916,PO-002916,SUP-0042,2026-09-25,GBP,138390.87,RECEIVED
INV-002917,PO-002917,SUP-0052,2026-07-29,EUR,126158.71,RECEIVED
INV-002918,PO-002918,SUP-0081,2026-02-21,INR,133401.28,RECEIVED
INV-002919,PO-002919,SUP-0057,2026-04-20,INR,58764.7,RECEIVED
INV-002920,PO-002920,SUP-0038,2026-05-28,INR,43589.5,RECEIVED
INV-002921,PO-002921,SUP-0036,2026-04-30,GBP,99450.44,RECEIVED
INV-002922,PO-002922,SUP-0107,2026-07-05,EUR,96165.0,RECEIVED
INV-002923,PO-002923,SUP-0023,2026-06-14,EUR,26723.76,RECEIVED
INV-002924,PO-002924,SUP-0082,2026-05-19,GBP,48447.2,RECEIVED
INV-002925,PO-002925,SUP-0054,2026-08-25,GBP,85840.01,RECEIVED
INV-002926,PO-002926,SUP-0074,2026-03-07,EUR,146149.27,RECEIVED
INV-002927,PO-002927,SUP-0017,2026-05-01,INR,37881.73,RECEIVED
INV-002928,PO-002928,SUP-0005,2026-05-11,USD,60884.74,RECEIVED
INV-002929,PO-002929,SUP-0076,2026-08-20,USD,86698.63,RECEIVED
INV-002930,PO-002930,SUP-0011,2026-09-09,GBP,68586.83,RECEIVED
INV-002931,PO-002931,SUP-0022,2026-02-06,GBP,12765.2,RECEIVED
INV-002932,PO-002932,SUP-0119,2026-03-13,INR,31950.91,RECEIVED
INV-002933,PO-002933,SUP-0005,2026-08-18,USD,16891.85,RECEIVED
INV-002934,PO-002934,SUP-0079,2026-04-17,INR,71300.35,RECEIVED
INV-002935,PO-002935,SUP-0034,2026-01-27,GBP,88256.61,RECEIVED
INV-002936,PO-002936,SUP-0031,2026-08-18,GBP,28433.21,RECEIVED
INV-002937,PO-002937,SUP-0063,2026-08-17,INR,17746.09,RECEIVED
INV-002938,PO-002938,SUP-0113,2026-09-13,INR,52548.58,RECEIVED
INV-002939,PO-002939,SUP-0012,2026-05-18,USD,56467.83,RECEIVED
INV-002940,PO-002940,SUP-0075,2026-03-23,GBP,149563.54,RECEIVED
INV-002941,PO-002941,SUP-0028,2026-08-31,INR,95508.69,RECEIVED
INV-002942,PO-002942,SUP-0076,2026-04-23,USD,50717.28,RECEIVED
INV-002943,PO-002943,SUP-0002,2026-07-01,USD,61670.25,RECEIVED
INV-002944,PO-002944,SUP-0058,2026-05-25,GBP,124261.06,RECEIVED
INV-002945,PO-002945,SUP-0021,2026-08-10,GBP,62779.87,RECEIVED
INV-002946,PO-002946,SUP-0023,2026-08-14,EUR,148824.15,RECEIVED
INV-002947,PO-002947,SUP-0004,2026-06-09,GBP,80371.84,RECEIVED
INV-002948,PO-002948,SUP-0034,2026-04-21,GBP,73534.63,RECEIVED
INV-002949,PO-002949,SUP-0011,2026-04-04,USD,122314.55,RECEIVED
INV-002950,PO-002950,SUP-0052,2026-08-12,EUR,46071.46,RECEIVED
INV-002951,PO-002951,SUP-0117,2026-06-30,INR,1070.91,RECEIVED
INV-002952,PO-002952,SUP-0111,2026-08-03,GBP,61913.08,RECEIVED
INV-002953,PO-002953,SUP-0018,2026-04-29,USD,41573.45,RECEIVED
INV-002954,PO-002954,SUP-0020,2026-03-24,EUR,18386.31,RECEIVED
INV-002955,PO-002955,SUP-0027,2026-05-02,EUR,49336.13,RECEIVED
INV-002956,PO-002956,SUP-0031,2026-05-24,GBP,15617.67,RECEIVED
INV-002957,PO-002957,SUP-0087,2026-09-03,INR,149999.17,RECEIVED
INV-002958,PO-002958,SUP-0116,2026-04-27,EUR,45752.67,RECEIVED
INV-002959,PO-002959,SUP-0087,2026-06-05,INR,143145.87,RECEIVED
INV-002960,PO-002960,SUP-0078,2026-02-20,EUR,138082.01,RECEIVED
INV-002961,PO-002961,SUP-0060,2026-09-05,GBP,58211.45,RECEIVED
INV-002962,PO-002962,SUP-0029,2026-07-12,USD,3465.87,RECEIVED
INV-002963,PO-002963,SUP-0080,2026-03-07,INR,148097.8,RECEIVED
INV-002964,PO-002964,SUP-0002,2026-07-01,USD,123189.68,RECEIVED
INV-002965,PO-002965,SUP-0007,2026-06-15,GBP,131020.39,RECEIVED
INV-002966,PO-002966,SUP-0087,2026-03-20,INR,76663.19,RECEIVED
INV-002967,PO-002967,SUP-0115,2026-03-19,EUR,140054.77,RECEIVED
INV-002968,PO-002968,SUP-0066,2026-05-24,GBP,139710.29,RECEIVED
INV-002969,PO-002969,SUP-0064,2026-01-30,EUR,69488.1,RECEIVED
INV-002970,PO-002970,SUP-0053,2026-08-21,EUR,120416.6,RECEIVED
INV-002971,PO-002971,SUP-0039,2026-02-01,GBP,47178.66,RECEIVED
INV-002972,PO-002972,SUP-0034,2026-04-16,GBP,3877.22,RECEIVED
INV-002973,PO-002973,SUP-0120,2026-02-13,USD,144726.52,RECEIVED
INV-002974,PO-002974,SUP-0035,2026-08-05,GBP,111194.28,RECEIVED
INV-002975,PO-002975,SUP-0007,2026-08-15,GBP,47997.58,RECEIVED
INV-002976,PO-002976,SUP-0006,2026-08-11,GBP,110544.7,RECEIVED
INV-002977,PO-002977,SUP-0090,2026-04-12,USD,56823.15,RECEIVED
INV-002978,PO-002978,SUP-0072,2026-08-02,EUR,8433.63,RECEIVED
INV-002979,PO-002979,SUP-0032,2026-09-29,EUR,139931.97,RECEIVED
INV-002980,PO-002980,SUP-0073,2026-03-25,GBP,10520.78,RECEIVED
INV-002981,PO-002981,SUP-0113,2026-04-02,INR,117459.42,RECEIVED
INV-002982,PO-002982,SUP-0090,2026-02-15,USD,46271.65,RECEIVED
INV-002983,PO-002983,SUP-0034,2026-01-07,GBP,91277.1,RECEIVED
INV-002984,PO-002984,SUP-0082,2026-02-09,GBP,57750.38,RECEIVED
INV-002985,PO-002985,SUP-0086,2026-08-30,GBP,27111.76,RECEIVED
INV-002986,PO-002986,SUP-0071,2026-05-09,INR,89397.75,RECEIVED
INV-002987,PO-002987,SUP-0096,2026-06-12,EUR,11628.78,RECEIVED
INV-002988,PO-002988,SUP-0008,2026-09-22,EUR,112981.45,RECEIVED
INV-002989,PO-002989,SUP-0008,2026-06-06,EUR,114513.61,RECEIVED
INV-002990,PO-002990,SUP-0107,2026-03-06,EUR,135962.14,RECEIVED
INV-002991,PO-002991,SUP-0051,2026-01-30,GBP,87218.01,RECEIVED
INV-002992,PO-002992,SUP-0097,2026-07-28,GBP,83568.35,RECEIVED
INV-002993,PO-002993,SUP-0063,2026-04-22,INR,18082.92,RECEIVED
INV-002994,PO-002994,SUP-0112,2026-04-19,EUR,75710.39,RECEIVED
INV-002995,PO-002995,SUP-0089,2026-03-12,GBP,76329.1,RECEIVED
INV-002996,PO-002996,SUP-0015,2026-08-02,EUR,116423.93,RECEIVED
INV-002997,PO-002997,SUP-0113,2026-09-05,INR,74145.1,RECEIVED
INV-002998,PO-002998,SUP-0077,2026-07-29,EUR,147732.97,RECEIVED
INV-002999,PO-002999,SUP-0029,2026-09-18,USD,114389.88,RECEIVED
INV-003000,PO-003000,SUP-0064,2026-07-31,EUR,86487.26,RECEIVED
INV-003001,PO-003001,SUP-0031,2026-04-28,GBP,127666.28,RECEIVED
INV-003002,PO-003002,SUP-0078,2026-07-13,EUR,127515.23,RECEIVED
INV-003003,PO-003003,SUP-0092,2026-03-18,INR,2995.99,RECEIVED
INV-003004,PO-003004,SUP-0005,2026-03-31,USD,18354.9,RECEIVED
INV-003005,PO-003005,SUP-0098,2026-02-01,USD,147354.56,RECEIVED
INV-003006,PO-003006,SUP-0076,2026-06-21,USD,145425.48,RECEIVED
INV-003007,PO-003007,SUP-0083,2026-05-12,INR,63995.25,RECEIVED
INV-003008,PO-003008,SUP-0004,2026-05-01,EUR,148907.73,RECEIVED
INV-003009,PO-003009,SUP-0077,2026-09-08,EUR,29603.56,RECEIVED
INV-003010,PO-003010,SUP-0030,2026-06-19,GBP,49207.11,RECEIVED
INV-003011,PO-003011,SUP-0113,2026-03-13,INR,73705.98,RECEIVED
INV-003012,PO-003012,SUP-0037,2026-07-06,INR,122211.03,RECEIVED
INV-003013,PO-003013,SUP-0080,2026-01-18,INR,105643.77,RECEIVED
INV-003014,PO-003014,SUP-0087,2026-03-12,INR,38987.98,RECEIVED
INV-003015,PO-003015,SUP-0091,2026-05-26,USD,33873.05,RECEIVED
INV-003016,PO-003016,SUP-0037,2026-03-13,INR,12659.31,RECEIVED
INV-003017,PO-003017,SUP-0107,2026-02-17,EUR,113575.21,RECEIVED
INV-003018,PO-003018,SUP-0011,2026-05-30,USD,141104.51,RECEIVED
INV-003019,PO-003019,SUP-0087,2026-05-24,INR,125576.69,RECEIVED
INV-003020,PO-003020,SUP-0034,2026-05-14,GBP,104217.93,RECEIVED
INV-003021,PO-003021,SUP-0011,2026-09-07,USD,83936.73,RECEIVED
INV-003022,PO-003022,SUP-0080,2026-04-15,INR,39464.56,RECEIVED
INV-003023,PO-003023,SUP-0033,2026-02-15,USD,149332.35,RECEIVED
INV-003024,PO-003024,SUP-0111,2026-09-22,GBP,22362.6,RECEIVED
INV-003025,PO-003025,SUP-0048,2026-02-18,USD,148838.75,RECEIVED
INV-003026,PO-003026,SUP-0068,2026-08-19,INR,148177.42,RECEIVED
INV-003027,PO-003027,SUP-0067,2026-05-25,USD,18808.7,RECEIVED
INV-003028,PO-003028,SUP-0096,2026-04-19,EUR,28617.09,RECEIVED
INV-003029,PO-003029,SUP-0035,2026-08-17,GBP,138876.17,RECEIVED
INV-003030,PO-003030,SUP-0049,2026-03-15,INR,20499.72,RECEIVED
INV-003031,PO-003031,SUP-0062,2026-08-07,GBP,86139.09,RECEIVED
INV-003032,PO-003032,SUP-0038,2026-03-18,INR,149936.47,RECEIVED
INV-003033,PO-003033,SUP-0007,2026-03-16,INR,44865.38,RECEIVED
INV-003034,PO-003034,SUP-0018,2026-08-12,USD,70966.86,RECEIVED
INV-003035,PO-003035,SUP-0097,2026-05-19,GBP,129210.71,RECEIVED
INV-003036,PO-003036,SUP-0069,2026-03-24,EUR,61353.63,RECEIVED
INV-003037,PO-003037,SUP-0007,2026-05-09,GBP,23356.34,RECEIVED
INV-003038,PO-003038,SUP-0072,2026-07-05,EUR,52889.72,RECEIVED
INV-003039,PO-003039,SUP-0078,2026-03-24,EUR,55902.18,RECEIVED
INV-003040,PO-003040,SUP-0056,2026-05-07,GBP,130105.01,RECEIVED
INV-003041,PO-003041,SUP-0104,2026-07-25,GBP,50632.51,RECEIVED
INV-003042,PO-003042,SUP-0078,2026-06-06,EUR,8363.51,RECEIVED
INV-003043,PO-003043,SUP-0055,2026-02-25,USD,52522.6,RECEIVED
INV-003044,PO-003044,SUP-0001,2026-04-18,EUR,3925.68,RECEIVED
INV-003045,PO-003045,SUP-0044,2026-09-21,USD,53167.71,RECEIVED
INV-003046,PO-003046,SUP-0099,2026-03-29,USD,20381.38,RECEIVED
INV-003047,PO-003047,SUP-0066,2026-06-22,GBP,146942.89,RECEIVED
INV-003048,PO-003048,SUP-0030,2026-08-07,GBP,76981.71,RECEIVED
INV-003049,PO-003049,SUP-0034,2026-02-14,GBP,16574.28,RECEIVED
INV-003050,PO-003050,SUP-0028,2026-08-22,INR,16272.43,RECEIVED
INV-003051,PO-003051,SUP-0047,2026-08-15,INR,27579.27,RECEIVED
INV-003052,PO-003052,SUP-0042,2026-04-27,USD,85459.42,RECEIVED
INV-003053,PO-003053,SUP-0091,2026-01-17,USD,93056.77,RECEIVED
INV-003054,PO-003054,SUP-0058,2026-06-28,GBP,25824.25,RECEIVED
INV-003055,PO-003055,SUP-0049,2026-05-29,INR,1798.49,RECEIVED
INV-003056,PO-003056,SUP-0001,2026-01-25,EUR,124487.35,RECEIVED
INV-003057,PO-003057,SUP-0022,2026-05-29,GBP,124400.56,RECEIVED
INV-003058,PO-003058,SUP-0056,2026-08-14,GBP,10184.16,RECEIVED
INV-003059,PO-003059,SUP-0099,2026-09-15,USD,145506.14,RECEIVED
INV-003060,PO-003060,SUP-0119,2026-08-31,INR,107542.43,RECEIVED
INV-003061,PO-003061,SUP-0032,2026-03-19,EUR,34458.22,RECEIVED
INV-003062,PO-003062,SUP-0014,2026-05-28,INR,64084.07,RECEIVED
INV-003063,PO-003063,SUP-0030,2026-07-25,GBP,87002.19,RECEIVED
INV-003064,PO-003064,SUP-0016,2026-04-10,EUR,123350.03,RECEIVED
INV-003065,PO-003065,SUP-0060,2026-07-14,GBP,126427.17,RECEIVED
INV-003066,PO-003066,SUP-0017,2026-08-30,INR,46115.29,RECEIVED
INV-003067,PO-003067,SUP-0071,2026-03-15,INR,20899.32,RECEIVED
INV-003068,PO-003068,SUP-0039,2026-07-07,GBP,1291.94,RECEIVED
INV-003069,PO-003069,SUP-0082,2026-01-26,GBP,118954.51,RECEIVED
INV-003070,PO-003070,SUP-0009,2026-03-17,EUR,91628.34,RECEIVED
INV-003071,PO-003071,SUP-0044,2026-06-24,USD,116479.42,RECEIVED
INV-003072,PO-003072,SUP-0005,2026-02-04,USD,5048.92,RECEIVED
INV-003073,PO-003073,SUP-0058,2026-06-13,GBP,28710.15,RECEIVED
INV-003074,PO-003074,SUP-0032,2026-08-04,USD,9680.06,RECEIVED
INV-003075,PO-003075,SUP-0018,2026-01-27,USD,119220.52,RECEIVED
INV-003076,PO-003076,SUP-0072,2026-05-17,EUR,131629.63,RECEIVED
INV-003077,PO-003077,SUP-0039,2026-03-05,GBP,16872.61,RECEIVED
INV-003078,PO-003078,SUP-0044,2026-08-29,USD,139454.08,RECEIVED
INV-003079,PO-003079,SUP-0026,2026-09-04,GBP,98985.64,RECEIVED
INV-003080,PO-003080,SUP-0016,2026-03-28,EUR,100221.78,RECEIVED
INV-003081,PO-003081,SUP-0075,2026-04-24,GBP,33431.61,RECEIVED
INV-003082,PO-003082,SUP-0093,2026-03-16,GBP,91831.35,RECEIVED
INV-003083,PO-003083,SUP-0120,2026-05-21,INR,99310.12,RECEIVED
INV-003084,PO-003084,SUP-0005,2026-04-16,USD,92585.67,RECEIVED
INV-003085,PO-003085,SUP-0037,2026-03-02,EUR,15352.73,RECEIVED
INV-003086,PO-003086,SUP-0004,2026-04-21,GBP,112403.42,RECEIVED
INV-003087,PO-003087,SUP-0092,2026-07-30,INR,146552.56,RECEIVED
INV-003088,PO-003088,SUP-0055,2026-04-19,USD,14444.36,RECEIVED
INV-003089,PO-003089,SUP-0016,2026-09-13,EUR,63306.23,RECEIVED
INV-003090,PO-003090,SUP-0026,2026-09-02,GBP,55349.68,RECEIVED
INV-003091,PO-003091,SUP-0074,2026-01-31,EUR,77583.1,RECEIVED
INV-003092,PO-003092,SUP-0018,2026-08-18,USD,146702.22,RECEIVED
INV-003093,PO-003093,SUP-0075,2026-01-20,GBP,1564.95,RECEIVED
INV-003094,PO-003094,SUP-0081,2026-05-12,INR,12642.93,RECEIVED
INV-003095,PO-003095,SUP-0013,2026-06-01,INR,110684.71,RECEIVED
INV-003096,PO-003096,SUP-0079,2026-03-13,INR,76799.68,RECEIVED
INV-003097,PO-003097,SUP-0044,2026-06-01,USD,63749.47,RECEIVED
INV-003098,PO-003098,SUP-0081,2026-02-08,USD,57814.23,RECEIVED
INV-003099,PO-003099,SUP-0052,2026-07-31,EUR,71271.81,RECEIVED
INV-003100,PO-003100,SUP-0116,2026-06-14,EUR,81723.47,RECEIVED
INV-003101,PO-003101,SUP-0080,2026-07-30,INR,111890.76,RECEIVED
INV-003102,PO-003102,SUP-0055,2026-07-29,USD,69079.44,RECEIVED
INV-003103,PO-003103,SUP-0109,2026-01-28,EUR,129419.14,RECEIVED
INV-003104,PO-003104,SUP-0086,2026-01-28,GBP,93529.35,RECEIVED
INV-003105,PO-003105,SUP-0037,2026-08-03,INR,54265.94,RECEIVED
INV-003106,PO-003106,SUP-0062,2026-02-03,GBP,44194.79,RECEIVED
INV-003107,PO-003107,SUP-0051,2026-06-05,GBP,128568.13,RECEIVED
INV-003108,PO-003108,SUP-0118,2026-03-28,USD,14520.47,RECEIVED
INV-003109,PO-003109,SUP-0037,2026-05-20,INR,65867.78,RECEIVED
INV-003110,PO-003110,SUP-0063,2026-02-23,INR,17473.37,RECEIVED
INV-003111,PO-003111,SUP-0112,2026-03-11,EUR,146989.13,RECEIVED
INV-003112,PO-003112,SUP-0036,2026-07-09,INR,67948.93,RECEIVED
INV-003113,PO-003113,SUP-0098,2026-08-10,USD,132414.69,RECEIVED
INV-003114,PO-003114,SUP-0099,2026-01-29,USD,106426.24,RECEIVED
INV-003115,PO-003115,SUP-0051,2026-03-05,GBP,72472.81,RECEIVED
INV-003116,PO-003116,SUP-0087,2026-02-16,INR,27101.35,RECEIVED
INV-003117,PO-003117,SUP-0082,2026-02-01,GBP,19480.19,RECEIVED
INV-003118,PO-003118,SUP-0040,2026-07-17,USD,114538.09,RECEIVED
INV-003119,PO-003119,SUP-0065,2026-01-23,GBP,97401.76,RECEIVED
INV-003120,PO-003120,SUP-0117,2026-03-12,INR,19780.4,RECEIVED
INV-003121,PO-003121,SUP-0108,2026-05-06,USD,145171.1,RECEIVED
INV-003122,PO-003122,SUP-0063,2026-05-02,INR,864.91,RECEIVED
INV-003123,PO-003123,SUP-0033,2026-06-14,USD,115993.3,RECEIVED
INV-003124,PO-003124,SUP-0026,2026-06-14,GBP,67193.11,RECEIVED
INV-003125,PO-003125,SUP-0027,2026-06-14,EUR,15823.19,RECEIVED
INV-003126,PO-003126,SUP-0078,2026-04-26,EUR,141328.09,RECEIVED
INV-003127,PO-003127,SUP-0057,2026-08-07,GBP,147149.3,RECEIVED
INV-003128,PO-003128,SUP-0028,2026-04-12,INR,6914.03,RECEIVED
INV-003129,PO-003129,SUP-0089,2026-06-02,GBP,28576.93,RECEIVED
INV-003130,PO-003130,SUP-0069,2026-07-29,EUR,59321.44,RECEIVED
INV-003131,PO-003131,SUP-0052,2026-07-06,EUR,82834.5,RECEIVED
INV-003132,PO-003132,SUP-0068,2026-02-11,INR,87051.89,RECEIVED
INV-003133,PO-003133,SUP-0108,2026-08-19,USD,48578.2,RECEIVED
INV-003134,PO-003134,SUP-0090,2026-04-16,USD,130602.98,RECEIVED
INV-003135,PO-003135,SUP-0019,2026-01-29,EUR,20803.78,RECEIVED
INV-003136,PO-003136,SUP-0089,2026-08-13,INR,80859.65,RECEIVED
INV-003137,PO-003137,SUP-0112,2026-01-22,EUR,4281.95,RECEIVED
INV-003138,PO-003138,SUP-0028,2026-02-24,INR,14839.52,RECEIVED
INV-003139,PO-003139,SUP-0071,2026-04-15,INR,65375.79,RECEIVED
INV-003140,PO-003140,SUP-0077,2026-07-31,EUR,10242.25,RECEIVED
INV-003141,PO-003141,SUP-0083,2026-02-01,INR,68279.96,RECEIVED
INV-003142,PO-003142,SUP-0107,2026-01-29,EUR,41671.57,RECEIVED
INV-003143,PO-003143,SUP-0072,2026-07-19,EUR,16471.85,RECEIVED
INV-003144,PO-003144,SUP-0120,2026-02-07,INR,82415.39,RECEIVED
INV-003145,PO-003145,SUP-0059,2026-06-09,INR,71052.8,RECEIVED
INV-003146,PO-003146,SUP-0054,2026-07-07,GBP,56558.72,RECEIVED
INV-003147,PO-003147,SUP-0075,2026-09-29,GBP,90475.18,RECEIVED
INV-003148,PO-003148,SUP-0004,2026-05-17,GBP,63676.8,RECEIVED
INV-003149,PO-003149,SUP-0025,2026-08-07,USD,33271.54,RECEIVED
INV-003150,PO-003150,SUP-0021,2026-05-09,GBP,80334.67,RECEIVED
INV-003151,PO-003151,SUP-0103,2026-05-15,GBP,48323.59,RECEIVED
INV-003152,PO-003152,SUP-0110,2026-04-04,USD,33520.29,RECEIVED
INV-003153,PO-003153,SUP-0114,2026-03-14,EUR,17023.0,RECEIVED
INV-003154,PO-003154,SUP-0117,2026-05-07,INR,64515.29,RECEIVED
INV-003155,PO-003155,SUP-0085,2026-03-23,EUR,42595.14,RECEIVED
INV-003156,PO-003156,SUP-0079,2026-05-24,INR,97395.35,RECEIVED
INV-003157,PO-003157,SUP-0085,2026-01-29,GBP,94677.26,RECEIVED
INV-003158,PO-003158,SUP-0061,2026-04-02,EUR,46354.21,RECEIVED
INV-003159,PO-003159,SUP-0016,2026-07-05,USD,105922.26,RECEIVED
INV-003160,PO-003160,SUP-0057,2026-06-06,GBP,85974.74,RECEIVED
INV-003161,PO-003161,SUP-0119,2026-05-30,INR,143749.39,RECEIVED
INV-003162,PO-003162,SUP-0028,2026-06-01,INR,103519.72,RECEIVED
INV-003163,PO-003163,SUP-0049,2026-02-22,INR,52930.12,RECEIVED
INV-003164,PO-003164,SUP-0081,2026-05-13,USD,10785.44,RECEIVED
INV-003165,PO-003165,SUP-0070,2026-08-13,INR,32295.51,RECEIVED
INV-003166,PO-003166,SUP-0026,2026-08-04,GBP,89379.84,RECEIVED
INV-003167,PO-003167,SUP-0062,2026-03-10,GBP,8387.53,RECEIVED
INV-003168,PO-003168,SUP-0075,2026-04-02,GBP,69916.88,RECEIVED
INV-003169,PO-003169,SUP-0073,2026-09-07,GBP,28880.17,RECEIVED
INV-003170,PO-003170,SUP-0079,2026-02-13,INR,70324.29,RECEIVED
INV-003171,PO-003171,SUP-0040,2026-06-27,USD,146716.49,RECEIVED
INV-003172,PO-003172,SUP-0034,2026-04-18,GBP,127715.04,RECEIVED
INV-003173,PO-003173,SUP-0035,2026-05-24,EUR,53627.51,RECEIVED
INV-003174,PO-003174,SUP-0045,2026-01-18,EUR,31921.27,RECEIVED
INV-003175,PO-003175,SUP-0083,2026-04-21,INR,118010.92,RECEIVED
INV-003176,PO-003176,SUP-0097,2026-04-01,GBP,84802.75,RECEIVED
INV-003177,PO-003177,SUP-0063,2026-07-21,INR,147756.51,RECEIVED
INV-003178,PO-003178,SUP-0105,2026-02-20,GBP,27336.84,RECEIVED
INV-003179,PO-003179,SUP-0018,2026-02-28,USD,83545.3,RECEIVED
INV-003180,PO-003180,SUP-0081,2026-04-27,INR,111701.12,RECEIVED
INV-003181,PO-003181,SUP-0014,2026-07-08,INR,5934.14,RECEIVED
INV-003182,PO-003182,SUP-0064,2026-07-24,EUR,124526.23,RECEIVED
INV-003183,PO-003183,SUP-0023,2026-06-02,EUR,45127.73,RECEIVED
INV-003184,PO-003184,SUP-0092,2026-08-14,INR,110546.61,RECEIVED
INV-003185,PO-003185,SUP-0059,2026-02-24,GBP,30437.87,RECEIVED
INV-003186,PO-003186,SUP-0043,2026-03-31,USD,3774.23,RECEIVED
INV-003187,PO-003187,SUP-0077,2026-02-03,EUR,72514.57,RECEIVED
INV-003188,PO-003188,SUP-0023,2026-06-21,EUR,12978.98,RECEIVED
INV-003189,PO-003189,SUP-0015,2026-09-03,EUR,136965.05,RECEIVED
INV-003190,PO-003190,SUP-0100,2026-05-20,EUR,144437.55,RECEIVED
INV-003191,PO-003191,SUP-0120,2026-07-28,INR,54867.49,RECEIVED
INV-003192,PO-003192,SUP-0085,2026-05-28,EUR,49915.12,RECEIVED
INV-003193,PO-003193,SUP-0058,2026-04-17,GBP,130213.62,RECEIVED
INV-003194,PO-003194,SUP-0022,2026-07-31,GBP,130538.08,RECEIVED
INV-003195,PO-003195,SUP-0014,2026-07-04,INR,41244.16,RECEIVED
INV-003196,PO-003196,SUP-0062,2026-07-31,GBP,24651.37,RECEIVED
INV-003197,PO-003197,SUP-0089,2026-07-10,GBP,33271.92,RECEIVED
INV-003198,PO-003198,SUP-0018,2026-07-20,USD,35974.9,RECEIVED
INV-003199,PO-003199,SUP-0101,2026-04-29,EUR,18877.99,RECEIVED
INV-003200,PO-003200,SUP-0091,2026-06-23,USD,65580.61,RECEIVED
INV-003201,PO-003201,SUP-0064,2026-01-07,EUR,79941.89,RECEIVED
INV-003202,PO-003202,SUP-0088,2026-04-10,EUR,34947.35,RECEIVED
INV-003203,PO-003203,SUP-0074,2026-03-30,EUR,67033.38,RECEIVED
INV-003204,PO-003204,SUP-0012,2026-05-30,USD,34406.97,RECEIVED
INV-003205,PO-003205,SUP-0089,2026-04-01,INR,11873.09,RECEIVED
INV-003206,PO-003206,SUP-0024,2026-03-19,USD,21311.26,RECEIVED
INV-003207,PO-003207,SUP-0046,2026-05-15,USD,47634.98,RECEIVED
INV-003208,PO-003208,SUP-0056,2026-01-30,GBP,21978.16,RECEIVED
INV-003209,PO-003209,SUP-0064,2026-02-28,EUR,97785.84,RECEIVED
INV-003210,PO-003210,SUP-0024,2026-03-29,GBP,102789.72,RECEIVED
INV-003211,PO-003211,SUP-0050,2026-06-25,USD,128398.43,RECEIVED
INV-003212,PO-003212,SUP-0073,2026-02-09,GBP,44843.25,RECEIVED
INV-003213,PO-003213,SUP-0046,2026-02-06,USD,146213.43,RECEIVED
INV-003214,PO-003214,SUP-0108,2026-06-01,USD,69033.72,RECEIVED
INV-003215,PO-003215,SUP-0102,2026-05-04,GBP,85483.9,RECEIVED
INV-003216,PO-003216,SUP-0011,2026-01-29,GBP,21029.2,RECEIVED
INV-003217,PO-003217,SUP-0082,2026-07-08,GBP,130888.16,RECEIVED
INV-003218,PO-003218,SUP-0048,2026-03-23,USD,34034.19,RECEIVED
INV-003219,PO-003219,SUP-0075,2026-08-02,GBP,111339.23,RECEIVED
INV-003220,PO-003220,SUP-0043,2026-04-07,USD,38731.95,RECEIVED
INV-003221,PO-003221,SUP-0019,2026-03-21,EUR,126523.14,RECEIVED
INV-003222,PO-003222,SUP-0035,2026-09-04,GBP,97208.5,RECEIVED
INV-003223,PO-003223,SUP-0074,2026-02-04,EUR,130267.29,RECEIVED
INV-003224,PO-003224,SUP-0036,2026-08-13,GBP,138938.69,RECEIVED
INV-003225,PO-003225,SUP-0104,2026-04-04,GBP,124714.59,RECEIVED
INV-003226,PO-003226,SUP-0065,2026-03-15,GBP,73757.18,RECEIVED
INV-003227,PO-003227,SUP-0045,2026-08-17,EUR,65029.97,RECEIVED
INV-003228,PO-003228,SUP-0084,2026-09-22,EUR,51095.89,RECEIVED
INV-003229,PO-003229,SUP-0106,2026-01-30,USD,43142.91,RECEIVED
INV-003230,PO-003230,SUP-0013,2026-01-24,INR,80908.69,RECEIVED
INV-003231,PO-003231,SUP-0058,2026-04-26,GBP,84366.57,RECEIVED
INV-003232,PO-003232,SUP-0061,2026-01-05,EUR,148483.84,RECEIVED
INV-003233,PO-003233,SUP-0081,2026-08-18,INR,111046.5,RECEIVED
INV-003234,PO-003234,SUP-0060,2026-03-08,GBP,119562.86,RECEIVED
INV-003235,PO-003235,SUP-0029,2026-03-18,USD,54275.43,RECEIVED
INV-003236,PO-003236,SUP-0050,2026-05-08,USD,102949.05,RECEIVED
INV-003237,PO-003237,SUP-0014,2026-06-07,INR,59282.78,RECEIVED
INV-003238,PO-003238,SUP-0097,2026-03-02,GBP,12899.8,RECEIVED
INV-003239,PO-003239,SUP-0008,2026-05-16,EUR,148304.07,RECEIVED
INV-003240,PO-003240,SUP-0094,2026-08-28,USD,120725.03,RECEIVED
INV-003241,PO-003241,SUP-0041,2026-04-19,USD,57922.74,RECEIVED
INV-003242,PO-003242,SUP-0054,2026-02-04,GBP,50608.08,RECEIVED
INV-003243,PO-003243,SUP-0014,2026-07-12,INR,50970.79,RECEIVED
INV-003244,PO-003244,SUP-0045,2026-07-20,EUR,106999.19,RECEIVED
INV-003245,PO-003245,SUP-0095,2026-07-31,GBP,2001.26,RECEIVED
INV-003246,PO-003246,SUP-0017,2026-07-03,INR,103645.02,RECEIVED
INV-003247,PO-003247,SUP-0120,2026-04-03,INR,83344.66,RECEIVED
INV-003248,PO-003248,SUP-0095,2026-03-10,GBP,125196.7,RECEIVED
INV-003249,PO-003249,SUP-0054,2026-05-31,GBP,113249.28,RECEIVED
INV-003250,PO-003250,SUP-0120,2026-08-17,INR,27398.06,RECEIVED
INV-003251,PO-003251,SUP-0060,2026-06-30,GBP,95661.43,RECEIVED
INV-003252,PO-003252,SUP-0044,2026-01-24,USD,48654.92,RECEIVED
INV-003253,PO-003253,SUP-0015,2026-06-15,EUR,69464.5,RECEIVED
INV-003254,PO-003254,SUP-0120,2026-01-19,INR,44297.36,RECEIVED
INV-003255,PO-003255,SUP-0085,2026-01-26,GBP,36663.83,RECEIVED
INV-003256,PO-003256,SUP-0063,2026-08-09,INR,107833.75,RECEIVED
INV-003257,PO-003257,SUP-0089,2026-04-19,GBP,67164.42,RECEIVED
INV-003258,PO-003258,SUP-0045,2026-08-07,EUR,137342.73,RECEIVED
INV-003259,PO-003259,SUP-0115,2026-05-20,EUR,56257.55,RECEIVED
INV-003260,PO-003260,SUP-0090,2026-03-28,USD,29485.69,RECEIVED
INV-003261,PO-003261,SUP-0086,2026-03-05,GBP,1219.03,RECEIVED
INV-003262,PO-003262,SUP-0079,2026-09-20,INR,56695.88,RECEIVED
INV-003263,PO-003263,SUP-0078,2026-09-10,EUR,73263.24,RECEIVED
INV-003264,PO-003264,SUP-0031,2026-04-20,GBP,80954.98,RECEIVED
INV-003265,PO-003265,SUP-0031,2026-07-01,GBP,10659.97,RECEIVED
INV-003266,PO-003266,SUP-0054,2026-09-16,INR,61766.63,RECEIVED
INV-003267,PO-003267,SUP-0012,2026-08-18,USD,48039.6,RECEIVED
INV-003268,PO-003268,SUP-0085,2026-04-29,GBP,47581.48,RECEIVED
INV-003269,PO-003269,SUP-0048,2026-02-24,USD,58454.88,RECEIVED
INV-003270,PO-003270,SUP-0102,2026-09-20,GBP,47916.46,RECEIVED
INV-003271,PO-003271,SUP-0065,2026-02-05,GBP,21897.29,RECEIVED
INV-003272,PO-003272,SUP-0105,2026-05-07,GBP,67274.0,RECEIVED
INV-003273,PO-003273,SUP-0071,2026-05-06,INR,58838.94,RECEIVED
INV-003274,PO-003274,SUP-0101,2026-09-06,EUR,47688.15,RECEIVED
INV-003275,PO-003275,SUP-0079,2026-07-02,INR,9662.03,RECEIVED
INV-003276,PO-003276,SUP-0007,2026-03-09,INR,138326.62,RECEIVED
INV-003277,PO-003277,SUP-0094,2026-07-28,USD,21398.76,RECEIVED
INV-003278,PO-003278,SUP-0005,2026-07-21,USD,11561.09,RECEIVED
INV-003279,PO-003279,SUP-0108,2026-07-27,USD,58462.09,RECEIVED
INV-003280,PO-003280,SUP-0079,2026-07-26,INR,7413.02,RECEIVED
INV-003281,PO-003281,SUP-0060,2026-09-13,GBP,80024.65,RECEIVED
INV-003282,PO-003282,SUP-0114,2026-03-27,EUR,8741.21,RECEIVED
INV-003283,PO-003283,SUP-0012,2026-07-02,USD,99962.84,RECEIVED
INV-003284,PO-003284,SUP-0003,2026-05-30,EUR,18363.38,RECEIVED
INV-003285,PO-003285,SUP-0091,2026-08-23,USD,126354.16,RECEIVED
INV-003286,PO-003286,SUP-0015,2026-03-02,EUR,45123.14,RECEIVED
INV-003287,PO-003287,SUP-0110,2026-06-27,USD,102054.94,RECEIVED
INV-003288,PO-003288,SUP-0023,2026-06-03,EUR,117296.22,RECEIVED
INV-003289,PO-003289,SUP-0073,2026-02-03,GBP,57124.57,RECEIVED
INV-003290,PO-003290,SUP-0029,2026-04-14,USD,62400.1,RECEIVED
INV-003291,PO-003291,SUP-0017,2026-04-15,INR,35750.5,RECEIVED
INV-003292,PO-003292,SUP-0050,2026-05-20,USD,85901.48,RECEIVED
INV-003293,PO-003293,SUP-0079,2026-08-19,INR,18705.42,RECEIVED
INV-003294,PO-003294,SUP-0047,2026-07-08,INR,64726.49,RECEIVED
INV-003295,PO-003295,SUP-0116,2026-01-19,EUR,59391.13,RECEIVED
INV-003296,PO-003296,SUP-0056,2026-05-05,GBP,80760.54,RECEIVED
INV-003297,PO-003297,SUP-0066,2026-05-10,GBP,109883.66,RECEIVED
INV-003298,PO-003298,SUP-0036,2026-05-27,INR,74324.83,RECEIVED
INV-003299,PO-003299,SUP-0080,2026-07-02,INR,143208.91,RECEIVED
INV-003300,PO-003300,SUP-0083,2026-09-01,INR,134358.0,RECEIVED
INV-003301,PO-003301,SUP-0015,2026-07-19,EUR,108826.33,RECEIVED
INV-003302,PO-003302,SUP-0003,2026-06-28,EUR,30106.95,RECEIVED
INV-003303,PO-003303,SUP-0095,2026-03-31,INR,68308.78,RECEIVED
INV-003304,PO-003304,SUP-0030,2026-06-22,GBP,6190.78,RECEIVED
INV-003305,PO-003305,SUP-0111,2026-02-05,GBP,123068.99,RECEIVED
INV-003306,PO-003306,SUP-0104,2026-01-29,GBP,87981.55,RECEIVED
INV-003307,PO-003307,SUP-0053,2026-05-23,EUR,103063.49,RECEIVED
INV-003308,PO-003308,SUP-0100,2026-02-08,EUR,2121.13,RECEIVED
INV-003309,PO-003309,SUP-0033,2026-06-12,USD,14981.87,RECEIVED
INV-003310,PO-003310,SUP-0007,2026-06-14,INR,125380.21,RECEIVED
INV-003311,PO-003311,SUP-0086,2026-02-21,GBP,1511.62,RECEIVED
INV-003312,PO-003312,SUP-0009,2026-04-09,EUR,48242.24,RECEIVED
INV-003313,PO-003313,SUP-0001,2026-07-25,EUR,9794.34,RECEIVED
INV-003314,PO-003314,SUP-0093,2026-03-16,GBP,123770.56,RECEIVED
INV-003315,PO-003315,SUP-0035,2026-04-03,EUR,96942.5,RECEIVED
INV-003316,PO-003316,SUP-0098,2026-03-26,USD,73364.36,RECEIVED
INV-003317,PO-003317,SUP-0090,2026-08-27,USD,76879.94,RECEIVED
INV-003318,PO-003318,SUP-0049,2026-03-05,INR,56860.97,RECEIVED
INV-003319,PO-003319,SUP-0087,2026-07-23,INR,117819.55,RECEIVED
INV-003320,PO-003320,SUP-0094,2026-06-02,USD,20399.58,RECEIVED
INV-003321,PO-003321,SUP-0083,2026-03-11,INR,126097.22,RECEIVED
INV-003322,PO-003322,SUP-0103,2026-02-25,GBP,147485.93,RECEIVED
INV-003323,PO-003323,SUP-0054,2026-02-26,INR,102905.78,RECEIVED
INV-003324,PO-003324,SUP-0063,2026-02-11,INR,105637.54,RECEIVED
INV-003325,PO-003325,SUP-0081,2026-04-30,USD,27185.66,RECEIVED
INV-003326,PO-003326,SUP-0001,2026-08-03,EUR,50374.97,RECEIVED
INV-003327,PO-003327,SUP-0120,2026-01-14,INR,22902.47,RECEIVED
INV-003328,PO-003328,SUP-0061,2026-04-19,EUR,13939.66,RECEIVED
INV-003329,PO-003329,SUP-0054,2026-08-04,GBP,93145.01,RECEIVED
INV-003330,PO-003330,SUP-0023,2026-08-12,EUR,97895.24,RECEIVED
INV-003331,PO-003331,SUP-0060,2026-08-25,GBP,59228.61,RECEIVED
INV-003332,PO-003332,SUP-0118,2026-06-15,USD,3087.91,RECEIVED
INV-003333,PO-003333,SUP-0092,2026-07-09,INR,109905.12,RECEIVED
INV-003334,PO-003334,SUP-0005,2026-06-17,USD,98495.47,RECEIVED
INV-003335,PO-003335,SUP-0074,2026-06-21,EUR,3070.15,RECEIVED
INV-003336,PO-003336,SUP-0085,2026-08-26,EUR,142571.71,RECEIVED
INV-003337,PO-003337,SUP-0022,2026-06-07,GBP,111617.78,RECEIVED
INV-003338,PO-003338,SUP-0022,2026-05-08,GBP,17832.74,RECEIVED
INV-003339,PO-003339,SUP-0056,2026-05-14,GBP,93215.41,RECEIVED
INV-003340,PO-003340,SUP-0091,2026-06-10,USD,18869.07,RECEIVED
INV-003341,PO-003341,SUP-0074,2026-02-27,EUR,40335.58,RECEIVED
INV-003342,PO-003342,SUP-0077,2026-02-01,EUR,32184.1,RECEIVED
INV-003343,PO-003343,SUP-0051,2026-02-19,GBP,51390.63,RECEIVED
INV-003344,PO-003344,SUP-0057,2026-04-10,GBP,32617.07,RECEIVED
INV-003345,PO-003345,SUP-0086,2026-04-23,GBP,103864.02,RECEIVED
INV-003346,PO-003346,SUP-0076,2026-04-23,USD,137900.23,RECEIVED
INV-003347,PO-003347,SUP-0039,2026-07-19,GBP,124995.27,RECEIVED
INV-003348,PO-003348,SUP-0037,2026-06-29,INR,145006.99,RECEIVED
INV-003349,PO-003349,SUP-0001,2026-07-23,EUR,64034.15,RECEIVED
INV-003350,PO-003350,SUP-0093,2026-06-17,GBP,75583.1,RECEIVED
INV-003351,PO-003351,SUP-0036,2026-03-11,INR,95464.39,RECEIVED
INV-003352,PO-003352,SUP-0072,2026-09-06,EUR,54487.01,RECEIVED
INV-003353,PO-003353,SUP-0007,2026-09-10,GBP,97495.37,RECEIVED
INV-003354,PO-003354,SUP-0063,2026-08-17,INR,52400.29,RECEIVED
INV-003355,PO-003355,SUP-0100,2026-03-12,EUR,97094.43,RECEIVED
INV-003356,PO-003356,SUP-0107,2026-03-30,EUR,70949.35,RECEIVED
INV-003357,PO-003357,SUP-0055,2026-06-03,USD,103592.16,RECEIVED
INV-003358,PO-003358,SUP-0085,2026-08-20,EUR,123488.42,RECEIVED
INV-003359,PO-003359,SUP-0025,2026-05-08,USD,122307.72,RECEIVED
INV-003360,PO-003360,SUP-0069,2026-04-28,EUR,37516.67,RECEIVED
INV-003361,PO-003361,SUP-0098,2026-06-16,USD,38890.06,RECEIVED
INV-003362,PO-003362,SUP-0055,2026-06-07,USD,18437.61,RECEIVED
INV-003363,PO-003363,SUP-0090,2026-06-05,USD,82249.23,RECEIVED
INV-003364,PO-003364,SUP-0024,2026-08-16,GBP,41071.0,RECEIVED
INV-003365,PO-003365,SUP-0052,2026-09-02,EUR,96398.68,RECEIVED
INV-003366,PO-003366,SUP-0076,2026-04-21,USD,92177.09,RECEIVED
INV-003367,PO-003367,SUP-0003,2026-07-26,EUR,7703.59,RECEIVED
INV-003368,PO-003368,SUP-0067,2026-01-26,USD,56638.71,RECEIVED
INV-003369,PO-003369,SUP-0048,2026-01-28,USD,120773.39,RECEIVED
INV-003370,PO-003370,SUP-0092,2026-06-28,INR,28637.48,RECEIVED
INV-003371,PO-003371,SUP-0077,2026-01-27,EUR,94412.68,RECEIVED
INV-003372,PO-003372,SUP-0017,2026-07-27,INR,26333.92,RECEIVED
INV-003373,PO-003373,SUP-0060,2026-02-04,GBP,132463.1,RECEIVED
INV-003374,PO-003374,SUP-0050,2026-04-26,USD,117586.88,RECEIVED
INV-003375,PO-003375,SUP-0113,2026-04-05,INR,74794.78,RECEIVED
INV-003376,PO-003376,SUP-0109,2026-08-20,EUR,99058.51,RECEIVED
INV-003377,PO-003377,SUP-0040,2026-03-11,USD,97550.25,RECEIVED
INV-003378,PO-003378,SUP-0059,2026-05-14,INR,111583.82,RECEIVED
INV-003379,PO-003379,SUP-0101,2026-02-16,EUR,149696.08,RECEIVED
INV-003380,PO-003380,SUP-0019,2026-03-01,EUR,114720.6,RECEIVED
INV-003381,PO-003381,SUP-0013,2026-04-15,INR,98524.94,RECEIVED
INV-003382,PO-003382,SUP-0083,2026-01-31,INR,25327.67,RECEIVED
INV-003383,PO-003383,SUP-0003,2026-02-20,EUR,81909.16,RECEIVED
INV-003384,PO-003384,SUP-0108,2026-04-06,USD,29402.34,RECEIVED
INV-003385,PO-003385,SUP-0060,2026-04-23,GBP,57907.72,RECEIVED
INV-003386,PO-003386,SUP-0098,2026-06-04,USD,967.05,RECEIVED
INV-003387,PO-003387,SUP-0023,2026-06-04,EUR,82148.4,RECEIVED
INV-003388,PO-003388,SUP-0119,2026-03-09,INR,51901.51,RECEIVED
INV-003389,PO-003389,SUP-0120,2026-03-03,USD,44236.37,RECEIVED
INV-003390,PO-003390,SUP-0095,2026-09-23,INR,13128.81,RECEIVED
INV-003391,PO-003391,SUP-0120,2026-06-04,INR,32241.46,RECEIVED
INV-003392,PO-003392,SUP-0007,2026-02-22,INR,97420.81,RECEIVED
INV-003393,PO-003393,SUP-0018,2026-08-03,USD,106050.2,RECEIVED
INV-003394,PO-003394,SUP-0070,2026-06-04,INR,116056.4,RECEIVED
INV-003395,PO-003395,SUP-0034,2026-03-15,GBP,87503.88,RECEIVED
INV-003396,PO-003396,SUP-0070,2026-06-05,INR,24141.09,RECEIVED
INV-003397,PO-003397,SUP-0069,2026-06-12,EUR,53587.82,RECEIVED
INV-003398,PO-003398,SUP-0092,2026-05-18,INR,10100.24,RECEIVED
INV-003399,PO-003399,SUP-0052,2026-06-30,EUR,59785.34,RECEIVED
INV-003400,PO-003400,SUP-0100,2026-08-17,EUR,31595.84,RECEIVED
INV-003401,PO-003401,SUP-0008,2026-06-09,EUR,4445.35,RECEIVED
INV-003402,PO-003402,SUP-0120,2026-06-29,INR,123559.38,RECEIVED
INV-003403,PO-003403,SUP-0044,2026-05-08,USD,6002.6,RECEIVED
INV-003404,PO-003404,SUP-0018,2026-06-07,USD,50383.48,RECEIVED
INV-003405,PO-003405,SUP-0116,2026-04-08,EUR,130825.94,RECEIVED
INV-003406,PO-003406,SUP-0034,2026-03-28,GBP,42945.78,RECEIVED
INV-003407,PO-003407,SUP-0088,2026-06-01,EUR,17171.47,RECEIVED
INV-003408,PO-003408,SUP-0084,2026-02-21,EUR,106981.61,RECEIVED
INV-003409,PO-003409,SUP-0091,2026-04-29,USD,43783.65,RECEIVED
INV-003410,PO-003410,SUP-0089,2026-06-12,GBP,98961.11,RECEIVED
INV-003411,PO-003411,SUP-0029,2026-07-25,USD,149383.05,RECEIVED
INV-003412,PO-003412,SUP-0081,2026-03-24,INR,77495.55,RECEIVED
INV-003413,PO-003413,SUP-0024,2026-09-11,USD,129216.7,RECEIVED
INV-003414,PO-003414,SUP-0067,2026-08-07,USD,59076.25,RECEIVED
INV-003415,PO-003415,SUP-0094,2026-08-16,USD,58527.04,RECEIVED
INV-003416,PO-003416,SUP-0068,2026-03-29,INR,143280.26,RECEIVED
INV-003417,PO-003417,SUP-0014,2026-08-20,INR,142001.18,RECEIVED
INV-003418,PO-003418,SUP-0030,2026-06-06,GBP,110261.02,RECEIVED
INV-003419,PO-003419,SUP-0013,2026-08-11,INR,89836.79,RECEIVED
INV-003420,PO-003420,SUP-0111,2026-05-30,GBP,122313.13,RECEIVED
INV-003421,PO-003421,SUP-0018,2026-09-29,USD,97047.04,RECEIVED
INV-003422,PO-003422,SUP-0037,2026-04-17,EUR,104966.03,RECEIVED
INV-003423,PO-003423,SUP-0084,2026-08-20,EUR,143204.62,RECEIVED
INV-003424,PO-003424,SUP-0098,2026-06-21,USD,51858.18,RECEIVED
INV-003425,PO-003425,SUP-0013,2026-08-21,INR,77929.5,RECEIVED
INV-003426,PO-003426,SUP-0021,2026-05-05,GBP,95895.89,RECEIVED
INV-003427,PO-003427,SUP-0067,2026-07-17,USD,18024.85,RECEIVED
INV-003428,PO-003428,SUP-0095,2026-02-13,GBP,121089.48,RECEIVED
INV-003429,PO-003429,SUP-0008,2026-07-28,EUR,10626.89,RECEIVED
INV-003430,PO-003430,SUP-0058,2026-07-28,GBP,29364.9,RECEIVED
INV-003431,PO-003431,SUP-0080,2026-07-02,INR,48101.54,RECEIVED
INV-003432,PO-003432,SUP-0089,2026-03-17,INR,124251.81,RECEIVED
INV-003433,PO-003433,SUP-0065,2026-02-25,GBP,83790.14,RECEIVED
INV-003434,PO-003434,SUP-0089,2026-07-08,INR,57091.1,RECEIVED
INV-003435,PO-003435,SUP-0022,2026-09-16,GBP,95881.35,RECEIVED
INV-003436,PO-003436,SUP-0019,2026-07-08,EUR,2933.89,RECEIVED
INV-003437,PO-003437,SUP-0017,2026-04-29,INR,93702.82,RECEIVED
INV-003438,PO-003438,SUP-0116,2026-08-22,EUR,9156.13,RECEIVED
INV-003439,PO-003439,SUP-0086,2026-03-11,GBP,103021.71,RECEIVED
INV-003440,PO-003440,SUP-0091,2026-07-31,USD,76599.54,RECEIVED
INV-003441,PO-003441,SUP-0085,2026-08-31,GBP,45637.07,RECEIVED
INV-003442,PO-003442,SUP-0117,2026-07-19,INR,51813.8,RECEIVED
INV-003443,PO-003443,SUP-0108,2026-08-11,USD,33736.48,RECEIVED
INV-003444,PO-003444,SUP-0082,2026-06-04,GBP,36853.04,RECEIVED
INV-003445,PO-003445,SUP-0024,2026-06-07,USD,108643.36,RECEIVED
INV-003446,PO-003446,SUP-0087,2026-04-21,INR,114428.25,RECEIVED
INV-003447,PO-003447,SUP-0015,2026-08-03,EUR,37194.51,RECEIVED
INV-003448,PO-003448,SUP-0043,2026-05-02,GBP,68473.51,RECEIVED
INV-003449,PO-003449,SUP-0007,2026-01-26,GBP,121609.11,RECEIVED
INV-003450,PO-003450,SUP-0104,2026-08-11,GBP,48361.81,RECEIVED
INV-003451,PO-003451,SUP-0110,2026-03-10,USD,112849.59,RECEIVED
INV-003452,PO-003452,SUP-0102,2026-05-31,GBP,134943.71,RECEIVED
INV-003453,PO-003453,SUP-0081,2026-05-08,INR,27188.63,RECEIVED
INV-003454,PO-003454,SUP-0069,2026-08-24,EUR,131059.66,RECEIVED
INV-003455,PO-003455,SUP-0043,2026-03-09,USD,2702.58,RECEIVED
INV-003456,PO-003456,SUP-0039,2026-08-18,GBP,34025.82,RECEIVED
INV-003457,PO-003457,SUP-0100,2026-03-13,EUR,10821.6,RECEIVED
INV-003458,PO-003458,SUP-0017,2026-05-28,INR,70190.71,RECEIVED
INV-003459,PO-003459,SUP-0089,2026-08-24,GBP,94043.52,RECEIVED
INV-003460,PO-003460,SUP-0101,2026-02-08,EUR,5277.82,RECEIVED
INV-003461,PO-003461,SUP-0063,2026-03-09,INR,136777.31,RECEIVED
INV-003462,PO-003462,SUP-0093,2026-08-18,GBP,42838.05,RECEIVED
INV-003463,PO-003463,SUP-0040,2026-05-12,USD,138848.51,RECEIVED
INV-003464,PO-003464,SUP-0110,2026-09-25,USD,4943.68,RECEIVED
INV-003465,PO-003465,SUP-0005,2026-09-02,USD,58621.65,RECEIVED
INV-003466,PO-003466,SUP-0033,2026-07-18,USD,134241.18,RECEIVED
INV-003467,PO-003467,SUP-0118,2026-07-20,USD,63126.77,RECEIVED
INV-003468,PO-003468,SUP-0028,2026-05-04,INR,12515.47,RECEIVED
INV-003469,PO-003469,SUP-0080,2026-05-05,INR,37835.87,RECEIVED
INV-003470,PO-003470,SUP-0107,2026-05-05,EUR,129751.73,RECEIVED
INV-003471,PO-003471,SUP-0104,2026-08-29,GBP,47570.04,RECEIVED
INV-003472,PO-003472,SUP-0061,2026-03-07,EUR,36039.04,RECEIVED
INV-003473,PO-003473,SUP-0089,2026-05-09,INR,31689.42,RECEIVED
INV-003474,PO-003474,SUP-0037,2026-04-02,INR,38000.07,RECEIVED
INV-003475,PO-003475,SUP-0086,2026-08-02,GBP,78626.74,RECEIVED
INV-003476,PO-003476,SUP-0069,2026-08-31,EUR,49538.6,RECEIVED
INV-003477,PO-003477,SUP-0116,2026-02-12,EUR,99644.42,RECEIVED
INV-003478,PO-003478,SUP-0057,2026-04-26,INR,139426.05,RECEIVED
INV-003479,PO-003479,SUP-0119,2026-08-13,INR,132730.09,RECEIVED
INV-003480,PO-003480,SUP-0055,2026-06-09,USD,95423.88,RECEIVED
INV-003481,PO-003481,SUP-0082,2026-06-01,GBP,105638.33,RECEIVED
INV-003482,PO-003482,SUP-0111,2026-03-31,GBP,113041.81,RECEIVED
INV-003483,PO-003483,SUP-0059,2026-09-16,GBP,13124.33,RECEIVED
INV-003484,PO-003484,SUP-0105,2026-05-09,GBP,107998.06,RECEIVED
INV-003485,PO-003485,SUP-0034,2026-07-07,GBP,23622.74,RECEIVED
INV-003486,PO-003486,SUP-0118,2026-01-13,USD,85325.67,RECEIVED
INV-003487,PO-003487,SUP-0109,2026-06-04,EUR,84328.63,RECEIVED
INV-003488,PO-003488,SUP-0105,2026-04-29,GBP,143516.84,RECEIVED
INV-003489,PO-003489,SUP-0117,2026-04-18,INR,25499.42,RECEIVED
INV-003490,PO-003490,SUP-0097,2026-04-06,GBP,59738.35,RECEIVED
INV-003491,PO-003491,SUP-0015,2026-08-27,EUR,102546.82,RECEIVED
INV-003492,PO-003492,SUP-0072,2026-09-25,EUR,142745.21,RECEIVED
INV-003493,PO-003493,SUP-0108,2026-03-23,USD,133123.08,RECEIVED
INV-003494,PO-003494,SUP-0114,2026-05-31,EUR,55116.23,RECEIVED
INV-003495,PO-003495,SUP-0094,2026-02-05,USD,50842.08,RECEIVED
INV-003496,PO-003496,SUP-0010,2026-09-02,INR,111987.01,RECEIVED
INV-003497,PO-003497,SUP-0103,2026-02-12,GBP,43302.03,RECEIVED
INV-003498,PO-003498,SUP-0080,2026-07-31,INR,96681.58,RECEIVED
INV-003499,PO-003499,SUP-0060,2026-09-05,GBP,57293.58,RECEIVED
INV-003500,PO-003500,SUP-0082,2026-02-16,GBP,45972.76,RECEIVED
INV-003501,PO-003501,SUP-0088,2026-04-29,EUR,19898.83,RECEIVED
INV-003502,PO-003502,SUP-0020,2026-07-26,EUR,119676.32,RECEIVED
INV-003503,PO-003503,SUP-0033,2026-05-08,USD,54838.79,RECEIVED
INV-003504,PO-003504,SUP-0075,2026-02-06,GBP,126794.7,RECEIVED
INV-003505,PO-003505,SUP-0047,2026-06-17,INR,81140.83,RECEIVED
INV-003506,PO-003506,SUP-0020,2026-05-02,EUR,28166.8,RECEIVED
INV-003507,PO-003507,SUP-0091,2026-08-20,USD,66463.07,RECEIVED
INV-003508,PO-003508,SUP-0102,2026-04-12,GBP,91557.68,RECEIVED
INV-003509,PO-003509,SUP-0086,2026-05-28,GBP,132236.97,RECEIVED
INV-003510,PO-003510,SUP-0049,2026-07-20,INR,34741.34,RECEIVED
INV-003511,PO-003511,SUP-0039,2026-08-15,GBP,145159.76,RECEIVED
INV-003512,PO-003512,SUP-0082,2026-06-10,GBP,78840.55,RECEIVED
INV-003513,PO-003513,SUP-0120,2026-08-05,INR,89476.54,RECEIVED
INV-003514,PO-003514,SUP-0028,2026-04-15,INR,113870.06,RECEIVED
INV-003515,PO-003515,SUP-0035,2026-04-24,GBP,114692.28,RECEIVED
INV-003516,PO-003516,SUP-0091,2026-02-11,USD,141136.41,RECEIVED
INV-003517,PO-003517,SUP-0104,2026-08-15,GBP,45245.91,RECEIVED
INV-003518,PO-003518,SUP-0089,2026-08-16,GBP,133297.61,RECEIVED
INV-003519,PO-003519,SUP-0069,2026-04-23,EUR,3489.43,RECEIVED
INV-003520,PO-003520,SUP-0064,2026-03-25,EUR,123551.27,RECEIVED
INV-003521,PO-003521,SUP-0035,2026-04-25,GBP,82474.97,RECEIVED
INV-003522,PO-003522,SUP-0105,2026-08-03,GBP,80030.37,RECEIVED
INV-003523,PO-003523,SUP-0071,2026-05-23,INR,113752.58,RECEIVED
INV-003524,PO-003524,SUP-0092,2026-05-06,INR,66287.96,RECEIVED
INV-003525,PO-003525,SUP-0107,2026-02-15,EUR,3398.97,RECEIVED
INV-003526,PO-003526,SUP-0089,2026-06-05,GBP,128058.27,RECEIVED
INV-003527,PO-003527,SUP-0058,2026-03-11,GBP,97831.2,RECEIVED
INV-003528,PO-003528,SUP-0113,2026-07-19,INR,50577.8,RECEIVED
INV-003529,PO-003529,SUP-0018,2026-03-23,USD,34300.96,RECEIVED
INV-003530,PO-003530,SUP-0085,2026-05-01,GBP,36362.58,RECEIVED
INV-003531,PO-003531,SUP-0038,2026-07-18,INR,48450.65,RECEIVED
INV-003532,PO-003532,SUP-0102,2026-06-28,GBP,12716.27,RECEIVED
INV-003533,PO-003533,SUP-0119,2026-09-14,INR,5225.38,RECEIVED
INV-003534,PO-003534,SUP-0045,2026-03-12,EUR,77268.33,RECEIVED
INV-003535,PO-003535,SUP-0109,2026-06-24,EUR,123455.64,RECEIVED
INV-003536,PO-003536,SUP-0013,2026-05-05,INR,73120.9,RECEIVED
INV-003537,PO-003537,SUP-0029,2026-03-09,USD,113154.37,RECEIVED
INV-003538,PO-003538,SUP-0090,2026-07-25,USD,99065.96,RECEIVED
INV-003539,PO-003539,SUP-0019,2026-07-20,EUR,90622.07,RECEIVED
INV-003540,PO-003540,SUP-0085,2026-09-07,EUR,18762.15,RECEIVED
INV-003541,PO-003541,SUP-0088,2026-09-11,EUR,126457.54,RECEIVED
INV-003542,PO-003542,SUP-0029,2026-06-02,USD,85194.76,RECEIVED
INV-003543,PO-003543,SUP-0052,2026-08-14,EUR,113794.64,RECEIVED
INV-003544,PO-003544,SUP-0035,2026-08-08,GBP,86932.67,RECEIVED
INV-003545,PO-003545,SUP-0107,2026-03-24,EUR,22881.81,RECEIVED
INV-003546,PO-003546,SUP-0037,2026-01-28,INR,148608.98,RECEIVED
INV-003547,PO-003547,SUP-0019,2026-02-17,EUR,34257.56,RECEIVED
INV-003548,PO-003548,SUP-0118,2026-05-14,USD,74186.49,RECEIVED
INV-003549,PO-003549,SUP-0035,2026-07-01,EUR,91677.08,RECEIVED
INV-003550,PO-003550,SUP-0071,2026-05-28,INR,146947.7,RECEIVED
INV-003551,PO-003551,SUP-0073,2026-02-06,GBP,57021.83,RECEIVED
INV-003552,PO-003552,SUP-0111,2026-05-20,GBP,30354.9,RECEIVED
INV-003553,PO-003553,SUP-0059,2026-04-26,INR,117546.61,RECEIVED
INV-003554,PO-003554,SUP-0049,2026-05-19,INR,58779.88,RECEIVED
INV-003555,PO-003555,SUP-0111,2026-09-03,GBP,42982.59,RECEIVED
INV-003556,PO-003556,SUP-0071,2026-09-20,INR,5084.53,RECEIVED
INV-003557,PO-003557,SUP-0104,2026-08-11,GBP,74401.07,RECEIVED
INV-003558,PO-003558,SUP-0042,2026-08-17,GBP,40435.63,RECEIVED
INV-003559,PO-003559,SUP-0096,2026-06-21,EUR,36311.44,RECEIVED
INV-003560,PO-003560,SUP-0037,2026-07-13,INR,62400.22,RECEIVED
INV-003561,PO-003561,SUP-0022,2026-02-20,GBP,111500.15,RECEIVED
INV-003562,PO-003562,SUP-0039,2026-05-18,GBP,35932.74,RECEIVED
INV-003563,PO-003563,SUP-0066,2026-04-09,GBP,114367.04,RECEIVED
INV-003564,PO-003564,SUP-0096,2026-01-23,EUR,23716.77,RECEIVED
INV-003565,PO-003565,SUP-0038,2026-07-23,INR,89117.82,RECEIVED
INV-003566,PO-003566,SUP-0078,2026-03-21,EUR,16404.64,RECEIVED
INV-003567,PO-003567,SUP-0079,2026-02-22,INR,103622.54,RECEIVED
INV-003568,PO-003568,SUP-0045,2026-03-21,EUR,7576.56,RECEIVED
INV-003569,PO-003569,SUP-0109,2026-08-30,EUR,18270.76,RECEIVED
INV-003570,PO-003570,SUP-0106,2026-03-16,USD,63127.03,RECEIVED
INV-003571,PO-003571,SUP-0027,2026-09-16,EUR,78795.91,RECEIVED
INV-003572,PO-003572,SUP-0096,2026-01-22,EUR,4700.35,RECEIVED
INV-003573,PO-003573,SUP-0095,2026-06-06,INR,134657.63,RECEIVED
INV-003574,PO-003574,SUP-0108,2026-03-20,USD,121390.58,RECEIVED
INV-003575,PO-003575,SUP-0058,2026-07-07,GBP,63397.26,RECEIVED
INV-003576,PO-003576,SUP-0065,2026-04-28,GBP,99564.91,RECEIVED
INV-003577,PO-003577,SUP-0094,2026-06-25,USD,9920.07,RECEIVED
INV-003578,PO-003578,SUP-0044,2026-07-24,USD,82936.28,RECEIVED
INV-003579,PO-003579,SUP-0113,2026-05-03,INR,89310.84,RECEIVED
INV-003580,PO-003580,SUP-0033,2026-02-04,USD,94599.02,RECEIVED
INV-003581,PO-003581,SUP-0119,2026-04-12,INR,3224.72,RECEIVED
INV-003582,PO-003582,SUP-0109,2026-08-25,EUR,139044.96,RECEIVED
INV-003583,PO-003583,SUP-0013,2026-09-16,INR,99298.5,RECEIVED
INV-003584,PO-003584,SUP-0074,2026-05-31,EUR,125954.14,RECEIVED
INV-003585,PO-003585,SUP-0024,2026-06-13,USD,71205.55,RECEIVED
INV-003586,PO-003586,SUP-0091,2026-08-28,USD,20885.02,RECEIVED
INV-003587,PO-003587,SUP-0115,2026-09-14,EUR,43175.88,RECEIVED
INV-003588,PO-003588,SUP-0095,2026-01-27,INR,118647.52,RECEIVED
INV-003589,PO-003589,SUP-0116,2026-07-29,EUR,58678.92,RECEIVED
INV-003590,PO-003590,SUP-0070,2026-07-25,INR,103218.92,RECEIVED
INV-003591,PO-003591,SUP-0060,2026-03-14,GBP,11242.33,RECEIVED
INV-003592,PO-003592,SUP-0044,2026-01-18,USD,119020.02,RECEIVED
INV-003593,PO-003593,SUP-0059,2026-07-03,GBP,132762.33,RECEIVED
INV-003594,PO-003594,SUP-0040,2026-03-20,USD,52629.44,RECEIVED
INV-003595,PO-003595,SUP-0111,2026-03-05,GBP,79028.34,RECEIVED
INV-003596,PO-003596,SUP-0004,2026-05-01,GBP,53208.94,RECEIVED
INV-003597,PO-003597,SUP-0013,2026-06-19,INR,42270.54,RECEIVED
INV-003598,PO-003598,SUP-0074,2026-06-26,EUR,42371.27,RECEIVED
INV-003599,PO-003599,SUP-0020,2026-08-02,EUR,43110.96,RECEIVED
INV-003600,PO-003600,SUP-0025,2026-05-24,USD,9292.87,RECEIVED
INV-003601,PO-003601,SUP-0096,2026-09-03,EUR,38131.43,RECEIVED
INV-003602,PO-003602,SUP-0014,2026-05-26,INR,113733.72,RECEIVED
INV-003603,PO-003603,SUP-0054,2026-08-31,GBP,116238.24,RECEIVED
INV-003604,PO-003604,SUP-0084,2026-06-21,EUR,148132.53,RECEIVED
INV-003605,PO-003605,SUP-0020,2026-02-14,EUR,7929.67,RECEIVED
INV-003606,PO-003606,SUP-0013,2026-01-27,INR,78284.99,RECEIVED
INV-003607,PO-003607,SUP-0028,2026-04-07,INR,136512.48,RECEIVED
INV-003608,PO-003608,SUP-0059,2026-05-28,GBP,81018.43,RECEIVED
INV-003609,PO-003609,SUP-0104,2026-04-20,GBP,40168.37,RECEIVED
INV-003610,PO-003610,SUP-0013,2026-02-17,INR,69298.83,RECEIVED
INV-003611,PO-003611,SUP-0075,2026-05-18,GBP,75267.25,RECEIVED
INV-003612,PO-003612,SUP-0057,2026-04-05,INR,111104.79,RECEIVED
INV-003613,PO-003613,SUP-0100,2026-05-17,EUR,51805.2,RECEIVED
INV-003614,PO-003614,SUP-0059,2026-06-27,GBP,35496.34,RECEIVED
INV-003615,PO-003615,SUP-0006,2026-06-07,GBP,133165.05,RECEIVED
INV-003616,PO-003616,SUP-0102,2026-04-22,GBP,55483.95,RECEIVED
INV-003617,PO-003617,SUP-0066,2026-07-25,GBP,75325.8,RECEIVED
INV-003618,PO-003618,SUP-0083,2026-02-04,INR,121677.29,RECEIVED
INV-003619,PO-003619,SUP-0093,2026-02-15,GBP,137555.33,RECEIVED
INV-003620,PO-003620,SUP-0087,2026-04-16,INR,126222.33,RECEIVED
INV-003621,PO-003621,SUP-0072,2026-04-26,EUR,61680.82,RECEIVED
INV-003622,PO-003622,SUP-0059,2026-08-11,INR,38597.99,RECEIVED
INV-003623,PO-003623,SUP-0089,2026-08-24,GBP,21680.45,RECEIVED
INV-003624,PO-003624,SUP-0061,2026-04-18,EUR,57773.31,RECEIVED
INV-003625,PO-003625,SUP-0089,2026-04-05,GBP,116059.35,RECEIVED
INV-003626,PO-003626,SUP-0022,2026-04-25,GBP,98366.01,RECEIVED
INV-003627,PO-003627,SUP-0074,2026-02-12,EUR,12418.27,RECEIVED
INV-003628,PO-003628,SUP-0053,2026-06-13,EUR,139190.14,RECEIVED
INV-003629,PO-003629,SUP-0065,2026-09-19,GBP,79517.7,RECEIVED
INV-003630,PO-003630,SUP-0029,2026-03-12,USD,63873.34,RECEIVED
INV-003631,PO-003631,SUP-0043,2026-07-28,USD,104046.31,RECEIVED
INV-003632,PO-003632,SUP-0066,2026-08-18,GBP,5063.89,RECEIVED
INV-003633,PO-003633,SUP-0005,2026-04-18,USD,82185.84,RECEIVED
INV-003634,PO-003634,SUP-0009,2026-05-21,EUR,96891.9,RECEIVED
INV-003635,PO-003635,SUP-0059,2026-04-03,GBP,147190.48,RECEIVED
INV-003636,PO-003636,SUP-0082,2026-07-25,GBP,6095.83,RECEIVED
INV-003637,PO-003637,SUP-0117,2026-08-17,INR,118512.66,RECEIVED
INV-003638,PO-003638,SUP-0026,2026-06-08,GBP,23172.85,RECEIVED
INV-003639,PO-003639,SUP-0064,2026-06-13,EUR,45159.85,RECEIVED
INV-003640,PO-003640,SUP-0016,2026-09-01,EUR,131299.36,RECEIVED
INV-003641,PO-003641,SUP-0014,2026-07-22,INR,123562.94,RECEIVED
INV-003642,PO-003642,SUP-0079,2026-08-02,INR,16130.8,RECEIVED
INV-003643,PO-003643,SUP-0088,2026-01-19,EUR,40869.03,RECEIVED
INV-003644,PO-003644,SUP-0067,2026-06-08,GBP,77382.91,RECEIVED
INV-003645,PO-003645,SUP-0075,2026-06-18,GBP,95542.5,RECEIVED
INV-003646,PO-003646,SUP-0074,2026-03-23,EUR,137257.2,RECEIVED
INV-003647,PO-003647,SUP-0073,2026-06-15,GBP,20938.3,RECEIVED
INV-003648,PO-003648,SUP-0101,2026-07-21,EUR,96924.45,RECEIVED
INV-003649,PO-003649,SUP-0040,2026-01-26,USD,22284.83,RECEIVED
INV-003650,PO-003650,SUP-0082,2026-02-06,GBP,67304.97,RECEIVED
INV-003651,PO-003651,SUP-0119,2026-02-27,INR,24151.54,RECEIVED
INV-003652,PO-003652,SUP-0031,2026-09-21,GBP,24339.82,RECEIVED
INV-003653,PO-003653,SUP-0053,2026-02-21,EUR,13266.12,RECEIVED
INV-003654,PO-003654,SUP-0036,2026-05-01,INR,115860.31,RECEIVED
INV-003655,PO-003655,SUP-0092,2026-07-09,INR,123302.92,RECEIVED
INV-003656,PO-003656,SUP-0018,2026-01-09,USD,139020.41,RECEIVED
INV-003657,PO-003657,SUP-0095,2026-03-10,GBP,41840.41,RECEIVED
INV-003658,PO-003658,SUP-0041,2026-03-16,USD,12963.83,RECEIVED
INV-003659,PO-003659,SUP-0020,2026-01-25,EUR,130693.56,RECEIVED
INV-003660,PO-003660,SUP-0010,2026-06-23,INR,105618.31,RECEIVED
INV-003661,PO-003661,SUP-0086,2026-06-22,GBP,62127.36,RECEIVED
INV-003662,PO-003662,SUP-0077,2026-07-23,EUR,148599.05,RECEIVED
INV-003663,PO-003663,SUP-0016,2026-09-02,USD,68986.6,RECEIVED
INV-003664,PO-003664,SUP-0061,2026-03-06,EUR,48881.66,RECEIVED
INV-003665,PO-003665,SUP-0115,2026-01-22,EUR,139521.92,RECEIVED
INV-003666,PO-003666,SUP-0075,2026-02-17,GBP,137946.05,RECEIVED
INV-003667,PO-003667,SUP-0010,2026-08-20,INR,71097.51,RECEIVED
INV-003668,PO-003668,SUP-0038,2026-04-03,INR,127536.23,RECEIVED
INV-003669,PO-003669,SUP-0021,2026-03-31,GBP,87088.25,RECEIVED
INV-003670,PO-003670,SUP-0106,2026-01-24,USD,25699.74,RECEIVED
INV-003671,PO-003671,SUP-0098,2026-03-23,USD,101524.69,RECEIVED
INV-003672,PO-003672,SUP-0056,2026-06-10,GBP,112201.97,RECEIVED
INV-003673,PO-003673,SUP-0086,2026-05-09,GBP,66090.91,RECEIVED
INV-003674,PO-003674,SUP-0094,2026-08-23,USD,74685.2,RECEIVED
INV-003675,PO-003675,SUP-0108,2026-08-04,USD,117451.06,RECEIVED
INV-003676,PO-003676,SUP-0041,2026-03-22,USD,120554.83,RECEIVED
INV-003677,PO-003677,SUP-0026,2026-04-29,GBP,95172.2,RECEIVED
INV-003678,PO-003678,SUP-0037,2026-03-25,INR,145813.38,RECEIVED
INV-003679,PO-003679,SUP-0116,2026-08-11,EUR,94794.76,RECEIVED
INV-003680,PO-003680,SUP-0106,2026-08-28,USD,42260.97,RECEIVED
INV-003681,PO-003681,SUP-0114,2026-08-11,EUR,118293.27,RECEIVED
INV-003682,PO-003682,SUP-0025,2026-06-05,EUR,75268.64,RECEIVED
INV-003683,PO-003683,SUP-0016,2026-05-11,EUR,87938.82,RECEIVED
INV-003684,PO-003684,SUP-0056,2026-04-23,GBP,137068.44,RECEIVED
INV-003685,PO-003685,SUP-0024,2026-02-14,USD,129414.51,RECEIVED
INV-003686,PO-003686,SUP-0040,2026-03-24,USD,41184.79,RECEIVED
INV-003687,PO-003687,SUP-0001,2026-08-08,EUR,139544.46,RECEIVED
INV-003688,PO-003688,SUP-0016,2026-06-16,EUR,58474.94,RECEIVED
INV-003689,PO-003689,SUP-0006,2026-05-15,GBP,104622.04,RECEIVED
INV-003690,PO-003690,SUP-0046,2026-08-30,USD,34085.88,RECEIVED
INV-003691,PO-003691,SUP-0110,2026-07-05,USD,104873.37,RECEIVED
INV-003692,PO-003692,SUP-0119,2026-03-31,INR,47092.93,RECEIVED
INV-003693,PO-003693,SUP-0062,2026-02-06,GBP,6458.67,RECEIVED
INV-003694,PO-003694,SUP-0087,2026-08-19,INR,104331.03,RECEIVED
INV-003695,PO-003695,SUP-0120,2026-02-05,INR,90603.56,RECEIVED
INV-003696,PO-003696,SUP-0047,2026-08-19,INR,52795.44,RECEIVED
INV-003697,PO-003697,SUP-0036,2026-03-06,INR,76838.58,RECEIVED
INV-003698,PO-003698,SUP-0087,2026-08-09,INR,132090.89,RECEIVED
INV-003699,PO-003699,SUP-0056,2026-08-21,GBP,52167.0,RECEIVED
INV-003700,PO-003700,SUP-0071,2026-07-24,INR,140730.04,RECEIVED
INV-003701,PO-003701,SUP-0066,2026-01-20,GBP,79312.07,RECEIVED
INV-003702,PO-003702,SUP-0060,2026-08-06,GBP,33879.59,RECEIVED
INV-003703,PO-003703,SUP-0096,2026-08-25,EUR,132893.51,RECEIVED
INV-003704,PO-003704,SUP-0011,2026-08-03,GBP,25261.24,RECEIVED
INV-003705,PO-003705,SUP-0107,2026-01-13,EUR,114752.13,RECEIVED
INV-003706,PO-003706,SUP-0030,2026-05-12,GBP,123395.32,RECEIVED
INV-003707,PO-003707,SUP-0120,2026-01-24,INR,31951.86,RECEIVED
INV-003708,PO-003708,SUP-0092,2026-08-18,INR,68783.36,RECEIVED
INV-003709,PO-003709,SUP-0104,2026-08-11,GBP,87571.5,RECEIVED
INV-003710,PO-003710,SUP-0068,2026-07-13,INR,122439.6,RECEIVED
INV-003711,PO-003711,SUP-0032,2026-04-27,USD,90471.89,RECEIVED
INV-003712,PO-003712,SUP-0098,2026-08-09,USD,67766.97,RECEIVED
INV-003713,PO-003713,SUP-0102,2026-03-13,GBP,17570.32,RECEIVED
INV-003714,PO-003714,SUP-0003,2026-02-02,EUR,95031.66,RECEIVED
INV-003715,PO-003715,SUP-0101,2026-02-24,EUR,145559.97,RECEIVED
INV-003716,PO-003716,SUP-0025,2026-06-02,EUR,98262.36,RECEIVED
INV-003717,PO-003717,SUP-0009,2026-07-30,EUR,89842.03,RECEIVED
INV-003718,PO-003718,SUP-0054,2026-06-06,GBP,77715.75,RECEIVED
INV-003719,PO-003719,SUP-0119,2026-04-16,INR,110202.88,RECEIVED
INV-003720,PO-003720,SUP-0067,2026-02-21,GBP,51340.0,RECEIVED
INV-003721,PO-003721,SUP-0063,2026-02-14,INR,97795.0,RECEIVED
INV-003722,PO-003722,SUP-0081,2026-05-08,USD,132983.63,RECEIVED
INV-003723,PO-003723,SUP-0114,2026-08-30,EUR,115372.71,RECEIVED
INV-003724,PO-003724,SUP-0046,2026-04-06,USD,121217.9,RECEIVED
INV-003725,PO-003725,SUP-0053,2026-08-14,EUR,131559.11,RECEIVED
INV-003726,PO-003726,SUP-0010,2026-02-13,INR,68279.61,RECEIVED
INV-003727,PO-003727,SUP-0059,2026-05-08,INR,142402.92,RECEIVED
INV-003728,PO-003728,SUP-0120,2026-01-14,USD,33797.66,RECEIVED
INV-003729,PO-003729,SUP-0082,2026-06-04,GBP,43574.76,RECEIVED
INV-003730,PO-003730,SUP-0007,2026-06-28,INR,108512.52,RECEIVED
INV-003731,PO-003731,SUP-0011,2026-03-20,USD,56373.87,RECEIVED
INV-003732,PO-003732,SUP-0079,2026-03-23,INR,117450.97,RECEIVED
INV-003733,PO-003733,SUP-0029,2026-06-01,USD,15174.11,RECEIVED
INV-003734,PO-003734,SUP-0035,2026-06-29,EUR,128866.3,RECEIVED
INV-003735,PO-003735,SUP-0046,2026-05-24,USD,64852.71,RECEIVED
INV-003736,PO-003736,SUP-0039,2026-03-11,GBP,26521.72,RECEIVED
INV-003737,PO-003737,SUP-0037,2026-07-22,EUR,107428.57,RECEIVED
INV-003738,PO-003738,SUP-0065,2026-06-03,GBP,38481.64,RECEIVED
INV-003739,PO-003739,SUP-0014,2026-03-11,INR,63440.11,RECEIVED
INV-003740,PO-003740,SUP-0095,2026-04-09,GBP,112096.04,RECEIVED
INV-003741,PO-003741,SUP-0001,2026-09-01,EUR,106121.72,RECEIVED
INV-003742,PO-003742,SUP-0031,2026-04-03,GBP,149855.29,RECEIVED
INV-003743,PO-003743,SUP-0039,2026-02-19,GBP,131509.4,RECEIVED
INV-003744,PO-003744,SUP-0006,2026-05-06,GBP,4432.84,RECEIVED
INV-003745,PO-003745,SUP-0016,2026-05-03,EUR,129964.7,RECEIVED
INV-003746,PO-003746,SUP-0011,2026-01-26,GBP,116394.24,RECEIVED
INV-003747,PO-003747,SUP-0028,2026-05-05,INR,29078.92,RECEIVED
INV-003748,PO-003748,SUP-0013,2026-06-22,INR,116352.17,RECEIVED
INV-003749,PO-003749,SUP-0039,2026-08-07,GBP,29838.38,RECEIVED
INV-003750,PO-003750,SUP-0036,2026-06-28,GBP,77741.19,RECEIVED
INV-003751,PO-003751,SUP-0053,2026-08-26,EUR,3148.09,RECEIVED
INV-003752,PO-003752,SUP-0116,2026-02-19,EUR,126850.94,RECEIVED
INV-003753,PO-003753,SUP-0081,2026-09-01,INR,105757.07,RECEIVED
INV-003754,PO-003754,SUP-0081,2026-07-04,INR,130112.37,RECEIVED
INV-003755,PO-003755,SUP-0109,2026-05-10,EUR,40253.91,RECEIVED
INV-003756,PO-003756,SUP-0057,2026-04-29,INR,61807.96,RECEIVED
INV-003757,PO-003757,SUP-0119,2026-02-17,INR,37987.66,RECEIVED
INV-003758,PO-003758,SUP-0050,2026-09-09,USD,20361.11,RECEIVED
INV-003759,PO-003759,SUP-0033,2026-07-09,USD,111369.56,RECEIVED
INV-003760,PO-003760,SUP-0089,2026-05-18,INR,132033.33,RECEIVED
INV-003761,PO-003761,SUP-0060,2026-08-27,GBP,114870.16,RECEIVED
INV-003762,PO-003762,SUP-0021,2026-08-30,GBP,25905.6,RECEIVED
INV-003763,PO-003763,SUP-0106,2026-09-04,USD,31825.91,RECEIVED
INV-003764,PO-003764,SUP-0070,2026-03-12,INR,29713.6,RECEIVED
INV-003765,PO-003765,SUP-0027,2026-05-10,EUR,60618.21,RECEIVED
INV-003766,PO-003766,SUP-0007,2026-02-27,INR,8969.1,RECEIVED
INV-003767,PO-003767,SUP-0057,2026-07-16,INR,96378.84,RECEIVED
INV-003768,PO-003768,SUP-0051,2026-05-21,GBP,79837.74,RECEIVED
INV-003769,PO-003769,SUP-0102,2026-03-06,GBP,117578.8,RECEIVED
INV-003770,PO-003770,SUP-0043,2026-02-18,USD,84853.2,RECEIVED
INV-003771,PO-003771,SUP-0085,2026-07-23,EUR,50343.74,RECEIVED
INV-003772,PO-003772,SUP-0086,2026-08-17,GBP,24345.84,RECEIVED
INV-003773,PO-003773,SUP-0095,2026-04-15,GBP,67425.07,RECEIVED
INV-003774,PO-003774,SUP-0056,2026-02-12,GBP,101489.17,RECEIVED
INV-003775,PO-003775,SUP-0118,2026-09-22,USD,105080.38,RECEIVED
INV-003776,PO-003776,SUP-0071,2026-02-24,INR,57387.79,RECEIVED
INV-003777,PO-003777,SUP-0025,2026-08-10,USD,146049.51,RECEIVED
INV-003778,PO-003778,SUP-0060,2026-03-23,GBP,122068.67,RECEIVED
INV-003779,PO-003779,SUP-0006,2026-06-08,GBP,17735.77,RECEIVED
INV-003780,PO-003780,SUP-0110,2026-07-31,USD,85028.08,RECEIVED
INV-003781,PO-003781,SUP-0036,2026-05-08,INR,140747.29,RECEIVED
INV-003782,PO-003782,SUP-0065,2026-01-13,GBP,107844.41,RECEIVED
INV-003783,PO-003783,SUP-0098,2026-08-28,USD,87858.67,RECEIVED
INV-003784,PO-003784,SUP-0061,2026-08-22,EUR,10829.25,RECEIVED
INV-003785,PO-003785,SUP-0052,2026-06-22,EUR,128082.55,RECEIVED
INV-003786,PO-003786,SUP-0019,2026-02-11,EUR,119115.91,RECEIVED
INV-003787,PO-003787,SUP-0039,2026-09-07,GBP,6764.81,RECEIVED
INV-003788,PO-003788,SUP-0064,2026-06-01,EUR,82969.1,RECEIVED
INV-003789,PO-003789,SUP-0038,2026-05-02,INR,54592.06,RECEIVED
INV-003790,PO-003790,SUP-0045,2026-01-27,EUR,10992.97,RECEIVED
INV-003791,PO-003791,SUP-0013,2026-01-28,INR,68717.14,RECEIVED
INV-003792,PO-003792,SUP-0012,2026-06-07,USD,41051.33,RECEIVED
INV-003793,PO-003793,SUP-0101,2026-01-29,EUR,120890.44,RECEIVED
INV-003794,PO-003794,SUP-0096,2026-07-15,EUR,138773.22,RECEIVED
INV-003795,PO-003795,SUP-0027,2026-04-08,EUR,139699.2,RECEIVED
INV-003796,PO-003796,SUP-0056,2026-08-10,GBP,47204.65,RECEIVED
INV-003797,PO-003797,SUP-0109,2026-03-03,EUR,69613.03,RECEIVED
INV-003798,PO-003798,SUP-0093,2026-02-02,GBP,119154.13,RECEIVED
INV-003799,PO-003799,SUP-0011,2026-08-09,GBP,13954.94,RECEIVED
INV-003800,PO-003800,SUP-0051,2026-08-02,GBP,38708.3,RECEIVED
INV-003801,PO-003801,SUP-0021,2026-05-08,GBP,149058.06,RECEIVED
INV-003802,PO-003802,SUP-0066,2026-03-27,GBP,141679.08,RECEIVED
INV-003803,PO-003803,SUP-0047,2026-07-21,INR,44277.7,RECEIVED
INV-003804,PO-003804,SUP-0069,2026-07-19,EUR,38702.65,RECEIVED
INV-003805,PO-003805,SUP-0008,2026-04-19,EUR,41221.71,RECEIVED
INV-003806,PO-003806,SUP-0093,2026-02-26,GBP,145314.18,RECEIVED
INV-003807,PO-003807,SUP-0025,2026-02-16,USD,118916.41,RECEIVED
INV-003808,PO-003808,SUP-0042,2026-04-18,USD,121612.97,RECEIVED
INV-003809,PO-003809,SUP-0071,2026-07-16,INR,37706.19,RECEIVED
INV-003810,PO-003810,SUP-0106,2026-06-24,USD,63053.78,RECEIVED
INV-003811,PO-003811,SUP-0023,2026-04-25,EUR,31742.31,RECEIVED
INV-003812,PO-003812,SUP-0103,2026-07-18,GBP,134683.37,RECEIVED
INV-003813,PO-003813,SUP-0036,2026-01-07,GBP,114577.69,RECEIVED
INV-003814,PO-003814,SUP-0002,2026-07-23,USD,147816.12,RECEIVED
INV-003815,PO-003815,SUP-0048,2026-03-14,USD,144124.92,RECEIVED
INV-003816,PO-003816,SUP-0065,2026-06-19,GBP,112033.14,RECEIVED
INV-003817,PO-003817,SUP-0079,2026-09-27,INR,51041.93,RECEIVED
INV-003818,PO-003818,SUP-0055,2026-05-10,USD,29469.49,RECEIVED
INV-003819,PO-003819,SUP-0115,2026-06-26,EUR,34589.07,RECEIVED
INV-003820,PO-003820,SUP-0098,2026-01-18,USD,44434.25,RECEIVED
INV-003821,PO-003821,SUP-0119,2026-03-06,INR,133606.76,RECEIVED
INV-003822,PO-003822,SUP-0038,2026-09-29,INR,104896.91,RECEIVED
INV-003823,PO-003823,SUP-0113,2026-09-09,INR,77676.41,RECEIVED
INV-003824,PO-003824,SUP-0040,2026-05-10,USD,24537.93,RECEIVED
INV-003825,PO-003825,SUP-0103,2026-04-28,GBP,117016.6,RECEIVED
INV-003826,PO-003826,SUP-0018,2026-07-09,USD,39724.7,RECEIVED
INV-003827,PO-003827,SUP-0104,2026-09-26,GBP,56446.33,RECEIVED
INV-003828,PO-003828,SUP-0091,2026-03-01,USD,129576.17,RECEIVED
INV-003829,PO-003829,SUP-0066,2026-08-19,GBP,36415.73,RECEIVED
INV-003830,PO-003830,SUP-0077,2026-08-26,EUR,138432.52,RECEIVED
INV-003831,PO-003831,SUP-0117,2026-08-17,INR,43090.24,RECEIVED
INV-003832,PO-003832,SUP-0120,2026-08-14,USD,117792.19,RECEIVED
INV-003833,PO-003833,SUP-0109,2026-07-27,EUR,32718.31,RECEIVED
INV-003834,PO-003834,SUP-0111,2026-05-05,GBP,131357.12,RECEIVED
INV-003835,PO-003835,SUP-0031,2026-03-14,GBP,62365.88,RECEIVED
INV-003836,PO-003836,SUP-0024,2026-06-12,USD,77378.6,RECEIVED
INV-003837,PO-003837,SUP-0012,2026-02-12,USD,88536.28,RECEIVED
INV-003838,PO-003838,SUP-0014,2026-04-18,INR,126940.15,RECEIVED
INV-003839,PO-003839,SUP-0115,2026-06-12,EUR,52937.07,RECEIVED
INV-003840,PO-003840,SUP-0019,2026-03-15,EUR,49448.81,RECEIVED
INV-003841,PO-003841,SUP-0038,2026-04-18,INR,14775.87,RECEIVED
INV-003842,PO-003842,SUP-0080,2026-03-26,INR,30720.11,RECEIVED
INV-003843,PO-003843,SUP-0009,2026-09-17,EUR,39446.21,RECEIVED
INV-003844,PO-003844,SUP-0112,2026-04-22,EUR,81159.5,RECEIVED
INV-003845,PO-003845,SUP-0042,2026-05-31,GBP,94586.02,RECEIVED
INV-003846,PO-003846,SUP-0084,2026-04-30,EUR,68458.41,RECEIVED
INV-003847,PO-003847,SUP-0002,2026-02-20,USD,76394.59,RECEIVED
INV-003848,PO-003848,SUP-0036,2026-03-24,GBP,47730.82,RECEIVED
INV-003849,PO-003849,SUP-0073,2026-04-14,GBP,109103.19,RECEIVED
INV-003850,PO-003850,SUP-0040,2026-05-11,USD,134535.09,RECEIVED
INV-003851,PO-003851,SUP-0030,2026-03-22,GBP,80675.69,RECEIVED
INV-003852,PO-003852,SUP-0111,2026-06-06,GBP,101452.27,RECEIVED
INV-003853,PO-003853,SUP-0101,2026-07-05,EUR,48101.26,RECEIVED
INV-003854,PO-003854,SUP-0006,2026-06-06,GBP,40088.24,RECEIVED
INV-003855,PO-003855,SUP-0118,2026-09-18,USD,48059.86,RECEIVED
INV-003856,PO-003856,SUP-0117,2026-05-14,INR,89186.07,RECEIVED
INV-003857,PO-003857,SUP-0020,2026-05-14,EUR,127930.69,RECEIVED
INV-003858,PO-003858,SUP-0073,2026-06-30,GBP,121298.6,RECEIVED
INV-003859,PO-003859,SUP-0118,2026-04-20,USD,19408.19,RECEIVED
INV-003860,PO-003860,SUP-0088,2026-09-04,EUR,14932.73,RECEIVED
INV-003861,PO-003861,SUP-0008,2026-02-16,EUR,33502.74,RECEIVED
INV-003862,PO-003862,SUP-0017,2026-05-17,INR,120634.14,RECEIVED
INV-003863,PO-003863,SUP-0076,2026-07-21,USD,20199.4,RECEIVED
INV-003864,PO-003864,SUP-0036,2026-09-15,GBP,129190.43,RECEIVED
INV-003865,PO-003865,SUP-0048,2026-07-21,USD,41019.49,RECEIVED
INV-003866,PO-003866,SUP-0062,2026-05-18,GBP,63133.17,RECEIVED
INV-003867,PO-003867,SUP-0091,2026-03-03,USD,38421.65,RECEIVED
INV-003868,PO-003868,SUP-0073,2026-07-09,GBP,50299.28,RECEIVED
INV-003869,PO-003869,SUP-0022,2026-01-31,GBP,42472.17,RECEIVED
INV-003870,PO-003870,SUP-0056,2026-03-18,GBP,149619.46,RECEIVED
INV-003871,PO-003871,SUP-0071,2026-06-19,INR,72197.35,RECEIVED
INV-003872,PO-003872,SUP-0050,2026-03-08,USD,51234.2,RECEIVED
INV-003873,PO-003873,SUP-0042,2026-02-05,USD,23756.42,RECEIVED
INV-003874,PO-003874,SUP-0105,2026-06-29,GBP,117468.81,RECEIVED
INV-003875,PO-003875,SUP-0096,2026-03-10,EUR,74544.31,RECEIVED
INV-003876,PO-003876,SUP-0091,2026-08-31,USD,19227.66,RECEIVED
INV-003877,PO-003877,SUP-0119,2026-01-12,INR,52494.12,RECEIVED
INV-003878,PO-003878,SUP-0061,2026-05-21,EUR,27471.24,RECEIVED
INV-003879,PO-003879,SUP-0074,2026-07-24,EUR,109762.14,RECEIVED
INV-003880,PO-003880,SUP-0085,2026-07-17,GBP,76216.43,RECEIVED
INV-003881,PO-003881,SUP-0054,2026-06-14,INR,37597.71,RECEIVED
INV-003882,PO-003882,SUP-0056,2026-06-01,GBP,61474.34,RECEIVED
INV-003883,PO-003883,SUP-0035,2026-09-20,GBP,30345.25,RECEIVED
INV-003884,PO-003884,SUP-0005,2026-04-04,USD,69813.63,RECEIVED
INV-003885,PO-003885,SUP-0031,2026-05-12,GBP,85219.63,RECEIVED
INV-003886,PO-003886,SUP-0010,2026-04-29,INR,147078.45,RECEIVED
INV-003887,PO-003887,SUP-0006,2026-02-02,GBP,14838.98,RECEIVED
INV-003888,PO-003888,SUP-0110,2026-03-12,USD,27074.29,RECEIVED
INV-003889,PO-003889,SUP-0003,2026-06-07,EUR,77366.31,RECEIVED
INV-003890,PO-003890,SUP-0085,2026-09-04,GBP,142824.65,RECEIVED
INV-003891,PO-003891,SUP-0025,2026-09-28,EUR,1469.93,RECEIVED
INV-003892,PO-003892,SUP-0089,2026-03-15,INR,29605.86,RECEIVED
INV-003893,PO-003893,SUP-0065,2026-03-06,GBP,111876.18,RECEIVED
INV-003894,PO-003894,SUP-0116,2026-02-28,EUR,138025.12,RECEIVED
INV-003895,PO-003895,SUP-0061,2026-05-05,EUR,34415.15,RECEIVED
INV-003896,PO-003896,SUP-0104,2026-07-12,GBP,38791.16,RECEIVED
INV-003897,PO-003897,SUP-0022,2026-05-17,GBP,62535.47,RECEIVED
INV-003898,PO-003898,SUP-0030,2026-03-25,GBP,50265.95,RECEIVED
INV-003899,PO-003899,SUP-0032,2026-04-28,USD,66761.77,RECEIVED
INV-003900,PO-003900,SUP-0058,2026-06-23,GBP,105365.07,RECEIVED
INV-003901,PO-003901,SUP-0073,2026-05-18,GBP,36725.98,RECEIVED
INV-003902,PO-003902,SUP-0009,2026-07-30,EUR,62951.93,RECEIVED
INV-003903,PO-003903,SUP-0066,2026-07-06,GBP,36875.45,RECEIVED
INV-003904,PO-003904,SUP-0001,2026-02-02,EUR,91627.11,RECEIVED
INV-003905,PO-003905,SUP-0111,2026-05-12,GBP,130966.74,RECEIVED
INV-003906,PO-003906,SUP-0085,2026-08-31,GBP,146297.17,RECEIVED
INV-003907,PO-003907,SUP-0111,2026-07-01,GBP,41245.61,RECEIVED
INV-003908,PO-003908,SUP-0120,2026-01-12,USD,72974.12,RECEIVED
INV-003909,PO-003909,SUP-0031,2026-05-03,GBP,80403.83,RECEIVED
INV-003910,PO-003910,SUP-0036,2026-06-22,INR,123234.45,RECEIVED
INV-003911,PO-003911,SUP-0016,2026-01-20,USD,94394.76,RECEIVED
INV-003912,PO-003912,SUP-0008,2026-03-02,EUR,87025.0,RECEIVED
INV-003913,PO-003913,SUP-0096,2026-01-27,EUR,12147.96,RECEIVED
INV-003914,PO-003914,SUP-0115,2026-04-17,EUR,147166.99,RECEIVED
INV-003915,PO-003915,SUP-0089,2026-06-27,INR,123521.73,RECEIVED
INV-003916,PO-003916,SUP-0085,2026-08-05,EUR,129483.88,RECEIVED
INV-003917,PO-003917,SUP-0003,2026-06-11,EUR,122346.31,RECEIVED
INV-003918,PO-003918,SUP-0105,2026-07-02,GBP,67157.77,RECEIVED
INV-003919,PO-003919,SUP-0087,2026-08-16,INR,4593.02,RECEIVED
INV-003920,PO-003920,SUP-0027,2026-02-14,EUR,56300.93,RECEIVED
INV-003921,PO-003921,SUP-0089,2026-07-08,GBP,107657.61,RECEIVED
INV-003922,PO-003922,SUP-0059,2026-05-02,GBP,100313.14,RECEIVED
INV-003923,PO-003923,SUP-0052,2026-05-09,EUR,129668.38,RECEIVED
INV-003924,PO-003924,SUP-0038,2026-08-15,INR,96910.07,RECEIVED
INV-003925,PO-003925,SUP-0013,2026-08-19,INR,36952.03,RECEIVED
INV-003926,PO-003926,SUP-0092,2026-08-27,INR,115428.07,RECEIVED
INV-003927,PO-003927,SUP-0046,2026-02-23,USD,87797.42,RECEIVED
INV-003928,PO-003928,SUP-0041,2026-03-19,USD,141122.28,RECEIVED
INV-003929,PO-003929,SUP-0117,2026-03-07,INR,126029.53,RECEIVED
INV-003930,PO-003930,SUP-0001,2026-07-01,EUR,128771.88,RECEIVED
INV-003931,PO-003931,SUP-0091,2026-02-02,USD,132297.85,RECEIVED
INV-003932,PO-003932,SUP-0014,2026-09-01,INR,136531.49,RECEIVED
INV-003933,PO-003933,SUP-0075,2026-02-11,GBP,52586.93,RECEIVED
INV-003934,PO-003934,SUP-0073,2026-09-02,GBP,14218.77,RECEIVED
INV-003935,PO-003935,SUP-0097,2026-09-10,GBP,69724.11,RECEIVED
INV-003936,PO-003936,SUP-0044,2026-02-07,USD,67418.53,RECEIVED
INV-003937,PO-003937,SUP-0077,2026-06-21,EUR,132862.83,RECEIVED
INV-003938,PO-003938,SUP-0024,2026-05-29,USD,89974.44,RECEIVED
INV-003939,PO-003939,SUP-0037,2026-01-19,INR,31133.69,RECEIVED
INV-003940,PO-003940,SUP-0110,2026-09-18,USD,58989.81,RECEIVED
INV-003941,PO-003941,SUP-0113,2026-03-05,INR,80834.63,RECEIVED
INV-003942,PO-003942,SUP-0117,2026-09-09,INR,73542.84,RECEIVED
INV-003943,PO-003943,SUP-0115,2026-02-21,EUR,59545.79,RECEIVED
INV-003944,PO-003944,SUP-0059,2026-03-25,INR,80933.59,RECEIVED
INV-003945,PO-003945,SUP-0096,2026-04-29,EUR,59365.65,RECEIVED
INV-003946,PO-003946,SUP-0078,2026-04-25,EUR,111314.16,RECEIVED
INV-003947,PO-003947,SUP-0057,2026-05-20,GBP,58043.86,RECEIVED
INV-003948,PO-003948,SUP-0037,2026-03-20,INR,86224.96,RECEIVED
INV-003949,PO-003949,SUP-0066,2026-04-24,GBP,126835.35,RECEIVED
INV-003950,PO-003950,SUP-0077,2026-05-15,EUR,85427.78,RECEIVED
INV-003951,PO-003951,SUP-0042,2026-05-02,USD,11703.85,RECEIVED
INV-003952,PO-003952,SUP-0067,2026-05-17,USD,29712.57,RECEIVED
INV-003953,PO-003953,SUP-0035,2026-03-02,GBP,149274.77,RECEIVED
INV-003954,PO-003954,SUP-0105,2026-04-03,GBP,55760.65,RECEIVED
INV-003955,PO-003955,SUP-0079,2026-08-28,INR,10794.7,RECEIVED
INV-003956,PO-003956,SUP-0099,2026-08-25,USD,100206.29,RECEIVED
INV-003957,PO-003957,SUP-0050,2026-06-22,USD,86318.78,RECEIVED
INV-003958,PO-003958,SUP-0027,2026-04-18,EUR,3323.79,RECEIVED
INV-003959,PO-003959,SUP-0028,2026-03-05,INR,28895.44,RECEIVED
INV-003960,PO-003960,SUP-0019,2026-07-09,EUR,79324.08,RECEIVED
INV-003961,PO-003961,SUP-0102,2026-07-07,GBP,56931.58,RECEIVED
INV-003962,PO-003962,SUP-0058,2026-04-05,GBP,127156.65,RECEIVED
INV-003963,PO-003963,SUP-0035,2026-08-01,EUR,52583.08,RECEIVED
INV-003964,PO-003964,SUP-0045,2026-07-14,EUR,117992.56,RECEIVED
INV-003965,PO-003965,SUP-0074,2026-07-14,EUR,105621.65,RECEIVED
INV-003966,PO-003966,SUP-0101,2026-09-08,EUR,109810.92,RECEIVED
INV-003967,PO-003967,SUP-0048,2026-03-30,USD,87260.61,RECEIVED
INV-003968,PO-003968,SUP-0023,2026-07-01,EUR,76250.93,RECEIVED
INV-003969,PO-003969,SUP-0099,2026-08-14,USD,90407.48,RECEIVED
INV-003970,PO-003970,SUP-0113,2026-05-06,INR,135700.8,RECEIVED
INV-003971,PO-003971,SUP-0111,2026-02-11,GBP,95937.57,RECEIVED
INV-003972,PO-003972,SUP-0053,2026-07-25,EUR,24222.28,RECEIVED
INV-003973,PO-003973,SUP-0054,2026-03-19,INR,30000.98,RECEIVED
INV-003974,PO-003974,SUP-0101,2026-03-08,EUR,41263.23,RECEIVED
INV-003975,PO-003975,SUP-0057,2026-08-17,GBP,18320.88,RECEIVED
INV-003976,PO-003976,SUP-0102,2026-03-10,GBP,97778.51,RECEIVED
INV-003977,PO-003977,SUP-0085,2026-09-19,GBP,110052.58,RECEIVED
INV-003978,PO-003978,SUP-0119,2026-06-10,INR,74556.64,RECEIVED
INV-003979,PO-003979,SUP-0087,2026-08-12,INR,13526.23,RECEIVED
INV-003980,PO-003980,SUP-0077,2026-03-27,EUR,43339.2,RECEIVED
INV-003981,PO-003981,SUP-0041,2026-07-10,USD,76272.95,RECEIVED
INV-003982,PO-003982,SUP-0007,2026-03-12,INR,148414.73,RECEIVED
INV-003983,PO-003983,SUP-0093,2026-05-14,GBP,63088.93,RECEIVED
INV-003984,PO-003984,SUP-0062,2026-03-12,GBP,136320.29,RECEIVED
INV-003985,PO-003985,SUP-0092,2026-08-12,INR,123172.94,RECEIVED
INV-003986,PO-003986,SUP-0062,2026-04-13,GBP,128774.99,RECEIVED
INV-003987,PO-003987,SUP-0091,2026-08-11,USD,85905.97,RECEIVED
INV-003988,PO-003988,SUP-0103,2026-08-27,GBP,8733.64,RECEIVED
INV-003989,PO-003989,SUP-0109,2026-06-12,EUR,12802.41,RECEIVED
INV-003990,PO-003990,SUP-0088,2026-08-09,EUR,55845.15,RECEIVED
INV-003991,PO-003991,SUP-0013,2026-03-25,INR,21649.42,RECEIVED
INV-003992,PO-003992,SUP-0051,2026-02-26,GBP,55025.16,RECEIVED
INV-003993,PO-003993,SUP-0116,2026-03-28,EUR,50025.47,RECEIVED
INV-003994,PO-003994,SUP-0113,2026-02-05,INR,56181.61,RECEIVED
INV-003995,PO-003995,SUP-0006,2026-01-22,GBP,119583.74,RECEIVED
INV-003996,PO-003996,SUP-0089,2026-09-12,GBP,2041.46,RECEIVED
INV-003997,PO-003997,SUP-0109,2026-03-12,EUR,67927.11,RECEIVED
INV-003998,PO-003998,SUP-0013,2026-05-04,INR,107913.69,RECEIVED
INV-003999,PO-003999,SUP-0005,2026-03-28,USD,148510.72,RECEIVED
INV-004000,PO-004000,SUP-0043,2026-09-10,GBP,85934.47,RECEIVED
INV-004001,PO-004001,SUP-0100,2026-06-09,EUR,43105.86,RECEIVED
INV-004002,PO-004002,SUP-0115,2026-02-15,EUR,3151.84,RECEIVED
INV-004003,PO-004003,SUP-0081,2026-03-13,USD,66404.79,RECEIVED
INV-004004,PO-004004,SUP-0054,2026-03-07,GBP,111948.13,RECEIVED
INV-004005,PO-004005,SUP-0054,2026-08-19,INR,83054.12,RECEIVED
INV-004006,PO-004006,SUP-0107,2026-08-10,EUR,82611.3,RECEIVED
INV-004007,PO-004007,SUP-0079,2026-05-09,INR,117146.72,RECEIVED
INV-004008,PO-004008,SUP-0077,2026-03-28,EUR,108414.54,RECEIVED
INV-004009,PO-004009,SUP-0107,2026-03-10,EUR,11642.0,RECEIVED
INV-004010,PO-004010,SUP-0083,2026-04-14,INR,70500.42,RECEIVED
INV-004011,PO-004011,SUP-0114,2026-08-27,EUR,135325.57,RECEIVED
INV-004012,PO-004012,SUP-0043,2026-09-15,USD,129608.37,RECEIVED
INV-004013,PO-004013,SUP-0015,2026-06-05,EUR,4705.25,RECEIVED
INV-004014,PO-004014,SUP-0014,2026-08-24,INR,24659.29,RECEIVED
INV-004015,PO-004015,SUP-0100,2026-01-30,EUR,148288.36,RECEIVED
INV-004016,PO-004016,SUP-0036,2026-02-17,GBP,45797.22,RECEIVED
INV-004017,PO-004017,SUP-0113,2026-05-09,INR,111884.13,RECEIVED
INV-004018,PO-004018,SUP-0120,2026-08-30,INR,5746.39,RECEIVED
INV-004019,PO-004019,SUP-0055,2026-09-22,USD,20202.07,RECEIVED
INV-004020,PO-004020,SUP-0023,2026-03-21,EUR,3634.22,RECEIVED
INV-004021,PO-004021,SUP-0118,2026-06-27,USD,600.62,RECEIVED
INV-004022,PO-004022,SUP-0039,2026-03-21,GBP,114525.71,RECEIVED
INV-004023,PO-004023,SUP-0025,2026-09-14,EUR,105236.91,RECEIVED
INV-004024,PO-004024,SUP-0021,2026-05-31,GBP,70912.86,RECEIVED
INV-004025,PO-004025,SUP-0106,2026-02-28,USD,137641.36,RECEIVED
INV-004026,PO-004026,SUP-0032,2026-06-11,EUR,67009.69,RECEIVED
INV-004027,PO-004027,SUP-0004,2026-05-13,EUR,105865.89,RECEIVED
INV-004028,PO-004028,SUP-0004,2026-08-23,GBP,54824.41,RECEIVED
INV-004029,PO-004029,SUP-0034,2026-06-18,GBP,4509.66,RECEIVED
INV-004030,PO-004030,SUP-0025,2026-06-12,EUR,95149.46,RECEIVED
INV-004031,PO-004031,SUP-0098,2026-02-12,USD,101444.6,RECEIVED
INV-004032,PO-004032,SUP-0091,2026-08-28,USD,73530.0,RECEIVED
INV-004033,PO-004033,SUP-0005,2026-07-12,USD,146973.84,RECEIVED
INV-004034,PO-004034,SUP-0056,2026-02-10,GBP,55423.72,RECEIVED
INV-004035,PO-004035,SUP-0011,2026-05-29,USD,30095.1,RECEIVED
INV-004036,PO-004036,SUP-0103,2026-08-06,GBP,56965.26,RECEIVED
INV-004037,PO-004037,SUP-0101,2026-03-31,EUR,139699.51,RECEIVED
INV-004038,PO-004038,SUP-0014,2026-04-18,INR,124479.9,RECEIVED
INV-004039,PO-004039,SUP-0026,2026-02-01,GBP,1926.29,RECEIVED
INV-004040,PO-004040,SUP-0118,2026-05-02,USD,13968.2,RECEIVED
INV-004041,PO-004041,SUP-0026,2026-09-16,GBP,18932.15,RECEIVED
INV-004042,PO-004042,SUP-0005,2026-02-25,USD,95632.32,RECEIVED
INV-004043,PO-004043,SUP-0025,2026-04-21,EUR,54786.67,RECEIVED
INV-004044,PO-004044,SUP-0071,2026-05-13,INR,96170.08,RECEIVED
INV-004045,PO-004045,SUP-0016,2026-09-02,USD,146457.37,RECEIVED
INV-004046,PO-004046,SUP-0058,2026-05-19,GBP,108871.36,RECEIVED
INV-004047,PO-004047,SUP-0004,2026-03-11,GBP,61316.32,RECEIVED
INV-004048,PO-004048,SUP-0058,2026-09-19,GBP,86057.33,RECEIVED
INV-004049,PO-004049,SUP-0064,2026-05-26,EUR,13977.65,RECEIVED
INV-004050,PO-004050,SUP-0088,2026-04-13,EUR,140967.34,RECEIVED
INV-004051,PO-004051,SUP-0061,2026-05-04,EUR,104175.46,RECEIVED
INV-004052,PO-004052,SUP-0047,2026-09-20,INR,18008.87,RECEIVED
INV-004053,PO-004053,SUP-0052,2026-02-11,EUR,105475.55,RECEIVED
INV-004054,PO-004054,SUP-0031,2026-02-05,GBP,114206.33,RECEIVED
INV-004055,PO-004055,SUP-0018,2026-02-08,USD,60248.45,RECEIVED
INV-004056,PO-004056,SUP-0065,2026-06-17,GBP,3532.26,RECEIVED
INV-004057,PO-004057,SUP-0063,2026-02-15,INR,125982.78,RECEIVED
INV-004058,PO-004058,SUP-0106,2026-05-17,USD,100979.63,RECEIVED
INV-004059,PO-004059,SUP-0041,2026-05-22,USD,144940.95,RECEIVED
INV-004060,PO-004060,SUP-0096,2026-02-15,EUR,95097.12,RECEIVED
INV-004061,PO-004061,SUP-0068,2026-03-27,INR,102426.57,RECEIVED
INV-004062,PO-004062,SUP-0064,2026-03-18,EUR,21036.09,RECEIVED
INV-004063,PO-004063,SUP-0079,2026-05-11,INR,66684.37,RECEIVED
INV-004064,PO-004064,SUP-0040,2026-03-23,USD,110109.3,RECEIVED
INV-004065,PO-004065,SUP-0044,2026-03-16,USD,145384.17,RECEIVED
INV-004066,PO-004066,SUP-0019,2026-04-02,EUR,52278.75,RECEIVED
INV-004067,PO-004067,SUP-0099,2026-04-13,USD,3058.43,RECEIVED
INV-004068,PO-004068,SUP-0017,2026-02-23,INR,146446.06,RECEIVED
INV-004069,PO-004069,SUP-0090,2026-05-21,USD,34939.28,RECEIVED
INV-004070,PO-004070,SUP-0053,2026-09-29,EUR,89443.61,RECEIVED
INV-004071,PO-004071,SUP-0002,2026-03-05,USD,140081.0,RECEIVED
INV-004072,PO-004072,SUP-0109,2026-07-08,EUR,140780.53,RECEIVED
INV-004073,PO-004073,SUP-0038,2026-09-18,INR,62220.32,RECEIVED
INV-004074,PO-004074,SUP-0007,2026-01-04,GBP,42630.86,RECEIVED
INV-004075,PO-004075,SUP-0026,2026-06-18,GBP,69197.67,RECEIVED
INV-004076,PO-004076,SUP-0083,2026-01-29,INR,114500.56,RECEIVED
INV-004077,PO-004077,SUP-0080,2026-07-09,INR,79980.0,RECEIVED
INV-004078,PO-004078,SUP-0063,2026-05-29,INR,72581.84,RECEIVED
INV-004079,PO-004079,SUP-0043,2026-02-09,USD,89725.97,RECEIVED
INV-004080,PO-004080,SUP-0100,2026-06-17,EUR,101928.8,RECEIVED
INV-004081,PO-004081,SUP-0002,2026-05-17,USD,12716.27,RECEIVED
INV-004082,PO-004082,SUP-0057,2026-03-03,INR,123444.96,RECEIVED
INV-004083,PO-004083,SUP-0072,2026-03-02,EUR,148394.76,RECEIVED
INV-004084,PO-004084,SUP-0030,2026-09-02,GBP,114349.98,RECEIVED
INV-004085,PO-004085,SUP-0014,2026-05-06,INR,147533.8,RECEIVED
INV-004086,PO-004086,SUP-0091,2026-05-11,USD,90898.82,RECEIVED
INV-004087,PO-004087,SUP-0118,2026-08-22,USD,103770.82,RECEIVED
INV-004088,PO-004088,SUP-0092,2026-08-21,INR,47357.97,RECEIVED
INV-004089,PO-004089,SUP-0063,2026-05-24,INR,37450.57,RECEIVED
INV-004090,PO-004090,SUP-0023,2026-04-10,EUR,63220.36,RECEIVED
INV-004091,PO-004091,SUP-0049,2026-05-12,INR,86064.22,RECEIVED
INV-004092,PO-004092,SUP-0035,2026-03-27,GBP,7789.25,RECEIVED
INV-004093,PO-004093,SUP-0107,2026-05-15,EUR,18850.13,RECEIVED
INV-004094,PO-004094,SUP-0047,2026-03-18,INR,112001.45,RECEIVED
INV-004095,PO-004095,SUP-0005,2026-02-19,USD,117831.29,RECEIVED
INV-004096,PO-004096,SUP-0035,2026-01-31,EUR,61322.99,RECEIVED
INV-004097,PO-004097,SUP-0051,2026-01-31,GBP,31378.58,RECEIVED
INV-004098,PO-004098,SUP-0032,2026-03-31,EUR,135107.02,RECEIVED
INV-004099,PO-004099,SUP-0056,2026-04-28,GBP,107338.99,RECEIVED
INV-004100,PO-004100,SUP-0091,2026-06-25,USD,97804.49,RECEIVED
INV-004101,PO-004101,SUP-0114,2026-09-02,EUR,116873.06,RECEIVED
INV-004102,PO-004102,SUP-0083,2026-07-09,INR,113502.61,RECEIVED
INV-004103,PO-004103,SUP-0035,2026-08-17,EUR,76849.16,RECEIVED
INV-004104,PO-004104,SUP-0039,2026-06-30,GBP,73264.65,RECEIVED
INV-004105,PO-004105,SUP-0013,2026-04-05,INR,66227.67,RECEIVED
INV-004106,PO-004106,SUP-0005,2026-07-22,USD,101263.48,RECEIVED
INV-004107,PO-004107,SUP-0089,2026-07-17,GBP,4792.8,RECEIVED
INV-004108,PO-004108,SUP-0055,2026-05-13,USD,108867.0,RECEIVED
INV-004109,PO-004109,SUP-0076,2026-05-24,USD,51900.95,RECEIVED
INV-004110,PO-004110,SUP-0030,2026-06-30,GBP,82755.18,RECEIVED
INV-004111,PO-004111,SUP-0012,2026-02-05,USD,40359.5,RECEIVED
INV-004112,PO-004112,SUP-0051,2026-04-23,GBP,94710.22,RECEIVED
INV-004113,PO-004113,SUP-0004,2026-06-16,EUR,10809.03,RECEIVED
INV-004114,PO-004114,SUP-0018,2026-09-04,USD,92494.24,RECEIVED
INV-004115,PO-004115,SUP-0047,2026-06-04,INR,122746.9,RECEIVED
INV-004116,PO-004116,SUP-0003,2026-07-06,EUR,5827.02,RECEIVED
INV-004117,PO-004117,SUP-0026,2026-01-09,GBP,66011.67,RECEIVED
INV-004118,PO-004118,SUP-0113,2026-02-14,INR,132383.61,RECEIVED
INV-004119,PO-004119,SUP-0012,2026-06-20,USD,119355.94,RECEIVED
INV-004120,PO-004120,SUP-0010,2026-05-16,INR,63170.94,RECEIVED
INV-004121,PO-004121,SUP-0030,2026-08-24,GBP,139168.56,RECEIVED
INV-004122,PO-004122,SUP-0030,2026-03-16,GBP,131705.23,RECEIVED
INV-004123,PO-004123,SUP-0087,2026-06-25,INR,22145.82,RECEIVED
INV-004124,PO-004124,SUP-0120,2026-03-31,INR,66744.69,RECEIVED
INV-004125,PO-004125,SUP-0050,2026-07-10,USD,136440.02,RECEIVED
INV-004126,PO-004126,SUP-0078,2026-02-28,EUR,93890.73,RECEIVED
INV-004127,PO-004127,SUP-0008,2026-03-03,EUR,9151.17,RECEIVED
INV-004128,PO-004128,SUP-0111,2026-06-18,GBP,139306.28,RECEIVED
INV-004129,PO-004129,SUP-0107,2026-09-30,EUR,109744.04,RECEIVED
INV-004130,PO-004130,SUP-0120,2026-05-17,USD,129989.75,RECEIVED
INV-004131,PO-004131,SUP-0101,2026-06-26,EUR,37895.68,RECEIVED
INV-004132,PO-004132,SUP-0112,2026-08-15,EUR,121950.21,RECEIVED
INV-004133,PO-004133,SUP-0005,2026-01-31,USD,22707.3,RECEIVED
INV-004134,PO-004134,SUP-0080,2026-06-30,INR,26652.35,RECEIVED
INV-004135,PO-004135,SUP-0114,2026-01-22,EUR,102606.5,RECEIVED
INV-004136,PO-004136,SUP-0078,2026-04-07,EUR,112000.23,RECEIVED
INV-004137,PO-004137,SUP-0109,2026-04-19,EUR,27066.48,RECEIVED
INV-004138,PO-004138,SUP-0025,2026-02-08,USD,13271.11,RECEIVED
INV-004139,PO-004139,SUP-0117,2026-09-08,INR,111958.45,RECEIVED
INV-004140,PO-004140,SUP-0113,2026-06-24,INR,108867.49,RECEIVED
INV-004141,PO-004141,SUP-0066,2026-07-12,GBP,93396.62,RECEIVED
INV-004142,PO-004142,SUP-0011,2026-09-09,USD,104978.47,RECEIVED
INV-004143,PO-004143,SUP-0108,2026-03-26,USD,58398.18,RECEIVED
INV-004144,PO-004144,SUP-0103,2026-07-26,GBP,12767.91,RECEIVED
INV-004145,PO-004145,SUP-0063,2026-08-12,INR,40990.71,RECEIVED
INV-004146,PO-004146,SUP-0104,2026-05-07,GBP,11441.74,RECEIVED
INV-004147,PO-004147,SUP-0078,2026-07-30,EUR,23478.59,RECEIVED
INV-004148,PO-004148,SUP-0080,2026-06-03,INR,125904.04,RECEIVED
INV-004149,PO-004149,SUP-0113,2026-05-21,INR,2388.45,RECEIVED
INV-004150,PO-004150,SUP-0028,2026-06-17,INR,73978.62,RECEIVED
INV-004151,PO-004151,SUP-0049,2026-03-06,INR,91231.83,RECEIVED
INV-004152,PO-004152,SUP-0063,2026-04-04,INR,42753.81,RECEIVED
INV-004153,PO-004153,SUP-0034,2026-06-07,GBP,107201.42,RECEIVED
INV-004154,PO-004154,SUP-0094,2026-08-17,USD,61892.75,RECEIVED
INV-004155,PO-004155,SUP-0071,2026-02-08,INR,132663.69,RECEIVED
INV-004156,PO-004156,SUP-0027,2026-02-20,EUR,108136.32,RECEIVED
INV-004157,PO-004157,SUP-0027,2026-08-16,EUR,50710.74,RECEIVED
INV-004158,PO-004158,SUP-0053,2026-04-16,EUR,16342.9,RECEIVED
INV-004159,PO-004159,SUP-0049,2026-08-24,INR,116508.57,RECEIVED
INV-004160,PO-004160,SUP-0022,2026-07-24,GBP,133703.17,RECEIVED
INV-004161,PO-004161,SUP-0082,2026-07-31,GBP,21130.36,RECEIVED
INV-004162,PO-004162,SUP-0109,2026-05-19,EUR,101760.32,RECEIVED
INV-004163,PO-004163,SUP-0117,2026-08-01,INR,76490.44,RECEIVED
INV-004164,PO-004164,SUP-0098,2026-04-15,USD,109331.83,RECEIVED
INV-004165,PO-004165,SUP-0093,2026-03-02,GBP,25101.35,RECEIVED
INV-004166,PO-004166,SUP-0082,2026-01-13,GBP,13935.08,RECEIVED
INV-004167,PO-004167,SUP-0083,2026-02-08,INR,134024.02,RECEIVED
INV-004168,PO-004168,SUP-0043,2026-09-17,GBP,16837.22,RECEIVED
INV-004169,PO-004169,SUP-0034,2026-04-04,GBP,62590.83,RECEIVED
INV-004170,PO-004170,SUP-0044,2026-04-09,USD,123349.7,RECEIVED
INV-004171,PO-004171,SUP-0092,2026-03-05,INR,92425.48,RECEIVED
INV-004172,PO-004172,SUP-0088,2026-02-04,EUR,119841.99,RECEIVED
INV-004173,PO-004173,SUP-0115,2026-08-12,EUR,149883.53,RECEIVED
INV-004174,PO-004174,SUP-0080,2026-04-18,INR,56726.93,RECEIVED
INV-004175,PO-004175,SUP-0110,2026-01-12,USD,76622.98,RECEIVED
INV-004176,PO-004176,SUP-0096,2026-06-22,EUR,98065.0,RECEIVED
INV-004177,PO-004177,SUP-0007,2026-01-14,GBP,70742.21,RECEIVED
INV-004178,PO-004178,SUP-0007,2026-07-11,GBP,94191.22,RECEIVED
INV-004179,PO-004179,SUP-0044,2026-06-08,USD,93717.76,RECEIVED
INV-004180,PO-004180,SUP-0091,2026-08-26,USD,144067.47,RECEIVED
INV-004181,PO-004181,SUP-0053,2026-08-28,EUR,93881.04,RECEIVED
INV-004182,PO-004182,SUP-0012,2026-05-27,USD,18174.25,RECEIVED
INV-004183,PO-004183,SUP-0017,2026-07-29,INR,104361.28,RECEIVED
INV-004184,PO-004184,SUP-0069,2026-08-16,EUR,81410.25,RECEIVED
INV-004185,PO-004185,SUP-0039,2026-04-08,GBP,70092.51,RECEIVED
INV-004186,PO-004186,SUP-0047,2026-03-21,INR,76485.67,RECEIVED
INV-004187,PO-004187,SUP-0009,2026-04-02,EUR,40087.63,RECEIVED
INV-004188,PO-004188,SUP-0018,2026-07-26,USD,41138.57,RECEIVED
INV-004189,PO-004189,SUP-0036,2026-07-18,INR,16278.43,RECEIVED
INV-004190,PO-004190,SUP-0015,2026-07-25,EUR,86039.78,RECEIVED
INV-004191,PO-004191,SUP-0097,2026-03-14,GBP,119419.26,RECEIVED
INV-004192,PO-004192,SUP-0086,2026-03-03,GBP,24921.8,RECEIVED
INV-004193,PO-004193,SUP-0039,2026-05-12,GBP,98235.43,RECEIVED
INV-004194,PO-004194,SUP-0098,2026-02-05,USD,57361.94,RECEIVED
INV-004195,PO-004195,SUP-0042,2026-03-26,GBP,75734.03,RECEIVED
INV-004196,PO-004196,SUP-0074,2026-08-14,EUR,129951.0,RECEIVED
INV-004197,PO-004197,SUP-0116,2026-02-26,EUR,128337.02,RECEIVED
INV-004198,PO-004198,SUP-0012,2026-03-03,USD,126068.39,RECEIVED
INV-004199,PO-004199,SUP-0056,2026-10-01,GBP,121131.58,RECEIVED
INV-004200,PO-004200,SUP-0070,2026-02-14,INR,135006.86,RECEIVED
INV-004201,PO-004201,SUP-0041,2026-07-06,USD,37595.21,RECEIVED
INV-004202,PO-004202,SUP-0035,2026-05-03,EUR,139046.82,RECEIVED
INV-004203,PO-004203,SUP-0047,2026-05-12,INR,135311.43,RECEIVED
INV-004204,PO-004204,SUP-0119,2026-02-08,INR,90502.52,RECEIVED
INV-004205,PO-004205,SUP-0017,2026-05-29,INR,48464.27,RECEIVED
INV-004206,PO-004206,SUP-0106,2026-03-19,USD,41330.12,RECEIVED
INV-004207,PO-004207,SUP-0112,2026-08-31,EUR,94609.53,RECEIVED
INV-004208,PO-004208,SUP-0062,2026-03-06,GBP,29947.73,RECEIVED
INV-004209,PO-004209,SUP-0057,2026-04-17,GBP,85726.69,RECEIVED
INV-004210,PO-004210,SUP-0070,2026-06-13,INR,114181.85,RECEIVED
INV-004211,PO-004211,SUP-0098,2026-05-27,USD,124798.11,RECEIVED
INV-004212,PO-004212,SUP-0116,2026-07-20,EUR,130165.06,RECEIVED
INV-004213,PO-004213,SUP-0091,2026-06-10,USD,123733.83,RECEIVED
INV-004214,PO-004214,SUP-0038,2026-02-21,INR,80390.65,RECEIVED
INV-004215,PO-004215,SUP-0011,2026-08-28,GBP,115478.8,RECEIVED
INV-004216,PO-004216,SUP-0109,2026-07-08,EUR,18800.13,RECEIVED
INV-004217,PO-004217,SUP-0067,2026-05-05,GBP,127092.52,RECEIVED
INV-004218,PO-004218,SUP-0018,2026-06-20,USD,73953.94,RECEIVED
INV-004219,PO-004219,SUP-0079,2026-07-09,INR,3511.9,RECEIVED
INV-004220,PO-004220,SUP-0101,2026-02-27,EUR,109244.77,RECEIVED
INV-004221,PO-004221,SUP-0115,2026-01-27,EUR,44140.11,RECEIVED
INV-004222,PO-004222,SUP-0108,2026-02-22,USD,70278.44,RECEIVED
INV-004223,PO-004223,SUP-0036,2026-03-19,GBP,21061.38,RECEIVED
INV-004224,PO-004224,SUP-0094,2026-03-08,USD,71530.57,RECEIVED
INV-004225,PO-004225,SUP-0049,2026-02-08,INR,127910.85,RECEIVED
INV-004226,PO-004226,SUP-0024,2026-01-26,USD,102594.55,RECEIVED
INV-004227,PO-004227,SUP-0049,2026-07-01,INR,46435.52,RECEIVED
INV-004228,PO-004228,SUP-0092,2026-04-27,INR,66199.31,RECEIVED
INV-004229,PO-004229,SUP-0048,2026-02-22,USD,39981.98,RECEIVED
INV-004230,PO-004230,SUP-0098,2026-04-18,USD,14210.87,RECEIVED
INV-004231,PO-004231,SUP-0093,2026-05-30,GBP,40487.18,RECEIVED
INV-004232,PO-004232,SUP-0070,2026-05-27,INR,45313.37,RECEIVED
INV-004233,PO-004233,SUP-0053,2026-06-10,EUR,86499.98,RECEIVED
INV-004234,PO-004234,SUP-0079,2026-01-16,INR,88171.78,RECEIVED
INV-004235,PO-004235,SUP-0105,2026-05-16,GBP,20684.4,RECEIVED
INV-004236,PO-004236,SUP-0070,2026-02-13,INR,10583.59,RECEIVED
INV-004237,PO-004237,SUP-0079,2026-08-02,INR,71599.38,RECEIVED
INV-004238,PO-004238,SUP-0100,2026-09-07,EUR,78264.68,RECEIVED
INV-004239,PO-004239,SUP-0036,2026-07-08,GBP,145335.21,RECEIVED
INV-004240,PO-004240,SUP-0089,2026-04-23,INR,116826.5,RECEIVED
INV-004241,PO-004241,SUP-0115,2026-04-08,EUR,33497.0,RECEIVED
INV-004242,PO-004242,SUP-0115,2026-05-12,EUR,27204.19,RECEIVED
INV-004243,PO-004243,SUP-0002,2026-02-03,USD,65047.32,RECEIVED
INV-004244,PO-004244,SUP-0044,2026-05-20,USD,133605.76,RECEIVED
INV-004245,PO-004245,SUP-0054,2026-07-13,GBP,47821.3,RECEIVED
INV-004246,PO-004246,SUP-0026,2026-06-16,GBP,69066.72,RECEIVED
INV-004247,PO-004247,SUP-0030,2026-06-22,GBP,98188.75,RECEIVED
INV-004248,PO-004248,SUP-0009,2026-04-19,EUR,30596.98,RECEIVED
INV-004249,PO-004249,SUP-0070,2026-06-23,INR,102941.64,RECEIVED
INV-004250,PO-004250,SUP-0060,2026-03-14,GBP,130374.95,RECEIVED
INV-004251,PO-004251,SUP-0007,2026-02-23,INR,28756.17,RECEIVED
INV-004252,PO-004252,SUP-0058,2026-03-11,GBP,100449.53,RECEIVED
INV-004253,PO-004253,SUP-0042,2026-02-16,GBP,52823.83,RECEIVED
INV-004254,PO-004254,SUP-0068,2026-03-20,INR,139071.73,RECEIVED
INV-004255,PO-004255,SUP-0074,2026-05-30,EUR,3331.2,RECEIVED
INV-004256,PO-004256,SUP-0115,2026-04-01,EUR,15404.19,RECEIVED
INV-004257,PO-004257,SUP-0022,2026-09-24,GBP,47979.99,RECEIVED
INV-004258,PO-004258,SUP-0056,2026-09-05,GBP,71103.54,RECEIVED
INV-004259,PO-004259,SUP-0012,2026-06-27,USD,51418.98,RECEIVED
INV-004260,PO-004260,SUP-0064,2026-06-11,EUR,27812.94,RECEIVED
INV-004261,PO-004261,SUP-0075,2026-04-05,GBP,53436.04,RECEIVED
INV-004262,PO-004262,SUP-0050,2026-08-24,USD,45421.67,RECEIVED
INV-004263,PO-004263,SUP-0084,2026-05-18,EUR,15214.8,RECEIVED
INV-004264,PO-004264,SUP-0015,2026-02-05,EUR,57356.63,RECEIVED
INV-004265,PO-004265,SUP-0039,2026-02-05,GBP,28604.23,RECEIVED
INV-004266,PO-004266,SUP-0012,2026-03-15,INR,44865.25,RECEIVED
INV-004267,PO-004267,SUP-0040,2026-04-05,USD,51478.27,RECEIVED
INV-004268,PO-004268,SUP-0021,2026-08-18,GBP,42139.52,RECEIVED
INV-004269,PO-004269,SUP-0031,2026-07-08,GBP,8485.61,RECEIVED
INV-004270,PO-004270,SUP-0013,2026-02-13,INR,88481.61,RECEIVED
INV-004271,PO-004271,SUP-0118,2026-06-21,USD,54160.19,RECEIVED
INV-004272,PO-004272,SUP-0034,2026-04-16,GBP,75667.16,RECEIVED
INV-004273,PO-004273,SUP-0062,2026-04-07,GBP,67989.92,RECEIVED
INV-004274,PO-004274,SUP-0016,2026-05-28,EUR,29096.17,RECEIVED
INV-004275,PO-004275,SUP-0086,2026-05-18,GBP,61184.59,RECEIVED
INV-004276,PO-004276,SUP-0040,2026-06-14,USD,118300.01,RECEIVED
INV-004277,PO-004277,SUP-0030,2026-03-07,GBP,21255.55,RECEIVED
INV-004278,PO-004278,SUP-0099,2026-05-18,USD,46409.38,RECEIVED
INV-004279,PO-004279,SUP-0004,2026-09-10,EUR,51997.58,RECEIVED
INV-004280,PO-004280,SUP-0112,2026-04-08,EUR,19562.1,RECEIVED
INV-004281,PO-004281,SUP-0085,2026-02-20,EUR,95381.76,RECEIVED
INV-004282,PO-004282,SUP-0061,2026-04-08,EUR,28625.12,RECEIVED
INV-004283,PO-004283,SUP-0019,2026-05-27,EUR,82190.17,RECEIVED
INV-004284,PO-004284,SUP-0107,2026-07-14,EUR,32188.34,RECEIVED
INV-004285,PO-004285,SUP-0118,2026-03-03,USD,110358.79,RECEIVED
INV-004286,PO-004286,SUP-0104,2026-05-22,GBP,106933.22,RECEIVED
INV-004287,PO-004287,SUP-0010,2026-01-28,INR,6329.46,RECEIVED
INV-004288,PO-004288,SUP-0105,2026-05-08,GBP,43985.92,RECEIVED
INV-004289,PO-004289,SUP-0090,2026-03-13,USD,58187.91,RECEIVED
INV-004290,PO-004290,SUP-0048,2026-06-30,USD,54039.01,RECEIVED
INV-004291,PO-004291,SUP-0075,2026-06-16,GBP,124981.94,RECEIVED
INV-004292,PO-004292,SUP-0109,2026-04-16,EUR,50924.55,RECEIVED
INV-004293,PO-004293,SUP-0071,2026-06-07,INR,47886.05,RECEIVED
INV-004294,PO-004294,SUP-0039,2026-02-11,GBP,20461.48,RECEIVED
INV-004295,PO-004295,SUP-0067,2026-07-13,USD,31392.74,RECEIVED
INV-004296,PO-004296,SUP-0116,2026-02-03,EUR,27677.51,RECEIVED
INV-004297,PO-004297,SUP-0022,2026-08-11,GBP,13218.9,RECEIVED
INV-004298,PO-004298,SUP-0079,2026-05-07,INR,100442.17,RECEIVED
INV-004299,PO-004299,SUP-0118,2026-09-06,USD,30258.56,RECEIVED
INV-004300,PO-004300,SUP-0025,2026-06-07,EUR,146020.05,RECEIVED
INV-004301,PO-004301,SUP-0010,2026-05-13,INR,74305.69,RECEIVED
INV-004302,PO-004302,SUP-0015,2026-04-19,EUR,79951.28,RECEIVED
INV-004303,PO-004303,SUP-0090,2026-07-04,USD,79990.38,RECEIVED
INV-004304,PO-004304,SUP-0025,2026-02-12,USD,70713.04,RECEIVED
INV-004305,PO-004305,SUP-0012,2026-05-30,USD,118726.38,RECEIVED
INV-004306,PO-004306,SUP-0064,2026-01-28,EUR,43286.95,RECEIVED
INV-004307,PO-004307,SUP-0068,2026-01-29,INR,15945.91,RECEIVED
INV-004308,PO-004308,SUP-0011,2026-02-27,USD,130409.34,RECEIVED
INV-004309,PO-004309,SUP-0050,2026-07-18,USD,54276.54,RECEIVED
INV-004310,PO-004310,SUP-0114,2026-03-09,EUR,79565.63,RECEIVED
INV-004311,PO-004311,SUP-0052,2026-02-09,EUR,81813.31,RECEIVED
INV-004312,PO-004312,SUP-0094,2026-08-07,USD,103365.23,RECEIVED
INV-004313,PO-004313,SUP-0065,2026-08-20,GBP,138887.8,RECEIVED
INV-004314,PO-004314,SUP-0090,2026-04-13,USD,20543.2,RECEIVED
INV-004315,PO-004315,SUP-0080,2026-07-05,INR,119542.45,RECEIVED
INV-004316,PO-004316,SUP-0095,2026-05-09,GBP,73794.63,RECEIVED
INV-004317,PO-004317,SUP-0063,2026-06-30,INR,101695.73,RECEIVED
INV-004318,PO-004318,SUP-0069,2026-04-03,EUR,48372.26,RECEIVED
INV-004319,PO-004319,SUP-0112,2026-09-03,EUR,145768.2,RECEIVED
INV-004320,PO-004320,SUP-0055,2026-03-03,USD,75517.02,RECEIVED
INV-004321,PO-004321,SUP-0003,2026-02-20,EUR,43230.25,RECEIVED
INV-004322,PO-004322,SUP-0071,2026-04-18,INR,149635.9,RECEIVED
INV-004323,PO-004323,SUP-0058,2026-06-16,GBP,2914.75,RECEIVED
INV-004324,PO-004324,SUP-0118,2026-06-12,USD,1992.9,RECEIVED
INV-004325,PO-004325,SUP-0002,2026-02-21,USD,149947.68,RECEIVED
INV-004326,PO-004326,SUP-0009,2026-03-19,EUR,61548.04,RECEIVED
INV-004327,PO-004327,SUP-0070,2026-06-01,INR,22795.61,RECEIVED
INV-004328,PO-004328,SUP-0083,2026-01-31,INR,80843.0,RECEIVED
INV-004329,PO-004329,SUP-0032,2026-02-08,EUR,102141.12,RECEIVED
INV-004330,PO-004330,SUP-0116,2026-04-11,EUR,36805.03,RECEIVED
INV-004331,PO-004331,SUP-0014,2026-09-22,INR,3936.31,RECEIVED
INV-004332,PO-004332,SUP-0112,2026-03-07,EUR,67727.26,RECEIVED
INV-004333,PO-004333,SUP-0020,2026-06-11,EUR,88438.33,RECEIVED
INV-004334,PO-004334,SUP-0066,2026-07-24,GBP,80459.76,RECEIVED
INV-004335,PO-004335,SUP-0013,2026-02-24,INR,148885.35,RECEIVED
INV-004336,PO-004336,SUP-0074,2026-06-02,EUR,72010.74,RECEIVED
INV-004337,PO-004337,SUP-0009,2026-02-10,EUR,97754.57,RECEIVED
INV-004338,PO-004338,SUP-0009,2026-05-21,EUR,85403.25,RECEIVED
INV-004339,PO-004339,SUP-0050,2026-03-14,USD,50569.01,RECEIVED
INV-004340,PO-004340,SUP-0106,2026-09-01,USD,54249.63,RECEIVED
INV-004341,PO-004341,SUP-0060,2026-06-06,GBP,102498.77,RECEIVED
INV-004342,PO-004342,SUP-0037,2026-09-03,EUR,8196.97,RECEIVED
INV-004343,PO-004343,SUP-0104,2026-08-29,GBP,130918.43,RECEIVED
INV-004344,PO-004344,SUP-0039,2026-06-26,GBP,16727.4,RECEIVED
INV-004345,PO-004345,SUP-0100,2026-06-25,EUR,80202.92,RECEIVED
INV-004346,PO-004346,SUP-0061,2026-04-26,EUR,70588.61,RECEIVED
INV-004347,PO-004347,SUP-0088,2026-08-10,EUR,2337.71,RECEIVED
INV-004348,PO-004348,SUP-0075,2026-04-12,GBP,10566.46,RECEIVED
INV-004349,PO-004349,SUP-0035,2026-03-03,EUR,54987.5,RECEIVED
INV-004350,PO-004350,SUP-0033,2026-04-12,USD,127509.77,RECEIVED
INV-004351,PO-004351,SUP-0056,2026-04-14,GBP,122366.94,RECEIVED
INV-004352,PO-004352,SUP-0029,2026-04-12,USD,96572.61,RECEIVED
INV-004353,PO-004353,SUP-0004,2026-07-26,EUR,61569.55,RECEIVED
INV-004354,PO-004354,SUP-0011,2026-07-25,GBP,119065.12,RECEIVED
INV-004355,PO-004355,SUP-0120,2026-03-21,USD,32779.34,RECEIVED
INV-004356,PO-004356,SUP-0069,2026-03-23,EUR,71989.46,RECEIVED
INV-004357,PO-004357,SUP-0042,2026-07-08,USD,50062.86,RECEIVED
INV-004358,PO-004358,SUP-0005,2026-07-01,USD,94942.99,RECEIVED
INV-004359,PO-004359,SUP-0009,2026-01-28,EUR,125647.48,RECEIVED
INV-004360,PO-004360,SUP-0059,2026-07-01,INR,94982.3,RECEIVED
INV-004361,PO-004361,SUP-0005,2026-05-14,USD,95217.53,RECEIVED
INV-004362,PO-004362,SUP-0086,2026-05-14,GBP,47654.62,RECEIVED
INV-004363,PO-004363,SUP-0058,2026-05-16,GBP,139848.66,RECEIVED
INV-004364,PO-004364,SUP-0093,2026-08-28,GBP,63701.65,RECEIVED
INV-004365,PO-004365,SUP-0087,2026-03-09,INR,16033.73,RECEIVED
INV-004366,PO-004366,SUP-0118,2026-07-17,USD,15991.25,RECEIVED
INV-004367,PO-004367,SUP-0012,2026-06-24,INR,117156.8,RECEIVED
INV-004368,PO-004368,SUP-0020,2026-08-31,EUR,91902.21,RECEIVED
INV-004369,PO-004369,SUP-0061,2026-01-10,EUR,115930.86,RECEIVED
INV-004370,PO-004370,SUP-0095,2026-03-27,INR,65102.56,RECEIVED
INV-004371,PO-004371,SUP-0119,2026-06-19,INR,28275.21,RECEIVED
INV-004372,PO-004372,SUP-0081,2026-09-20,INR,2425.36,RECEIVED
INV-004373,PO-004373,SUP-0090,2026-09-07,USD,4827.68,RECEIVED
INV-004374,PO-004374,SUP-0083,2026-05-06,INR,9465.56,RECEIVED
INV-004375,PO-004375,SUP-0089,2026-04-09,GBP,116725.75,RECEIVED
INV-004376,PO-004376,SUP-0009,2026-01-10,EUR,106187.9,RECEIVED
INV-004377,PO-004377,SUP-0060,2026-05-31,GBP,74120.59,RECEIVED
INV-004378,PO-004378,SUP-0053,2026-06-25,EUR,64162.18,RECEIVED
INV-004379,PO-004379,SUP-0034,2026-01-22,GBP,38709.36,RECEIVED
INV-004380,PO-004380,SUP-0077,2026-07-27,EUR,141334.68,RECEIVED
INV-004381,PO-004381,SUP-0093,2026-04-17,GBP,72680.83,RECEIVED
INV-004382,PO-004382,SUP-0114,2026-01-19,EUR,82788.7,RECEIVED
INV-004383,PO-004383,SUP-0082,2026-08-31,GBP,73461.8,RECEIVED
INV-004384,PO-004384,SUP-0058,2026-04-27,GBP,55690.66,RECEIVED
INV-004385,PO-004385,SUP-0109,2026-05-05,EUR,100700.83,RECEIVED
INV-004386,PO-004386,SUP-0060,2026-07-03,GBP,47542.25,RECEIVED
INV-004387,PO-004387,SUP-0004,2026-09-13,EUR,17069.21,RECEIVED
INV-004388,PO-004388,SUP-0103,2026-05-05,GBP,10708.86,RECEIVED
INV-004389,PO-004389,SUP-0034,2026-04-30,GBP,44974.0,RECEIVED
INV-004390,PO-004390,SUP-0085,2026-02-04,EUR,42711.44,RECEIVED
INV-004391,PO-004391,SUP-0002,2026-04-25,USD,4320.56,RECEIVED
INV-004392,PO-004392,SUP-0084,2026-05-05,EUR,63798.22,RECEIVED
INV-004393,PO-004393,SUP-0100,2026-04-29,EUR,87965.67,RECEIVED
INV-004394,PO-004394,SUP-0107,2026-06-24,EUR,15381.73,RECEIVED
INV-004395,PO-004395,SUP-0035,2026-03-04,EUR,15711.87,RECEIVED
INV-004396,PO-004396,SUP-0042,2026-01-13,GBP,98070.35,RECEIVED
INV-004397,PO-004397,SUP-0119,2026-06-26,INR,45699.48,RECEIVED
INV-004398,PO-004398,SUP-0018,2026-08-20,USD,63671.21,RECEIVED
INV-004399,PO-004399,SUP-0117,2026-08-29,INR,109351.05,RECEIVED
INV-004400,PO-004400,SUP-0065,2026-03-20,GBP,30069.63,RECEIVED
INV-004401,PO-004401,SUP-0004,2026-01-23,EUR,47272.5,RECEIVED
INV-004402,PO-004402,SUP-0088,2026-07-09,EUR,143272.11,RECEIVED
INV-004403,PO-004403,SUP-0057,2026-03-17,INR,138753.04,RECEIVED
INV-004404,PO-004404,SUP-0003,2026-04-02,EUR,12654.11,RECEIVED
INV-004405,PO-004405,SUP-0002,2026-04-26,USD,62989.77,RECEIVED
INV-004406,PO-004406,SUP-0014,2026-06-05,INR,44212.99,RECEIVED
INV-004407,PO-004407,SUP-0080,2026-04-11,INR,718.49,RECEIVED
INV-004408,PO-004408,SUP-0004,2026-04-06,EUR,23402.82,RECEIVED
INV-004409,PO-004409,SUP-0029,2026-04-12,USD,36647.33,RECEIVED
INV-004410,PO-004410,SUP-0005,2026-04-22,USD,114782.79,RECEIVED
INV-004411,PO-004411,SUP-0019,2026-03-27,EUR,145821.05,RECEIVED
INV-004412,PO-004412,SUP-0093,2026-02-15,GBP,77408.08,RECEIVED
INV-004413,PO-004413,SUP-0065,2026-03-12,GBP,98980.05,RECEIVED
INV-004414,PO-004414,SUP-0114,2026-07-27,EUR,14396.99,RECEIVED
INV-004415,PO-004415,SUP-0094,2026-07-25,USD,100185.99,RECEIVED
INV-004416,PO-004416,SUP-0116,2026-06-15,EUR,10879.54,RECEIVED
INV-004417,PO-004417,SUP-0044,2026-09-08,USD,13059.7,RECEIVED
INV-004418,PO-004418,SUP-0075,2026-09-14,GBP,131524.05,RECEIVED
INV-004419,PO-004419,SUP-0095,2026-06-29,GBP,23953.26,RECEIVED
INV-004420,PO-004420,SUP-0066,2026-09-01,GBP,114705.86,RECEIVED
INV-004421,PO-004421,SUP-0037,2026-06-10,INR,95537.6,RECEIVED
INV-004422,PO-004422,SUP-0095,2026-08-06,INR,22065.87,RECEIVED
INV-004423,PO-004423,SUP-0061,2026-04-27,EUR,88667.2,RECEIVED
INV-004424,PO-004424,SUP-0115,2026-05-20,EUR,109907.93,RECEIVED
INV-004425,PO-004425,SUP-0085,2026-06-29,GBP,33718.45,RECEIVED
INV-004426,PO-004426,SUP-0087,2026-09-02,INR,107068.57,RECEIVED
INV-004427,PO-004427,SUP-0037,2026-04-05,EUR,25822.25,RECEIVED
INV-004428,PO-004428,SUP-0120,2026-04-26,USD,9607.76,RECEIVED
INV-004429,PO-004429,SUP-0097,2026-07-18,GBP,148555.29,RECEIVED
INV-004430,PO-004430,SUP-0036,2026-04-29,GBP,44073.11,RECEIVED
INV-004431,PO-004431,SUP-0059,2026-01-31,GBP,55087.82,RECEIVED
INV-004432,PO-004432,SUP-0037,2026-02-15,EUR,66995.05,RECEIVED
INV-004433,PO-004433,SUP-0089,2026-05-05,INR,61429.58,RECEIVED
INV-004434,PO-004434,SUP-0022,2026-06-18,GBP,149726.74,RECEIVED
INV-004435,PO-004435,SUP-0099,2026-03-07,USD,145773.14,RECEIVED
INV-004436,PO-004436,SUP-0062,2026-08-22,GBP,120293.44,RECEIVED
INV-004437,PO-004437,SUP-0052,2026-05-15,EUR,50567.08,RECEIVED
INV-004438,PO-004438,SUP-0027,2026-08-01,EUR,113245.92,RECEIVED
INV-004439,PO-004439,SUP-0105,2026-02-16,GBP,66760.46,RECEIVED
INV-004440,PO-004440,SUP-0030,2026-02-28,GBP,37176.21,RECEIVED
INV-004441,PO-004441,SUP-0004,2026-08-08,EUR,60731.46,RECEIVED
INV-004442,PO-004442,SUP-0060,2026-08-15,GBP,99177.81,RECEIVED
INV-004443,PO-004443,SUP-0072,2026-09-18,EUR,3893.77,RECEIVED
INV-004444,PO-004444,SUP-0055,2026-03-10,USD,134457.55,RECEIVED
INV-004445,PO-004445,SUP-0041,2026-07-04,USD,74771.98,RECEIVED
INV-004446,PO-004446,SUP-0063,2026-06-24,INR,137066.81,RECEIVED
INV-004447,PO-004447,SUP-0073,2026-05-06,GBP,66180.13,RECEIVED
INV-004448,PO-004448,SUP-0028,2026-08-18,INR,108150.18,RECEIVED
INV-004449,PO-004449,SUP-0012,2026-08-31,INR,31075.33,RECEIVED
INV-004450,PO-004450,SUP-0086,2026-04-11,GBP,103282.15,RECEIVED
INV-004451,PO-004451,SUP-0100,2026-03-22,EUR,116964.28,RECEIVED
INV-004452,PO-004452,SUP-0020,2026-07-07,EUR,109053.6,RECEIVED
INV-004453,PO-004453,SUP-0031,2026-04-04,GBP,122423.18,RECEIVED
INV-004454,PO-004454,SUP-0075,2026-09-16,GBP,110863.77,RECEIVED
INV-004455,PO-004455,SUP-0006,2026-03-04,GBP,50759.92,RECEIVED
INV-004456,PO-004456,SUP-0083,2026-03-23,INR,119854.54,RECEIVED
INV-004457,PO-004457,SUP-0077,2026-06-18,EUR,73502.71,RECEIVED
INV-004458,PO-004458,SUP-0103,2026-04-25,GBP,90510.42,RECEIVED
INV-004459,PO-004459,SUP-0061,2026-03-01,EUR,70485.63,RECEIVED
INV-004460,PO-004460,SUP-0069,2026-04-11,EUR,22945.78,RECEIVED
INV-004461,PO-004461,SUP-0015,2026-01-10,EUR,27292.65,RECEIVED
INV-004462,PO-004462,SUP-0100,2026-08-23,EUR,145904.08,RECEIVED
INV-004463,PO-004463,SUP-0069,2026-04-24,EUR,76112.54,RECEIVED
INV-004464,PO-004464,SUP-0052,2026-03-17,EUR,80879.41,RECEIVED
INV-004465,PO-004465,SUP-0077,2026-05-28,EUR,72611.45,RECEIVED
INV-004466,PO-004466,SUP-0103,2026-06-18,GBP,139328.08,RECEIVED
INV-004467,PO-004467,SUP-0054,2026-02-17,GBP,109238.07,RECEIVED
INV-004468,PO-004468,SUP-0069,2026-08-21,EUR,1771.62,RECEIVED
INV-004469,PO-004469,SUP-0028,2026-01-08,INR,36928.17,RECEIVED
INV-004470,PO-004470,SUP-0078,2026-09-04,EUR,84603.72,RECEIVED
INV-004471,PO-004471,SUP-0079,2026-06-06,INR,140681.66,RECEIVED
INV-004472,PO-004472,SUP-0025,2026-06-29,USD,149240.79,RECEIVED
INV-004473,PO-004473,SUP-0103,2026-02-08,GBP,48522.43,RECEIVED
INV-004474,PO-004474,SUP-0049,2026-01-21,INR,31867.01,RECEIVED
INV-004475,PO-004475,SUP-0102,2026-07-15,GBP,19666.49,RECEIVED
INV-004476,PO-004476,SUP-0080,2026-08-21,INR,26288.39,RECEIVED
INV-004477,PO-004477,SUP-0028,2026-04-04,INR,56990.14,RECEIVED
INV-004478,PO-004478,SUP-0101,2026-02-02,EUR,99603.94,RECEIVED
INV-004479,PO-004479,SUP-0065,2026-07-31,GBP,64417.94,RECEIVED
INV-004480,PO-004480,SUP-0035,2026-01-09,GBP,62624.19,RECEIVED
INV-004481,PO-004481,SUP-0015,2026-03-05,EUR,55433.24,RECEIVED
INV-004482,PO-004482,SUP-0031,2026-05-16,GBP,141653.58,RECEIVED
INV-004483,PO-004483,SUP-0103,2026-01-26,GBP,2154.3,RECEIVED
INV-004484,PO-004484,SUP-0092,2026-03-13,INR,76900.01,RECEIVED
INV-004485,PO-004485,SUP-0056,2026-06-29,GBP,4308.43,RECEIVED
INV-004486,PO-004486,SUP-0028,2026-02-09,INR,37444.66,RECEIVED
INV-004487,PO-004487,SUP-0052,2026-02-03,EUR,118305.19,RECEIVED
INV-004488,PO-004488,SUP-0068,2026-08-16,INR,87316.86,RECEIVED
INV-004489,PO-004489,SUP-0043,2026-04-30,GBP,93467.82,RECEIVED
INV-004490,PO-004490,SUP-0011,2026-05-09,USD,104802.46,RECEIVED
INV-004491,PO-004491,SUP-0082,2026-08-08,GBP,52636.45,RECEIVED
INV-004492,PO-004492,SUP-0047,2026-04-17,INR,32543.31,RECEIVED
INV-004493,PO-004493,SUP-0046,2026-07-21,USD,41563.97,RECEIVED
INV-004494,PO-004494,SUP-0011,2026-02-27,GBP,6705.81,RECEIVED
INV-004495,PO-004495,SUP-0031,2026-05-01,GBP,48205.11,RECEIVED
INV-004496,PO-004496,SUP-0009,2026-08-08,EUR,102580.71,RECEIVED
INV-004497,PO-004497,SUP-0045,2026-02-25,EUR,136535.14,RECEIVED
INV-004498,PO-004498,SUP-0026,2026-09-24,GBP,133278.67,RECEIVED
INV-004499,PO-004499,SUP-0040,2026-05-14,USD,22200.99,RECEIVED
INV-004500,PO-004500,SUP-0105,2026-07-14,GBP,129273.58,RECEIVED
INV-004501,PO-004501,SUP-0007,2026-03-09,GBP,93182.33,RECEIVED
INV-004502,PO-004502,SUP-0066,2026-05-08,GBP,20783.95,RECEIVED
INV-004503,PO-004503,SUP-0109,2026-07-24,EUR,142396.76,RECEIVED
INV-004504,PO-004504,SUP-0009,2026-04-15,EUR,148668.36,RECEIVED
INV-004505,PO-004505,SUP-0065,2026-06-14,GBP,148343.79,RECEIVED
INV-004506,PO-004506,SUP-0108,2026-02-09,USD,104433.65,RECEIVED
INV-004507,PO-004507,SUP-0109,2026-03-20,EUR,45083.72,RECEIVED
INV-004508,PO-004508,SUP-0024,2026-01-27,GBP,136703.15,RECEIVED
INV-004509,PO-004509,SUP-0016,2026-02-14,USD,10241.84,RECEIVED
INV-004510,PO-004510,SUP-0020,2026-02-21,EUR,52371.0,RECEIVED
INV-004511,PO-004511,SUP-0079,2026-09-30,INR,23741.48,RECEIVED
INV-004512,PO-004512,SUP-0031,2026-07-12,GBP,98446.2,RECEIVED
INV-004513,PO-004513,SUP-0117,2026-08-28,INR,95241.1,RECEIVED
INV-004514,PO-004514,SUP-0027,2026-03-28,EUR,118917.92,RECEIVED
INV-004515,PO-004515,SUP-0080,2026-05-15,INR,146485.56,RECEIVED
INV-004516,PO-004516,SUP-0068,2026-05-08,INR,112295.18,RECEIVED
INV-004517,PO-004517,SUP-0081,2026-02-12,USD,13028.57,RECEIVED
INV-004518,PO-004518,SUP-0097,2026-06-14,GBP,100707.4,RECEIVED
INV-004519,PO-004519,SUP-0083,2026-07-13,INR,119906.3,RECEIVED
INV-004520,PO-004520,SUP-0067,2026-07-15,GBP,51210.22,RECEIVED
INV-004521,PO-004521,SUP-0006,2026-04-26,GBP,71392.8,RECEIVED
INV-004522,PO-004522,SUP-0054,2026-02-05,INR,111694.1,RECEIVED
INV-004523,PO-004523,SUP-0033,2026-06-24,USD,48218.98,RECEIVED
INV-004524,PO-004524,SUP-0057,2026-03-27,GBP,58824.88,RECEIVED
INV-004525,PO-004525,SUP-0018,2026-03-25,USD,19586.35,RECEIVED
INV-004526,PO-004526,SUP-0060,2026-03-18,GBP,59171.06,RECEIVED
INV-004527,PO-004527,SUP-0051,2026-09-24,GBP,122576.35,RECEIVED
INV-004528,PO-004528,SUP-0023,2026-05-14,EUR,46084.44,RECEIVED
INV-004529,PO-004529,SUP-0035,2026-01-12,GBP,116207.58,RECEIVED
INV-004530,PO-004530,SUP-0099,2026-05-17,USD,15151.71,RECEIVED
INV-004531,PO-004531,SUP-0008,2026-02-20,EUR,39231.73,RECEIVED
INV-004532,PO-004532,SUP-0032,2026-06-11,EUR,15593.72,RECEIVED
INV-004533,PO-004533,SUP-0054,2026-08-30,INR,141610.15,RECEIVED
INV-004534,PO-004534,SUP-0073,2026-05-27,GBP,25983.86,RECEIVED
INV-004535,PO-004535,SUP-0077,2026-07-15,EUR,135948.42,RECEIVED
INV-004536,PO-004536,SUP-0040,2026-09-25,USD,79275.35,RECEIVED
INV-004537,PO-004537,SUP-0090,2026-08-01,USD,121199.95,RECEIVED
INV-004538,PO-004538,SUP-0076,2026-07-31,USD,74014.01,RECEIVED
INV-004539,PO-004539,SUP-0107,2026-09-04,EUR,62900.88,RECEIVED
INV-004540,PO-004540,SUP-0074,2026-03-08,EUR,118974.59,RECEIVED
INV-004541,PO-004541,SUP-0084,2026-09-04,EUR,117956.52,RECEIVED
INV-004542,PO-004542,SUP-0014,2026-06-22,INR,77128.62,RECEIVED
INV-004543,PO-004543,SUP-0120,2026-01-21,INR,79456.56,RECEIVED
INV-004544,PO-004544,SUP-0086,2026-04-02,GBP,123359.97,RECEIVED
INV-004545,PO-004545,SUP-0108,2026-03-19,USD,87936.31,RECEIVED
INV-004546,PO-004546,SUP-0106,2026-07-30,USD,125388.37,RECEIVED
INV-004547,PO-004547,SUP-0061,2026-06-25,EUR,38168.48,RECEIVED
INV-004548,PO-004548,SUP-0091,2026-09-15,USD,130999.53,RECEIVED
INV-004549,PO-004549,SUP-0014,2026-06-04,INR,29826.4,RECEIVED
INV-004550,PO-004550,SUP-0033,2026-03-15,USD,7555.43,RECEIVED
INV-004551,PO-004551,SUP-0026,2026-06-06,GBP,119150.37,RECEIVED
INV-004552,PO-004552,SUP-0020,2026-01-24,EUR,2390.6,RECEIVED
INV-004553,PO-004553,SUP-0108,2026-09-02,USD,92883.79,RECEIVED
INV-004554,PO-004554,SUP-0002,2026-01-25,USD,132667.41,RECEIVED
INV-004555,PO-004555,SUP-0078,2026-07-31,EUR,75255.78,RECEIVED
INV-004556,PO-004556,SUP-0089,2026-06-08,GBP,43217.03,RECEIVED
INV-004557,PO-004557,SUP-0048,2026-03-22,USD,71773.47,RECEIVED
INV-004558,PO-004558,SUP-0022,2026-08-13,GBP,96688.8,RECEIVED
INV-004559,PO-004559,SUP-0024,2026-07-04,USD,20671.36,RECEIVED
INV-004560,PO-004560,SUP-0080,2026-02-20,INR,9523.9,RECEIVED
INV-004561,PO-004561,SUP-0035,2026-05-17,EUR,104454.96,RECEIVED
INV-004562,PO-004562,SUP-0038,2026-07-18,INR,66563.32,RECEIVED
INV-004563,PO-004563,SUP-0056,2026-07-16,GBP,129580.14,RECEIVED
INV-004564,PO-004564,SUP-0019,2026-05-30,EUR,60486.74,RECEIVED
INV-004565,PO-004565,SUP-0004,2026-04-05,EUR,138010.87,RECEIVED
INV-004566,PO-004566,SUP-0042,2026-06-27,GBP,90747.72,RECEIVED
INV-004567,PO-004567,SUP-0091,2026-08-20,USD,21431.02,RECEIVED
INV-004568,PO-004568,SUP-0050,2026-09-05,USD,15408.72,RECEIVED
INV-004569,PO-004569,SUP-0029,2026-07-15,USD,74349.66,RECEIVED
INV-004570,PO-004570,SUP-0066,2026-04-02,GBP,47481.24,RECEIVED
INV-004571,PO-004571,SUP-0093,2026-06-29,GBP,135474.68,RECEIVED
INV-004572,PO-004572,SUP-0045,2026-05-03,EUR,94683.89,RECEIVED
INV-004573,PO-004573,SUP-0097,2026-03-17,GBP,103851.4,RECEIVED
INV-004574,PO-004574,SUP-0020,2026-06-16,EUR,90740.01,RECEIVED
INV-004575,PO-004575,SUP-0094,2026-04-07,USD,125568.0,RECEIVED
INV-004576,PO-004576,SUP-0102,2026-09-03,GBP,128223.89,RECEIVED
INV-004577,PO-004577,SUP-0024,2026-04-22,GBP,85736.27,RECEIVED
INV-004578,PO-004578,SUP-0036,2026-07-29,INR,43533.42,RECEIVED
INV-004579,PO-004579,SUP-0009,2026-07-16,EUR,80738.45,RECEIVED
INV-004580,PO-004580,SUP-0003,2026-02-20,EUR,88126.3,RECEIVED
INV-004581,PO-004581,SUP-0036,2026-03-20,INR,146941.04,RECEIVED
INV-004582,PO-004582,SUP-0062,2026-08-31,GBP,93703.45,RECEIVED
INV-004583,PO-004583,SUP-0047,2026-03-12,INR,2548.61,RECEIVED
INV-004584,PO-004584,SUP-0016,2026-08-21,EUR,138986.54,RECEIVED
INV-004585,PO-004585,SUP-0111,2026-07-22,GBP,56528.46,RECEIVED
INV-004586,PO-004586,SUP-0026,2026-04-07,GBP,133274.37,RECEIVED
INV-004587,PO-004587,SUP-0018,2026-03-04,USD,32005.28,RECEIVED
INV-004588,PO-004588,SUP-0075,2026-04-24,GBP,105516.16,RECEIVED
INV-004589,PO-004589,SUP-0051,2026-08-17,GBP,98977.1,RECEIVED
INV-004590,PO-004590,SUP-0047,2026-03-16,INR,53026.49,RECEIVED
INV-004591,PO-004591,SUP-0083,2026-07-11,INR,94276.17,RECEIVED
INV-004592,PO-004592,SUP-0080,2026-03-03,INR,48928.39,RECEIVED
INV-004593,PO-004593,SUP-0046,2026-02-04,USD,22541.16,RECEIVED
INV-004594,PO-004594,SUP-0029,2026-01-27,USD,118060.65,RECEIVED
INV-004595,PO-004595,SUP-0054,2026-04-11,INR,47599.64,RECEIVED
INV-004596,PO-004596,SUP-0009,2026-07-05,EUR,5538.73,RECEIVED
INV-004597,PO-004597,SUP-0005,2026-07-19,USD,46542.64,RECEIVED
INV-004598,PO-004598,SUP-0084,2026-02-06,EUR,95119.39,RECEIVED
INV-004599,PO-004599,SUP-0046,2026-04-30,USD,56106.73,RECEIVED
INV-004600,PO-004600,SUP-0016,2026-04-20,USD,3739.88,RECEIVED
INV-004601,PO-004601,SUP-0044,2026-09-02,USD,54511.43,RECEIVED
INV-004602,PO-004602,SUP-0018,2026-07-28,USD,84039.99,RECEIVED
INV-004603,PO-004603,SUP-0044,2026-06-21,USD,68380.47,RECEIVED
INV-004604,PO-004604,SUP-0082,2026-05-19,GBP,88011.41,RECEIVED
INV-004605,PO-004605,SUP-0089,2026-07-08,INR,122720.99,RECEIVED
INV-004606,PO-004606,SUP-0093,2026-05-02,GBP,143360.98,RECEIVED
INV-004607,PO-004607,SUP-0086,2026-09-09,GBP,135245.44,RECEIVED
INV-004608,PO-004608,SUP-0011,2026-07-15,USD,66056.17,RECEIVED
INV-004609,PO-004609,SUP-0068,2026-02-24,INR,103585.52,RECEIVED
INV-004610,PO-004610,SUP-0002,2026-04-09,USD,142285.67,RECEIVED
INV-004611,PO-004611,SUP-0081,2026-01-26,USD,37327.76,RECEIVED
INV-004612,PO-004612,SUP-0095,2026-02-24,GBP,80843.8,RECEIVED
INV-004613,PO-004613,SUP-0099,2026-05-06,USD,145954.21,RECEIVED
INV-004614,PO-004614,SUP-0050,2026-08-18,USD,78556.06,RECEIVED
INV-004615,PO-004615,SUP-0108,2026-08-06,USD,84401.68,RECEIVED
INV-004616,PO-004616,SUP-0109,2026-03-26,EUR,1736.63,RECEIVED
INV-004617,PO-004617,SUP-0078,2026-08-03,EUR,45004.24,RECEIVED
INV-004618,PO-004618,SUP-0107,2026-03-10,EUR,75687.61,RECEIVED
INV-004619,PO-004619,SUP-0053,2026-01-18,EUR,64131.77,RECEIVED
INV-004620,PO-004620,SUP-0026,2026-07-30,GBP,63430.3,RECEIVED
INV-004621,PO-004621,SUP-0008,2026-04-12,EUR,37179.05,RECEIVED
INV-004622,PO-004622,SUP-0058,2026-06-13,GBP,142461.31,RECEIVED
INV-004623,PO-004623,SUP-0007,2026-04-03,GBP,47503.97,RECEIVED
INV-004624,PO-004624,SUP-0038,2026-03-14,INR,48994.39,RECEIVED
INV-004625,PO-004625,SUP-0031,2026-01-29,GBP,32806.68,RECEIVED
INV-004626,PO-004626,SUP-0100,2026-02-18,EUR,59891.67,RECEIVED
INV-004627,PO-004627,SUP-0063,2026-05-11,INR,21106.66,RECEIVED
INV-004628,PO-004628,SUP-0077,2026-04-02,EUR,77424.88,RECEIVED
INV-004629,PO-004629,SUP-0077,2026-05-02,EUR,39418.88,RECEIVED
INV-004630,PO-004630,SUP-0011,2026-04-16,GBP,46467.72,RECEIVED
INV-004631,PO-004631,SUP-0091,2026-09-20,USD,136858.29,RECEIVED
INV-004632,PO-004632,SUP-0114,2026-06-14,EUR,120373.8,RECEIVED
INV-004633,PO-004633,SUP-0112,2026-04-07,EUR,73904.15,RECEIVED
INV-004634,PO-004634,SUP-0053,2026-04-20,EUR,2429.11,RECEIVED
INV-004635,PO-004635,SUP-0009,2026-07-17,EUR,144092.77,RECEIVED
INV-004636,PO-004636,SUP-0030,2026-06-23,GBP,69991.14,RECEIVED
INV-004637,PO-004637,SUP-0006,2026-03-21,GBP,68860.67,RECEIVED
INV-004638,PO-004638,SUP-0096,2026-06-03,EUR,34813.57,RECEIVED
INV-004639,PO-004639,SUP-0112,2026-04-16,EUR,27107.52,RECEIVED
INV-004640,PO-004640,SUP-0012,2026-05-07,USD,11807.59,RECEIVED
INV-004641,PO-004641,SUP-0001,2026-06-23,EUR,132154.83,RECEIVED
INV-004642,PO-004642,SUP-0082,2026-03-10,GBP,115410.31,RECEIVED
INV-004643,PO-004643,SUP-0019,2026-05-26,EUR,54619.55,RECEIVED
INV-004644,PO-004644,SUP-0026,2026-08-26,GBP,101363.77,RECEIVED
INV-004645,PO-004645,SUP-0067,2026-05-21,USD,121774.99,RECEIVED
INV-004646,PO-004646,SUP-0111,2026-05-31,GBP,78995.52,RECEIVED
INV-004647,PO-004647,SUP-0083,2026-09-11,INR,143349.1,RECEIVED
INV-004648,PO-004648,SUP-0038,2026-07-23,INR,91658.83,RECEIVED
INV-004649,PO-004649,SUP-0108,2026-07-15,USD,110509.55,RECEIVED
INV-004650,PO-004650,SUP-0047,2026-05-24,INR,133405.49,RECEIVED
INV-004651,PO-004651,SUP-0054,2026-05-17,INR,41893.88,RECEIVED
INV-004652,PO-004652,SUP-0103,2026-02-27,GBP,131880.12,RECEIVED
INV-004653,PO-004653,SUP-0091,2026-07-06,USD,95246.21,RECEIVED
INV-004654,PO-004654,SUP-0104,2026-06-16,GBP,35751.51,RECEIVED
INV-004655,PO-004655,SUP-0044,2026-05-06,USD,61371.58,RECEIVED
INV-004656,PO-004656,SUP-0039,2026-03-03,GBP,133664.18,RECEIVED
INV-004657,PO-004657,SUP-0034,2026-08-07,GBP,2945.44,RECEIVED
INV-004658,PO-004658,SUP-0016,2026-02-05,EUR,7580.37,RECEIVED
INV-004659,PO-004659,SUP-0097,2026-04-17,GBP,16972.33,RECEIVED
INV-004660,PO-004660,SUP-0026,2026-01-28,GBP,143983.79,RECEIVED
INV-004661,PO-004661,SUP-0119,2026-05-05,INR,21820.25,RECEIVED
INV-004662,PO-004662,SUP-0094,2026-02-14,USD,131767.61,RECEIVED
INV-004663,PO-004663,SUP-0029,2026-01-11,USD,19961.18,RECEIVED
INV-004664,PO-004664,SUP-0021,2026-05-27,GBP,41026.34,RECEIVED
INV-004665,PO-004665,SUP-0007,2026-04-18,GBP,112729.58,RECEIVED
INV-004666,PO-004666,SUP-0113,2026-03-29,INR,83613.0,RECEIVED
INV-004667,PO-004667,SUP-0054,2026-07-04,INR,79426.93,RECEIVED
INV-004668,PO-004668,SUP-0019,2026-08-07,EUR,129447.14,RECEIVED
INV-004669,PO-004669,SUP-0046,2026-09-21,USD,18992.45,RECEIVED
INV-004670,PO-004670,SUP-0056,2026-06-22,GBP,94543.79,RECEIVED
INV-004671,PO-004671,SUP-0045,2026-02-28,EUR,15866.63,RECEIVED
INV-004672,PO-004672,SUP-0086,2026-08-04,GBP,119471.1,RECEIVED
INV-004673,PO-004673,SUP-0047,2026-06-11,INR,128812.57,RECEIVED
INV-004674,PO-004674,SUP-0030,2026-09-21,GBP,70839.38,RECEIVED
INV-004675,PO-004675,SUP-0109,2026-07-11,EUR,8875.05,RECEIVED
INV-004676,PO-004676,SUP-0067,2026-03-20,GBP,113540.72,RECEIVED
INV-004677,PO-004677,SUP-0119,2026-05-26,INR,106700.15,RECEIVED
INV-004678,PO-004678,SUP-0036,2026-02-25,INR,76199.36,RECEIVED
INV-004679,PO-004679,SUP-0119,2026-05-31,INR,93063.34,RECEIVED
INV-004680,PO-004680,SUP-0005,2026-06-14,USD,98262.84,RECEIVED
INV-004681,PO-004681,SUP-0079,2026-08-24,INR,57806.53,RECEIVED
INV-004682,PO-004682,SUP-0021,2026-03-09,GBP,142719.22,RECEIVED
INV-004683,PO-004683,SUP-0076,2026-08-19,USD,22523.85,RECEIVED
INV-004684,PO-004684,SUP-0106,2026-09-06,USD,39668.25,RECEIVED
INV-004685,PO-004685,SUP-0011,2026-09-04,USD,132771.13,RECEIVED
INV-004686,PO-004686,SUP-0087,2026-06-02,INR,97065.35,RECEIVED
INV-004687,PO-004687,SUP-0113,2026-07-17,INR,18001.27,RECEIVED
INV-004688,PO-004688,SUP-0083,2026-05-06,INR,50448.44,RECEIVED
INV-004689,PO-004689,SUP-0090,2026-03-16,USD,18390.48,RECEIVED
INV-004690,PO-004690,SUP-0045,2026-04-20,EUR,112908.04,RECEIVED
INV-004691,PO-004691,SUP-0084,2026-03-15,EUR,1044.91,RECEIVED
INV-004692,PO-004692,SUP-0090,2026-05-27,USD,20939.99,RECEIVED
INV-004693,PO-004693,SUP-0043,2026-03-27,USD,122643.97,RECEIVED
INV-004694,PO-004694,SUP-0095,2026-04-10,INR,89032.24,RECEIVED
INV-004695,PO-004695,SUP-0004,2026-05-30,GBP,5495.59,RECEIVED
INV-004696,PO-004696,SUP-0120,2026-04-12,INR,78902.52,RECEIVED
INV-004697,PO-004697,SUP-0063,2026-03-17,INR,58000.76,RECEIVED
INV-004698,PO-004698,SUP-0047,2026-07-20,INR,69040.25,RECEIVED
INV-004699,PO-004699,SUP-0105,2026-05-23,GBP,111235.23,RECEIVED
INV-004700,PO-004700,SUP-0116,2026-03-15,EUR,51472.19,RECEIVED
INV-004701,PO-004701,SUP-0115,2026-07-01,EUR,76030.67,RECEIVED
INV-004702,PO-004702,SUP-0015,2026-05-23,EUR,83867.66,RECEIVED
INV-004703,PO-004703,SUP-0001,2026-07-10,EUR,57301.33,RECEIVED
INV-004704,PO-004704,SUP-0036,2026-05-31,INR,146677.03,RECEIVED
INV-004705,PO-004705,SUP-0104,2026-01-11,GBP,24845.26,RECEIVED
INV-004706,PO-004706,SUP-0091,2026-05-01,USD,8998.46,RECEIVED
INV-004707,PO-004707,SUP-0055,2026-05-27,USD,56040.42,RECEIVED
INV-004708,PO-004708,SUP-0075,2026-03-11,GBP,23668.53,RECEIVED
INV-004709,PO-004709,SUP-0098,2026-09-25,USD,68351.85,RECEIVED
INV-004710,PO-004710,SUP-0026,2026-08-26,GBP,15610.85,RECEIVED
INV-004711,PO-004711,SUP-0073,2026-03-25,GBP,38550.2,RECEIVED
INV-004712,PO-004712,SUP-0111,2026-07-21,GBP,44776.1,RECEIVED
INV-004713,PO-004713,SUP-0054,2026-03-06,INR,85657.65,RECEIVED
INV-004714,PO-004714,SUP-0058,2026-09-20,GBP,31459.73,RECEIVED
INV-004715,PO-004715,SUP-0088,2026-08-18,EUR,65218.79,RECEIVED
INV-004716,PO-004716,SUP-0032,2026-07-06,EUR,99010.81,RECEIVED
INV-004717,PO-004717,SUP-0045,2026-06-25,EUR,52047.63,RECEIVED
INV-004718,PO-004718,SUP-0068,2026-02-25,INR,109756.31,RECEIVED
INV-004719,PO-004719,SUP-0083,2026-08-26,INR,90608.4,RECEIVED
INV-004720,PO-004720,SUP-0063,2026-05-07,INR,87595.89,RECEIVED
INV-004721,PO-004721,SUP-0059,2026-07-24,GBP,1698.77,RECEIVED
INV-004722,PO-004722,SUP-0001,2026-02-17,EUR,95679.91,RECEIVED
INV-004723,PO-004723,SUP-0086,2026-03-06,GBP,132232.49,RECEIVED
INV-004724,PO-004724,SUP-0116,2026-05-24,EUR,125719.68,RECEIVED
INV-004725,PO-004725,SUP-0004,2026-05-10,GBP,131113.37,RECEIVED
INV-004726,PO-004726,SUP-0116,2026-03-26,EUR,71095.52,RECEIVED
INV-004727,PO-004727,SUP-0063,2026-06-02,INR,58039.51,RECEIVED
INV-004728,PO-004728,SUP-0037,2026-03-25,INR,53220.16,RECEIVED
INV-004729,PO-004729,SUP-0034,2026-09-23,GBP,102165.32,RECEIVED
INV-004730,PO-004730,SUP-0115,2026-08-10,EUR,72616.01,RECEIVED
INV-004731,PO-004731,SUP-0002,2026-01-09,USD,59485.69,RECEIVED
INV-004732,PO-004732,SUP-0108,2026-08-09,USD,47876.67,RECEIVED
INV-004733,PO-004733,SUP-0058,2026-04-03,GBP,108647.29,RECEIVED
INV-004734,PO-004734,SUP-0079,2026-06-22,INR,25293.51,RECEIVED
INV-004735,PO-004735,SUP-0027,2026-01-18,EUR,103983.69,RECEIVED
INV-004736,PO-004736,SUP-0116,2026-09-07,EUR,102716.33,RECEIVED
INV-004737,PO-004737,SUP-0117,2026-04-12,INR,106098.96,RECEIVED
INV-004738,PO-004738,SUP-0037,2026-03-08,INR,146587.25,RECEIVED
INV-004739,PO-004739,SUP-0107,2026-04-30,EUR,14757.95,RECEIVED
INV-004740,PO-004740,SUP-0096,2026-05-30,EUR,16652.11,RECEIVED
INV-004741,PO-004741,SUP-0093,2026-06-23,GBP,111902.52,RECEIVED
INV-004742,PO-004742,SUP-0063,2026-07-17,INR,145062.97,RECEIVED
INV-004743,PO-004743,SUP-0074,2026-09-10,EUR,67242.93,RECEIVED
INV-004744,PO-004744,SUP-0061,2026-07-30,EUR,96978.86,RECEIVED
INV-004745,PO-004745,SUP-0095,2026-05-14,GBP,26364.67,RECEIVED
INV-004746,PO-004746,SUP-0079,2026-06-25,INR,16244.63,RECEIVED
INV-004747,PO-004747,SUP-0076,2026-06-21,USD,145524.15,RECEIVED
INV-004748,PO-004748,SUP-0034,2026-05-06,GBP,145062.92,RECEIVED
INV-004749,PO-004749,SUP-0068,2026-07-05,INR,64966.83,RECEIVED
INV-004750,PO-004750,SUP-0050,2026-07-08,USD,149482.54,RECEIVED
INV-004751,PO-004751,SUP-0078,2026-08-30,EUR,137567.52,RECEIVED
INV-004752,PO-004752,SUP-0116,2026-03-21,EUR,97451.22,RECEIVED
INV-004753,PO-004753,SUP-0078,2026-09-29,EUR,122265.53,RECEIVED
INV-004754,PO-004754,SUP-0094,2026-09-05,USD,144830.42,RECEIVED
INV-004755,PO-004755,SUP-0104,2026-03-06,GBP,5700.46,RECEIVED
INV-004756,PO-004756,SUP-0034,2026-05-03,GBP,41832.18,RECEIVED
INV-004757,PO-004757,SUP-0097,2026-09-10,GBP,37853.14,RECEIVED
INV-004758,PO-004758,SUP-0120,2026-02-23,USD,137902.95,RECEIVED
INV-004759,PO-004759,SUP-0035,2026-01-22,GBP,58684.09,RECEIVED
INV-004760,PO-004760,SUP-0103,2026-04-05,GBP,68259.13,RECEIVED
INV-004761,PO-004761,SUP-0060,2026-06-03,GBP,106243.5,RECEIVED
INV-004762,PO-004762,SUP-0063,2026-09-03,INR,110313.97,RECEIVED
INV-004763,PO-004763,SUP-0096,2026-04-14,EUR,81592.88,RECEIVED
INV-004764,PO-004764,SUP-0078,2026-05-03,EUR,94745.2,RECEIVED
INV-004765,PO-004765,SUP-0024,2026-02-23,GBP,33888.8,RECEIVED
INV-004766,PO-004766,SUP-0026,2026-07-12,GBP,68006.6,RECEIVED
INV-004767,PO-004767,SUP-0030,2026-03-20,GBP,107763.58,RECEIVED
INV-004768,PO-004768,SUP-0021,2026-07-11,GBP,143453.39,RECEIVED
INV-004769,PO-004769,SUP-0028,2026-08-10,INR,13845.55,RECEIVED
INV-004770,PO-004770,SUP-0099,2026-03-25,USD,127893.97,RECEIVED
INV-004771,PO-004771,SUP-0065,2026-04-25,GBP,55365.8,RECEIVED
INV-004772,PO-004772,SUP-0046,2026-05-10,USD,137485.28,RECEIVED
INV-004773,PO-004773,SUP-0120,2026-09-14,INR,72571.06,RECEIVED
INV-004774,PO-004774,SUP-0066,2026-02-13,GBP,27969.26,RECEIVED
INV-004775,PO-004775,SUP-0006,2026-05-23,GBP,96307.74,RECEIVED
INV-004776,PO-004776,SUP-0002,2026-03-27,USD,16839.43,RECEIVED
INV-004777,PO-004777,SUP-0097,2026-09-11,GBP,123188.13,RECEIVED
INV-004778,PO-004778,SUP-0073,2026-04-03,GBP,33932.68,RECEIVED
INV-004779,PO-004779,SUP-0024,2026-02-14,GBP,121373.18,RECEIVED
INV-004780,PO-004780,SUP-0035,2026-04-16,GBP,109389.65,RECEIVED
INV-004781,PO-004781,SUP-0082,2026-06-03,GBP,90388.17,RECEIVED
INV-004782,PO-004782,SUP-0116,2026-08-10,EUR,117599.74,RECEIVED
INV-004783,PO-004783,SUP-0101,2026-03-22,EUR,90813.27,RECEIVED
INV-004784,PO-004784,SUP-0043,2026-05-11,GBP,146564.33,RECEIVED
INV-004785,PO-004785,SUP-0039,2026-04-23,GBP,138071.84,RECEIVED
INV-004786,PO-004786,SUP-0082,2026-02-24,GBP,96925.45,RECEIVED
INV-004787,PO-004787,SUP-0007,2026-08-12,GBP,125997.38,RECEIVED
INV-004788,PO-004788,SUP-0040,2026-09-22,USD,147620.21,RECEIVED
INV-004789,PO-004789,SUP-0056,2026-05-25,GBP,31863.89,RECEIVED
INV-004790,PO-004790,SUP-0051,2026-04-02,GBP,97622.18,RECEIVED
INV-004791,PO-004791,SUP-0033,2026-07-25,USD,33603.44,RECEIVED
INV-004792,PO-004792,SUP-0066,2026-02-15,GBP,13569.88,RECEIVED
INV-004793,PO-004793,SUP-0015,2026-05-31,EUR,114823.62,RECEIVED
INV-004794,PO-004794,SUP-0026,2026-01-20,GBP,1556.15,RECEIVED
INV-004795,PO-004795,SUP-0046,2026-07-17,USD,23290.12,RECEIVED
INV-004796,PO-004796,SUP-0076,2026-08-20,USD,2480.7,RECEIVED
INV-004797,PO-004797,SUP-0063,2026-08-31,INR,27294.75,RECEIVED
INV-004798,PO-004798,SUP-0007,2026-08-22,INR,49889.85,RECEIVED
INV-004799,PO-004799,SUP-0092,2026-06-02,INR,16278.32,RECEIVED
INV-004800,PO-004800,SUP-0093,2026-04-07,GBP,76479.39,RECEIVED
INV-004801,PO-004801,SUP-0031,2026-07-05,GBP,38043.35,RECEIVED
INV-004802,PO-004802,SUP-0097,2026-02-08,GBP,96757.32,RECEIVED
INV-004803,PO-004803,SUP-0083,2026-06-16,INR,59524.3,RECEIVED
INV-004804,PO-004804,SUP-0019,2026-04-15,EUR,148900.42,RECEIVED
INV-004805,PO-004805,SUP-0028,2026-09-27,INR,67874.87,RECEIVED
INV-004806,PO-004806,SUP-0091,2026-08-31,USD,112701.5,RECEIVED
INV-004807,PO-004807,SUP-0019,2026-04-09,EUR,26420.49,RECEIVED
INV-004808,PO-004808,SUP-0028,2026-05-14,INR,3486.88,RECEIVED
INV-004809,PO-004809,SUP-0038,2026-03-19,INR,107467.54,RECEIVED
INV-004810,PO-004810,SUP-0024,2026-01-30,GBP,84189.91,RECEIVED
INV-004811,PO-004811,SUP-0015,2026-09-05,EUR,64399.52,RECEIVED
INV-004812,PO-004812,SUP-0102,2026-08-18,GBP,125701.93,RECEIVED
INV-004813,PO-004813,SUP-0113,2026-04-06,INR,85499.07,RECEIVED
INV-004814,PO-004814,SUP-0054,2026-07-13,INR,87547.0,RECEIVED
INV-004815,PO-004815,SUP-0093,2026-03-07,GBP,87730.11,RECEIVED
INV-004816,PO-004816,SUP-0114,2026-03-10,EUR,94384.34,RECEIVED
INV-004817,PO-004817,SUP-0041,2026-04-08,USD,116204.0,RECEIVED
INV-004818,PO-004818,SUP-0059,2026-06-06,GBP,132957.77,RECEIVED
INV-004819,PO-004819,SUP-0049,2026-02-16,INR,146114.08,RECEIVED
INV-004820,PO-004820,SUP-0095,2026-06-15,INR,9115.76,RECEIVED
INV-004821,PO-004821,SUP-0072,2026-01-26,EUR,30133.06,RECEIVED
INV-004822,PO-004822,SUP-0117,2026-03-09,INR,28395.23,RECEIVED
INV-004823,PO-004823,SUP-0044,2026-05-12,USD,19864.76,RECEIVED
INV-004824,PO-004824,SUP-0019,2026-02-07,EUR,140736.44,RECEIVED
INV-004825,PO-004825,SUP-0036,2026-08-02,INR,136973.74,RECEIVED
INV-004826,PO-004826,SUP-0065,2026-04-10,GBP,61758.7,RECEIVED
INV-004827,PO-004827,SUP-0004,2026-04-02,GBP,88776.78,RECEIVED
INV-004828,PO-004828,SUP-0032,2026-07-16,EUR,83064.68,RECEIVED
INV-004829,PO-004829,SUP-0097,2026-08-28,GBP,29809.14,RECEIVED
INV-004830,PO-004830,SUP-0034,2026-08-16,GBP,8577.13,RECEIVED
INV-004831,PO-004831,SUP-0113,2026-07-03,INR,21163.44,RECEIVED
INV-004832,PO-004832,SUP-0074,2026-05-16,EUR,1134.87,RECEIVED
INV-004833,PO-004833,SUP-0062,2026-07-26,GBP,145204.51,RECEIVED
INV-004834,PO-004834,SUP-0077,2026-05-14,EUR,75070.64,RECEIVED
INV-004835,PO-004835,SUP-0107,2026-03-26,EUR,33548.43,RECEIVED
INV-004836,PO-004836,SUP-0060,2026-03-16,GBP,103730.31,RECEIVED
INV-004837,PO-004837,SUP-0056,2026-07-14,GBP,116475.46,RECEIVED
INV-004838,PO-004838,SUP-0035,2026-05-27,GBP,101734.2,RECEIVED
INV-004839,PO-004839,SUP-0026,2026-06-12,GBP,142519.48,RECEIVED
INV-004840,PO-004840,SUP-0003,2026-09-16,EUR,20587.18,RECEIVED
INV-004841,PO-004841,SUP-0087,2026-05-01,INR,37255.48,RECEIVED
INV-004842,PO-004842,SUP-0006,2026-03-03,GBP,51558.59,RECEIVED
INV-004843,PO-004843,SUP-0072,2026-07-01,EUR,66127.38,RECEIVED
INV-004844,PO-004844,SUP-0032,2026-05-07,EUR,125182.3,RECEIVED
INV-004845,PO-004845,SUP-0046,2026-03-18,USD,5069.9,RECEIVED
INV-004846,PO-004846,SUP-0049,2026-03-23,INR,75368.16,RECEIVED
INV-004847,PO-004847,SUP-0106,2026-07-17,USD,66035.59,RECEIVED
INV-004848,PO-004848,SUP-0064,2026-09-14,EUR,52885.21,RECEIVED
INV-004849,PO-004849,SUP-0049,2026-07-16,INR,130389.58,RECEIVED
INV-004850,PO-004850,SUP-0069,2026-08-24,EUR,133570.97,RECEIVED
INV-004851,PO-004851,SUP-0012,2026-05-14,USD,139745.53,RECEIVED
INV-004852,PO-004852,SUP-0080,2026-08-31,INR,121185.56,RECEIVED
INV-004853,PO-004853,SUP-0104,2026-01-15,GBP,131017.11,RECEIVED
INV-004854,PO-004854,SUP-0070,2026-08-02,INR,119727.62,RECEIVED
INV-004855,PO-004855,SUP-0002,2026-02-17,USD,50736.02,RECEIVED
INV-004856,PO-004856,SUP-0100,2026-03-17,EUR,70755.5,RECEIVED
INV-004857,PO-004857,SUP-0097,2026-05-08,GBP,119892.29,RECEIVED
INV-004858,PO-004858,SUP-0090,2026-06-11,USD,117100.64,RECEIVED
INV-004859,PO-004859,SUP-0022,2026-04-26,GBP,55839.34,RECEIVED
INV-004860,PO-004860,SUP-0038,2026-05-14,INR,25601.67,RECEIVED
INV-004861,PO-004861,SUP-0059,2026-05-17,GBP,31457.14,RECEIVED
INV-004862,PO-004862,SUP-0070,2026-05-12,INR,12358.7,RECEIVED
INV-004863,PO-004863,SUP-0111,2026-07-27,GBP,42732.22,RECEIVED
INV-004864,PO-004864,SUP-0050,2026-04-03,USD,89859.04,RECEIVED
INV-004865,PO-004865,SUP-0024,2026-08-21,USD,137970.35,RECEIVED
INV-004866,PO-004866,SUP-0097,2026-03-26,GBP,21080.04,RECEIVED
INV-004867,PO-004867,SUP-0079,2026-04-08,INR,31710.69,RECEIVED
INV-004868,PO-004868,SUP-0003,2026-03-31,EUR,139516.78,RECEIVED
INV-004869,PO-004869,SUP-0008,2026-03-28,EUR,16886.48,RECEIVED
INV-004870,PO-004870,SUP-0098,2026-04-29,USD,98945.15,RECEIVED
INV-004871,PO-004871,SUP-0042,2026-08-03,USD,62779.66,RECEIVED
INV-004872,PO-004872,SUP-0046,2026-07-21,USD,32625.32,RECEIVED
INV-004873,PO-004873,SUP-0075,2026-04-15,GBP,88516.42,RECEIVED
INV-004874,PO-004874,SUP-0008,2026-09-08,EUR,89588.15,RECEIVED
INV-004875,PO-004875,SUP-0054,2026-01-19,INR,62440.76,RECEIVED
INV-004876,PO-004876,SUP-0008,2026-07-29,EUR,19747.42,RECEIVED
INV-004877,PO-004877,SUP-0046,2026-03-03,USD,99547.13,RECEIVED
INV-004878,PO-004878,SUP-0037,2026-07-06,EUR,146892.48,RECEIVED
INV-004879,PO-004879,SUP-0067,2026-06-10,GBP,118028.08,RECEIVED
INV-004880,PO-004880,SUP-0106,2026-03-26,USD,17599.0,RECEIVED
INV-004881,PO-004881,SUP-0063,2026-01-31,INR,10899.95,RECEIVED
INV-004882,PO-004882,SUP-0118,2026-05-29,USD,27538.12,RECEIVED
INV-004883,PO-004883,SUP-0084,2026-04-06,EUR,8190.46,RECEIVED
INV-004884,PO-004884,SUP-0118,2026-04-14,USD,98709.08,RECEIVED
INV-004885,PO-004885,SUP-0038,2026-04-22,INR,16527.06,RECEIVED
INV-004886,PO-004886,SUP-0067,2026-08-03,USD,107710.76,RECEIVED
INV-004887,PO-004887,SUP-0010,2026-08-11,INR,104713.66,RECEIVED
INV-004888,PO-004888,SUP-0119,2026-08-17,INR,7590.21,RECEIVED
INV-004889,PO-004889,SUP-0105,2026-07-09,GBP,90405.75,RECEIVED
INV-004890,PO-004890,SUP-0082,2026-06-20,GBP,1387.71,RECEIVED
INV-004891,PO-004891,SUP-0002,2026-05-19,USD,30731.42,RECEIVED
INV-004892,PO-004892,SUP-0116,2026-03-14,EUR,115022.46,RECEIVED
INV-004893,PO-004893,SUP-0033,2026-05-14,USD,132623.51,RECEIVED
INV-004894,PO-004894,SUP-0083,2026-01-27,INR,81552.11,RECEIVED
INV-004895,PO-004895,SUP-0060,2026-03-21,GBP,52061.92,RECEIVED
INV-004896,PO-004896,SUP-0061,2026-05-19,EUR,45539.45,RECEIVED
INV-004897,PO-004897,SUP-0106,2026-06-05,USD,126550.67,RECEIVED
INV-004898,PO-004898,SUP-0046,2026-02-06,USD,106121.24,RECEIVED
INV-004899,PO-004899,SUP-0069,2026-06-15,EUR,51983.53,RECEIVED
INV-004900,PO-004900,SUP-0071,2026-03-08,INR,105805.8,RECEIVED
INV-004901,PO-004901,SUP-0039,2026-04-28,GBP,21176.73,RECEIVED
INV-004902,PO-004902,SUP-0064,2026-05-11,EUR,140080.73,RECEIVED
INV-004903,PO-004903,SUP-0072,2026-05-25,EUR,103964.5,RECEIVED
INV-004904,PO-004904,SUP-0038,2026-05-04,INR,106918.18,RECEIVED
INV-004905,PO-004905,SUP-0082,2026-02-25,GBP,67466.37,RECEIVED
INV-004906,PO-004906,SUP-0005,2026-04-05,USD,32552.41,RECEIVED
INV-004907,PO-004907,SUP-0018,2026-06-03,USD,99044.45,RECEIVED
INV-004908,PO-004908,SUP-0043,2026-08-08,USD,116906.37,RECEIVED
INV-004909,PO-004909,SUP-0084,2026-06-28,EUR,125843.9,RECEIVED
INV-004910,PO-004910,SUP-0027,2026-02-24,EUR,117476.93,RECEIVED
INV-004911,PO-004911,SUP-0064,2026-05-21,EUR,11159.34,RECEIVED
INV-004912,PO-004912,SUP-0087,2026-06-17,INR,90813.25,RECEIVED
INV-004913,PO-004913,SUP-0033,2026-03-05,USD,140466.85,RECEIVED
INV-004914,PO-004914,SUP-0113,2026-07-15,INR,99774.84,RECEIVED
INV-004915,PO-004915,SUP-0038,2026-08-22,INR,72374.67,RECEIVED
INV-004916,PO-004916,SUP-0113,2026-03-19,INR,92997.88,RECEIVED
INV-004917,PO-004917,SUP-0095,2026-07-20,INR,146331.86,RECEIVED
INV-004918,PO-004918,SUP-0071,2026-02-20,INR,45676.63,RECEIVED
INV-004919,PO-004919,SUP-0035,2026-06-02,EUR,44697.65,RECEIVED
INV-004920,PO-004920,SUP-0079,2026-08-01,INR,73673.0,RECEIVED
INV-004921,PO-004921,SUP-0110,2026-08-06,USD,129362.92,RECEIVED
INV-004922,PO-004922,SUP-0095,2026-08-06,GBP,85553.51,RECEIVED
INV-004923,PO-004923,SUP-0065,2026-04-30,GBP,109038.99,RECEIVED
INV-004924,PO-004924,SUP-0047,2026-01-24,INR,66857.6,RECEIVED
INV-004925,PO-004925,SUP-0019,2026-03-22,EUR,19330.11,RECEIVED
INV-004926,PO-004926,SUP-0050,2026-07-25,USD,67870.34,RECEIVED
INV-004927,PO-004927,SUP-0048,2026-07-10,USD,106435.94,RECEIVED
INV-004928,PO-004928,SUP-0084,2026-01-14,EUR,20889.69,RECEIVED
INV-004929,PO-004929,SUP-0063,2026-02-12,INR,107584.88,RECEIVED
INV-004930,PO-004930,SUP-0058,2026-06-02,GBP,129911.22,RECEIVED
INV-004931,PO-004931,SUP-0075,2026-02-26,GBP,51657.92,RECEIVED
INV-004932,PO-004932,SUP-0099,2026-04-15,USD,112210.18,RECEIVED
INV-004933,PO-004933,SUP-0086,2026-03-06,GBP,65601.97,RECEIVED
INV-004934,PO-004934,SUP-0106,2026-04-20,USD,81688.17,RECEIVED
INV-004935,PO-004935,SUP-0098,2026-03-30,USD,26362.51,RECEIVED
INV-004936,PO-004936,SUP-0103,2026-09-10,GBP,28940.92,RECEIVED
INV-004937,PO-004937,SUP-0022,2026-03-25,GBP,136374.03,RECEIVED
INV-004938,PO-004938,SUP-0079,2026-06-27,INR,39494.65,RECEIVED
INV-004939,PO-004939,SUP-0001,2026-07-10,EUR,102864.01,RECEIVED
INV-004940,PO-004940,SUP-0095,2026-06-09,INR,51074.4,RECEIVED
INV-004941,PO-004941,SUP-0028,2026-08-21,INR,37271.69,RECEIVED
INV-004942,PO-004942,SUP-0036,2026-02-27,INR,3439.94,RECEIVED
INV-004943,PO-004943,SUP-0082,2026-07-31,GBP,683.25,RECEIVED
INV-004944,PO-004944,SUP-0023,2026-04-02,EUR,119668.76,RECEIVED
INV-004945,PO-004945,SUP-0088,2026-07-14,EUR,139537.92,RECEIVED
INV-004946,PO-004946,SUP-0090,2026-05-12,USD,35244.95,RECEIVED
INV-004947,PO-004947,SUP-0087,2026-07-07,INR,140808.64,RECEIVED
INV-004948,PO-004948,SUP-0097,2026-08-19,GBP,50634.04,RECEIVED
INV-004949,PO-004949,SUP-0093,2026-06-23,GBP,116869.55,RECEIVED
INV-004950,PO-004950,SUP-0066,2026-05-15,GBP,63476.88,RECEIVED
INV-004951,PO-004951,SUP-0026,2026-03-03,GBP,11066.22,RECEIVED
INV-004952,PO-004952,SUP-0006,2026-07-31,GBP,85261.79,RECEIVED
INV-004953,PO-004953,SUP-0057,2026-09-09,INR,77795.03,RECEIVED
INV-004954,PO-004954,SUP-0107,2026-02-12,EUR,111766.94,RECEIVED
INV-004955,PO-004955,SUP-0036,2026-08-22,GBP,11199.57,RECEIVED
INV-004956,PO-004956,SUP-0011,2026-05-29,GBP,87378.81,RECEIVED
INV-004957,PO-004957,SUP-0064,2026-09-02,EUR,90879.6,RECEIVED
INV-004958,PO-004958,SUP-0097,2026-06-09,GBP,128424.5,RECEIVED
INV-004959,PO-004959,SUP-0088,2026-02-02,EUR,71385.35,RECEIVED
INV-004960,PO-004960,SUP-0078,2026-02-16,EUR,95505.72,RECEIVED
INV-004961,PO-004961,SUP-0071,2026-07-16,INR,2773.94,RECEIVED
INV-004962,PO-004962,SUP-0024,2026-02-11,GBP,137023.0,RECEIVED
INV-004963,PO-004963,SUP-0069,2026-03-04,EUR,22168.17,RECEIVED
INV-004964,PO-004964,SUP-0019,2026-09-02,EUR,106826.63,RECEIVED
INV-004965,PO-004965,SUP-0036,2026-07-15,INR,80070.43,RECEIVED
INV-004966,PO-004966,SUP-0061,2026-04-04,EUR,21336.19,RECEIVED
INV-004967,PO-004967,SUP-0036,2026-09-08,INR,131599.1,RECEIVED
INV-004968,PO-004968,SUP-0096,2026-05-12,EUR,137142.67,RECEIVED
INV-004969,PO-004969,SUP-0120,2026-06-05,INR,124321.32,RECEIVED
INV-004970,PO-004970,SUP-0036,2026-09-16,INR,132816.1,RECEIVED
INV-004971,PO-004971,SUP-0054,2026-07-13,INR,17274.01,RECEIVED
INV-004972,PO-004972,SUP-0102,2026-02-15,GBP,110536.34,RECEIVED
INV-004973,PO-004973,SUP-0095,2026-01-15,INR,125891.52,RECEIVED
INV-004974,PO-004974,SUP-0090,2026-02-20,USD,93267.23,RECEIVED
INV-004975,PO-004975,SUP-0073,2026-02-01,GBP,91767.24,RECEIVED
INV-004976,PO-004976,SUP-0087,2026-06-15,INR,42716.3,RECEIVED
INV-004977,PO-004977,SUP-0086,2026-05-07,GBP,122500.84,RECEIVED
INV-004978,PO-004978,SUP-0043,2026-07-23,USD,59309.86,RECEIVED
INV-004979,PO-004979,SUP-0088,2026-03-05,EUR,105131.41,RECEIVED
INV-004980,PO-004980,SUP-0113,2026-04-23,INR,24559.8,RECEIVED
INV-004981,PO-004981,SUP-0091,2026-08-18,USD,24645.2,RECEIVED
INV-004982,PO-004982,SUP-0041,2026-04-28,USD,73680.99,RECEIVED
INV-004983,PO-004983,SUP-0024,2026-05-29,GBP,7557.61,RECEIVED
INV-004984,PO-004984,SUP-0104,2026-04-21,GBP,132307.23,RECEIVED
INV-004985,PO-004985,SUP-0059,2026-07-25,GBP,123564.58,RECEIVED
INV-004986,PO-004986,SUP-0073,2026-04-05,GBP,90968.54,RECEIVED
INV-004987,PO-004987,SUP-0001,2026-08-24,EUR,96833.31,RECEIVED
INV-004988,PO-004988,SUP-0064,2026-06-28,EUR,19446.88,RECEIVED
INV-004989,PO-004989,SUP-0006,2026-05-04,GBP,14775.94,RECEIVED
INV-004990,PO-004990,SUP-0069,2026-09-02,EUR,51095.75,RECEIVED
INV-004991,PO-004991,SUP-0069,2026-01-30,EUR,38609.65,RECEIVED
INV-004992,PO-004992,SUP-0003,2026-05-29,EUR,104595.74,RECEIVED
INV-004993,PO-004993,SUP-0036,2026-03-23,GBP,107327.48,RECEIVED
INV-004994,PO-004994,SUP-0018,2026-06-15,USD,103306.82,RECEIVED
INV-004995,PO-004995,SUP-0081,2026-05-31,INR,78797.63,RECEIVED
INV-004996,PO-004996,SUP-0103,2026-09-13,GBP,101956.11,RECEIVED
INV-004997,PO-004997,SUP-0039,2026-03-09,GBP,32500.88,RECEIVED
INV-004998,PO-004998,SUP-0064,2026-04-29,EUR,46784.97,RECEIVED
INV-004999,PO-004999,SUP-0056,2026-06-06,GBP,104155.1,RECEIVED
INV-005000,PO-005000,SUP-0085,2026-06-03,GBP,72062.23,RECEIVED
INV-DUP-0004,PO-000041,SUP-0024,2026-05-22,USD,146210.85,RECEIVED
