ORDER_ID,PO_ID,CUSTOMER_ID,ORDER_DATE,ORDER_AMOUNT,STATUS
ORD-000001-1,PO-000001,CUST-01866,2026-05-03,20254.45,OPEN
ORD-000001-2,PO-000001,CUST-00957,2026-04-28,20254.45,OPEN
ORD-000001-3,PO-000001,CUST-01562,2026-04-30,20254.45,OPEN
ORD-000002-1,PO-000002,CUST-02155,2026-02-09,75592.53,OPEN
ORD-000003-1,PO-000003,CUST-01387,2026-04-22,43568.16,OPEN
ORD-000004-1,PO-000004,CUST-02217,2026-08-17,12405.14,OPEN
ORD-000004-2,PO-000004,CUST-01178,2026-08-08,24810.28,OPEN
ORD-000004-3,PO-000004,CUST-00412,2026-08-13,49620.56,OPEN
ORD-000005-1,PO-000005,CUST-01536,2026-08-24,1609.2,OPEN
ORD-000006-1,PO-000006,CUST-02497,2026-05-27,102429.16,OPEN
ORD-000006-2,PO-000006,CUST-02039,2026-06-04,51214.58,OPEN
ORD-000007-1,PO-000007,CUST-02239,2026-06-20,12823.2,OPEN
ORD-000008-1,PO-000008,CUST-00816,2026-06-07,15074.52,OPEN
ORD-000008-2,PO-000008,CUST-01563,2026-06-01,22611.78,OPEN
ORD-000008-3,PO-000008,CUST-01210,2026-06-09,15074.52,OPEN
ORD-000009-1,PO-000009,CUST-02487,2026-05-29,64913.79,OPEN
ORD-000009-2,PO-000009,CUST-01027,2026-06-04,64913.79,OPEN
ORD-000009-3,PO-000009,CUST-00162,2026-06-04,129827.58,OPEN
ORD-000009-4,PO-000009,CUST-00539,2026-05-25,43275.86,OPEN
ORD-000010-1,PO-000010,CUST-01974,2026-02-16,10172.94,OPEN
ORD-000010-2,PO-000010,CUST-00309,2026-02-15,7629.7,OPEN
ORD-000010-3,PO-000010,CUST-02283,2026-02-24,7629.7,OPEN
ORD-000011-1,PO-000011,CUST-02395,2026-01-09,13345.52,OPEN
ORD-000011-2,PO-000011,CUST-01932,2026-01-05,20018.28,OPEN
ORD-000011-3,PO-000011,CUST-02499,2026-01-12,13345.52,OPEN
ORD-000011-4,PO-000011,CUST-01238,2026-01-14,10009.14,OPEN
ORD-000012-1,PO-000012,CUST-00962,2026-01-13,141966.1,OPEN
ORD-000012-2,PO-000012,CUST-01520,2026-01-18,35491.53,OPEN
ORD-000012-3,PO-000012,CUST-01700,2026-01-18,70983.05,OPEN
ORD-000012-4,PO-000012,CUST-01146,2026-01-19,35491.53,OPEN
ORD-000013-1,PO-000013,CUST-02231,2026-05-04,47536.0,OPEN
ORD-000014-1,PO-000014,CUST-02446,2026-03-13,14438.19,OPEN
ORD-000014-2,PO-000014,CUST-00516,2026-03-17,14438.19,OPEN
ORD-000014-3,PO-000014,CUST-02402,2026-03-13,14438.19,OPEN
ORD-000014-4,PO-000014,CUST-02442,2026-03-17,14438.19,OPEN
ORD-000015-1,PO-000015,CUST-00540,2026-02-13,81262.21,OPEN
ORD-000016-1,PO-000016,CUST-01725,2026-05-31,24451.92,OPEN
ORD-000016-2,PO-000016,CUST-01837,2026-06-01,12225.96,OPEN
ORD-000016-3,PO-000016,CUST-01852,2026-06-09,48903.83,OPEN
ORD-000017-1,PO-000017,CUST-00250,2026-07-16,117592.44,OPEN
ORD-000017-2,PO-000017,CUST-02009,2026-07-12,117592.44,OPEN
ORD-000017-3,PO-000017,CUST-01320,2026-07-07,117592.44,OPEN
ORD-000017-4,PO-000017,CUST-01127,2026-07-07,58796.22,OPEN
ORD-000018-1,PO-000018,CUST-00407,2026-04-16,37299.21,OPEN
ORD-000018-2,PO-000018,CUST-01762,2026-04-18,74598.43,OPEN
ORD-000018-3,PO-000018,CUST-01858,2026-04-14,49732.28,OPEN
ORD-000018-4,PO-000018,CUST-01749,2026-04-09,49732.28,OPEN
ORD-000019-1,PO-000019,CUST-01769,2026-06-26,138486.26,OPEN
ORD-000020-1,PO-000020,CUST-01733,2026-05-29,3155.72,OPEN
ORD-000021-1,PO-000021,CUST-00919,2026-04-03,3997.07,OPEN
ORD-000021-2,PO-000021,CUST-00471,2026-04-09,5329.43,OPEN
ORD-000022-1,PO-000022,CUST-01120,2026-08-05,42182.18,OPEN
ORD-000022-2,PO-000022,CUST-00026,2026-08-10,28121.46,OPEN
ORD-000022-3,PO-000022,CUST-00286,2026-08-14,21091.09,OPEN
ORD-000023-1,PO-000023,CUST-01329,2026-04-12,21088.32,OPEN
ORD-000023-2,PO-000023,CUST-00638,2026-04-08,63264.96,OPEN
ORD-000024-1,PO-000024,CUST-01697,2026-03-20,16686.35,OPEN
ORD-000024-2,PO-000024,CUST-01414,2026-03-19,66745.39,OPEN
ORD-000024-3,PO-000024,CUST-02159,2026-03-15,16686.35,OPEN
ORD-000024-4,PO-000024,CUST-01619,2026-03-11,33372.69,OPEN
ORD-000025-1,PO-000025,CUST-00492,2026-03-23,47275.32,OPEN
ORD-000025-2,PO-000025,CUST-00530,2026-03-25,70912.98,OPEN
ORD-000025-3,PO-000025,CUST-00296,2026-03-22,47275.32,OPEN
ORD-000026-1,PO-000026,CUST-01711,2026-05-07,34553.44,OPEN
ORD-000026-2,PO-000026,CUST-01331,2026-05-04,138213.78,OPEN
ORD-000026-3,PO-000026,CUST-00361,2026-05-05,46071.26,OPEN
ORD-000026-4,PO-000026,CUST-02413,2026-05-01,34553.44,OPEN
ORD-000027-1,PO-000027,CUST-00313,2026-08-16,23443.03,OPEN
ORD-000027-2,PO-000027,CUST-01432,2026-08-19,23443.03,OPEN
ORD-000028-1,PO-000028,CUST-00726,2026-02-17,38767.25,OPEN
ORD-000028-2,PO-000028,CUST-02313,2026-02-14,9691.81,OPEN
ORD-000029-1,PO-000029,CUST-01126,2026-02-18,22081.51,OPEN
ORD-000029-2,PO-000029,CUST-01272,2026-02-13,66244.54,OPEN
ORD-000029-3,PO-000029,CUST-01511,2026-02-08,66244.54,OPEN
ORD-000029-4,PO-000029,CUST-02434,2026-02-18,66244.54,OPEN
ORD-000030-1,PO-000030,CUST-02054,2026-05-05,34100.74,OPEN
ORD-000030-2,PO-000030,CUST-01407,2026-05-03,136402.97,OPEN
ORD-000030-3,PO-000030,CUST-00161,2026-05-04,68201.49,OPEN
ORD-000031-1,PO-000031,CUST-02449,2026-04-10,18747.12,OPEN
ORD-000031-2,PO-000031,CUST-00388,2026-04-05,18747.12,OPEN
ORD-000031-3,PO-000031,CUST-02469,2026-04-08,18747.12,OPEN
ORD-000031-4,PO-000031,CUST-01433,2026-04-05,28120.69,OPEN
ORD-000032-1,PO-000032,CUST-01735,2026-03-31,84058.85,OPEN
ORD-000032-2,PO-000032,CUST-01266,2026-03-21,28019.62,OPEN
ORD-000033-1,PO-000033,CUST-00415,2026-02-20,11456.06,OPEN
ORD-000033-2,PO-000033,CUST-01380,2026-02-27,34368.19,OPEN
ORD-000034-1,PO-000034,CUST-01493,2026-02-09,6188.99,OPEN
ORD-000034-2,PO-000034,CUST-01839,2026-02-16,8251.99,OPEN
ORD-000034-3,PO-000034,CUST-01922,2026-02-12,8251.99,OPEN
ORD-000034-4,PO-000034,CUST-01892,2026-02-19,6188.99,OPEN
ORD-000035-1,PO-000035,CUST-01521,2026-02-11,30656.31,OPEN
ORD-000035-2,PO-000035,CUST-01168,2026-02-19,122625.24,OPEN
ORD-000035-3,PO-000035,CUST-02103,2026-02-15,30656.31,OPEN
ORD-000036-1,PO-000036,CUST-01624,2026-08-04,67943.63,OPEN
ORD-000037-1,PO-000037,CUST-00599,2026-01-22,18849.81,OPEN
ORD-000037-2,PO-000037,CUST-00569,2026-01-25,14137.36,OPEN
ORD-000037-3,PO-000037,CUST-00325,2026-01-28,56549.44,OPEN
ORD-000038-1,PO-000038,CUST-01234,2026-05-25,70531.89,OPEN
ORD-000039-1,PO-000039,CUST-02445,2026-06-14,29796.98,OPEN
ORD-000040-1,PO-000040,CUST-00986,2026-07-12,7321.58,OPEN
ORD-000041-1,PO-000041,CUST-00179,2026-05-21,36552.71,OPEN
ORD-000042-1,PO-000042,CUST-02384,2026-07-14,2928.21,OPEN
ORD-000042-2,PO-000042,CUST-01444,2026-07-13,2928.21,OPEN
ORD-000042-3,PO-000042,CUST-01904,2026-07-21,1464.11,OPEN
ORD-000043-1,PO-000043,CUST-00180,2026-07-31,10330.23,OPEN
ORD-000044-1,PO-000044,CUST-01172,2026-05-12,30017.25,OPEN
ORD-000044-2,PO-000044,CUST-01120,2026-05-22,20011.5,OPEN
ORD-000044-3,PO-000044,CUST-01802,2026-05-18,15008.62,OPEN
ORD-000045-1,PO-000045,CUST-01764,2026-07-03,74879.75,OPEN
ORD-000046-1,PO-000046,CUST-02469,2026-03-28,3959.6,OPEN
ORD-000046-2,PO-000046,CUST-01440,2026-03-26,3959.6,OPEN
ORD-000046-3,PO-000046,CUST-01125,2026-03-29,3959.6,OPEN
ORD-000047-1,PO-000047,CUST-00143,2026-04-06,19301.59,OPEN
ORD-000048-1,PO-000048,CUST-01520,2026-04-13,14434.18,OPEN
ORD-000048-2,PO-000048,CUST-02169,2026-04-04,28868.37,OPEN
ORD-000049-1,PO-000049,CUST-02301,2026-03-12,36024.44,OPEN
ORD-000049-2,PO-000049,CUST-00879,2026-03-09,36024.44,OPEN
ORD-000050-1,PO-000050,CUST-00360,2026-02-23,4708.57,OPEN
ORD-000050-2,PO-000050,CUST-00266,2026-03-03,6278.1,OPEN
ORD-000050-3,PO-000050,CUST-00646,2026-02-25,6278.1,OPEN
ORD-000050-4,PO-000050,CUST-00498,2026-02-26,9417.15,OPEN
ORD-000051-1,PO-000051,CUST-00354,2026-01-15,27227.01,OPEN
ORD-000051-2,PO-000051,CUST-02154,2026-01-13,13613.51,OPEN
ORD-000051-3,PO-000051,CUST-00514,2026-01-16,54454.03,OPEN
ORD-000051-4,PO-000051,CUST-02120,2026-01-14,13613.51,OPEN
ORD-000052-1,PO-000052,CUST-01246,2026-07-17,72478.28,OPEN
ORD-000053-1,PO-000053,CUST-02257,2026-04-03,71074.37,OPEN
ORD-000054-1,PO-000054,CUST-00702,2026-06-16,40127.49,OPEN
ORD-000054-2,PO-000054,CUST-02309,2026-06-16,26751.66,OPEN
ORD-000055-1,PO-000055,CUST-00125,2026-06-23,28941.96,OPEN
ORD-000055-2,PO-000055,CUST-01979,2026-06-18,38589.28,OPEN
ORD-000056-1,PO-000056,CUST-01903,2026-01-25,25861.93,OPEN
ORD-000056-2,PO-000056,CUST-01281,2026-01-28,51723.86,OPEN
ORD-000056-3,PO-000056,CUST-00536,2026-01-24,25861.93,OPEN
ORD-000056-4,PO-000056,CUST-01308,2026-01-27,103447.73,OPEN
ORD-000057-1,PO-000057,CUST-01713,2026-04-30,9390.97,OPEN
ORD-000058-1,PO-000058,CUST-02109,2026-08-30,21716.05,OPEN
ORD-000058-2,PO-000058,CUST-00095,2026-09-01,21716.05,OPEN
ORD-000059-1,PO-000059,CUST-02028,2026-03-03,10888.03,OPEN
ORD-000060-1,PO-000060,CUST-01499,2026-08-10,4142.7,OPEN
ORD-000060-2,PO-000060,CUST-01485,2026-08-05,8285.41,OPEN
ORD-000060-3,PO-000060,CUST-02066,2026-08-06,4142.7,OPEN
ORD-000061-1,PO-000061,CUST-00591,2026-02-07,48758.29,OPEN
ORD-000061-2,PO-000061,CUST-02049,2026-02-10,36568.72,OPEN
ORD-000061-3,PO-000061,CUST-01365,2026-02-02,73137.44,OPEN
ORD-000062-1,PO-000062,CUST-00666,2026-06-14,44674.4,OPEN
ORD-000062-2,PO-000062,CUST-02078,2026-06-09,44674.4,OPEN
ORD-000062-3,PO-000062,CUST-01946,2026-06-12,44674.4,OPEN
ORD-000063-1,PO-000063,CUST-01088,2026-02-07,36748.69,OPEN
ORD-000064-1,PO-000064,CUST-00606,2026-07-12,2044.4,OPEN
ORD-000064-2,PO-000064,CUST-00782,2026-07-04,8177.6,OPEN
ORD-000065-1,PO-000065,CUST-00256,2026-02-16,15559.39,OPEN
ORD-000065-2,PO-000065,CUST-02298,2026-02-16,31118.77,OPEN
ORD-000065-3,PO-000065,CUST-01286,2026-02-16,15559.39,OPEN
ORD-000065-4,PO-000065,CUST-02238,2026-02-16,20745.85,OPEN
ORD-000066-1,PO-000066,CUST-01184,2026-02-22,47873.98,OPEN
ORD-000066-2,PO-000066,CUST-01966,2026-02-26,47873.98,OPEN
ORD-000066-3,PO-000066,CUST-00500,2026-02-23,47873.98,OPEN
ORD-000067-1,PO-000067,CUST-00324,2026-07-29,17365.88,OPEN
ORD-000067-2,PO-000067,CUST-01963,2026-08-08,17365.88,OPEN
ORD-000067-3,PO-000067,CUST-02303,2026-08-06,17365.88,OPEN
ORD-000068-1,PO-000068,CUST-00954,2026-06-07,55631.6,OPEN
ORD-000068-2,PO-000068,CUST-01935,2026-06-13,37087.73,OPEN
ORD-000069-1,PO-000069,CUST-01177,2026-04-25,49053.74,OPEN
ORD-000069-2,PO-000069,CUST-00367,2026-04-25,98107.47,OPEN
ORD-000069-3,PO-000069,CUST-00718,2026-04-18,98107.47,OPEN
ORD-000069-4,PO-000069,CUST-02030,2026-04-15,24526.87,OPEN
ORD-000070-1,PO-000070,CUST-02226,2026-01-07,11277.41,OPEN
ORD-000070-2,PO-000070,CUST-01118,2026-01-05,11277.41,OPEN
ORD-000070-3,PO-000070,CUST-01880,2026-01-08,22554.82,OPEN
ORD-000071-1,PO-000071,CUST-01752,2026-01-06,27656.1,OPEN
ORD-000071-2,PO-000071,CUST-00391,2026-01-05,27656.1,OPEN
ORD-000072-1,PO-000072,CUST-01094,2026-08-31,9395.76,OPEN
ORD-000072-2,PO-000072,CUST-01072,2026-09-06,37583.04,OPEN
ORD-000072-3,PO-000072,CUST-00485,2026-08-31,37583.04,OPEN
ORD-000072-4,PO-000072,CUST-02059,2026-08-30,9395.76,OPEN
ORD-000073-1,PO-000073,CUST-00898,2026-06-22,68730.74,OPEN
ORD-000073-2,PO-000073,CUST-02482,2026-06-15,34365.37,OPEN
ORD-000073-3,PO-000073,CUST-02202,2026-06-21,34365.37,OPEN
ORD-000074-1,PO-000074,CUST-00320,2026-07-02,37777.85,OPEN
ORD-000074-2,PO-000074,CUST-02346,2026-06-24,56666.78,OPEN
ORD-000074-3,PO-000074,CUST-02132,2026-06-26,37777.85,OPEN
ORD-000074-4,PO-000074,CUST-02389,2026-07-04,56666.78,OPEN
ORD-000075-1,PO-000075,CUST-02289,2026-08-03,8817.55,OPEN
ORD-000075-2,PO-000075,CUST-01043,2026-07-27,2204.39,OPEN
ORD-000075-3,PO-000075,CUST-00186,2026-08-05,8817.55,OPEN
ORD-000075-4,PO-000075,CUST-00283,2026-07-28,8817.55,OPEN
ORD-000076-1,PO-000076,CUST-01547,2026-02-22,28865.33,OPEN
ORD-000076-2,PO-000076,CUST-01425,2026-02-26,57730.66,OPEN
ORD-000076-3,PO-000076,CUST-02167,2026-02-24,28865.33,OPEN
ORD-000077-1,PO-000077,CUST-02179,2026-07-23,974.73,OPEN
ORD-000077-2,PO-000077,CUST-01418,2026-07-16,974.73,OPEN
ORD-000077-3,PO-000077,CUST-00132,2026-07-16,3898.93,OPEN
ORD-000077-4,PO-000077,CUST-00986,2026-07-22,3898.93,OPEN
ORD-000078-1,PO-000078,CUST-01798,2026-04-25,22467.21,OPEN
ORD-000078-2,PO-000078,CUST-00574,2026-04-28,89868.84,OPEN
ORD-000079-1,PO-000079,CUST-02136,2026-06-01,44944.35,OPEN
ORD-000079-2,PO-000079,CUST-00250,2026-06-01,29962.9,OPEN
ORD-000080-1,PO-000080,CUST-02149,2026-06-15,25493.28,OPEN
ORD-000081-1,PO-000081,CUST-00592,2026-03-21,18926.93,OPEN
ORD-000081-2,PO-000081,CUST-01707,2026-03-26,14195.2,OPEN
ORD-000082-1,PO-000082,CUST-00379,2026-03-11,12873.95,OPEN
ORD-000083-1,PO-000083,CUST-01964,2026-04-10,50606.97,OPEN
ORD-000084-1,PO-000084,CUST-01625,2026-02-27,70302.69,OPEN
ORD-000084-2,PO-000084,CUST-01560,2026-03-01,46868.46,OPEN
ORD-000084-3,PO-000084,CUST-01264,2026-03-06,46868.46,OPEN
ORD-000084-4,PO-000084,CUST-01909,2026-03-04,35151.35,OPEN
ORD-000085-1,PO-000085,CUST-00598,2026-08-23,15433.78,OPEN
ORD-000085-2,PO-000085,CUST-01210,2026-08-31,7716.89,OPEN
ORD-000085-3,PO-000085,CUST-01556,2026-08-28,15433.78,OPEN
ORD-000085-4,PO-000085,CUST-01055,2026-08-30,10289.19,OPEN
ORD-000086-1,PO-000086,CUST-00754,2026-07-15,29837.21,OPEN
ORD-000086-2,PO-000086,CUST-00305,2026-07-15,119348.84,OPEN
ORD-000087-1,PO-000087,CUST-00896,2026-04-18,21054.98,OPEN
ORD-000088-1,PO-000088,CUST-02180,2026-06-08,95840.42,OPEN
ORD-000088-2,PO-000088,CUST-02169,2026-06-08,95840.42,OPEN
ORD-000088-3,PO-000088,CUST-00071,2026-06-16,31946.81,OPEN
ORD-000088-4,PO-000088,CUST-00395,2026-06-10,95840.42,OPEN
ORD-000089-1,PO-000089,CUST-01529,2026-06-14,79205.17,OPEN
ORD-000089-2,PO-000089,CUST-00926,2026-06-17,39602.58,OPEN
ORD-000089-3,PO-000089,CUST-00383,2026-06-18,79205.17,OPEN
ORD-000090-1,PO-000090,CUST-01357,2026-01-22,23923.46,OPEN
ORD-000091-1,PO-000091,CUST-01149,2026-02-28,32106.85,OPEN
ORD-000091-2,PO-000091,CUST-00735,2026-03-10,32106.85,OPEN
ORD-000091-3,PO-000091,CUST-01632,2026-03-03,16053.42,OPEN
ORD-000092-1,PO-000092,CUST-00322,2026-06-01,62640.13,OPEN
ORD-000092-2,PO-000092,CUST-01791,2026-05-26,125280.26,OPEN
ORD-000092-3,PO-000092,CUST-01337,2026-05-31,31320.06,OPEN
ORD-000093-1,PO-000093,CUST-00352,2026-05-08,8651.67,OPEN
ORD-000093-2,PO-000093,CUST-00337,2026-05-09,34606.69,OPEN
ORD-000093-3,PO-000093,CUST-01596,2026-05-12,17303.35,OPEN
ORD-000093-4,PO-000093,CUST-00022,2026-05-07,34606.69,OPEN
ORD-000094-1,PO-000094,CUST-00424,2026-02-03,5077.45,OPEN
ORD-000094-2,PO-000094,CUST-02446,2026-02-01,20309.8,OPEN
ORD-000094-3,PO-000094,CUST-01196,2026-02-02,20309.8,OPEN
ORD-000094-4,PO-000094,CUST-02343,2026-01-28,10154.9,OPEN
ORD-000095-1,PO-000095,CUST-00260,2026-02-20,10628.3,OPEN
ORD-000095-2,PO-000095,CUST-01228,2026-02-17,5314.15,OPEN
ORD-000095-3,PO-000095,CUST-01011,2026-02-18,7085.53,OPEN
ORD-000096-1,PO-000096,CUST-01557,2026-05-04,5497.46,OPEN
ORD-000097-1,PO-000097,CUST-01963,2026-08-02,61809.26,OPEN
ORD-000097-2,PO-000097,CUST-01194,2026-08-03,41206.17,OPEN
ORD-000097-3,PO-000097,CUST-01335,2026-08-06,61809.26,OPEN
ORD-000098-1,PO-000098,CUST-01891,2026-04-14,17526.23,OPEN
ORD-000098-2,PO-000098,CUST-00284,2026-04-11,5842.08,OPEN
ORD-000099-1,PO-000099,CUST-01840,2026-03-09,38275.91,OPEN
ORD-000099-2,PO-000099,CUST-02189,2026-03-12,9568.98,OPEN
ORD-000099-3,PO-000099,CUST-01473,2026-03-11,38275.91,OPEN
ORD-000099-4,PO-000099,CUST-00448,2026-03-12,38275.91,OPEN
ORD-000100-1,PO-000100,CUST-00044,2026-05-31,147549.43,OPEN
ORD-000100-2,PO-000100,CUST-01826,2026-05-28,73774.71,OPEN
ORD-000100-3,PO-000100,CUST-01413,2026-06-01,73774.71,OPEN
ORD-000101-1,PO-000101,CUST-01278,2026-04-19,46040.62,OPEN
ORD-000102-1,PO-000102,CUST-01307,2026-05-21,18174.36,OPEN
ORD-000103-1,PO-000103,CUST-02261,2026-01-09,63726.21,OPEN
ORD-000103-2,PO-000103,CUST-01893,2026-01-14,31863.1,OPEN
ORD-000104-1,PO-000104,CUST-01842,2026-02-17,48125.79,OPEN
ORD-000104-2,PO-000104,CUST-00880,2026-02-23,96251.59,OPEN
ORD-000104-3,PO-000104,CUST-02200,2026-02-18,96251.59,OPEN
ORD-000104-4,PO-000104,CUST-01875,2026-02-22,48125.79,OPEN
ORD-000105-1,PO-000105,CUST-02405,2026-05-25,36226.12,OPEN
ORD-000105-2,PO-000105,CUST-00707,2026-05-21,36226.12,OPEN
ORD-000105-3,PO-000105,CUST-00549,2026-05-25,144904.5,OPEN
ORD-000105-4,PO-000105,CUST-00480,2026-05-19,48301.5,OPEN
ORD-000106-1,PO-000106,CUST-01994,2026-05-17,29287.63,OPEN
ORD-000106-2,PO-000106,CUST-02273,2026-05-21,29287.63,OPEN
ORD-000106-3,PO-000106,CUST-00767,2026-05-15,29287.63,OPEN
ORD-000106-4,PO-000106,CUST-01471,2026-05-20,58575.26,OPEN
ORD-000107-1,PO-000107,CUST-01703,2026-08-03,14474.91,OPEN
ORD-000107-2,PO-000107,CUST-00339,2026-08-04,28949.83,OPEN
ORD-000107-3,PO-000107,CUST-00134,2026-07-31,19299.88,OPEN
ORD-000107-4,PO-000107,CUST-00689,2026-08-05,19299.88,OPEN
ORD-000108-1,PO-000108,CUST-02221,2026-05-29,25621.83,OPEN
ORD-000108-2,PO-000108,CUST-01742,2026-05-29,38432.75,OPEN
ORD-000108-3,PO-000108,CUST-01843,2026-05-25,76865.49,OPEN
ORD-000109-1,PO-000109,CUST-02500,2026-04-26,43286.98,OPEN
ORD-000109-2,PO-000109,CUST-00847,2026-04-25,64930.46,OPEN
ORD-000110-1,PO-000110,CUST-02346,2026-05-21,14174.07,OPEN
ORD-000110-2,PO-000110,CUST-00556,2026-05-27,42522.21,OPEN
ORD-000110-3,PO-000110,CUST-00544,2026-05-21,21261.1,OPEN
ORD-000111-1,PO-000111,CUST-01697,2026-08-03,12503.14,OPEN
ORD-000111-2,PO-000111,CUST-01651,2026-08-02,37509.43,OPEN
ORD-000111-3,PO-000111,CUST-02000,2026-08-06,9377.36,OPEN
ORD-000111-4,PO-000111,CUST-01878,2026-08-01,37509.43,OPEN
ORD-000112-1,PO-000112,CUST-01100,2026-07-26,20099.12,OPEN
ORD-000112-2,PO-000112,CUST-02319,2026-07-28,40198.23,OPEN
ORD-000112-3,PO-000112,CUST-00189,2026-08-02,80396.46,OPEN
ORD-000112-4,PO-000112,CUST-00648,2026-07-23,80396.46,OPEN
ORD-000113-1,PO-000113,CUST-00383,2026-02-23,49785.42,OPEN
ORD-000113-2,PO-000113,CUST-01524,2026-02-25,149356.26,OPEN
ORD-000113-3,PO-000113,CUST-01252,2026-02-21,37339.07,OPEN
ORD-000114-1,PO-000114,CUST-02432,2026-07-01,7364.98,OPEN
ORD-000114-2,PO-000114,CUST-00039,2026-07-10,3682.49,OPEN
ORD-000114-3,PO-000114,CUST-00542,2026-07-01,3682.49,OPEN
ORD-000114-4,PO-000114,CUST-00366,2026-07-03,3682.49,OPEN
ORD-000115-1,PO-000115,CUST-00281,2026-04-07,66103.93,OPEN
ORD-000115-2,PO-000115,CUST-01803,2026-04-05,66103.93,OPEN
ORD-000115-3,PO-000115,CUST-01687,2026-04-15,66103.93,OPEN
ORD-000115-4,PO-000115,CUST-00412,2026-04-08,132207.85,OPEN
ORD-000116-1,PO-000116,CUST-00346,2026-04-03,48168.56,OPEN
ORD-000116-2,PO-000116,CUST-00110,2026-04-09,48168.56,OPEN
ORD-000117-1,PO-000117,CUST-00462,2026-07-18,14766.69,OPEN
ORD-000117-2,PO-000117,CUST-02164,2026-07-21,59066.78,OPEN
ORD-000118-1,PO-000118,CUST-01930,2026-02-11,29166.16,OPEN
ORD-000118-2,PO-000118,CUST-00057,2026-02-12,58332.32,OPEN
ORD-000118-3,PO-000118,CUST-01631,2026-02-03,58332.32,OPEN
ORD-000119-1,PO-000119,CUST-01270,2026-04-23,105420.69,OPEN
ORD-000119-2,PO-000119,CUST-02198,2026-04-22,52710.35,OPEN
ORD-000120-1,PO-000120,CUST-01780,2026-03-24,104952.04,OPEN
ORD-000121-1,PO-000121,CUST-00047,2026-03-21,50039.45,OPEN
ORD-000122-1,PO-000122,CUST-01759,2026-02-12,18698.16,OPEN
ORD-000123-1,PO-000123,CUST-00228,2026-07-09,48756.69,OPEN
ORD-000123-2,PO-000123,CUST-00645,2026-07-04,48756.69,OPEN
ORD-000123-3,PO-000123,CUST-00936,2026-07-11,146270.06,OPEN
ORD-000123-4,PO-000123,CUST-00051,2026-07-02,146270.06,OPEN
ORD-000124-1,PO-000124,CUST-00920,2026-04-17,34518.47,OPEN
ORD-000125-1,PO-000125,CUST-00735,2026-03-19,123986.55,OPEN
ORD-000126-1,PO-000126,CUST-02266,2026-01-23,131610.19,OPEN
ORD-000126-2,PO-000126,CUST-01195,2026-01-23,65805.1,OPEN
ORD-000126-3,PO-000126,CUST-01901,2026-01-27,65805.1,OPEN
ORD-000127-1,PO-000127,CUST-00098,2026-07-07,33779.07,OPEN
ORD-000127-2,PO-000127,CUST-01373,2026-07-12,135116.27,OPEN
ORD-000128-1,PO-000128,CUST-00584,2026-02-03,31176.56,OPEN
ORD-000128-2,PO-000128,CUST-00949,2026-01-28,31176.56,OPEN
ORD-000128-3,PO-000128,CUST-00348,2026-02-01,7794.14,OPEN
ORD-000128-4,PO-000128,CUST-01616,2026-02-04,15588.28,OPEN
ORD-000129-1,PO-000129,CUST-01291,2026-04-26,33178.46,OPEN
ORD-000129-2,PO-000129,CUST-01114,2026-04-27,24883.84,OPEN
ORD-000130-1,PO-000130,CUST-01842,2026-07-20,57818.46,OPEN
ORD-000130-2,PO-000130,CUST-02196,2026-07-25,115636.92,OPEN
ORD-000131-1,PO-000131,CUST-02472,2026-05-01,13372.9,OPEN
ORD-000132-1,PO-000132,CUST-01225,2026-02-13,14136.33,OPEN
ORD-000132-2,PO-000132,CUST-01853,2026-02-07,3534.08,OPEN
ORD-000132-3,PO-000132,CUST-01893,2026-02-10,14136.33,OPEN
ORD-000133-1,PO-000133,CUST-01525,2026-01-19,31160.17,OPEN
ORD-000133-2,PO-000133,CUST-00308,2026-01-25,41546.89,OPEN
ORD-000134-1,PO-000134,CUST-00208,2026-07-27,4938.59,OPEN
ORD-000135-1,PO-000135,CUST-00767,2026-05-13,2453.8,OPEN
ORD-000135-2,PO-000135,CUST-00142,2026-05-15,2453.8,OPEN
ORD-000136-1,PO-000136,CUST-01146,2026-06-15,44618.22,OPEN
ORD-000136-2,PO-000136,CUST-02154,2026-06-21,22309.11,OPEN
ORD-000136-3,PO-000136,CUST-01471,2026-06-15,11154.56,OPEN
ORD-000136-4,PO-000136,CUST-02317,2026-06-22,14872.74,OPEN
ORD-000137-1,PO-000137,CUST-01933,2026-02-20,4396.41,OPEN
ORD-000138-1,PO-000138,CUST-00899,2026-02-18,15470.08,OPEN
ORD-000138-2,PO-000138,CUST-00722,2026-02-15,7735.04,OPEN
ORD-000138-3,PO-000138,CUST-02424,2026-02-15,5156.69,OPEN
ORD-000139-1,PO-000139,CUST-00156,2026-05-27,35570.27,OPEN
ORD-000139-2,PO-000139,CUST-00082,2026-05-28,71140.54,OPEN
ORD-000139-3,PO-000139,CUST-00826,2026-05-25,47427.03,OPEN
ORD-000140-1,PO-000140,CUST-02403,2026-08-24,60231.22,OPEN
ORD-000141-1,PO-000141,CUST-02401,2026-08-10,19795.27,OPEN
ORD-000142-1,PO-000142,CUST-00714,2026-02-14,48797.06,OPEN
ORD-000142-2,PO-000142,CUST-00915,2026-02-13,48797.06,OPEN
ORD-000142-3,PO-000142,CUST-01257,2026-02-06,36597.79,OPEN
ORD-000142-4,PO-000142,CUST-00008,2026-02-06,73195.59,OPEN
ORD-000143-1,PO-000143,CUST-01357,2026-02-23,45278.56,OPEN
ORD-000144-1,PO-000144,CUST-01087,2026-03-30,25599.17,OPEN
ORD-000144-2,PO-000144,CUST-01052,2026-03-24,8533.06,OPEN
ORD-000144-3,PO-000144,CUST-01795,2026-03-23,6399.79,OPEN
ORD-000145-1,PO-000145,CUST-02368,2026-05-08,33081.18,OPEN
ORD-000145-2,PO-000145,CUST-00302,2026-05-09,33081.18,OPEN
ORD-000145-3,PO-000145,CUST-01070,2026-05-07,44108.24,OPEN
ORD-000145-4,PO-000145,CUST-01538,2026-05-12,66162.35,OPEN
ORD-000146-1,PO-000146,CUST-02488,2026-04-03,44653.79,OPEN
ORD-000147-1,PO-000147,CUST-01154,2026-04-03,10409.93,OPEN
ORD-000147-2,PO-000147,CUST-01610,2026-03-27,31229.8,OPEN
ORD-000147-3,PO-000147,CUST-00224,2026-04-02,15614.9,OPEN
ORD-000147-4,PO-000147,CUST-01207,2026-04-01,31229.8,OPEN
ORD-000148-1,PO-000148,CUST-00474,2026-01-26,1086.87,OPEN
ORD-000148-2,PO-000148,CUST-01086,2026-02-01,1086.87,OPEN
ORD-000148-3,PO-000148,CUST-01520,2026-01-31,2173.74,OPEN
ORD-000149-1,PO-000149,CUST-02312,2026-01-15,13287.58,OPEN
ORD-000149-2,PO-000149,CUST-00352,2026-01-22,39862.75,OPEN
ORD-000149-3,PO-000149,CUST-02416,2026-01-20,9965.69,OPEN
ORD-000150-1,PO-000150,CUST-00324,2026-08-05,26208.68,OPEN
ORD-000150-2,PO-000150,CUST-00493,2026-08-06,39313.03,OPEN
ORD-000151-1,PO-000151,CUST-00828,2026-07-27,7328.14,OPEN
ORD-000151-2,PO-000151,CUST-01310,2026-08-04,9770.85,OPEN
ORD-000151-3,PO-000151,CUST-02279,2026-07-27,7328.14,OPEN
ORD-000151-4,PO-000151,CUST-02129,2026-07-31,9770.85,OPEN
ORD-000152-1,PO-000152,CUST-01172,2026-01-30,62459.14,OPEN
ORD-000153-1,PO-000153,CUST-01129,2026-03-09,28882.5,OPEN
ORD-000153-2,PO-000153,CUST-00159,2026-03-18,14441.25,OPEN
ORD-000153-3,PO-000153,CUST-01947,2026-03-12,57765.0,OPEN
ORD-000153-4,PO-000153,CUST-01242,2026-03-09,19255.0,OPEN
ORD-000154-1,PO-000154,CUST-01815,2026-08-10,34859.78,OPEN
ORD-000154-2,PO-000154,CUST-00770,2026-08-14,104579.34,OPEN
ORD-000155-1,PO-000155,CUST-00269,2026-07-17,36463.41,OPEN
ORD-000156-1,PO-000156,CUST-00237,2026-07-22,63884.32,OPEN
ORD-000156-2,PO-000156,CUST-01477,2026-07-26,127768.65,OPEN
ORD-000157-1,PO-000157,CUST-00991,2026-08-09,69900.66,OPEN
ORD-000158-1,PO-000158,CUST-01060,2026-02-20,72048.9,OPEN
ORD-000158-2,PO-000158,CUST-01584,2026-02-19,144097.8,OPEN
ORD-000158-3,PO-000158,CUST-00907,2026-02-24,72048.9,OPEN
ORD-000159-1,PO-000159,CUST-01942,2026-03-20,97912.31,OPEN
ORD-000160-1,PO-000160,CUST-01429,2026-03-05,9558.09,OPEN
ORD-000160-2,PO-000160,CUST-01238,2026-03-02,9558.09,OPEN
ORD-000160-3,PO-000160,CUST-02395,2026-03-08,9558.09,OPEN
ORD-000161-1,PO-000161,CUST-01974,2026-06-03,97277.65,OPEN
ORD-000161-2,PO-000161,CUST-01135,2026-05-28,32425.88,OPEN
ORD-000161-3,PO-000161,CUST-02119,2026-05-27,48638.82,OPEN
ORD-000162-1,PO-000162,CUST-01211,2026-06-29,12069.52,OPEN
ORD-000163-1,PO-000163,CUST-01469,2026-07-11,1445.05,OPEN
ORD-000163-2,PO-000163,CUST-01204,2026-07-10,2890.09,OPEN
ORD-000163-3,PO-000163,CUST-02290,2026-07-10,1926.73,OPEN
ORD-000164-1,PO-000164,CUST-01068,2026-03-03,17871.62,OPEN
ORD-000164-2,PO-000164,CUST-01928,2026-03-05,53614.87,OPEN
ORD-000164-3,PO-000164,CUST-01935,2026-03-07,53614.87,OPEN
ORD-000164-4,PO-000164,CUST-02171,2026-02-27,13403.72,OPEN
ORD-000165-1,PO-000165,CUST-00587,2026-02-14,37214.0,OPEN
ORD-000165-2,PO-000165,CUST-01363,2026-02-06,37214.0,OPEN
ORD-000165-3,PO-000165,CUST-00020,2026-02-10,148856.0,OPEN
ORD-000165-4,PO-000165,CUST-02361,2026-02-08,74428.0,OPEN
ORD-000166-1,PO-000166,CUST-01571,2026-02-09,23091.18,OPEN
ORD-000166-2,PO-000166,CUST-01529,2026-02-11,46182.36,OPEN
ORD-000166-3,PO-000166,CUST-00074,2026-02-11,46182.36,OPEN
ORD-000166-4,PO-000166,CUST-00927,2026-02-13,46182.36,OPEN
ORD-000167-1,PO-000167,CUST-01222,2026-01-28,57840.8,OPEN
ORD-000167-2,PO-000167,CUST-01777,2026-02-04,19280.27,OPEN
ORD-000168-1,PO-000168,CUST-00919,2026-04-02,56321.14,OPEN
ORD-000168-2,PO-000168,CUST-02416,2026-04-05,112642.28,OPEN
ORD-000168-3,PO-000168,CUST-00154,2026-04-03,37547.43,OPEN
ORD-000168-4,PO-000168,CUST-02433,2026-04-10,112642.28,OPEN
ORD-000169-1,PO-000169,CUST-02242,2026-01-19,103617.59,OPEN
ORD-000169-2,PO-000169,CUST-00039,2026-01-15,51808.79,OPEN
ORD-000169-3,PO-000169,CUST-02132,2026-01-23,103617.59,OPEN
ORD-000169-4,PO-000169,CUST-01716,2026-01-22,51808.79,OPEN
ORD-000170-1,PO-000170,CUST-01078,2026-03-17,8772.44,OPEN
ORD-000170-2,PO-000170,CUST-01210,2026-03-19,4386.22,OPEN
ORD-000170-3,PO-000170,CUST-00851,2026-03-22,4386.22,OPEN
ORD-000170-4,PO-000170,CUST-00012,2026-03-19,8772.44,OPEN
ORD-000171-1,PO-000171,CUST-00415,2026-08-03,86335.84,OPEN
ORD-000171-2,PO-000171,CUST-01082,2026-08-09,28778.61,OPEN
ORD-000172-1,PO-000172,CUST-01745,2026-08-22,2132.32,OPEN
ORD-000172-2,PO-000172,CUST-00040,2026-08-13,6396.96,OPEN
ORD-000172-3,PO-000172,CUST-01793,2026-08-17,2132.32,OPEN
ORD-000173-1,PO-000173,CUST-01870,2026-04-12,30584.29,OPEN
ORD-000174-1,PO-000174,CUST-00653,2026-07-26,63550.1,OPEN
ORD-000175-1,PO-000175,CUST-01469,2026-08-03,21389.26,OPEN
ORD-000175-2,PO-000175,CUST-01979,2026-08-04,42778.52,OPEN
ORD-000176-1,PO-000176,CUST-01386,2026-04-23,3686.43,OPEN
ORD-000176-2,PO-000176,CUST-01773,2026-05-02,7372.86,OPEN
ORD-000176-3,PO-000176,CUST-01577,2026-04-30,2457.62,OPEN
ORD-000177-1,PO-000177,CUST-00307,2026-01-10,48344.06,OPEN
ORD-000177-2,PO-000177,CUST-01140,2026-01-06,32229.37,OPEN
ORD-000177-3,PO-000177,CUST-01652,2026-01-06,24172.03,OPEN
ORD-000177-4,PO-000177,CUST-02348,2026-01-10,24172.03,OPEN
ORD-000178-1,PO-000178,CUST-01689,2026-04-26,11937.8,OPEN
ORD-000179-1,PO-000179,CUST-01397,2026-08-10,3522.22,OPEN
ORD-000179-2,PO-000179,CUST-01360,2026-08-03,3522.22,OPEN
ORD-000180-1,PO-000180,CUST-00009,2026-07-04,49373.25,OPEN
ORD-000181-1,PO-000181,CUST-00576,2026-05-23,19634.19,OPEN
ORD-000182-1,PO-000182,CUST-00781,2026-06-09,7447.56,OPEN
ORD-000182-2,PO-000182,CUST-00191,2026-06-07,7447.56,OPEN
ORD-000182-3,PO-000182,CUST-01874,2026-06-07,7447.56,OPEN
ORD-000182-4,PO-000182,CUST-02044,2026-06-14,14895.13,OPEN
ORD-000183-1,PO-000183,CUST-00526,2026-05-31,70164.29,OPEN
ORD-000183-2,PO-000183,CUST-02065,2026-06-01,46776.2,OPEN
ORD-000184-1,PO-000184,CUST-00566,2026-03-19,29990.78,OPEN
ORD-000184-2,PO-000184,CUST-02244,2026-03-20,19993.85,OPEN
ORD-000184-3,PO-000184,CUST-00823,2026-03-22,29990.78,OPEN
ORD-000185-1,PO-000185,CUST-00473,2026-07-03,17373.8,OPEN
ORD-000185-2,PO-000185,CUST-02187,2026-07-02,13030.35,OPEN
ORD-000186-1,PO-000186,CUST-00819,2026-05-14,16417.33,OPEN
ORD-000186-2,PO-000186,CUST-00600,2026-05-18,5472.44,OPEN
ORD-000187-1,PO-000187,CUST-00974,2026-04-12,30549.23,OPEN
ORD-000187-2,PO-000187,CUST-01563,2026-04-12,122196.92,OPEN
ORD-000188-1,PO-000188,CUST-00924,2026-05-31,2135.86,OPEN
ORD-000188-2,PO-000188,CUST-00793,2026-05-31,4271.72,OPEN
ORD-000189-1,PO-000189,CUST-01756,2026-02-23,144390.05,OPEN
ORD-000190-1,PO-000190,CUST-00635,2026-02-16,21951.48,OPEN
ORD-000191-1,PO-000191,CUST-00299,2026-06-11,2700.96,OPEN
ORD-000191-2,PO-000191,CUST-00754,2026-06-10,4051.45,OPEN
ORD-000191-3,PO-000191,CUST-01704,2026-06-10,4051.45,OPEN
ORD-000191-4,PO-000191,CUST-01432,2026-06-08,8102.89,OPEN
ORD-000192-1,PO-000192,CUST-00470,2026-04-03,54439.27,OPEN
ORD-000192-2,PO-000192,CUST-00999,2026-04-02,27219.63,OPEN
ORD-000192-3,PO-000192,CUST-01581,2026-04-01,54439.27,OPEN
ORD-000192-4,PO-000192,CUST-02118,2026-03-30,54439.27,OPEN
ORD-000193-1,PO-000193,CUST-00394,2026-05-13,7055.82,OPEN
ORD-000193-2,PO-000193,CUST-00269,2026-05-13,7055.82,OPEN
ORD-000193-3,PO-000193,CUST-00426,2026-05-15,1763.95,OPEN
ORD-000194-1,PO-000194,CUST-01359,2026-06-15,30651.19,OPEN
ORD-000194-2,PO-000194,CUST-00730,2026-06-16,122604.78,OPEN
ORD-000195-1,PO-000195,CUST-01774,2026-09-01,9791.97,OPEN
ORD-000195-2,PO-000195,CUST-02191,2026-08-28,39167.87,OPEN
ORD-000195-3,PO-000195,CUST-00298,2026-08-23,39167.87,OPEN
ORD-000195-4,PO-000195,CUST-01235,2026-08-23,13055.96,OPEN
ORD-000196-1,PO-000196,CUST-00559,2026-04-10,29784.72,OPEN
ORD-000196-2,PO-000196,CUST-00591,2026-04-16,19856.48,OPEN
ORD-000196-3,PO-000196,CUST-00505,2026-04-08,29784.72,OPEN
ORD-000196-4,PO-000196,CUST-02201,2026-04-17,14892.36,OPEN
ORD-000197-1,PO-000197,CUST-00660,2026-07-17,55671.93,OPEN
ORD-000197-2,PO-000197,CUST-00796,2026-07-20,37114.62,OPEN
ORD-000198-1,PO-000198,CUST-01027,2026-08-10,112780.75,OPEN
ORD-000199-1,PO-000199,CUST-00793,2026-03-30,53892.18,OPEN
ORD-000200-1,PO-000200,CUST-00691,2026-06-12,24770.91,OPEN
ORD-000200-2,PO-000200,CUST-01787,2026-06-10,49541.82,OPEN
ORD-000200-3,PO-000200,CUST-01966,2026-06-09,33027.88,OPEN
ORD-000201-1,PO-000201,CUST-02207,2026-05-09,41487.47,OPEN
ORD-000202-1,PO-000202,CUST-02417,2026-07-15,2943.07,OPEN
ORD-000203-1,PO-000203,CUST-00915,2026-05-25,33537.72,OPEN
ORD-000203-2,PO-000203,CUST-02053,2026-05-22,33537.72,OPEN
ORD-000204-1,PO-000204,CUST-01828,2026-05-17,1041.73,OPEN
ORD-000204-2,PO-000204,CUST-01981,2026-05-18,1041.73,OPEN
ORD-000205-1,PO-000205,CUST-02122,2026-03-01,4948.87,OPEN
ORD-000205-2,PO-000205,CUST-00191,2026-03-08,2474.43,OPEN
ORD-000206-1,PO-000206,CUST-01497,2026-08-12,27853.88,OPEN
ORD-000206-2,PO-000206,CUST-01542,2026-08-10,37138.5,OPEN
ORD-000206-3,PO-000206,CUST-01414,2026-08-08,37138.5,OPEN
ORD-000206-4,PO-000206,CUST-02056,2026-08-11,111415.5,OPEN
ORD-000207-1,PO-000207,CUST-00645,2026-01-22,38711.96,OPEN
ORD-000207-2,PO-000207,CUST-01699,2026-01-21,38711.96,OPEN
ORD-000208-1,PO-000208,CUST-00177,2026-05-03,16000.12,OPEN
ORD-000208-2,PO-000208,CUST-00552,2026-05-12,16000.12,OPEN
ORD-000208-3,PO-000208,CUST-00230,2026-05-03,16000.12,OPEN
ORD-000208-4,PO-000208,CUST-02455,2026-05-05,8000.06,OPEN
ORD-000209-1,PO-000209,CUST-01683,2026-01-24,16440.36,OPEN
ORD-000209-2,PO-000209,CUST-02093,2026-01-31,16440.36,OPEN
ORD-000209-3,PO-000209,CUST-01858,2026-02-01,10960.24,OPEN
ORD-000209-4,PO-000209,CUST-01550,2026-01-23,16440.36,OPEN
ORD-000210-1,PO-000210,CUST-00727,2026-02-23,78645.35,OPEN
ORD-000210-2,PO-000210,CUST-02177,2026-03-02,78645.35,OPEN
ORD-000210-3,PO-000210,CUST-00534,2026-02-22,19661.34,OPEN
ORD-000210-4,PO-000210,CUST-02139,2026-02-21,19661.34,OPEN
ORD-000211-1,PO-000211,CUST-02413,2026-07-04,26569.19,OPEN
ORD-000211-2,PO-000211,CUST-00549,2026-06-29,19926.89,OPEN
ORD-000211-3,PO-000211,CUST-01161,2026-07-01,79707.57,OPEN
ORD-000211-4,PO-000211,CUST-00775,2026-07-04,26569.19,OPEN
ORD-000212-1,PO-000212,CUST-00437,2026-05-20,525.17,OPEN
ORD-000212-2,PO-000212,CUST-01071,2026-05-24,525.17,OPEN
ORD-000212-3,PO-000212,CUST-01129,2026-05-23,525.17,OPEN
ORD-000213-1,PO-000213,CUST-01040,2026-04-21,20759.92,OPEN
ORD-000213-2,PO-000213,CUST-00566,2026-04-21,20759.92,OPEN
ORD-000214-1,PO-000214,CUST-01387,2026-04-28,29393.71,OPEN
ORD-000215-1,PO-000215,CUST-02459,2026-02-13,14667.75,OPEN
ORD-000216-1,PO-000216,CUST-02448,2026-03-04,18646.62,OPEN
ORD-000216-2,PO-000216,CUST-01799,2026-03-08,13984.96,OPEN
ORD-000216-3,PO-000216,CUST-00798,2026-03-08,18646.62,OPEN
ORD-000216-4,PO-000216,CUST-00695,2026-03-06,27969.92,OPEN
ORD-000217-1,PO-000217,CUST-01447,2026-06-21,135.74,OPEN
ORD-000218-1,PO-000218,CUST-02291,2026-05-21,932.43,OPEN
ORD-000219-1,PO-000219,CUST-01070,2026-03-05,91151.33,OPEN
ORD-000219-2,PO-000219,CUST-02289,2026-03-07,91151.33,OPEN
ORD-000219-3,PO-000219,CUST-00480,2026-03-03,30383.78,OPEN
ORD-000219-4,PO-000219,CUST-01814,2026-03-07,30383.78,OPEN
ORD-000220-1,PO-000220,CUST-01975,2026-07-22,51279.28,OPEN
ORD-000220-2,PO-000220,CUST-00903,2026-07-14,12819.82,OPEN
ORD-000220-3,PO-000220,CUST-01447,2026-07-18,12819.82,OPEN
ORD-000220-4,PO-000220,CUST-01017,2026-07-13,17093.09,OPEN
ORD-000221-1,PO-000221,CUST-00896,2026-01-25,27801.82,OPEN
ORD-000221-2,PO-000221,CUST-02044,2026-01-22,41702.72,OPEN
ORD-000221-3,PO-000221,CUST-01088,2026-01-23,41702.72,OPEN
ORD-000221-4,PO-000221,CUST-01459,2026-01-23,41702.72,OPEN
ORD-000222-1,PO-000222,CUST-01976,2026-07-01,143389.06,OPEN
ORD-000223-1,PO-000223,CUST-01630,2026-08-20,49270.51,OPEN
ORD-000223-2,PO-000223,CUST-02154,2026-08-20,147811.52,OPEN
ORD-000223-3,PO-000223,CUST-02059,2026-08-26,147811.52,OPEN
ORD-000223-4,PO-000223,CUST-01873,2026-08-28,73905.76,OPEN
ORD-000224-1,PO-000224,CUST-01333,2026-07-05,1758.58,OPEN
ORD-000224-2,PO-000224,CUST-02247,2026-06-30,879.29,OPEN
ORD-000224-3,PO-000224,CUST-01406,2026-06-30,439.64,OPEN
ORD-000224-4,PO-000224,CUST-00863,2026-07-03,439.64,OPEN
ORD-000225-1,PO-000225,CUST-00966,2026-03-14,22627.99,OPEN
ORD-000225-2,PO-000225,CUST-00598,2026-03-19,33941.99,OPEN
ORD-000226-1,PO-000226,CUST-01028,2026-02-22,21172.45,OPEN
ORD-000226-2,PO-000226,CUST-00406,2026-02-15,15879.33,OPEN
ORD-000226-3,PO-000226,CUST-01042,2026-02-15,31758.67,OPEN
ORD-000227-1,PO-000227,CUST-00497,2026-03-08,13615.95,OPEN
ORD-000227-2,PO-000227,CUST-01166,2026-03-11,27231.91,OPEN
ORD-000227-3,PO-000227,CUST-01831,2026-03-18,13615.95,OPEN
ORD-000228-1,PO-000228,CUST-01728,2026-05-09,31646.99,OPEN
ORD-000228-2,PO-000228,CUST-00293,2026-05-08,23735.24,OPEN
ORD-000229-1,PO-000229,CUST-01112,2026-03-31,11968.33,OPEN
ORD-000229-2,PO-000229,CUST-01696,2026-03-31,11968.33,OPEN
ORD-000229-3,PO-000229,CUST-00962,2026-03-22,23936.65,OPEN
ORD-000230-1,PO-000230,CUST-02247,2026-02-24,6363.28,OPEN
ORD-000231-1,PO-000231,CUST-00346,2026-05-19,57433.48,OPEN
ORD-000232-1,PO-000232,CUST-00118,2026-03-07,55385.1,OPEN
ORD-000232-2,PO-000232,CUST-01914,2026-03-10,27692.55,OPEN
ORD-000233-1,PO-000233,CUST-02145,2026-02-14,36361.64,OPEN
ORD-000233-2,PO-000233,CUST-01973,2026-02-08,48482.19,OPEN
ORD-000233-3,PO-000233,CUST-01262,2026-02-05,36361.64,OPEN
ORD-000233-4,PO-000233,CUST-01244,2026-02-08,72723.29,OPEN
ORD-000234-1,PO-000234,CUST-00038,2026-04-06,14456.99,OPEN
ORD-000234-2,PO-000234,CUST-00030,2026-04-08,21685.48,OPEN
ORD-000234-3,PO-000234,CUST-02297,2026-04-02,10842.74,OPEN
ORD-000234-4,PO-000234,CUST-01597,2026-04-02,21685.48,OPEN
ORD-000235-1,PO-000235,CUST-01692,2026-04-29,31328.6,OPEN
ORD-000235-2,PO-000235,CUST-01187,2026-04-21,46992.89,OPEN
ORD-000235-3,PO-000235,CUST-01115,2026-04-28,23496.45,OPEN
ORD-000236-1,PO-000236,CUST-01156,2026-03-26,3399.61,OPEN
ORD-000237-1,PO-000237,CUST-00890,2026-07-06,431.63,OPEN
ORD-000237-2,PO-000237,CUST-01522,2026-07-10,431.63,OPEN
ORD-000238-1,PO-000238,CUST-00293,2026-08-08,28177.54,OPEN
ORD-000239-1,PO-000239,CUST-01577,2026-08-19,63155.06,OPEN
ORD-000240-1,PO-000240,CUST-01279,2026-02-27,17348.69,OPEN
ORD-000240-2,PO-000240,CUST-02252,2026-03-02,69394.78,OPEN
ORD-000241-1,PO-000241,CUST-00463,2026-06-23,22586.28,OPEN
ORD-000242-1,PO-000242,CUST-00173,2026-02-15,119261.36,OPEN
ORD-000242-2,PO-000242,CUST-01522,2026-02-21,59630.68,OPEN
ORD-000242-3,PO-000242,CUST-00375,2026-02-14,29815.34,OPEN
ORD-000242-4,PO-000242,CUST-00245,2026-02-17,119261.36,OPEN
ORD-000243-1,PO-000243,CUST-00088,2026-02-09,36716.25,OPEN
ORD-000243-2,PO-000243,CUST-01027,2026-02-07,36716.25,OPEN
ORD-000243-3,PO-000243,CUST-02224,2026-02-09,24477.5,OPEN
ORD-000244-1,PO-000244,CUST-00283,2026-05-29,26237.94,OPEN
ORD-000244-2,PO-000244,CUST-01079,2026-05-27,17491.96,OPEN
ORD-000244-3,PO-000244,CUST-02073,2026-05-27,52475.87,OPEN
ORD-000245-1,PO-000245,CUST-00778,2026-06-09,32148.99,OPEN
ORD-000245-2,PO-000245,CUST-01160,2026-06-16,64297.99,OPEN
ORD-000245-3,PO-000245,CUST-00453,2026-06-18,42865.33,OPEN
ORD-000246-1,PO-000246,CUST-00439,2026-01-12,62680.71,OPEN
ORD-000246-2,PO-000246,CUST-02339,2026-01-13,125361.41,OPEN
ORD-000247-1,PO-000247,CUST-02482,2026-05-20,46891.79,OPEN
ORD-000248-1,PO-000248,CUST-01479,2026-06-27,73965.12,OPEN
ORD-000248-2,PO-000248,CUST-01089,2026-06-22,73965.12,OPEN
ORD-000248-3,PO-000248,CUST-00320,2026-06-18,24655.04,OPEN
ORD-000248-4,PO-000248,CUST-00947,2026-06-18,73965.12,OPEN
ORD-000249-1,PO-000249,CUST-01879,2026-05-16,32901.01,OPEN
ORD-000249-2,PO-000249,CUST-00739,2026-05-16,49351.52,OPEN
ORD-000249-3,PO-000249,CUST-00648,2026-05-23,32901.01,OPEN
ORD-000249-4,PO-000249,CUST-01291,2026-05-22,32901.01,OPEN
ORD-000250-1,PO-000250,CUST-02307,2026-04-25,57372.78,OPEN
ORD-000250-2,PO-000250,CUST-01475,2026-04-22,38248.52,OPEN
ORD-000250-3,PO-000250,CUST-00142,2026-04-22,114745.56,OPEN
ORD-000251-1,PO-000251,CUST-00089,2026-08-19,15208.44,OPEN
ORD-000251-2,PO-000251,CUST-00387,2026-08-24,22812.67,OPEN
ORD-000252-1,PO-000252,CUST-00377,2026-02-09,13371.91,OPEN
ORD-000252-2,PO-000252,CUST-00317,2026-02-14,20057.87,OPEN
ORD-000253-1,PO-000253,CUST-00322,2026-02-14,18374.33,OPEN
ORD-000253-2,PO-000253,CUST-01707,2026-02-19,18374.33,OPEN
ORD-000253-3,PO-000253,CUST-01567,2026-02-24,73497.32,OPEN
ORD-000254-1,PO-000254,CUST-00628,2026-03-31,40609.75,OPEN
ORD-000254-2,PO-000254,CUST-00910,2026-03-30,81219.49,OPEN
ORD-000254-3,PO-000254,CUST-00542,2026-03-29,40609.75,OPEN
ORD-000255-1,PO-000255,CUST-00535,2026-05-29,15044.77,OPEN
ORD-000255-2,PO-000255,CUST-01999,2026-05-29,30089.55,OPEN
ORD-000255-3,PO-000255,CUST-00993,2026-05-24,30089.55,OPEN
ORD-000255-4,PO-000255,CUST-02360,2026-05-27,20059.7,OPEN
ORD-000256-1,PO-000256,CUST-01249,2026-04-24,55107.51,OPEN
ORD-000256-2,PO-000256,CUST-00598,2026-04-28,13776.88,OPEN
ORD-000256-3,PO-000256,CUST-01532,2026-04-22,27553.76,OPEN
ORD-000257-1,PO-000257,CUST-00456,2026-03-04,47455.56,OPEN
ORD-000257-2,PO-000257,CUST-01360,2026-03-11,142366.67,OPEN
ORD-000257-3,PO-000257,CUST-02239,2026-03-07,71183.34,OPEN
ORD-000258-1,PO-000258,CUST-01047,2026-06-15,109623.58,OPEN
ORD-000259-1,PO-000259,CUST-00273,2026-07-29,104630.74,OPEN
ORD-000260-1,PO-000260,CUST-00947,2026-04-13,32427.55,OPEN
ORD-000260-2,PO-000260,CUST-01986,2026-04-04,43236.73,OPEN
ORD-000260-3,PO-000260,CUST-00815,2026-04-04,64855.1,OPEN
ORD-000261-1,PO-000261,CUST-00644,2026-01-18,9371.28,OPEN
ORD-000261-2,PO-000261,CUST-01456,2026-01-21,12495.04,OPEN
ORD-000261-3,PO-000261,CUST-00254,2026-01-14,12495.04,OPEN
ORD-000262-1,PO-000262,CUST-01400,2026-08-19,74996.4,OPEN
ORD-000262-2,PO-000262,CUST-02133,2026-08-17,37498.2,OPEN
ORD-000262-3,PO-000262,CUST-01710,2026-08-26,74996.4,OPEN
ORD-000263-1,PO-000263,CUST-00847,2026-03-29,68252.72,OPEN
ORD-000263-2,PO-000263,CUST-00566,2026-03-30,68252.72,OPEN
ORD-000263-3,PO-000263,CUST-00595,2026-03-23,34126.36,OPEN
ORD-000263-4,PO-000263,CUST-00278,2026-03-23,45501.81,OPEN
ORD-000264-1,PO-000264,CUST-01685,2026-02-22,11995.21,OPEN
ORD-000265-1,PO-000265,CUST-01094,2026-02-10,116976.63,OPEN
ORD-000265-2,PO-000265,CUST-02443,2026-02-17,58488.32,OPEN
ORD-000266-1,PO-000266,CUST-01532,2026-04-10,3095.39,OPEN
ORD-000266-2,PO-000266,CUST-00564,2026-04-09,3095.39,OPEN
ORD-000267-1,PO-000267,CUST-00831,2026-04-21,57399.28,OPEN
ORD-000267-2,PO-000267,CUST-02007,2026-04-17,28699.64,OPEN
ORD-000267-3,PO-000267,CUST-01752,2026-04-22,57399.28,OPEN
ORD-000268-1,PO-000268,CUST-00174,2026-07-11,11819.54,OPEN
ORD-000269-1,PO-000269,CUST-01801,2026-07-11,2122.71,OPEN
ORD-000270-1,PO-000270,CUST-01899,2026-05-07,12694.88,OPEN
ORD-000271-1,PO-000271,CUST-01847,2026-02-22,38973.44,OPEN
ORD-000271-2,PO-000271,CUST-01863,2026-02-23,58460.15,OPEN
ORD-000271-3,PO-000271,CUST-00507,2026-02-21,58460.15,OPEN
ORD-000271-4,PO-000271,CUST-00350,2026-02-23,38973.44,OPEN
ORD-000272-1,PO-000272,CUST-00665,2026-04-12,41388.36,OPEN
ORD-000272-2,PO-000272,CUST-01262,2026-04-07,20694.18,OPEN
ORD-000273-1,PO-000273,CUST-00051,2026-02-09,44944.01,OPEN
ORD-000274-1,PO-000274,CUST-01859,2026-05-23,30303.62,OPEN
ORD-000274-2,PO-000274,CUST-01003,2026-05-21,121214.46,OPEN
ORD-000275-1,PO-000275,CUST-00133,2026-01-13,14066.79,OPEN
ORD-000275-2,PO-000275,CUST-01357,2026-01-22,9377.86,OPEN
ORD-000275-3,PO-000275,CUST-00731,2026-01-14,7033.4,OPEN
ORD-000276-1,PO-000276,CUST-01323,2026-04-28,37508.52,OPEN
ORD-000277-1,PO-000277,CUST-00500,2026-07-21,32192.46,OPEN
ORD-000277-2,PO-000277,CUST-02149,2026-07-19,16096.23,OPEN
ORD-000277-3,PO-000277,CUST-00448,2026-07-23,64384.91,OPEN
ORD-000278-1,PO-000278,CUST-01064,2026-07-14,34484.6,OPEN
ORD-000278-2,PO-000278,CUST-00532,2026-07-14,34484.6,OPEN
ORD-000278-3,PO-000278,CUST-02018,2026-07-12,25863.45,OPEN
ORD-000278-4,PO-000278,CUST-00793,2026-07-08,34484.6,OPEN
ORD-000279-1,PO-000279,CUST-01368,2026-06-16,119611.52,OPEN
ORD-000279-2,PO-000279,CUST-00047,2026-06-20,59805.76,OPEN
ORD-000279-3,PO-000279,CUST-00278,2026-06-14,39870.51,OPEN
ORD-000279-4,PO-000279,CUST-00026,2026-06-18,39870.51,OPEN
ORD-000280-1,PO-000280,CUST-01385,2026-07-08,28517.92,OPEN
ORD-000280-2,PO-000280,CUST-00557,2026-07-12,85553.77,OPEN
ORD-000281-1,PO-000281,CUST-02135,2026-08-23,129851.04,OPEN
ORD-000281-2,PO-000281,CUST-02275,2026-08-27,43283.68,OPEN
ORD-000281-3,PO-000281,CUST-01449,2026-08-20,43283.68,OPEN
ORD-000281-4,PO-000281,CUST-01390,2026-08-21,129851.04,OPEN
ORD-000282-1,PO-000282,CUST-00130,2026-05-31,30350.17,OPEN
ORD-000283-1,PO-000283,CUST-00717,2026-08-16,12009.17,OPEN
ORD-000283-2,PO-000283,CUST-00380,2026-08-13,18013.76,OPEN
ORD-000283-3,PO-000283,CUST-02049,2026-08-13,9006.88,OPEN
ORD-000284-1,PO-000284,CUST-02115,2026-07-09,131144.92,OPEN
ORD-000284-2,PO-000284,CUST-01882,2026-07-10,131144.92,OPEN
ORD-000284-3,PO-000284,CUST-01274,2026-07-08,131144.92,OPEN
ORD-000285-1,PO-000285,CUST-00093,2026-04-04,23432.65,OPEN
ORD-000286-1,PO-000286,CUST-01807,2026-04-01,10161.02,OPEN
ORD-000286-2,PO-000286,CUST-00646,2026-03-28,15241.52,OPEN
ORD-000286-3,PO-000286,CUST-00847,2026-03-24,30483.05,OPEN
ORD-000287-1,PO-000287,CUST-01276,2026-03-13,21662.75,OPEN
ORD-000287-2,PO-000287,CUST-00208,2026-03-19,5415.69,OPEN
ORD-000288-1,PO-000288,CUST-02442,2026-02-03,28924.08,OPEN
ORD-000288-2,PO-000288,CUST-01280,2026-02-06,19282.72,OPEN
ORD-000288-3,PO-000288,CUST-01908,2026-02-07,57848.15,OPEN
ORD-000288-4,PO-000288,CUST-00399,2026-01-29,14462.04,OPEN
ORD-000289-1,PO-000289,CUST-01489,2026-05-10,11712.76,OPEN
ORD-000289-2,PO-000289,CUST-01331,2026-05-11,11712.76,OPEN
ORD-000290-1,PO-000290,CUST-01428,2026-05-04,5792.21,OPEN
ORD-000290-2,PO-000290,CUST-01662,2026-05-04,17376.62,OPEN
ORD-000290-3,PO-000290,CUST-01238,2026-05-07,17376.62,OPEN
ORD-000290-4,PO-000290,CUST-00978,2026-05-08,4344.15,OPEN
ORD-000291-1,PO-000291,CUST-01784,2026-05-13,14470.14,OPEN
ORD-000291-2,PO-000291,CUST-00709,2026-05-12,28940.28,OPEN
ORD-000292-1,PO-000292,CUST-01824,2026-02-07,89028.39,OPEN
ORD-000292-2,PO-000292,CUST-02451,2026-02-05,89028.39,OPEN
ORD-000292-3,PO-000292,CUST-02025,2026-02-05,29676.13,OPEN
ORD-000293-1,PO-000293,CUST-01856,2026-08-08,10634.02,OPEN
ORD-000293-2,PO-000293,CUST-00802,2026-08-04,5317.01,OPEN
ORD-000294-1,PO-000294,CUST-02091,2026-08-25,141528.33,OPEN
ORD-000294-2,PO-000294,CUST-01513,2026-08-28,141528.33,OPEN
ORD-000294-3,PO-000294,CUST-00450,2026-08-24,47176.11,OPEN
ORD-000295-1,PO-000295,CUST-01783,2026-07-05,22182.38,OPEN
ORD-000295-2,PO-000295,CUST-01946,2026-07-09,44364.75,OPEN
ORD-000295-3,PO-000295,CUST-01476,2026-07-07,22182.38,OPEN
ORD-000295-4,PO-000295,CUST-00551,2026-07-03,44364.75,OPEN
ORD-000296-1,PO-000296,CUST-00563,2026-02-08,108340.22,OPEN
ORD-000296-2,PO-000296,CUST-00737,2026-02-13,27085.06,OPEN
ORD-000296-3,PO-000296,CUST-01576,2026-02-12,27085.06,OPEN
ORD-000296-4,PO-000296,CUST-02477,2026-02-08,27085.06,OPEN
ORD-000297-1,PO-000297,CUST-02328,2026-07-02,75508.46,OPEN
ORD-000297-2,PO-000297,CUST-00328,2026-07-03,18877.12,OPEN
ORD-000297-3,PO-000297,CUST-02118,2026-07-06,18877.12,OPEN
ORD-000298-1,PO-000298,CUST-01408,2026-03-13,71131.51,OPEN
ORD-000298-2,PO-000298,CUST-02100,2026-03-11,17782.88,OPEN
ORD-000298-3,PO-000298,CUST-01446,2026-03-09,17782.88,OPEN
ORD-000299-1,PO-000299,CUST-02369,2026-06-27,34617.06,OPEN
ORD-000299-2,PO-000299,CUST-00112,2026-06-27,46156.08,OPEN
ORD-000299-3,PO-000299,CUST-02071,2026-06-28,69234.12,OPEN
ORD-000300-1,PO-000300,CUST-02424,2026-06-08,21252.65,OPEN
ORD-000301-1,PO-000301,CUST-02161,2026-04-12,60636.09,OPEN
ORD-000301-2,PO-000301,CUST-02440,2026-04-06,60636.09,OPEN
ORD-000302-1,PO-000302,CUST-00223,2026-07-20,19261.16,OPEN
ORD-000302-2,PO-000302,CUST-00687,2026-07-18,57783.47,OPEN
ORD-000303-1,PO-000303,CUST-01944,2026-05-12,28012.38,OPEN
ORD-000303-2,PO-000303,CUST-00049,2026-05-10,28012.38,OPEN
ORD-000303-3,PO-000303,CUST-02172,2026-05-08,37349.84,OPEN
ORD-000303-4,PO-000303,CUST-01769,2026-05-03,37349.84,OPEN
ORD-000304-1,PO-000304,CUST-02412,2026-03-17,60223.15,OPEN
ORD-000304-2,PO-000304,CUST-01284,2026-03-15,60223.15,OPEN
ORD-000304-3,PO-000304,CUST-00279,2026-03-20,120446.3,OPEN
ORD-000304-4,PO-000304,CUST-01827,2026-03-11,120446.3,OPEN
ORD-000305-1,PO-000305,CUST-02456,2026-03-06,14682.69,OPEN
ORD-000306-1,PO-000306,CUST-00455,2026-02-02,64268.95,OPEN
ORD-000306-2,PO-000306,CUST-01913,2026-01-27,42845.97,OPEN
ORD-000306-3,PO-000306,CUST-01133,2026-02-02,32134.47,OPEN
ORD-000306-4,PO-000306,CUST-00304,2026-01-27,64268.95,OPEN
ORD-000307-1,PO-000307,CUST-00285,2026-03-29,37348.95,OPEN
ORD-000307-2,PO-000307,CUST-00731,2026-04-05,37348.95,OPEN
ORD-000307-3,PO-000307,CUST-02215,2026-03-28,74697.9,OPEN
ORD-000308-1,PO-000308,CUST-00289,2026-08-22,66516.47,OPEN
ORD-000309-1,PO-000309,CUST-01092,2026-01-05,33632.15,OPEN
ORD-000310-1,PO-000310,CUST-00288,2026-06-03,263.43,OPEN
ORD-000310-2,PO-000310,CUST-01975,2026-05-28,263.43,OPEN
ORD-000310-3,PO-000310,CUST-01366,2026-06-05,351.24,OPEN
ORD-000310-4,PO-000310,CUST-00372,2026-06-03,1053.71,OPEN
ORD-000311-1,PO-000311,CUST-01574,2026-01-23,126256.65,OPEN
ORD-000311-2,PO-000311,CUST-00438,2026-01-25,31564.16,OPEN
ORD-000312-1,PO-000312,CUST-00104,2026-08-15,47551.14,OPEN
ORD-000312-2,PO-000312,CUST-01593,2026-08-18,23775.57,OPEN
ORD-000313-1,PO-000313,CUST-00230,2026-05-08,26774.68,OPEN
ORD-000314-1,PO-000314,CUST-00296,2026-03-05,60581.0,OPEN
ORD-000314-2,PO-000314,CUST-01931,2026-03-03,121162.0,OPEN
ORD-000315-1,PO-000315,CUST-00700,2026-01-05,6562.81,OPEN
ORD-000315-2,PO-000315,CUST-02037,2026-01-05,26251.23,OPEN
ORD-000315-3,PO-000315,CUST-00831,2026-01-07,26251.23,OPEN
ORD-000316-1,PO-000316,CUST-02430,2026-03-28,18559.96,OPEN
ORD-000316-2,PO-000316,CUST-01122,2026-03-26,18559.96,OPEN
ORD-000316-3,PO-000316,CUST-02267,2026-03-27,6186.65,OPEN
ORD-000317-1,PO-000317,CUST-00331,2026-02-04,3861.3,OPEN
ORD-000317-2,PO-000317,CUST-02432,2026-02-06,15445.19,OPEN
ORD-000318-1,PO-000318,CUST-01688,2026-07-05,4867.6,OPEN
ORD-000318-2,PO-000318,CUST-02443,2026-07-06,19470.42,OPEN
ORD-000318-3,PO-000318,CUST-01234,2026-07-06,19470.42,OPEN
ORD-000319-1,PO-000319,CUST-01902,2026-02-27,9033.71,OPEN
ORD-000319-2,PO-000319,CUST-00794,2026-02-23,18067.42,OPEN
ORD-000319-3,PO-000319,CUST-02038,2026-03-01,4516.85,OPEN
ORD-000320-1,PO-000320,CUST-01370,2026-01-20,32302.23,OPEN
ORD-000320-2,PO-000320,CUST-00215,2026-01-14,96906.7,OPEN
ORD-000321-1,PO-000321,CUST-01717,2026-05-12,25826.04,OPEN
ORD-000321-2,PO-000321,CUST-01336,2026-05-08,77478.11,OPEN
ORD-000322-1,PO-000322,CUST-00223,2026-08-18,7598.35,OPEN
ORD-000323-1,PO-000323,CUST-01105,2026-02-18,19468.63,OPEN
ORD-000323-2,PO-000323,CUST-02330,2026-02-17,58405.88,OPEN
ORD-000323-3,PO-000323,CUST-01907,2026-02-17,58405.88,OPEN
ORD-000323-4,PO-000323,CUST-00901,2026-02-17,19468.63,OPEN
ORD-000324-1,PO-000324,CUST-00887,2026-06-03,36383.83,OPEN
ORD-000325-1,PO-000325,CUST-01779,2026-03-16,889.44,OPEN
ORD-000325-2,PO-000325,CUST-02350,2026-03-22,1334.16,OPEN
ORD-000326-1,PO-000326,CUST-01964,2026-05-07,27538.68,OPEN
ORD-000327-1,PO-000327,CUST-01469,2026-03-06,6461.09,OPEN
ORD-000327-2,PO-000327,CUST-00066,2026-03-13,12922.18,OPEN
ORD-000327-3,PO-000327,CUST-02337,2026-03-05,3230.55,OPEN
ORD-000327-4,PO-000327,CUST-01900,2026-03-03,3230.55,OPEN
ORD-000328-1,PO-000328,CUST-02175,2026-06-16,23304.07,OPEN
ORD-000329-1,PO-000329,CUST-00225,2026-07-07,47313.76,OPEN
ORD-000330-1,PO-000330,CUST-00718,2026-02-03,19250.59,OPEN
ORD-000331-1,PO-000331,CUST-02211,2026-05-29,53272.95,OPEN
ORD-000331-2,PO-000331,CUST-00924,2026-06-02,53272.95,OPEN
ORD-000332-1,PO-000332,CUST-01415,2026-05-10,34064.63,OPEN
ORD-000333-1,PO-000333,CUST-00269,2026-05-10,35539.63,OPEN
ORD-000333-2,PO-000333,CUST-01601,2026-05-02,106618.88,OPEN
ORD-000333-3,PO-000333,CUST-00675,2026-05-02,106618.88,OPEN
ORD-000333-4,PO-000333,CUST-00617,2026-05-03,26654.72,OPEN
ORD-000334-1,PO-000334,CUST-01819,2026-03-22,15693.06,OPEN
ORD-000334-2,PO-000334,CUST-00258,2026-03-21,31386.12,OPEN
ORD-000334-3,PO-000334,CUST-01687,2026-03-25,20924.08,OPEN
ORD-000334-4,PO-000334,CUST-01992,2026-03-27,20924.08,OPEN
ORD-000335-1,PO-000335,CUST-00929,2026-04-30,15320.1,OPEN
ORD-000335-2,PO-000335,CUST-00608,2026-05-02,45960.31,OPEN
ORD-000335-3,PO-000335,CUST-00659,2026-05-05,22980.15,OPEN
ORD-000336-1,PO-000336,CUST-00169,2026-02-17,125980.09,OPEN
ORD-000336-2,PO-000336,CUST-01067,2026-02-16,31495.02,OPEN
ORD-000337-1,PO-000337,CUST-02212,2026-06-25,11970.77,OPEN
ORD-000337-2,PO-000337,CUST-00103,2026-06-24,47883.09,OPEN
ORD-000338-1,PO-000338,CUST-01211,2026-05-06,46402.6,OPEN
ORD-000339-1,PO-000339,CUST-00165,2026-07-25,21250.53,OPEN
ORD-000339-2,PO-000339,CUST-00102,2026-07-25,28334.04,OPEN
ORD-000339-3,PO-000339,CUST-01464,2026-07-27,21250.53,OPEN
ORD-000340-1,PO-000340,CUST-02206,2026-05-30,79201.86,OPEN
ORD-000340-2,PO-000340,CUST-00797,2026-06-07,19800.47,OPEN
ORD-000341-1,PO-000341,CUST-01582,2026-08-27,33393.86,OPEN
ORD-000341-2,PO-000341,CUST-01440,2026-08-25,33393.86,OPEN
ORD-000342-1,PO-000342,CUST-00671,2026-03-04,36438.03,OPEN
ORD-000342-2,PO-000342,CUST-02406,2026-03-03,54657.04,OPEN
ORD-000342-3,PO-000342,CUST-01243,2026-02-27,54657.04,OPEN
ORD-000342-4,PO-000342,CUST-02420,2026-03-02,109314.08,OPEN
ORD-000343-1,PO-000343,CUST-02327,2026-06-21,34301.09,OPEN
ORD-000343-2,PO-000343,CUST-01186,2026-06-15,34301.09,OPEN
ORD-000344-1,PO-000344,CUST-00011,2026-08-05,87988.63,OPEN
ORD-000344-2,PO-000344,CUST-00509,2026-08-06,21997.16,OPEN
ORD-000344-3,PO-000344,CUST-02015,2026-08-08,43994.32,OPEN
ORD-000344-4,PO-000344,CUST-01136,2026-08-02,87988.63,OPEN
ORD-000345-1,PO-000345,CUST-00490,2026-06-08,18083.16,OPEN
ORD-000345-2,PO-000345,CUST-01064,2026-06-07,72332.64,OPEN
ORD-000345-3,PO-000345,CUST-01310,2026-05-29,36166.32,OPEN
ORD-000346-1,PO-000346,CUST-01195,2026-01-14,13754.74,OPEN
ORD-000346-2,PO-000346,CUST-00751,2026-01-22,20632.11,OPEN
ORD-000346-3,PO-000346,CUST-01296,2026-01-16,13754.74,OPEN
ORD-000347-1,PO-000347,CUST-02123,2026-01-25,40197.92,OPEN
ORD-000347-2,PO-000347,CUST-01394,2026-02-01,20098.96,OPEN
ORD-000348-1,PO-000348,CUST-00313,2026-05-15,8389.12,OPEN
ORD-000349-1,PO-000349,CUST-00706,2026-05-10,17519.13,OPEN
ORD-000349-2,PO-000349,CUST-00911,2026-05-03,52557.38,OPEN
ORD-000350-1,PO-000350,CUST-00319,2026-03-26,19238.96,OPEN
ORD-000351-1,PO-000351,CUST-01037,2026-01-18,29854.47,OPEN
ORD-000352-1,PO-000352,CUST-00757,2026-07-22,7463.65,OPEN
ORD-000352-2,PO-000352,CUST-00597,2026-07-13,14927.29,OPEN
ORD-000353-1,PO-000353,CUST-00406,2026-04-09,24503.32,OPEN
ORD-000353-2,PO-000353,CUST-00785,2026-04-09,12251.66,OPEN
ORD-000354-1,PO-000354,CUST-01801,2026-07-10,7626.76,OPEN
ORD-000354-2,PO-000354,CUST-01555,2026-07-07,5084.5,OPEN
ORD-000354-3,PO-000354,CUST-01670,2026-07-13,7626.76,OPEN
ORD-000354-4,PO-000354,CUST-00452,2026-07-06,3813.38,OPEN
ORD-000355-1,PO-000355,CUST-00474,2026-07-05,10899.14,OPEN
ORD-000356-1,PO-000356,CUST-01191,2026-07-03,36609.69,OPEN
ORD-000356-2,PO-000356,CUST-01506,2026-06-26,36609.69,OPEN
ORD-000357-1,PO-000357,CUST-01618,2026-06-23,8111.6,OPEN
ORD-000358-1,PO-000358,CUST-00503,2026-01-20,13718.66,OPEN
ORD-000358-2,PO-000358,CUST-02384,2026-01-24,18291.55,OPEN
ORD-000358-3,PO-000358,CUST-01459,2026-01-27,13718.66,OPEN
ORD-000359-1,PO-000359,CUST-02005,2026-05-12,14064.72,OPEN
ORD-000360-1,PO-000360,CUST-00734,2026-01-15,15390.71,OPEN
ORD-000361-1,PO-000361,CUST-01909,2026-02-19,11440.38,OPEN
ORD-000362-1,PO-000362,CUST-00488,2026-05-06,18991.71,OPEN
ORD-000363-1,PO-000363,CUST-00673,2026-05-02,23072.87,OPEN
ORD-000363-2,PO-000363,CUST-01594,2026-04-26,23072.87,OPEN
ORD-000364-1,PO-000364,CUST-02076,2026-06-26,41645.35,OPEN
ORD-000364-2,PO-000364,CUST-02421,2026-06-22,20822.67,OPEN
ORD-000364-3,PO-000364,CUST-01166,2026-06-28,27763.56,OPEN
ORD-000364-4,PO-000364,CUST-00526,2026-06-18,83290.69,OPEN
ORD-000365-1,PO-000365,CUST-01414,2026-07-16,33438.94,OPEN
ORD-000365-2,PO-000365,CUST-01001,2026-07-20,133755.76,OPEN
ORD-000365-3,PO-000365,CUST-02428,2026-07-25,44585.25,OPEN
ORD-000365-4,PO-000365,CUST-01383,2026-07-19,133755.76,OPEN
ORD-000366-1,PO-000366,CUST-01924,2026-01-14,69405.95,OPEN
ORD-000366-2,PO-000366,CUST-02337,2026-01-15,17351.49,OPEN
ORD-000366-3,PO-000366,CUST-02001,2026-01-19,69405.95,OPEN
ORD-000366-4,PO-000366,CUST-02060,2026-01-15,17351.49,OPEN
ORD-000367-1,PO-000367,CUST-02195,2026-04-14,145429.45,OPEN
ORD-000367-2,PO-000367,CUST-01218,2026-04-08,145429.45,OPEN
ORD-000367-3,PO-000367,CUST-02369,2026-04-07,145429.45,OPEN
ORD-000367-4,PO-000367,CUST-00276,2026-04-09,48476.48,OPEN
ORD-000368-1,PO-000368,CUST-01774,2026-03-03,17474.6,OPEN
ORD-000368-2,PO-000368,CUST-01698,2026-02-28,26211.9,OPEN
ORD-000368-3,PO-000368,CUST-02243,2026-03-04,13105.95,OPEN
ORD-000369-1,PO-000369,CUST-02319,2026-06-07,18782.74,OPEN
ORD-000369-2,PO-000369,CUST-01493,2026-06-05,37565.47,OPEN
ORD-000369-3,PO-000369,CUST-01230,2026-05-31,37565.47,OPEN
ORD-000370-1,PO-000370,CUST-01051,2026-06-16,15465.97,OPEN
ORD-000370-2,PO-000370,CUST-00977,2026-06-15,7732.98,OPEN
ORD-000370-3,PO-000370,CUST-01006,2026-06-15,30931.93,OPEN
ORD-000371-1,PO-000371,CUST-00559,2026-04-21,32404.95,OPEN
ORD-000371-2,PO-000371,CUST-00173,2026-04-23,48607.43,OPEN
ORD-000372-1,PO-000372,CUST-00261,2026-01-24,43002.6,OPEN
ORD-000372-2,PO-000372,CUST-01626,2026-01-25,129007.81,OPEN
ORD-000372-3,PO-000372,CUST-02339,2026-01-18,129007.81,OPEN
ORD-000373-1,PO-000373,CUST-02457,2026-05-15,49900.23,OPEN
ORD-000373-2,PO-000373,CUST-00967,2026-05-19,24950.12,OPEN
ORD-000373-3,PO-000373,CUST-00718,2026-05-16,99800.46,OPEN
ORD-000373-4,PO-000373,CUST-01042,2026-05-21,24950.12,OPEN
ORD-000374-1,PO-000374,CUST-01138,2026-07-06,71166.14,OPEN
ORD-000374-2,PO-000374,CUST-01263,2026-07-06,47444.09,OPEN
ORD-000374-3,PO-000374,CUST-00982,2026-06-29,142332.28,OPEN
ORD-000374-4,PO-000374,CUST-01487,2026-07-05,47444.09,OPEN
ORD-000375-1,PO-000375,CUST-00370,2026-08-12,22213.07,OPEN
ORD-000375-2,PO-000375,CUST-01798,2026-08-11,33319.61,OPEN
ORD-000375-3,PO-000375,CUST-00139,2026-08-18,16659.81,OPEN
ORD-000375-4,PO-000375,CUST-01692,2026-08-15,16659.81,OPEN
ORD-000376-1,PO-000376,CUST-02467,2026-08-05,6117.83,OPEN
ORD-000377-1,PO-000377,CUST-00558,2026-05-07,26108.48,OPEN
ORD-000377-2,PO-000377,CUST-01286,2026-04-30,34811.3,OPEN
ORD-000378-1,PO-000378,CUST-01960,2026-03-10,19424.17,OPEN
ORD-000378-2,PO-000378,CUST-02430,2026-03-09,38848.35,OPEN
ORD-000378-3,PO-000378,CUST-01698,2026-03-08,77696.7,OPEN
ORD-000378-4,PO-000378,CUST-02337,2026-03-11,19424.17,OPEN
ORD-000379-1,PO-000379,CUST-00204,2026-08-25,6901.0,OPEN
ORD-000379-2,PO-000379,CUST-00612,2026-08-27,4600.67,OPEN
ORD-000380-1,PO-000380,CUST-00486,2026-01-14,26982.06,OPEN
ORD-000380-2,PO-000380,CUST-01180,2026-01-07,35976.07,OPEN
ORD-000380-3,PO-000380,CUST-01767,2026-01-10,53964.11,OPEN
ORD-000380-4,PO-000380,CUST-00776,2026-01-07,35976.07,OPEN
ORD-000381-1,PO-000381,CUST-01018,2026-01-17,10970.96,OPEN
ORD-000381-2,PO-000381,CUST-00352,2026-01-18,10970.96,OPEN
ORD-000382-1,PO-000382,CUST-00300,2026-07-03,19978.14,OPEN
ORD-000382-2,PO-000382,CUST-01364,2026-06-27,59934.43,OPEN
ORD-000382-3,PO-000382,CUST-00022,2026-07-02,59934.43,OPEN
ORD-000382-4,PO-000382,CUST-01240,2026-07-06,14983.61,OPEN
ORD-000383-1,PO-000383,CUST-00541,2026-06-03,6829.04,OPEN
ORD-000383-2,PO-000383,CUST-00581,2026-06-06,6829.04,OPEN
ORD-000383-3,PO-000383,CUST-00524,2026-06-03,27316.15,OPEN
ORD-000383-4,PO-000383,CUST-01159,2026-06-03,6829.04,OPEN
ORD-000384-1,PO-000384,CUST-02277,2026-05-20,23647.52,OPEN
ORD-000384-2,PO-000384,CUST-00609,2026-05-13,23647.52,OPEN
ORD-000384-3,PO-000384,CUST-01927,2026-05-15,47295.04,OPEN
ORD-000385-1,PO-000385,CUST-02298,2026-04-29,5948.53,OPEN
ORD-000386-1,PO-000386,CUST-00835,2026-08-10,108104.71,OPEN
ORD-000387-1,PO-000387,CUST-02155,2026-07-20,76556.3,OPEN
ORD-000387-2,PO-000387,CUST-01009,2026-07-17,76556.3,OPEN
ORD-000388-1,PO-000388,CUST-01326,2026-01-12,43000.05,OPEN
ORD-000388-2,PO-000388,CUST-01966,2026-01-08,10750.01,OPEN
ORD-000388-3,PO-000388,CUST-01350,2026-01-16,43000.05,OPEN
ORD-000388-4,PO-000388,CUST-02332,2026-01-14,14333.35,OPEN
ORD-000389-1,PO-000389,CUST-00380,2026-07-26,24181.19,OPEN
ORD-000390-1,PO-000390,CUST-01592,2026-07-20,64947.29,OPEN
ORD-000391-1,PO-000391,CUST-01471,2026-02-10,22566.37,OPEN
ORD-000391-2,PO-000391,CUST-02006,2026-02-05,22566.37,OPEN
ORD-000391-3,PO-000391,CUST-02307,2026-02-07,15044.24,OPEN
ORD-000392-1,PO-000392,CUST-00381,2026-08-06,13887.82,OPEN
ORD-000392-2,PO-000392,CUST-00919,2026-08-01,13887.82,OPEN
ORD-000392-3,PO-000392,CUST-01191,2026-08-03,55551.29,OPEN
ORD-000392-4,PO-000392,CUST-01231,2026-07-28,13887.82,OPEN
ORD-000393-1,PO-000393,CUST-02257,2026-08-13,37673.7,OPEN
ORD-000393-2,PO-000393,CUST-02092,2026-08-12,37673.7,OPEN
ORD-000393-3,PO-000393,CUST-02329,2026-08-05,9418.42,OPEN
ORD-000394-1,PO-000394,CUST-01610,2026-07-18,37882.48,OPEN
ORD-000394-2,PO-000394,CUST-01286,2026-07-22,25254.99,OPEN
ORD-000394-3,PO-000394,CUST-01086,2026-07-26,18941.24,OPEN
ORD-000394-4,PO-000394,CUST-00321,2026-07-19,37882.48,OPEN
ORD-000395-1,PO-000395,CUST-00704,2026-04-23,80389.21,OPEN
ORD-000395-2,PO-000395,CUST-02466,2026-04-29,20097.3,OPEN
ORD-000395-3,PO-000395,CUST-01618,2026-04-26,26796.4,OPEN
ORD-000395-4,PO-000395,CUST-00057,2026-04-24,40194.61,OPEN
ORD-000396-1,PO-000396,CUST-00991,2026-07-05,72796.4,OPEN
ORD-000396-2,PO-000396,CUST-01233,2026-07-01,145592.79,OPEN
ORD-000397-1,PO-000397,CUST-00081,2026-01-13,4477.65,OPEN
ORD-000397-2,PO-000397,CUST-01208,2026-01-09,8955.3,OPEN
ORD-000397-3,PO-000397,CUST-00033,2026-01-06,5970.2,OPEN
ORD-000397-4,PO-000397,CUST-02371,2026-01-12,4477.65,OPEN
ORD-000398-1,PO-000398,CUST-02164,2026-05-08,60252.22,OPEN
ORD-000398-2,PO-000398,CUST-02267,2026-05-14,20084.07,OPEN
ORD-000398-3,PO-000398,CUST-01939,2026-05-15,15063.06,OPEN
ORD-000398-4,PO-000398,CUST-01837,2026-05-14,20084.07,OPEN
ORD-000399-1,PO-000399,CUST-02080,2026-03-22,54534.14,OPEN
ORD-000399-2,PO-000399,CUST-02467,2026-03-25,36356.09,OPEN
ORD-000399-3,PO-000399,CUST-01599,2026-03-17,36356.09,OPEN
ORD-000400-1,PO-000400,CUST-01978,2026-07-28,145655.78,OPEN
ORD-000400-2,PO-000400,CUST-02482,2026-07-27,72827.89,OPEN
ORD-000401-1,PO-000401,CUST-01069,2026-05-07,15298.65,OPEN
ORD-000402-1,PO-000402,CUST-00495,2026-08-04,5009.01,OPEN
ORD-000403-1,PO-000403,CUST-00207,2026-03-31,117840.43,OPEN
ORD-000403-2,PO-000403,CUST-02498,2026-03-30,117840.43,OPEN
ORD-000403-3,PO-000403,CUST-00685,2026-03-29,117840.43,OPEN
ORD-000404-1,PO-000404,CUST-00407,2026-08-30,13641.24,OPEN
ORD-000404-2,PO-000404,CUST-00504,2026-08-27,27282.47,OPEN
ORD-000404-3,PO-000404,CUST-01005,2026-08-28,54564.95,OPEN
ORD-000404-4,PO-000404,CUST-00350,2026-08-26,27282.47,OPEN
ORD-000405-1,PO-000405,CUST-00935,2026-04-11,23650.33,OPEN
ORD-000405-2,PO-000405,CUST-01880,2026-04-09,23650.33,OPEN
ORD-000406-1,PO-000406,CUST-01646,2026-02-12,38545.9,OPEN
ORD-000407-1,PO-000407,CUST-01718,2026-07-24,2015.17,OPEN
ORD-000408-1,PO-000408,CUST-01655,2026-07-08,55766.64,OPEN
ORD-000409-1,PO-000409,CUST-00152,2026-07-02,52114.97,OPEN
ORD-000409-2,PO-000409,CUST-02132,2026-07-04,26057.49,OPEN
ORD-000410-1,PO-000410,CUST-02212,2026-05-11,82991.98,OPEN
ORD-000410-2,PO-000410,CUST-01732,2026-05-14,27663.99,OPEN
ORD-000411-1,PO-000411,CUST-00511,2026-08-05,56260.34,OPEN
ORD-000411-2,PO-000411,CUST-01857,2026-08-13,56260.34,OPEN
ORD-000411-3,PO-000411,CUST-01435,2026-08-13,28130.17,OPEN
ORD-000412-1,PO-000412,CUST-01480,2026-07-07,28480.51,OPEN
ORD-000413-1,PO-000413,CUST-01951,2026-08-07,31050.96,OPEN
ORD-000414-1,PO-000414,CUST-01735,2026-07-02,19793.8,OPEN
ORD-000414-2,PO-000414,CUST-00592,2026-06-29,39587.61,OPEN
ORD-000414-3,PO-000414,CUST-00530,2026-06-30,19793.8,OPEN
ORD-000415-1,PO-000415,CUST-00487,2026-06-29,10763.35,OPEN
ORD-000416-1,PO-000416,CUST-01249,2026-04-06,28659.61,OPEN
ORD-000416-2,PO-000416,CUST-00115,2026-04-09,21494.71,OPEN
ORD-000417-1,PO-000417,CUST-02003,2026-01-16,70277.35,OPEN
ORD-000417-2,PO-000417,CUST-00277,2026-01-21,46851.56,OPEN
ORD-000417-3,PO-000417,CUST-02318,2026-01-20,46851.56,OPEN
ORD-000418-1,PO-000418,CUST-01843,2026-05-10,31312.94,OPEN
ORD-000418-2,PO-000418,CUST-00366,2026-05-04,41750.59,OPEN
ORD-000419-1,PO-000419,CUST-01137,2026-03-11,33771.64,OPEN
ORD-000420-1,PO-000420,CUST-00789,2026-07-11,4208.21,OPEN
ORD-000421-1,PO-000421,CUST-00078,2026-05-27,39251.1,OPEN
ORD-000422-1,PO-000422,CUST-02014,2026-01-31,121134.69,OPEN
ORD-000422-2,PO-000422,CUST-01700,2026-01-28,60567.35,OPEN
ORD-000422-3,PO-000422,CUST-01054,2026-01-27,30283.67,OPEN
ORD-000422-4,PO-000422,CUST-01169,2026-01-23,60567.35,OPEN
ORD-000423-1,PO-000423,CUST-00744,2026-02-09,15455.25,OPEN
ORD-000423-2,PO-000423,CUST-00405,2026-02-13,11591.43,OPEN
ORD-000424-1,PO-000424,CUST-02446,2026-03-11,28319.61,OPEN
ORD-000425-1,PO-000425,CUST-00269,2026-02-07,10189.62,OPEN
ORD-000425-2,PO-000425,CUST-00077,2026-02-05,20379.24,OPEN
ORD-000425-3,PO-000425,CUST-01009,2026-02-08,40758.49,OPEN
ORD-000425-4,PO-000425,CUST-01827,2026-02-03,10189.62,OPEN
ORD-000426-1,PO-000426,CUST-02274,2026-04-14,20323.94,OPEN
ORD-000426-2,PO-000426,CUST-01185,2026-04-06,20323.94,OPEN
ORD-000427-1,PO-000427,CUST-01440,2026-09-06,34577.68,OPEN
ORD-000427-2,PO-000427,CUST-00187,2026-09-05,46103.57,OPEN
ORD-000427-3,PO-000427,CUST-01232,2026-09-05,138310.7,OPEN
ORD-000428-1,PO-000428,CUST-01404,2026-08-04,7125.91,OPEN
ORD-000428-2,PO-000428,CUST-01008,2026-08-08,7125.91,OPEN
ORD-000428-3,PO-000428,CUST-01884,2026-08-06,10688.86,OPEN
ORD-000428-4,PO-000428,CUST-00009,2026-08-01,10688.86,OPEN
ORD-000429-1,PO-000429,CUST-00318,2026-06-30,26443.64,OPEN
ORD-000429-2,PO-000429,CUST-00506,2026-07-02,6610.91,OPEN
ORD-000429-3,PO-000429,CUST-01585,2026-07-01,8814.55,OPEN
ORD-000429-4,PO-000429,CUST-01518,2026-06-23,6610.91,OPEN
ORD-000430-1,PO-000430,CUST-01242,2026-07-13,3457.36,OPEN
ORD-000430-2,PO-000430,CUST-01487,2026-07-13,864.34,OPEN
ORD-000430-3,PO-000430,CUST-00030,2026-07-17,1728.68,OPEN
ORD-000431-1,PO-000431,CUST-00268,2026-06-05,37649.34,OPEN
ORD-000431-2,PO-000431,CUST-01064,2026-05-27,37649.34,OPEN
ORD-000432-1,PO-000432,CUST-00009,2026-03-01,31806.56,OPEN
ORD-000432-2,PO-000432,CUST-01667,2026-02-24,31806.56,OPEN
ORD-000432-3,PO-000432,CUST-02030,2026-03-01,31806.56,OPEN
ORD-000433-1,PO-000433,CUST-01296,2026-08-21,27080.61,OPEN
ORD-000433-2,PO-000433,CUST-00336,2026-08-18,36107.48,OPEN
ORD-000433-3,PO-000433,CUST-00305,2026-08-18,27080.61,OPEN
ORD-000434-1,PO-000434,CUST-00099,2026-03-28,2473.8,OPEN
ORD-000435-1,PO-000435,CUST-02129,2026-03-05,5540.73,OPEN
ORD-000435-2,PO-000435,CUST-00392,2026-03-14,4155.55,OPEN
ORD-000435-3,PO-000435,CUST-00351,2026-03-14,16622.18,OPEN
ORD-000436-1,PO-000436,CUST-00225,2026-08-16,31807.49,OPEN
ORD-000436-2,PO-000436,CUST-00270,2026-08-26,31807.49,OPEN
ORD-000437-1,PO-000437,CUST-00955,2026-03-26,31891.11,OPEN
ORD-000438-1,PO-000438,CUST-01860,2026-04-14,69899.26,OPEN
ORD-000439-1,PO-000439,CUST-02085,2026-02-06,7926.05,OPEN
ORD-000439-2,PO-000439,CUST-01822,2026-02-03,3963.03,OPEN
ORD-000440-1,PO-000440,CUST-00604,2026-01-20,9794.14,OPEN
ORD-000440-2,PO-000440,CUST-01193,2026-01-25,6529.42,OPEN
ORD-000440-3,PO-000440,CUST-00235,2026-01-24,9794.14,OPEN
ORD-000441-1,PO-000441,CUST-00776,2026-04-20,17300.17,OPEN
ORD-000441-2,PO-000441,CUST-02370,2026-04-26,17300.17,OPEN
ORD-000442-1,PO-000442,CUST-00899,2026-04-18,12407.14,OPEN
ORD-000442-2,PO-000442,CUST-00874,2026-04-21,12407.14,OPEN
ORD-000442-3,PO-000442,CUST-00841,2026-04-23,12407.14,OPEN
ORD-000442-4,PO-000442,CUST-00041,2026-04-18,16542.85,OPEN
ORD-000443-1,PO-000443,CUST-00816,2026-02-06,43941.14,OPEN
ORD-000443-2,PO-000443,CUST-01074,2026-02-08,21970.57,OPEN
ORD-000443-3,PO-000443,CUST-00732,2026-02-11,21970.57,OPEN
ORD-000444-1,PO-000444,CUST-01387,2026-09-01,15627.94,OPEN
ORD-000444-2,PO-000444,CUST-01515,2026-08-29,7813.97,OPEN
ORD-000444-3,PO-000444,CUST-00268,2026-08-30,3906.99,OPEN
ORD-000444-4,PO-000444,CUST-00786,2026-08-24,7813.97,OPEN
ORD-000445-1,PO-000445,CUST-02194,2026-04-01,45066.3,OPEN
ORD-000446-1,PO-000446,CUST-00858,2026-01-22,23651.03,OPEN
ORD-000446-2,PO-000446,CUST-00686,2026-01-21,94604.14,OPEN
ORD-000447-1,PO-000447,CUST-02027,2026-05-13,19518.6,OPEN
ORD-000447-2,PO-000447,CUST-02392,2026-05-17,19518.6,OPEN
ORD-000447-3,PO-000447,CUST-00832,2026-05-11,39037.21,OPEN
ORD-000448-1,PO-000448,CUST-02256,2026-03-25,21346.97,OPEN
ORD-000448-2,PO-000448,CUST-01821,2026-03-21,21346.97,OPEN
ORD-000449-1,PO-000449,CUST-01772,2026-05-07,19270.79,OPEN
ORD-000449-2,PO-000449,CUST-01119,2026-05-07,25694.39,OPEN
ORD-000449-3,PO-000449,CUST-00958,2026-05-02,19270.79,OPEN
ORD-000449-4,PO-000449,CUST-01207,2026-05-05,77083.18,OPEN
ORD-000450-1,PO-000450,CUST-01476,2026-07-22,41825.53,OPEN
ORD-000451-1,PO-000451,CUST-00781,2026-03-02,33809.52,OPEN
ORD-000451-2,PO-000451,CUST-00035,2026-02-22,33809.52,OPEN
ORD-000451-3,PO-000451,CUST-01662,2026-02-25,25357.14,OPEN
ORD-000452-1,PO-000452,CUST-02113,2026-08-17,29963.52,OPEN
ORD-000452-2,PO-000452,CUST-01396,2026-08-17,14981.76,OPEN
ORD-000453-1,PO-000453,CUST-02288,2026-04-27,28908.65,OPEN
ORD-000453-2,PO-000453,CUST-01252,2026-04-22,57817.29,OPEN
ORD-000454-1,PO-000454,CUST-01336,2026-04-05,11403.62,OPEN
ORD-000454-2,PO-000454,CUST-00570,2026-04-06,34210.85,OPEN
ORD-000454-3,PO-000454,CUST-01562,2026-04-06,8552.71,OPEN
ORD-000454-4,PO-000454,CUST-00772,2026-03-29,8552.71,OPEN
ORD-000455-1,PO-000455,CUST-02265,2026-04-28,96030.99,OPEN
ORD-000456-1,PO-000456,CUST-00955,2026-01-11,14205.24,OPEN
ORD-000456-2,PO-000456,CUST-00236,2026-01-08,7102.62,OPEN
ORD-000456-3,PO-000456,CUST-01339,2026-01-07,14205.24,OPEN
ORD-000456-4,PO-000456,CUST-00529,2026-01-09,28410.47,OPEN
ORD-000457-1,PO-000457,CUST-01771,2026-04-13,47762.32,OPEN
ORD-000457-2,PO-000457,CUST-02407,2026-04-12,47762.32,OPEN
ORD-000458-1,PO-000458,CUST-02478,2026-03-13,7663.64,OPEN
ORD-000458-2,PO-000458,CUST-01885,2026-03-17,7663.64,OPEN
ORD-000458-3,PO-000458,CUST-01180,2026-03-12,30654.56,OPEN
ORD-000458-4,PO-000458,CUST-01602,2026-03-17,10218.19,OPEN
ORD-000459-1,PO-000459,CUST-02330,2026-02-21,67522.35,OPEN
ORD-000459-2,PO-000459,CUST-00647,2026-02-15,67522.35,OPEN
ORD-000459-3,PO-000459,CUST-00890,2026-02-19,135044.71,OPEN
ORD-000459-4,PO-000459,CUST-01511,2026-02-23,135044.71,OPEN
ORD-000460-1,PO-000460,CUST-01894,2026-04-23,67914.93,OPEN
ORD-000460-2,PO-000460,CUST-01562,2026-04-25,16978.73,OPEN
ORD-000461-1,PO-000461,CUST-01902,2026-04-14,2049.1,OPEN
ORD-000462-1,PO-000462,CUST-00661,2026-05-28,32908.29,OPEN
ORD-000462-2,PO-000462,CUST-00726,2026-05-30,98724.88,OPEN
ORD-000463-1,PO-000463,CUST-01467,2026-02-15,3024.75,OPEN
ORD-000463-2,PO-000463,CUST-01811,2026-02-13,6049.5,OPEN
ORD-000463-3,PO-000463,CUST-01600,2026-02-23,12099.0,OPEN
ORD-000464-1,PO-000464,CUST-00978,2026-06-06,399.18,OPEN
ORD-000464-2,PO-000464,CUST-00115,2026-06-03,299.38,OPEN
ORD-000465-1,PO-000465,CUST-00685,2026-07-04,50253.97,OPEN
ORD-000466-1,PO-000466,CUST-01753,2026-08-05,12351.91,OPEN
ORD-000466-2,PO-000466,CUST-01461,2026-07-31,49407.65,OPEN
ORD-000467-1,PO-000467,CUST-00271,2026-06-24,23888.96,OPEN
ORD-000467-2,PO-000467,CUST-00180,2026-06-27,15925.97,OPEN
ORD-000468-1,PO-000468,CUST-02458,2026-07-20,90030.93,OPEN
ORD-000468-2,PO-000468,CUST-01361,2026-07-26,45015.46,OPEN
ORD-000469-1,PO-000469,CUST-02063,2026-01-26,25299.12,OPEN
ORD-000469-2,PO-000469,CUST-00509,2026-01-21,50598.23,OPEN
ORD-000469-3,PO-000469,CUST-00326,2026-01-24,25299.12,OPEN
ORD-000469-4,PO-000469,CUST-01215,2026-01-23,12649.56,OPEN
ORD-000470-1,PO-000470,CUST-01301,2026-06-16,2055.68,OPEN
ORD-000470-2,PO-000470,CUST-01182,2026-06-22,1541.76,OPEN
ORD-000470-3,PO-000470,CUST-00993,2026-06-19,2055.68,OPEN
ORD-000471-1,PO-000471,CUST-00752,2026-08-02,34419.6,OPEN
ORD-000471-2,PO-000471,CUST-00287,2026-07-26,25814.7,OPEN
ORD-000471-3,PO-000471,CUST-00837,2026-08-04,51629.4,OPEN
ORD-000471-4,PO-000471,CUST-00968,2026-07-27,51629.4,OPEN
ORD-000472-1,PO-000472,CUST-02482,2026-03-27,12520.87,OPEN
ORD-000472-2,PO-000472,CUST-00825,2026-03-25,6260.44,OPEN
ORD-000473-1,PO-000473,CUST-00639,2026-04-18,14242.19,OPEN
ORD-000473-2,PO-000473,CUST-00341,2026-04-18,14242.19,OPEN
ORD-000473-3,PO-000473,CUST-02265,2026-04-20,28484.38,OPEN
ORD-000473-4,PO-000473,CUST-01900,2026-04-16,14242.19,OPEN
ORD-000474-1,PO-000474,CUST-00802,2026-05-26,22775.2,OPEN
ORD-000474-2,PO-000474,CUST-02051,2026-05-24,91100.79,OPEN
ORD-000474-3,PO-000474,CUST-01704,2026-05-31,22775.2,OPEN
ORD-000475-1,PO-000475,CUST-01577,2026-03-20,96336.78,OPEN
ORD-000475-2,PO-000475,CUST-01046,2026-03-23,24084.19,OPEN
ORD-000475-3,PO-000475,CUST-01509,2026-03-28,24084.19,OPEN
ORD-000475-4,PO-000475,CUST-01737,2026-03-30,24084.19,OPEN
ORD-000476-1,PO-000476,CUST-01071,2026-01-19,69129.77,OPEN
ORD-000477-1,PO-000477,CUST-01575,2026-03-08,37488.51,OPEN
ORD-000478-1,PO-000478,CUST-01238,2026-05-19,45512.47,OPEN
ORD-000478-2,PO-000478,CUST-02401,2026-05-23,34134.35,OPEN
ORD-000479-1,PO-000479,CUST-01631,2026-02-01,47804.47,OPEN
ORD-000479-2,PO-000479,CUST-02015,2026-01-28,47804.47,OPEN
ORD-000480-1,PO-000480,CUST-01535,2026-05-17,31408.97,OPEN
ORD-000480-2,PO-000480,CUST-00746,2026-05-18,15704.48,OPEN
ORD-000480-3,PO-000480,CUST-00761,2026-05-22,31408.97,OPEN
ORD-000480-4,PO-000480,CUST-01063,2026-05-17,31408.97,OPEN
ORD-000481-1,PO-000481,CUST-00511,2026-08-12,23911.71,OPEN
ORD-000481-2,PO-000481,CUST-02399,2026-08-16,95646.83,OPEN
ORD-000481-3,PO-000481,CUST-00039,2026-08-18,95646.83,OPEN
ORD-000482-1,PO-000482,CUST-01539,2026-06-23,87575.59,OPEN
ORD-000483-1,PO-000483,CUST-01406,2026-09-01,24381.99,OPEN
ORD-000483-2,PO-000483,CUST-01551,2026-09-01,18286.49,OPEN
ORD-000483-3,PO-000483,CUST-00411,2026-09-01,24381.99,OPEN
ORD-000483-4,PO-000483,CUST-00106,2026-09-02,36572.98,OPEN
ORD-000484-1,PO-000484,CUST-02110,2026-07-06,28210.06,OPEN
ORD-000484-2,PO-000484,CUST-00069,2026-06-29,37613.41,OPEN
ORD-000484-3,PO-000484,CUST-01820,2026-06-29,37613.41,OPEN
ORD-000485-1,PO-000485,CUST-00412,2026-07-15,23020.64,OPEN
ORD-000485-2,PO-000485,CUST-00587,2026-07-13,46041.28,OPEN
ORD-000485-3,PO-000485,CUST-00524,2026-07-17,92082.56,OPEN
ORD-000486-1,PO-000486,CUST-00997,2026-02-23,67256.54,OPEN
ORD-000486-2,PO-000486,CUST-00433,2026-02-23,134513.08,OPEN
ORD-000486-3,PO-000486,CUST-01571,2026-02-15,44837.69,OPEN
ORD-000486-4,PO-000486,CUST-00505,2026-02-17,33628.27,OPEN
ORD-000487-1,PO-000487,CUST-01406,2026-02-02,119433.3,OPEN
ORD-000487-2,PO-000487,CUST-00956,2026-02-03,29858.33,OPEN
ORD-000488-1,PO-000488,CUST-00522,2026-01-24,5717.23,OPEN
ORD-000488-2,PO-000488,CUST-01274,2026-02-01,17151.69,OPEN
ORD-000489-1,PO-000489,CUST-02129,2026-08-10,29263.88,OPEN
ORD-000489-2,PO-000489,CUST-00437,2026-08-14,29263.88,OPEN
ORD-000489-3,PO-000489,CUST-01295,2026-08-13,14631.94,OPEN
ORD-000490-1,PO-000490,CUST-02454,2026-05-10,102157.15,OPEN
ORD-000490-2,PO-000490,CUST-01121,2026-05-16,102157.15,OPEN
ORD-000490-3,PO-000490,CUST-02028,2026-05-15,51078.57,OPEN
ORD-000491-1,PO-000491,CUST-01997,2026-02-09,62134.38,OPEN
ORD-000491-2,PO-000491,CUST-00089,2026-02-13,62134.38,OPEN
ORD-000492-1,PO-000492,CUST-02163,2026-06-29,71276.53,OPEN
ORD-000492-2,PO-000492,CUST-02245,2026-06-27,35638.26,OPEN
ORD-000492-3,PO-000492,CUST-02378,2026-06-25,23758.84,OPEN
ORD-000492-4,PO-000492,CUST-02365,2026-06-30,35638.26,OPEN
ORD-000493-1,PO-000493,CUST-01484,2026-03-19,134634.1,OPEN
ORD-000493-2,PO-000493,CUST-01543,2026-03-17,67317.05,OPEN
ORD-000494-1,PO-000494,CUST-02112,2026-01-25,53659.79,OPEN
ORD-000494-2,PO-000494,CUST-00609,2026-02-03,13414.95,OPEN
ORD-000495-1,PO-000495,CUST-01538,2026-02-09,18253.94,OPEN
ORD-000495-2,PO-000495,CUST-01128,2026-02-07,9126.97,OPEN
ORD-000495-3,PO-000495,CUST-00492,2026-02-05,36507.89,OPEN
ORD-000496-1,PO-000496,CUST-01122,2026-06-14,25121.11,OPEN
ORD-000496-2,PO-000496,CUST-01573,2026-06-23,50242.22,OPEN
ORD-000497-1,PO-000497,CUST-02278,2026-01-26,12280.43,OPEN
ORD-000497-2,PO-000497,CUST-02126,2026-02-02,49121.73,OPEN
ORD-000497-3,PO-000497,CUST-00850,2026-02-05,49121.73,OPEN
ORD-000497-4,PO-000497,CUST-00022,2026-01-28,24560.87,OPEN
ORD-000498-1,PO-000498,CUST-00144,2026-02-02,2117.3,OPEN
ORD-000498-2,PO-000498,CUST-01490,2026-02-09,2117.3,OPEN
ORD-000499-1,PO-000499,CUST-01282,2026-03-07,11359.92,OPEN
ORD-000499-2,PO-000499,CUST-00406,2026-03-14,22719.85,OPEN
ORD-000499-3,PO-000499,CUST-00771,2026-03-08,45439.7,OPEN
ORD-000499-4,PO-000499,CUST-02467,2026-03-08,22719.85,OPEN
ORD-000500-1,PO-000500,CUST-01068,2026-03-21,6569.86,OPEN
ORD-000501-1,PO-000501,CUST-00290,2026-01-30,70869.35,OPEN
ORD-000501-2,PO-000501,CUST-01525,2026-02-01,70869.35,OPEN
ORD-000502-1,PO-000502,CUST-02473,2026-04-24,123324.39,OPEN
ORD-000502-2,PO-000502,CUST-02177,2026-04-22,123324.39,OPEN
ORD-000502-3,PO-000502,CUST-01350,2026-04-24,123324.39,OPEN
ORD-000502-4,PO-000502,CUST-01120,2026-04-23,41108.13,OPEN
ORD-000503-1,PO-000503,CUST-00720,2026-01-27,56884.82,OPEN
ORD-000503-2,PO-000503,CUST-00392,2026-02-04,14221.2,OPEN
ORD-000503-3,PO-000503,CUST-02260,2026-02-04,18961.61,OPEN
ORD-000503-4,PO-000503,CUST-00700,2026-01-27,56884.82,OPEN
ORD-000504-1,PO-000504,CUST-01062,2026-08-04,55661.96,OPEN
ORD-000504-2,PO-000504,CUST-00585,2026-07-28,55661.96,OPEN
ORD-000504-3,PO-000504,CUST-01517,2026-07-30,111323.92,OPEN
ORD-000504-4,PO-000504,CUST-01876,2026-08-05,27830.98,OPEN
ORD-000505-1,PO-000505,CUST-01252,2026-05-13,43379.54,OPEN
ORD-000505-2,PO-000505,CUST-00315,2026-05-10,43379.54,OPEN
ORD-000506-1,PO-000506,CUST-02084,2026-05-28,2270.76,OPEN
ORD-000506-2,PO-000506,CUST-02110,2026-06-04,2270.76,OPEN
ORD-000506-3,PO-000506,CUST-00057,2026-05-29,2270.76,OPEN
ORD-000506-4,PO-000506,CUST-02189,2026-05-28,2270.76,OPEN
ORD-000507-1,PO-000507,CUST-01504,2026-06-07,67573.48,OPEN
ORD-000507-2,PO-000507,CUST-01732,2026-06-10,67573.48,OPEN
ORD-000508-1,PO-000508,CUST-01979,2026-02-02,17008.27,OPEN
ORD-000509-1,PO-000509,CUST-01897,2026-07-12,94860.88,OPEN
ORD-000509-2,PO-000509,CUST-00025,2026-07-08,31620.29,OPEN
ORD-000510-1,PO-000510,CUST-00037,2026-04-07,5507.01,OPEN
ORD-000510-2,PO-000510,CUST-00348,2026-04-08,8260.51,OPEN
ORD-000511-1,PO-000511,CUST-00927,2026-04-18,6338.16,OPEN
ORD-000512-1,PO-000512,CUST-01800,2026-04-05,16134.26,OPEN
ORD-000512-2,PO-000512,CUST-00024,2026-04-09,16134.26,OPEN
ORD-000512-3,PO-000512,CUST-01167,2026-04-05,32268.53,OPEN
ORD-000513-1,PO-000513,CUST-01964,2026-07-20,25008.21,OPEN
ORD-000513-2,PO-000513,CUST-02004,2026-07-11,12504.1,OPEN
ORD-000514-1,PO-000514,CUST-00442,2026-03-27,112787.94,OPEN
ORD-000514-2,PO-000514,CUST-02049,2026-03-27,37595.98,OPEN
ORD-000514-3,PO-000514,CUST-01760,2026-03-25,37595.98,OPEN
ORD-000514-4,PO-000514,CUST-01186,2026-03-31,28196.99,OPEN
ORD-000515-1,PO-000515,CUST-00472,2026-03-08,30944.39,OPEN
ORD-000515-2,PO-000515,CUST-00813,2026-03-15,23208.29,OPEN
ORD-000516-1,PO-000516,CUST-01644,2026-02-19,74443.24,OPEN
ORD-000516-2,PO-000516,CUST-01747,2026-02-21,74443.24,OPEN
ORD-000517-1,PO-000517,CUST-00909,2026-08-20,4058.91,OPEN
ORD-000517-2,PO-000517,CUST-02089,2026-08-17,8117.83,OPEN
ORD-000517-3,PO-000517,CUST-01103,2026-08-14,8117.83,OPEN
ORD-000518-1,PO-000518,CUST-00214,2026-03-05,48316.21,OPEN
ORD-000518-2,PO-000518,CUST-01934,2026-03-08,16105.4,OPEN
ORD-000519-1,PO-000519,CUST-00457,2026-02-22,12737.78,OPEN
ORD-000519-2,PO-000519,CUST-01357,2026-02-27,19106.67,OPEN
ORD-000519-3,PO-000519,CUST-00976,2026-02-26,12737.78,OPEN
ORD-000520-1,PO-000520,CUST-00791,2026-01-23,66567.74,OPEN
ORD-000521-1,PO-000521,CUST-02186,2026-01-27,70650.9,OPEN
ORD-000521-2,PO-000521,CUST-00786,2026-01-20,70650.9,OPEN
ORD-000521-3,PO-000521,CUST-01500,2026-01-24,47100.6,OPEN
ORD-000522-1,PO-000522,CUST-00529,2026-01-20,24227.23,OPEN
ORD-000523-1,PO-000523,CUST-00678,2026-07-30,145884.86,OPEN
ORD-000523-2,PO-000523,CUST-01642,2026-07-29,36471.21,OPEN
ORD-000523-3,PO-000523,CUST-00015,2026-07-26,72942.43,OPEN
ORD-000523-4,PO-000523,CUST-02101,2026-07-26,145884.86,OPEN
ORD-000524-1,PO-000524,CUST-00701,2026-03-27,127945.02,OPEN
ORD-000524-2,PO-000524,CUST-01196,2026-03-27,63972.51,OPEN
ORD-000524-3,PO-000524,CUST-01108,2026-03-23,63972.51,OPEN
ORD-000525-1,PO-000525,CUST-02250,2026-05-22,17869.63,OPEN
ORD-000525-2,PO-000525,CUST-01330,2026-05-23,5956.54,OPEN
ORD-000525-3,PO-000525,CUST-01146,2026-05-22,8934.82,OPEN
ORD-000526-1,PO-000526,CUST-01812,2026-07-14,55996.29,OPEN
ORD-000526-2,PO-000526,CUST-02383,2026-07-08,55996.29,OPEN
ORD-000526-3,PO-000526,CUST-00950,2026-07-06,27998.15,OPEN
ORD-000527-1,PO-000527,CUST-00722,2026-08-26,36055.76,OPEN
ORD-000527-2,PO-000527,CUST-01156,2026-08-26,36055.76,OPEN
ORD-000528-1,PO-000528,CUST-01747,2026-07-31,59432.5,OPEN
ORD-000529-1,PO-000529,CUST-01548,2026-02-04,108783.88,OPEN
ORD-000530-1,PO-000530,CUST-01097,2026-07-18,124662.31,OPEN
ORD-000530-2,PO-000530,CUST-00436,2026-07-15,124662.31,OPEN
ORD-000531-1,PO-000531,CUST-01962,2026-02-25,7104.97,OPEN
ORD-000531-2,PO-000531,CUST-02227,2026-02-21,7104.97,OPEN
ORD-000532-1,PO-000532,CUST-00919,2026-01-29,81923.99,OPEN
ORD-000532-2,PO-000532,CUST-00604,2026-02-02,20481.0,OPEN
ORD-000532-3,PO-000532,CUST-00461,2026-01-30,20481.0,OPEN
ORD-000532-4,PO-000532,CUST-00417,2026-01-28,40962.0,OPEN
ORD-000533-1,PO-000533,CUST-00730,2026-02-09,27196.89,OPEN
ORD-000534-1,PO-000534,CUST-01427,2026-02-25,34025.09,OPEN
ORD-000534-2,PO-000534,CUST-01088,2026-02-23,34025.09,OPEN
ORD-000534-3,PO-000534,CUST-00601,2026-02-16,51037.64,OPEN
ORD-000535-1,PO-000535,CUST-01141,2026-07-05,29907.3,OPEN
ORD-000536-1,PO-000536,CUST-01972,2026-02-23,28811.63,OPEN
ORD-000536-2,PO-000536,CUST-00567,2026-02-25,38415.51,OPEN
ORD-000536-3,PO-000536,CUST-02251,2026-02-22,28811.63,OPEN
ORD-000537-1,PO-000537,CUST-02159,2026-05-18,20165.94,OPEN
ORD-000537-2,PO-000537,CUST-01482,2026-05-18,40331.89,OPEN
ORD-000537-3,PO-000537,CUST-02288,2026-05-17,26887.93,OPEN
ORD-000537-4,PO-000537,CUST-01431,2026-05-18,80663.78,OPEN
ORD-000538-1,PO-000538,CUST-00229,2026-02-09,62685.11,OPEN
ORD-000538-2,PO-000538,CUST-01547,2026-02-07,62685.11,OPEN
ORD-000539-1,PO-000539,CUST-00124,2026-04-13,4292.73,OPEN
ORD-000540-1,PO-000540,CUST-00574,2026-03-06,3005.32,OPEN
ORD-000540-2,PO-000540,CUST-01686,2026-03-08,3005.32,OPEN
ORD-000541-1,PO-000541,CUST-02062,2026-03-24,8567.18,OPEN
ORD-000542-1,PO-000542,CUST-00932,2026-07-03,47420.72,OPEN
ORD-000542-2,PO-000542,CUST-02137,2026-06-28,142262.17,OPEN
ORD-000542-3,PO-000542,CUST-00230,2026-06-27,35565.54,OPEN
ORD-000543-1,PO-000543,CUST-01559,2026-08-08,26004.44,OPEN
ORD-000543-2,PO-000543,CUST-00798,2026-08-03,26004.44,OPEN
ORD-000543-3,PO-000543,CUST-01486,2026-07-30,104017.78,OPEN
ORD-000544-1,PO-000544,CUST-01267,2026-03-17,24832.68,OPEN
ORD-000545-1,PO-000545,CUST-01289,2026-03-03,40740.62,OPEN
ORD-000545-2,PO-000545,CUST-01157,2026-03-03,13580.21,OPEN
ORD-000545-3,PO-000545,CUST-01601,2026-03-06,13580.21,OPEN
ORD-000545-4,PO-000545,CUST-01358,2026-03-05,40740.62,OPEN
ORD-000546-1,PO-000546,CUST-01189,2026-01-16,88282.74,OPEN
ORD-000546-2,PO-000546,CUST-00323,2026-01-17,22070.69,OPEN
ORD-000546-3,PO-000546,CUST-00577,2026-01-10,44141.37,OPEN
ORD-000546-4,PO-000546,CUST-01833,2026-01-15,29427.58,OPEN
ORD-000547-1,PO-000547,CUST-00980,2026-06-19,32116.23,OPEN
ORD-000548-1,PO-000548,CUST-01268,2026-02-09,42625.84,OPEN
ORD-000549-1,PO-000549,CUST-02362,2026-04-28,15800.32,OPEN
ORD-000549-2,PO-000549,CUST-00734,2026-04-28,47400.95,OPEN
ORD-000550-1,PO-000550,CUST-00163,2026-03-08,28647.6,OPEN
ORD-000550-2,PO-000550,CUST-00529,2026-03-13,28647.6,OPEN
ORD-000551-1,PO-000551,CUST-00234,2026-04-10,12981.84,OPEN
ORD-000551-2,PO-000551,CUST-00634,2026-04-14,12981.84,OPEN
ORD-000551-3,PO-000551,CUST-02336,2026-04-12,6490.92,OPEN
ORD-000551-4,PO-000551,CUST-01894,2026-04-09,3245.46,OPEN
ORD-000552-1,PO-000552,CUST-00444,2026-05-01,48275.71,OPEN
ORD-000553-1,PO-000553,CUST-00469,2026-03-29,2534.62,OPEN
ORD-000553-2,PO-000553,CUST-01925,2026-03-26,5069.24,OPEN
ORD-000553-3,PO-000553,CUST-02463,2026-03-31,10138.49,OPEN
ORD-000553-4,PO-000553,CUST-01940,2026-03-31,2534.62,OPEN
ORD-000554-1,PO-000554,CUST-00343,2026-07-24,51354.44,OPEN
ORD-000554-2,PO-000554,CUST-00335,2026-07-18,25677.22,OPEN
ORD-000554-3,PO-000554,CUST-01063,2026-07-20,51354.44,OPEN
ORD-000555-1,PO-000555,CUST-01717,2026-04-01,48174.39,OPEN
ORD-000555-2,PO-000555,CUST-01790,2026-04-06,72261.59,OPEN
ORD-000556-1,PO-000556,CUST-01327,2026-06-03,58784.66,OPEN
ORD-000557-1,PO-000557,CUST-01665,2026-08-23,69069.53,OPEN
ORD-000557-2,PO-000557,CUST-00515,2026-08-18,17267.38,OPEN
ORD-000557-3,PO-000557,CUST-00150,2026-08-28,69069.53,OPEN
ORD-000557-4,PO-000557,CUST-02462,2026-08-24,34534.76,OPEN
ORD-000558-1,PO-000558,CUST-01237,2026-02-23,145775.8,OPEN
ORD-000558-2,PO-000558,CUST-01868,2026-02-19,36443.95,OPEN
ORD-000558-3,PO-000558,CUST-02222,2026-02-23,48591.93,OPEN
ORD-000559-1,PO-000559,CUST-02265,2026-02-04,69494.57,OPEN
ORD-000559-2,PO-000559,CUST-01563,2026-02-07,34747.29,OPEN
ORD-000559-3,PO-000559,CUST-00407,2026-02-09,46329.72,OPEN
ORD-000559-4,PO-000559,CUST-01685,2026-01-31,138989.15,OPEN
ORD-000560-1,PO-000560,CUST-00913,2026-06-18,33446.72,OPEN
ORD-000560-2,PO-000560,CUST-00802,2026-06-18,66893.45,OPEN
ORD-000560-3,PO-000560,CUST-01692,2026-06-17,16723.36,OPEN
ORD-000561-1,PO-000561,CUST-01260,2026-07-30,11326.17,OPEN
ORD-000561-2,PO-000561,CUST-00134,2026-07-20,8494.63,OPEN
ORD-000561-3,PO-000561,CUST-02126,2026-07-22,11326.17,OPEN
ORD-000562-1,PO-000562,CUST-00790,2026-02-21,35973.63,OPEN
ORD-000562-2,PO-000562,CUST-00528,2026-02-13,35973.63,OPEN
ORD-000563-1,PO-000563,CUST-00518,2026-04-17,135673.62,OPEN
ORD-000563-2,PO-000563,CUST-01066,2026-04-24,33918.4,OPEN
ORD-000563-3,PO-000563,CUST-00382,2026-04-19,67836.81,OPEN
ORD-000563-4,PO-000563,CUST-02431,2026-04-20,135673.62,OPEN
ORD-000564-1,PO-000564,CUST-00765,2026-06-06,19223.17,OPEN
ORD-000564-2,PO-000564,CUST-02194,2026-05-31,28834.76,OPEN
ORD-000564-3,PO-000564,CUST-01127,2026-05-31,57669.52,OPEN
ORD-000564-4,PO-000564,CUST-02374,2026-06-06,57669.52,OPEN
ORD-000565-1,PO-000565,CUST-02025,2026-01-29,21704.39,OPEN
ORD-000565-2,PO-000565,CUST-02012,2026-02-03,21704.39,OPEN
ORD-000566-1,PO-000566,CUST-00660,2026-06-15,2977.19,OPEN
ORD-000566-2,PO-000566,CUST-02324,2026-06-10,5954.38,OPEN
ORD-000566-3,PO-000566,CUST-01405,2026-06-10,11908.75,OPEN
ORD-000566-4,PO-000566,CUST-00649,2026-06-19,11908.75,OPEN
ORD-000567-1,PO-000567,CUST-00471,2026-02-22,30371.19,OPEN
ORD-000567-2,PO-000567,CUST-00901,2026-02-24,45556.78,OPEN
ORD-000568-1,PO-000568,CUST-01914,2026-05-12,10095.34,OPEN
ORD-000568-2,PO-000568,CUST-00791,2026-05-10,7571.5,OPEN
ORD-000568-3,PO-000568,CUST-01610,2026-05-07,10095.34,OPEN
ORD-000569-1,PO-000569,CUST-02443,2026-02-19,29804.47,OPEN
ORD-000569-2,PO-000569,CUST-02488,2026-02-17,119217.88,OPEN
ORD-000569-3,PO-000569,CUST-01532,2026-02-15,39739.29,OPEN
ORD-000569-4,PO-000569,CUST-00139,2026-02-19,59608.94,OPEN
ORD-000570-1,PO-000570,CUST-00737,2026-03-17,90780.37,OPEN
ORD-000570-2,PO-000570,CUST-01005,2026-03-19,30260.12,OPEN
ORD-000570-3,PO-000570,CUST-01524,2026-03-27,30260.12,OPEN
ORD-000570-4,PO-000570,CUST-01305,2026-03-18,90780.37,OPEN
ORD-000571-1,PO-000571,CUST-01580,2026-03-04,70073.81,OPEN
ORD-000571-2,PO-000571,CUST-00422,2026-02-27,35036.9,OPEN
ORD-000572-1,PO-000572,CUST-00812,2026-06-01,44651.09,OPEN
ORD-000572-2,PO-000572,CUST-00192,2026-06-03,33488.32,OPEN
ORD-000572-3,PO-000572,CUST-01855,2026-05-28,133953.27,OPEN
ORD-000572-4,PO-000572,CUST-00969,2026-06-01,33488.32,OPEN
ORD-000573-1,PO-000573,CUST-01650,2026-06-18,58802.1,OPEN
ORD-000573-2,PO-000573,CUST-01382,2026-06-22,117604.19,OPEN
ORD-000573-3,PO-000573,CUST-00390,2026-06-15,29401.05,OPEN
ORD-000573-4,PO-000573,CUST-01417,2026-06-18,39201.4,OPEN
ORD-000574-1,PO-000574,CUST-00498,2026-05-14,23010.49,OPEN
ORD-000574-2,PO-000574,CUST-00918,2026-05-08,92041.94,OPEN
ORD-000574-3,PO-000574,CUST-01323,2026-05-09,92041.94,OPEN
ORD-000575-1,PO-000575,CUST-00177,2026-01-23,9692.79,OPEN
ORD-000576-1,PO-000576,CUST-02390,2026-03-11,24867.34,OPEN
ORD-000576-2,PO-000576,CUST-00607,2026-03-11,16578.23,OPEN
ORD-000576-3,PO-000576,CUST-00502,2026-03-19,12433.67,OPEN
ORD-000577-1,PO-000577,CUST-00377,2026-06-26,36885.26,OPEN
ORD-000577-2,PO-000577,CUST-02288,2026-06-20,24590.17,OPEN
ORD-000577-3,PO-000577,CUST-02026,2026-06-20,73770.52,OPEN
ORD-000578-1,PO-000578,CUST-00855,2026-05-01,40955.82,OPEN
ORD-000578-2,PO-000578,CUST-01278,2026-05-08,40955.82,OPEN
ORD-000578-3,PO-000578,CUST-02067,2026-05-10,61433.73,OPEN
ORD-000578-4,PO-000578,CUST-01580,2026-05-03,40955.82,OPEN
ORD-000579-1,PO-000579,CUST-01259,2026-07-25,30165.31,OPEN
ORD-000579-2,PO-000579,CUST-00439,2026-07-21,15082.66,OPEN
ORD-000579-3,PO-000579,CUST-01888,2026-07-22,60330.63,OPEN
ORD-000580-1,PO-000580,CUST-01452,2026-06-20,79867.37,OPEN
ORD-000580-2,PO-000580,CUST-02057,2026-06-21,19966.84,OPEN
ORD-000580-3,PO-000580,CUST-01808,2026-06-24,79867.37,OPEN
ORD-000581-1,PO-000581,CUST-01650,2026-06-20,28843.56,OPEN
ORD-000581-2,PO-000581,CUST-02125,2026-06-20,14421.78,OPEN
ORD-000582-1,PO-000582,CUST-00147,2026-06-16,37717.16,OPEN
ORD-000582-2,PO-000582,CUST-02180,2026-06-18,37717.16,OPEN
ORD-000583-1,PO-000583,CUST-00701,2026-04-18,29618.19,OPEN
ORD-000583-2,PO-000583,CUST-02443,2026-04-21,19745.46,OPEN
ORD-000583-3,PO-000583,CUST-02062,2026-04-12,29618.19,OPEN
ORD-000584-1,PO-000584,CUST-00683,2026-08-12,136046.83,OPEN
ORD-000584-2,PO-000584,CUST-00053,2026-08-14,68023.41,OPEN
ORD-000585-1,PO-000585,CUST-02434,2026-01-08,27038.5,OPEN
ORD-000586-1,PO-000586,CUST-02324,2026-05-06,131046.17,OPEN
ORD-000587-1,PO-000587,CUST-01375,2026-05-16,25240.13,OPEN
ORD-000588-1,PO-000588,CUST-00056,2026-05-25,9743.07,OPEN
ORD-000588-2,PO-000588,CUST-00462,2026-05-25,9743.07,OPEN
ORD-000588-3,PO-000588,CUST-00606,2026-05-30,38972.26,OPEN
ORD-000589-1,PO-000589,CUST-00366,2026-04-07,37462.96,OPEN
ORD-000589-2,PO-000589,CUST-01122,2026-04-12,74925.92,OPEN
ORD-000589-3,PO-000589,CUST-01087,2026-04-09,37462.96,OPEN
ORD-000589-4,PO-000589,CUST-02414,2026-04-07,18731.48,OPEN
ORD-000590-1,PO-000590,CUST-02322,2026-01-17,21784.44,OPEN
ORD-000591-1,PO-000591,CUST-02143,2026-05-18,69560.67,OPEN
ORD-000591-2,PO-000591,CUST-01244,2026-05-16,69560.67,OPEN
ORD-000591-3,PO-000591,CUST-00064,2026-05-09,46373.78,OPEN
ORD-000591-4,PO-000591,CUST-02430,2026-05-11,46373.78,OPEN
ORD-000592-1,PO-000592,CUST-01435,2026-01-06,32416.63,OPEN
ORD-000593-1,PO-000593,CUST-01192,2026-01-29,107122.97,OPEN
ORD-000593-2,PO-000593,CUST-01019,2026-01-30,35707.66,OPEN
ORD-000594-1,PO-000594,CUST-00710,2026-08-29,5057.25,OPEN
ORD-000594-2,PO-000594,CUST-02369,2026-08-30,5057.25,OPEN
ORD-000594-3,PO-000594,CUST-01706,2026-08-24,7585.87,OPEN
ORD-000595-1,PO-000595,CUST-00394,2026-01-28,11237.86,OPEN
ORD-000595-2,PO-000595,CUST-02064,2026-01-29,14983.82,OPEN
ORD-000596-1,PO-000596,CUST-01725,2026-04-20,70249.61,OPEN
ORD-000596-2,PO-000596,CUST-00994,2026-04-29,23416.54,OPEN
ORD-000596-3,PO-000596,CUST-02226,2026-04-25,35124.81,OPEN
ORD-000596-4,PO-000596,CUST-00516,2026-04-20,17562.4,OPEN
ORD-000597-1,PO-000597,CUST-01366,2026-08-13,8624.76,OPEN
ORD-000597-2,PO-000597,CUST-01358,2026-08-07,2156.19,OPEN
ORD-000597-3,PO-000597,CUST-00840,2026-08-12,8624.76,OPEN
ORD-000598-1,PO-000598,CUST-00027,2026-02-14,11306.59,OPEN
ORD-000598-2,PO-000598,CUST-00276,2026-02-07,33919.77,OPEN
ORD-000598-3,PO-000598,CUST-02130,2026-02-13,33919.77,OPEN
ORD-000599-1,PO-000599,CUST-00499,2026-05-08,4186.13,OPEN
ORD-000599-2,PO-000599,CUST-00963,2026-05-09,2093.07,OPEN
ORD-000599-3,PO-000599,CUST-00505,2026-05-11,1046.53,OPEN
ORD-000599-4,PO-000599,CUST-00757,2026-05-12,4186.13,OPEN
ORD-000600-1,PO-000600,CUST-01505,2026-05-11,18082.44,OPEN
ORD-000601-1,PO-000601,CUST-00115,2026-07-04,60039.18,OPEN
ORD-000601-2,PO-000601,CUST-00046,2026-06-29,30019.59,OPEN
ORD-000601-3,PO-000601,CUST-00175,2026-06-28,30019.59,OPEN
ORD-000601-4,PO-000601,CUST-01135,2026-07-05,30019.59,OPEN
ORD-000602-1,PO-000602,CUST-01442,2026-04-02,67715.65,OPEN
ORD-000603-1,PO-000603,CUST-01614,2026-07-13,42956.75,OPEN
ORD-000603-2,PO-000603,CUST-02482,2026-07-09,32217.56,OPEN
ORD-000603-3,PO-000603,CUST-00531,2026-07-12,42956.75,OPEN
ORD-000604-1,PO-000604,CUST-00652,2026-05-30,92812.52,OPEN
ORD-000605-1,PO-000605,CUST-00432,2026-05-11,70083.99,OPEN
ORD-000605-2,PO-000605,CUST-00254,2026-05-14,140167.97,OPEN
ORD-000605-3,PO-000605,CUST-00299,2026-05-09,140167.97,OPEN
ORD-000606-1,PO-000606,CUST-02351,2026-08-31,13261.52,OPEN
ORD-000606-2,PO-000606,CUST-02012,2026-08-28,8841.02,OPEN
ORD-000606-3,PO-000606,CUST-00664,2026-08-28,13261.52,OPEN
ORD-000606-4,PO-000606,CUST-02385,2026-08-28,26523.05,OPEN
ORD-000607-1,PO-000607,CUST-01396,2026-08-02,21514.11,OPEN
ORD-000607-2,PO-000607,CUST-00850,2026-08-03,10757.06,OPEN
ORD-000607-3,PO-000607,CUST-01461,2026-08-04,7171.37,OPEN
ORD-000608-1,PO-000608,CUST-00521,2026-07-26,10539.62,OPEN
ORD-000608-2,PO-000608,CUST-02043,2026-07-26,10539.62,OPEN
ORD-000608-3,PO-000608,CUST-00093,2026-08-03,3513.21,OPEN
ORD-000608-4,PO-000608,CUST-01466,2026-07-29,2634.91,OPEN
ORD-000609-1,PO-000609,CUST-02237,2026-05-23,86515.7,OPEN
ORD-000609-2,PO-000609,CUST-01078,2026-05-26,21628.92,OPEN
ORD-000609-3,PO-000609,CUST-01727,2026-05-17,28838.57,OPEN
ORD-000610-1,PO-000610,CUST-00299,2026-02-08,7758.22,OPEN
ORD-000611-1,PO-000611,CUST-00531,2026-04-07,36791.97,OPEN
ORD-000612-1,PO-000612,CUST-00933,2026-05-15,25462.28,OPEN
ORD-000612-2,PO-000612,CUST-02189,2026-05-08,38193.42,OPEN
ORD-000612-3,PO-000612,CUST-02264,2026-05-18,76386.84,OPEN
ORD-000612-4,PO-000612,CUST-00513,2026-05-14,19096.71,OPEN
ORD-000613-1,PO-000613,CUST-01789,2026-02-02,21991.32,OPEN
ORD-000613-2,PO-000613,CUST-02411,2026-02-02,65973.95,OPEN
ORD-000613-3,PO-000613,CUST-00062,2026-02-05,65973.95,OPEN
ORD-000614-1,PO-000614,CUST-01287,2026-01-24,8969.86,OPEN
ORD-000614-2,PO-000614,CUST-01198,2026-01-30,4484.93,OPEN
ORD-000615-1,PO-000615,CUST-02028,2026-06-22,9397.64,OPEN
ORD-000616-1,PO-000616,CUST-02158,2026-05-04,53556.75,OPEN
ORD-000616-2,PO-000616,CUST-00222,2026-05-02,107113.51,OPEN
ORD-000616-3,PO-000616,CUST-01146,2026-05-03,26778.38,OPEN
ORD-000617-1,PO-000617,CUST-00503,2026-08-12,73201.4,OPEN
ORD-000617-2,PO-000617,CUST-01804,2026-08-04,73201.4,OPEN
ORD-000617-3,PO-000617,CUST-02044,2026-08-05,146402.79,OPEN
ORD-000618-1,PO-000618,CUST-02029,2026-03-22,31040.81,OPEN
ORD-000619-1,PO-000619,CUST-02182,2026-01-22,8513.76,OPEN
ORD-000619-2,PO-000619,CUST-00107,2026-01-12,11351.68,OPEN
ORD-000620-1,PO-000620,CUST-01752,2026-08-01,28280.28,OPEN
ORD-000621-1,PO-000621,CUST-00666,2026-05-28,19507.51,OPEN
ORD-000621-2,PO-000621,CUST-00063,2026-05-25,29261.26,OPEN
ORD-000621-3,PO-000621,CUST-02224,2026-05-23,29261.26,OPEN
ORD-000621-4,PO-000621,CUST-00159,2026-05-31,14630.63,OPEN
ORD-000622-1,PO-000622,CUST-01084,2026-06-22,12650.58,OPEN
ORD-000623-1,PO-000623,CUST-01674,2026-04-30,913.09,OPEN
ORD-000623-2,PO-000623,CUST-02500,2026-04-24,608.72,OPEN
ORD-000623-3,PO-000623,CUST-00737,2026-04-24,456.54,OPEN
ORD-000624-1,PO-000624,CUST-00954,2026-02-11,34499.13,OPEN
ORD-000624-2,PO-000624,CUST-02376,2026-02-04,8624.78,OPEN
ORD-000625-1,PO-000625,CUST-02214,2026-01-16,47593.24,OPEN
ORD-000625-2,PO-000625,CUST-01433,2026-01-25,71389.86,OPEN
ORD-000625-3,PO-000625,CUST-00464,2026-01-24,35694.93,OPEN
ORD-000626-1,PO-000626,CUST-01160,2026-04-04,21442.42,OPEN
ORD-000627-1,PO-000627,CUST-00657,2026-03-31,146277.27,OPEN
ORD-000627-2,PO-000627,CUST-02422,2026-03-31,73138.63,OPEN
ORD-000627-3,PO-000627,CUST-01283,2026-04-05,73138.63,OPEN
ORD-000627-4,PO-000627,CUST-00881,2026-04-05,48759.09,OPEN
ORD-000628-1,PO-000628,CUST-02208,2026-04-11,28627.62,OPEN
ORD-000629-1,PO-000629,CUST-02357,2026-06-09,35556.61,OPEN
ORD-000629-2,PO-000629,CUST-01483,2026-06-10,35556.61,OPEN
ORD-000629-3,PO-000629,CUST-00988,2026-06-10,71113.21,OPEN
ORD-000630-1,PO-000630,CUST-02479,2026-04-11,21072.08,OPEN
ORD-000630-2,PO-000630,CUST-02333,2026-04-07,42144.17,OPEN
ORD-000630-3,PO-000630,CUST-02396,2026-04-04,21072.08,OPEN
ORD-000631-1,PO-000631,CUST-01725,2026-07-24,10847.33,OPEN
ORD-000632-1,PO-000632,CUST-00684,2026-06-18,132275.47,OPEN
ORD-000632-2,PO-000632,CUST-00414,2026-06-15,33068.87,OPEN
ORD-000633-1,PO-000633,CUST-01730,2026-01-15,25915.49,OPEN
ORD-000633-2,PO-000633,CUST-01202,2026-01-13,51830.98,OPEN
ORD-000634-1,PO-000634,CUST-01839,2026-06-02,30503.08,OPEN
ORD-000635-1,PO-000635,CUST-00624,2026-03-25,113770.18,OPEN
ORD-000635-2,PO-000635,CUST-01858,2026-03-25,37923.39,OPEN
ORD-000636-1,PO-000636,CUST-02021,2026-05-14,36172.9,OPEN
ORD-000637-1,PO-000637,CUST-00863,2026-03-17,48758.61,OPEN
ORD-000637-2,PO-000637,CUST-00408,2026-03-19,16252.87,OPEN
ORD-000638-1,PO-000638,CUST-01063,2026-03-17,13813.45,OPEN
ORD-000638-2,PO-000638,CUST-00578,2026-03-18,13813.45,OPEN
ORD-000639-1,PO-000639,CUST-00106,2026-01-08,22489.88,OPEN
ORD-000639-2,PO-000639,CUST-01823,2026-01-12,22489.88,OPEN
ORD-000640-1,PO-000640,CUST-01078,2026-03-23,34435.07,OPEN
ORD-000640-2,PO-000640,CUST-01449,2026-03-21,137740.28,OPEN
ORD-000640-3,PO-000640,CUST-00642,2026-03-18,45913.43,OPEN
ORD-000640-4,PO-000640,CUST-02101,2026-03-21,34435.07,OPEN
ORD-000641-1,PO-000641,CUST-00780,2026-08-25,46249.04,OPEN
ORD-000642-1,PO-000642,CUST-01087,2026-03-14,10481.38,OPEN
ORD-000642-2,PO-000642,CUST-02035,2026-03-11,10481.38,OPEN
ORD-000643-1,PO-000643,CUST-02010,2026-05-19,128644.94,OPEN
ORD-000644-1,PO-000644,CUST-01429,2026-01-20,31507.41,OPEN
ORD-000644-2,PO-000644,CUST-01230,2026-01-20,31507.41,OPEN
ORD-000644-3,PO-000644,CUST-02008,2026-01-20,15753.7,OPEN
ORD-000644-4,PO-000644,CUST-02226,2026-01-19,21004.94,OPEN
ORD-000645-1,PO-000645,CUST-01014,2026-02-05,48152.13,OPEN
ORD-000645-2,PO-000645,CUST-01904,2026-01-30,72228.19,OPEN
ORD-000645-3,PO-000645,CUST-00525,2026-02-03,36114.1,OPEN
ORD-000645-4,PO-000645,CUST-00962,2026-02-07,36114.1,OPEN
ORD-000646-1,PO-000646,CUST-01072,2026-08-24,42574.25,OPEN
ORD-000647-1,PO-000647,CUST-01989,2026-07-27,22190.59,OPEN
ORD-000647-2,PO-000647,CUST-01264,2026-08-01,66571.76,OPEN
ORD-000647-3,PO-000647,CUST-02196,2026-07-30,33285.88,OPEN
ORD-000648-1,PO-000648,CUST-01366,2026-02-09,90941.7,OPEN
ORD-000649-1,PO-000649,CUST-00940,2026-05-21,7991.07,OPEN
ORD-000649-2,PO-000649,CUST-01694,2026-05-18,10654.76,OPEN
ORD-000650-1,PO-000650,CUST-01987,2026-09-06,634.83,OPEN
ORD-000651-1,PO-000651,CUST-01548,2026-01-11,34885.78,OPEN
ORD-000652-1,PO-000652,CUST-02219,2026-08-09,13195.04,OPEN
ORD-000652-2,PO-000652,CUST-00796,2026-08-10,3298.76,OPEN
ORD-000652-3,PO-000652,CUST-02099,2026-08-14,3298.76,OPEN
ORD-000652-4,PO-000652,CUST-01880,2026-08-13,4398.35,OPEN
ORD-000653-1,PO-000653,CUST-01980,2026-04-13,14680.06,OPEN
ORD-000653-2,PO-000653,CUST-01567,2026-04-15,22020.09,OPEN
ORD-000654-1,PO-000654,CUST-01628,2026-04-09,114523.71,OPEN
ORD-000654-2,PO-000654,CUST-02307,2026-04-11,28630.93,OPEN
ORD-000654-3,PO-000654,CUST-00343,2026-04-11,57261.86,OPEN
ORD-000654-4,PO-000654,CUST-02007,2026-04-08,57261.86,OPEN
ORD-000655-1,PO-000655,CUST-01033,2026-04-14,23166.26,OPEN
ORD-000655-2,PO-000655,CUST-00150,2026-04-19,46332.51,OPEN
ORD-000656-1,PO-000656,CUST-01283,2026-08-20,333.25,OPEN
ORD-000656-2,PO-000656,CUST-01979,2026-08-17,333.25,OPEN
ORD-000656-3,PO-000656,CUST-01744,2026-08-13,1332.98,OPEN
ORD-000656-4,PO-000656,CUST-00056,2026-08-18,666.49,OPEN
ORD-000657-1,PO-000657,CUST-00700,2026-02-18,7501.61,OPEN
ORD-000658-1,PO-000658,CUST-00482,2026-07-11,43731.72,OPEN
ORD-000658-2,PO-000658,CUST-02141,2026-07-21,43731.72,OPEN
ORD-000658-3,PO-000658,CUST-00580,2026-07-16,65597.57,OPEN
ORD-000658-4,PO-000658,CUST-01521,2026-07-21,65597.57,OPEN
ORD-000659-1,PO-000659,CUST-00041,2026-05-01,7996.81,OPEN
ORD-000659-2,PO-000659,CUST-01928,2026-05-01,15993.63,OPEN
ORD-000660-1,PO-000660,CUST-01920,2026-02-22,104259.75,OPEN
ORD-000660-2,PO-000660,CUST-02291,2026-02-22,34753.25,OPEN
ORD-000660-3,PO-000660,CUST-00790,2026-03-03,104259.75,OPEN
ORD-000661-1,PO-000661,CUST-00318,2026-06-03,54766.9,OPEN
ORD-000661-2,PO-000661,CUST-01147,2026-05-31,54766.9,OPEN
ORD-000661-3,PO-000661,CUST-00519,2026-06-08,109533.81,OPEN
ORD-000661-4,PO-000661,CUST-01353,2026-06-09,27383.45,OPEN
ORD-000662-1,PO-000662,CUST-00950,2026-07-28,110721.2,OPEN
ORD-000662-2,PO-000662,CUST-00588,2026-08-04,55360.6,OPEN
ORD-000663-1,PO-000663,CUST-01743,2026-04-01,3032.3,OPEN
ORD-000663-2,PO-000663,CUST-02050,2026-03-29,4043.07,OPEN
ORD-000664-1,PO-000664,CUST-02174,2026-04-11,38733.66,OPEN
ORD-000664-2,PO-000664,CUST-01138,2026-04-10,58100.49,OPEN
ORD-000664-3,PO-000664,CUST-02008,2026-04-13,29050.24,OPEN
ORD-000665-1,PO-000665,CUST-01910,2026-05-23,45004.81,OPEN
ORD-000665-2,PO-000665,CUST-02293,2026-05-29,67507.22,OPEN
ORD-000666-1,PO-000666,CUST-02155,2026-09-03,37423.49,OPEN
ORD-000666-2,PO-000666,CUST-01346,2026-09-05,37423.49,OPEN
ORD-000667-1,PO-000667,CUST-01961,2026-05-19,46091.27,OPEN
ORD-000668-1,PO-000668,CUST-02009,2026-03-21,23494.48,OPEN
ORD-000668-2,PO-000668,CUST-00157,2026-03-22,93977.93,OPEN
ORD-000668-3,PO-000668,CUST-00725,2026-03-21,46988.96,OPEN
ORD-000668-4,PO-000668,CUST-00230,2026-03-18,93977.93,OPEN
ORD-000669-1,PO-000669,CUST-00694,2026-08-13,27280.16,OPEN
ORD-000670-1,PO-000670,CUST-02055,2026-08-30,49921.03,OPEN
ORD-000671-1,PO-000671,CUST-01275,2026-04-26,7154.01,OPEN
ORD-000671-2,PO-000671,CUST-01399,2026-04-29,7154.01,OPEN
ORD-000671-3,PO-000671,CUST-00362,2026-04-25,1788.5,OPEN
ORD-000671-4,PO-000671,CUST-00761,2026-04-26,7154.01,OPEN
ORD-000672-1,PO-000672,CUST-01886,2026-07-26,8605.24,OPEN
ORD-000672-2,PO-000672,CUST-00544,2026-07-20,12907.85,OPEN
ORD-000673-1,PO-000673,CUST-01118,2026-02-18,21102.51,OPEN
ORD-000673-2,PO-000673,CUST-01801,2026-02-19,14068.34,OPEN
ORD-000673-3,PO-000673,CUST-02371,2026-02-22,14068.34,OPEN
ORD-000673-4,PO-000673,CUST-00699,2026-02-25,10551.26,OPEN
ORD-000674-1,PO-000674,CUST-00850,2026-05-28,28507.45,OPEN
ORD-000674-2,PO-000674,CUST-00372,2026-05-26,28507.45,OPEN
ORD-000674-3,PO-000674,CUST-01916,2026-05-22,42761.17,OPEN
ORD-000675-1,PO-000675,CUST-02404,2026-05-15,24730.17,OPEN
ORD-000675-2,PO-000675,CUST-02411,2026-05-22,24730.17,OPEN
ORD-000675-3,PO-000675,CUST-00033,2026-05-14,32973.55,OPEN
ORD-000675-4,PO-000675,CUST-01380,2026-05-20,32973.55,OPEN
ORD-000676-1,PO-000676,CUST-02432,2026-03-27,6207.62,OPEN
ORD-000677-1,PO-000677,CUST-01977,2026-05-11,41732.47,OPEN
ORD-000677-2,PO-000677,CUST-00960,2026-05-06,125197.41,OPEN
ORD-000677-3,PO-000677,CUST-01104,2026-05-08,31299.35,OPEN
ORD-000678-1,PO-000678,CUST-00533,2026-02-20,38537.28,OPEN
ORD-000678-2,PO-000678,CUST-01267,2026-02-11,77074.55,OPEN
ORD-000679-1,PO-000679,CUST-01260,2026-02-14,23119.29,OPEN
ORD-000679-2,PO-000679,CUST-01789,2026-02-15,34678.93,OPEN
ORD-000680-1,PO-000680,CUST-00871,2026-01-09,17965.74,OPEN
ORD-000681-1,PO-000681,CUST-00547,2026-07-02,12263.31,OPEN
ORD-000681-2,PO-000681,CUST-02446,2026-07-04,9197.48,OPEN
ORD-000681-3,PO-000681,CUST-02001,2026-07-01,12263.31,OPEN
ORD-000681-4,PO-000681,CUST-02493,2026-06-30,18394.97,OPEN
ORD-000682-1,PO-000682,CUST-00566,2026-03-30,37733.83,OPEN
ORD-000682-2,PO-000682,CUST-01237,2026-03-29,37733.83,OPEN
ORD-000682-3,PO-000682,CUST-00737,2026-04-03,18866.92,OPEN
ORD-000682-4,PO-000682,CUST-01585,2026-04-02,25155.89,OPEN
ORD-000683-1,PO-000683,CUST-01419,2026-04-25,27337.93,OPEN
ORD-000684-1,PO-000684,CUST-01863,2026-07-27,30283.47,OPEN
ORD-000684-2,PO-000684,CUST-01731,2026-08-04,30283.47,OPEN
ORD-000684-3,PO-000684,CUST-00475,2026-07-31,40377.96,OPEN
ORD-000685-1,PO-000685,CUST-01737,2026-07-20,35647.66,OPEN
ORD-000685-2,PO-000685,CUST-00616,2026-07-29,71295.32,OPEN
ORD-000685-3,PO-000685,CUST-00810,2026-07-28,23765.11,OPEN
ORD-000686-1,PO-000686,CUST-01886,2026-04-23,1939.32,OPEN
ORD-000687-1,PO-000687,CUST-00733,2026-03-14,21380.84,OPEN
ORD-000688-1,PO-000688,CUST-02177,2026-04-30,49032.57,OPEN
ORD-000689-1,PO-000689,CUST-01766,2026-02-01,20120.07,OPEN
ORD-000689-2,PO-000689,CUST-02145,2026-01-29,40240.14,OPEN
ORD-000690-1,PO-000690,CUST-01384,2026-03-31,56232.9,OPEN
ORD-000691-1,PO-000691,CUST-00785,2026-01-12,27997.59,OPEN
ORD-000692-1,PO-000692,CUST-01126,2026-06-30,29985.91,OPEN
ORD-000692-2,PO-000692,CUST-02477,2026-07-01,119943.64,OPEN
ORD-000692-3,PO-000692,CUST-01117,2026-07-07,39981.21,OPEN
ORD-000692-4,PO-000692,CUST-01698,2026-06-30,119943.64,OPEN
ORD-000693-1,PO-000693,CUST-00075,2026-05-02,45031.19,OPEN
ORD-000694-1,PO-000694,CUST-02218,2026-06-16,14510.26,OPEN
ORD-000694-2,PO-000694,CUST-01405,2026-06-14,43530.78,OPEN
ORD-000694-3,PO-000694,CUST-00622,2026-06-11,10882.69,OPEN
ORD-000694-4,PO-000694,CUST-01598,2026-06-09,21765.39,OPEN
ORD-000695-1,PO-000695,CUST-01246,2026-06-14,24412.5,OPEN
ORD-000696-1,PO-000696,CUST-01702,2026-01-17,5951.78,OPEN
ORD-000696-2,PO-000696,CUST-00962,2026-01-16,5951.78,OPEN
ORD-000696-3,PO-000696,CUST-02487,2026-01-10,5951.78,OPEN
ORD-000697-1,PO-000697,CUST-02254,2026-02-26,37205.89,OPEN
ORD-000697-2,PO-000697,CUST-02455,2026-02-27,37205.89,OPEN
ORD-000698-1,PO-000698,CUST-02027,2026-06-14,4073.25,OPEN
ORD-000698-2,PO-000698,CUST-00728,2026-06-18,8146.5,OPEN
ORD-000698-3,PO-000698,CUST-01901,2026-06-11,5431.0,OPEN
ORD-000698-4,PO-000698,CUST-01571,2026-06-21,16293.0,OPEN
ORD-000699-1,PO-000699,CUST-02456,2026-02-27,95644.32,OPEN
ORD-000699-2,PO-000699,CUST-02498,2026-02-18,31881.44,OPEN
ORD-000700-1,PO-000700,CUST-02262,2026-07-04,3524.87,OPEN
ORD-000701-1,PO-000701,CUST-01322,2026-05-05,27837.56,OPEN
ORD-000701-2,PO-000701,CUST-00848,2026-04-29,55675.12,OPEN
ORD-000702-1,PO-000702,CUST-02475,2026-07-02,90685.72,OPEN
ORD-000702-2,PO-000702,CUST-00287,2026-06-28,22671.43,OPEN
ORD-000703-1,PO-000703,CUST-01066,2026-08-11,19551.31,OPEN
ORD-000703-2,PO-000703,CUST-01797,2026-08-11,78205.24,OPEN
ORD-000703-3,PO-000703,CUST-00164,2026-08-14,19551.31,OPEN
ORD-000703-4,PO-000703,CUST-01756,2026-08-18,19551.31,OPEN
ORD-000704-1,PO-000704,CUST-01392,2026-07-19,30967.92,OPEN
ORD-000704-2,PO-000704,CUST-01084,2026-07-21,61935.83,OPEN
ORD-000705-1,PO-000705,CUST-01210,2026-05-02,44976.57,OPEN
ORD-000705-2,PO-000705,CUST-01057,2026-05-03,33732.43,OPEN
ORD-000706-1,PO-000706,CUST-02309,2026-07-17,7144.38,OPEN
ORD-000707-1,PO-000707,CUST-00633,2026-06-05,31755.75,OPEN
ORD-000707-2,PO-000707,CUST-01574,2026-05-28,31755.75,OPEN
ORD-000707-3,PO-000707,CUST-02389,2026-05-26,47633.62,OPEN
ORD-000707-4,PO-000707,CUST-01063,2026-06-04,95267.24,OPEN
ORD-000708-1,PO-000708,CUST-02405,2026-05-13,46479.89,OPEN
ORD-000708-2,PO-000708,CUST-01549,2026-05-11,30986.59,OPEN
ORD-000708-3,PO-000708,CUST-00719,2026-05-11,23239.94,OPEN
ORD-000709-1,PO-000709,CUST-02493,2026-03-31,11370.45,OPEN
ORD-000709-2,PO-000709,CUST-01461,2026-04-08,17055.68,OPEN
ORD-000710-1,PO-000710,CUST-01633,2026-08-09,112065.36,OPEN
ORD-000710-2,PO-000710,CUST-01112,2026-08-09,112065.36,OPEN
ORD-000711-1,PO-000711,CUST-01004,2026-07-28,4434.11,OPEN
ORD-000711-2,PO-000711,CUST-02496,2026-07-26,8868.23,OPEN
ORD-000712-1,PO-000712,CUST-00250,2026-07-18,9635.71,OPEN
ORD-000712-2,PO-000712,CUST-01902,2026-07-13,7226.78,OPEN
ORD-000713-1,PO-000713,CUST-01811,2026-03-30,118607.41,OPEN
ORD-000713-2,PO-000713,CUST-02222,2026-03-26,118607.41,OPEN
ORD-000714-1,PO-000714,CUST-02413,2026-03-25,42807.36,OPEN
ORD-000715-1,PO-000715,CUST-01347,2026-01-08,19068.15,OPEN
ORD-000715-2,PO-000715,CUST-01228,2026-01-09,12712.1,OPEN
ORD-000715-3,PO-000715,CUST-01128,2026-01-04,12712.1,OPEN
ORD-000716-1,PO-000716,CUST-02088,2026-06-10,22095.52,OPEN
ORD-000716-2,PO-000716,CUST-00269,2026-06-12,33143.28,OPEN
ORD-000716-3,PO-000716,CUST-01403,2026-06-11,16571.64,OPEN
ORD-000716-4,PO-000716,CUST-00446,2026-06-12,33143.28,OPEN
ORD-000717-1,PO-000717,CUST-02497,2026-04-02,38359.96,OPEN
ORD-000718-1,PO-000718,CUST-01334,2026-03-26,11939.98,OPEN
ORD-000718-2,PO-000718,CUST-01104,2026-04-03,5969.99,OPEN
ORD-000719-1,PO-000719,CUST-01262,2026-04-10,5543.87,OPEN
ORD-000719-2,PO-000719,CUST-00024,2026-04-11,5543.87,OPEN
ORD-000719-3,PO-000719,CUST-00574,2026-04-11,7391.83,OPEN
ORD-000720-1,PO-000720,CUST-01319,2026-02-28,99477.17,OPEN
ORD-000720-2,PO-000720,CUST-00881,2026-02-28,49738.58,OPEN
ORD-000720-3,PO-000720,CUST-00438,2026-03-02,33159.06,OPEN
ORD-000721-1,PO-000721,CUST-01995,2026-07-15,18053.14,OPEN
ORD-000722-1,PO-000722,CUST-01795,2026-01-24,5221.76,OPEN
ORD-000722-2,PO-000722,CUST-00304,2026-01-23,7832.64,OPEN
ORD-000722-3,PO-000722,CUST-02416,2026-01-18,7832.64,OPEN
ORD-000723-1,PO-000723,CUST-00279,2026-04-23,18580.69,OPEN
ORD-000723-2,PO-000723,CUST-00880,2026-04-28,9290.35,OPEN
ORD-000723-3,PO-000723,CUST-01888,2026-04-30,18580.69,OPEN
ORD-000724-1,PO-000724,CUST-01751,2026-03-08,22685.18,OPEN
ORD-000724-2,PO-000724,CUST-02099,2026-03-07,90740.73,OPEN
ORD-000725-1,PO-000725,CUST-00275,2026-01-13,47996.11,OPEN
ORD-000725-2,PO-000725,CUST-02287,2026-01-18,143988.34,OPEN
ORD-000725-3,PO-000725,CUST-02351,2026-01-11,143988.34,OPEN
ORD-000725-4,PO-000725,CUST-00300,2026-01-19,71994.17,OPEN
ORD-000726-1,PO-000726,CUST-02357,2026-05-01,33983.82,OPEN
ORD-000726-2,PO-000726,CUST-00088,2026-05-08,16991.91,OPEN
ORD-000726-3,PO-000726,CUST-01598,2026-05-04,67967.64,OPEN
ORD-000727-1,PO-000727,CUST-00821,2026-04-28,5749.75,OPEN
ORD-000727-2,PO-000727,CUST-00774,2026-04-29,11499.5,OPEN
ORD-000727-3,PO-000727,CUST-00414,2026-04-24,11499.5,OPEN
ORD-000728-1,PO-000728,CUST-00943,2026-07-24,6511.62,OPEN
ORD-000729-1,PO-000729,CUST-00112,2026-02-14,21310.13,OPEN
ORD-000729-2,PO-000729,CUST-00105,2026-02-12,15982.6,OPEN
ORD-000730-1,PO-000730,CUST-00381,2026-05-01,66062.75,OPEN
ORD-000730-2,PO-000730,CUST-00668,2026-05-04,66062.75,OPEN
ORD-000731-1,PO-000731,CUST-02077,2026-07-14,149305.96,OPEN
ORD-000731-2,PO-000731,CUST-01872,2026-07-15,149305.96,OPEN
ORD-000732-1,PO-000732,CUST-00268,2026-04-18,48084.84,OPEN
ORD-000732-2,PO-000732,CUST-01597,2026-04-16,144254.53,OPEN
ORD-000732-3,PO-000732,CUST-00186,2026-04-17,48084.84,OPEN
ORD-000733-1,PO-000733,CUST-02443,2026-02-02,78033.99,OPEN
ORD-000733-2,PO-000733,CUST-00646,2026-02-07,19508.5,OPEN
ORD-000733-3,PO-000733,CUST-00744,2026-02-04,39017.0,OPEN
ORD-000733-4,PO-000733,CUST-02038,2026-02-04,78033.99,OPEN
ORD-000734-1,PO-000734,CUST-00117,2026-08-21,42097.68,OPEN
ORD-000735-1,PO-000735,CUST-00062,2026-08-24,61444.32,OPEN
ORD-000735-2,PO-000735,CUST-00272,2026-08-23,15361.08,OPEN
ORD-000736-1,PO-000736,CUST-01276,2026-08-17,134772.44,OPEN
ORD-000736-2,PO-000736,CUST-01323,2026-08-12,67386.22,OPEN
ORD-000737-1,PO-000737,CUST-00585,2026-05-06,37086.93,OPEN
ORD-000737-2,PO-000737,CUST-01157,2026-05-04,18543.47,OPEN
ORD-000738-1,PO-000738,CUST-00540,2026-03-13,9367.23,OPEN
ORD-000738-2,PO-000738,CUST-02374,2026-03-11,14050.85,OPEN
ORD-000738-3,PO-000738,CUST-00811,2026-03-12,28101.7,OPEN
ORD-000739-1,PO-000739,CUST-02344,2026-08-07,119318.45,OPEN
ORD-000739-2,PO-000739,CUST-02365,2026-08-07,59659.22,OPEN
ORD-000739-3,PO-000739,CUST-01077,2026-08-05,29829.61,OPEN
ORD-000739-4,PO-000739,CUST-02108,2026-08-03,39772.82,OPEN
ORD-000740-1,PO-000740,CUST-01403,2026-03-17,51476.96,OPEN
ORD-000740-2,PO-000740,CUST-01748,2026-03-08,17158.99,OPEN
ORD-000740-3,PO-000740,CUST-00388,2026-03-15,25738.48,OPEN
ORD-000740-4,PO-000740,CUST-02255,2026-03-08,51476.96,OPEN
ORD-000741-1,PO-000741,CUST-00581,2026-03-26,34079.22,OPEN
ORD-000741-2,PO-000741,CUST-01450,2026-03-20,34079.22,OPEN
ORD-000742-1,PO-000742,CUST-02175,2026-06-02,64529.49,OPEN
ORD-000742-2,PO-000742,CUST-00679,2026-05-27,129058.97,OPEN
ORD-000742-3,PO-000742,CUST-02216,2026-05-28,64529.49,OPEN
ORD-000743-1,PO-000743,CUST-01952,2026-03-19,1953.09,OPEN
ORD-000743-2,PO-000743,CUST-00002,2026-03-15,2604.12,OPEN
ORD-000743-3,PO-000743,CUST-00856,2026-03-21,2604.12,OPEN
ORD-000744-1,PO-000744,CUST-00994,2026-01-23,56698.93,OPEN
ORD-000744-2,PO-000744,CUST-01602,2026-01-26,28349.46,OPEN
ORD-000745-1,PO-000745,CUST-02400,2026-01-25,34332.61,OPEN
ORD-000745-2,PO-000745,CUST-00584,2026-01-22,8583.15,OPEN
ORD-000746-1,PO-000746,CUST-00952,2026-01-13,23923.78,OPEN
ORD-000747-1,PO-000747,CUST-01115,2026-05-20,37188.43,OPEN
ORD-000747-2,PO-000747,CUST-01911,2026-05-23,111565.3,OPEN
ORD-000748-1,PO-000748,CUST-00989,2026-07-23,14673.5,OPEN
ORD-000749-1,PO-000749,CUST-02081,2026-04-22,2989.85,OPEN
ORD-000749-2,PO-000749,CUST-01461,2026-04-28,2989.85,OPEN
ORD-000749-3,PO-000749,CUST-00995,2026-04-19,2242.39,OPEN
ORD-000750-1,PO-000750,CUST-00173,2026-06-29,10057.56,OPEN
ORD-000750-2,PO-000750,CUST-02358,2026-06-29,40230.25,OPEN
ORD-000750-3,PO-000750,CUST-02377,2026-06-23,13410.08,OPEN
ORD-000750-4,PO-000750,CUST-00164,2026-06-26,10057.56,OPEN
ORD-000751-1,PO-000751,CUST-00106,2026-06-06,32394.99,OPEN
ORD-000751-2,PO-000751,CUST-01348,2026-05-29,129579.98,OPEN
ORD-000751-3,PO-000751,CUST-01871,2026-06-02,129579.98,OPEN
ORD-000751-4,PO-000751,CUST-01444,2026-06-06,43193.33,OPEN
ORD-000752-1,PO-000752,CUST-01644,2026-03-28,23000.53,OPEN
ORD-000752-2,PO-000752,CUST-01368,2026-04-01,69001.58,OPEN
ORD-000753-1,PO-000753,CUST-01282,2026-04-02,31097.03,OPEN
ORD-000754-1,PO-000754,CUST-01794,2026-07-18,19237.7,OPEN
ORD-000754-2,PO-000754,CUST-00066,2026-07-15,19237.7,OPEN
ORD-000754-3,PO-000754,CUST-02074,2026-07-22,19237.7,OPEN
ORD-000754-4,PO-000754,CUST-01631,2026-07-17,28856.56,OPEN
ORD-000755-1,PO-000755,CUST-02183,2026-01-26,35631.33,OPEN
ORD-000755-2,PO-000755,CUST-00425,2026-01-26,26723.5,OPEN
ORD-000755-3,PO-000755,CUST-01327,2026-02-02,106894.0,OPEN
ORD-000756-1,PO-000756,CUST-00897,2026-03-11,41212.04,OPEN
ORD-000757-1,PO-000757,CUST-01798,2026-02-16,589.13,OPEN
ORD-000758-1,PO-000758,CUST-01080,2026-04-20,9438.56,OPEN
ORD-000758-2,PO-000758,CUST-01312,2026-04-21,14157.84,OPEN
ORD-000758-3,PO-000758,CUST-01318,2026-04-17,14157.84,OPEN
ORD-000758-4,PO-000758,CUST-00396,2026-04-24,14157.84,OPEN
ORD-000759-1,PO-000759,CUST-01906,2026-02-06,60592.21,OPEN
ORD-000759-2,PO-000759,CUST-01794,2026-01-27,30296.1,OPEN
ORD-000759-3,PO-000759,CUST-00702,2026-02-02,121184.41,OPEN
ORD-000760-1,PO-000760,CUST-00268,2026-08-28,17488.89,OPEN
ORD-000761-1,PO-000761,CUST-00882,2026-08-20,27325.05,OPEN
ORD-000761-2,PO-000761,CUST-01354,2026-08-22,36433.4,OPEN
ORD-000761-3,PO-000761,CUST-00591,2026-08-26,27325.05,OPEN
ORD-000761-4,PO-000761,CUST-02497,2026-08-23,109300.19,OPEN
ORD-000762-1,PO-000762,CUST-01020,2026-07-20,73307.2,OPEN
ORD-000762-2,PO-000762,CUST-02028,2026-07-20,146614.4,OPEN
ORD-000762-3,PO-000762,CUST-00386,2026-07-23,146614.4,OPEN
ORD-000762-4,PO-000762,CUST-01670,2026-07-28,36653.6,OPEN
ORD-000763-1,PO-000763,CUST-02047,2026-02-22,4943.85,OPEN
ORD-000763-2,PO-000763,CUST-00822,2026-02-20,3707.89,OPEN
ORD-000764-1,PO-000764,CUST-02282,2026-03-28,68033.26,OPEN
ORD-000764-2,PO-000764,CUST-00008,2026-03-29,34016.63,OPEN
ORD-000764-3,PO-000764,CUST-01576,2026-03-28,22677.75,OPEN
ORD-000765-1,PO-000765,CUST-00745,2026-08-18,2718.42,OPEN
ORD-000765-2,PO-000765,CUST-00634,2026-08-13,10873.69,OPEN
ORD-000766-1,PO-000766,CUST-00159,2026-08-24,66384.29,OPEN
ORD-000766-2,PO-000766,CUST-00442,2026-08-21,22128.1,OPEN
ORD-000767-1,PO-000767,CUST-01863,2026-08-28,5136.12,OPEN
ORD-000767-2,PO-000767,CUST-00477,2026-08-25,3852.09,OPEN
ORD-000768-1,PO-000768,CUST-00171,2026-03-08,13792.8,OPEN
ORD-000768-2,PO-000768,CUST-02130,2026-03-12,55171.18,OPEN
ORD-000768-3,PO-000768,CUST-02238,2026-03-13,13792.8,OPEN
ORD-000768-4,PO-000768,CUST-00555,2026-03-09,18390.39,OPEN
ORD-000769-1,PO-000769,CUST-00428,2026-04-14,16388.31,OPEN
ORD-000769-2,PO-000769,CUST-01253,2026-04-21,16388.31,OPEN
ORD-000769-3,PO-000769,CUST-02161,2026-04-24,65553.25,OPEN
ORD-000769-4,PO-000769,CUST-02407,2026-04-15,21851.08,OPEN
ORD-000770-1,PO-000770,CUST-01577,2026-06-14,15797.07,OPEN
ORD-000771-1,PO-000771,CUST-00184,2026-08-07,41298.81,OPEN
ORD-000771-2,PO-000771,CUST-00908,2026-08-06,61948.22,OPEN
ORD-000772-1,PO-000772,CUST-00477,2026-05-13,15703.58,OPEN
ORD-000773-1,PO-000773,CUST-01523,2026-06-24,61069.42,OPEN
ORD-000773-2,PO-000773,CUST-02453,2026-06-20,61069.42,OPEN
ORD-000774-1,PO-000774,CUST-01677,2026-08-24,46121.86,OPEN
ORD-000774-2,PO-000774,CUST-01545,2026-08-20,34591.39,OPEN
ORD-000775-1,PO-000775,CUST-00914,2026-03-13,45109.69,OPEN
ORD-000776-1,PO-000776,CUST-00686,2026-08-27,39594.3,OPEN
ORD-000776-2,PO-000776,CUST-01167,2026-08-29,29695.73,OPEN
ORD-000777-1,PO-000777,CUST-00823,2026-01-29,28566.97,OPEN
ORD-000777-2,PO-000777,CUST-01962,2026-01-28,28566.97,OPEN
ORD-000778-1,PO-000778,CUST-01520,2026-08-05,14628.89,OPEN
ORD-000779-1,PO-000779,CUST-02330,2026-06-24,140075.53,OPEN
ORD-000779-2,PO-000779,CUST-00719,2026-06-24,46691.84,OPEN
ORD-000780-1,PO-000780,CUST-00797,2026-04-14,28657.56,OPEN
ORD-000781-1,PO-000781,CUST-00233,2026-01-20,42197.21,OPEN
ORD-000781-2,PO-000781,CUST-00696,2026-01-24,126591.63,OPEN
ORD-000782-1,PO-000782,CUST-02305,2026-02-12,135277.18,OPEN
ORD-000783-1,PO-000783,CUST-02341,2026-08-08,8516.36,OPEN
ORD-000784-1,PO-000784,CUST-01414,2026-05-05,45527.01,OPEN
ORD-000784-2,PO-000784,CUST-01861,2026-05-03,68290.52,OPEN
ORD-000784-3,PO-000784,CUST-01175,2026-04-29,68290.52,OPEN
ORD-000784-4,PO-000784,CUST-00657,2026-05-02,45527.01,OPEN
ORD-000785-1,PO-000785,CUST-01446,2026-02-12,3430.98,OPEN
ORD-000785-2,PO-000785,CUST-01887,2026-02-12,1715.49,OPEN
ORD-000786-1,PO-000786,CUST-01008,2026-05-01,27426.13,OPEN
ORD-000786-2,PO-000786,CUST-01489,2026-05-08,27426.13,OPEN
ORD-000786-3,PO-000786,CUST-01258,2026-05-05,18284.09,OPEN
ORD-000786-4,PO-000786,CUST-00446,2026-05-01,13713.07,OPEN
ORD-000787-1,PO-000787,CUST-02120,2026-01-24,7577.94,OPEN
ORD-000787-2,PO-000787,CUST-00846,2026-01-21,30311.76,OPEN
ORD-000788-1,PO-000788,CUST-00618,2026-03-20,73776.54,OPEN
ORD-000788-2,PO-000788,CUST-00535,2026-03-18,73776.54,OPEN
ORD-000788-3,PO-000788,CUST-00398,2026-03-20,147553.07,OPEN
ORD-000788-4,PO-000788,CUST-00217,2026-03-11,147553.07,OPEN
ORD-000789-1,PO-000789,CUST-01293,2026-02-22,37221.95,OPEN
ORD-000789-2,PO-000789,CUST-00718,2026-02-28,37221.95,OPEN
ORD-000789-3,PO-000789,CUST-00623,2026-02-22,55832.93,OPEN
ORD-000790-1,PO-000790,CUST-00601,2026-02-13,84468.78,OPEN
ORD-000790-2,PO-000790,CUST-01561,2026-02-10,42234.39,OPEN
ORD-000790-3,PO-000790,CUST-00082,2026-02-17,42234.39,OPEN
ORD-000791-1,PO-000791,CUST-01392,2026-06-06,28666.86,OPEN
ORD-000792-1,PO-000792,CUST-01314,2026-02-05,46896.32,OPEN
ORD-000792-2,PO-000792,CUST-00066,2026-02-09,23448.16,OPEN
ORD-000793-1,PO-000793,CUST-02006,2026-04-12,127762.3,OPEN
ORD-000793-2,PO-000793,CUST-01256,2026-04-04,63881.15,OPEN
ORD-000793-3,PO-000793,CUST-00166,2026-04-10,42587.43,OPEN
ORD-000794-1,PO-000794,CUST-01240,2026-04-05,82915.48,OPEN
ORD-000795-1,PO-000795,CUST-02100,2026-04-13,19521.79,OPEN
ORD-000795-2,PO-000795,CUST-01419,2026-04-13,29282.69,OPEN
ORD-000795-3,PO-000795,CUST-02003,2026-04-16,29282.69,OPEN
ORD-000795-4,PO-000795,CUST-00348,2026-04-09,14641.34,OPEN
ORD-000796-1,PO-000796,CUST-01530,2026-01-07,60853.94,OPEN
ORD-000796-2,PO-000796,CUST-00358,2026-01-15,60853.94,OPEN
ORD-000797-1,PO-000797,CUST-01356,2026-07-17,30286.11,OPEN
ORD-000797-2,PO-000797,CUST-00231,2026-07-17,121144.44,OPEN
ORD-000798-1,PO-000798,CUST-00862,2026-02-23,7104.86,OPEN
ORD-000799-1,PO-000799,CUST-01922,2026-06-17,39817.68,OPEN
ORD-000799-2,PO-000799,CUST-00758,2026-06-10,19908.84,OPEN
ORD-000800-1,PO-000800,CUST-00767,2026-02-21,19928.81,OPEN
ORD-000801-1,PO-000801,CUST-00894,2026-06-20,41829.35,OPEN
ORD-000801-2,PO-000801,CUST-02174,2026-06-17,62744.02,OPEN
ORD-000801-3,PO-000801,CUST-00265,2026-06-16,62744.02,OPEN
ORD-000801-4,PO-000801,CUST-00248,2026-06-19,41829.35,OPEN
ORD-000802-1,PO-000802,CUST-02481,2026-01-13,48862.19,OPEN
ORD-000802-2,PO-000802,CUST-01307,2026-01-13,48862.19,OPEN
ORD-000802-3,PO-000802,CUST-02047,2026-01-11,48862.19,OPEN
ORD-000803-1,PO-000803,CUST-01891,2026-03-06,22072.69,OPEN
ORD-000803-2,PO-000803,CUST-01853,2026-03-07,22072.69,OPEN
ORD-000803-3,PO-000803,CUST-00101,2026-03-06,22072.69,OPEN
ORD-000804-1,PO-000804,CUST-00889,2026-04-15,27586.83,OPEN
ORD-000804-2,PO-000804,CUST-00614,2026-04-19,13793.41,OPEN
ORD-000805-1,PO-000805,CUST-01993,2026-05-11,29569.33,OPEN
ORD-000805-2,PO-000805,CUST-00655,2026-05-14,14784.67,OPEN
ORD-000805-3,PO-000805,CUST-00275,2026-05-13,59138.67,OPEN
ORD-000806-1,PO-000806,CUST-00054,2026-02-12,8913.82,OPEN
ORD-000806-2,PO-000806,CUST-01758,2026-02-11,11885.1,OPEN
ORD-000807-1,PO-000807,CUST-00259,2026-05-21,10660.91,OPEN
ORD-000807-2,PO-000807,CUST-01009,2026-05-21,10660.91,OPEN
ORD-000808-1,PO-000808,CUST-02365,2026-08-25,43615.04,OPEN
ORD-000808-2,PO-000808,CUST-02345,2026-08-23,43615.04,OPEN
ORD-000808-3,PO-000808,CUST-01021,2026-08-30,65422.57,OPEN
ORD-000808-4,PO-000808,CUST-01284,2026-08-28,130845.13,OPEN
ORD-000809-1,PO-000809,CUST-00275,2026-06-18,16195.8,OPEN
ORD-000809-2,PO-000809,CUST-00587,2026-06-12,16195.8,OPEN
ORD-000809-3,PO-000809,CUST-00915,2026-06-16,24293.71,OPEN
ORD-000809-4,PO-000809,CUST-01977,2026-06-14,16195.8,OPEN
ORD-000810-1,PO-000810,CUST-02448,2026-04-02,36481.15,OPEN
ORD-000810-2,PO-000810,CUST-00799,2026-03-27,72962.31,OPEN
ORD-000811-1,PO-000811,CUST-00591,2026-07-26,28356.67,OPEN
ORD-000811-2,PO-000811,CUST-00323,2026-07-22,14178.33,OPEN
ORD-000811-3,PO-000811,CUST-01565,2026-07-24,14178.33,OPEN
ORD-000812-1,PO-000812,CUST-02485,2026-07-18,23728.01,OPEN
ORD-000812-2,PO-000812,CUST-01323,2026-07-16,23728.01,OPEN
ORD-000812-3,PO-000812,CUST-02264,2026-07-14,15818.67,OPEN
ORD-000812-4,PO-000812,CUST-01537,2026-07-16,15818.67,OPEN
ORD-000813-1,PO-000813,CUST-01159,2026-06-24,48920.69,OPEN
ORD-000813-2,PO-000813,CUST-02096,2026-06-24,48920.69,OPEN
ORD-000813-3,PO-000813,CUST-00279,2026-06-22,48920.69,OPEN
ORD-000814-1,PO-000814,CUST-00333,2026-09-03,35740.38,OPEN
ORD-000814-2,PO-000814,CUST-01641,2026-08-30,26805.28,OPEN
ORD-000814-3,PO-000814,CUST-01622,2026-09-06,26805.28,OPEN
ORD-000815-1,PO-000815,CUST-00981,2026-08-01,15742.28,OPEN
ORD-000816-1,PO-000816,CUST-00898,2026-06-14,126512.53,OPEN
ORD-000816-2,PO-000816,CUST-01323,2026-06-16,42170.84,OPEN
ORD-000816-3,PO-000816,CUST-02017,2026-06-14,42170.84,OPEN
ORD-000816-4,PO-000816,CUST-00165,2026-06-22,126512.53,OPEN
ORD-000817-1,PO-000817,CUST-02086,2026-03-01,29206.5,OPEN
ORD-000817-2,PO-000817,CUST-02197,2026-03-03,43809.75,OPEN
ORD-000817-3,PO-000817,CUST-02279,2026-03-04,29206.5,OPEN
ORD-000818-1,PO-000818,CUST-01067,2026-08-05,10212.36,OPEN
ORD-000818-2,PO-000818,CUST-01850,2026-08-12,10212.36,OPEN
ORD-000818-3,PO-000818,CUST-00839,2026-08-11,7659.27,OPEN
ORD-000819-1,PO-000819,CUST-00878,2026-08-03,5485.36,OPEN
ORD-000819-2,PO-000819,CUST-00223,2026-07-30,4114.02,OPEN
ORD-000820-1,PO-000820,CUST-01368,2026-02-28,38454.68,OPEN
ORD-000821-1,PO-000821,CUST-02298,2026-07-11,12360.03,OPEN
ORD-000821-2,PO-000821,CUST-00319,2026-07-14,24720.07,OPEN
ORD-000822-1,PO-000822,CUST-01243,2026-08-11,5164.39,OPEN
ORD-000823-1,PO-000823,CUST-00312,2026-01-31,2834.64,OPEN
ORD-000823-2,PO-000823,CUST-01219,2026-02-04,8503.91,OPEN
ORD-000824-1,PO-000824,CUST-01952,2026-03-19,68810.68,OPEN
ORD-000825-1,PO-000825,CUST-00260,2026-07-05,8900.75,OPEN
ORD-000825-2,PO-000825,CUST-01629,2026-07-08,35603.02,OPEN
ORD-000825-3,PO-000825,CUST-02038,2026-07-05,35603.02,OPEN
ORD-000826-1,PO-000826,CUST-01963,2026-01-08,28908.57,OPEN
ORD-000827-1,PO-000827,CUST-02307,2026-08-22,28616.44,OPEN
ORD-000828-1,PO-000828,CUST-02450,2026-07-27,35112.37,OPEN
ORD-000828-2,PO-000828,CUST-01529,2026-07-29,17556.19,OPEN
ORD-000828-3,PO-000828,CUST-01314,2026-07-30,17556.19,OPEN
ORD-000829-1,PO-000829,CUST-02026,2026-06-02,30282.99,OPEN
ORD-000829-2,PO-000829,CUST-01769,2026-06-04,20188.66,OPEN
ORD-000829-3,PO-000829,CUST-01364,2026-06-02,30282.99,OPEN
ORD-000830-1,PO-000830,CUST-02213,2026-08-25,2297.33,OPEN
ORD-000830-2,PO-000830,CUST-00844,2026-08-25,3445.99,OPEN
ORD-000831-1,PO-000831,CUST-02358,2026-08-22,17226.05,OPEN
ORD-000832-1,PO-000832,CUST-01334,2026-06-27,141372.33,OPEN
ORD-000832-2,PO-000832,CUST-02143,2026-06-28,35343.08,OPEN
ORD-000832-3,PO-000832,CUST-01672,2026-06-23,47124.11,OPEN
ORD-000833-1,PO-000833,CUST-02029,2026-02-17,125235.22,OPEN
ORD-000834-1,PO-000834,CUST-00783,2026-03-11,113492.19,OPEN
ORD-000834-2,PO-000834,CUST-00496,2026-03-03,37830.73,OPEN
ORD-000835-1,PO-000835,CUST-00044,2026-01-23,9597.09,OPEN
ORD-000835-2,PO-000835,CUST-01589,2026-01-22,12796.12,OPEN
ORD-000835-3,PO-000835,CUST-02416,2026-01-22,9597.09,OPEN
ORD-000835-4,PO-000835,CUST-02013,2026-01-27,38388.37,OPEN
ORD-000836-1,PO-000836,CUST-01732,2026-01-16,38739.44,OPEN
ORD-000836-2,PO-000836,CUST-02009,2026-01-17,12913.15,OPEN
ORD-000836-3,PO-000836,CUST-00356,2026-01-08,9684.86,OPEN
ORD-000836-4,PO-000836,CUST-00340,2026-01-16,38739.44,OPEN
ORD-000837-1,PO-000837,CUST-02264,2026-07-16,16979.57,OPEN
ORD-000838-1,PO-000838,CUST-00284,2026-02-02,509.74,OPEN
ORD-000839-1,PO-000839,CUST-02117,2026-07-07,84974.97,OPEN
ORD-000839-2,PO-000839,CUST-00667,2026-07-05,28324.99,OPEN
ORD-000839-3,PO-000839,CUST-01748,2026-07-07,28324.99,OPEN
ORD-000840-1,PO-000840,CUST-01544,2026-02-26,36290.43,OPEN
ORD-000841-1,PO-000841,CUST-00416,2026-04-05,129902.06,OPEN
ORD-000841-2,PO-000841,CUST-01795,2026-03-31,129902.06,OPEN
ORD-000842-1,PO-000842,CUST-00138,2026-01-12,26601.78,OPEN
ORD-000843-1,PO-000843,CUST-02078,2026-01-25,2560.93,OPEN
ORD-000843-2,PO-000843,CUST-00664,2026-01-19,10243.71,OPEN
ORD-000843-3,PO-000843,CUST-01828,2026-01-20,5121.85,OPEN
ORD-000844-1,PO-000844,CUST-00952,2026-05-04,10489.42,OPEN
ORD-000844-2,PO-000844,CUST-01601,2026-05-07,5244.71,OPEN
ORD-000844-3,PO-000844,CUST-00462,2026-05-03,10489.42,OPEN
ORD-000844-4,PO-000844,CUST-01243,2026-05-12,10489.42,OPEN
ORD-000845-1,PO-000845,CUST-01960,2026-08-19,18079.54,OPEN
ORD-000845-2,PO-000845,CUST-01589,2026-08-10,36159.09,OPEN
ORD-000846-1,PO-000846,CUST-02103,2026-02-08,25057.2,OPEN
ORD-000846-2,PO-000846,CUST-01694,2026-02-09,50114.4,OPEN
ORD-000847-1,PO-000847,CUST-00114,2026-04-20,2355.28,OPEN
ORD-000848-1,PO-000848,CUST-00645,2026-06-12,31384.42,OPEN
ORD-000848-2,PO-000848,CUST-02037,2026-06-13,41845.89,OPEN
ORD-000849-1,PO-000849,CUST-01514,2026-04-27,10416.93,OPEN
ORD-000849-2,PO-000849,CUST-01399,2026-04-21,2604.23,OPEN
ORD-000850-1,PO-000850,CUST-01923,2026-08-30,23283.6,OPEN
ORD-000850-2,PO-000850,CUST-02183,2026-08-31,15522.4,OPEN
ORD-000850-3,PO-000850,CUST-01031,2026-09-03,46567.21,OPEN
ORD-000850-4,PO-000850,CUST-02435,2026-08-28,15522.4,OPEN
ORD-000851-1,PO-000851,CUST-01373,2026-08-25,18146.26,OPEN
ORD-000851-2,PO-000851,CUST-02449,2026-08-25,12097.5,OPEN
ORD-000851-3,PO-000851,CUST-01209,2026-08-30,18146.26,OPEN
ORD-000852-1,PO-000852,CUST-00843,2026-02-26,59902.79,OPEN
ORD-000853-1,PO-000853,CUST-02202,2026-04-15,9305.57,OPEN
ORD-000853-2,PO-000853,CUST-01035,2026-04-10,37222.26,OPEN
ORD-000853-3,PO-000853,CUST-00014,2026-04-14,9305.57,OPEN
ORD-000854-1,PO-000854,CUST-00209,2026-08-29,24836.94,OPEN
ORD-000854-2,PO-000854,CUST-01952,2026-09-04,74510.81,OPEN
ORD-000854-3,PO-000854,CUST-00573,2026-08-31,74510.81,OPEN
ORD-000854-4,PO-000854,CUST-00169,2026-08-31,74510.81,OPEN
ORD-000855-1,PO-000855,CUST-00041,2026-02-02,117688.66,OPEN
ORD-000855-2,PO-000855,CUST-01165,2026-02-11,39229.55,OPEN
ORD-000856-1,PO-000856,CUST-00095,2026-06-11,45373.68,OPEN
ORD-000856-2,PO-000856,CUST-00704,2026-06-13,45373.68,OPEN
ORD-000856-3,PO-000856,CUST-00657,2026-06-16,90747.36,OPEN
ORD-000857-1,PO-000857,CUST-00992,2026-08-02,36597.71,OPEN
ORD-000857-2,PO-000857,CUST-00903,2026-07-29,36597.71,OPEN
ORD-000858-1,PO-000858,CUST-00412,2026-06-24,23309.94,OPEN
ORD-000858-2,PO-000858,CUST-00616,2026-06-28,11654.97,OPEN
ORD-000858-3,PO-000858,CUST-00095,2026-06-30,11654.97,OPEN
ORD-000858-4,PO-000858,CUST-01789,2026-06-24,11654.97,OPEN
ORD-000859-1,PO-000859,CUST-01528,2026-05-17,38190.06,OPEN
ORD-000859-2,PO-000859,CUST-00690,2026-05-17,19095.03,OPEN
ORD-000859-3,PO-000859,CUST-01447,2026-05-11,25460.04,OPEN
ORD-000859-4,PO-000859,CUST-00946,2026-05-11,25460.04,OPEN
ORD-000860-1,PO-000860,CUST-01593,2026-01-14,103130.58,OPEN
ORD-000861-1,PO-000861,CUST-01045,2026-01-07,18474.53,OPEN
ORD-000861-2,PO-000861,CUST-01065,2026-01-10,24632.71,OPEN
ORD-000861-3,PO-000861,CUST-02399,2026-01-08,36949.07,OPEN
ORD-000861-4,PO-000861,CUST-00149,2026-01-15,36949.07,OPEN
ORD-000862-1,PO-000862,CUST-01026,2026-02-02,106212.13,OPEN
ORD-000863-1,PO-000863,CUST-00939,2026-04-30,11389.94,OPEN
ORD-000863-2,PO-000863,CUST-00950,2026-04-28,22779.89,OPEN
ORD-000863-3,PO-000863,CUST-01181,2026-04-26,11389.94,OPEN
ORD-000863-4,PO-000863,CUST-00968,2026-05-02,11389.94,OPEN
ORD-000864-1,PO-000864,CUST-01895,2026-01-26,116039.03,OPEN
ORD-000864-2,PO-000864,CUST-02186,2026-01-20,58019.51,OPEN
ORD-000865-1,PO-000865,CUST-01614,2026-04-02,128383.4,OPEN
ORD-000866-1,PO-000866,CUST-01895,2026-02-18,42352.43,OPEN
ORD-000866-2,PO-000866,CUST-01017,2026-02-11,127057.3,OPEN
ORD-000866-3,PO-000866,CUST-01546,2026-02-09,127057.3,OPEN
ORD-000867-1,PO-000867,CUST-02129,2026-05-24,29981.57,OPEN
ORD-000867-2,PO-000867,CUST-01030,2026-05-25,29981.57,OPEN
ORD-000867-3,PO-000867,CUST-00518,2026-05-18,29981.57,OPEN
ORD-000867-4,PO-000867,CUST-01223,2026-05-17,39975.43,OPEN
ORD-000868-1,PO-000868,CUST-00814,2026-04-13,14175.92,OPEN
ORD-000869-1,PO-000869,CUST-00583,2026-05-02,64923.49,OPEN
ORD-000869-2,PO-000869,CUST-01994,2026-05-03,43282.33,OPEN
ORD-000869-3,PO-000869,CUST-00839,2026-05-03,43282.33,OPEN
ORD-000870-1,PO-000870,CUST-01436,2026-03-09,142184.95,OPEN
ORD-000870-2,PO-000870,CUST-00320,2026-03-14,35546.24,OPEN
ORD-000870-3,PO-000870,CUST-00166,2026-03-09,35546.24,OPEN
ORD-000871-1,PO-000871,CUST-00598,2026-02-19,46896.1,OPEN
ORD-000871-2,PO-000871,CUST-00102,2026-02-23,46896.1,OPEN
ORD-000872-1,PO-000872,CUST-01168,2026-01-12,22509.87,OPEN
ORD-000872-2,PO-000872,CUST-01796,2026-01-15,67529.62,OPEN
ORD-000872-3,PO-000872,CUST-02245,2026-01-15,67529.62,OPEN
ORD-000872-4,PO-000872,CUST-00629,2026-01-15,67529.62,OPEN
ORD-000873-1,PO-000873,CUST-00382,2026-04-25,54925.88,OPEN
ORD-000873-2,PO-000873,CUST-00903,2026-04-27,27462.94,OPEN
ORD-000874-1,PO-000874,CUST-02241,2026-02-06,7394.19,OPEN
ORD-000874-2,PO-000874,CUST-00272,2026-02-07,29576.77,OPEN
ORD-000874-3,PO-000874,CUST-00271,2026-02-08,7394.19,OPEN
ORD-000874-4,PO-000874,CUST-00468,2026-02-06,7394.19,OPEN
ORD-000875-1,PO-000875,CUST-01338,2026-06-11,36441.44,OPEN
ORD-000875-2,PO-000875,CUST-02433,2026-06-17,36441.44,OPEN
ORD-000875-3,PO-000875,CUST-01980,2026-06-07,27331.08,OPEN
ORD-000875-4,PO-000875,CUST-02044,2026-06-15,36441.44,OPEN
ORD-000876-1,PO-000876,CUST-00897,2026-08-02,64768.66,OPEN
ORD-000876-2,PO-000876,CUST-02221,2026-07-27,129537.32,OPEN
ORD-000877-1,PO-000877,CUST-01971,2026-04-21,42601.32,OPEN
ORD-000878-1,PO-000878,CUST-01697,2026-09-01,66725.66,OPEN
ORD-000878-2,PO-000878,CUST-00485,2026-08-31,44483.77,OPEN
ORD-000878-3,PO-000878,CUST-01624,2026-09-02,33362.83,OPEN
ORD-000878-4,PO-000878,CUST-00964,2026-09-01,33362.83,OPEN
ORD-000879-1,PO-000879,CUST-00337,2026-03-29,24299.2,OPEN
ORD-000879-2,PO-000879,CUST-02018,2026-03-30,6074.8,OPEN
ORD-000879-3,PO-000879,CUST-01931,2026-03-28,24299.2,OPEN
ORD-000879-4,PO-000879,CUST-01503,2026-03-30,8099.73,OPEN
ORD-000880-1,PO-000880,CUST-02388,2026-01-12,25200.62,OPEN
ORD-000880-2,PO-000880,CUST-00788,2026-01-20,25200.62,OPEN
ORD-000880-3,PO-000880,CUST-01095,2026-01-18,25200.62,OPEN
ORD-000881-1,PO-000881,CUST-00645,2026-08-08,30701.39,OPEN
ORD-000882-1,PO-000882,CUST-00667,2026-06-11,11318.96,OPEN
ORD-000883-1,PO-000883,CUST-01713,2026-04-12,35694.96,OPEN
ORD-000883-2,PO-000883,CUST-00863,2026-04-12,47593.28,OPEN
ORD-000883-3,PO-000883,CUST-00151,2026-04-04,71389.91,OPEN
ORD-000884-1,PO-000884,CUST-01158,2026-02-09,16597.34,OPEN
ORD-000884-2,PO-000884,CUST-01973,2026-02-16,8298.67,OPEN
ORD-000885-1,PO-000885,CUST-01601,2026-09-02,53256.03,OPEN
ORD-000886-1,PO-000886,CUST-01899,2026-01-11,31561.91,OPEN
ORD-000886-2,PO-000886,CUST-00545,2026-01-14,31561.91,OPEN
ORD-000886-3,PO-000886,CUST-02321,2026-01-19,42082.55,OPEN
ORD-000886-4,PO-000886,CUST-01027,2026-01-09,63123.82,OPEN
ORD-000887-1,PO-000887,CUST-01139,2026-02-15,1695.7,OPEN
ORD-000887-2,PO-000887,CUST-00038,2026-02-13,6782.81,OPEN
ORD-000888-1,PO-000888,CUST-02053,2026-07-25,23106.03,OPEN
ORD-000889-1,PO-000889,CUST-02166,2026-07-02,24742.63,OPEN
ORD-000889-2,PO-000889,CUST-01782,2026-07-03,49485.25,OPEN
ORD-000889-3,PO-000889,CUST-02207,2026-07-01,32990.17,OPEN
ORD-000890-1,PO-000890,CUST-02494,2026-01-11,15349.19,OPEN
ORD-000890-2,PO-000890,CUST-01841,2026-01-10,30698.39,OPEN
ORD-000890-3,PO-000890,CUST-00940,2026-01-15,61396.78,OPEN
ORD-000890-4,PO-000890,CUST-01087,2026-01-09,15349.19,OPEN
ORD-000891-1,PO-000891,CUST-01762,2026-03-04,142825.28,OPEN
ORD-000891-2,PO-000891,CUST-00067,2026-03-02,35706.32,OPEN
ORD-000892-1,PO-000892,CUST-01594,2026-05-09,74167.91,OPEN
ORD-000892-2,PO-000892,CUST-00059,2026-05-10,74167.91,OPEN
ORD-000892-3,PO-000892,CUST-01006,2026-05-09,49445.27,OPEN
ORD-000893-1,PO-000893,CUST-01054,2026-09-06,37512.28,OPEN
ORD-000893-2,PO-000893,CUST-00672,2026-09-02,56268.42,OPEN
ORD-000894-1,PO-000894,CUST-00014,2026-03-23,149683.82,OPEN
ORD-000895-1,PO-000895,CUST-02093,2026-02-16,4362.23,OPEN
ORD-000895-2,PO-000895,CUST-00342,2026-02-25,5816.31,OPEN
ORD-000895-3,PO-000895,CUST-01589,2026-02-20,8724.47,OPEN
ORD-000896-1,PO-000896,CUST-01402,2026-08-24,68562.52,OPEN
ORD-000897-1,PO-000897,CUST-01772,2026-05-08,37167.87,OPEN
ORD-000898-1,PO-000898,CUST-02284,2026-02-27,6386.17,OPEN
ORD-000899-1,PO-000899,CUST-02339,2026-02-23,135045.59,OPEN
ORD-000899-2,PO-000899,CUST-01388,2026-03-02,45015.2,OPEN
ORD-000899-3,PO-000899,CUST-00350,2026-02-25,33761.4,OPEN
ORD-000899-4,PO-000899,CUST-02429,2026-03-01,135045.59,OPEN
ORD-000900-1,PO-000900,CUST-02200,2026-02-03,31309.84,OPEN
ORD-000900-2,PO-000900,CUST-00225,2026-01-31,93929.51,OPEN
ORD-000900-3,PO-000900,CUST-00627,2026-02-04,23482.38,OPEN
ORD-000901-1,PO-000901,CUST-01229,2026-01-27,48760.62,OPEN
ORD-000902-1,PO-000902,CUST-01485,2026-04-02,28124.03,OPEN
ORD-000902-2,PO-000902,CUST-01304,2026-03-29,9374.68,OPEN
ORD-000903-1,PO-000903,CUST-02254,2026-06-03,40051.85,OPEN
ORD-000904-1,PO-000904,CUST-01278,2026-08-27,83078.83,OPEN
ORD-000905-1,PO-000905,CUST-00438,2026-03-11,111293.6,OPEN
ORD-000906-1,PO-000906,CUST-00336,2026-04-23,40761.84,OPEN
ORD-000906-2,PO-000906,CUST-00069,2026-04-16,81523.68,OPEN
ORD-000907-1,PO-000907,CUST-02143,2026-02-19,110810.32,OPEN
ORD-000907-2,PO-000907,CUST-02243,2026-02-16,27702.58,OPEN
ORD-000908-1,PO-000908,CUST-01657,2026-06-11,50099.45,OPEN
ORD-000908-2,PO-000908,CUST-01104,2026-06-15,33399.63,OPEN
ORD-000908-3,PO-000908,CUST-01045,2026-06-07,25049.72,OPEN
ORD-000909-1,PO-000909,CUST-02377,2026-02-01,30564.49,OPEN
ORD-000909-2,PO-000909,CUST-00946,2026-02-01,61128.97,OPEN
ORD-000909-3,PO-000909,CUST-00545,2026-01-31,15282.24,OPEN
ORD-000910-1,PO-000910,CUST-01399,2026-06-22,31925.64,OPEN
ORD-000911-1,PO-000911,CUST-01552,2026-07-10,24342.63,OPEN
ORD-000911-2,PO-000911,CUST-01817,2026-07-15,32456.84,OPEN
ORD-000911-3,PO-000911,CUST-00847,2026-07-15,48685.26,OPEN
ORD-000912-1,PO-000912,CUST-00013,2026-05-06,24530.86,OPEN
ORD-000912-2,PO-000912,CUST-00245,2026-05-08,73592.57,OPEN
ORD-000912-3,PO-000912,CUST-00835,2026-05-14,24530.86,OPEN
ORD-000912-4,PO-000912,CUST-01161,2026-05-10,36796.29,OPEN
ORD-000913-1,PO-000913,CUST-00919,2026-05-07,39320.48,OPEN
ORD-000913-2,PO-000913,CUST-01600,2026-05-06,29490.36,OPEN
ORD-000913-3,PO-000913,CUST-01795,2026-05-09,58980.72,OPEN
ORD-000913-4,PO-000913,CUST-01576,2026-05-05,29490.36,OPEN
ORD-000914-1,PO-000914,CUST-02116,2026-01-30,13505.84,OPEN
ORD-000914-2,PO-000914,CUST-02324,2026-01-29,40517.53,OPEN
ORD-000914-3,PO-000914,CUST-01001,2026-02-02,13505.84,OPEN
ORD-000915-1,PO-000915,CUST-02269,2026-06-10,24935.66,OPEN
ORD-000915-2,PO-000915,CUST-01971,2026-06-15,74806.99,OPEN
ORD-000916-1,PO-000916,CUST-01647,2026-07-13,57371.12,OPEN
ORD-000916-2,PO-000916,CUST-00394,2026-07-13,38247.42,OPEN
ORD-000916-3,PO-000916,CUST-01004,2026-07-13,57371.12,OPEN
ORD-000917-1,PO-000917,CUST-01765,2026-04-09,35485.94,OPEN
ORD-000917-2,PO-000917,CUST-02315,2026-04-03,70971.88,OPEN
ORD-000917-3,PO-000917,CUST-00840,2026-04-08,70971.88,OPEN
ORD-000918-1,PO-000918,CUST-00895,2026-01-30,51151.82,OPEN
ORD-000918-2,PO-000918,CUST-00048,2026-01-27,34101.21,OPEN
ORD-000919-1,PO-000919,CUST-00970,2026-06-15,29499.87,OPEN
ORD-000919-2,PO-000919,CUST-02451,2026-06-15,29499.87,OPEN
ORD-000920-1,PO-000920,CUST-01687,2026-07-03,20961.84,OPEN
ORD-000921-1,PO-000921,CUST-01853,2026-08-30,28854.46,OPEN
ORD-000921-2,PO-000921,CUST-02342,2026-08-25,86563.38,OPEN
ORD-000921-3,PO-000921,CUST-00643,2026-08-28,43281.69,OPEN
ORD-000921-4,PO-000921,CUST-00857,2026-08-27,43281.69,OPEN
ORD-000922-1,PO-000922,CUST-00837,2026-01-16,99418.36,OPEN
ORD-000922-2,PO-000922,CUST-00631,2026-01-26,24854.59,OPEN
ORD-000923-1,PO-000923,CUST-01722,2026-05-02,28511.94,OPEN
ORD-000923-2,PO-000923,CUST-00300,2026-05-04,28511.94,OPEN
ORD-000923-3,PO-000923,CUST-00940,2026-05-03,14255.97,OPEN
ORD-000924-1,PO-000924,CUST-01824,2026-08-21,34115.88,OPEN
ORD-000924-2,PO-000924,CUST-00083,2026-08-19,34115.88,OPEN
ORD-000924-3,PO-000924,CUST-02194,2026-08-19,17057.94,OPEN
ORD-000924-4,PO-000924,CUST-00520,2026-08-24,68231.75,OPEN
ORD-000925-1,PO-000925,CUST-02208,2026-06-01,36079.29,OPEN
ORD-000926-1,PO-000926,CUST-01390,2026-05-19,128816.32,OPEN
ORD-000926-2,PO-000926,CUST-01070,2026-05-12,42938.77,OPEN
ORD-000927-1,PO-000927,CUST-02122,2026-01-15,64444.25,OPEN
ORD-000927-2,PO-000927,CUST-01730,2026-01-19,64444.25,OPEN
ORD-000928-1,PO-000928,CUST-00048,2026-04-28,25112.88,OPEN
ORD-000928-2,PO-000928,CUST-01321,2026-04-28,25112.88,OPEN
ORD-000928-3,PO-000928,CUST-00780,2026-04-29,25112.88,OPEN
ORD-000929-1,PO-000929,CUST-01553,2026-01-20,39408.71,OPEN
ORD-000929-2,PO-000929,CUST-01197,2026-01-23,39408.71,OPEN
ORD-000930-1,PO-000930,CUST-00617,2026-06-10,100387.46,OPEN
ORD-000930-2,PO-000930,CUST-01287,2026-06-11,100387.46,OPEN
ORD-000930-3,PO-000930,CUST-01915,2026-06-03,25096.87,OPEN
ORD-000931-1,PO-000931,CUST-00364,2026-01-06,33158.18,OPEN
ORD-000931-2,PO-000931,CUST-01660,2026-01-05,49737.28,OPEN
ORD-000931-3,PO-000931,CUST-01692,2026-01-02,49737.28,OPEN
ORD-000931-4,PO-000931,CUST-01318,2026-01-09,49737.28,OPEN
ORD-000932-1,PO-000932,CUST-01925,2026-08-07,25950.23,OPEN
ORD-000933-1,PO-000933,CUST-00516,2026-04-16,45257.17,OPEN
ORD-000933-2,PO-000933,CUST-00502,2026-04-20,90514.33,OPEN
ORD-000933-3,PO-000933,CUST-02277,2026-04-24,90514.33,OPEN
ORD-000934-1,PO-000934,CUST-01549,2026-08-11,48372.36,OPEN
ORD-000934-2,PO-000934,CUST-01638,2026-08-16,96744.72,OPEN
ORD-000934-3,PO-000934,CUST-00580,2026-08-10,96744.72,OPEN
ORD-000934-4,PO-000934,CUST-00700,2026-08-17,32248.24,OPEN
ORD-000935-1,PO-000935,CUST-01509,2026-04-21,22494.61,OPEN
ORD-000935-2,PO-000935,CUST-00427,2026-04-21,22494.61,OPEN
ORD-000936-1,PO-000936,CUST-00642,2026-08-22,1649.11,OPEN
ORD-000936-2,PO-000936,CUST-00765,2026-08-16,6596.44,OPEN
ORD-000936-3,PO-000936,CUST-01393,2026-08-22,2198.81,OPEN
ORD-000937-1,PO-000937,CUST-01261,2026-08-17,34189.81,OPEN
ORD-000938-1,PO-000938,CUST-01509,2026-05-15,86568.56,OPEN
ORD-000939-1,PO-000939,CUST-01393,2026-08-08,147353.84,OPEN
ORD-000939-2,PO-000939,CUST-01194,2026-08-11,147353.84,OPEN
ORD-000940-1,PO-000940,CUST-02405,2026-03-03,48491.64,OPEN
ORD-000940-2,PO-000940,CUST-00580,2026-03-01,72737.46,OPEN
ORD-000941-1,PO-000941,CUST-00988,2026-05-24,35117.14,OPEN
ORD-000942-1,PO-000942,CUST-01666,2026-05-10,32908.95,OPEN
ORD-000942-2,PO-000942,CUST-01342,2026-05-08,8227.24,OPEN
ORD-000942-3,PO-000942,CUST-02264,2026-05-14,8227.24,OPEN
ORD-000943-1,PO-000943,CUST-01371,2026-01-03,136770.88,OPEN
ORD-000944-1,PO-000944,CUST-01935,2026-08-09,29926.97,OPEN
ORD-000944-2,PO-000944,CUST-02442,2026-08-07,29926.97,OPEN
ORD-000945-1,PO-000945,CUST-00549,2026-08-19,31116.06,OPEN
ORD-000945-2,PO-000945,CUST-00505,2026-08-18,93348.19,OPEN
ORD-000945-3,PO-000945,CUST-02209,2026-08-18,93348.19,OPEN
ORD-000945-4,PO-000945,CUST-02171,2026-08-17,23337.05,OPEN
ORD-000946-1,PO-000946,CUST-00884,2026-06-02,10662.2,OPEN
ORD-000946-2,PO-000946,CUST-00302,2026-06-08,10662.2,OPEN
ORD-000947-1,PO-000947,CUST-00533,2026-03-28,21010.4,OPEN
ORD-000947-2,PO-000947,CUST-01503,2026-04-03,63031.21,OPEN
ORD-000947-3,PO-000947,CUST-02017,2026-04-02,31515.6,OPEN
ORD-000948-1,PO-000948,CUST-00173,2026-05-19,104206.11,OPEN
ORD-000948-2,PO-000948,CUST-01480,2026-05-21,52103.06,OPEN
ORD-000949-1,PO-000949,CUST-00298,2026-07-31,32687.42,OPEN
ORD-000949-2,PO-000949,CUST-00896,2026-07-30,65374.83,OPEN
ORD-000949-3,PO-000949,CUST-01761,2026-08-03,130749.66,OPEN
ORD-000949-4,PO-000949,CUST-02344,2026-07-31,32687.42,OPEN
ORD-000950-1,PO-000950,CUST-01190,2026-04-27,38192.09,OPEN
ORD-000950-2,PO-000950,CUST-01246,2026-04-20,57288.14,OPEN
ORD-000951-1,PO-000951,CUST-01669,2026-07-26,14756.67,OPEN
ORD-000951-2,PO-000951,CUST-00509,2026-07-22,9837.78,OPEN
ORD-000952-1,PO-000952,CUST-02313,2026-05-04,34606.87,OPEN
ORD-000953-1,PO-000953,CUST-01651,2026-03-19,43163.04,OPEN
ORD-000953-2,PO-000953,CUST-02346,2026-03-24,21581.52,OPEN
ORD-000953-3,PO-000953,CUST-00368,2026-03-23,21581.52,OPEN
ORD-000953-4,PO-000953,CUST-02373,2026-03-17,28775.36,OPEN
ORD-000954-1,PO-000954,CUST-02333,2026-04-03,28339.44,OPEN
ORD-000955-1,PO-000955,CUST-01656,2026-01-30,7037.68,OPEN
ORD-000955-2,PO-000955,CUST-00095,2026-01-28,7037.68,OPEN
ORD-000955-3,PO-000955,CUST-00483,2026-01-30,7037.68,OPEN
ORD-000956-1,PO-000956,CUST-02130,2026-06-22,33288.71,OPEN
ORD-000956-2,PO-000956,CUST-01000,2026-06-19,22192.47,OPEN
ORD-000956-3,PO-000956,CUST-01167,2026-06-24,66577.41,OPEN
ORD-000957-1,PO-000957,CUST-01664,2026-02-06,67693.07,OPEN
ORD-000957-2,PO-000957,CUST-01779,2026-02-14,67693.07,OPEN
ORD-000957-3,PO-000957,CUST-02347,2026-02-07,33846.54,OPEN
ORD-000958-1,PO-000958,CUST-00597,2026-08-31,124467.6,OPEN
ORD-000958-2,PO-000958,CUST-00493,2026-08-30,41489.2,OPEN
ORD-000958-3,PO-000958,CUST-02218,2026-08-29,31116.9,OPEN
ORD-000958-4,PO-000958,CUST-02085,2026-09-03,41489.2,OPEN
ORD-000959-1,PO-000959,CUST-02105,2026-08-02,143903.77,OPEN
ORD-000959-2,PO-000959,CUST-00257,2026-08-08,35975.94,OPEN
ORD-000960-1,PO-000960,CUST-00105,2026-05-18,10235.92,OPEN
ORD-000960-2,PO-000960,CUST-01144,2026-05-15,30707.77,OPEN
ORD-000961-1,PO-000961,CUST-02138,2026-08-14,55395.35,OPEN
ORD-000961-2,PO-000961,CUST-00589,2026-08-15,27697.67,OPEN
ORD-000961-3,PO-000961,CUST-01107,2026-08-11,36930.23,OPEN
ORD-000961-4,PO-000961,CUST-02453,2026-08-15,27697.67,OPEN
ORD-000962-1,PO-000962,CUST-02443,2026-07-08,70734.09,OPEN
ORD-000962-2,PO-000962,CUST-02016,2026-07-02,141468.17,OPEN
ORD-000962-3,PO-000962,CUST-00660,2026-07-08,141468.17,OPEN
ORD-000962-4,PO-000962,CUST-00094,2026-07-03,47156.06,OPEN
ORD-000963-1,PO-000963,CUST-00366,2026-01-25,72779.7,OPEN
ORD-000963-2,PO-000963,CUST-00830,2026-01-23,72779.7,OPEN
ORD-000964-1,PO-000964,CUST-00417,2026-05-23,69555.72,OPEN
ORD-000965-1,PO-000965,CUST-00543,2026-04-16,5778.9,OPEN
ORD-000965-2,PO-000965,CUST-01541,2026-04-16,5778.9,OPEN
ORD-000966-1,PO-000966,CUST-00691,2026-01-24,133764.38,OPEN
ORD-000966-2,PO-000966,CUST-01621,2026-01-20,66882.19,OPEN
ORD-000966-3,PO-000966,CUST-01767,2026-01-20,133764.38,OPEN
ORD-000967-1,PO-000967,CUST-02189,2026-05-02,7782.77,OPEN
ORD-000968-1,PO-000968,CUST-00058,2026-07-11,118745.06,OPEN
ORD-000968-2,PO-000968,CUST-00420,2026-07-16,59372.53,OPEN
ORD-000969-1,PO-000969,CUST-00958,2026-02-23,21522.93,OPEN
ORD-000969-2,PO-000969,CUST-00471,2026-02-21,43045.86,OPEN
ORD-000969-3,PO-000969,CUST-01673,2026-02-21,28697.24,OPEN
ORD-000969-4,PO-000969,CUST-00094,2026-02-16,21522.93,OPEN
ORD-000970-1,PO-000970,CUST-01650,2026-04-21,102271.42,OPEN
ORD-000970-2,PO-000970,CUST-00064,2026-04-20,51135.71,OPEN
ORD-000970-3,PO-000970,CUST-00346,2026-04-20,51135.71,OPEN
ORD-000970-4,PO-000970,CUST-01431,2026-04-16,51135.71,OPEN
ORD-000971-1,PO-000971,CUST-00430,2026-06-28,32770.22,OPEN
ORD-000972-1,PO-000972,CUST-01341,2026-07-16,5696.45,OPEN
ORD-000973-1,PO-000973,CUST-02240,2026-05-29,29599.86,OPEN
ORD-000973-2,PO-000973,CUST-01356,2026-05-25,88799.59,OPEN
ORD-000974-1,PO-000974,CUST-00533,2026-06-27,42114.57,OPEN
ORD-000974-2,PO-000974,CUST-00345,2026-06-24,126343.7,OPEN
ORD-000974-3,PO-000974,CUST-00147,2026-06-26,31585.92,OPEN
ORD-000975-1,PO-000975,CUST-00803,2026-08-31,6816.7,OPEN
ORD-000975-2,PO-000975,CUST-01126,2026-08-25,6816.7,OPEN
ORD-000975-3,PO-000975,CUST-01890,2026-09-03,27266.82,OPEN
ORD-000975-4,PO-000975,CUST-01575,2026-09-02,6816.7,OPEN
ORD-000976-1,PO-000976,CUST-02024,2026-05-15,37417.65,OPEN
ORD-000976-2,PO-000976,CUST-02148,2026-05-20,24945.1,OPEN
ORD-000977-1,PO-000977,CUST-00123,2026-06-24,31322.47,OPEN
ORD-000977-2,PO-000977,CUST-01360,2026-06-30,23491.85,OPEN
ORD-000977-3,PO-000977,CUST-00126,2026-07-03,93967.42,OPEN
ORD-000978-1,PO-000978,CUST-00748,2026-08-23,27164.88,OPEN
ORD-000978-2,PO-000978,CUST-00804,2026-08-26,20373.66,OPEN
ORD-000978-3,PO-000978,CUST-00761,2026-08-28,27164.88,OPEN
ORD-000979-1,PO-000979,CUST-02238,2026-06-27,40069.56,OPEN
ORD-000979-2,PO-000979,CUST-00674,2026-06-29,20034.78,OPEN
ORD-000979-3,PO-000979,CUST-00765,2026-07-04,26713.04,OPEN
ORD-000979-4,PO-000979,CUST-01407,2026-07-01,40069.56,OPEN
ORD-000980-1,PO-000980,CUST-00419,2026-04-19,47312.23,OPEN
ORD-000980-2,PO-000980,CUST-01513,2026-04-15,35484.17,OPEN
ORD-000981-1,PO-000981,CUST-01998,2026-05-13,13265.33,OPEN
ORD-000981-2,PO-000981,CUST-00032,2026-05-17,19897.99,OPEN
ORD-000981-3,PO-000981,CUST-02099,2026-05-23,39795.98,OPEN
ORD-000982-1,PO-000982,CUST-02137,2026-08-22,36221.0,OPEN
ORD-000982-2,PO-000982,CUST-01103,2026-08-31,36221.0,OPEN
ORD-000983-1,PO-000983,CUST-00441,2026-02-27,14870.59,OPEN
ORD-000983-2,PO-000983,CUST-00888,2026-02-26,59482.35,OPEN
ORD-000983-3,PO-000983,CUST-01719,2026-02-28,29741.17,OPEN
ORD-000984-1,PO-000984,CUST-00614,2026-07-24,21408.13,OPEN
ORD-000985-1,PO-000985,CUST-02424,2026-01-16,116561.89,OPEN
ORD-000985-2,PO-000985,CUST-02479,2026-01-18,116561.89,OPEN
ORD-000985-3,PO-000985,CUST-01113,2026-01-17,116561.89,OPEN
ORD-000985-4,PO-000985,CUST-01648,2026-01-13,38853.96,OPEN
ORD-000986-1,PO-000986,CUST-02391,2026-05-23,40486.71,OPEN
ORD-000986-2,PO-000986,CUST-01145,2026-05-30,30365.03,OPEN
ORD-000986-3,PO-000986,CUST-01384,2026-05-25,30365.03,OPEN
ORD-000986-4,PO-000986,CUST-02218,2026-06-02,40486.71,OPEN
ORD-000987-1,PO-000987,CUST-01248,2026-04-06,59796.04,OPEN
ORD-000987-2,PO-000987,CUST-01362,2026-04-05,29898.02,OPEN
ORD-000987-3,PO-000987,CUST-00176,2026-04-04,119592.07,OPEN
ORD-000988-1,PO-000988,CUST-00475,2026-06-03,48638.67,OPEN
ORD-000989-1,PO-000989,CUST-01744,2026-01-10,24467.25,OPEN
ORD-000990-1,PO-000990,CUST-00591,2026-03-23,11459.43,OPEN
ORD-000990-2,PO-000990,CUST-01807,2026-03-20,11459.43,OPEN
ORD-000990-3,PO-000990,CUST-00614,2026-03-24,11459.43,OPEN
ORD-000990-4,PO-000990,CUST-02111,2026-03-16,15279.24,OPEN
ORD-000991-1,PO-000991,CUST-00548,2026-03-17,31768.05,OPEN
ORD-000991-2,PO-000991,CUST-02485,2026-03-17,15884.02,OPEN
ORD-000992-1,PO-000992,CUST-01702,2026-06-10,7172.15,OPEN
ORD-000993-1,PO-000993,CUST-01932,2026-07-11,41567.76,OPEN
ORD-000994-1,PO-000994,CUST-01315,2026-06-27,17169.03,OPEN
ORD-000994-2,PO-000994,CUST-01982,2026-06-28,22892.04,OPEN
ORD-000994-3,PO-000994,CUST-01333,2026-06-22,68676.11,OPEN
ORD-000995-1,PO-000995,CUST-02251,2026-04-14,134997.89,OPEN
ORD-000996-1,PO-000996,CUST-02313,2026-02-21,4983.31,OPEN
ORD-000996-2,PO-000996,CUST-01335,2026-02-16,9966.63,OPEN
ORD-000997-1,PO-000997,CUST-02397,2026-07-15,20695.02,OPEN
ORD-000998-1,PO-000998,CUST-01312,2026-03-05,67278.82,OPEN
ORD-000998-2,PO-000998,CUST-00501,2026-03-06,33639.41,OPEN
ORD-000998-3,PO-000998,CUST-00662,2026-03-09,67278.82,OPEN
ORD-000999-1,PO-000999,CUST-00740,2026-06-05,50227.31,OPEN
ORD-000999-2,PO-000999,CUST-00012,2026-06-05,12556.83,OPEN
ORD-000999-3,PO-000999,CUST-00287,2026-05-29,12556.83,OPEN
ORD-000999-4,PO-000999,CUST-02441,2026-06-01,25113.65,OPEN
ORD-001000-1,PO-001000,CUST-00536,2026-07-06,8660.35,OPEN
ORD-001000-2,PO-001000,CUST-00552,2026-07-14,17320.71,OPEN
ORD-001000-3,PO-001000,CUST-00710,2026-07-04,8660.35,OPEN
ORD-001001-1,PO-001001,CUST-01525,2026-06-10,60859.75,OPEN
ORD-001001-2,PO-001001,CUST-00970,2026-06-10,60859.75,OPEN
ORD-001001-3,PO-001001,CUST-00166,2026-06-11,121719.51,OPEN
ORD-001001-4,PO-001001,CUST-00968,2026-06-09,40573.17,OPEN
ORD-001002-1,PO-001002,CUST-00094,2026-02-01,69302.11,OPEN
ORD-001002-2,PO-001002,CUST-00099,2026-01-31,23100.7,OPEN
ORD-001003-1,PO-001003,CUST-00021,2026-03-12,49118.17,OPEN
ORD-001003-2,PO-001003,CUST-00862,2026-03-19,98236.33,OPEN
ORD-001004-1,PO-001004,CUST-00622,2026-06-05,72564.24,OPEN
ORD-001004-2,PO-001004,CUST-01886,2026-06-07,145128.48,OPEN
ORD-001004-3,PO-001004,CUST-00220,2026-06-15,72564.24,OPEN
ORD-001004-4,PO-001004,CUST-00475,2026-06-15,145128.48,OPEN
ORD-001005-1,PO-001005,CUST-01829,2026-02-12,137036.15,OPEN
ORD-001006-1,PO-001006,CUST-00152,2026-08-28,39804.35,OPEN
ORD-001006-2,PO-001006,CUST-01558,2026-08-28,19902.17,OPEN
ORD-001007-1,PO-001007,CUST-00722,2026-06-21,9078.74,OPEN
ORD-001008-1,PO-001008,CUST-02362,2026-07-27,83978.8,OPEN
ORD-001008-2,PO-001008,CUST-02443,2026-07-24,41989.4,OPEN
ORD-001009-1,PO-001009,CUST-00271,2026-08-09,30893.53,OPEN
ORD-001009-2,PO-001009,CUST-00526,2026-08-07,41191.37,OPEN
ORD-001009-3,PO-001009,CUST-00399,2026-08-11,123574.11,OPEN
ORD-001010-1,PO-001010,CUST-01587,2026-03-20,9672.7,OPEN
ORD-001010-2,PO-001010,CUST-01063,2026-03-15,29018.09,OPEN
ORD-001010-3,PO-001010,CUST-01974,2026-03-12,14509.05,OPEN
ORD-001011-1,PO-001011,CUST-00682,2026-06-11,24712.1,OPEN
ORD-001011-2,PO-001011,CUST-00350,2026-06-07,6178.02,OPEN
ORD-001011-3,PO-001011,CUST-01689,2026-06-16,24712.1,OPEN
ORD-001011-4,PO-001011,CUST-02176,2026-06-09,8237.37,OPEN
ORD-001012-1,PO-001012,CUST-00133,2026-03-11,47653.57,OPEN
ORD-001013-1,PO-001013,CUST-01510,2026-06-16,13699.1,OPEN
ORD-001013-2,PO-001013,CUST-01520,2026-06-16,54796.42,OPEN
ORD-001013-3,PO-001013,CUST-01524,2026-06-17,18265.47,OPEN
ORD-001013-4,PO-001013,CUST-01030,2026-06-09,27398.21,OPEN
ORD-001014-1,PO-001014,CUST-00486,2026-05-07,65410.64,OPEN
ORD-001015-1,PO-001015,CUST-01633,2026-01-08,30252.87,OPEN
ORD-001015-2,PO-001015,CUST-01736,2026-01-14,60505.73,OPEN
ORD-001016-1,PO-001016,CUST-02428,2026-05-14,7532.77,OPEN
ORD-001016-2,PO-001016,CUST-01899,2026-05-18,15065.54,OPEN
ORD-001016-3,PO-001016,CUST-01674,2026-05-21,15065.54,OPEN
ORD-001016-4,PO-001016,CUST-01893,2026-05-16,15065.54,OPEN
ORD-001017-1,PO-001017,CUST-02016,2026-01-21,40681.02,OPEN
ORD-001017-2,PO-001017,CUST-00468,2026-01-19,61021.54,OPEN
ORD-001017-3,PO-001017,CUST-02315,2026-01-13,122043.07,OPEN
ORD-001018-1,PO-001018,CUST-00838,2026-05-02,64173.3,OPEN
ORD-001018-2,PO-001018,CUST-00815,2026-04-25,21391.1,OPEN
ORD-001018-3,PO-001018,CUST-00642,2026-05-04,16043.33,OPEN
ORD-001019-1,PO-001019,CUST-02149,2026-08-21,59346.8,OPEN
ORD-001020-1,PO-001020,CUST-00411,2026-01-11,1324.16,OPEN
ORD-001020-2,PO-001020,CUST-00278,2026-01-15,5296.65,OPEN
ORD-001020-3,PO-001020,CUST-01915,2026-01-12,1324.16,OPEN
ORD-001020-4,PO-001020,CUST-01076,2026-01-05,5296.65,OPEN
ORD-001021-1,PO-001021,CUST-00270,2026-08-04,53688.98,OPEN
ORD-001022-1,PO-001022,CUST-01618,2026-06-16,22880.74,OPEN
ORD-001022-2,PO-001022,CUST-00267,2026-06-13,45761.48,OPEN
ORD-001022-3,PO-001022,CUST-00493,2026-06-15,22880.74,OPEN
ORD-001023-1,PO-001023,CUST-01987,2026-01-29,30963.82,OPEN
ORD-001024-1,PO-001024,CUST-00750,2026-06-01,10073.26,OPEN
ORD-001024-2,PO-001024,CUST-02388,2026-06-06,13431.01,OPEN
ORD-001025-1,PO-001025,CUST-00108,2026-08-01,1345.87,OPEN
ORD-001025-2,PO-001025,CUST-02215,2026-07-26,672.93,OPEN
ORD-001026-1,PO-001026,CUST-00964,2026-01-16,126233.6,OPEN
ORD-001026-2,PO-001026,CUST-00601,2026-01-24,31558.4,OPEN
ORD-001026-3,PO-001026,CUST-02202,2026-01-22,126233.6,OPEN
ORD-001027-1,PO-001027,CUST-02192,2026-08-01,41047.37,OPEN
ORD-001027-2,PO-001027,CUST-01459,2026-07-29,30785.53,OPEN
ORD-001027-3,PO-001027,CUST-02077,2026-07-31,30785.53,OPEN
ORD-001027-4,PO-001027,CUST-00253,2026-07-28,61571.06,OPEN
ORD-001028-1,PO-001028,CUST-01558,2026-04-20,35704.5,OPEN
ORD-001029-1,PO-001029,CUST-02419,2026-02-01,28702.28,OPEN
ORD-001029-2,PO-001029,CUST-02293,2026-02-02,28702.28,OPEN
ORD-001030-1,PO-001030,CUST-02412,2026-06-02,141518.89,OPEN
ORD-001031-1,PO-001031,CUST-01750,2026-03-09,45251.96,OPEN
ORD-001031-2,PO-001031,CUST-00726,2026-03-16,67877.93,OPEN
ORD-001031-3,PO-001031,CUST-01366,2026-03-18,67877.93,OPEN
ORD-001031-4,PO-001031,CUST-01886,2026-03-13,135755.87,OPEN
ORD-001032-1,PO-001032,CUST-01572,2026-06-22,1813.14,OPEN
ORD-001032-2,PO-001032,CUST-00105,2026-06-17,1813.14,OPEN
ORD-001032-3,PO-001032,CUST-00622,2026-06-21,2417.52,OPEN
ORD-001033-1,PO-001033,CUST-02376,2026-05-26,17011.23,OPEN
ORD-001033-2,PO-001033,CUST-00002,2026-05-28,25516.84,OPEN
ORD-001034-1,PO-001034,CUST-01786,2026-03-19,80426.0,OPEN
ORD-001034-2,PO-001034,CUST-00620,2026-03-16,20106.5,OPEN
ORD-001035-1,PO-001035,CUST-00879,2026-04-23,3797.2,OPEN
ORD-001036-1,PO-001036,CUST-00953,2026-04-08,99346.58,OPEN
ORD-001036-2,PO-001036,CUST-01400,2026-04-08,99346.58,OPEN
ORD-001037-1,PO-001037,CUST-00679,2026-03-29,83665.92,OPEN
ORD-001037-2,PO-001037,CUST-00593,2026-03-28,20916.48,OPEN
ORD-001037-3,PO-001037,CUST-01757,2026-04-02,83665.92,OPEN
ORD-001037-4,PO-001037,CUST-01121,2026-03-27,27888.64,OPEN
ORD-001038-1,PO-001038,CUST-01060,2026-08-13,4972.68,OPEN
ORD-001039-1,PO-001039,CUST-00397,2026-05-27,40692.88,OPEN
ORD-001039-2,PO-001039,CUST-01695,2026-05-27,27128.58,OPEN
ORD-001039-3,PO-001039,CUST-00757,2026-05-23,27128.58,OPEN
ORD-001039-4,PO-001039,CUST-02206,2026-05-24,20346.44,OPEN
ORD-001040-1,PO-001040,CUST-02324,2026-07-06,23243.12,OPEN
ORD-001040-2,PO-001040,CUST-02410,2026-07-03,30990.83,OPEN
ORD-001040-3,PO-001040,CUST-00454,2026-07-08,92972.49,OPEN
ORD-001041-1,PO-001041,CUST-00183,2026-01-18,31700.09,OPEN
ORD-001041-2,PO-001041,CUST-00322,2026-01-16,31700.09,OPEN
ORD-001041-3,PO-001041,CUST-00849,2026-01-18,31700.09,OPEN
ORD-001042-1,PO-001042,CUST-02456,2026-07-06,32439.66,OPEN
ORD-001042-2,PO-001042,CUST-00202,2026-07-08,97318.97,OPEN
ORD-001042-3,PO-001042,CUST-00557,2026-07-11,32439.66,OPEN
ORD-001043-1,PO-001043,CUST-02281,2026-02-25,2506.76,OPEN
ORD-001043-2,PO-001043,CUST-01682,2026-02-21,1880.07,OPEN
ORD-001043-3,PO-001043,CUST-00663,2026-02-21,2506.76,OPEN
ORD-001043-4,PO-001043,CUST-01492,2026-02-20,1880.07,OPEN
ORD-001044-1,PO-001044,CUST-02075,2026-05-30,33933.94,OPEN
ORD-001044-2,PO-001044,CUST-00994,2026-06-02,33933.94,OPEN
ORD-001044-3,PO-001044,CUST-00536,2026-06-02,16966.97,OPEN
ORD-001045-1,PO-001045,CUST-02473,2026-04-03,35079.82,OPEN
ORD-001046-1,PO-001046,CUST-00717,2026-01-05,104371.49,OPEN
ORD-001046-2,PO-001046,CUST-01754,2026-01-05,26092.87,OPEN
ORD-001047-1,PO-001047,CUST-00324,2026-02-04,114689.43,OPEN
ORD-001047-2,PO-001047,CUST-01526,2026-02-05,114689.43,OPEN
ORD-001047-3,PO-001047,CUST-00246,2026-02-12,28672.36,OPEN
ORD-001047-4,PO-001047,CUST-01944,2026-02-04,114689.43,OPEN
ORD-001048-1,PO-001048,CUST-02367,2026-07-03,37216.43,OPEN
ORD-001048-2,PO-001048,CUST-01120,2026-07-09,74432.87,OPEN
ORD-001049-1,PO-001049,CUST-00455,2026-07-23,19918.38,OPEN
ORD-001049-2,PO-001049,CUST-00938,2026-07-25,13278.92,OPEN
ORD-001049-3,PO-001049,CUST-01762,2026-07-27,19918.38,OPEN
ORD-001049-4,PO-001049,CUST-01890,2026-07-28,39836.77,OPEN
ORD-001050-1,PO-001050,CUST-00506,2026-04-09,73759.23,OPEN
ORD-001050-2,PO-001050,CUST-01038,2026-04-08,49172.82,OPEN
ORD-001051-1,PO-001051,CUST-01169,2026-07-03,47237.88,OPEN
ORD-001051-2,PO-001051,CUST-00807,2026-06-28,70856.82,OPEN
ORD-001051-3,PO-001051,CUST-00632,2026-06-25,70856.82,OPEN
ORD-001052-1,PO-001052,CUST-00845,2026-07-01,35260.68,OPEN
ORD-001052-2,PO-001052,CUST-02005,2026-07-04,70521.35,OPEN
ORD-001052-3,PO-001052,CUST-00696,2026-06-27,35260.68,OPEN
ORD-001052-4,PO-001052,CUST-02224,2026-06-29,141042.7,OPEN
ORD-001053-1,PO-001053,CUST-00136,2026-03-15,62045.94,OPEN
ORD-001053-2,PO-001053,CUST-02234,2026-03-08,41363.96,OPEN
ORD-001053-3,PO-001053,CUST-01356,2026-03-09,62045.94,OPEN
ORD-001054-1,PO-001054,CUST-01943,2026-08-14,34541.12,OPEN
ORD-001055-1,PO-001055,CUST-01473,2026-08-08,21345.07,OPEN
ORD-001055-2,PO-001055,CUST-02178,2026-08-10,64035.21,OPEN
ORD-001055-3,PO-001055,CUST-01947,2026-08-09,64035.21,OPEN
ORD-001056-1,PO-001056,CUST-00987,2026-07-10,39249.86,OPEN
ORD-001057-1,PO-001057,CUST-02327,2026-05-26,17186.44,OPEN
ORD-001057-2,PO-001057,CUST-02453,2026-05-27,34372.88,OPEN
ORD-001057-3,PO-001057,CUST-02371,2026-05-23,17186.44,OPEN
ORD-001058-1,PO-001058,CUST-00953,2026-01-31,10374.75,OPEN
ORD-001058-2,PO-001058,CUST-01035,2026-02-05,10374.75,OPEN
ORD-001059-1,PO-001059,CUST-00976,2026-08-03,41866.85,OPEN
ORD-001059-2,PO-001059,CUST-02252,2026-08-03,83733.69,OPEN
ORD-001059-3,PO-001059,CUST-02321,2026-08-07,41866.85,OPEN
ORD-001059-4,PO-001059,CUST-02368,2026-08-09,83733.69,OPEN
ORD-001060-1,PO-001060,CUST-00720,2026-02-03,3597.46,OPEN
ORD-001061-1,PO-001061,CUST-01583,2026-04-29,16344.65,OPEN
ORD-001062-1,PO-001062,CUST-00253,2026-07-30,14891.01,OPEN
ORD-001062-2,PO-001062,CUST-01308,2026-08-06,14891.01,OPEN
ORD-001062-3,PO-001062,CUST-02416,2026-08-08,44673.02,OPEN
ORD-001062-4,PO-001062,CUST-01725,2026-08-05,14891.01,OPEN
ORD-001063-1,PO-001063,CUST-00814,2026-03-21,61595.87,OPEN
ORD-001064-1,PO-001064,CUST-01793,2026-08-28,6941.43,OPEN
ORD-001064-2,PO-001064,CUST-01786,2026-08-23,27765.72,OPEN
ORD-001064-3,PO-001064,CUST-00377,2026-08-29,9255.24,OPEN
ORD-001065-1,PO-001065,CUST-00007,2026-08-26,18653.26,OPEN
ORD-001066-1,PO-001066,CUST-01505,2026-04-13,92310.72,OPEN
ORD-001066-2,PO-001066,CUST-02246,2026-04-19,23077.68,OPEN
ORD-001066-3,PO-001066,CUST-01548,2026-04-21,46155.36,OPEN
ORD-001066-4,PO-001066,CUST-00653,2026-04-22,23077.68,OPEN
ORD-001067-1,PO-001067,CUST-00298,2026-05-23,8873.74,OPEN
ORD-001068-1,PO-001068,CUST-02436,2026-02-22,54771.69,OPEN
ORD-001068-2,PO-001068,CUST-00544,2026-02-16,54771.69,OPEN
ORD-001068-3,PO-001068,CUST-01558,2026-02-23,27385.85,OPEN
ORD-001068-4,PO-001068,CUST-02342,2026-02-17,54771.69,OPEN
ORD-001069-1,PO-001069,CUST-01872,2026-04-10,12668.59,OPEN
ORD-001070-1,PO-001070,CUST-01149,2026-05-06,22435.64,OPEN
ORD-001071-1,PO-001071,CUST-02471,2026-08-31,10548.36,OPEN
ORD-001071-2,PO-001071,CUST-01841,2026-09-06,21096.73,OPEN
ORD-001072-1,PO-001072,CUST-01528,2026-03-20,45826.35,OPEN
ORD-001072-2,PO-001072,CUST-02072,2026-03-15,34369.76,OPEN
ORD-001072-3,PO-001072,CUST-00518,2026-03-19,68739.52,OPEN
ORD-001073-1,PO-001073,CUST-00900,2026-07-11,21597.78,OPEN
ORD-001074-1,PO-001074,CUST-00728,2026-01-18,17293.51,OPEN
ORD-001074-2,PO-001074,CUST-01147,2026-01-22,23058.01,OPEN
ORD-001075-1,PO-001075,CUST-00985,2026-05-18,24491.62,OPEN
ORD-001075-2,PO-001075,CUST-01596,2026-05-20,97966.47,OPEN
ORD-001076-1,PO-001076,CUST-02353,2026-01-18,9308.16,OPEN
ORD-001077-1,PO-001077,CUST-01751,2026-08-10,34920.68,OPEN
ORD-001078-1,PO-001078,CUST-00818,2026-03-09,71038.57,OPEN
ORD-001079-1,PO-001079,CUST-01051,2026-07-27,16203.27,OPEN
ORD-001080-1,PO-001080,CUST-02325,2026-06-03,53425.39,OPEN
ORD-001080-2,PO-001080,CUST-01689,2026-05-30,53425.39,OPEN
ORD-001081-1,PO-001081,CUST-01943,2026-03-14,71752.1,OPEN
ORD-001081-2,PO-001081,CUST-00874,2026-03-21,143504.21,OPEN
ORD-001081-3,PO-001081,CUST-01362,2026-03-13,47834.74,OPEN
ORD-001081-4,PO-001081,CUST-00909,2026-03-18,35876.05,OPEN
ORD-001082-1,PO-001082,CUST-01382,2026-08-21,22433.55,OPEN
ORD-001082-2,PO-001082,CUST-01662,2026-08-25,44867.1,OPEN
ORD-001082-3,PO-001082,CUST-01759,2026-08-23,44867.1,OPEN
ORD-001082-4,PO-001082,CUST-01030,2026-08-26,22433.55,OPEN
ORD-001083-1,PO-001083,CUST-01221,2026-05-24,11473.53,OPEN
ORD-001083-2,PO-001083,CUST-01356,2026-05-29,45894.14,OPEN
ORD-001083-3,PO-001083,CUST-01134,2026-05-28,11473.53,OPEN
ORD-001084-1,PO-001084,CUST-00654,2026-04-30,23292.81,OPEN
ORD-001085-1,PO-001085,CUST-02021,2026-06-03,5585.14,OPEN
ORD-001085-2,PO-001085,CUST-00957,2026-06-02,5585.14,OPEN
ORD-001085-3,PO-001085,CUST-02079,2026-06-03,1396.29,OPEN
ORD-001086-1,PO-001086,CUST-00222,2026-02-16,12403.96,OPEN
ORD-001086-2,PO-001086,CUST-01664,2026-02-08,49615.83,OPEN
ORD-001086-3,PO-001086,CUST-01291,2026-02-11,24807.92,OPEN
ORD-001086-4,PO-001086,CUST-00003,2026-02-16,24807.92,OPEN
ORD-001087-1,PO-001087,CUST-01711,2026-08-19,23702.59,OPEN
ORD-001088-1,PO-001088,CUST-01803,2026-02-08,16973.49,OPEN
ORD-001088-2,PO-001088,CUST-01795,2026-02-03,50920.46,OPEN
ORD-001088-3,PO-001088,CUST-01815,2026-02-05,50920.46,OPEN
ORD-001089-1,PO-001089,CUST-00115,2026-05-08,29815.53,OPEN
ORD-001089-2,PO-001089,CUST-01609,2026-04-29,89446.59,OPEN
ORD-001089-3,PO-001089,CUST-00050,2026-05-02,29815.53,OPEN
ORD-001090-1,PO-001090,CUST-02075,2026-03-19,52557.37,OPEN
ORD-001090-2,PO-001090,CUST-02224,2026-03-14,52557.37,OPEN
ORD-001091-1,PO-001091,CUST-01418,2026-03-06,49525.87,OPEN
ORD-001091-2,PO-001091,CUST-00601,2026-03-08,49525.87,OPEN
ORD-001092-1,PO-001092,CUST-01630,2026-01-19,9369.07,OPEN
ORD-001093-1,PO-001093,CUST-00990,2026-01-23,82236.93,OPEN
ORD-001093-2,PO-001093,CUST-00893,2026-01-23,41118.46,OPEN
ORD-001093-3,PO-001093,CUST-01257,2026-01-28,27412.31,OPEN
ORD-001093-4,PO-001093,CUST-00012,2026-01-22,82236.93,OPEN
ORD-001094-1,PO-001094,CUST-00893,2026-07-19,127285.9,OPEN
ORD-001094-2,PO-001094,CUST-02021,2026-07-14,127285.9,OPEN
ORD-001094-3,PO-001094,CUST-00533,2026-07-19,42428.63,OPEN
ORD-001095-1,PO-001095,CUST-02346,2026-05-08,40408.61,OPEN
ORD-001096-1,PO-001096,CUST-02341,2026-03-20,49988.98,OPEN
ORD-001097-1,PO-001097,CUST-00621,2026-04-05,37020.65,OPEN
ORD-001097-2,PO-001097,CUST-01819,2026-04-08,9255.16,OPEN
ORD-001097-3,PO-001097,CUST-01154,2026-04-11,37020.65,OPEN
ORD-001098-1,PO-001098,CUST-00360,2026-04-05,56629.22,OPEN
ORD-001098-2,PO-001098,CUST-01277,2026-04-05,28314.61,OPEN
ORD-001098-3,PO-001098,CUST-00985,2026-03-27,56629.22,OPEN
ORD-001099-1,PO-001099,CUST-00319,2026-08-20,52142.56,OPEN
ORD-001099-2,PO-001099,CUST-02441,2026-08-22,104285.12,OPEN
ORD-001099-3,PO-001099,CUST-00373,2026-08-22,104285.12,OPEN
ORD-001100-1,PO-001100,CUST-00277,2026-02-26,14381.12,OPEN
ORD-001101-1,PO-001101,CUST-02317,2026-05-24,28713.73,OPEN
ORD-001102-1,PO-001102,CUST-02411,2026-05-17,65761.31,OPEN
ORD-001102-2,PO-001102,CUST-00686,2026-05-16,16440.33,OPEN
ORD-001102-3,PO-001102,CUST-00207,2026-05-15,65761.31,OPEN
ORD-001103-1,PO-001103,CUST-00707,2026-01-26,20587.4,OPEN
ORD-001103-2,PO-001103,CUST-00219,2026-01-23,27449.86,OPEN
ORD-001104-1,PO-001104,CUST-00728,2026-02-13,108496.18,OPEN
ORD-001104-2,PO-001104,CUST-02199,2026-02-22,36165.39,OPEN
ORD-001105-1,PO-001105,CUST-00866,2026-01-23,12722.77,OPEN
ORD-001105-2,PO-001105,CUST-00271,2026-01-24,38168.32,OPEN
ORD-001105-3,PO-001105,CUST-00042,2026-01-25,19084.16,OPEN
ORD-001106-1,PO-001106,CUST-00898,2026-02-06,2949.64,OPEN
ORD-001107-1,PO-001107,CUST-00795,2026-05-11,18065.57,OPEN
ORD-001108-1,PO-001108,CUST-00808,2026-04-21,12663.01,OPEN
ORD-001108-2,PO-001108,CUST-01803,2026-04-22,25326.02,OPEN
ORD-001108-3,PO-001108,CUST-02395,2026-04-22,12663.01,OPEN
ORD-001108-4,PO-001108,CUST-00541,2026-04-25,25326.02,OPEN
ORD-001109-1,PO-001109,CUST-02491,2026-06-07,3476.0,OPEN
ORD-001109-2,PO-001109,CUST-00489,2026-06-12,6952.0,OPEN
ORD-001109-3,PO-001109,CUST-00274,2026-06-06,4634.67,OPEN
ORD-001109-4,PO-001109,CUST-00618,2026-06-09,6952.0,OPEN
ORD-001110-1,PO-001110,CUST-01503,2026-09-06,18218.06,OPEN
ORD-001111-1,PO-001111,CUST-00958,2026-08-04,15735.94,OPEN
ORD-001111-2,PO-001111,CUST-02337,2026-08-06,62943.77,OPEN
ORD-001111-3,PO-001111,CUST-00248,2026-08-09,20981.26,OPEN
ORD-001111-4,PO-001111,CUST-01231,2026-08-08,20981.26,OPEN
ORD-001112-1,PO-001112,CUST-01409,2026-04-14,36741.16,OPEN
ORD-001112-2,PO-001112,CUST-00686,2026-04-21,36741.16,OPEN
ORD-001113-1,PO-001113,CUST-01048,2026-04-13,10318.05,OPEN
ORD-001114-1,PO-001114,CUST-00416,2026-08-28,62198.96,OPEN
ORD-001114-2,PO-001114,CUST-02187,2026-09-01,124397.92,OPEN
ORD-001114-3,PO-001114,CUST-01670,2026-09-02,124397.92,OPEN
ORD-001115-1,PO-001115,CUST-00824,2026-08-25,61594.38,OPEN
ORD-001115-2,PO-001115,CUST-01154,2026-08-24,61594.38,OPEN
ORD-001115-3,PO-001115,CUST-01494,2026-08-26,123188.76,OPEN
ORD-001115-4,PO-001115,CUST-01068,2026-08-24,61594.38,OPEN
ORD-001116-1,PO-001116,CUST-01532,2026-01-26,12263.49,OPEN
ORD-001116-2,PO-001116,CUST-01600,2026-01-25,3065.87,OPEN
ORD-001116-3,PO-001116,CUST-02046,2026-01-30,4087.83,OPEN
ORD-001116-4,PO-001116,CUST-01375,2026-01-26,4087.83,OPEN
ORD-001117-1,PO-001117,CUST-00261,2026-04-11,21216.37,OPEN
ORD-001117-2,PO-001117,CUST-00324,2026-04-09,42432.75,OPEN
ORD-001117-3,PO-001117,CUST-00091,2026-04-09,28288.5,OPEN
ORD-001117-4,PO-001117,CUST-01255,2026-04-14,28288.5,OPEN
ORD-001118-1,PO-001118,CUST-01627,2026-02-22,28545.62,OPEN
ORD-001118-2,PO-001118,CUST-00982,2026-02-19,114182.46,OPEN
ORD-001118-3,PO-001118,CUST-00982,2026-02-21,57091.23,OPEN
ORD-001119-1,PO-001119,CUST-02231,2026-02-26,19342.83,OPEN
ORD-001120-1,PO-001120,CUST-00875,2026-09-03,20870.23,OPEN
ORD-001120-2,PO-001120,CUST-00902,2026-09-05,15652.67,OPEN
ORD-001120-3,PO-001120,CUST-00075,2026-09-01,62610.69,OPEN
ORD-001121-1,PO-001121,CUST-00326,2026-05-09,141051.93,OPEN
ORD-001121-2,PO-001121,CUST-02282,2026-05-14,141051.93,OPEN
ORD-001122-1,PO-001122,CUST-01064,2026-04-09,30609.75,OPEN
ORD-001122-2,PO-001122,CUST-02037,2026-04-03,122439.0,OPEN
ORD-001123-1,PO-001123,CUST-01896,2026-06-30,19897.75,OPEN
ORD-001123-2,PO-001123,CUST-01640,2026-07-06,19897.75,OPEN
ORD-001124-1,PO-001124,CUST-01463,2026-02-19,70470.57,OPEN
ORD-001124-2,PO-001124,CUST-00101,2026-02-27,70470.57,OPEN
ORD-001124-3,PO-001124,CUST-00149,2026-03-01,70470.57,OPEN
ORD-001125-1,PO-001125,CUST-00799,2026-07-11,4909.88,OPEN
ORD-001125-2,PO-001125,CUST-00929,2026-07-06,6546.51,OPEN
ORD-001126-1,PO-001126,CUST-00813,2026-07-17,60000.4,OPEN
ORD-001126-2,PO-001126,CUST-01438,2026-07-21,20000.13,OPEN
ORD-001126-3,PO-001126,CUST-00721,2026-07-23,15000.1,OPEN
ORD-001126-4,PO-001126,CUST-02358,2026-07-24,30000.2,OPEN
ORD-001127-1,PO-001127,CUST-00962,2026-04-09,9804.58,OPEN
ORD-001127-2,PO-001127,CUST-00930,2026-04-01,4902.29,OPEN
ORD-001127-3,PO-001127,CUST-00006,2026-04-02,9804.58,OPEN
ORD-001128-1,PO-001128,CUST-00929,2026-06-29,52088.58,OPEN
ORD-001128-2,PO-001128,CUST-00143,2026-06-27,34725.72,OPEN
ORD-001128-3,PO-001128,CUST-02258,2026-06-27,104177.16,OPEN
ORD-001129-1,PO-001129,CUST-00159,2026-04-13,22816.65,OPEN
ORD-001129-2,PO-001129,CUST-00639,2026-04-17,91266.58,OPEN
ORD-001130-1,PO-001130,CUST-01074,2026-08-24,36107.62,OPEN
ORD-001131-1,PO-001131,CUST-00860,2026-05-05,15222.74,OPEN
ORD-001131-2,PO-001131,CUST-02083,2026-05-05,15222.74,OPEN
ORD-001131-3,PO-001131,CUST-01040,2026-05-12,10148.49,OPEN
ORD-001132-1,PO-001132,CUST-00235,2026-07-08,30611.29,OPEN
ORD-001132-2,PO-001132,CUST-00865,2026-07-12,40815.06,OPEN
ORD-001133-1,PO-001133,CUST-02178,2026-03-05,125050.86,OPEN
ORD-001133-2,PO-001133,CUST-01130,2026-03-10,31262.72,OPEN
ORD-001134-1,PO-001134,CUST-00609,2026-07-01,15876.89,OPEN
ORD-001135-1,PO-001135,CUST-00939,2026-02-24,15123.31,OPEN
ORD-001135-2,PO-001135,CUST-01582,2026-02-24,20164.42,OPEN
ORD-001135-3,PO-001135,CUST-00185,2026-02-18,15123.31,OPEN
ORD-001136-1,PO-001136,CUST-01097,2026-07-25,6638.71,OPEN
ORD-001136-2,PO-001136,CUST-01352,2026-08-02,8851.61,OPEN
ORD-001136-3,PO-001136,CUST-02361,2026-07-24,26554.84,OPEN
ORD-001137-1,PO-001137,CUST-01955,2026-06-03,48495.56,OPEN
ORD-001137-2,PO-001137,CUST-00692,2026-06-01,16165.19,OPEN
ORD-001137-3,PO-001137,CUST-00292,2026-06-11,48495.56,OPEN
ORD-001138-1,PO-001138,CUST-02342,2026-07-07,49707.02,OPEN
ORD-001138-2,PO-001138,CUST-01896,2026-07-15,24853.51,OPEN
ORD-001138-3,PO-001138,CUST-01663,2026-07-16,24853.51,OPEN
ORD-001139-1,PO-001139,CUST-00328,2026-03-04,5795.95,OPEN
ORD-001139-2,PO-001139,CUST-01595,2026-02-27,2897.98,OPEN
ORD-001139-3,PO-001139,CUST-02363,2026-03-04,3863.97,OPEN
ORD-001139-4,PO-001139,CUST-02232,2026-03-06,2897.98,OPEN
ORD-001140-1,PO-001140,CUST-01566,2026-08-30,94829.3,OPEN
ORD-001140-2,PO-001140,CUST-02100,2026-09-01,94829.3,OPEN
ORD-001141-1,PO-001141,CUST-02401,2026-02-18,35359.64,OPEN
ORD-001142-1,PO-001142,CUST-01164,2026-07-22,13172.82,OPEN
ORD-001142-2,PO-001142,CUST-00575,2026-07-18,52691.26,OPEN
ORD-001142-3,PO-001142,CUST-01255,2026-07-25,13172.82,OPEN
ORD-001143-1,PO-001143,CUST-01720,2026-05-12,60436.6,OPEN
ORD-001143-2,PO-001143,CUST-00139,2026-05-13,15109.15,OPEN
ORD-001143-3,PO-001143,CUST-01666,2026-05-08,60436.6,OPEN
ORD-001143-4,PO-001143,CUST-01927,2026-05-13,30218.3,OPEN
ORD-001144-1,PO-001144,CUST-00451,2026-03-18,84974.42,OPEN
ORD-001144-2,PO-001144,CUST-00563,2026-03-21,28324.81,OPEN
ORD-001144-3,PO-001144,CUST-00844,2026-03-14,28324.81,OPEN
ORD-001144-4,PO-001144,CUST-00033,2026-03-20,21243.6,OPEN
ORD-001145-1,PO-001145,CUST-01748,2026-02-21,39793.96,OPEN
ORD-001145-2,PO-001145,CUST-01188,2026-02-12,26529.31,OPEN
ORD-001145-3,PO-001145,CUST-01612,2026-02-19,26529.31,OPEN
ORD-001145-4,PO-001145,CUST-01016,2026-02-17,19896.98,OPEN
ORD-001146-1,PO-001146,CUST-00299,2026-08-16,45072.81,OPEN
ORD-001146-2,PO-001146,CUST-02333,2026-08-13,33804.61,OPEN
ORD-001147-1,PO-001147,CUST-01168,2026-08-11,26500.06,OPEN
ORD-001147-2,PO-001147,CUST-01081,2026-08-06,26500.06,OPEN
ORD-001147-3,PO-001147,CUST-00599,2026-08-12,53000.12,OPEN
ORD-001148-1,PO-001148,CUST-00409,2026-05-18,21103.06,OPEN
ORD-001148-2,PO-001148,CUST-02339,2026-05-10,63309.17,OPEN
ORD-001149-1,PO-001149,CUST-02125,2026-02-04,43044.33,OPEN
ORD-001149-2,PO-001149,CUST-01518,2026-02-03,32283.24,OPEN
ORD-001149-3,PO-001149,CUST-00515,2026-02-08,64566.49,OPEN
ORD-001149-4,PO-001149,CUST-01237,2026-01-30,129132.98,OPEN
ORD-001150-1,PO-001150,CUST-00113,2026-04-17,139370.61,OPEN
ORD-001150-2,PO-001150,CUST-00471,2026-04-09,69685.3,OPEN
ORD-001151-1,PO-001151,CUST-01931,2026-08-15,17919.25,OPEN
ORD-001151-2,PO-001151,CUST-02350,2026-08-16,53757.74,OPEN
ORD-001152-1,PO-001152,CUST-01625,2026-07-04,18131.39,OPEN
ORD-001152-2,PO-001152,CUST-00913,2026-07-01,54394.18,OPEN
ORD-001153-1,PO-001153,CUST-00556,2026-08-21,15551.59,OPEN
ORD-001153-2,PO-001153,CUST-01874,2026-08-18,10367.73,OPEN
ORD-001154-1,PO-001154,CUST-02374,2026-02-26,24643.87,OPEN
ORD-001154-2,PO-001154,CUST-02213,2026-03-05,24643.87,OPEN
ORD-001154-3,PO-001154,CUST-00577,2026-03-03,32858.49,OPEN
ORD-001155-1,PO-001155,CUST-00264,2026-02-16,44325.03,OPEN
ORD-001155-2,PO-001155,CUST-01238,2026-02-12,132975.09,OPEN
ORD-001155-3,PO-001155,CUST-00936,2026-02-09,66487.54,OPEN
ORD-001155-4,PO-001155,CUST-00664,2026-02-09,66487.54,OPEN
ORD-001156-1,PO-001156,CUST-00824,2026-04-13,25540.95,OPEN
ORD-001156-2,PO-001156,CUST-00039,2026-04-13,25540.95,OPEN
ORD-001156-3,PO-001156,CUST-01644,2026-04-13,17027.3,OPEN
ORD-001157-1,PO-001157,CUST-01673,2026-08-16,663.05,OPEN
ORD-001157-2,PO-001157,CUST-01753,2026-08-14,1989.14,OPEN
ORD-001158-1,PO-001158,CUST-01292,2026-05-02,42819.16,OPEN
ORD-001158-2,PO-001158,CUST-01517,2026-04-25,42819.16,OPEN
ORD-001158-3,PO-001158,CUST-00946,2026-04-24,64228.74,OPEN
ORD-001158-4,PO-001158,CUST-01998,2026-05-01,42819.16,OPEN
ORD-001159-1,PO-001159,CUST-01878,2026-03-13,35884.15,OPEN
ORD-001160-1,PO-001160,CUST-01199,2026-02-03,34202.86,OPEN
ORD-001160-2,PO-001160,CUST-01695,2026-01-24,17101.43,OPEN
ORD-001161-1,PO-001161,CUST-00434,2026-08-05,34410.74,OPEN
ORD-001161-2,PO-001161,CUST-00205,2026-08-03,45880.99,OPEN
ORD-001161-3,PO-001161,CUST-02199,2026-08-11,68821.49,OPEN
ORD-001162-1,PO-001162,CUST-01298,2026-06-13,11338.26,OPEN
ORD-001163-1,PO-001163,CUST-01014,2026-04-17,29716.67,OPEN
ORD-001163-2,PO-001163,CUST-01849,2026-04-19,29716.67,OPEN
ORD-001163-3,PO-001163,CUST-00533,2026-04-11,59433.34,OPEN
ORD-001164-1,PO-001164,CUST-02265,2026-05-19,22984.83,OPEN
ORD-001165-1,PO-001165,CUST-02451,2026-04-27,64165.57,OPEN
ORD-001165-2,PO-001165,CUST-01454,2026-04-28,42777.04,OPEN
ORD-001165-3,PO-001165,CUST-02024,2026-05-02,128331.13,OPEN
ORD-001166-1,PO-001166,CUST-02284,2026-08-23,37044.19,OPEN
ORD-001166-2,PO-001166,CUST-01478,2026-08-22,74088.38,OPEN
ORD-001166-3,PO-001166,CUST-01539,2026-08-22,74088.38,OPEN
ORD-001167-1,PO-001167,CUST-02211,2026-06-28,121730.88,OPEN
ORD-001167-2,PO-001167,CUST-01238,2026-06-29,40576.96,OPEN
ORD-001168-1,PO-001168,CUST-00086,2026-05-15,22520.86,OPEN
ORD-001169-1,PO-001169,CUST-00777,2026-06-08,34208.64,OPEN
ORD-001169-2,PO-001169,CUST-00745,2026-06-14,34208.64,OPEN
ORD-001169-3,PO-001169,CUST-00656,2026-06-17,51312.96,OPEN
ORD-001170-1,PO-001170,CUST-00656,2026-03-15,14077.75,OPEN
ORD-001170-2,PO-001170,CUST-01714,2026-03-12,28155.49,OPEN
ORD-001170-3,PO-001170,CUST-00581,2026-03-15,28155.49,OPEN
ORD-001170-4,PO-001170,CUST-02346,2026-03-10,9385.16,OPEN
ORD-001171-1,PO-001171,CUST-02423,2026-01-30,5582.35,OPEN
ORD-001171-2,PO-001171,CUST-00953,2026-02-09,2791.18,OPEN
ORD-001172-1,PO-001172,CUST-01545,2026-06-15,15396.63,OPEN
ORD-001172-2,PO-001172,CUST-02107,2026-06-25,20528.84,OPEN
ORD-001173-1,PO-001173,CUST-00179,2026-03-01,31112.03,OPEN
ORD-001173-2,PO-001173,CUST-00644,2026-02-27,15556.01,OPEN
ORD-001174-1,PO-001174,CUST-02095,2026-01-30,47496.21,OPEN
ORD-001175-1,PO-001175,CUST-01645,2026-05-26,5867.81,OPEN
ORD-001175-2,PO-001175,CUST-02175,2026-05-19,23471.23,OPEN
ORD-001175-3,PO-001175,CUST-01596,2026-05-26,23471.23,OPEN
ORD-001175-4,PO-001175,CUST-00175,2026-05-20,23471.23,OPEN
ORD-001176-1,PO-001176,CUST-01589,2026-04-29,31974.33,OPEN
ORD-001176-2,PO-001176,CUST-01274,2026-04-28,23980.75,OPEN
ORD-001177-1,PO-001177,CUST-01787,2026-07-06,9915.26,OPEN
ORD-001177-2,PO-001177,CUST-00750,2026-07-06,9915.26,OPEN
ORD-001178-1,PO-001178,CUST-01990,2026-01-13,14335.38,OPEN
ORD-001178-2,PO-001178,CUST-01930,2026-01-13,43006.15,OPEN
ORD-001179-1,PO-001179,CUST-02105,2026-06-10,45803.43,OPEN
ORD-001180-1,PO-001180,CUST-00689,2026-01-21,33291.35,OPEN
ORD-001180-2,PO-001180,CUST-01425,2026-01-15,33291.35,OPEN
ORD-001180-3,PO-001180,CUST-00793,2026-01-23,11097.12,OPEN
ORD-001180-4,PO-001180,CUST-00016,2026-01-18,33291.35,OPEN
ORD-001181-1,PO-001181,CUST-01712,2026-03-16,18509.31,OPEN
ORD-001182-1,PO-001182,CUST-00672,2026-07-22,22978.49,OPEN
ORD-001182-2,PO-001182,CUST-00727,2026-07-19,45956.99,OPEN
ORD-001182-3,PO-001182,CUST-00835,2026-07-24,22978.49,OPEN
ORD-001182-4,PO-001182,CUST-02072,2026-07-22,91913.97,OPEN
ORD-001183-1,PO-001183,CUST-00446,2026-02-21,19982.86,OPEN
ORD-001183-2,PO-001183,CUST-02072,2026-02-18,29974.29,OPEN
ORD-001184-1,PO-001184,CUST-01889,2026-07-08,45755.84,OPEN
ORD-001184-2,PO-001184,CUST-01333,2026-07-04,22877.92,OPEN
ORD-001185-1,PO-001185,CUST-02384,2026-05-17,19384.53,OPEN
ORD-001185-2,PO-001185,CUST-01092,2026-05-17,58153.59,OPEN
ORD-001185-3,PO-001185,CUST-01914,2026-05-16,29076.79,OPEN
ORD-001185-4,PO-001185,CUST-01887,2026-05-13,58153.59,OPEN
ORD-001186-1,PO-001186,CUST-00730,2026-06-03,32014.43,OPEN
ORD-001186-2,PO-001186,CUST-01544,2026-05-31,32014.43,OPEN
ORD-001186-3,PO-001186,CUST-00700,2026-06-06,32014.43,OPEN
ORD-001187-1,PO-001187,CUST-01407,2026-02-14,24444.54,OPEN
ORD-001187-2,PO-001187,CUST-01783,2026-02-14,16296.36,OPEN
ORD-001187-3,PO-001187,CUST-00560,2026-02-12,16296.36,OPEN
ORD-001188-1,PO-001188,CUST-00258,2026-03-16,31432.18,OPEN
ORD-001188-2,PO-001188,CUST-01985,2026-03-19,23574.13,OPEN
ORD-001188-3,PO-001188,CUST-01258,2026-03-10,23574.13,OPEN
ORD-001188-4,PO-001188,CUST-02339,2026-03-14,31432.18,OPEN
ORD-001189-1,PO-001189,CUST-01893,2026-05-12,7358.6,OPEN
ORD-001189-2,PO-001189,CUST-00845,2026-05-18,9811.47,OPEN
ORD-001189-3,PO-001189,CUST-01560,2026-05-19,29434.42,OPEN
ORD-001190-1,PO-001190,CUST-00041,2026-03-19,10964.34,OPEN
ORD-001190-2,PO-001190,CUST-00672,2026-03-10,43857.36,OPEN
ORD-001191-1,PO-001191,CUST-01109,2026-04-20,30166.06,OPEN
ORD-001192-1,PO-001192,CUST-01250,2026-07-22,8401.3,OPEN
ORD-001193-1,PO-001193,CUST-01704,2026-06-09,29817.72,OPEN
ORD-001193-2,PO-001193,CUST-01518,2026-06-10,22363.29,OPEN
ORD-001193-3,PO-001193,CUST-00189,2026-06-08,44726.58,OPEN
ORD-001194-1,PO-001194,CUST-00071,2026-07-24,50992.18,OPEN
ORD-001194-2,PO-001194,CUST-02286,2026-07-18,101984.36,OPEN
ORD-001194-3,PO-001194,CUST-02218,2026-07-17,25496.09,OPEN
ORD-001195-1,PO-001195,CUST-02175,2026-06-05,8242.05,OPEN
ORD-001196-1,PO-001196,CUST-00195,2026-01-13,17393.29,OPEN
ORD-001196-2,PO-001196,CUST-01033,2026-01-12,5797.76,OPEN
ORD-001196-3,PO-001196,CUST-01612,2026-01-17,17393.29,OPEN
ORD-001196-4,PO-001196,CUST-01729,2026-01-18,5797.76,OPEN
ORD-001197-1,PO-001197,CUST-00479,2026-02-14,22741.04,OPEN
ORD-001197-2,PO-001197,CUST-01957,2026-02-21,11370.52,OPEN
ORD-001197-3,PO-001197,CUST-00755,2026-02-18,22741.04,OPEN
ORD-001197-4,PO-001197,CUST-01359,2026-02-21,45482.08,OPEN
ORD-001198-1,PO-001198,CUST-01259,2026-06-19,24789.01,OPEN
ORD-001199-1,PO-001199,CUST-01337,2026-07-04,29481.84,OPEN
ORD-001199-2,PO-001199,CUST-01281,2026-06-28,58963.68,OPEN
ORD-001200-1,PO-001200,CUST-02441,2026-02-06,21738.37,OPEN
ORD-001200-2,PO-001200,CUST-00524,2026-02-08,10869.18,OPEN
ORD-001201-1,PO-001201,CUST-01898,2026-09-05,53855.56,OPEN
ORD-001201-2,PO-001201,CUST-02196,2026-09-01,35903.7,OPEN
ORD-001202-1,PO-001202,CUST-00701,2026-06-16,17434.17,OPEN
ORD-001202-2,PO-001202,CUST-00698,2026-06-18,17434.17,OPEN
ORD-001202-3,PO-001202,CUST-00416,2026-06-10,17434.17,OPEN
ORD-001203-1,PO-001203,CUST-01377,2026-05-07,55552.39,OPEN
ORD-001203-2,PO-001203,CUST-01488,2026-05-16,55552.39,OPEN
ORD-001203-3,PO-001203,CUST-01836,2026-05-07,18517.46,OPEN
ORD-001203-4,PO-001203,CUST-00944,2026-05-10,13888.1,OPEN
ORD-001204-1,PO-001204,CUST-01460,2026-03-25,66034.88,OPEN
ORD-001205-1,PO-001205,CUST-02001,2026-02-26,19681.82,OPEN
ORD-001206-1,PO-001206,CUST-00824,2026-02-20,19159.36,OPEN
ORD-001206-2,PO-001206,CUST-01750,2026-02-28,9579.68,OPEN
ORD-001206-3,PO-001206,CUST-02281,2026-02-26,9579.68,OPEN
ORD-001206-4,PO-001206,CUST-02226,2026-02-21,4789.84,OPEN
ORD-001207-1,PO-001207,CUST-01284,2026-08-10,83450.37,OPEN
ORD-001207-2,PO-001207,CUST-01674,2026-08-07,27816.79,OPEN
ORD-001207-3,PO-001207,CUST-01977,2026-08-05,41725.18,OPEN
ORD-001208-1,PO-001208,CUST-01563,2026-04-06,21338.65,OPEN
ORD-001208-2,PO-001208,CUST-01552,2026-04-09,16003.99,OPEN
ORD-001209-1,PO-001209,CUST-00560,2026-06-03,34963.82,OPEN
ORD-001209-2,PO-001209,CUST-01541,2026-06-09,46618.43,OPEN
ORD-001210-1,PO-001210,CUST-02181,2026-01-15,91633.91,OPEN
ORD-001211-1,PO-001211,CUST-00349,2026-03-02,86827.2,OPEN
ORD-001211-2,PO-001211,CUST-01178,2026-03-06,28942.4,OPEN
ORD-001211-3,PO-001211,CUST-02108,2026-03-06,28942.4,OPEN
ORD-001212-1,PO-001212,CUST-02339,2026-06-06,18640.49,OPEN
ORD-001212-2,PO-001212,CUST-02427,2026-06-01,55921.47,OPEN
ORD-001212-3,PO-001212,CUST-01807,2026-06-01,55921.47,OPEN
ORD-001213-1,PO-001213,CUST-00059,2026-07-30,5270.01,OPEN
ORD-001213-2,PO-001213,CUST-01076,2026-08-06,7026.67,OPEN
ORD-001213-3,PO-001213,CUST-01743,2026-08-02,10540.01,OPEN
ORD-001213-4,PO-001213,CUST-02144,2026-08-06,5270.01,OPEN
ORD-001214-1,PO-001214,CUST-00336,2026-06-19,4937.89,OPEN
ORD-001214-2,PO-001214,CUST-02207,2026-06-22,1234.47,OPEN
ORD-001214-3,PO-001214,CUST-00093,2026-06-18,4937.89,OPEN
ORD-001215-1,PO-001215,CUST-02364,2026-06-03,23681.53,OPEN
ORD-001216-1,PO-001216,CUST-00367,2026-05-27,43095.25,OPEN
ORD-001216-2,PO-001216,CUST-01904,2026-06-01,129285.74,OPEN
ORD-001217-1,PO-001217,CUST-02358,2026-02-20,19417.21,OPEN
ORD-001218-1,PO-001218,CUST-01291,2026-03-09,71899.82,OPEN
ORD-001218-2,PO-001218,CUST-00174,2026-03-08,35949.91,OPEN
ORD-001218-3,PO-001218,CUST-02192,2026-03-13,47933.21,OPEN
ORD-001218-4,PO-001218,CUST-01161,2026-03-06,143799.63,OPEN
ORD-001219-1,PO-001219,CUST-01406,2026-03-24,32220.52,OPEN
ORD-001219-2,PO-001219,CUST-01553,2026-03-25,16110.26,OPEN
ORD-001220-1,PO-001220,CUST-00857,2026-01-30,16473.22,OPEN
ORD-001220-2,PO-001220,CUST-00030,2026-01-30,32946.43,OPEN
ORD-001220-3,PO-001220,CUST-01763,2026-01-29,10982.14,OPEN
ORD-001220-4,PO-001220,CUST-01845,2026-01-31,10982.14,OPEN
ORD-001221-1,PO-001221,CUST-02327,2026-08-18,14545.55,OPEN
ORD-001221-2,PO-001221,CUST-00415,2026-08-14,58182.18,OPEN
ORD-001222-1,PO-001222,CUST-00745,2026-06-30,23052.48,OPEN
ORD-001222-2,PO-001222,CUST-01550,2026-06-25,23052.48,OPEN
ORD-001223-1,PO-001223,CUST-00282,2026-03-21,8991.61,OPEN
ORD-001223-2,PO-001223,CUST-00430,2026-03-18,26974.83,OPEN
ORD-001223-3,PO-001223,CUST-01372,2026-03-22,13487.42,OPEN
ORD-001223-4,PO-001223,CUST-00176,2026-03-23,8991.61,OPEN
ORD-001224-1,PO-001224,CUST-00034,2026-06-28,42126.18,OPEN
ORD-001224-2,PO-001224,CUST-00855,2026-06-28,21063.09,OPEN
ORD-001225-1,PO-001225,CUST-02167,2026-08-19,15816.06,OPEN
ORD-001225-2,PO-001225,CUST-00866,2026-08-21,5272.02,OPEN
ORD-001225-3,PO-001225,CUST-01714,2026-08-18,15816.06,OPEN
ORD-001226-1,PO-001226,CUST-01105,2026-06-04,6617.05,OPEN
ORD-001226-2,PO-001226,CUST-01347,2026-05-27,13234.1,OPEN
ORD-001226-3,PO-001226,CUST-00505,2026-05-28,6617.05,OPEN
ORD-001227-1,PO-001227,CUST-01110,2026-01-07,24112.4,OPEN
ORD-001228-1,PO-001228,CUST-01816,2026-02-26,22200.46,OPEN
ORD-001228-2,PO-001228,CUST-00959,2026-03-03,44400.91,OPEN
ORD-001228-3,PO-001228,CUST-01842,2026-02-27,22200.46,OPEN
ORD-001228-4,PO-001228,CUST-00035,2026-02-24,44400.91,OPEN
ORD-001229-1,PO-001229,CUST-01622,2026-04-02,14676.85,OPEN
ORD-001230-1,PO-001230,CUST-00143,2026-01-14,138612.54,OPEN
ORD-001230-2,PO-001230,CUST-00549,2026-01-18,34653.14,OPEN
ORD-001231-1,PO-001231,CUST-00654,2026-01-18,1721.1,OPEN
ORD-001231-2,PO-001231,CUST-00244,2026-01-20,3442.2,OPEN
ORD-001231-3,PO-001231,CUST-00405,2026-01-26,1147.4,OPEN
ORD-001232-1,PO-001232,CUST-01048,2026-05-22,35710.41,OPEN
ORD-001232-2,PO-001232,CUST-00727,2026-05-23,71420.82,OPEN
ORD-001232-3,PO-001232,CUST-00591,2026-05-27,47613.88,OPEN
ORD-001232-4,PO-001232,CUST-00877,2026-05-20,47613.88,OPEN
ORD-001233-1,PO-001233,CUST-01568,2026-05-20,41450.45,OPEN
ORD-001234-1,PO-001234,CUST-01838,2026-03-05,2003.49,OPEN
ORD-001234-2,PO-001234,CUST-00144,2026-02-25,4006.97,OPEN
ORD-001235-1,PO-001235,CUST-00806,2026-04-12,44680.92,OPEN
ORD-001235-2,PO-001235,CUST-00041,2026-04-20,134042.75,OPEN
ORD-001236-1,PO-001236,CUST-02307,2026-01-10,3153.3,OPEN
ORD-001236-2,PO-001236,CUST-01891,2026-01-15,4729.95,OPEN
ORD-001237-1,PO-001237,CUST-02215,2026-06-18,33997.46,OPEN
ORD-001238-1,PO-001238,CUST-00492,2026-08-17,5898.9,OPEN
ORD-001238-2,PO-001238,CUST-01670,2026-08-20,3932.6,OPEN
ORD-001238-3,PO-001238,CUST-02242,2026-08-16,5898.9,OPEN
ORD-001238-4,PO-001238,CUST-01052,2026-08-15,2949.45,OPEN
ORD-001239-1,PO-001239,CUST-01477,2026-02-09,61922.68,OPEN
ORD-001239-2,PO-001239,CUST-00064,2026-02-17,30961.34,OPEN
ORD-001239-3,PO-001239,CUST-02408,2026-02-09,61922.68,OPEN
ORD-001240-1,PO-001240,CUST-00093,2026-06-01,10275.94,OPEN
ORD-001240-2,PO-001240,CUST-01294,2026-06-05,13701.26,OPEN
ORD-001240-3,PO-001240,CUST-01676,2026-06-01,10275.94,OPEN
ORD-001240-4,PO-001240,CUST-02283,2026-06-08,13701.26,OPEN
ORD-001241-1,PO-001241,CUST-00539,2026-08-06,103960.25,OPEN
ORD-001242-1,PO-001242,CUST-01170,2026-03-29,35821.21,OPEN
ORD-001242-2,PO-001242,CUST-01046,2026-03-31,35821.21,OPEN
ORD-001243-1,PO-001243,CUST-01278,2026-02-02,10825.71,OPEN
ORD-001244-1,PO-001244,CUST-02010,2026-05-02,123219.22,OPEN
ORD-001245-1,PO-001245,CUST-01610,2026-01-28,32929.44,OPEN
ORD-001246-1,PO-001246,CUST-02089,2026-07-29,16414.1,OPEN
ORD-001246-2,PO-001246,CUST-02066,2026-07-28,49242.29,OPEN
ORD-001246-3,PO-001246,CUST-01305,2026-07-24,12310.57,OPEN
ORD-001247-1,PO-001247,CUST-02014,2026-07-04,64212.3,OPEN
ORD-001248-1,PO-001248,CUST-00250,2026-04-05,135448.03,OPEN
ORD-001248-2,PO-001248,CUST-01019,2026-04-10,33862.01,OPEN
ORD-001249-1,PO-001249,CUST-00497,2026-06-09,17128.87,OPEN
ORD-001250-1,PO-001250,CUST-00963,2026-01-15,43578.47,OPEN
ORD-001250-2,PO-001250,CUST-02384,2026-01-09,21789.24,OPEN
ORD-001250-3,PO-001250,CUST-00184,2026-01-15,21789.24,OPEN
ORD-001250-4,PO-001250,CUST-01230,2026-01-14,29052.31,OPEN
ORD-001251-1,PO-001251,CUST-00095,2026-05-03,149996.25,OPEN
ORD-001251-2,PO-001251,CUST-00898,2026-05-11,49998.75,OPEN
ORD-001252-1,PO-001252,CUST-01304,2026-07-06,125337.38,OPEN
ORD-001253-1,PO-001253,CUST-00615,2026-07-06,13080.37,OPEN
ORD-001253-2,PO-001253,CUST-00050,2026-07-07,13080.37,OPEN
ORD-001254-1,PO-001254,CUST-01318,2026-07-15,9064.11,OPEN
ORD-001254-2,PO-001254,CUST-01161,2026-07-24,12085.48,OPEN
ORD-001254-3,PO-001254,CUST-01809,2026-07-21,9064.11,OPEN
ORD-001254-4,PO-001254,CUST-02255,2026-07-16,36256.44,OPEN
ORD-001255-1,PO-001255,CUST-02103,2026-07-29,10661.11,OPEN
ORD-001255-2,PO-001255,CUST-00612,2026-07-31,21322.23,OPEN
ORD-001256-1,PO-001256,CUST-01916,2026-05-14,66571.38,OPEN
ORD-001256-2,PO-001256,CUST-01686,2026-05-19,66571.38,OPEN
ORD-001256-3,PO-001256,CUST-01862,2026-05-12,44380.92,OPEN
ORD-001257-1,PO-001257,CUST-01715,2026-02-11,93153.36,OPEN
ORD-001257-2,PO-001257,CUST-01418,2026-02-20,31051.12,OPEN
ORD-001257-3,PO-001257,CUST-00469,2026-02-14,23288.34,OPEN
ORD-001258-1,PO-001258,CUST-00350,2026-02-26,8779.52,OPEN
ORD-001258-2,PO-001258,CUST-01878,2026-03-01,4389.76,OPEN
ORD-001258-3,PO-001258,CUST-00822,2026-02-27,4389.76,OPEN
ORD-001258-4,PO-001258,CUST-00282,2026-03-08,2194.88,OPEN
ORD-001259-1,PO-001259,CUST-01783,2026-06-24,33928.8,OPEN
ORD-001260-1,PO-001260,CUST-00592,2026-03-31,28792.22,OPEN
ORD-001260-2,PO-001260,CUST-01569,2026-03-24,19194.81,OPEN
ORD-001260-3,PO-001260,CUST-01364,2026-03-30,57584.43,OPEN
ORD-001261-1,PO-001261,CUST-01063,2026-07-11,55828.25,OPEN
ORD-001261-2,PO-001261,CUST-00341,2026-07-12,27914.12,OPEN
ORD-001261-3,PO-001261,CUST-00669,2026-07-12,55828.25,OPEN
ORD-001262-1,PO-001262,CUST-02087,2026-08-07,69097.67,OPEN
ORD-001262-2,PO-001262,CUST-01640,2026-08-06,23032.56,OPEN
ORD-001262-3,PO-001262,CUST-01811,2026-08-04,69097.67,OPEN
ORD-001262-4,PO-001262,CUST-01202,2026-08-07,23032.56,OPEN
ORD-001263-1,PO-001263,CUST-00150,2026-06-24,24366.73,OPEN
ORD-001263-2,PO-001263,CUST-02051,2026-06-27,8122.24,OPEN
ORD-001264-1,PO-001264,CUST-01259,2026-02-06,35676.38,OPEN
ORD-001264-2,PO-001264,CUST-00453,2026-02-08,17838.19,OPEN
ORD-001265-1,PO-001265,CUST-02355,2026-08-09,12763.43,OPEN
ORD-001265-2,PO-001265,CUST-01160,2026-08-10,12763.43,OPEN
ORD-001266-1,PO-001266,CUST-02176,2026-02-03,100751.8,OPEN
ORD-001266-2,PO-001266,CUST-01758,2026-01-29,100751.8,OPEN
ORD-001267-1,PO-001267,CUST-02404,2026-06-24,29406.84,OPEN
ORD-001267-2,PO-001267,CUST-01660,2026-06-23,22055.13,OPEN
ORD-001268-1,PO-001268,CUST-01520,2026-07-30,7781.55,OPEN
ORD-001268-2,PO-001268,CUST-00337,2026-08-08,5187.7,OPEN
ORD-001269-1,PO-001269,CUST-00018,2026-02-09,26595.21,OPEN
ORD-001269-2,PO-001269,CUST-02070,2026-02-02,106380.84,OPEN
ORD-001269-3,PO-001269,CUST-00669,2026-01-31,53190.42,OPEN
ORD-001270-1,PO-001270,CUST-00133,2026-05-22,41432.25,OPEN
ORD-001271-1,PO-001271,CUST-02273,2026-07-29,4489.52,OPEN
ORD-001271-2,PO-001271,CUST-00638,2026-07-29,4489.52,OPEN
ORD-001271-3,PO-001271,CUST-00404,2026-07-28,5986.03,OPEN
ORD-001271-4,PO-001271,CUST-02146,2026-08-07,4489.52,OPEN
ORD-001272-1,PO-001272,CUST-01384,2026-06-15,9255.91,OPEN
ORD-001272-2,PO-001272,CUST-01936,2026-06-11,18511.81,OPEN
ORD-001272-3,PO-001272,CUST-02141,2026-06-18,4627.95,OPEN
ORD-001272-4,PO-001272,CUST-01917,2026-06-17,9255.91,OPEN
ORD-001273-1,PO-001273,CUST-02264,2026-05-06,17236.69,OPEN
ORD-001274-1,PO-001274,CUST-02009,2026-08-06,5904.25,OPEN
ORD-001274-2,PO-001274,CUST-01388,2026-08-05,5904.25,OPEN
ORD-001274-3,PO-001274,CUST-02293,2026-08-09,5904.25,OPEN
ORD-001274-4,PO-001274,CUST-02241,2026-08-04,7872.33,OPEN
ORD-001275-1,PO-001275,CUST-01053,2026-04-30,65068.08,OPEN
ORD-001276-1,PO-001276,CUST-02397,2026-02-25,32878.17,OPEN
ORD-001276-2,PO-001276,CUST-02259,2026-03-05,32878.17,OPEN
ORD-001277-1,PO-001277,CUST-00272,2026-06-30,23695.96,OPEN
ORD-001277-2,PO-001277,CUST-02368,2026-06-21,35543.94,OPEN
ORD-001277-3,PO-001277,CUST-00225,2026-06-21,23695.96,OPEN
ORD-001277-4,PO-001277,CUST-00595,2026-06-26,23695.96,OPEN
ORD-001278-1,PO-001278,CUST-00642,2026-08-26,647.37,OPEN
ORD-001278-2,PO-001278,CUST-02368,2026-08-27,971.05,OPEN
ORD-001278-3,PO-001278,CUST-02062,2026-09-03,647.37,OPEN
ORD-001279-1,PO-001279,CUST-00937,2026-03-19,45658.26,OPEN
ORD-001280-1,PO-001280,CUST-01192,2026-08-30,2788.65,OPEN
ORD-001280-2,PO-001280,CUST-00954,2026-08-25,3718.2,OPEN
ORD-001280-3,PO-001280,CUST-00013,2026-08-23,11154.6,OPEN
ORD-001281-1,PO-001281,CUST-02010,2026-08-18,57138.79,OPEN
ORD-001281-2,PO-001281,CUST-01311,2026-08-20,114277.58,OPEN
ORD-001281-3,PO-001281,CUST-01315,2026-08-22,38092.53,OPEN
ORD-001281-4,PO-001281,CUST-01840,2026-08-16,114277.58,OPEN
ORD-001282-1,PO-001282,CUST-01399,2026-02-12,35514.43,OPEN
ORD-001282-2,PO-001282,CUST-00187,2026-02-06,8878.61,OPEN
ORD-001282-3,PO-001282,CUST-00931,2026-02-11,17757.22,OPEN
ORD-001282-4,PO-001282,CUST-01211,2026-02-04,17757.22,OPEN
ORD-001283-1,PO-001283,CUST-01467,2026-07-19,42387.45,OPEN
ORD-001283-2,PO-001283,CUST-01887,2026-07-18,42387.45,OPEN
ORD-001283-3,PO-001283,CUST-00502,2026-07-25,10596.86,OPEN
ORD-001283-4,PO-001283,CUST-02178,2026-07-21,10596.86,OPEN
ORD-001284-1,PO-001284,CUST-00761,2026-02-28,15106.54,OPEN
ORD-001284-2,PO-001284,CUST-02062,2026-02-26,5035.51,OPEN
ORD-001284-3,PO-001284,CUST-01571,2026-03-07,7553.27,OPEN
ORD-001285-1,PO-001285,CUST-00762,2026-03-29,9826.06,OPEN
ORD-001285-2,PO-001285,CUST-01838,2026-03-31,39304.24,OPEN
ORD-001285-3,PO-001285,CUST-00043,2026-03-31,19652.12,OPEN
ORD-001285-4,PO-001285,CUST-00590,2026-04-06,19652.12,OPEN
ORD-001286-1,PO-001286,CUST-01467,2026-04-03,15816.38,OPEN
ORD-001286-2,PO-001286,CUST-02065,2026-03-31,7908.19,OPEN
ORD-001286-3,PO-001286,CUST-00124,2026-03-28,7908.19,OPEN
ORD-001286-4,PO-001286,CUST-02423,2026-04-05,7908.19,OPEN
ORD-001287-1,PO-001287,CUST-01421,2026-07-01,50524.03,OPEN
ORD-001287-2,PO-001287,CUST-01943,2026-07-06,25262.01,OPEN
ORD-001288-1,PO-001288,CUST-01288,2026-08-24,49442.1,OPEN
ORD-001288-2,PO-001288,CUST-00237,2026-08-26,12360.52,OPEN
ORD-001288-3,PO-001288,CUST-02048,2026-08-28,12360.52,OPEN
ORD-001288-4,PO-001288,CUST-00651,2026-08-25,16480.7,OPEN
ORD-001289-1,PO-001289,CUST-00861,2026-03-05,31190.11,OPEN
ORD-001289-2,PO-001289,CUST-00739,2026-03-10,62380.22,OPEN
ORD-001290-1,PO-001290,CUST-01745,2026-05-09,3985.37,OPEN
ORD-001290-2,PO-001290,CUST-01733,2026-05-11,15941.47,OPEN
ORD-001290-3,PO-001290,CUST-02225,2026-05-08,7970.73,OPEN
ORD-001290-4,PO-001290,CUST-02263,2026-05-08,5313.82,OPEN
ORD-001291-1,PO-001291,CUST-00850,2026-01-18,56532.14,OPEN
ORD-001291-2,PO-001291,CUST-00739,2026-01-11,56532.14,OPEN
ORD-001291-3,PO-001291,CUST-00392,2026-01-18,56532.14,OPEN
ORD-001291-4,PO-001291,CUST-01101,2026-01-19,14133.03,OPEN
ORD-001292-1,PO-001292,CUST-00885,2026-05-27,4278.36,OPEN
ORD-001292-2,PO-001292,CUST-00162,2026-05-23,1069.59,OPEN
ORD-001292-3,PO-001292,CUST-02390,2026-05-20,1426.12,OPEN
ORD-001292-4,PO-001292,CUST-01880,2026-05-22,1069.59,OPEN
ORD-001293-1,PO-001293,CUST-01817,2026-04-09,28949.01,OPEN
ORD-001293-2,PO-001293,CUST-02212,2026-04-15,86847.03,OPEN
ORD-001293-3,PO-001293,CUST-01332,2026-04-07,21711.76,OPEN
ORD-001293-4,PO-001293,CUST-02253,2026-04-09,28949.01,OPEN
ORD-001294-1,PO-001294,CUST-00739,2026-07-10,22726.08,OPEN
ORD-001294-2,PO-001294,CUST-01588,2026-07-10,90904.34,OPEN
ORD-001294-3,PO-001294,CUST-01223,2026-07-18,90904.34,OPEN
ORD-001294-4,PO-001294,CUST-01764,2026-07-08,45452.17,OPEN
ORD-001295-1,PO-001295,CUST-01458,2026-06-17,16667.86,OPEN
ORD-001295-2,PO-001295,CUST-02402,2026-06-22,16667.86,OPEN
ORD-001295-3,PO-001295,CUST-02072,2026-06-22,50003.59,OPEN
ORD-001295-4,PO-001295,CUST-01715,2026-06-19,50003.59,OPEN
ORD-001296-1,PO-001296,CUST-00424,2026-08-13,130720.08,OPEN
ORD-001297-1,PO-001297,CUST-00134,2026-02-16,14166.26,OPEN
ORD-001297-2,PO-001297,CUST-02396,2026-02-20,28332.53,OPEN
ORD-001297-3,PO-001297,CUST-00789,2026-02-14,9444.18,OPEN
ORD-001298-1,PO-001298,CUST-01358,2026-02-14,12359.81,OPEN
ORD-001299-1,PO-001299,CUST-00853,2026-04-03,14303.38,OPEN
ORD-001299-2,PO-001299,CUST-00665,2026-03-31,21455.08,OPEN
ORD-001300-1,PO-001300,CUST-00502,2026-06-06,32149.92,OPEN
ORD-001301-1,PO-001301,CUST-01283,2026-01-29,6168.25,OPEN
ORD-001301-2,PO-001301,CUST-00232,2026-02-02,12336.5,OPEN
ORD-001301-3,PO-001301,CUST-01645,2026-01-27,6168.25,OPEN
ORD-001301-4,PO-001301,CUST-01266,2026-01-31,6168.25,OPEN
ORD-001302-1,PO-001302,CUST-00381,2026-01-26,45336.32,OPEN
ORD-001302-2,PO-001302,CUST-00401,2026-01-24,45336.32,OPEN
ORD-001303-1,PO-001303,CUST-00951,2026-05-02,3954.67,OPEN
ORD-001304-1,PO-001304,CUST-01032,2026-08-09,35660.8,OPEN
ORD-001304-2,PO-001304,CUST-01744,2026-08-09,142643.2,OPEN
ORD-001304-3,PO-001304,CUST-00019,2026-08-10,142643.2,OPEN
ORD-001305-1,PO-001305,CUST-00434,2026-03-25,65623.35,OPEN
ORD-001306-1,PO-001306,CUST-00860,2026-08-10,16704.6,OPEN
ORD-001306-2,PO-001306,CUST-01227,2026-08-10,50113.8,OPEN
ORD-001306-3,PO-001306,CUST-01988,2026-08-17,12528.45,OPEN
ORD-001307-1,PO-001307,CUST-00629,2026-03-12,35093.8,OPEN
ORD-001307-2,PO-001307,CUST-01042,2026-03-16,35093.8,OPEN
ORD-001307-3,PO-001307,CUST-02420,2026-03-16,70187.6,OPEN
ORD-001308-1,PO-001308,CUST-00856,2026-05-16,3348.19,OPEN
ORD-001308-2,PO-001308,CUST-01452,2026-05-16,1674.1,OPEN
ORD-001308-3,PO-001308,CUST-00680,2026-05-16,6696.38,OPEN
ORD-001308-4,PO-001308,CUST-01775,2026-05-15,2232.13,OPEN
ORD-001309-1,PO-001309,CUST-01314,2026-06-20,37883.35,OPEN
ORD-001309-2,PO-001309,CUST-01657,2026-06-19,37883.35,OPEN
ORD-001310-1,PO-001310,CUST-01307,2026-04-16,36298.57,OPEN
ORD-001310-2,PO-001310,CUST-00692,2026-04-13,18149.28,OPEN
ORD-001310-3,PO-001310,CUST-01436,2026-04-14,36298.57,OPEN
ORD-001311-1,PO-001311,CUST-00705,2026-04-05,27383.94,OPEN
ORD-001311-2,PO-001311,CUST-00739,2026-04-04,36511.92,OPEN
ORD-001312-1,PO-001312,CUST-02434,2026-07-26,12398.76,OPEN
ORD-001313-1,PO-001313,CUST-01633,2026-04-13,6487.76,OPEN
ORD-001314-1,PO-001314,CUST-00274,2026-08-03,62975.97,OPEN
ORD-001314-2,PO-001314,CUST-00077,2026-08-10,125951.95,OPEN
ORD-001314-3,PO-001314,CUST-00205,2026-08-09,125951.95,OPEN
ORD-001314-4,PO-001314,CUST-01007,2026-08-09,62975.97,OPEN
ORD-001315-1,PO-001315,CUST-01566,2026-02-05,12234.08,OPEN
ORD-001316-1,PO-001316,CUST-01313,2026-09-06,79567.05,OPEN
ORD-001316-2,PO-001316,CUST-01713,2026-09-02,79567.05,OPEN
ORD-001316-3,PO-001316,CUST-01602,2026-09-02,39783.53,OPEN
ORD-001316-4,PO-001316,CUST-00043,2026-09-04,26522.35,OPEN
ORD-001317-1,PO-001317,CUST-01744,2026-04-30,6608.22,OPEN
ORD-001317-2,PO-001317,CUST-00843,2026-05-02,26432.89,OPEN
ORD-001317-3,PO-001317,CUST-01061,2026-04-30,26432.89,OPEN
ORD-001317-4,PO-001317,CUST-00563,2026-05-05,8810.96,OPEN
ORD-001318-1,PO-001318,CUST-00732,2026-03-15,33759.82,OPEN
ORD-001319-1,PO-001319,CUST-01029,2026-05-20,27310.42,OPEN
ORD-001320-1,PO-001320,CUST-01394,2026-08-05,13992.59,OPEN
ORD-001321-1,PO-001321,CUST-00749,2026-01-08,49900.6,OPEN
ORD-001321-2,PO-001321,CUST-01824,2026-01-10,74850.9,OPEN
ORD-001322-1,PO-001322,CUST-01755,2026-01-24,38467.69,OPEN
ORD-001322-2,PO-001322,CUST-02346,2026-01-28,28850.77,OPEN
ORD-001323-1,PO-001323,CUST-00561,2026-02-15,13540.21,OPEN
ORD-001323-2,PO-001323,CUST-01151,2026-02-21,54160.84,OPEN
ORD-001323-3,PO-001323,CUST-02113,2026-02-14,27080.42,OPEN
ORD-001324-1,PO-001324,CUST-01974,2026-01-11,29848.4,OPEN
ORD-001324-2,PO-001324,CUST-01601,2026-01-03,89545.21,OPEN
ORD-001324-3,PO-001324,CUST-02417,2026-01-04,29848.4,OPEN
ORD-001325-1,PO-001325,CUST-00205,2026-06-02,29315.34,OPEN
ORD-001326-1,PO-001326,CUST-01130,2026-07-16,4844.18,OPEN
ORD-001326-2,PO-001326,CUST-01537,2026-07-08,3633.14,OPEN
ORD-001326-3,PO-001326,CUST-01703,2026-07-15,4844.18,OPEN
ORD-001326-4,PO-001326,CUST-01589,2026-07-15,7266.27,OPEN
ORD-001327-1,PO-001327,CUST-00245,2026-04-13,99038.67,OPEN
ORD-001327-2,PO-001327,CUST-02363,2026-04-12,49519.33,OPEN
ORD-001327-3,PO-001327,CUST-01371,2026-04-13,33012.89,OPEN
ORD-001328-1,PO-001328,CUST-00137,2026-01-12,10965.84,OPEN
ORD-001328-2,PO-001328,CUST-01820,2026-01-09,21931.68,OPEN
ORD-001328-3,PO-001328,CUST-00866,2026-01-15,21931.68,OPEN
ORD-001329-1,PO-001329,CUST-00750,2026-06-21,16021.53,OPEN
ORD-001329-2,PO-001329,CUST-01948,2026-06-26,8010.77,OPEN
ORD-001329-3,PO-001329,CUST-02097,2026-06-21,32043.06,OPEN
ORD-001329-4,PO-001329,CUST-01348,2026-06-30,8010.77,OPEN
ORD-001330-1,PO-001330,CUST-02346,2026-06-30,44935.15,OPEN
ORD-001330-2,PO-001330,CUST-02110,2026-06-27,44935.15,OPEN
ORD-001330-3,PO-001330,CUST-01638,2026-07-01,22467.58,OPEN
ORD-001330-4,PO-001330,CUST-00090,2026-07-03,29956.77,OPEN
ORD-001331-1,PO-001331,CUST-00319,2026-02-09,31087.79,OPEN
ORD-001332-1,PO-001332,CUST-01648,2026-01-08,61366.68,OPEN
ORD-001332-2,PO-001332,CUST-01944,2026-01-18,61366.68,OPEN
ORD-001333-1,PO-001333,CUST-02302,2026-07-23,125628.2,OPEN
ORD-001333-2,PO-001333,CUST-00956,2026-07-21,62814.1,OPEN
ORD-001334-1,PO-001334,CUST-02406,2026-05-19,15930.46,OPEN
ORD-001334-2,PO-001334,CUST-02423,2026-05-17,31860.92,OPEN
ORD-001334-3,PO-001334,CUST-01339,2026-05-18,31860.92,OPEN
ORD-001335-1,PO-001335,CUST-02453,2026-01-29,10675.1,OPEN
ORD-001335-2,PO-001335,CUST-02207,2026-02-07,14233.47,OPEN
ORD-001335-3,PO-001335,CUST-01059,2026-01-29,14233.47,OPEN
ORD-001335-4,PO-001335,CUST-00951,2026-01-31,14233.47,OPEN
ORD-001336-1,PO-001336,CUST-01909,2026-06-28,118059.28,OPEN
ORD-001336-2,PO-001336,CUST-01932,2026-06-19,29514.82,OPEN
ORD-001337-1,PO-001337,CUST-00422,2026-06-19,41026.36,OPEN
ORD-001338-1,PO-001338,CUST-00819,2026-08-24,127563.25,OPEN
ORD-001339-1,PO-001339,CUST-00175,2026-01-24,46856.3,OPEN
ORD-001339-2,PO-001339,CUST-02102,2026-01-17,140568.9,OPEN
ORD-001339-3,PO-001339,CUST-01861,2026-01-14,140568.9,OPEN
ORD-001339-4,PO-001339,CUST-02461,2026-01-16,70284.45,OPEN
ORD-001340-1,PO-001340,CUST-01875,2026-08-12,45222.53,OPEN
ORD-001341-1,PO-001341,CUST-01717,2026-05-26,27985.68,OPEN
ORD-001341-2,PO-001341,CUST-02457,2026-05-31,27985.68,OPEN
ORD-001341-3,PO-001341,CUST-01664,2026-05-27,6996.42,OPEN
ORD-001342-1,PO-001342,CUST-01869,2026-05-25,20453.6,OPEN
ORD-001342-2,PO-001342,CUST-01084,2026-05-22,10226.8,OPEN
ORD-001343-1,PO-001343,CUST-00025,2026-07-30,22357.97,OPEN
ORD-001343-2,PO-001343,CUST-00585,2026-07-25,29810.63,OPEN
ORD-001343-3,PO-001343,CUST-00881,2026-08-04,29810.63,OPEN
ORD-001344-1,PO-001344,CUST-00037,2026-09-03,69471.01,OPEN
ORD-001344-2,PO-001344,CUST-01660,2026-09-02,34735.5,OPEN
ORD-001344-3,PO-001344,CUST-01839,2026-09-01,34735.5,OPEN
ORD-001344-4,PO-001344,CUST-01538,2026-09-02,69471.01,OPEN
ORD-001345-1,PO-001345,CUST-02183,2026-01-15,53113.62,OPEN
ORD-001345-2,PO-001345,CUST-00996,2026-01-15,53113.62,OPEN
ORD-001345-3,PO-001345,CUST-00487,2026-01-19,26556.81,OPEN
ORD-001345-4,PO-001345,CUST-01019,2026-01-18,13278.41,OPEN
ORD-001346-1,PO-001346,CUST-00158,2026-04-19,5816.1,OPEN
ORD-001346-2,PO-001346,CUST-01163,2026-04-23,5816.1,OPEN
ORD-001347-1,PO-001347,CUST-01051,2026-05-31,46906.59,OPEN
ORD-001347-2,PO-001347,CUST-00756,2026-06-06,11726.65,OPEN
ORD-001348-1,PO-001348,CUST-00725,2026-01-10,14470.71,OPEN
ORD-001349-1,PO-001349,CUST-01638,2026-06-05,34316.14,OPEN
ORD-001349-2,PO-001349,CUST-01848,2026-06-07,34316.14,OPEN
ORD-001350-1,PO-001350,CUST-00201,2026-01-12,22757.81,OPEN
ORD-001350-2,PO-001350,CUST-00392,2026-01-13,22757.81,OPEN
ORD-001350-3,PO-001350,CUST-02456,2026-01-13,22757.81,OPEN
ORD-001351-1,PO-001351,CUST-01911,2026-01-07,4884.98,OPEN
ORD-001351-2,PO-001351,CUST-01250,2026-01-12,4884.98,OPEN
ORD-001351-3,PO-001351,CUST-02311,2026-01-03,1628.33,OPEN
ORD-001352-1,PO-001352,CUST-00543,2026-01-07,7754.18,OPEN
ORD-001352-2,PO-001352,CUST-01341,2026-01-14,7754.18,OPEN
ORD-001352-3,PO-001352,CUST-00555,2026-01-09,15508.36,OPEN
ORD-001353-1,PO-001353,CUST-00951,2026-07-04,32506.73,OPEN
ORD-001353-2,PO-001353,CUST-01754,2026-07-08,24380.05,OPEN
ORD-001354-1,PO-001354,CUST-01516,2026-06-02,135908.74,OPEN
ORD-001354-2,PO-001354,CUST-00349,2026-05-26,135908.74,OPEN
ORD-001355-1,PO-001355,CUST-02343,2026-05-03,23136.3,OPEN
ORD-001356-1,PO-001356,CUST-01056,2026-08-10,31767.62,OPEN
ORD-001356-2,PO-001356,CUST-00298,2026-08-11,63535.24,OPEN
ORD-001357-1,PO-001357,CUST-02032,2026-08-13,15250.82,OPEN
ORD-001358-1,PO-001358,CUST-00185,2026-04-09,4892.72,OPEN
ORD-001359-1,PO-001359,CUST-00166,2026-06-04,7535.56,OPEN
ORD-001359-2,PO-001359,CUST-01272,2026-06-03,10047.42,OPEN
ORD-001360-1,PO-001360,CUST-00528,2026-07-26,10251.14,OPEN
ORD-001361-1,PO-001361,CUST-01931,2026-06-28,125622.63,OPEN
ORD-001361-2,PO-001361,CUST-00368,2026-07-05,41874.21,OPEN
ORD-001361-3,PO-001361,CUST-02205,2026-07-07,62811.32,OPEN
ORD-001362-1,PO-001362,CUST-02287,2026-04-10,57837.24,OPEN
ORD-001363-1,PO-001363,CUST-01068,2026-04-04,20479.76,OPEN
ORD-001364-1,PO-001364,CUST-01937,2026-03-05,22635.12,OPEN
ORD-001364-2,PO-001364,CUST-02408,2026-03-09,90540.46,OPEN
ORD-001364-3,PO-001364,CUST-01277,2026-03-09,30180.15,OPEN
ORD-001364-4,PO-001364,CUST-01019,2026-03-09,90540.46,OPEN
ORD-001365-1,PO-001365,CUST-01613,2026-01-30,30184.66,OPEN
ORD-001365-2,PO-001365,CUST-02229,2026-01-24,40246.22,OPEN
ORD-001366-1,PO-001366,CUST-00621,2026-06-18,145829.23,OPEN
ORD-001366-2,PO-001366,CUST-00371,2026-06-12,48609.74,OPEN
ORD-001366-3,PO-001366,CUST-00835,2026-06-16,72914.62,OPEN
ORD-001366-4,PO-001366,CUST-00542,2026-06-15,36457.31,OPEN
ORD-001367-1,PO-001367,CUST-01770,2026-06-04,147825.32,OPEN
ORD-001367-2,PO-001367,CUST-00175,2026-06-12,36956.33,OPEN
ORD-001367-3,PO-001367,CUST-02456,2026-06-04,147825.32,OPEN
ORD-001368-1,PO-001368,CUST-01597,2026-08-20,16871.25,OPEN
ORD-001368-2,PO-001368,CUST-02201,2026-08-11,11247.5,OPEN
ORD-001369-1,PO-001369,CUST-00457,2026-03-31,24869.9,OPEN
ORD-001369-2,PO-001369,CUST-01863,2026-03-29,8289.97,OPEN
ORD-001370-1,PO-001370,CUST-01117,2026-03-29,8567.65,OPEN
ORD-001371-1,PO-001371,CUST-00328,2026-07-15,52442.24,OPEN
ORD-001371-2,PO-001371,CUST-00301,2026-07-09,26221.12,OPEN
ORD-001372-1,PO-001372,CUST-01669,2026-06-03,20604.38,OPEN
ORD-001372-2,PO-001372,CUST-00012,2026-06-02,10302.19,OPEN
ORD-001372-3,PO-001372,CUST-01575,2026-05-28,20604.38,OPEN
ORD-001372-4,PO-001372,CUST-00532,2026-06-01,41208.75,OPEN
ORD-001373-1,PO-001373,CUST-00213,2026-01-02,10934.74,OPEN
ORD-001373-2,PO-001373,CUST-01622,2026-01-02,8201.06,OPEN
ORD-001373-3,PO-001373,CUST-00181,2026-01-02,10934.74,OPEN
ORD-001373-4,PO-001373,CUST-01757,2026-01-12,32804.23,OPEN
ORD-001374-1,PO-001374,CUST-00972,2026-01-05,129007.38,OPEN
ORD-001375-1,PO-001375,CUST-01885,2026-02-06,1992.09,OPEN
ORD-001375-2,PO-001375,CUST-00948,2026-02-11,1328.06,OPEN
ORD-001375-3,PO-001375,CUST-01608,2026-02-14,1992.09,OPEN
ORD-001376-1,PO-001376,CUST-01318,2026-01-19,6796.89,OPEN
ORD-001376-2,PO-001376,CUST-00180,2026-01-22,10195.33,OPEN
ORD-001376-3,PO-001376,CUST-01169,2026-01-20,6796.89,OPEN
ORD-001377-1,PO-001377,CUST-02169,2026-02-06,27945.66,OPEN
ORD-001377-2,PO-001377,CUST-01631,2026-02-05,27945.66,OPEN
ORD-001377-3,PO-001377,CUST-00612,2026-02-03,27945.66,OPEN
ORD-001377-4,PO-001377,CUST-00215,2026-02-10,20959.24,OPEN
ORD-001378-1,PO-001378,CUST-01269,2026-03-08,72720.68,OPEN
ORD-001379-1,PO-001379,CUST-00537,2026-01-09,44801.74,OPEN
ORD-001379-2,PO-001379,CUST-02065,2026-01-04,14933.91,OPEN
ORD-001379-3,PO-001379,CUST-00816,2026-01-04,14933.91,OPEN
ORD-001379-4,PO-001379,CUST-00944,2026-01-04,11200.43,OPEN
ORD-001380-1,PO-001380,CUST-02344,2026-08-01,3634.12,OPEN
ORD-001381-1,PO-001381,CUST-01260,2026-03-16,15227.4,OPEN
ORD-001381-2,PO-001381,CUST-01538,2026-03-11,45682.21,OPEN
ORD-001382-1,PO-001382,CUST-00505,2026-06-29,30460.44,OPEN
ORD-001383-1,PO-001383,CUST-01760,2026-05-01,72340.68,OPEN
ORD-001383-2,PO-001383,CUST-00798,2026-04-23,72340.68,OPEN
ORD-001383-3,PO-001383,CUST-02292,2026-04-29,48227.12,OPEN
ORD-001383-4,PO-001383,CUST-01533,2026-04-30,144681.36,OPEN
ORD-001384-1,PO-001384,CUST-01001,2026-03-05,49692.05,OPEN
ORD-001384-2,PO-001384,CUST-00672,2026-03-13,74538.07,OPEN
ORD-001384-3,PO-001384,CUST-02003,2026-03-09,37269.04,OPEN
ORD-001384-4,PO-001384,CUST-02473,2026-03-07,74538.07,OPEN
ORD-001385-1,PO-001385,CUST-00763,2026-02-27,85045.6,OPEN
ORD-001385-2,PO-001385,CUST-00672,2026-02-28,42522.8,OPEN
ORD-001385-3,PO-001385,CUST-01058,2026-03-01,42522.8,OPEN
ORD-001386-1,PO-001386,CUST-00577,2026-06-17,46663.76,OPEN
ORD-001386-2,PO-001386,CUST-00089,2026-06-12,69995.64,OPEN
ORD-001387-1,PO-001387,CUST-01202,2026-01-19,21260.11,OPEN
ORD-001387-2,PO-001387,CUST-00290,2026-01-21,15945.08,OPEN
ORD-001388-1,PO-001388,CUST-01345,2026-08-21,91412.13,OPEN
ORD-001388-2,PO-001388,CUST-00236,2026-08-18,22853.03,OPEN
ORD-001388-3,PO-001388,CUST-00827,2026-08-22,91412.13,OPEN
ORD-001389-1,PO-001389,CUST-00634,2026-01-04,53817.42,OPEN
ORD-001389-2,PO-001389,CUST-00526,2026-01-11,53817.42,OPEN
ORD-001389-3,PO-001389,CUST-00895,2026-01-08,26908.71,OPEN
ORD-001390-1,PO-001390,CUST-00015,2026-04-12,15142.61,OPEN
ORD-001390-2,PO-001390,CUST-00976,2026-04-17,60570.46,OPEN
ORD-001390-3,PO-001390,CUST-00695,2026-04-17,20190.15,OPEN
ORD-001390-4,PO-001390,CUST-01179,2026-04-16,30285.23,OPEN
ORD-001391-1,PO-001391,CUST-00076,2026-07-29,35451.63,OPEN
ORD-001391-2,PO-001391,CUST-02074,2026-07-29,35451.63,OPEN
ORD-001392-1,PO-001392,CUST-00164,2026-02-07,56001.92,OPEN
ORD-001392-2,PO-001392,CUST-01653,2026-02-08,18667.31,OPEN
ORD-001392-3,PO-001392,CUST-02350,2026-02-06,18667.31,OPEN
ORD-001392-4,PO-001392,CUST-02402,2026-02-10,14000.48,OPEN
ORD-001393-1,PO-001393,CUST-01056,2026-06-09,104997.93,OPEN
ORD-001393-2,PO-001393,CUST-02414,2026-06-06,104997.93,OPEN
ORD-001393-3,PO-001393,CUST-00059,2026-06-05,34999.31,OPEN
ORD-001394-1,PO-001394,CUST-00540,2026-02-09,61810.07,OPEN
ORD-001394-2,PO-001394,CUST-01561,2026-02-15,41206.71,OPEN
ORD-001394-3,PO-001394,CUST-02245,2026-02-07,61810.07,OPEN
ORD-001395-1,PO-001395,CUST-02304,2026-06-28,43373.36,OPEN
ORD-001395-2,PO-001395,CUST-00017,2026-06-23,130120.08,OPEN
ORD-001395-3,PO-001395,CUST-01790,2026-06-21,32530.02,OPEN
ORD-001396-1,PO-001396,CUST-00662,2026-08-02,44470.49,OPEN
ORD-001396-2,PO-001396,CUST-00264,2026-08-05,22235.24,OPEN
ORD-001396-3,PO-001396,CUST-00528,2026-08-06,44470.49,OPEN
ORD-001396-4,PO-001396,CUST-00237,2026-08-06,22235.24,OPEN
ORD-001397-1,PO-001397,CUST-01047,2026-01-19,29247.98,OPEN
ORD-001397-2,PO-001397,CUST-01916,2026-01-24,19498.65,OPEN
ORD-001397-3,PO-001397,CUST-01604,2026-01-27,19498.65,OPEN
ORD-001397-4,PO-001397,CUST-01818,2026-01-26,14623.99,OPEN
ORD-001398-1,PO-001398,CUST-00632,2026-02-28,33149.33,OPEN
ORD-001399-1,PO-001399,CUST-01574,2026-01-19,125991.9,OPEN
ORD-001399-2,PO-001399,CUST-01715,2026-01-13,125991.9,OPEN
ORD-001400-1,PO-001400,CUST-02045,2026-07-11,22572.66,OPEN
ORD-001400-2,PO-001400,CUST-01343,2026-07-13,22572.66,OPEN
ORD-001400-3,PO-001400,CUST-00706,2026-07-12,67717.98,OPEN
ORD-001400-4,PO-001400,CUST-00024,2026-07-13,22572.66,OPEN
ORD-001401-1,PO-001401,CUST-01464,2026-04-01,78392.42,OPEN
ORD-001401-2,PO-001401,CUST-01046,2026-04-03,26130.81,OPEN
ORD-001402-1,PO-001402,CUST-01213,2026-08-18,9718.71,OPEN
ORD-001402-2,PO-001402,CUST-02168,2026-08-20,19437.42,OPEN
ORD-001402-3,PO-001402,CUST-02100,2026-08-23,38874.83,OPEN
ORD-001403-1,PO-001403,CUST-01673,2026-08-11,3381.77,OPEN
ORD-001403-2,PO-001403,CUST-01097,2026-08-20,2254.51,OPEN
ORD-001403-3,PO-001403,CUST-00249,2026-08-19,1690.88,OPEN
ORD-001403-4,PO-001403,CUST-02215,2026-08-16,6763.54,OPEN
ORD-001404-1,PO-001404,CUST-02370,2026-06-08,38880.14,OPEN
ORD-001405-1,PO-001405,CUST-00553,2026-06-22,2599.73,OPEN
ORD-001405-2,PO-001405,CUST-00449,2026-06-15,3466.31,OPEN
ORD-001405-3,PO-001405,CUST-02158,2026-06-19,3466.31,OPEN
ORD-001405-4,PO-001405,CUST-01901,2026-06-18,10398.93,OPEN
ORD-001406-1,PO-001406,CUST-02041,2026-07-21,34616.53,OPEN
ORD-001407-1,PO-001407,CUST-00005,2026-06-25,829.09,OPEN
ORD-001408-1,PO-001408,CUST-02173,2026-02-08,32591.9,OPEN
ORD-001408-2,PO-001408,CUST-00072,2026-02-12,32591.9,OPEN
ORD-001409-1,PO-001409,CUST-01930,2026-02-19,1652.48,OPEN
ORD-001409-2,PO-001409,CUST-01486,2026-02-15,1652.48,OPEN
ORD-001409-3,PO-001409,CUST-00274,2026-02-10,2203.31,OPEN
ORD-001409-4,PO-001409,CUST-00826,2026-02-13,3304.96,OPEN
ORD-001410-1,PO-001410,CUST-00652,2026-08-04,22788.22,OPEN
ORD-001410-2,PO-001410,CUST-00128,2026-08-05,22788.22,OPEN
ORD-001410-3,PO-001410,CUST-01147,2026-08-11,22788.22,OPEN
ORD-001411-1,PO-001411,CUST-00011,2026-03-23,69624.86,OPEN
ORD-001412-1,PO-001412,CUST-01920,2026-06-19,145007.66,OPEN
ORD-001412-2,PO-001412,CUST-00601,2026-06-20,48335.89,OPEN
ORD-001412-3,PO-001412,CUST-01698,2026-06-23,48335.89,OPEN
ORD-001413-1,PO-001413,CUST-00592,2026-08-29,15837.77,OPEN
ORD-001413-2,PO-001413,CUST-02059,2026-08-28,15837.77,OPEN
ORD-001414-1,PO-001414,CUST-01118,2026-03-06,23664.4,OPEN
ORD-001415-1,PO-001415,CUST-01063,2026-01-22,33609.76,OPEN
ORD-001415-2,PO-001415,CUST-01286,2026-01-21,25207.32,OPEN
ORD-001415-3,PO-001415,CUST-02231,2026-01-24,100829.27,OPEN
ORD-001415-4,PO-001415,CUST-01854,2026-01-25,100829.27,OPEN
ORD-001416-1,PO-001416,CUST-02285,2026-04-10,87686.24,OPEN
ORD-001416-2,PO-001416,CUST-00687,2026-04-06,21921.56,OPEN
ORD-001416-3,PO-001416,CUST-02255,2026-04-04,29228.75,OPEN
ORD-001416-4,PO-001416,CUST-02151,2026-04-07,43843.12,OPEN
ORD-001417-1,PO-001417,CUST-00739,2026-04-23,12351.4,OPEN
ORD-001417-2,PO-001417,CUST-00362,2026-04-13,4117.13,OPEN
ORD-001417-3,PO-001417,CUST-02323,2026-04-14,6175.7,OPEN
ORD-001417-4,PO-001417,CUST-00403,2026-04-21,3087.85,OPEN
ORD-001418-1,PO-001418,CUST-00486,2026-06-22,124214.22,OPEN
ORD-001418-2,PO-001418,CUST-00899,2026-06-25,62107.11,OPEN
ORD-001418-3,PO-001418,CUST-01588,2026-06-25,62107.11,OPEN
ORD-001418-4,PO-001418,CUST-01126,2026-06-19,62107.11,OPEN
ORD-001419-1,PO-001419,CUST-00182,2026-06-22,15305.44,OPEN
ORD-001420-1,PO-001420,CUST-01828,2026-05-16,30773.47,OPEN
ORD-001420-2,PO-001420,CUST-00416,2026-05-18,46160.21,OPEN
ORD-001421-1,PO-001421,CUST-01465,2026-04-02,51369.41,OPEN
ORD-001421-2,PO-001421,CUST-02472,2026-04-03,12842.35,OPEN
ORD-001421-3,PO-001421,CUST-01148,2026-04-03,17123.14,OPEN
ORD-001422-1,PO-001422,CUST-01264,2026-05-15,80840.54,OPEN
ORD-001423-1,PO-001423,CUST-01641,2026-07-12,11640.74,OPEN
ORD-001423-2,PO-001423,CUST-01612,2026-07-13,7760.49,OPEN
ORD-001423-3,PO-001423,CUST-02388,2026-07-13,23281.47,OPEN
ORD-001424-1,PO-001424,CUST-01094,2026-06-11,22412.7,OPEN
ORD-001424-2,PO-001424,CUST-01079,2026-06-16,22412.7,OPEN
ORD-001425-1,PO-001425,CUST-00089,2026-01-13,45763.14,OPEN
ORD-001425-2,PO-001425,CUST-01308,2026-01-10,68644.71,OPEN
ORD-001425-3,PO-001425,CUST-00488,2026-01-14,68644.71,OPEN
ORD-001425-4,PO-001425,CUST-01856,2026-01-14,45763.14,OPEN
ORD-001426-1,PO-001426,CUST-00155,2026-06-27,33078.88,OPEN
ORD-001426-2,PO-001426,CUST-02291,2026-06-20,22052.58,OPEN
ORD-001426-3,PO-001426,CUST-00929,2026-06-29,33078.88,OPEN
ORD-001426-4,PO-001426,CUST-01540,2026-06-23,66157.75,OPEN
ORD-001427-1,PO-001427,CUST-01912,2026-06-16,110960.49,OPEN
ORD-001427-2,PO-001427,CUST-01929,2026-06-14,27740.12,OPEN
ORD-001427-3,PO-001427,CUST-00502,2026-06-16,55480.25,OPEN
ORD-001427-4,PO-001427,CUST-00338,2026-06-15,36986.83,OPEN
ORD-001428-1,PO-001428,CUST-00679,2026-04-19,5007.24,OPEN
ORD-001428-2,PO-001428,CUST-01657,2026-04-29,10014.48,OPEN
ORD-001428-3,PO-001428,CUST-00406,2026-04-20,3338.16,OPEN
ORD-001429-1,PO-001429,CUST-01995,2026-06-28,36093.57,OPEN
ORD-001429-2,PO-001429,CUST-02423,2026-06-20,36093.57,OPEN
ORD-001429-3,PO-001429,CUST-01183,2026-06-28,18046.79,OPEN
ORD-001430-1,PO-001430,CUST-00767,2026-08-05,5789.65,OPEN
ORD-001431-1,PO-001431,CUST-01702,2026-04-26,14219.55,OPEN
ORD-001432-1,PO-001432,CUST-00132,2026-02-09,74804.29,OPEN
ORD-001432-2,PO-001432,CUST-01101,2026-02-07,74804.29,OPEN
ORD-001433-1,PO-001433,CUST-01725,2026-01-25,67498.41,OPEN
ORD-001433-2,PO-001433,CUST-00385,2026-01-28,134996.83,OPEN
ORD-001433-3,PO-001433,CUST-01342,2026-01-28,134996.83,OPEN
ORD-001433-4,PO-001433,CUST-00493,2026-01-23,33749.21,OPEN
ORD-001434-1,PO-001434,CUST-01620,2026-03-03,12391.44,OPEN
ORD-001435-1,PO-001435,CUST-01009,2026-02-06,32587.19,OPEN
ORD-001436-1,PO-001436,CUST-01459,2026-01-27,28452.65,OPEN
ORD-001436-2,PO-001436,CUST-01991,2026-01-28,42678.97,OPEN
ORD-001436-3,PO-001436,CUST-00380,2026-01-24,28452.65,OPEN
ORD-001436-4,PO-001436,CUST-00887,2026-01-18,85357.94,OPEN
ORD-001437-1,PO-001437,CUST-01182,2026-07-13,40112.15,OPEN
ORD-001438-1,PO-001438,CUST-00988,2026-05-08,5382.98,OPEN
ORD-001439-1,PO-001439,CUST-01198,2026-03-22,14251.65,OPEN
ORD-001439-2,PO-001439,CUST-00381,2026-03-14,19002.2,OPEN
ORD-001439-3,PO-001439,CUST-02155,2026-03-21,14251.65,OPEN
ORD-001440-1,PO-001440,CUST-01170,2026-02-24,3332.46,OPEN
ORD-001440-2,PO-001440,CUST-01741,2026-03-03,2499.35,OPEN
ORD-001440-3,PO-001440,CUST-02165,2026-02-27,9997.39,OPEN
ORD-001441-1,PO-001441,CUST-00845,2026-01-27,36200.49,OPEN
ORD-001441-2,PO-001441,CUST-00266,2026-01-31,108601.46,OPEN
ORD-001442-1,PO-001442,CUST-02248,2026-05-24,62176.64,OPEN
ORD-001443-1,PO-001443,CUST-01861,2026-06-13,26304.52,OPEN
ORD-001443-2,PO-001443,CUST-00585,2026-06-21,78913.57,OPEN
ORD-001443-3,PO-001443,CUST-01002,2026-06-21,39456.79,OPEN
ORD-001444-1,PO-001444,CUST-00217,2026-02-21,106155.95,OPEN
ORD-001445-1,PO-001445,CUST-00566,2026-05-09,21681.57,OPEN
ORD-001445-2,PO-001445,CUST-01185,2026-05-10,65044.71,OPEN
ORD-001445-3,PO-001445,CUST-01968,2026-05-15,16261.18,OPEN
ORD-001446-1,PO-001446,CUST-01739,2026-03-08,12075.98,OPEN
ORD-001447-1,PO-001447,CUST-01309,2026-02-02,20784.68,OPEN
ORD-001447-2,PO-001447,CUST-00722,2026-02-04,10392.34,OPEN
ORD-001447-3,PO-001447,CUST-00113,2026-02-08,10392.34,OPEN
ORD-001448-1,PO-001448,CUST-00857,2026-08-14,3930.36,OPEN
ORD-001448-2,PO-001448,CUST-00934,2026-08-07,5895.54,OPEN
ORD-001448-3,PO-001448,CUST-02118,2026-08-11,5895.54,OPEN
ORD-001449-1,PO-001449,CUST-01366,2026-02-16,12288.97,OPEN
ORD-001449-2,PO-001449,CUST-02051,2026-02-14,18433.46,OPEN
ORD-001449-3,PO-001449,CUST-01754,2026-02-14,9216.73,OPEN
ORD-001450-1,PO-001450,CUST-01014,2026-04-29,9800.78,OPEN
ORD-001451-1,PO-001451,CUST-00727,2026-06-20,45261.38,OPEN
ORD-001451-2,PO-001451,CUST-01658,2026-06-13,45261.38,OPEN
ORD-001451-3,PO-001451,CUST-01656,2026-06-12,33946.04,OPEN
ORD-001452-1,PO-001452,CUST-02093,2026-03-15,36722.42,OPEN
ORD-001452-2,PO-001452,CUST-01230,2026-03-16,18361.21,OPEN
ORD-001453-1,PO-001453,CUST-01110,2026-03-02,9439.36,OPEN
ORD-001453-2,PO-001453,CUST-01385,2026-03-03,18878.72,OPEN
ORD-001454-1,PO-001454,CUST-00830,2026-02-04,38134.15,OPEN
ORD-001454-2,PO-001454,CUST-01220,2026-02-09,57201.22,OPEN
ORD-001455-1,PO-001455,CUST-01328,2026-02-20,48161.29,OPEN
ORD-001455-2,PO-001455,CUST-01683,2026-02-20,32107.52,OPEN
ORD-001456-1,PO-001456,CUST-02206,2026-03-06,25119.75,OPEN
ORD-001456-2,PO-001456,CUST-02418,2026-03-14,25119.75,OPEN
ORD-001456-3,PO-001456,CUST-01701,2026-03-14,100479.0,OPEN
ORD-001456-4,PO-001456,CUST-00416,2026-03-08,100479.0,OPEN
ORD-001457-1,PO-001457,CUST-00853,2026-06-27,17388.69,OPEN
ORD-001457-2,PO-001457,CUST-01932,2026-07-03,69554.74,OPEN
ORD-001458-1,PO-001458,CUST-02278,2026-02-02,41443.52,OPEN
ORD-001458-2,PO-001458,CUST-00483,2026-01-29,20721.76,OPEN
ORD-001458-3,PO-001458,CUST-00805,2026-01-29,10360.88,OPEN
ORD-001458-4,PO-001458,CUST-00754,2026-02-01,10360.88,OPEN
ORD-001459-1,PO-001459,CUST-01661,2026-07-15,28977.94,OPEN
ORD-001459-2,PO-001459,CUST-01885,2026-07-20,86933.82,OPEN
ORD-001459-3,PO-001459,CUST-00047,2026-07-20,28977.94,OPEN
ORD-001459-4,PO-001459,CUST-02072,2026-07-20,28977.94,OPEN
ORD-001460-1,PO-001460,CUST-00363,2026-02-25,24120.91,OPEN
ORD-001460-2,PO-001460,CUST-01687,2026-02-23,96483.65,OPEN
ORD-001460-3,PO-001460,CUST-01347,2026-02-19,48241.82,OPEN
ORD-001461-1,PO-001461,CUST-00466,2026-02-01,143411.92,OPEN
ORD-001461-2,PO-001461,CUST-02397,2026-02-05,47803.97,OPEN
ORD-001462-1,PO-001462,CUST-01975,2026-03-08,10297.56,OPEN
ORD-001462-2,PO-001462,CUST-02186,2026-03-11,13730.07,OPEN
ORD-001463-1,PO-001463,CUST-00155,2026-01-30,54695.68,OPEN
ORD-001463-2,PO-001463,CUST-00425,2026-01-31,109391.37,OPEN
ORD-001463-3,PO-001463,CUST-00103,2026-01-27,109391.37,OPEN
ORD-001463-4,PO-001463,CUST-00159,2026-02-02,54695.68,OPEN
ORD-001464-1,PO-001464,CUST-00297,2026-08-15,62840.57,OPEN
ORD-001464-2,PO-001464,CUST-01196,2026-08-07,31420.28,OPEN
ORD-001464-3,PO-001464,CUST-02056,2026-08-10,20946.86,OPEN
ORD-001464-4,PO-001464,CUST-00639,2026-08-11,20946.86,OPEN
ORD-001465-1,PO-001465,CUST-00842,2026-01-27,64107.33,OPEN
ORD-001466-1,PO-001466,CUST-00833,2026-03-31,118187.06,OPEN
ORD-001467-1,PO-001467,CUST-00018,2026-08-30,31803.9,OPEN
ORD-001467-2,PO-001467,CUST-01186,2026-09-03,127215.58,OPEN
ORD-001468-1,PO-001468,CUST-02489,2026-08-13,94984.14,OPEN
ORD-001468-2,PO-001468,CUST-02011,2026-08-13,31661.38,OPEN
ORD-001469-1,PO-001469,CUST-01236,2026-02-18,22744.21,OPEN
ORD-001470-1,PO-001470,CUST-00488,2026-02-04,58738.69,OPEN
ORD-001470-2,PO-001470,CUST-00973,2026-02-01,117477.38,OPEN
ORD-001471-1,PO-001471,CUST-01666,2026-01-20,61939.21,OPEN
ORD-001471-2,PO-001471,CUST-00685,2026-01-19,20646.4,OPEN
ORD-001472-1,PO-001472,CUST-01160,2026-07-11,15709.08,OPEN
ORD-001473-1,PO-001473,CUST-02477,2026-05-06,21942.64,OPEN
ORD-001473-2,PO-001473,CUST-00240,2026-05-09,43885.28,OPEN
ORD-001473-3,PO-001473,CUST-01773,2026-05-01,29256.85,OPEN
ORD-001474-1,PO-001474,CUST-01837,2026-02-25,27580.12,OPEN
ORD-001474-2,PO-001474,CUST-01597,2026-03-02,27580.12,OPEN
ORD-001474-3,PO-001474,CUST-01660,2026-03-05,18386.75,OPEN
ORD-001475-1,PO-001475,CUST-01125,2026-08-13,565.08,OPEN
ORD-001476-1,PO-001476,CUST-02097,2026-05-15,97418.16,OPEN
ORD-001476-2,PO-001476,CUST-01687,2026-05-11,97418.16,OPEN
ORD-001477-1,PO-001477,CUST-00032,2026-06-24,20577.76,OPEN
ORD-001477-2,PO-001477,CUST-02055,2026-06-24,20577.76,OPEN
ORD-001477-3,PO-001477,CUST-00661,2026-06-23,13718.51,OPEN
ORD-001477-4,PO-001477,CUST-00742,2026-06-24,20577.76,OPEN
ORD-001478-1,PO-001478,CUST-01467,2026-01-06,40319.74,OPEN
ORD-001478-2,PO-001478,CUST-00131,2026-01-13,26879.83,OPEN
ORD-001478-3,PO-001478,CUST-02271,2026-01-05,80639.48,OPEN
ORD-001479-1,PO-001479,CUST-00122,2026-03-03,18755.78,OPEN
ORD-001480-1,PO-001480,CUST-00482,2026-09-01,7423.34,OPEN
ORD-001481-1,PO-001481,CUST-00299,2026-06-05,113996.05,OPEN
ORD-001482-1,PO-001482,CUST-01364,2026-08-25,130074.93,OPEN
ORD-001482-2,PO-001482,CUST-01180,2026-08-22,43358.31,OPEN
ORD-001483-1,PO-001483,CUST-02089,2026-03-17,110048.2,OPEN
ORD-001484-1,PO-001484,CUST-00932,2026-01-14,58136.12,OPEN
ORD-001484-2,PO-001484,CUST-00598,2026-01-15,58136.12,OPEN
ORD-001484-3,PO-001484,CUST-01027,2026-01-16,14534.03,OPEN
ORD-001484-4,PO-001484,CUST-01307,2026-01-15,58136.12,OPEN
ORD-001485-1,PO-001485,CUST-00765,2026-08-23,24733.84,OPEN
ORD-001485-2,PO-001485,CUST-02321,2026-08-29,18550.38,OPEN
ORD-001485-3,PO-001485,CUST-00628,2026-08-27,24733.84,OPEN
ORD-001486-1,PO-001486,CUST-01883,2026-01-09,14225.17,OPEN
ORD-001486-2,PO-001486,CUST-01521,2026-01-11,18966.9,OPEN
ORD-001486-3,PO-001486,CUST-01304,2026-01-05,14225.17,OPEN
ORD-001486-4,PO-001486,CUST-00913,2026-01-10,56900.7,OPEN
ORD-001487-1,PO-001487,CUST-00084,2026-06-05,67444.15,OPEN
ORD-001487-2,PO-001487,CUST-01633,2026-06-03,33722.07,OPEN
ORD-001488-1,PO-001488,CUST-00038,2026-03-19,13589.44,OPEN
ORD-001488-2,PO-001488,CUST-00985,2026-03-27,20384.15,OPEN
ORD-001488-3,PO-001488,CUST-00871,2026-03-21,20384.15,OPEN
ORD-001488-4,PO-001488,CUST-01122,2026-03-17,40768.31,OPEN
ORD-001489-1,PO-001489,CUST-02460,2026-03-23,4259.09,OPEN
ORD-001489-2,PO-001489,CUST-01292,2026-03-28,5678.78,OPEN
ORD-001489-3,PO-001489,CUST-01574,2026-03-29,17036.34,OPEN
ORD-001490-1,PO-001490,CUST-00980,2026-01-11,24741.65,OPEN
ORD-001490-2,PO-001490,CUST-01385,2026-01-14,12370.83,OPEN
ORD-001490-3,PO-001490,CUST-00743,2026-01-08,8247.22,OPEN
ORD-001491-1,PO-001491,CUST-02479,2026-05-15,29168.9,OPEN
ORD-001491-2,PO-001491,CUST-01813,2026-05-17,58337.79,OPEN
ORD-001491-3,PO-001491,CUST-00643,2026-05-22,19445.93,OPEN
ORD-001492-1,PO-001492,CUST-00489,2026-01-15,22827.15,OPEN
ORD-001492-2,PO-001492,CUST-01664,2026-01-16,22827.15,OPEN
ORD-001492-3,PO-001492,CUST-00021,2026-01-10,11413.58,OPEN
ORD-001492-4,PO-001492,CUST-00136,2026-01-09,15218.1,OPEN
ORD-001493-1,PO-001493,CUST-00032,2026-06-08,7985.09,OPEN
ORD-001493-2,PO-001493,CUST-00391,2026-05-31,5988.82,OPEN
ORD-001493-3,PO-001493,CUST-02362,2026-05-31,23955.27,OPEN
ORD-001494-1,PO-001494,CUST-00009,2026-06-17,34241.09,OPEN
ORD-001495-1,PO-001495,CUST-01151,2026-04-26,3841.95,OPEN
ORD-001495-2,PO-001495,CUST-01450,2026-04-22,5122.59,OPEN
ORD-001496-1,PO-001496,CUST-01410,2026-05-29,49875.46,OPEN
ORD-001496-2,PO-001496,CUST-00340,2026-05-31,74813.19,OPEN
ORD-001497-1,PO-001497,CUST-01819,2026-03-18,25029.45,OPEN
ORD-001497-2,PO-001497,CUST-01445,2026-03-23,16686.3,OPEN
ORD-001497-3,PO-001497,CUST-01849,2026-03-15,50058.9,OPEN
ORD-001497-4,PO-001497,CUST-01393,2026-03-20,12514.73,OPEN
ORD-001498-1,PO-001498,CUST-02358,2026-06-17,134501.45,OPEN
ORD-001499-1,PO-001499,CUST-00639,2026-05-12,82342.28,OPEN
ORD-001500-1,PO-001500,CUST-01752,2026-04-17,18007.46,OPEN
ORD-001501-1,PO-001501,CUST-02400,2026-02-16,10054.72,OPEN
ORD-001502-1,PO-001502,CUST-02040,2026-04-13,61450.47,OPEN
ORD-001502-2,PO-001502,CUST-02484,2026-04-11,61450.47,OPEN
ORD-001502-3,PO-001502,CUST-00119,2026-04-07,122900.95,OPEN
ORD-001503-1,PO-001503,CUST-00587,2026-07-18,68147.71,OPEN
ORD-001503-2,PO-001503,CUST-01557,2026-07-22,34073.86,OPEN
ORD-001504-1,PO-001504,CUST-02036,2026-07-20,72342.02,OPEN
ORD-001505-1,PO-001505,CUST-00403,2026-08-14,147822.04,OPEN
ORD-001505-2,PO-001505,CUST-00671,2026-08-20,49274.01,OPEN
ORD-001506-1,PO-001506,CUST-01999,2026-02-18,32473.42,OPEN
ORD-001506-2,PO-001506,CUST-00904,2026-02-22,21648.95,OPEN
ORD-001506-3,PO-001506,CUST-01287,2026-02-22,16236.71,OPEN
ORD-001507-1,PO-001507,CUST-00655,2026-03-17,19893.94,OPEN
ORD-001507-2,PO-001507,CUST-01506,2026-03-17,26525.25,OPEN
ORD-001507-3,PO-001507,CUST-00566,2026-03-12,19893.94,OPEN
ORD-001508-1,PO-001508,CUST-00223,2026-05-27,31555.79,OPEN
ORD-001508-2,PO-001508,CUST-02017,2026-06-02,15777.9,OPEN
ORD-001508-3,PO-001508,CUST-00090,2026-05-29,21037.2,OPEN
ORD-001509-1,PO-001509,CUST-02358,2026-03-08,51439.91,OPEN
ORD-001509-2,PO-001509,CUST-00018,2026-03-13,34293.27,OPEN
ORD-001510-1,PO-001510,CUST-02019,2026-03-20,44666.82,OPEN
ORD-001511-1,PO-001511,CUST-00834,2026-04-13,17874.5,OPEN
ORD-001512-1,PO-001512,CUST-00640,2026-01-27,11061.11,OPEN
ORD-001512-2,PO-001512,CUST-01298,2026-02-02,14748.15,OPEN
ORD-001513-1,PO-001513,CUST-00900,2026-07-19,27402.92,OPEN
ORD-001513-2,PO-001513,CUST-00822,2026-07-24,27402.92,OPEN
ORD-001513-3,PO-001513,CUST-00621,2026-07-17,54805.83,OPEN
ORD-001513-4,PO-001513,CUST-02062,2026-07-26,36537.22,OPEN
ORD-001514-1,PO-001514,CUST-01849,2026-07-20,36180.28,OPEN
ORD-001514-2,PO-001514,CUST-02087,2026-07-23,144721.1,OPEN
ORD-001515-1,PO-001515,CUST-01375,2026-05-14,108705.36,OPEN
ORD-001515-2,PO-001515,CUST-01782,2026-05-17,36235.12,OPEN
ORD-001516-1,PO-001516,CUST-01072,2026-08-26,31593.16,OPEN
ORD-001517-1,PO-001517,CUST-00318,2026-08-21,84806.85,OPEN
ORD-001517-2,PO-001517,CUST-00450,2026-08-25,21201.71,OPEN
ORD-001517-3,PO-001517,CUST-02216,2026-08-29,84806.85,OPEN
ORD-001518-1,PO-001518,CUST-01114,2026-03-19,38664.49,OPEN
ORD-001519-1,PO-001519,CUST-01353,2026-04-19,67048.46,OPEN
ORD-001520-1,PO-001520,CUST-01310,2026-03-16,19375.05,OPEN
ORD-001520-2,PO-001520,CUST-00173,2026-03-12,38750.11,OPEN
ORD-001520-3,PO-001520,CUST-02115,2026-03-13,19375.05,OPEN
ORD-001520-4,PO-001520,CUST-00451,2026-03-16,19375.05,OPEN
ORD-001521-1,PO-001521,CUST-01659,2026-01-17,14135.97,OPEN
ORD-001521-2,PO-001521,CUST-01982,2026-01-18,7067.98,OPEN
ORD-001522-1,PO-001522,CUST-00463,2026-02-05,13797.28,OPEN
ORD-001522-2,PO-001522,CUST-01579,2026-02-06,13797.28,OPEN
ORD-001522-3,PO-001522,CUST-00816,2026-02-06,27594.57,OPEN
ORD-001522-4,PO-001522,CUST-00171,2026-01-29,13797.28,OPEN
ORD-001523-1,PO-001523,CUST-01461,2026-03-30,48487.39,OPEN
ORD-001523-2,PO-001523,CUST-01729,2026-03-28,48487.39,OPEN
ORD-001523-3,PO-001523,CUST-01012,2026-03-29,48487.39,OPEN
ORD-001524-1,PO-001524,CUST-01975,2026-03-15,6075.94,OPEN
ORD-001524-2,PO-001524,CUST-01353,2026-03-14,24303.74,OPEN
ORD-001525-1,PO-001525,CUST-00622,2026-04-23,82433.92,OPEN
ORD-001526-1,PO-001526,CUST-02427,2026-08-25,30986.73,OPEN
ORD-001526-2,PO-001526,CUST-00286,2026-08-23,41315.64,OPEN
ORD-001526-3,PO-001526,CUST-01311,2026-08-19,61973.46,OPEN
ORD-001526-4,PO-001526,CUST-01747,2026-08-24,41315.64,OPEN
ORD-001527-1,PO-001527,CUST-01871,2026-07-31,28971.29,OPEN
ORD-001527-2,PO-001527,CUST-01947,2026-07-31,7242.82,OPEN
ORD-001527-3,PO-001527,CUST-02054,2026-07-30,28971.29,OPEN
ORD-001527-4,PO-001527,CUST-01970,2026-08-03,14485.65,OPEN
ORD-001528-1,PO-001528,CUST-00600,2026-02-27,663.96,OPEN
ORD-001529-1,PO-001529,CUST-02003,2026-07-07,42901.22,OPEN
ORD-001529-2,PO-001529,CUST-01832,2026-07-08,32175.91,OPEN
ORD-001530-1,PO-001530,CUST-02499,2026-09-03,6162.09,OPEN
ORD-001531-1,PO-001531,CUST-02147,2026-04-14,28891.24,OPEN
ORD-001531-2,PO-001531,CUST-00066,2026-04-18,38521.65,OPEN
ORD-001531-3,PO-001531,CUST-00662,2026-04-19,57782.47,OPEN
ORD-001532-1,PO-001532,CUST-00747,2026-07-03,53520.32,OPEN
ORD-001532-2,PO-001532,CUST-01059,2026-07-03,107040.65,OPEN
ORD-001532-3,PO-001532,CUST-00088,2026-06-24,26760.16,OPEN
ORD-001532-4,PO-001532,CUST-01726,2026-07-01,53520.32,OPEN
ORD-001533-1,PO-001533,CUST-00394,2026-07-26,96260.69,OPEN
ORD-001534-1,PO-001534,CUST-01429,2026-04-20,458.14,OPEN
ORD-001535-1,PO-001535,CUST-02279,2026-06-30,9904.33,OPEN
ORD-001535-2,PO-001535,CUST-02080,2026-06-26,13205.77,OPEN
ORD-001535-3,PO-001535,CUST-00366,2026-06-26,9904.33,OPEN
ORD-001536-1,PO-001536,CUST-02070,2026-06-02,30368.24,OPEN
ORD-001536-2,PO-001536,CUST-00639,2026-05-31,30368.24,OPEN
ORD-001536-3,PO-001536,CUST-00569,2026-05-28,15184.12,OPEN
ORD-001537-1,PO-001537,CUST-01081,2026-02-13,38970.9,OPEN
ORD-001537-2,PO-001537,CUST-01189,2026-02-14,58456.35,OPEN
ORD-001537-3,PO-001537,CUST-00086,2026-02-07,58456.35,OPEN
ORD-001538-1,PO-001538,CUST-02414,2026-01-28,45977.03,OPEN
ORD-001539-1,PO-001539,CUST-00832,2026-03-14,7916.62,OPEN
ORD-001539-2,PO-001539,CUST-00961,2026-03-23,15833.25,OPEN
ORD-001539-3,PO-001539,CUST-01563,2026-03-23,15833.25,OPEN
ORD-001539-4,PO-001539,CUST-00239,2026-03-13,31666.49,OPEN
ORD-001540-1,PO-001540,CUST-02135,2026-05-23,30800.73,OPEN
ORD-001541-1,PO-001541,CUST-01376,2026-08-15,61840.24,OPEN
ORD-001541-2,PO-001541,CUST-02228,2026-08-08,41226.83,OPEN
ORD-001542-1,PO-001542,CUST-01709,2026-06-12,27767.37,OPEN
ORD-001542-2,PO-001542,CUST-01614,2026-06-12,27767.37,OPEN
ORD-001542-3,PO-001542,CUST-02097,2026-06-19,111069.47,OPEN
ORD-001543-1,PO-001543,CUST-00016,2026-05-18,2620.89,OPEN
ORD-001543-2,PO-001543,CUST-00149,2026-05-15,10483.58,OPEN
ORD-001543-3,PO-001543,CUST-00035,2026-05-17,5241.79,OPEN
ORD-001543-4,PO-001543,CUST-02477,2026-05-21,5241.79,OPEN
ORD-001544-1,PO-001544,CUST-02484,2026-02-07,3663.09,OPEN
ORD-001544-2,PO-001544,CUST-00118,2026-02-11,4884.11,OPEN
ORD-001544-3,PO-001544,CUST-01750,2026-02-11,3663.09,OPEN
ORD-001545-1,PO-001545,CUST-01772,2026-05-09,30010.1,OPEN
ORD-001545-2,PO-001545,CUST-00101,2026-05-13,20006.74,OPEN
ORD-001546-1,PO-001546,CUST-01771,2026-04-30,34671.4,OPEN
ORD-001546-2,PO-001546,CUST-02335,2026-05-06,138685.6,OPEN
ORD-001547-1,PO-001547,CUST-01900,2026-01-24,142465.55,OPEN
ORD-001547-2,PO-001547,CUST-01303,2026-01-31,71232.77,OPEN
ORD-001548-1,PO-001548,CUST-01777,2026-03-31,25769.53,OPEN
ORD-001548-2,PO-001548,CUST-01214,2026-03-31,12884.76,OPEN
ORD-001548-3,PO-001548,CUST-02180,2026-03-27,17179.69,OPEN
ORD-001548-4,PO-001548,CUST-01192,2026-03-24,51539.06,OPEN
ORD-001549-1,PO-001549,CUST-01624,2026-03-28,24228.49,OPEN
ORD-001550-1,PO-001550,CUST-01479,2026-01-21,97418.93,OPEN
ORD-001550-2,PO-001550,CUST-01073,2026-01-30,48709.46,OPEN
ORD-001550-3,PO-001550,CUST-02142,2026-01-31,48709.46,OPEN
ORD-001550-4,PO-001550,CUST-01897,2026-01-28,32472.98,OPEN
ORD-001551-1,PO-001551,CUST-00615,2026-07-19,21623.74,OPEN
ORD-001552-1,PO-001552,CUST-01645,2026-08-04,94021.83,OPEN
ORD-001552-2,PO-001552,CUST-00743,2026-08-07,47010.92,OPEN
ORD-001552-3,PO-001552,CUST-02477,2026-08-05,23505.46,OPEN
ORD-001553-1,PO-001553,CUST-00082,2026-04-16,12819.08,OPEN
ORD-001554-1,PO-001554,CUST-01489,2026-08-24,14510.44,OPEN
ORD-001554-2,PO-001554,CUST-00102,2026-08-30,19347.25,OPEN
ORD-001555-1,PO-001555,CUST-01672,2026-08-01,32159.72,OPEN
ORD-001555-2,PO-001555,CUST-01559,2026-07-30,96479.15,OPEN
ORD-001555-3,PO-001555,CUST-01245,2026-07-29,32159.72,OPEN
ORD-001556-1,PO-001556,CUST-02249,2026-04-05,27205.19,OPEN
ORD-001556-2,PO-001556,CUST-01097,2026-03-31,54410.38,OPEN
ORD-001556-3,PO-001556,CUST-01447,2026-03-30,54410.38,OPEN
ORD-001556-4,PO-001556,CUST-01706,2026-04-01,54410.38,OPEN
ORD-001557-1,PO-001557,CUST-01888,2026-08-03,45307.18,OPEN
ORD-001557-2,PO-001557,CUST-00019,2026-08-09,11326.8,OPEN
ORD-001558-1,PO-001558,CUST-01232,2026-02-20,38694.79,OPEN
ORD-001558-2,PO-001558,CUST-02194,2026-02-19,38694.79,OPEN
ORD-001559-1,PO-001559,CUST-02180,2026-04-01,60028.31,OPEN
ORD-001560-1,PO-001560,CUST-00706,2026-07-10,41166.13,OPEN
ORD-001560-2,PO-001560,CUST-01915,2026-07-16,123498.39,OPEN
ORD-001560-3,PO-001560,CUST-02418,2026-07-14,61749.19,OPEN
ORD-001560-4,PO-001560,CUST-00020,2026-07-17,41166.13,OPEN
ORD-001561-1,PO-001561,CUST-00158,2026-01-18,21181.89,OPEN
ORD-001561-2,PO-001561,CUST-01229,2026-01-27,63545.66,OPEN
ORD-001561-3,PO-001561,CUST-02304,2026-01-27,31772.83,OPEN
ORD-001562-1,PO-001562,CUST-00953,2026-03-09,44255.13,OPEN
ORD-001562-2,PO-001562,CUST-00771,2026-03-09,44255.13,OPEN
ORD-001562-3,PO-001562,CUST-00979,2026-03-01,66382.7,OPEN
ORD-001562-4,PO-001562,CUST-01126,2026-03-09,132765.39,OPEN
ORD-001563-1,PO-001563,CUST-01558,2026-08-23,17344.38,OPEN
ORD-001563-2,PO-001563,CUST-02145,2026-08-16,69377.5,OPEN
ORD-001564-1,PO-001564,CUST-00329,2026-05-26,35793.13,OPEN
ORD-001564-2,PO-001564,CUST-02395,2026-05-22,107379.4,OPEN
ORD-001564-3,PO-001564,CUST-01953,2026-05-23,107379.4,OPEN
ORD-001565-1,PO-001565,CUST-00556,2026-03-22,28372.98,OPEN
ORD-001565-2,PO-001565,CUST-01703,2026-03-30,113491.93,OPEN
ORD-001565-3,PO-001565,CUST-01025,2026-03-25,28372.98,OPEN
ORD-001565-4,PO-001565,CUST-01301,2026-03-24,113491.93,OPEN
ORD-001566-1,PO-001566,CUST-02105,2026-07-20,64097.6,OPEN
ORD-001566-2,PO-001566,CUST-01607,2026-07-15,16024.4,OPEN
ORD-001567-1,PO-001567,CUST-00963,2026-04-22,85867.48,OPEN
ORD-001567-2,PO-001567,CUST-01786,2026-04-24,85867.48,OPEN
ORD-001567-3,PO-001567,CUST-01375,2026-04-19,28622.49,OPEN
ORD-001567-4,PO-001567,CUST-00513,2026-04-28,42933.74,OPEN
ORD-001568-1,PO-001568,CUST-02176,2026-06-27,60336.22,OPEN
ORD-001568-2,PO-001568,CUST-02057,2026-06-23,40224.15,OPEN
ORD-001569-1,PO-001569,CUST-01642,2026-06-25,11630.96,OPEN
ORD-001569-2,PO-001569,CUST-02265,2026-06-16,11630.96,OPEN
ORD-001569-3,PO-001569,CUST-01046,2026-06-17,11630.96,OPEN
ORD-001570-1,PO-001570,CUST-01200,2026-04-25,19033.4,OPEN
ORD-001571-1,PO-001571,CUST-01019,2026-06-20,13061.58,OPEN
ORD-001571-2,PO-001571,CUST-00347,2026-06-15,19592.37,OPEN
ORD-001572-1,PO-001572,CUST-00603,2026-05-04,4561.5,OPEN
ORD-001572-2,PO-001572,CUST-02478,2026-05-05,4561.5,OPEN
ORD-001572-3,PO-001572,CUST-01852,2026-05-09,18246.0,OPEN
ORD-001573-1,PO-001573,CUST-00937,2026-08-12,16097.61,OPEN
ORD-001574-1,PO-001574,CUST-00893,2026-06-06,20679.19,OPEN
ORD-001575-1,PO-001575,CUST-01997,2026-02-08,29011.24,OPEN
ORD-001575-2,PO-001575,CUST-01419,2026-02-09,38681.66,OPEN
ORD-001576-1,PO-001576,CUST-00210,2026-04-10,43192.21,OPEN
ORD-001576-2,PO-001576,CUST-01546,2026-04-06,64788.31,OPEN
ORD-001576-3,PO-001576,CUST-02274,2026-04-09,32394.15,OPEN
ORD-001577-1,PO-001577,CUST-02061,2026-07-12,47016.58,OPEN
ORD-001578-1,PO-001578,CUST-01119,2026-01-13,18021.04,OPEN
ORD-001578-2,PO-001578,CUST-01219,2026-01-23,12014.03,OPEN
ORD-001578-3,PO-001578,CUST-00984,2026-01-21,18021.04,OPEN
ORD-001579-1,PO-001579,CUST-00294,2026-01-19,5894.9,OPEN
ORD-001579-2,PO-001579,CUST-01002,2026-01-13,5894.9,OPEN
ORD-001580-1,PO-001580,CUST-02194,2026-05-21,23460.2,OPEN
ORD-001581-1,PO-001581,CUST-01585,2026-08-02,35788.86,OPEN
ORD-001581-2,PO-001581,CUST-00911,2026-08-02,8947.22,OPEN
ORD-001582-1,PO-001582,CUST-01909,2026-06-22,140792.53,OPEN
ORD-001582-2,PO-001582,CUST-01992,2026-06-25,46930.84,OPEN
ORD-001583-1,PO-001583,CUST-00207,2026-01-15,3958.65,OPEN
ORD-001584-1,PO-001584,CUST-00427,2026-05-02,12198.64,OPEN
ORD-001585-1,PO-001585,CUST-01245,2026-05-25,18670.5,OPEN
ORD-001586-1,PO-001586,CUST-01596,2026-04-23,30341.14,OPEN
ORD-001586-2,PO-001586,CUST-01753,2026-04-20,22755.86,OPEN
ORD-001586-3,PO-001586,CUST-01828,2026-04-21,22755.86,OPEN
ORD-001586-4,PO-001586,CUST-00580,2026-04-28,22755.86,OPEN
ORD-001587-1,PO-001587,CUST-00104,2026-04-20,8214.75,OPEN
ORD-001587-2,PO-001587,CUST-01880,2026-04-20,8214.75,OPEN
ORD-001587-3,PO-001587,CUST-01174,2026-04-21,4107.37,OPEN
ORD-001587-4,PO-001587,CUST-01183,2026-04-15,8214.75,OPEN
ORD-001588-1,PO-001588,CUST-00839,2026-03-25,29556.28,OPEN
ORD-001588-2,PO-001588,CUST-00453,2026-03-18,39408.37,OPEN
ORD-001589-1,PO-001589,CUST-02095,2026-06-27,15026.48,OPEN
ORD-001589-2,PO-001589,CUST-02179,2026-07-04,11269.86,OPEN
ORD-001589-3,PO-001589,CUST-01073,2026-06-28,11269.86,OPEN
ORD-001590-1,PO-001590,CUST-01546,2026-04-10,23661.23,OPEN
ORD-001590-2,PO-001590,CUST-00116,2026-04-13,47322.46,OPEN
ORD-001590-3,PO-001590,CUST-02472,2026-04-13,11830.61,OPEN
ORD-001590-4,PO-001590,CUST-00323,2026-04-16,23661.23,OPEN
ORD-001591-1,PO-001591,CUST-01571,2026-07-26,143264.55,OPEN
ORD-001591-2,PO-001591,CUST-00264,2026-07-22,47754.85,OPEN
ORD-001592-1,PO-001592,CUST-00698,2026-07-11,35131.97,OPEN
ORD-001593-1,PO-001593,CUST-01829,2026-05-04,19049.54,OPEN
ORD-001594-1,PO-001594,CUST-02154,2026-06-26,2121.88,OPEN
ORD-001594-2,PO-001594,CUST-02362,2026-06-26,2829.18,OPEN
ORD-001594-3,PO-001594,CUST-02459,2026-06-25,2121.88,OPEN
ORD-001595-1,PO-001595,CUST-01376,2026-02-05,18451.18,OPEN
ORD-001595-2,PO-001595,CUST-02265,2026-02-05,73804.71,OPEN
ORD-001595-3,PO-001595,CUST-00039,2026-02-07,73804.71,OPEN
ORD-001596-1,PO-001596,CUST-01671,2026-06-14,120217.91,OPEN
ORD-001596-2,PO-001596,CUST-01502,2026-06-13,30054.48,OPEN
ORD-001596-3,PO-001596,CUST-00424,2026-06-13,30054.48,OPEN
ORD-001596-4,PO-001596,CUST-00893,2026-06-15,30054.48,OPEN
ORD-001597-1,PO-001597,CUST-00194,2026-01-29,43153.42,OPEN
ORD-001598-1,PO-001598,CUST-00471,2026-05-11,5995.27,OPEN
ORD-001598-2,PO-001598,CUST-00494,2026-05-11,2997.63,OPEN
ORD-001598-3,PO-001598,CUST-01097,2026-05-15,3996.84,OPEN
ORD-001599-1,PO-001599,CUST-02464,2026-03-28,51771.22,OPEN
ORD-001599-2,PO-001599,CUST-02063,2026-03-26,34514.15,OPEN
ORD-001600-1,PO-001600,CUST-01141,2026-08-22,36292.26,OPEN
ORD-001601-1,PO-001601,CUST-00286,2026-02-14,45553.67,OPEN
ORD-001602-1,PO-001602,CUST-00436,2026-06-17,55494.29,OPEN
ORD-001602-2,PO-001602,CUST-00153,2026-06-14,27747.14,OPEN
ORD-001602-3,PO-001602,CUST-02341,2026-06-17,55494.29,OPEN
ORD-001602-4,PO-001602,CUST-00401,2026-06-16,36996.19,OPEN
ORD-001603-1,PO-001603,CUST-00036,2026-03-01,7262.75,OPEN
ORD-001603-2,PO-001603,CUST-00189,2026-03-07,4841.83,OPEN
ORD-001604-1,PO-001604,CUST-00132,2026-04-13,44116.14,OPEN
ORD-001604-2,PO-001604,CUST-00441,2026-04-12,66174.21,OPEN
ORD-001605-1,PO-001605,CUST-00273,2026-04-01,97802.15,OPEN
ORD-001605-2,PO-001605,CUST-00787,2026-04-04,24450.54,OPEN
ORD-001605-3,PO-001605,CUST-00558,2026-03-26,24450.54,OPEN
ORD-001605-4,PO-001605,CUST-01204,2026-04-05,48901.07,OPEN
ORD-001606-1,PO-001606,CUST-00252,2026-06-17,13080.9,OPEN
ORD-001606-2,PO-001606,CUST-01778,2026-06-18,13080.9,OPEN
ORD-001606-3,PO-001606,CUST-02230,2026-06-16,26161.8,OPEN
ORD-001607-1,PO-001607,CUST-00645,2026-02-23,44831.37,OPEN
ORD-001607-2,PO-001607,CUST-00030,2026-02-16,14943.79,OPEN
ORD-001608-1,PO-001608,CUST-00267,2026-04-26,13245.02,OPEN
ORD-001609-1,PO-001609,CUST-01440,2026-06-10,30126.16,OPEN
ORD-001610-1,PO-001610,CUST-01230,2026-08-22,14640.9,OPEN
ORD-001610-2,PO-001610,CUST-02084,2026-08-28,29281.8,OPEN
ORD-001610-3,PO-001610,CUST-00112,2026-08-19,29281.8,OPEN
ORD-001611-1,PO-001611,CUST-00991,2026-03-23,46333.59,OPEN
ORD-001611-2,PO-001611,CUST-02389,2026-03-29,23166.79,OPEN
ORD-001612-1,PO-001612,CUST-00383,2026-07-21,6399.55,OPEN
ORD-001612-2,PO-001612,CUST-02220,2026-07-19,25598.2,OPEN
ORD-001613-1,PO-001613,CUST-00610,2026-08-04,31118.72,OPEN
ORD-001613-2,PO-001613,CUST-00728,2026-08-08,23339.04,OPEN
ORD-001613-3,PO-001613,CUST-00784,2026-08-06,23339.04,OPEN
ORD-001614-1,PO-001614,CUST-01787,2026-03-03,9743.61,OPEN
ORD-001614-2,PO-001614,CUST-01483,2026-03-02,9743.61,OPEN
ORD-001614-3,PO-001614,CUST-02303,2026-03-06,19487.23,OPEN
ORD-001615-1,PO-001615,CUST-01393,2026-05-26,24900.26,OPEN
ORD-001615-2,PO-001615,CUST-02292,2026-05-27,24900.26,OPEN
ORD-001615-3,PO-001615,CUST-02494,2026-05-31,16600.18,OPEN
ORD-001615-4,PO-001615,CUST-01019,2026-06-01,49800.53,OPEN
ORD-001616-1,PO-001616,CUST-01345,2026-03-21,12337.62,OPEN
ORD-001617-1,PO-001617,CUST-01123,2026-07-25,27547.49,OPEN
ORD-001618-1,PO-001618,CUST-02115,2026-03-06,35054.24,OPEN
ORD-001618-2,PO-001618,CUST-01872,2026-03-03,46738.98,OPEN
ORD-001618-3,PO-001618,CUST-00092,2026-02-25,35054.24,OPEN
ORD-001618-4,PO-001618,CUST-01069,2026-02-24,140216.94,OPEN
ORD-001619-1,PO-001619,CUST-01380,2026-01-28,4434.37,OPEN
ORD-001619-2,PO-001619,CUST-01771,2026-01-26,1108.59,OPEN
ORD-001619-3,PO-001619,CUST-00314,2026-01-21,1478.12,OPEN
ORD-001620-1,PO-001620,CUST-00838,2026-06-29,7420.16,OPEN
ORD-001620-2,PO-001620,CUST-02358,2026-06-30,3710.08,OPEN
ORD-001620-3,PO-001620,CUST-01328,2026-06-25,4946.78,OPEN
ORD-001621-1,PO-001621,CUST-00187,2026-04-20,42867.46,OPEN
ORD-001621-2,PO-001621,CUST-00296,2026-04-17,32150.6,OPEN
ORD-001621-3,PO-001621,CUST-01357,2026-04-24,64301.19,OPEN
ORD-001621-4,PO-001621,CUST-00533,2026-04-19,128602.38,OPEN
ORD-001622-1,PO-001622,CUST-01233,2026-05-20,12224.26,OPEN
ORD-001622-2,PO-001622,CUST-01022,2026-05-28,12224.26,OPEN
ORD-001622-3,PO-001622,CUST-01668,2026-05-27,24448.53,OPEN
ORD-001622-4,PO-001622,CUST-00803,2026-05-28,12224.26,OPEN
ORD-001623-1,PO-001623,CUST-01800,2026-01-06,54076.76,OPEN
ORD-001624-1,PO-001624,CUST-00604,2026-01-26,48347.43,OPEN
ORD-001625-1,PO-001625,CUST-01342,2026-05-18,14179.79,OPEN
ORD-001626-1,PO-001626,CUST-00866,2026-07-21,21219.36,OPEN
ORD-001626-2,PO-001626,CUST-02084,2026-07-15,15914.52,OPEN
ORD-001626-3,PO-001626,CUST-00430,2026-07-14,31829.03,OPEN
ORD-001627-1,PO-001627,CUST-00196,2026-02-21,8435.34,OPEN
ORD-001627-2,PO-001627,CUST-01235,2026-02-21,8435.34,OPEN
ORD-001627-3,PO-001627,CUST-01754,2026-02-27,8435.34,OPEN
ORD-001627-4,PO-001627,CUST-01004,2026-02-22,8435.34,OPEN
ORD-001628-1,PO-001628,CUST-01534,2026-07-02,1662.61,OPEN
ORD-001628-2,PO-001628,CUST-00981,2026-07-08,2216.82,OPEN
ORD-001628-3,PO-001628,CUST-02407,2026-07-03,3325.22,OPEN
ORD-001628-4,PO-001628,CUST-01040,2026-07-05,1662.61,OPEN
ORD-001629-1,PO-001629,CUST-00616,2026-04-30,21091.26,OPEN
ORD-001629-2,PO-001629,CUST-01453,2026-05-06,15818.45,OPEN
ORD-001629-3,PO-001629,CUST-01437,2026-05-09,15818.45,OPEN
ORD-001630-1,PO-001630,CUST-00133,2026-03-23,113279.98,OPEN
ORD-001630-2,PO-001630,CUST-00138,2026-04-01,37759.99,OPEN
ORD-001631-1,PO-001631,CUST-01001,2026-07-09,25394.33,OPEN
ORD-001631-2,PO-001631,CUST-01497,2026-07-15,19045.74,OPEN
ORD-001631-3,PO-001631,CUST-00534,2026-07-07,38091.49,OPEN
ORD-001632-1,PO-001632,CUST-00288,2026-08-09,143717.7,OPEN
ORD-001632-2,PO-001632,CUST-01727,2026-08-13,47905.9,OPEN
ORD-001632-3,PO-001632,CUST-01288,2026-08-18,35929.43,OPEN
ORD-001632-4,PO-001632,CUST-01304,2026-08-17,143717.7,OPEN
ORD-001633-1,PO-001633,CUST-01256,2026-07-22,46469.26,OPEN
ORD-001633-2,PO-001633,CUST-02092,2026-07-27,139407.78,OPEN
ORD-001633-3,PO-001633,CUST-00001,2026-07-29,34851.94,OPEN
ORD-001633-4,PO-001633,CUST-01638,2026-07-30,34851.94,OPEN
ORD-001634-1,PO-001634,CUST-01406,2026-07-06,23077.37,OPEN
ORD-001634-2,PO-001634,CUST-02158,2026-07-06,92309.46,OPEN
ORD-001635-1,PO-001635,CUST-02353,2026-07-03,12514.33,OPEN
ORD-001635-2,PO-001635,CUST-01171,2026-07-10,6257.16,OPEN
ORD-001636-1,PO-001636,CUST-01038,2026-06-26,36674.39,OPEN
ORD-001636-2,PO-001636,CUST-00362,2026-06-25,18337.19,OPEN
ORD-001637-1,PO-001637,CUST-01038,2026-03-23,72940.75,OPEN
ORD-001637-2,PO-001637,CUST-01070,2026-03-25,36470.38,OPEN
ORD-001638-1,PO-001638,CUST-01156,2026-08-09,6555.41,OPEN
ORD-001638-2,PO-001638,CUST-00926,2026-08-10,9833.12,OPEN
ORD-001638-3,PO-001638,CUST-01464,2026-08-10,9833.12,OPEN
ORD-001639-1,PO-001639,CUST-00835,2026-04-20,46859.02,OPEN
ORD-001639-2,PO-001639,CUST-02071,2026-04-21,46859.02,OPEN
ORD-001639-3,PO-001639,CUST-01456,2026-04-16,23429.51,OPEN
ORD-001639-4,PO-001639,CUST-01714,2026-04-19,15619.67,OPEN
ORD-001640-1,PO-001640,CUST-02255,2026-04-01,7975.15,OPEN
ORD-001640-2,PO-001640,CUST-02365,2026-04-05,31900.59,OPEN
ORD-001641-1,PO-001641,CUST-01544,2026-08-28,26035.97,OPEN
ORD-001641-2,PO-001641,CUST-00882,2026-09-01,13017.99,OPEN
ORD-001641-3,PO-001641,CUST-01275,2026-08-24,13017.99,OPEN
ORD-001642-1,PO-001642,CUST-00775,2026-07-11,2198.83,OPEN
ORD-001643-1,PO-001643,CUST-00992,2026-03-30,34312.96,OPEN
ORD-001643-2,PO-001643,CUST-00260,2026-03-22,68625.91,OPEN
ORD-001643-3,PO-001643,CUST-00792,2026-03-23,34312.96,OPEN
ORD-001644-1,PO-001644,CUST-01460,2026-07-06,20178.61,OPEN
ORD-001644-2,PO-001644,CUST-01314,2026-07-05,60535.82,OPEN
ORD-001645-1,PO-001645,CUST-00409,2026-08-02,46443.12,OPEN
ORD-001645-2,PO-001645,CUST-02249,2026-08-01,15481.04,OPEN
ORD-001645-3,PO-001645,CUST-01667,2026-07-31,11610.78,OPEN
ORD-001645-4,PO-001645,CUST-01334,2026-07-29,15481.04,OPEN
ORD-001646-1,PO-001646,CUST-01398,2026-06-11,29618.77,OPEN
ORD-001646-2,PO-001646,CUST-00337,2026-06-08,29618.77,OPEN
ORD-001646-3,PO-001646,CUST-00429,2026-06-02,22214.08,OPEN
ORD-001646-4,PO-001646,CUST-00383,2026-06-12,22214.08,OPEN
ORD-001647-1,PO-001647,CUST-01710,2026-02-16,49895.5,OPEN
ORD-001648-1,PO-001648,CUST-02329,2026-06-14,30419.39,OPEN
ORD-001648-2,PO-001648,CUST-01110,2026-06-12,60838.78,OPEN
ORD-001648-3,PO-001648,CUST-00046,2026-06-13,121677.56,OPEN
ORD-001648-4,PO-001648,CUST-01441,2026-06-15,60838.78,OPEN
ORD-001649-1,PO-001649,CUST-00125,2026-05-24,47140.47,OPEN
ORD-001649-2,PO-001649,CUST-02021,2026-05-26,31426.98,OPEN
ORD-001650-1,PO-001650,CUST-00362,2026-06-01,23243.52,OPEN
ORD-001650-2,PO-001650,CUST-01357,2026-05-25,69730.56,OPEN
ORD-001651-1,PO-001651,CUST-01180,2026-07-06,139497.28,OPEN
ORD-001652-1,PO-001652,CUST-01848,2026-03-16,804.22,OPEN
ORD-001652-2,PO-001652,CUST-02374,2026-03-14,2412.66,OPEN
ORD-001652-3,PO-001652,CUST-01785,2026-03-10,804.22,OPEN
ORD-001653-1,PO-001653,CUST-00904,2026-01-31,67568.36,OPEN
ORD-001653-2,PO-001653,CUST-01561,2026-02-01,33784.18,OPEN
ORD-001653-3,PO-001653,CUST-00304,2026-02-03,67568.36,OPEN
ORD-001654-1,PO-001654,CUST-00793,2026-04-18,97249.57,OPEN
ORD-001655-1,PO-001655,CUST-00878,2026-05-05,124690.83,OPEN
ORD-001655-2,PO-001655,CUST-00497,2026-05-07,41563.61,OPEN
ORD-001655-3,PO-001655,CUST-01008,2026-05-12,41563.61,OPEN
ORD-001655-4,PO-001655,CUST-01262,2026-05-13,41563.61,OPEN
ORD-001656-1,PO-001656,CUST-01805,2026-03-11,23070.14,OPEN
ORD-001656-2,PO-001656,CUST-00381,2026-03-11,23070.14,OPEN
ORD-001656-3,PO-001656,CUST-00231,2026-03-15,34605.21,OPEN
ORD-001657-1,PO-001657,CUST-02092,2026-02-02,32932.48,OPEN
ORD-001657-2,PO-001657,CUST-01359,2026-02-12,24699.36,OPEN
ORD-001657-3,PO-001657,CUST-01506,2026-02-11,49398.72,OPEN
ORD-001657-4,PO-001657,CUST-00651,2026-02-12,49398.72,OPEN
ORD-001658-1,PO-001658,CUST-00859,2026-07-17,38236.43,OPEN
ORD-001658-2,PO-001658,CUST-01750,2026-07-22,38236.43,OPEN
ORD-001659-1,PO-001659,CUST-01141,2026-05-14,34010.96,OPEN
ORD-001660-1,PO-001660,CUST-00326,2026-03-15,55121.43,OPEN
ORD-001660-2,PO-001660,CUST-00333,2026-03-20,55121.43,OPEN
ORD-001660-3,PO-001660,CUST-02457,2026-03-15,36747.62,OPEN
ORD-001660-4,PO-001660,CUST-01125,2026-03-18,27560.72,OPEN
ORD-001661-1,PO-001661,CUST-01756,2026-07-05,5061.66,OPEN
ORD-001661-2,PO-001661,CUST-02020,2026-06-26,10123.32,OPEN
ORD-001661-3,PO-001661,CUST-01099,2026-06-30,5061.66,OPEN
ORD-001661-4,PO-001661,CUST-00295,2026-06-30,3374.44,OPEN
ORD-001662-1,PO-001662,CUST-02318,2026-06-06,60793.73,OPEN
ORD-001662-2,PO-001662,CUST-00250,2026-06-14,30396.87,OPEN
ORD-001663-1,PO-001663,CUST-00707,2026-08-13,3063.53,OPEN
ORD-001663-2,PO-001663,CUST-02218,2026-08-05,2042.35,OPEN
ORD-001663-3,PO-001663,CUST-01965,2026-08-07,3063.53,OPEN
ORD-001663-4,PO-001663,CUST-02326,2026-08-11,6127.05,OPEN
ORD-001664-1,PO-001664,CUST-01125,2026-05-02,98408.57,OPEN
ORD-001665-1,PO-001665,CUST-01535,2026-05-29,624.35,OPEN
ORD-001665-2,PO-001665,CUST-00428,2026-05-28,312.18,OPEN
ORD-001666-1,PO-001666,CUST-01610,2026-04-26,66086.15,OPEN
ORD-001666-2,PO-001666,CUST-01095,2026-04-23,33043.07,OPEN
ORD-001667-1,PO-001667,CUST-02349,2026-05-13,6945.65,OPEN
ORD-001667-2,PO-001667,CUST-02174,2026-05-16,10418.47,OPEN
ORD-001668-1,PO-001668,CUST-01315,2026-07-26,25148.69,OPEN
ORD-001668-2,PO-001668,CUST-00081,2026-08-02,37723.04,OPEN
ORD-001669-1,PO-001669,CUST-00748,2026-08-14,12085.96,OPEN
ORD-001670-1,PO-001670,CUST-00011,2026-04-16,17978.76,OPEN
ORD-001670-2,PO-001670,CUST-01969,2026-04-21,71915.03,OPEN
ORD-001670-3,PO-001670,CUST-02487,2026-04-22,71915.03,OPEN
ORD-001671-1,PO-001671,CUST-01257,2026-04-10,55863.63,OPEN
ORD-001671-2,PO-001671,CUST-00411,2026-04-11,27931.81,OPEN
ORD-001671-3,PO-001671,CUST-02130,2026-04-15,27931.81,OPEN
ORD-001672-1,PO-001672,CUST-01436,2026-06-26,21442.38,OPEN
ORD-001672-2,PO-001672,CUST-01972,2026-06-28,85769.5,OPEN
ORD-001672-3,PO-001672,CUST-01079,2026-06-24,28589.83,OPEN
ORD-001672-4,PO-001672,CUST-00912,2026-06-29,28589.83,OPEN
ORD-001673-1,PO-001673,CUST-02385,2026-01-29,50774.7,OPEN
ORD-001673-2,PO-001673,CUST-01659,2026-01-27,12693.67,OPEN
ORD-001674-1,PO-001674,CUST-00196,2026-03-31,31971.1,OPEN
ORD-001674-2,PO-001674,CUST-01894,2026-04-04,10657.03,OPEN
ORD-001674-3,PO-001674,CUST-00985,2026-04-03,10657.03,OPEN
ORD-001674-4,PO-001674,CUST-02198,2026-04-09,10657.03,OPEN
ORD-001675-1,PO-001675,CUST-00426,2026-04-10,23503.54,OPEN
ORD-001675-2,PO-001675,CUST-01266,2026-04-08,17627.65,OPEN
ORD-001675-3,PO-001675,CUST-01533,2026-04-12,23503.54,OPEN
ORD-001676-1,PO-001676,CUST-02264,2026-02-13,12016.4,OPEN
ORD-001676-2,PO-001676,CUST-02449,2026-02-13,9012.3,OPEN
ORD-001676-3,PO-001676,CUST-01675,2026-02-13,36049.2,OPEN
ORD-001677-1,PO-001677,CUST-00875,2026-06-12,48110.56,OPEN
ORD-001677-2,PO-001677,CUST-01232,2026-06-17,96221.12,OPEN
ORD-001677-3,PO-001677,CUST-01641,2026-06-11,32073.71,OPEN
ORD-001677-4,PO-001677,CUST-01043,2026-06-20,96221.12,OPEN
ORD-001678-1,PO-001678,CUST-01309,2026-07-05,40499.65,OPEN
ORD-001678-2,PO-001678,CUST-02046,2026-07-04,60749.47,OPEN
ORD-001678-3,PO-001678,CUST-00503,2026-07-10,121498.95,OPEN
ORD-001679-1,PO-001679,CUST-00162,2026-02-04,3384.6,OPEN
ORD-001679-2,PO-001679,CUST-01885,2026-01-26,846.15,OPEN
ORD-001679-3,PO-001679,CUST-02003,2026-02-04,3384.6,OPEN
ORD-001680-1,PO-001680,CUST-01496,2026-05-18,47233.86,OPEN
ORD-001680-2,PO-001680,CUST-01824,2026-05-26,11808.47,OPEN
ORD-001680-3,PO-001680,CUST-01755,2026-05-21,23616.93,OPEN
ORD-001680-4,PO-001680,CUST-02160,2026-05-21,15744.62,OPEN
ORD-001681-1,PO-001681,CUST-00876,2026-01-19,68440.96,OPEN
ORD-001681-2,PO-001681,CUST-00030,2026-01-16,34220.48,OPEN
ORD-001682-1,PO-001682,CUST-00929,2026-06-11,23493.43,OPEN
ORD-001682-2,PO-001682,CUST-01285,2026-06-14,35240.14,OPEN
ORD-001683-1,PO-001683,CUST-00803,2026-07-24,123117.46,OPEN
ORD-001683-2,PO-001683,CUST-01869,2026-07-26,123117.46,OPEN
ORD-001683-3,PO-001683,CUST-01495,2026-07-21,30779.37,OPEN
ORD-001684-1,PO-001684,CUST-00972,2026-05-22,6632.22,OPEN
ORD-001684-2,PO-001684,CUST-00280,2026-05-21,8842.96,OPEN
ORD-001685-1,PO-001685,CUST-00804,2026-04-22,70438.33,OPEN
ORD-001686-1,PO-001686,CUST-02239,2026-03-25,32519.3,OPEN
ORD-001687-1,PO-001687,CUST-01082,2026-08-01,23248.77,OPEN
ORD-001687-2,PO-001687,CUST-00880,2026-08-02,30998.36,OPEN
ORD-001687-3,PO-001687,CUST-01148,2026-08-06,30998.36,OPEN
ORD-001687-4,PO-001687,CUST-02181,2026-07-28,92995.09,OPEN
ORD-001688-1,PO-001688,CUST-00592,2026-04-18,46081.43,OPEN
ORD-001689-1,PO-001689,CUST-00409,2026-07-04,29723.42,OPEN
ORD-001689-2,PO-001689,CUST-01066,2026-07-03,89170.25,OPEN
ORD-001689-3,PO-001689,CUST-00306,2026-06-28,89170.25,OPEN
ORD-001689-4,PO-001689,CUST-00996,2026-06-29,44585.12,OPEN
ORD-001690-1,PO-001690,CUST-00802,2026-02-04,28095.32,OPEN
ORD-001690-2,PO-001690,CUST-01193,2026-02-05,7023.83,OPEN
ORD-001691-1,PO-001691,CUST-01905,2026-04-19,49689.67,OPEN
ORD-001691-2,PO-001691,CUST-00011,2026-04-27,33126.45,OPEN
ORD-001691-3,PO-001691,CUST-00270,2026-04-28,24844.83,OPEN
ORD-001691-4,PO-001691,CUST-02044,2026-04-20,99379.34,OPEN
ORD-001692-1,PO-001692,CUST-02353,2026-06-01,1968.55,OPEN
ORD-001693-1,PO-001693,CUST-01914,2026-04-14,31705.03,OPEN
ORD-001693-2,PO-001693,CUST-01644,2026-04-19,126820.12,OPEN
ORD-001693-3,PO-001693,CUST-02496,2026-04-20,63410.06,OPEN
ORD-001693-4,PO-001693,CUST-02332,2026-04-16,42273.37,OPEN
ORD-001694-1,PO-001694,CUST-02442,2026-06-20,2812.14,OPEN
ORD-001694-2,PO-001694,CUST-01531,2026-06-16,2812.14,OPEN
ORD-001695-1,PO-001695,CUST-01894,2026-04-19,149023.78,OPEN
ORD-001695-2,PO-001695,CUST-01011,2026-04-13,49674.59,OPEN
ORD-001695-3,PO-001695,CUST-00568,2026-04-15,37255.94,OPEN
ORD-001695-4,PO-001695,CUST-00576,2026-04-18,149023.78,OPEN
ORD-001696-1,PO-001696,CUST-00580,2026-05-25,106321.93,OPEN
ORD-001696-2,PO-001696,CUST-02234,2026-05-24,35440.64,OPEN
ORD-001696-3,PO-001696,CUST-00339,2026-05-25,53160.96,OPEN
ORD-001697-1,PO-001697,CUST-01385,2026-03-10,44288.58,OPEN
ORD-001698-1,PO-001698,CUST-00334,2026-07-17,51847.51,OPEN
ORD-001699-1,PO-001699,CUST-01506,2026-02-09,45558.96,OPEN
ORD-001699-2,PO-001699,CUST-00904,2026-02-15,136676.88,OPEN
ORD-001700-1,PO-001700,CUST-00134,2026-05-07,69688.79,OPEN
ORD-001700-2,PO-001700,CUST-00234,2026-05-15,34844.4,OPEN
ORD-001700-3,PO-001700,CUST-01039,2026-05-08,69688.79,OPEN
ORD-001700-4,PO-001700,CUST-00382,2026-05-07,46459.2,OPEN
ORD-001701-1,PO-001701,CUST-01578,2026-07-17,23842.89,OPEN
ORD-001701-2,PO-001701,CUST-01654,2026-07-15,23842.89,OPEN
ORD-001702-1,PO-001702,CUST-01330,2026-08-11,3188.61,OPEN
ORD-001702-2,PO-001702,CUST-00328,2026-08-15,4782.91,OPEN
ORD-001702-3,PO-001702,CUST-00933,2026-08-11,9565.83,OPEN
ORD-001703-1,PO-001703,CUST-01394,2026-07-18,41464.41,OPEN
ORD-001703-2,PO-001703,CUST-02185,2026-07-15,41464.41,OPEN
ORD-001703-3,PO-001703,CUST-00890,2026-07-15,31098.31,OPEN
ORD-001704-1,PO-001704,CUST-00211,2026-04-12,855.07,OPEN
ORD-001704-2,PO-001704,CUST-02375,2026-04-19,1140.1,OPEN
ORD-001704-3,PO-001704,CUST-00481,2026-04-17,855.07,OPEN
ORD-001705-1,PO-001705,CUST-01439,2026-06-02,23720.71,OPEN
ORD-001705-2,PO-001705,CUST-02097,2026-06-04,35581.07,OPEN
ORD-001705-3,PO-001705,CUST-01587,2026-05-30,35581.07,OPEN
ORD-001705-4,PO-001705,CUST-02077,2026-05-31,23720.71,OPEN
ORD-001706-1,PO-001706,CUST-02165,2026-07-24,7720.26,OPEN
ORD-001706-2,PO-001706,CUST-01553,2026-07-14,7720.26,OPEN
ORD-001706-3,PO-001706,CUST-01671,2026-07-23,15440.51,OPEN
ORD-001707-1,PO-001707,CUST-01806,2026-09-05,15440.05,OPEN
ORD-001708-1,PO-001708,CUST-00913,2026-05-02,1652.9,OPEN
ORD-001708-2,PO-001708,CUST-01819,2026-05-09,3305.8,OPEN
ORD-001708-3,PO-001708,CUST-00977,2026-04-30,1652.9,OPEN
ORD-001708-4,PO-001708,CUST-00707,2026-05-02,1652.9,OPEN
ORD-001709-1,PO-001709,CUST-00213,2026-03-25,15328.29,OPEN
ORD-001709-2,PO-001709,CUST-01034,2026-03-24,15328.29,OPEN
ORD-001710-1,PO-001710,CUST-00929,2026-08-06,35467.06,OPEN
ORD-001710-2,PO-001710,CUST-00535,2026-08-03,35467.06,OPEN
ORD-001710-3,PO-001710,CUST-01324,2026-08-04,26600.29,OPEN
ORD-001710-4,PO-001710,CUST-00560,2026-08-01,106401.18,OPEN
ORD-001711-1,PO-001711,CUST-02176,2026-07-07,41759.77,OPEN
ORD-001711-2,PO-001711,CUST-01396,2026-07-07,31319.83,OPEN
ORD-001711-3,PO-001711,CUST-01049,2026-07-04,125279.32,OPEN
ORD-001711-4,PO-001711,CUST-00587,2026-07-08,41759.77,OPEN
ORD-001712-1,PO-001712,CUST-00123,2026-04-29,20608.15,OPEN
ORD-001712-2,PO-001712,CUST-02230,2026-04-30,15456.11,OPEN
ORD-001713-1,PO-001713,CUST-00308,2026-01-12,17344.19,OPEN
ORD-001713-2,PO-001713,CUST-02295,2026-01-12,11562.8,OPEN
ORD-001714-1,PO-001714,CUST-00654,2026-06-10,29116.26,OPEN
ORD-001714-2,PO-001714,CUST-01031,2026-06-04,116465.03,OPEN
ORD-001714-3,PO-001714,CUST-01675,2026-06-10,38821.68,OPEN
ORD-001714-4,PO-001714,CUST-02366,2026-06-02,29116.26,OPEN
ORD-001715-1,PO-001715,CUST-01930,2026-04-28,1747.12,OPEN
ORD-001715-2,PO-001715,CUST-00170,2026-04-25,1747.12,OPEN
ORD-001716-1,PO-001716,CUST-00015,2026-03-30,51436.91,OPEN
ORD-001717-1,PO-001717,CUST-00564,2026-04-08,35523.44,OPEN
ORD-001717-2,PO-001717,CUST-01663,2026-04-04,47364.59,OPEN
ORD-001717-3,PO-001717,CUST-00074,2026-04-11,47364.59,OPEN
ORD-001717-4,PO-001717,CUST-02340,2026-04-06,35523.44,OPEN
ORD-001718-1,PO-001718,CUST-01198,2026-08-07,2698.24,OPEN
ORD-001719-1,PO-001719,CUST-02275,2026-02-23,1251.41,OPEN
ORD-001719-2,PO-001719,CUST-01746,2026-03-01,2502.83,OPEN
ORD-001719-3,PO-001719,CUST-01825,2026-02-25,834.28,OPEN
ORD-001719-4,PO-001719,CUST-01644,2026-02-24,1251.41,OPEN
ORD-001720-1,PO-001720,CUST-00182,2026-05-10,35234.12,OPEN
ORD-001721-1,PO-001721,CUST-01436,2026-05-08,45795.5,OPEN
ORD-001721-2,PO-001721,CUST-00489,2026-05-10,91591.01,OPEN
ORD-001722-1,PO-001722,CUST-02357,2026-02-02,12040.7,OPEN
ORD-001722-2,PO-001722,CUST-02071,2026-02-09,12040.7,OPEN
ORD-001722-3,PO-001722,CUST-02194,2026-02-03,12040.7,OPEN
ORD-001722-4,PO-001722,CUST-00317,2026-02-07,36122.1,OPEN
ORD-001723-1,PO-001723,CUST-01883,2026-01-29,14240.72,OPEN
ORD-001724-1,PO-001724,CUST-00650,2026-09-01,6984.01,OPEN
ORD-001724-2,PO-001724,CUST-02119,2026-08-28,27936.02,OPEN
ORD-001725-1,PO-001725,CUST-01889,2026-02-18,11351.67,OPEN
ORD-001725-2,PO-001725,CUST-00784,2026-02-19,15135.56,OPEN
ORD-001725-3,PO-001725,CUST-01247,2026-02-18,15135.56,OPEN
ORD-001725-4,PO-001725,CUST-00675,2026-02-23,11351.67,OPEN
ORD-001726-1,PO-001726,CUST-00642,2026-02-01,50964.99,OPEN
ORD-001726-2,PO-001726,CUST-01107,2026-01-29,25482.49,OPEN
ORD-001726-3,PO-001726,CUST-00514,2026-02-08,16988.33,OPEN
ORD-001727-1,PO-001727,CUST-01717,2026-01-13,94159.39,OPEN
ORD-001727-2,PO-001727,CUST-01958,2026-01-20,47079.69,OPEN
ORD-001727-3,PO-001727,CUST-01661,2026-01-17,47079.69,OPEN
ORD-001728-1,PO-001728,CUST-00218,2026-03-14,44643.97,OPEN
ORD-001728-2,PO-001728,CUST-00411,2026-03-12,89287.95,OPEN
ORD-001729-1,PO-001729,CUST-01623,2026-03-05,8377.81,OPEN
ORD-001729-2,PO-001729,CUST-01345,2026-03-07,4188.9,OPEN
ORD-001729-3,PO-001729,CUST-00270,2026-03-03,16755.61,OPEN
ORD-001729-4,PO-001729,CUST-00891,2026-03-05,8377.81,OPEN
ORD-001730-1,PO-001730,CUST-01324,2026-05-04,60134.27,OPEN
ORD-001730-2,PO-001730,CUST-01972,2026-05-05,30067.13,OPEN
ORD-001731-1,PO-001731,CUST-01234,2026-08-15,44735.86,OPEN
ORD-001731-2,PO-001731,CUST-00044,2026-08-15,29823.9,OPEN
ORD-001732-1,PO-001732,CUST-01666,2026-06-01,1542.84,OPEN
ORD-001732-2,PO-001732,CUST-01850,2026-06-01,3085.68,OPEN
ORD-001732-3,PO-001732,CUST-01303,2026-05-31,2057.12,OPEN
ORD-001732-4,PO-001732,CUST-01019,2026-06-01,3085.68,OPEN
ORD-001733-1,PO-001733,CUST-01097,2026-06-10,7323.14,OPEN
ORD-001733-2,PO-001733,CUST-01253,2026-06-12,10984.72,OPEN
ORD-001733-3,PO-001733,CUST-01136,2026-06-09,21969.43,OPEN
ORD-001733-4,PO-001733,CUST-01421,2026-06-13,10984.72,OPEN
ORD-001734-1,PO-001734,CUST-00081,2026-03-30,34386.35,OPEN
ORD-001735-1,PO-001735,CUST-01734,2026-03-07,47273.08,OPEN
ORD-001736-1,PO-001736,CUST-00782,2026-02-09,14773.83,OPEN
ORD-001736-2,PO-001736,CUST-00991,2026-02-11,44321.48,OPEN
ORD-001736-3,PO-001736,CUST-00298,2026-02-09,14773.83,OPEN
ORD-001737-1,PO-001737,CUST-01498,2026-08-06,20244.32,OPEN
ORD-001738-1,PO-001738,CUST-00624,2026-01-18,60346.89,OPEN
ORD-001739-1,PO-001739,CUST-00540,2026-03-25,11145.36,OPEN
ORD-001739-2,PO-001739,CUST-01992,2026-03-28,11145.36,OPEN
ORD-001739-3,PO-001739,CUST-01022,2026-03-29,11145.36,OPEN
ORD-001740-1,PO-001740,CUST-00281,2026-04-09,35822.26,OPEN
ORD-001740-2,PO-001740,CUST-02037,2026-04-01,35822.26,OPEN
ORD-001740-3,PO-001740,CUST-01607,2026-04-07,107466.78,OPEN
ORD-001741-1,PO-001741,CUST-00550,2026-03-14,15433.04,OPEN
ORD-001741-2,PO-001741,CUST-01772,2026-03-23,20577.38,OPEN
ORD-001741-3,PO-001741,CUST-00004,2026-03-15,61732.15,OPEN
ORD-001741-4,PO-001741,CUST-00171,2026-03-14,20577.38,OPEN
ORD-001742-1,PO-001742,CUST-02440,2026-06-15,21143.84,OPEN
ORD-001742-2,PO-001742,CUST-00778,2026-06-06,28191.79,OPEN
ORD-001742-3,PO-001742,CUST-02070,2026-06-11,84575.36,OPEN
ORD-001743-1,PO-001743,CUST-00887,2026-01-13,12257.76,OPEN
ORD-001743-2,PO-001743,CUST-02204,2026-01-19,12257.76,OPEN
ORD-001743-3,PO-001743,CUST-01601,2026-01-12,4085.92,OPEN
ORD-001743-4,PO-001743,CUST-02273,2026-01-18,6128.88,OPEN
ORD-001744-1,PO-001744,CUST-01723,2026-07-09,26860.23,OPEN
ORD-001745-1,PO-001745,CUST-01558,2026-06-27,44443.1,OPEN
ORD-001745-2,PO-001745,CUST-00050,2026-06-27,88886.2,OPEN
ORD-001745-3,PO-001745,CUST-00008,2026-06-26,44443.1,OPEN
ORD-001745-4,PO-001745,CUST-01833,2026-06-20,29628.73,OPEN
ORD-001746-1,PO-001746,CUST-00118,2026-04-09,31643.13,OPEN
ORD-001746-2,PO-001746,CUST-02473,2026-04-01,15821.57,OPEN
ORD-001746-3,PO-001746,CUST-00423,2026-04-10,21095.42,OPEN
ORD-001746-4,PO-001746,CUST-02489,2026-04-06,21095.42,OPEN
ORD-001747-1,PO-001747,CUST-01781,2026-08-21,12374.9,OPEN
ORD-001747-2,PO-001747,CUST-01841,2026-08-25,3093.72,OPEN
ORD-001747-3,PO-001747,CUST-02013,2026-08-25,4124.97,OPEN
ORD-001747-4,PO-001747,CUST-01452,2026-08-23,4124.97,OPEN
ORD-001748-1,PO-001748,CUST-01798,2026-07-31,60624.52,OPEN
ORD-001748-2,PO-001748,CUST-00133,2026-08-01,60624.52,OPEN
ORD-001749-1,PO-001749,CUST-01975,2026-04-27,12506.46,OPEN
ORD-001749-2,PO-001749,CUST-00408,2026-04-30,25012.92,OPEN
ORD-001750-1,PO-001750,CUST-01160,2026-01-29,29663.15,OPEN
ORD-001750-2,PO-001750,CUST-00052,2026-02-07,44494.72,OPEN
ORD-001750-3,PO-001750,CUST-00568,2026-02-01,88989.45,OPEN
ORD-001750-4,PO-001750,CUST-00098,2026-02-02,29663.15,OPEN
ORD-001751-1,PO-001751,CUST-02327,2026-06-11,74443.29,OPEN
ORD-001752-1,PO-001752,CUST-00399,2026-03-06,19576.01,OPEN
ORD-001752-2,PO-001752,CUST-01156,2026-03-02,39152.02,OPEN
ORD-001753-1,PO-001753,CUST-00645,2026-01-11,1657.11,OPEN
ORD-001753-2,PO-001753,CUST-00073,2026-01-17,2485.67,OPEN
ORD-001753-3,PO-001753,CUST-02328,2026-01-09,1242.84,OPEN
ORD-001754-1,PO-001754,CUST-00409,2026-04-19,37770.64,OPEN
ORD-001754-2,PO-001754,CUST-00596,2026-04-22,56655.96,OPEN
ORD-001754-3,PO-001754,CUST-01656,2026-04-23,37770.64,OPEN
ORD-001754-4,PO-001754,CUST-01024,2026-04-18,56655.96,OPEN
ORD-001755-1,PO-001755,CUST-01473,2026-01-11,28077.96,OPEN
ORD-001755-2,PO-001755,CUST-01075,2026-01-18,56155.91,OPEN
ORD-001755-3,PO-001755,CUST-02077,2026-01-20,28077.96,OPEN
ORD-001755-4,PO-001755,CUST-01649,2026-01-11,14038.98,OPEN
ORD-001756-1,PO-001756,CUST-01129,2026-08-14,9121.36,OPEN
ORD-001756-2,PO-001756,CUST-00794,2026-08-06,6841.02,OPEN
ORD-001756-3,PO-001756,CUST-01941,2026-08-11,13682.04,OPEN
ORD-001756-4,PO-001756,CUST-01241,2026-08-11,9121.36,OPEN
ORD-001757-1,PO-001757,CUST-00784,2026-02-14,29996.77,OPEN
ORD-001757-2,PO-001757,CUST-00962,2026-02-13,29996.77,OPEN
ORD-001758-1,PO-001758,CUST-00625,2026-01-19,34341.38,OPEN
ORD-001759-1,PO-001759,CUST-00027,2026-09-03,9975.94,OPEN
ORD-001759-2,PO-001759,CUST-01861,2026-08-24,13301.25,OPEN
ORD-001760-1,PO-001760,CUST-01245,2026-08-07,7869.69,OPEN
ORD-001760-2,PO-001760,CUST-01186,2026-08-07,7869.69,OPEN
ORD-001760-3,PO-001760,CUST-00322,2026-08-04,5246.46,OPEN
ORD-001761-1,PO-001761,CUST-00352,2026-05-13,5331.62,OPEN
ORD-001761-2,PO-001761,CUST-00475,2026-05-15,5331.62,OPEN
ORD-001761-3,PO-001761,CUST-01269,2026-05-23,15994.87,OPEN
ORD-001762-1,PO-001762,CUST-00410,2026-04-23,175.96,OPEN
ORD-001763-1,PO-001763,CUST-01114,2026-01-23,939.06,OPEN
ORD-001763-2,PO-001763,CUST-01875,2026-01-20,1878.12,OPEN
ORD-001763-3,PO-001763,CUST-00224,2026-01-27,1252.08,OPEN
ORD-001764-1,PO-001764,CUST-00016,2026-02-28,32187.2,OPEN
ORD-001764-2,PO-001764,CUST-00937,2026-02-27,128748.79,OPEN
ORD-001764-3,PO-001764,CUST-00762,2026-02-28,128748.79,OPEN
ORD-001765-1,PO-001765,CUST-01847,2026-01-04,31275.4,OPEN
ORD-001765-2,PO-001765,CUST-01425,2026-01-03,125101.62,OPEN
ORD-001766-1,PO-001766,CUST-01362,2026-07-03,31389.78,OPEN
ORD-001767-1,PO-001767,CUST-00088,2026-02-18,16218.94,OPEN
ORD-001768-1,PO-001768,CUST-02084,2026-05-24,20100.28,OPEN
ORD-001768-2,PO-001768,CUST-00050,2026-05-15,15075.21,OPEN
ORD-001768-3,PO-001768,CUST-00104,2026-05-20,60300.85,OPEN
ORD-001768-4,PO-001768,CUST-00295,2026-05-21,60300.85,OPEN
ORD-001769-1,PO-001769,CUST-01820,2026-06-20,72330.49,OPEN
ORD-001769-2,PO-001769,CUST-01812,2026-06-18,72330.49,OPEN
ORD-001770-1,PO-001770,CUST-00698,2026-08-11,8284.59,OPEN
ORD-001770-2,PO-001770,CUST-00353,2026-08-06,2761.53,OPEN
ORD-001770-3,PO-001770,CUST-01834,2026-08-11,2071.15,OPEN
ORD-001771-1,PO-001771,CUST-00663,2026-06-25,33155.31,OPEN
ORD-001771-2,PO-001771,CUST-00109,2026-06-21,24866.48,OPEN
ORD-001771-3,PO-001771,CUST-00006,2026-06-25,49732.96,OPEN
ORD-001771-4,PO-001771,CUST-01576,2026-06-29,49732.96,OPEN
ORD-001772-1,PO-001772,CUST-00965,2026-07-14,14548.64,OPEN
ORD-001772-2,PO-001772,CUST-01752,2026-07-07,19398.19,OPEN
ORD-001772-3,PO-001772,CUST-00624,2026-07-08,14548.64,OPEN
ORD-001772-4,PO-001772,CUST-01350,2026-07-09,14548.64,OPEN
ORD-001773-1,PO-001773,CUST-01069,2026-08-20,72134.78,OPEN
ORD-001773-2,PO-001773,CUST-02362,2026-08-13,24044.93,OPEN
ORD-001773-3,PO-001773,CUST-01804,2026-08-17,18033.69,OPEN
ORD-001773-4,PO-001773,CUST-01491,2026-08-10,24044.93,OPEN
ORD-001774-1,PO-001774,CUST-00559,2026-08-01,12063.7,OPEN
ORD-001775-1,PO-001775,CUST-00855,2026-09-01,32899.43,OPEN
ORD-001775-2,PO-001775,CUST-00064,2026-09-06,32899.43,OPEN
ORD-001775-3,PO-001775,CUST-01478,2026-09-07,43865.91,OPEN
ORD-001775-4,PO-001775,CUST-01027,2026-08-31,65798.86,OPEN
ORD-001776-1,PO-001776,CUST-01484,2026-07-14,40690.23,OPEN
ORD-001776-2,PO-001776,CUST-01349,2026-07-14,81380.46,OPEN
ORD-001776-3,PO-001776,CUST-00220,2026-07-07,20345.12,OPEN
ORD-001776-4,PO-001776,CUST-00456,2026-07-15,81380.46,OPEN
ORD-001777-1,PO-001777,CUST-01034,2026-04-22,3844.35,OPEN
ORD-001777-2,PO-001777,CUST-00571,2026-04-29,11533.04,OPEN
ORD-001777-3,PO-001777,CUST-02278,2026-04-19,11533.04,OPEN
ORD-001777-4,PO-001777,CUST-02175,2026-04-29,5766.52,OPEN
ORD-001778-1,PO-001778,CUST-00894,2026-07-17,51109.84,OPEN
ORD-001778-2,PO-001778,CUST-02168,2026-07-19,34073.23,OPEN
ORD-001778-3,PO-001778,CUST-01004,2026-07-25,25554.92,OPEN
ORD-001778-4,PO-001778,CUST-01717,2026-07-20,34073.23,OPEN
ORD-001779-1,PO-001779,CUST-00874,2026-01-19,28982.24,OPEN
ORD-001779-2,PO-001779,CUST-00498,2026-01-25,38642.99,OPEN
ORD-001780-1,PO-001780,CUST-01788,2026-08-05,4843.84,OPEN
ORD-001780-2,PO-001780,CUST-01298,2026-08-07,2421.92,OPEN
ORD-001780-3,PO-001780,CUST-01696,2026-08-10,4843.84,OPEN
ORD-001780-4,PO-001780,CUST-00999,2026-08-05,4843.84,OPEN
ORD-001781-1,PO-001781,CUST-02186,2026-07-07,42974.5,OPEN
ORD-001781-2,PO-001781,CUST-00717,2026-07-09,85948.99,OPEN
ORD-001782-1,PO-001782,CUST-00758,2026-06-01,13125.16,OPEN
ORD-001782-2,PO-001782,CUST-01235,2026-06-03,13125.16,OPEN
ORD-001783-1,PO-001783,CUST-00476,2026-08-02,138308.32,OPEN
ORD-001783-2,PO-001783,CUST-00190,2026-07-28,69154.16,OPEN
ORD-001783-3,PO-001783,CUST-01313,2026-07-25,138308.32,OPEN
ORD-001783-4,PO-001783,CUST-01368,2026-08-01,138308.32,OPEN
ORD-001784-1,PO-001784,CUST-02498,2026-07-24,24056.53,OPEN
ORD-001784-2,PO-001784,CUST-00623,2026-07-22,96226.1,OPEN
ORD-001785-1,PO-001785,CUST-00093,2026-05-06,6415.17,OPEN
ORD-001785-2,PO-001785,CUST-02084,2026-05-03,8553.56,OPEN
ORD-001786-1,PO-001786,CUST-01866,2026-02-21,46781.04,OPEN
ORD-001786-2,PO-001786,CUST-02003,2026-02-23,31187.36,OPEN
ORD-001786-3,PO-001786,CUST-02312,2026-02-19,93562.07,OPEN
ORD-001786-4,PO-001786,CUST-01104,2026-02-18,23390.52,OPEN
ORD-001787-1,PO-001787,CUST-02162,2026-05-03,50737.08,OPEN
ORD-001787-2,PO-001787,CUST-01897,2026-05-08,25368.54,OPEN
ORD-001787-3,PO-001787,CUST-01495,2026-05-04,50737.08,OPEN
ORD-001787-4,PO-001787,CUST-00852,2026-05-05,50737.08,OPEN
ORD-001788-1,PO-001788,CUST-02368,2026-04-11,29994.72,OPEN
ORD-001789-1,PO-001789,CUST-02137,2026-05-11,17554.37,OPEN
ORD-001790-1,PO-001790,CUST-00612,2026-06-16,22161.94,OPEN
ORD-001790-2,PO-001790,CUST-00027,2026-06-19,33242.91,OPEN
ORD-001790-3,PO-001790,CUST-02255,2026-06-19,66485.82,OPEN
ORD-001791-1,PO-001791,CUST-02008,2026-03-16,62262.93,OPEN
ORD-001791-2,PO-001791,CUST-01337,2026-03-09,31131.47,OPEN
ORD-001791-3,PO-001791,CUST-01448,2026-03-15,41508.62,OPEN
ORD-001791-4,PO-001791,CUST-00076,2026-03-16,124525.86,OPEN
ORD-001792-1,PO-001792,CUST-00709,2026-06-10,11471.1,OPEN
ORD-001792-2,PO-001792,CUST-01714,2026-06-08,22942.2,OPEN
ORD-001793-1,PO-001793,CUST-01113,2026-03-03,24337.35,OPEN
ORD-001793-2,PO-001793,CUST-00809,2026-03-13,16224.9,OPEN
ORD-001794-1,PO-001794,CUST-02483,2026-06-05,17651.84,OPEN
ORD-001794-2,PO-001794,CUST-00508,2026-06-03,8825.92,OPEN
ORD-001795-1,PO-001795,CUST-00006,2026-08-06,41971.85,OPEN
ORD-001796-1,PO-001796,CUST-01081,2026-01-23,35364.67,OPEN
ORD-001797-1,PO-001797,CUST-00409,2026-07-03,82216.03,OPEN
ORD-001797-2,PO-001797,CUST-01227,2026-07-02,20554.01,OPEN
ORD-001797-3,PO-001797,CUST-02113,2026-07-01,41108.01,OPEN
ORD-001798-1,PO-001798,CUST-02348,2026-01-25,4573.2,OPEN
ORD-001798-2,PO-001798,CUST-00501,2026-01-26,9146.4,OPEN
ORD-001798-3,PO-001798,CUST-00655,2026-01-30,6097.6,OPEN
ORD-001799-1,PO-001799,CUST-01868,2026-02-12,49634.25,OPEN
ORD-001799-2,PO-001799,CUST-00963,2026-02-14,33089.5,OPEN
ORD-001799-3,PO-001799,CUST-02036,2026-02-04,33089.5,OPEN
ORD-001800-1,PO-001800,CUST-00652,2026-06-03,18312.6,OPEN
ORD-001801-1,PO-001801,CUST-00906,2026-08-08,27645.76,OPEN
ORD-001801-2,PO-001801,CUST-00975,2026-08-06,27645.76,OPEN
ORD-001802-1,PO-001802,CUST-00483,2026-08-03,33852.56,OPEN
ORD-001803-1,PO-001803,CUST-01209,2026-08-05,45071.06,OPEN
ORD-001803-2,PO-001803,CUST-00186,2026-08-09,67606.59,OPEN
ORD-001804-1,PO-001804,CUST-01840,2026-04-25,24257.85,OPEN
ORD-001805-1,PO-001805,CUST-01812,2026-07-07,23082.4,OPEN
ORD-001805-2,PO-001805,CUST-00360,2026-07-11,46164.8,OPEN
ORD-001805-3,PO-001805,CUST-02174,2026-07-09,15388.27,OPEN
ORD-001805-4,PO-001805,CUST-01428,2026-07-01,46164.8,OPEN
ORD-001806-1,PO-001806,CUST-02106,2026-07-18,31163.35,OPEN
ORD-001806-2,PO-001806,CUST-00289,2026-07-25,7790.84,OPEN
ORD-001806-3,PO-001806,CUST-00029,2026-07-28,15581.67,OPEN
ORD-001806-4,PO-001806,CUST-00434,2026-07-22,7790.84,OPEN
ORD-001807-1,PO-001807,CUST-01345,2026-07-14,125646.68,OPEN
ORD-001807-2,PO-001807,CUST-00866,2026-07-07,62823.34,OPEN
ORD-001808-1,PO-001808,CUST-02100,2026-08-24,31098.76,OPEN
ORD-001808-2,PO-001808,CUST-00962,2026-08-22,41465.01,OPEN
ORD-001808-3,PO-001808,CUST-00210,2026-08-20,62197.52,OPEN
ORD-001809-1,PO-001809,CUST-01895,2026-05-05,11987.73,OPEN
ORD-001809-2,PO-001809,CUST-00452,2026-05-05,11987.73,OPEN
ORD-001809-3,PO-001809,CUST-01746,2026-05-07,17981.59,OPEN
ORD-001810-1,PO-001810,CUST-01602,2026-03-19,98301.73,OPEN
ORD-001810-2,PO-001810,CUST-02375,2026-03-17,32767.24,OPEN
ORD-001810-3,PO-001810,CUST-02326,2026-03-17,32767.24,OPEN
ORD-001810-4,PO-001810,CUST-01491,2026-03-21,24575.43,OPEN
ORD-001811-1,PO-001811,CUST-01550,2026-09-04,100953.7,OPEN
ORD-001811-2,PO-001811,CUST-01256,2026-08-29,50476.85,OPEN
ORD-001811-3,PO-001811,CUST-00233,2026-09-01,50476.85,OPEN
ORD-001811-4,PO-001811,CUST-01908,2026-09-04,25238.42,OPEN
ORD-001812-1,PO-001812,CUST-01589,2026-03-30,49404.78,OPEN
ORD-001812-2,PO-001812,CUST-00809,2026-03-24,49404.78,OPEN
ORD-001812-3,PO-001812,CUST-00056,2026-03-27,32936.52,OPEN
ORD-001812-4,PO-001812,CUST-00533,2026-03-28,32936.52,OPEN
ORD-001813-1,PO-001813,CUST-01291,2026-07-16,7124.85,OPEN
ORD-001813-2,PO-001813,CUST-01285,2026-07-13,14249.7,OPEN
ORD-001814-1,PO-001814,CUST-00772,2026-03-23,93648.81,OPEN
ORD-001814-2,PO-001814,CUST-01975,2026-03-17,31216.27,OPEN
ORD-001814-3,PO-001814,CUST-01351,2026-03-18,23412.2,OPEN
ORD-001815-1,PO-001815,CUST-00168,2026-03-24,55537.59,OPEN
ORD-001816-1,PO-001816,CUST-01926,2026-01-24,9862.32,OPEN
ORD-001816-2,PO-001816,CUST-02257,2026-01-21,29586.96,OPEN
ORD-001816-3,PO-001816,CUST-00605,2026-01-29,29586.96,OPEN
ORD-001817-1,PO-001817,CUST-00613,2026-03-27,2467.36,OPEN
ORD-001818-1,PO-001818,CUST-01018,2026-04-12,19412.46,OPEN
ORD-001818-2,PO-001818,CUST-01515,2026-04-08,19412.46,OPEN
ORD-001818-3,PO-001818,CUST-00210,2026-04-13,19412.46,OPEN
ORD-001818-4,PO-001818,CUST-01756,2026-04-07,19412.46,OPEN
ORD-001819-1,PO-001819,CUST-02000,2026-07-19,40535.29,OPEN
ORD-001819-2,PO-001819,CUST-01077,2026-07-25,81070.57,OPEN
ORD-001820-1,PO-001820,CUST-00583,2026-05-23,6775.63,OPEN
ORD-001820-2,PO-001820,CUST-00753,2026-05-14,13551.25,OPEN
ORD-001820-3,PO-001820,CUST-01535,2026-05-23,6775.63,OPEN
ORD-001820-4,PO-001820,CUST-01876,2026-05-20,27102.51,OPEN
ORD-001821-1,PO-001821,CUST-00708,2026-01-17,137694.2,OPEN
ORD-001821-2,PO-001821,CUST-01036,2026-01-10,68847.1,OPEN
ORD-001821-3,PO-001821,CUST-01788,2026-01-07,34423.55,OPEN
ORD-001822-1,PO-001822,CUST-00974,2026-08-30,8809.26,OPEN
ORD-001823-1,PO-001823,CUST-01382,2026-07-10,89642.18,OPEN
ORD-001823-2,PO-001823,CUST-00654,2026-07-16,89642.18,OPEN
ORD-001824-1,PO-001824,CUST-01821,2026-08-28,21026.06,OPEN
ORD-001824-2,PO-001824,CUST-00222,2026-08-20,21026.06,OPEN
ORD-001825-1,PO-001825,CUST-00255,2026-05-14,55216.53,OPEN
ORD-001825-2,PO-001825,CUST-02124,2026-05-08,55216.53,OPEN
ORD-001826-1,PO-001826,CUST-01717,2026-04-22,36604.5,OPEN
ORD-001826-2,PO-001826,CUST-00563,2026-04-27,48806.0,OPEN
ORD-001826-3,PO-001826,CUST-00054,2026-04-25,36604.5,OPEN
ORD-001827-1,PO-001827,CUST-01404,2026-06-17,21424.92,OPEN
ORD-001827-2,PO-001827,CUST-01856,2026-06-22,32137.38,OPEN
ORD-001827-3,PO-001827,CUST-02027,2026-06-19,16068.69,OPEN
ORD-001827-4,PO-001827,CUST-01809,2026-06-19,64274.75,OPEN
ORD-001828-1,PO-001828,CUST-00583,2026-03-29,72043.42,OPEN
ORD-001829-1,PO-001829,CUST-02453,2026-08-30,23396.4,OPEN
ORD-001829-2,PO-001829,CUST-00292,2026-08-26,5849.1,OPEN
ORD-001830-1,PO-001830,CUST-02114,2026-04-30,4513.45,OPEN
ORD-001830-2,PO-001830,CUST-01630,2026-04-28,1128.36,OPEN
ORD-001831-1,PO-001831,CUST-02365,2026-01-24,25912.77,OPEN
ORD-001831-2,PO-001831,CUST-02387,2026-01-22,25912.77,OPEN
ORD-001831-3,PO-001831,CUST-01076,2026-01-21,51825.54,OPEN
ORD-001831-4,PO-001831,CUST-00976,2026-01-30,34550.36,OPEN
ORD-001832-1,PO-001832,CUST-02140,2026-07-30,3191.86,OPEN
ORD-001832-2,PO-001832,CUST-00005,2026-07-23,797.97,OPEN
ORD-001832-3,PO-001832,CUST-01991,2026-08-01,797.97,OPEN
ORD-001833-1,PO-001833,CUST-00239,2026-05-10,23455.74,OPEN
ORD-001834-1,PO-001834,CUST-01203,2026-05-28,43528.84,OPEN
ORD-001834-2,PO-001834,CUST-01342,2026-05-31,87057.68,OPEN
ORD-001834-3,PO-001834,CUST-00210,2026-05-21,87057.68,OPEN
ORD-001834-4,PO-001834,CUST-02034,2026-05-21,87057.68,OPEN
ORD-001835-1,PO-001835,CUST-02316,2026-01-14,18715.83,OPEN
ORD-001835-2,PO-001835,CUST-00720,2026-01-14,28073.74,OPEN
ORD-001835-3,PO-001835,CUST-01928,2026-01-04,28073.74,OPEN
ORD-001836-1,PO-001836,CUST-01317,2026-03-19,24359.78,OPEN
ORD-001836-2,PO-001836,CUST-00685,2026-03-14,32479.71,OPEN
ORD-001837-1,PO-001837,CUST-01165,2026-06-22,24360.67,OPEN
ORD-001837-2,PO-001837,CUST-01195,2026-06-24,24360.67,OPEN
ORD-001837-3,PO-001837,CUST-00977,2026-06-22,48721.35,OPEN
ORD-001838-1,PO-001838,CUST-01554,2026-08-20,16724.68,OPEN
ORD-001838-2,PO-001838,CUST-00020,2026-08-21,16724.68,OPEN
ORD-001838-3,PO-001838,CUST-00363,2026-08-16,16724.68,OPEN
ORD-001838-4,PO-001838,CUST-01488,2026-08-20,66898.71,OPEN
ORD-001839-1,PO-001839,CUST-02112,2026-05-22,76616.42,OPEN
ORD-001839-2,PO-001839,CUST-00701,2026-05-18,19154.1,OPEN
ORD-001839-3,PO-001839,CUST-01820,2026-05-23,25538.81,OPEN
ORD-001840-1,PO-001840,CUST-01532,2026-05-27,30923.93,OPEN
ORD-001840-2,PO-001840,CUST-02422,2026-05-27,23192.95,OPEN
ORD-001841-1,PO-001841,CUST-01681,2026-01-25,34625.14,OPEN
ORD-001841-2,PO-001841,CUST-02444,2026-02-01,34625.14,OPEN
ORD-001841-3,PO-001841,CUST-01463,2026-01-25,51937.71,OPEN
ORD-001842-1,PO-001842,CUST-02179,2026-01-24,40966.92,OPEN
ORD-001842-2,PO-001842,CUST-01715,2026-01-16,61450.39,OPEN
ORD-001843-1,PO-001843,CUST-02240,2026-06-24,46632.64,OPEN
ORD-001843-2,PO-001843,CUST-02245,2026-06-27,34974.48,OPEN
ORD-001843-3,PO-001843,CUST-01155,2026-06-21,139897.91,OPEN
ORD-001844-1,PO-001844,CUST-01867,2026-04-27,23052.27,OPEN
ORD-001844-2,PO-001844,CUST-01944,2026-05-03,15368.18,OPEN
ORD-001844-3,PO-001844,CUST-00322,2026-04-29,11526.14,OPEN
ORD-001845-1,PO-001845,CUST-01736,2026-05-20,3794.59,OPEN
ORD-001845-2,PO-001845,CUST-02416,2026-05-27,1897.3,OPEN
ORD-001845-3,PO-001845,CUST-01355,2026-05-25,1897.3,OPEN
ORD-001846-1,PO-001846,CUST-00018,2026-03-11,44193.3,OPEN
ORD-001847-1,PO-001847,CUST-02467,2026-07-04,46791.73,OPEN
ORD-001847-2,PO-001847,CUST-00263,2026-07-11,46791.73,OPEN
ORD-001847-3,PO-001847,CUST-01544,2026-07-07,46791.73,OPEN
ORD-001847-4,PO-001847,CUST-00455,2026-07-13,140375.2,OPEN
ORD-001848-1,PO-001848,CUST-01668,2026-07-31,14847.86,OPEN
ORD-001848-2,PO-001848,CUST-02271,2026-07-26,11135.9,OPEN
ORD-001848-3,PO-001848,CUST-00255,2026-07-23,22271.79,OPEN
ORD-001848-4,PO-001848,CUST-01374,2026-07-31,11135.9,OPEN
ORD-001849-1,PO-001849,CUST-00538,2026-08-16,47752.88,OPEN
ORD-001850-1,PO-001850,CUST-02016,2026-03-13,18793.67,OPEN
ORD-001850-2,PO-001850,CUST-01165,2026-03-09,18793.67,OPEN
ORD-001850-3,PO-001850,CUST-00771,2026-03-08,9396.83,OPEN
ORD-001850-4,PO-001850,CUST-00859,2026-03-05,37587.33,OPEN
ORD-001851-1,PO-001851,CUST-01307,2026-05-29,135659.79,OPEN
ORD-001851-2,PO-001851,CUST-02104,2026-05-28,45219.93,OPEN
ORD-001851-3,PO-001851,CUST-01774,2026-05-26,45219.93,OPEN
ORD-001851-4,PO-001851,CUST-00677,2026-05-24,135659.79,OPEN
ORD-001852-1,PO-001852,CUST-01295,2026-04-03,21356.72,OPEN
ORD-001852-2,PO-001852,CUST-00720,2026-04-03,7118.91,OPEN
ORD-001852-3,PO-001852,CUST-01840,2026-03-30,7118.91,OPEN
ORD-001852-4,PO-001852,CUST-00994,2026-03-30,21356.72,OPEN
ORD-001853-1,PO-001853,CUST-00653,2026-07-30,46362.81,OPEN
ORD-001854-1,PO-001854,CUST-02233,2026-04-15,19670.42,OPEN
ORD-001854-2,PO-001854,CUST-00763,2026-04-14,26227.22,OPEN
ORD-001855-1,PO-001855,CUST-02072,2026-07-11,57118.5,OPEN
ORD-001855-2,PO-001855,CUST-01101,2026-07-17,28559.25,OPEN
ORD-001856-1,PO-001856,CUST-01509,2026-04-19,9236.17,OPEN
ORD-001856-2,PO-001856,CUST-00711,2026-04-20,6927.13,OPEN
ORD-001857-1,PO-001857,CUST-00873,2026-05-12,32275.11,OPEN
ORD-001858-1,PO-001858,CUST-00698,2026-02-28,4801.95,OPEN
ORD-001858-2,PO-001858,CUST-01279,2026-03-04,9603.9,OPEN
ORD-001858-3,PO-001858,CUST-00625,2026-03-01,9603.9,OPEN
ORD-001858-4,PO-001858,CUST-01682,2026-03-02,3201.3,OPEN
ORD-001859-1,PO-001859,CUST-00426,2026-06-02,119466.69,OPEN
ORD-001860-1,PO-001860,CUST-00954,2026-04-09,29603.22,OPEN
ORD-001860-2,PO-001860,CUST-02494,2026-04-08,29603.22,OPEN
ORD-001860-3,PO-001860,CUST-01767,2026-04-07,39470.96,OPEN
ORD-001861-1,PO-001861,CUST-01443,2026-07-06,9052.74,OPEN
ORD-001861-2,PO-001861,CUST-00044,2026-07-09,27158.21,OPEN
ORD-001862-1,PO-001862,CUST-00654,2026-03-12,33923.28,OPEN
ORD-001862-2,PO-001862,CUST-01690,2026-03-03,25442.46,OPEN
ORD-001862-3,PO-001862,CUST-00846,2026-03-12,33923.28,OPEN
ORD-001863-1,PO-001863,CUST-02067,2026-02-28,64494.24,OPEN
ORD-001864-1,PO-001864,CUST-01313,2026-02-12,81873.11,OPEN
ORD-001864-2,PO-001864,CUST-00480,2026-02-06,81873.11,OPEN
ORD-001864-3,PO-001864,CUST-01148,2026-02-09,20468.28,OPEN
ORD-001865-1,PO-001865,CUST-00291,2026-01-08,4957.6,OPEN
ORD-001865-2,PO-001865,CUST-01508,2026-01-11,4957.6,OPEN
ORD-001865-3,PO-001865,CUST-01448,2026-01-16,6610.14,OPEN
ORD-001865-4,PO-001865,CUST-02335,2026-01-15,6610.14,OPEN
ORD-001866-1,PO-001866,CUST-01815,2026-03-26,134534.36,OPEN
ORD-001866-2,PO-001866,CUST-01173,2026-04-01,44844.79,OPEN
ORD-001866-3,PO-001866,CUST-00658,2026-03-27,44844.79,OPEN
ORD-001866-4,PO-001866,CUST-00588,2026-03-26,44844.79,OPEN
ORD-001867-1,PO-001867,CUST-02500,2026-07-19,114016.46,OPEN
ORD-001867-2,PO-001867,CUST-01533,2026-07-19,38005.49,OPEN
ORD-001867-3,PO-001867,CUST-00611,2026-07-22,38005.49,OPEN
ORD-001868-1,PO-001868,CUST-02101,2026-05-05,94785.92,OPEN
ORD-001868-2,PO-001868,CUST-00233,2026-05-04,31595.31,OPEN
ORD-001868-3,PO-001868,CUST-00706,2026-05-12,47392.96,OPEN
ORD-001868-4,PO-001868,CUST-01171,2026-05-04,31595.31,OPEN
ORD-001869-1,PO-001869,CUST-00370,2026-07-26,21919.32,OPEN
ORD-001870-1,PO-001870,CUST-02388,2026-04-10,35968.43,OPEN
ORD-001870-2,PO-001870,CUST-01960,2026-04-03,35968.43,OPEN
ORD-001870-3,PO-001870,CUST-00970,2026-04-04,53952.65,OPEN
ORD-001871-1,PO-001871,CUST-00956,2026-01-06,4469.47,OPEN
ORD-001872-1,PO-001872,CUST-01752,2026-05-04,2691.07,OPEN
ORD-001872-2,PO-001872,CUST-02022,2026-05-03,5382.14,OPEN
ORD-001872-3,PO-001872,CUST-00478,2026-05-04,10764.27,OPEN
ORD-001872-4,PO-001872,CUST-00835,2026-05-04,10764.27,OPEN
ORD-001873-1,PO-001873,CUST-02278,2026-01-26,43854.87,OPEN
ORD-001874-1,PO-001874,CUST-00772,2026-06-03,28643.5,OPEN
ORD-001874-2,PO-001874,CUST-02102,2026-05-30,57287.0,OPEN
ORD-001874-3,PO-001874,CUST-00788,2026-06-08,28643.5,OPEN
ORD-001875-1,PO-001875,CUST-02004,2026-01-31,16654.79,OPEN
ORD-001875-2,PO-001875,CUST-00349,2026-01-26,16654.79,OPEN
ORD-001876-1,PO-001876,CUST-01316,2026-06-12,17715.15,OPEN
ORD-001876-2,PO-001876,CUST-00651,2026-06-11,8857.58,OPEN
ORD-001876-3,PO-001876,CUST-02427,2026-06-12,5905.05,OPEN
ORD-001876-4,PO-001876,CUST-00314,2026-06-08,4428.79,OPEN
ORD-001877-1,PO-001877,CUST-01467,2026-04-04,4587.85,OPEN
ORD-001877-2,PO-001877,CUST-00309,2026-04-01,4587.85,OPEN
ORD-001877-3,PO-001877,CUST-00107,2026-03-31,2293.92,OPEN
ORD-001877-4,PO-001877,CUST-00381,2026-04-09,9175.69,OPEN
ORD-001878-1,PO-001878,CUST-01739,2026-08-08,145671.15,OPEN
ORD-001878-2,PO-001878,CUST-01415,2026-08-05,145671.15,OPEN
ORD-001878-3,PO-001878,CUST-02447,2026-08-09,36417.79,OPEN
ORD-001878-4,PO-001878,CUST-00561,2026-08-15,72835.57,OPEN
ORD-001879-1,PO-001879,CUST-00109,2026-01-24,4877.09,OPEN
ORD-001879-2,PO-001879,CUST-00199,2026-01-17,1625.7,OPEN
ORD-001879-3,PO-001879,CUST-00748,2026-01-19,2438.55,OPEN
ORD-001880-1,PO-001880,CUST-02219,2026-07-28,37673.04,OPEN
ORD-001880-2,PO-001880,CUST-00701,2026-08-01,56509.56,OPEN
ORD-001880-3,PO-001880,CUST-02367,2026-07-29,113019.11,OPEN
ORD-001880-4,PO-001880,CUST-02219,2026-07-26,37673.04,OPEN
ORD-001881-1,PO-001881,CUST-00867,2026-05-26,141859.81,OPEN
ORD-001881-2,PO-001881,CUST-00099,2026-05-30,35464.95,OPEN
ORD-001881-3,PO-001881,CUST-00964,2026-05-29,70929.9,OPEN
ORD-001882-1,PO-001882,CUST-00596,2026-05-30,53354.99,OPEN
ORD-001882-2,PO-001882,CUST-01058,2026-05-21,106709.98,OPEN
ORD-001882-3,PO-001882,CUST-01799,2026-05-27,35569.99,OPEN
ORD-001882-4,PO-001882,CUST-01725,2026-05-25,26677.49,OPEN
ORD-001883-1,PO-001883,CUST-00534,2026-07-09,40229.47,OPEN
ORD-001883-2,PO-001883,CUST-01874,2026-07-05,40229.47,OPEN
ORD-001884-1,PO-001884,CUST-01468,2026-05-29,22206.2,OPEN
ORD-001885-1,PO-001885,CUST-01800,2026-01-30,37506.62,OPEN
ORD-001885-2,PO-001885,CUST-00878,2026-01-30,37506.62,OPEN
ORD-001885-3,PO-001885,CUST-01697,2026-01-30,112519.86,OPEN
ORD-001886-1,PO-001886,CUST-00366,2026-03-26,58313.21,OPEN
ORD-001886-2,PO-001886,CUST-00091,2026-03-22,14578.3,OPEN
ORD-001887-1,PO-001887,CUST-01556,2026-04-14,72858.23,OPEN
ORD-001887-2,PO-001887,CUST-01852,2026-04-11,36429.11,OPEN
ORD-001888-1,PO-001888,CUST-02321,2026-02-24,14621.71,OPEN
ORD-001888-2,PO-001888,CUST-00037,2026-02-26,43865.14,OPEN
ORD-001888-3,PO-001888,CUST-02462,2026-02-21,43865.14,OPEN
ORD-001889-1,PO-001889,CUST-01094,2026-07-27,5725.11,OPEN
ORD-001889-2,PO-001889,CUST-00851,2026-07-19,5725.11,OPEN
ORD-001889-3,PO-001889,CUST-00227,2026-07-21,7633.48,OPEN
ORD-001889-4,PO-001889,CUST-00088,2026-07-28,5725.11,OPEN
ORD-001890-1,PO-001890,CUST-00136,2026-07-29,35854.11,OPEN
ORD-001890-2,PO-001890,CUST-01687,2026-07-20,53781.17,OPEN
ORD-001890-3,PO-001890,CUST-01127,2026-07-19,53781.17,OPEN
ORD-001890-4,PO-001890,CUST-00774,2026-07-27,35854.11,OPEN
ORD-001891-1,PO-001891,CUST-02361,2026-01-16,943.85,OPEN
ORD-001891-2,PO-001891,CUST-02433,2026-01-13,1415.78,OPEN
ORD-001892-1,PO-001892,CUST-01449,2026-04-21,21655.9,OPEN
ORD-001892-2,PO-001892,CUST-00691,2026-04-27,28874.54,OPEN
ORD-001893-1,PO-001893,CUST-01254,2026-04-20,48347.7,OPEN
ORD-001893-2,PO-001893,CUST-01307,2026-04-27,48347.7,OPEN
ORD-001893-3,PO-001893,CUST-00482,2026-04-20,48347.7,OPEN
ORD-001893-4,PO-001893,CUST-00665,2026-04-25,72521.55,OPEN
ORD-001894-1,PO-001894,CUST-00053,2026-07-04,3529.73,OPEN
ORD-001895-1,PO-001895,CUST-00307,2026-07-01,26739.84,OPEN
ORD-001895-2,PO-001895,CUST-02320,2026-06-24,35653.12,OPEN
ORD-001895-3,PO-001895,CUST-01182,2026-06-28,106959.37,OPEN
ORD-001896-1,PO-001896,CUST-02191,2026-07-25,11443.93,OPEN
ORD-001896-2,PO-001896,CUST-02351,2026-07-24,5721.97,OPEN
ORD-001897-1,PO-001897,CUST-01870,2026-01-19,45928.81,OPEN
ORD-001897-2,PO-001897,CUST-01400,2026-01-14,137786.44,OPEN
ORD-001897-3,PO-001897,CUST-02150,2026-01-15,137786.44,OPEN
ORD-001898-1,PO-001898,CUST-00476,2026-01-28,139887.82,OPEN
ORD-001898-2,PO-001898,CUST-01644,2026-01-20,46629.27,OPEN
ORD-001898-3,PO-001898,CUST-00423,2026-01-25,139887.82,OPEN
ORD-001898-4,PO-001898,CUST-02362,2026-01-22,139887.82,OPEN
ORD-001899-1,PO-001899,CUST-00757,2026-02-17,36617.48,OPEN
ORD-001899-2,PO-001899,CUST-01198,2026-02-24,27463.11,OPEN
ORD-001899-3,PO-001899,CUST-00232,2026-02-21,109852.44,OPEN
ORD-001899-4,PO-001899,CUST-00603,2026-02-22,109852.44,OPEN
ORD-001900-1,PO-001900,CUST-00680,2026-09-04,7336.81,OPEN
ORD-001901-1,PO-001901,CUST-02217,2026-06-07,30830.19,OPEN
ORD-001901-2,PO-001901,CUST-02340,2026-06-10,30830.19,OPEN
ORD-001901-3,PO-001901,CUST-01679,2026-06-14,61660.38,OPEN
ORD-001901-4,PO-001901,CUST-00445,2026-06-17,30830.19,OPEN
ORD-001902-1,PO-001902,CUST-01831,2026-02-27,102588.41,OPEN
ORD-001903-1,PO-001903,CUST-00673,2026-05-25,47455.64,OPEN
ORD-001903-2,PO-001903,CUST-01119,2026-05-16,47455.64,OPEN
ORD-001903-3,PO-001903,CUST-01783,2026-05-25,47455.64,OPEN
ORD-001903-4,PO-001903,CUST-01677,2026-05-24,23727.82,OPEN
ORD-001904-1,PO-001904,CUST-01394,2026-04-09,3120.05,OPEN
ORD-001904-2,PO-001904,CUST-01750,2026-04-06,4680.07,OPEN
ORD-001904-3,PO-001904,CUST-00368,2026-04-04,3120.05,OPEN
ORD-001905-1,PO-001905,CUST-00015,2026-05-02,49897.13,OPEN
ORD-001905-2,PO-001905,CUST-00543,2026-04-29,49897.13,OPEN
ORD-001905-3,PO-001905,CUST-00736,2026-04-27,37422.85,OPEN
ORD-001905-4,PO-001905,CUST-00888,2026-04-28,149691.38,OPEN
ORD-001906-1,PO-001906,CUST-00042,2026-04-02,13094.33,OPEN
ORD-001906-2,PO-001906,CUST-00161,2026-04-06,8729.55,OPEN
ORD-001906-3,PO-001906,CUST-00355,2026-04-02,8729.55,OPEN
ORD-001906-4,PO-001906,CUST-00609,2026-04-04,13094.33,OPEN
ORD-001907-1,PO-001907,CUST-00254,2026-04-12,18764.66,OPEN
ORD-001907-2,PO-001907,CUST-01672,2026-04-08,4691.16,OPEN
ORD-001908-1,PO-001908,CUST-02183,2026-05-09,32727.04,OPEN
ORD-001908-2,PO-001908,CUST-01907,2026-05-09,32727.04,OPEN
ORD-001908-3,PO-001908,CUST-00763,2026-05-14,32727.04,OPEN
ORD-001909-1,PO-001909,CUST-02226,2026-01-10,35345.1,OPEN
ORD-001909-2,PO-001909,CUST-00851,2026-01-14,17672.55,OPEN
ORD-001909-3,PO-001909,CUST-00046,2026-01-13,8836.27,OPEN
ORD-001909-4,PO-001909,CUST-00806,2026-01-13,17672.55,OPEN
ORD-001910-1,PO-001910,CUST-01995,2026-05-19,14166.38,OPEN
ORD-001911-1,PO-001911,CUST-02341,2026-03-05,16565.82,OPEN
ORD-001912-1,PO-001912,CUST-01259,2026-08-22,48865.97,OPEN
ORD-001912-2,PO-001912,CUST-02005,2026-08-18,48865.97,OPEN
ORD-001912-3,PO-001912,CUST-00645,2026-08-20,36649.47,OPEN
ORD-001913-1,PO-001913,CUST-02140,2026-03-04,26784.16,OPEN
ORD-001913-2,PO-001913,CUST-01078,2026-03-03,53568.32,OPEN
ORD-001914-1,PO-001914,CUST-02488,2026-06-21,30129.24,OPEN
ORD-001914-2,PO-001914,CUST-00329,2026-06-15,60258.47,OPEN
ORD-001915-1,PO-001915,CUST-01415,2026-02-21,3660.79,OPEN
ORD-001915-2,PO-001915,CUST-00524,2026-02-22,14643.16,OPEN
ORD-001915-3,PO-001915,CUST-01780,2026-02-18,3660.79,OPEN
ORD-001916-1,PO-001916,CUST-01930,2026-04-21,24277.94,OPEN
ORD-001916-2,PO-001916,CUST-01011,2026-04-23,24277.94,OPEN
ORD-001916-3,PO-001916,CUST-00365,2026-04-23,32370.58,OPEN
ORD-001917-1,PO-001917,CUST-00423,2026-02-19,23453.86,OPEN
ORD-001917-2,PO-001917,CUST-00992,2026-02-26,11726.93,OPEN
ORD-001917-3,PO-001917,CUST-02347,2026-02-21,23453.86,OPEN
ORD-001917-4,PO-001917,CUST-01380,2026-02-20,15635.91,OPEN
ORD-001918-1,PO-001918,CUST-01784,2026-05-29,28216.96,OPEN
ORD-001918-2,PO-001918,CUST-01925,2026-05-26,84650.89,OPEN
ORD-001918-3,PO-001918,CUST-00129,2026-05-30,42325.44,OPEN
ORD-001919-1,PO-001919,CUST-00908,2026-01-11,24874.22,OPEN
ORD-001919-2,PO-001919,CUST-01890,2026-01-10,24874.22,OPEN
ORD-001920-1,PO-001920,CUST-02452,2026-03-23,68879.78,OPEN
ORD-001920-2,PO-001920,CUST-00021,2026-03-24,34439.89,OPEN
ORD-001920-3,PO-001920,CUST-02471,2026-03-15,137759.56,OPEN
ORD-001921-1,PO-001921,CUST-01694,2026-04-15,54069.81,OPEN
ORD-001921-2,PO-001921,CUST-01922,2026-04-19,54069.81,OPEN
ORD-001921-3,PO-001921,CUST-01145,2026-04-21,36046.54,OPEN
ORD-001921-4,PO-001921,CUST-00096,2026-04-18,108139.62,OPEN
ORD-001922-1,PO-001922,CUST-01434,2026-08-24,20839.21,OPEN
ORD-001923-1,PO-001923,CUST-00958,2026-04-25,32790.85,OPEN
ORD-001923-2,PO-001923,CUST-01334,2026-04-26,65581.7,OPEN
ORD-001923-3,PO-001923,CUST-01359,2026-04-27,65581.7,OPEN
ORD-001924-1,PO-001924,CUST-02431,2026-05-29,29111.68,OPEN
ORD-001924-2,PO-001924,CUST-01823,2026-05-30,14555.84,OPEN
ORD-001924-3,PO-001924,CUST-00178,2026-05-26,9703.89,OPEN
ORD-001924-4,PO-001924,CUST-00878,2026-05-30,9703.89,OPEN
ORD-001925-1,PO-001925,CUST-01149,2026-07-11,12210.96,OPEN
ORD-001925-2,PO-001925,CUST-01087,2026-07-21,24421.92,OPEN
ORD-001926-1,PO-001926,CUST-00765,2026-04-04,38044.73,OPEN
ORD-001926-2,PO-001926,CUST-00964,2026-04-08,38044.73,OPEN
ORD-001926-3,PO-001926,CUST-02135,2026-04-03,38044.73,OPEN
ORD-001927-1,PO-001927,CUST-01228,2026-08-17,46896.03,OPEN
ORD-001927-2,PO-001927,CUST-01649,2026-08-14,11724.01,OPEN
ORD-001927-3,PO-001927,CUST-01763,2026-08-15,11724.01,OPEN
ORD-001927-4,PO-001927,CUST-01746,2026-08-12,46896.03,OPEN
ORD-001928-1,PO-001928,CUST-02258,2026-08-01,17011.79,OPEN
ORD-001928-2,PO-001928,CUST-00174,2026-07-28,51035.37,OPEN
ORD-001928-3,PO-001928,CUST-00881,2026-08-01,25517.69,OPEN
ORD-001928-4,PO-001928,CUST-01643,2026-07-29,12758.84,OPEN
ORD-001929-1,PO-001929,CUST-01974,2026-05-14,15804.13,OPEN
ORD-001930-1,PO-001930,CUST-01908,2026-08-17,44233.16,OPEN
ORD-001930-2,PO-001930,CUST-02290,2026-08-14,44233.16,OPEN
ORD-001931-1,PO-001931,CUST-00149,2026-06-09,14877.65,OPEN
ORD-001931-2,PO-001931,CUST-02430,2026-06-04,44632.94,OPEN
ORD-001932-1,PO-001932,CUST-02197,2026-01-28,75499.12,OPEN
ORD-001933-1,PO-001933,CUST-00416,2026-06-02,31919.53,OPEN
ORD-001933-2,PO-001933,CUST-02421,2026-06-03,63839.06,OPEN
ORD-001933-3,PO-001933,CUST-00798,2026-06-04,127678.12,OPEN
ORD-001934-1,PO-001934,CUST-00874,2026-02-14,6792.64,OPEN
ORD-001935-1,PO-001935,CUST-01045,2026-05-09,13700.18,OPEN
ORD-001935-2,PO-001935,CUST-00436,2026-05-13,13700.18,OPEN
ORD-001935-3,PO-001935,CUST-00135,2026-05-13,27400.35,OPEN
ORD-001935-4,PO-001935,CUST-02425,2026-05-07,13700.18,OPEN
ORD-001936-1,PO-001936,CUST-00197,2026-05-07,25307.31,OPEN
ORD-001937-1,PO-001937,CUST-00802,2026-08-29,9327.55,OPEN
ORD-001937-2,PO-001937,CUST-02391,2026-08-24,6218.37,OPEN
ORD-001938-1,PO-001938,CUST-00906,2026-06-04,54118.08,OPEN
ORD-001939-1,PO-001939,CUST-00442,2026-06-03,16214.0,OPEN
ORD-001940-1,PO-001940,CUST-00578,2026-03-16,54216.88,OPEN
ORD-001940-2,PO-001940,CUST-02126,2026-03-21,54216.88,OPEN
ORD-001941-1,PO-001941,CUST-00175,2026-07-22,3982.8,OPEN
ORD-001941-2,PO-001941,CUST-00419,2026-07-27,3982.8,OPEN
ORD-001941-3,PO-001941,CUST-01119,2026-07-26,7965.59,OPEN
ORD-001942-1,PO-001942,CUST-02420,2026-03-19,85122.85,OPEN
ORD-001943-1,PO-001943,CUST-01771,2026-04-21,31060.13,OPEN
ORD-001943-2,PO-001943,CUST-02341,2026-04-19,41413.51,OPEN
ORD-001943-3,PO-001943,CUST-00581,2026-04-23,41413.51,OPEN
ORD-001944-1,PO-001944,CUST-01861,2026-02-15,33313.59,OPEN
ORD-001944-2,PO-001944,CUST-01296,2026-02-12,49970.38,OPEN
ORD-001944-3,PO-001944,CUST-01664,2026-02-10,24985.19,OPEN
ORD-001945-1,PO-001945,CUST-02149,2026-02-26,3605.99,OPEN
ORD-001945-2,PO-001945,CUST-01203,2026-02-20,1803.0,OPEN
ORD-001945-3,PO-001945,CUST-02386,2026-02-27,2404.0,OPEN
ORD-001946-1,PO-001946,CUST-01599,2026-02-04,91508.17,OPEN
ORD-001946-2,PO-001946,CUST-01784,2026-02-11,22877.04,OPEN
ORD-001946-3,PO-001946,CUST-01107,2026-02-07,45754.08,OPEN
ORD-001946-4,PO-001946,CUST-01979,2026-02-12,22877.04,OPEN
ORD-001947-1,PO-001947,CUST-00184,2026-04-15,19027.53,OPEN
ORD-001947-2,PO-001947,CUST-00542,2026-04-10,14270.65,OPEN
ORD-001947-3,PO-001947,CUST-00607,2026-04-07,19027.53,OPEN
ORD-001947-4,PO-001947,CUST-00621,2026-04-08,19027.53,OPEN
ORD-001948-1,PO-001948,CUST-00737,2026-01-02,19597.33,OPEN
ORD-001948-2,PO-001948,CUST-00616,2026-01-01,26129.78,OPEN
ORD-001948-3,PO-001948,CUST-00816,2026-01-04,26129.78,OPEN
ORD-001948-4,PO-001948,CUST-01522,2026-01-02,26129.78,OPEN
ORD-001949-1,PO-001949,CUST-00520,2026-08-04,46869.8,OPEN
ORD-001949-2,PO-001949,CUST-00602,2026-08-01,93739.6,OPEN
ORD-001950-1,PO-001950,CUST-01152,2026-08-26,111753.46,OPEN
ORD-001950-2,PO-001950,CUST-01087,2026-08-23,55876.73,OPEN
ORD-001950-3,PO-001950,CUST-01974,2026-08-26,27938.37,OPEN
ORD-001951-1,PO-001951,CUST-00935,2026-01-18,56785.29,OPEN
ORD-001952-1,PO-001952,CUST-00617,2026-05-19,4200.72,OPEN
ORD-001953-1,PO-001953,CUST-01482,2026-05-09,26046.03,OPEN
ORD-001953-2,PO-001953,CUST-01421,2026-05-06,26046.03,OPEN
ORD-001954-1,PO-001954,CUST-01289,2026-05-16,39320.21,OPEN
ORD-001954-2,PO-001954,CUST-01319,2026-05-11,39320.21,OPEN
ORD-001955-1,PO-001955,CUST-01023,2026-08-24,70158.19,OPEN
ORD-001956-1,PO-001956,CUST-01074,2026-05-24,110564.4,OPEN
ORD-001956-2,PO-001956,CUST-01556,2026-05-29,27641.1,OPEN
ORD-001956-3,PO-001956,CUST-02214,2026-05-30,55282.2,OPEN
ORD-001956-4,PO-001956,CUST-02051,2026-05-26,36854.8,OPEN
ORD-001957-1,PO-001957,CUST-01598,2026-01-16,47026.21,OPEN
ORD-001957-2,PO-001957,CUST-00421,2026-01-24,47026.21,OPEN
ORD-001958-1,PO-001958,CUST-01053,2026-01-29,98671.72,OPEN
ORD-001958-2,PO-001958,CUST-00063,2026-01-25,98671.72,OPEN
ORD-001958-3,PO-001958,CUST-01457,2026-01-29,32890.57,OPEN
ORD-001958-4,PO-001958,CUST-01253,2026-02-03,24667.93,OPEN
ORD-001959-1,PO-001959,CUST-01485,2026-08-28,31108.88,OPEN
ORD-001959-2,PO-001959,CUST-02379,2026-08-30,10369.63,OPEN
ORD-001959-3,PO-001959,CUST-01915,2026-09-05,7777.22,OPEN
ORD-001959-4,PO-001959,CUST-00844,2026-08-27,31108.88,OPEN
ORD-001960-1,PO-001960,CUST-02260,2026-03-27,30054.48,OPEN
ORD-001960-2,PO-001960,CUST-02174,2026-03-29,90163.44,OPEN
ORD-001960-3,PO-001960,CUST-02097,2026-03-20,22540.86,OPEN
ORD-001961-1,PO-001961,CUST-00891,2026-02-08,18423.41,OPEN
ORD-001961-2,PO-001961,CUST-02012,2026-02-02,27635.12,OPEN
ORD-001961-3,PO-001961,CUST-00879,2026-01-30,27635.12,OPEN
ORD-001961-4,PO-001961,CUST-00939,2026-02-01,27635.12,OPEN
ORD-001962-1,PO-001962,CUST-00482,2026-09-02,66017.26,OPEN
ORD-001962-2,PO-001962,CUST-02276,2026-08-29,33008.63,OPEN
ORD-001962-3,PO-001962,CUST-02034,2026-09-02,33008.63,OPEN
ORD-001963-1,PO-001963,CUST-00016,2026-03-04,60702.05,OPEN
ORD-001963-2,PO-001963,CUST-00664,2026-03-04,30351.03,OPEN
ORD-001963-3,PO-001963,CUST-02207,2026-02-27,30351.03,OPEN
ORD-001964-1,PO-001964,CUST-01804,2026-08-15,42843.85,OPEN
ORD-001964-2,PO-001964,CUST-02453,2026-08-12,64265.78,OPEN
ORD-001965-1,PO-001965,CUST-00151,2026-08-30,22627.49,OPEN
ORD-001965-2,PO-001965,CUST-00133,2026-08-31,11313.74,OPEN
ORD-001965-3,PO-001965,CUST-00388,2026-08-26,22627.49,OPEN
ORD-001965-4,PO-001965,CUST-00843,2026-08-25,15084.99,OPEN
ORD-001966-1,PO-001966,CUST-01774,2026-06-06,43934.36,OPEN
ORD-001967-1,PO-001967,CUST-01941,2026-02-23,18193.58,OPEN
ORD-001967-2,PO-001967,CUST-01542,2026-02-20,9096.79,OPEN
ORD-001968-1,PO-001968,CUST-02346,2026-07-01,20636.69,OPEN
ORD-001968-2,PO-001968,CUST-02047,2026-06-27,30955.03,OPEN
ORD-001968-3,PO-001968,CUST-01680,2026-06-27,30955.03,OPEN
ORD-001969-1,PO-001969,CUST-01951,2026-02-23,18396.19,OPEN
ORD-001969-2,PO-001969,CUST-01479,2026-02-24,36792.37,OPEN
ORD-001969-3,PO-001969,CUST-01265,2026-02-16,36792.37,OPEN
ORD-001969-4,PO-001969,CUST-02396,2026-02-19,73584.74,OPEN
ORD-001970-1,PO-001970,CUST-00534,2026-05-27,24506.85,OPEN
ORD-001970-2,PO-001970,CUST-02008,2026-05-30,98027.41,OPEN
ORD-001971-1,PO-001971,CUST-01370,2026-01-18,14549.54,OPEN
ORD-001971-2,PO-001971,CUST-01160,2026-01-09,4849.85,OPEN
ORD-001972-1,PO-001972,CUST-00357,2026-05-17,92961.95,OPEN
ORD-001972-2,PO-001972,CUST-01575,2026-05-14,92961.95,OPEN
ORD-001972-3,PO-001972,CUST-01278,2026-05-17,92961.95,OPEN
ORD-001973-1,PO-001973,CUST-01563,2026-04-06,147195.52,OPEN
ORD-001973-2,PO-001973,CUST-01892,2026-04-07,36798.88,OPEN
ORD-001974-1,PO-001974,CUST-00794,2026-02-16,73341.17,OPEN
ORD-001975-1,PO-001975,CUST-02325,2026-03-07,25339.17,OPEN
ORD-001975-2,PO-001975,CUST-01488,2026-03-01,33785.57,OPEN
ORD-001975-3,PO-001975,CUST-01483,2026-02-28,33785.57,OPEN
ORD-001976-1,PO-001976,CUST-00474,2026-02-10,115349.01,OPEN
ORD-001976-2,PO-001976,CUST-01911,2026-02-14,115349.01,OPEN
ORD-001976-3,PO-001976,CUST-01695,2026-02-13,57674.5,OPEN
ORD-001976-4,PO-001976,CUST-01665,2026-02-16,38449.67,OPEN
ORD-001977-1,PO-001977,CUST-02052,2026-07-16,3298.02,OPEN
ORD-001977-2,PO-001977,CUST-00871,2026-07-22,3298.02,OPEN
ORD-001977-3,PO-001977,CUST-01113,2026-07-19,3298.02,OPEN
ORD-001977-4,PO-001977,CUST-00823,2026-07-15,2473.51,OPEN
ORD-001978-1,PO-001978,CUST-02123,2026-06-22,21310.8,OPEN
ORD-001978-2,PO-001978,CUST-02390,2026-06-24,21310.8,OPEN
ORD-001978-3,PO-001978,CUST-01429,2026-06-25,63932.41,OPEN
ORD-001978-4,PO-001978,CUST-01036,2026-06-22,15983.1,OPEN
ORD-001979-1,PO-001979,CUST-00695,2026-03-13,1003.98,OPEN
ORD-001979-2,PO-001979,CUST-02148,2026-03-14,1338.64,OPEN
ORD-001980-1,PO-001980,CUST-01432,2026-06-17,23437.41,OPEN
ORD-001981-1,PO-001981,CUST-00814,2026-07-20,72595.85,OPEN
ORD-001981-2,PO-001981,CUST-02378,2026-07-22,36297.92,OPEN
ORD-001981-3,PO-001981,CUST-01015,2026-07-26,145191.69,OPEN
ORD-001982-1,PO-001982,CUST-01879,2026-07-16,39483.41,OPEN
ORD-001983-1,PO-001983,CUST-00121,2026-01-25,17695.45,OPEN
ORD-001983-2,PO-001983,CUST-01670,2026-01-23,26543.17,OPEN
ORD-001984-1,PO-001984,CUST-01914,2026-06-15,21855.79,OPEN
ORD-001984-2,PO-001984,CUST-01769,2026-06-15,21855.79,OPEN
ORD-001985-1,PO-001985,CUST-01084,2026-08-09,32159.55,OPEN
ORD-001985-2,PO-001985,CUST-00220,2026-08-15,64319.1,OPEN
ORD-001985-3,PO-001985,CUST-00219,2026-08-10,128638.2,OPEN
ORD-001985-4,PO-001985,CUST-01787,2026-08-08,32159.55,OPEN
ORD-001986-1,PO-001986,CUST-02121,2026-06-30,43713.65,OPEN
ORD-001987-1,PO-001987,CUST-00967,2026-05-10,42542.17,OPEN
ORD-001987-2,PO-001987,CUST-01031,2026-05-03,28361.44,OPEN
ORD-001988-1,PO-001988,CUST-01409,2026-03-16,106019.27,OPEN
ORD-001988-2,PO-001988,CUST-00761,2026-03-17,106019.27,OPEN
ORD-001989-1,PO-001989,CUST-01970,2026-08-16,79414.67,OPEN
ORD-001989-2,PO-001989,CUST-00656,2026-08-19,79414.67,OPEN
ORD-001989-3,PO-001989,CUST-00389,2026-08-12,19853.67,OPEN
ORD-001989-4,PO-001989,CUST-00769,2026-08-10,39707.33,OPEN
ORD-001990-1,PO-001990,CUST-02041,2026-06-06,48434.43,OPEN
ORD-001991-1,PO-001991,CUST-00184,2026-04-03,137541.63,OPEN
ORD-001992-1,PO-001992,CUST-00147,2026-01-31,33255.98,OPEN
ORD-001992-2,PO-001992,CUST-01808,2026-02-03,44341.31,OPEN
ORD-001992-3,PO-001992,CUST-00044,2026-02-08,66511.96,OPEN
ORD-001993-1,PO-001993,CUST-01193,2026-05-09,32353.48,OPEN
ORD-001993-2,PO-001993,CUST-00757,2026-05-01,8088.37,OPEN
ORD-001993-3,PO-001993,CUST-00775,2026-05-08,32353.48,OPEN
ORD-001994-1,PO-001994,CUST-01754,2026-07-25,99651.43,OPEN
ORD-001994-2,PO-001994,CUST-01070,2026-07-27,33217.14,OPEN
ORD-001994-3,PO-001994,CUST-02407,2026-07-30,33217.14,OPEN
ORD-001995-1,PO-001995,CUST-00633,2026-06-10,1844.77,OPEN
ORD-001995-2,PO-001995,CUST-00509,2026-06-19,5534.31,OPEN
ORD-001995-3,PO-001995,CUST-00155,2026-06-12,2767.16,OPEN
ORD-001995-4,PO-001995,CUST-01561,2026-06-19,1383.58,OPEN
ORD-001996-1,PO-001996,CUST-01003,2026-08-26,37260.21,OPEN
ORD-001996-2,PO-001996,CUST-01447,2026-08-31,37260.21,OPEN
ORD-001996-3,PO-001996,CUST-00854,2026-08-24,9315.05,OPEN
ORD-001997-1,PO-001997,CUST-00018,2026-08-11,48738.41,OPEN
ORD-001997-2,PO-001997,CUST-00322,2026-08-12,73107.62,OPEN
ORD-001998-1,PO-001998,CUST-02165,2026-07-14,49836.07,OPEN
ORD-001998-2,PO-001998,CUST-00230,2026-07-23,74754.1,OPEN
ORD-001999-1,PO-001999,CUST-00838,2026-07-08,16879.74,OPEN
ORD-001999-2,PO-001999,CUST-01350,2026-07-03,22506.33,OPEN
ORD-001999-3,PO-001999,CUST-01535,2026-07-04,67518.98,OPEN
ORD-001999-4,PO-001999,CUST-00596,2026-07-03,16879.74,OPEN
ORD-002000-1,PO-002000,CUST-00757,2026-04-23,46601.25,OPEN
ORD-002000-2,PO-002000,CUST-01716,2026-05-02,34950.94,OPEN
ORD-002000-3,PO-002000,CUST-01379,2026-05-02,139803.75,OPEN
ORD-002001-1,PO-002001,CUST-01243,2026-01-23,46853.54,OPEN
ORD-002001-2,PO-002001,CUST-00424,2026-01-21,35140.15,OPEN
ORD-002001-3,PO-002001,CUST-02100,2026-01-14,46853.54,OPEN
ORD-002001-4,PO-002001,CUST-01333,2026-01-23,140560.61,OPEN
ORD-002002-1,PO-002002,CUST-01362,2026-06-17,19334.25,OPEN
ORD-002002-2,PO-002002,CUST-01420,2026-06-23,12889.5,OPEN
ORD-002002-3,PO-002002,CUST-01363,2026-06-20,12889.5,OPEN
ORD-002003-1,PO-002003,CUST-01351,2026-05-17,28404.13,OPEN
ORD-002003-2,PO-002003,CUST-02020,2026-05-17,28404.13,OPEN
ORD-002004-1,PO-002004,CUST-00608,2026-04-08,10734.71,OPEN
ORD-002004-2,PO-002004,CUST-02442,2026-04-08,10734.71,OPEN
ORD-002005-1,PO-002005,CUST-02243,2026-05-12,3262.52,OPEN
ORD-002005-2,PO-002005,CUST-01087,2026-05-13,2446.89,OPEN
ORD-002005-3,PO-002005,CUST-00544,2026-05-13,2446.89,OPEN
ORD-002006-1,PO-002006,CUST-02401,2026-06-23,42298.47,OPEN
ORD-002006-2,PO-002006,CUST-01845,2026-06-18,63447.71,OPEN
ORD-002007-1,PO-002007,CUST-01978,2026-04-14,22759.15,OPEN
ORD-002007-2,PO-002007,CUST-01160,2026-04-10,45518.31,OPEN
ORD-002008-1,PO-002008,CUST-01494,2026-03-17,5310.41,OPEN
ORD-002009-1,PO-002009,CUST-00504,2026-04-07,26834.57,OPEN
ORD-002009-2,PO-002009,CUST-00834,2026-04-11,26834.57,OPEN
ORD-002009-3,PO-002009,CUST-02085,2026-04-07,13417.28,OPEN
ORD-002010-1,PO-002010,CUST-00209,2026-07-22,415.72,OPEN
ORD-002011-1,PO-002011,CUST-00650,2026-01-31,18632.75,OPEN
ORD-002011-2,PO-002011,CUST-00914,2026-01-30,27949.12,OPEN
ORD-002011-3,PO-002011,CUST-00994,2026-01-29,55898.24,OPEN
ORD-002011-4,PO-002011,CUST-00101,2026-01-23,18632.75,OPEN
ORD-002012-1,PO-002012,CUST-01514,2026-07-23,114489.52,OPEN
ORD-002013-1,PO-002013,CUST-00890,2026-04-24,21556.4,OPEN
ORD-002013-2,PO-002013,CUST-02407,2026-04-17,10778.2,OPEN
ORD-002014-1,PO-002014,CUST-00258,2026-06-28,50266.07,OPEN
ORD-002014-2,PO-002014,CUST-02164,2026-06-29,50266.07,OPEN
ORD-002014-3,PO-002014,CUST-01689,2026-06-27,100532.13,OPEN
ORD-002014-4,PO-002014,CUST-01119,2026-06-26,50266.07,OPEN
ORD-002015-1,PO-002015,CUST-01658,2026-03-22,38559.64,OPEN
ORD-002015-2,PO-002015,CUST-00610,2026-03-25,25706.43,OPEN
ORD-002016-1,PO-002016,CUST-02028,2026-08-16,2491.46,OPEN
ORD-002016-2,PO-002016,CUST-01812,2026-08-12,2491.46,OPEN
ORD-002017-1,PO-002017,CUST-02497,2026-06-28,34703.99,OPEN
ORD-002017-2,PO-002017,CUST-02157,2026-06-28,26027.99,OPEN
ORD-002017-3,PO-002017,CUST-01573,2026-06-28,34703.99,OPEN
ORD-002017-4,PO-002017,CUST-01022,2026-07-03,34703.99,OPEN
ORD-002018-1,PO-002018,CUST-00042,2026-04-23,15662.46,OPEN
ORD-002018-2,PO-002018,CUST-02276,2026-04-23,46987.38,OPEN
ORD-002019-1,PO-002019,CUST-00570,2026-04-20,31517.88,OPEN
ORD-002020-1,PO-002020,CUST-00928,2026-03-12,57864.45,OPEN
ORD-002020-2,PO-002020,CUST-02286,2026-03-13,14466.11,OPEN
ORD-002021-1,PO-002021,CUST-02031,2026-03-02,25814.94,OPEN
ORD-002021-2,PO-002021,CUST-01351,2026-02-22,25814.94,OPEN
ORD-002021-3,PO-002021,CUST-01841,2026-02-28,25814.94,OPEN
ORD-002022-1,PO-002022,CUST-00222,2026-08-08,120270.71,OPEN
ORD-002022-2,PO-002022,CUST-01621,2026-08-01,60135.36,OPEN
ORD-002022-3,PO-002022,CUST-01070,2026-08-10,30067.68,OPEN
ORD-002022-4,PO-002022,CUST-00880,2026-08-09,40090.24,OPEN
ORD-002023-1,PO-002023,CUST-00791,2026-01-16,18487.65,OPEN
ORD-002023-2,PO-002023,CUST-00252,2026-01-12,55462.94,OPEN
ORD-002023-3,PO-002023,CUST-01815,2026-01-11,13865.74,OPEN
ORD-002024-1,PO-002024,CUST-02353,2026-08-15,55614.47,OPEN
ORD-002024-2,PO-002024,CUST-00089,2026-08-18,18538.16,OPEN
ORD-002025-1,PO-002025,CUST-01078,2026-03-10,33957.82,OPEN
ORD-002026-1,PO-002026,CUST-00763,2026-07-07,42308.43,OPEN
ORD-002026-2,PO-002026,CUST-00528,2026-07-01,28205.62,OPEN
ORD-002026-3,PO-002026,CUST-00007,2026-07-09,84616.87,OPEN
ORD-002026-4,PO-002026,CUST-02012,2026-07-09,84616.87,OPEN
ORD-002027-1,PO-002027,CUST-02378,2026-02-09,30223.09,OPEN
ORD-002027-2,PO-002027,CUST-01368,2026-02-11,90669.26,OPEN
ORD-002027-3,PO-002027,CUST-01440,2026-02-02,45334.63,OPEN
ORD-002028-1,PO-002028,CUST-00184,2026-02-06,60182.54,OPEN
ORD-002028-2,PO-002028,CUST-01963,2026-02-08,30091.27,OPEN
ORD-002028-3,PO-002028,CUST-00165,2026-01-30,60182.54,OPEN
ORD-002029-1,PO-002029,CUST-01178,2026-08-24,33368.0,OPEN
ORD-002030-1,PO-002030,CUST-01161,2026-01-31,42736.18,OPEN
ORD-002030-2,PO-002030,CUST-01817,2026-02-07,21368.09,OPEN
ORD-002031-1,PO-002031,CUST-00719,2026-02-21,62358.28,OPEN
ORD-002031-2,PO-002031,CUST-01696,2026-02-21,62358.28,OPEN
ORD-002031-3,PO-002031,CUST-01715,2026-02-23,62358.28,OPEN
ORD-002032-1,PO-002032,CUST-00992,2026-03-28,51086.63,OPEN
ORD-002032-2,PO-002032,CUST-01863,2026-03-26,25543.31,OPEN
ORD-002032-3,PO-002032,CUST-00032,2026-03-27,51086.63,OPEN
ORD-002032-4,PO-002032,CUST-00171,2026-04-03,12771.66,OPEN
ORD-002033-1,PO-002033,CUST-01570,2026-04-30,143561.41,OPEN
ORD-002033-2,PO-002033,CUST-00987,2026-05-02,71780.71,OPEN
ORD-002034-1,PO-002034,CUST-01117,2026-07-24,34863.71,OPEN
ORD-002035-1,PO-002035,CUST-01812,2026-01-28,130695.49,OPEN
ORD-002035-2,PO-002035,CUST-00444,2026-01-24,65347.75,OPEN
ORD-002035-3,PO-002035,CUST-00606,2026-01-24,130695.49,OPEN
ORD-002036-1,PO-002036,CUST-00585,2026-04-17,112606.49,OPEN
ORD-002036-2,PO-002036,CUST-00266,2026-04-20,112606.49,OPEN
ORD-002036-3,PO-002036,CUST-01295,2026-04-24,112606.49,OPEN
ORD-002037-1,PO-002037,CUST-00832,2026-02-21,10755.69,OPEN
ORD-002037-2,PO-002037,CUST-01509,2026-02-23,10755.69,OPEN
ORD-002038-1,PO-002038,CUST-01080,2026-06-30,32660.32,OPEN
ORD-002038-2,PO-002038,CUST-00601,2026-07-06,130641.29,OPEN
ORD-002038-3,PO-002038,CUST-01806,2026-06-29,43547.1,OPEN
ORD-002039-1,PO-002039,CUST-00380,2026-04-01,26428.17,OPEN
ORD-002039-2,PO-002039,CUST-02168,2026-04-03,26428.17,OPEN
ORD-002040-1,PO-002040,CUST-00126,2026-04-09,3001.55,OPEN
ORD-002040-2,PO-002040,CUST-01488,2026-04-06,2001.04,OPEN
ORD-002040-3,PO-002040,CUST-01014,2026-04-12,3001.55,OPEN
ORD-002040-4,PO-002040,CUST-01540,2026-04-13,3001.55,OPEN
ORD-002041-1,PO-002041,CUST-01454,2026-07-15,15115.55,OPEN
ORD-002041-2,PO-002041,CUST-01510,2026-07-14,22673.32,OPEN
ORD-002041-3,PO-002041,CUST-01566,2026-07-15,11336.66,OPEN
ORD-002042-1,PO-002042,CUST-01743,2026-04-19,9133.01,OPEN
ORD-002042-2,PO-002042,CUST-02380,2026-04-18,27399.03,OPEN
ORD-002042-3,PO-002042,CUST-00528,2026-04-17,27399.03,OPEN
ORD-002042-4,PO-002042,CUST-02299,2026-04-12,27399.03,OPEN
ORD-002043-1,PO-002043,CUST-02415,2026-07-09,18072.25,OPEN
ORD-002043-2,PO-002043,CUST-01915,2026-07-09,18072.25,OPEN
ORD-002043-3,PO-002043,CUST-02047,2026-07-12,9036.12,OPEN
ORD-002043-4,PO-002043,CUST-02161,2026-07-19,9036.12,OPEN
ORD-002044-1,PO-002044,CUST-02412,2026-05-01,41193.48,OPEN
ORD-002045-1,PO-002045,CUST-01749,2026-05-19,6617.2,OPEN
ORD-002046-1,PO-002046,CUST-02436,2026-03-23,21795.04,OPEN
ORD-002046-2,PO-002046,CUST-02429,2026-03-29,65385.11,OPEN
ORD-002046-3,PO-002046,CUST-00493,2026-03-20,21795.04,OPEN
ORD-002046-4,PO-002046,CUST-02331,2026-03-26,32692.56,OPEN
ORD-002047-1,PO-002047,CUST-02032,2026-07-07,79831.7,OPEN
ORD-002047-2,PO-002047,CUST-01089,2026-07-13,19957.92,OPEN
ORD-002047-3,PO-002047,CUST-00775,2026-07-13,19957.92,OPEN
ORD-002048-1,PO-002048,CUST-01156,2026-07-15,4348.59,OPEN
ORD-002048-2,PO-002048,CUST-01532,2026-07-16,8697.17,OPEN
ORD-002048-3,PO-002048,CUST-02254,2026-07-17,5798.11,OPEN
ORD-002049-1,PO-002049,CUST-00593,2026-04-08,19433.66,OPEN
ORD-002050-1,PO-002050,CUST-00610,2026-01-26,104705.73,OPEN
ORD-002050-2,PO-002050,CUST-02329,2026-01-17,104705.73,OPEN
ORD-002050-3,PO-002050,CUST-00864,2026-01-25,52352.86,OPEN
ORD-002050-4,PO-002050,CUST-00872,2026-01-26,104705.73,OPEN
ORD-002051-1,PO-002051,CUST-02112,2026-05-31,16452.03,OPEN
ORD-002051-2,PO-002051,CUST-00965,2026-05-28,16452.03,OPEN
ORD-002051-3,PO-002051,CUST-00704,2026-05-25,8226.01,OPEN
ORD-002051-4,PO-002051,CUST-02249,2026-06-01,10968.02,OPEN
ORD-002052-1,PO-002052,CUST-01190,2026-02-08,14175.67,OPEN
ORD-002052-2,PO-002052,CUST-00946,2026-01-31,7087.84,OPEN
ORD-002052-3,PO-002052,CUST-02372,2026-02-01,14175.67,OPEN
ORD-002052-4,PO-002052,CUST-02092,2026-02-06,7087.84,OPEN
ORD-002053-1,PO-002053,CUST-01296,2026-07-28,37022.11,OPEN
ORD-002053-2,PO-002053,CUST-01977,2026-08-02,9255.53,OPEN
ORD-002053-3,PO-002053,CUST-00835,2026-07-30,12340.7,OPEN
ORD-002053-4,PO-002053,CUST-00868,2026-08-02,12340.7,OPEN
ORD-002054-1,PO-002054,CUST-01441,2026-03-10,18921.05,OPEN
ORD-002055-1,PO-002055,CUST-02423,2026-02-13,1999.87,OPEN
ORD-002056-1,PO-002056,CUST-01667,2026-04-20,28374.77,OPEN
ORD-002056-2,PO-002056,CUST-02134,2026-04-24,28374.77,OPEN
ORD-002057-1,PO-002057,CUST-01090,2026-04-22,28702.73,OPEN
ORD-002057-2,PO-002057,CUST-01229,2026-04-14,86108.19,OPEN
ORD-002058-1,PO-002058,CUST-00470,2026-03-17,46761.97,OPEN
ORD-002058-2,PO-002058,CUST-02069,2026-03-16,93523.95,OPEN
ORD-002058-3,PO-002058,CUST-00878,2026-03-14,93523.95,OPEN
ORD-002059-1,PO-002059,CUST-02060,2026-05-03,48561.34,OPEN
ORD-002059-2,PO-002059,CUST-01331,2026-04-26,145684.03,OPEN
ORD-002060-1,PO-002060,CUST-01688,2026-03-28,68979.31,OPEN
ORD-002061-1,PO-002061,CUST-00667,2026-03-23,31227.35,OPEN
ORD-002061-2,PO-002061,CUST-01400,2026-03-20,62454.69,OPEN
ORD-002061-3,PO-002061,CUST-00591,2026-03-25,62454.69,OPEN
ORD-002062-1,PO-002062,CUST-00939,2026-01-05,24594.54,OPEN
ORD-002062-2,PO-002062,CUST-01395,2026-01-08,73783.62,OPEN
ORD-002062-3,PO-002062,CUST-00208,2026-01-12,73783.62,OPEN
ORD-002062-4,PO-002062,CUST-00211,2026-01-05,73783.62,OPEN
ORD-002063-1,PO-002063,CUST-00350,2026-01-29,19660.61,OPEN
ORD-002063-2,PO-002063,CUST-00678,2026-01-28,29490.92,OPEN
ORD-002064-1,PO-002064,CUST-01787,2026-04-22,3524.19,OPEN
ORD-002065-1,PO-002065,CUST-01474,2026-03-17,4679.01,OPEN
ORD-002065-2,PO-002065,CUST-02447,2026-03-13,6238.68,OPEN
ORD-002066-1,PO-002066,CUST-01529,2026-07-05,113973.17,OPEN
ORD-002067-1,PO-002067,CUST-00698,2026-05-29,4700.95,OPEN
ORD-002067-2,PO-002067,CUST-01160,2026-05-26,9401.9,OPEN
ORD-002068-1,PO-002068,CUST-00887,2026-05-09,17379.01,OPEN
ORD-002068-2,PO-002068,CUST-02378,2026-05-15,8689.5,OPEN
ORD-002068-3,PO-002068,CUST-01317,2026-05-11,4344.75,OPEN
ORD-002069-1,PO-002069,CUST-00176,2026-08-08,8254.12,OPEN
ORD-002070-1,PO-002070,CUST-01218,2026-07-05,15476.65,OPEN
ORD-002070-2,PO-002070,CUST-01898,2026-07-07,23214.97,OPEN
ORD-002070-3,PO-002070,CUST-01580,2026-06-30,23214.97,OPEN
ORD-002070-4,PO-002070,CUST-01706,2026-07-08,46429.94,OPEN
ORD-002071-1,PO-002071,CUST-00390,2026-08-22,145016.19,OPEN
ORD-002071-2,PO-002071,CUST-00563,2026-08-21,48338.73,OPEN
ORD-002072-1,PO-002072,CUST-02225,2026-08-05,65867.21,OPEN
ORD-002072-2,PO-002072,CUST-01032,2026-08-03,65867.21,OPEN
ORD-002073-1,PO-002073,CUST-01283,2026-08-02,6355.06,OPEN
ORD-002073-2,PO-002073,CUST-02200,2026-08-04,6355.06,OPEN
ORD-002074-1,PO-002074,CUST-00811,2026-08-01,33752.1,OPEN
ORD-002075-1,PO-002075,CUST-00213,2026-06-20,35352.95,OPEN
ORD-002075-2,PO-002075,CUST-00308,2026-06-20,53029.42,OPEN
ORD-002075-3,PO-002075,CUST-00732,2026-06-23,35352.95,OPEN
ORD-002075-4,PO-002075,CUST-00896,2026-06-13,53029.42,OPEN
ORD-002076-1,PO-002076,CUST-00564,2026-08-11,2854.97,OPEN
ORD-002076-2,PO-002076,CUST-01419,2026-08-09,2854.97,OPEN
ORD-002077-1,PO-002077,CUST-00759,2026-06-10,9031.11,OPEN
ORD-002077-2,PO-002077,CUST-02259,2026-06-11,27093.33,OPEN
ORD-002078-1,PO-002078,CUST-02114,2026-08-28,14377.09,OPEN
ORD-002078-2,PO-002078,CUST-00740,2026-08-21,19169.45,OPEN
ORD-002079-1,PO-002079,CUST-00290,2026-07-26,48870.29,OPEN
ORD-002079-2,PO-002079,CUST-00332,2026-07-27,48870.29,OPEN
ORD-002079-3,PO-002079,CUST-01280,2026-07-22,48870.29,OPEN
ORD-002080-1,PO-002080,CUST-01536,2026-04-06,380.51,OPEN
ORD-002081-1,PO-002081,CUST-01548,2026-05-30,10685.41,OPEN
ORD-002081-2,PO-002081,CUST-00290,2026-05-31,21370.81,OPEN
ORD-002082-1,PO-002082,CUST-02263,2026-08-05,16380.19,OPEN
ORD-002083-1,PO-002083,CUST-00774,2026-02-12,67541.8,OPEN
ORD-002083-2,PO-002083,CUST-01438,2026-02-16,135083.6,OPEN
ORD-002083-3,PO-002083,CUST-00853,2026-02-20,33770.9,OPEN
ORD-002084-1,PO-002084,CUST-00944,2026-01-12,89699.23,OPEN
ORD-002084-2,PO-002084,CUST-02480,2026-01-13,29899.74,OPEN
ORD-002084-3,PO-002084,CUST-00266,2026-01-07,29899.74,OPEN
ORD-002085-1,PO-002085,CUST-00162,2026-02-13,8992.51,OPEN
ORD-002085-2,PO-002085,CUST-00887,2026-02-16,17985.03,OPEN
ORD-002085-3,PO-002085,CUST-02114,2026-02-07,17985.03,OPEN
ORD-002085-4,PO-002085,CUST-01448,2026-02-07,17985.03,OPEN
ORD-002086-1,PO-002086,CUST-01300,2026-08-15,5321.17,OPEN
ORD-002087-1,PO-002087,CUST-00978,2026-08-21,61301.51,OPEN
ORD-002088-1,PO-002088,CUST-00108,2026-02-16,48703.79,OPEN
ORD-002088-2,PO-002088,CUST-02087,2026-02-19,146111.36,OPEN
ORD-002088-3,PO-002088,CUST-02242,2026-02-17,48703.79,OPEN
ORD-002088-4,PO-002088,CUST-00183,2026-02-21,146111.36,OPEN
ORD-002089-1,PO-002089,CUST-01834,2026-03-27,11832.51,OPEN
ORD-002090-1,PO-002090,CUST-00753,2026-04-29,4935.41,OPEN
ORD-002090-2,PO-002090,CUST-00045,2026-04-28,2467.71,OPEN
ORD-002090-3,PO-002090,CUST-00769,2026-04-19,3290.28,OPEN
ORD-002090-4,PO-002090,CUST-01048,2026-04-29,2467.71,OPEN
ORD-002091-1,PO-002091,CUST-00086,2026-02-04,16118.79,OPEN
ORD-002091-2,PO-002091,CUST-00050,2026-02-03,16118.79,OPEN
ORD-002091-3,PO-002091,CUST-00500,2026-02-04,8059.4,OPEN
ORD-002092-1,PO-002092,CUST-00602,2026-07-10,17138.66,OPEN
ORD-002092-2,PO-002092,CUST-02445,2026-07-20,34277.32,OPEN
ORD-002093-1,PO-002093,CUST-02269,2026-02-04,24678.01,OPEN
ORD-002093-2,PO-002093,CUST-01794,2026-02-09,24678.01,OPEN
ORD-002093-3,PO-002093,CUST-01904,2026-02-06,24678.01,OPEN
ORD-002093-4,PO-002093,CUST-02485,2026-02-05,49356.01,OPEN
ORD-002094-1,PO-002094,CUST-00921,2026-06-11,17185.62,OPEN
ORD-002095-1,PO-002095,CUST-01869,2026-06-08,38310.44,OPEN
ORD-002095-2,PO-002095,CUST-02206,2026-06-04,38310.44,OPEN
ORD-002095-3,PO-002095,CUST-01277,2026-06-07,9577.61,OPEN
ORD-002095-4,PO-002095,CUST-01425,2026-06-03,38310.44,OPEN
ORD-002096-1,PO-002096,CUST-00575,2026-06-11,7327.38,OPEN
ORD-002096-2,PO-002096,CUST-02462,2026-06-12,9769.84,OPEN
ORD-002096-3,PO-002096,CUST-01836,2026-06-17,14654.75,OPEN
ORD-002097-1,PO-002097,CUST-00035,2026-01-14,35375.43,OPEN
ORD-002097-2,PO-002097,CUST-01455,2026-01-15,141501.72,OPEN
ORD-002097-3,PO-002097,CUST-00762,2026-01-16,47167.24,OPEN
ORD-002098-1,PO-002098,CUST-00148,2026-07-08,16939.36,OPEN
ORD-002098-2,PO-002098,CUST-01868,2026-07-13,12704.52,OPEN
ORD-002098-3,PO-002098,CUST-00555,2026-07-12,25409.03,OPEN
ORD-002099-1,PO-002099,CUST-02026,2026-04-27,39018.03,OPEN
ORD-002099-2,PO-002099,CUST-01649,2026-04-29,39018.03,OPEN
ORD-002099-3,PO-002099,CUST-02202,2026-05-02,29263.52,OPEN
ORD-002100-1,PO-002100,CUST-01675,2026-02-02,35355.08,OPEN
ORD-002100-2,PO-002100,CUST-01054,2026-02-02,35355.08,OPEN
ORD-002100-3,PO-002100,CUST-01198,2026-01-31,70710.15,OPEN
ORD-002101-1,PO-002101,CUST-00482,2026-05-26,82517.79,OPEN
ORD-002102-1,PO-002102,CUST-01204,2026-03-01,12235.68,OPEN
ORD-002102-2,PO-002102,CUST-00552,2026-03-08,18353.51,OPEN
ORD-002102-3,PO-002102,CUST-02172,2026-03-11,9176.76,OPEN
ORD-002102-4,PO-002102,CUST-02461,2026-03-08,12235.68,OPEN
ORD-002103-1,PO-002103,CUST-01901,2026-06-21,116481.91,OPEN
ORD-002103-2,PO-002103,CUST-01070,2026-06-22,58240.96,OPEN
ORD-002104-1,PO-002104,CUST-00243,2026-05-10,1919.26,OPEN
ORD-002105-1,PO-002105,CUST-01523,2026-03-09,5204.24,OPEN
ORD-002105-2,PO-002105,CUST-01900,2026-03-05,10408.48,OPEN
ORD-002105-3,PO-002105,CUST-00233,2026-03-05,5204.24,OPEN
ORD-002106-1,PO-002106,CUST-01562,2026-08-22,37986.64,OPEN
ORD-002106-2,PO-002106,CUST-01355,2026-08-24,113959.91,OPEN
ORD-002107-1,PO-002107,CUST-01379,2026-01-25,131363.21,OPEN
ORD-002107-2,PO-002107,CUST-00466,2026-02-03,131363.21,OPEN
ORD-002108-1,PO-002108,CUST-02389,2026-01-11,14296.88,OPEN
ORD-002109-1,PO-002109,CUST-01085,2026-04-13,43578.64,OPEN
ORD-002110-1,PO-002110,CUST-00558,2026-06-20,49318.92,OPEN
ORD-002110-2,PO-002110,CUST-01677,2026-06-18,147956.76,OPEN
ORD-002110-3,PO-002110,CUST-01107,2026-06-27,49318.92,OPEN
ORD-002111-1,PO-002111,CUST-01298,2026-05-20,10411.06,OPEN
ORD-002111-2,PO-002111,CUST-01511,2026-05-23,20822.11,OPEN
ORD-002111-3,PO-002111,CUST-02378,2026-05-18,13881.41,OPEN
ORD-002112-1,PO-002112,CUST-02430,2026-08-01,9709.94,OPEN
ORD-002112-2,PO-002112,CUST-00845,2026-08-01,29129.83,OPEN
ORD-002112-3,PO-002112,CUST-02081,2026-08-03,14564.92,OPEN
ORD-002113-1,PO-002113,CUST-02400,2026-09-02,120976.82,OPEN
ORD-002114-1,PO-002114,CUST-01149,2026-04-08,19628.72,OPEN
ORD-002114-2,PO-002114,CUST-01977,2026-04-10,9814.36,OPEN
ORD-002115-1,PO-002115,CUST-01157,2026-05-29,14720.62,OPEN
ORD-002116-1,PO-002116,CUST-02238,2026-04-15,28486.95,OPEN
ORD-002116-2,PO-002116,CUST-01492,2026-04-19,21365.22,OPEN
ORD-002117-1,PO-002117,CUST-00085,2026-06-11,8641.64,OPEN
ORD-002117-2,PO-002117,CUST-00091,2026-06-03,34566.56,OPEN
ORD-002117-3,PO-002117,CUST-01477,2026-06-08,17283.28,OPEN
ORD-002118-1,PO-002118,CUST-00579,2026-06-04,32771.03,OPEN
ORD-002118-2,PO-002118,CUST-01804,2026-06-11,65542.05,OPEN
ORD-002118-3,PO-002118,CUST-01477,2026-06-10,32771.03,OPEN
ORD-002118-4,PO-002118,CUST-00825,2026-06-11,21847.35,OPEN
ORD-002119-1,PO-002119,CUST-01010,2026-03-07,6729.53,OPEN
ORD-002119-2,PO-002119,CUST-01096,2026-03-05,6729.53,OPEN
ORD-002120-1,PO-002120,CUST-02423,2026-02-10,25752.26,OPEN
ORD-002120-2,PO-002120,CUST-01377,2026-02-15,34336.34,OPEN
ORD-002120-3,PO-002120,CUST-01870,2026-02-14,34336.34,OPEN
ORD-002120-4,PO-002120,CUST-01838,2026-02-10,51504.51,OPEN
ORD-002121-1,PO-002121,CUST-02168,2026-05-14,106589.77,OPEN
ORD-002121-2,PO-002121,CUST-00097,2026-05-09,35529.92,OPEN
ORD-002122-1,PO-002122,CUST-01891,2026-04-17,129443.3,OPEN
ORD-002122-2,PO-002122,CUST-00166,2026-04-11,43147.77,OPEN
ORD-002122-3,PO-002122,CUST-00407,2026-04-16,43147.77,OPEN
ORD-002122-4,PO-002122,CUST-00948,2026-04-19,32360.83,OPEN
ORD-002123-1,PO-002123,CUST-00156,2026-04-08,739.6,OPEN
ORD-002123-2,PO-002123,CUST-02408,2026-04-10,493.06,OPEN
ORD-002124-1,PO-002124,CUST-00748,2026-05-01,39028.88,OPEN
ORD-002124-2,PO-002124,CUST-01086,2026-04-27,39028.88,OPEN
ORD-002124-3,PO-002124,CUST-00793,2026-05-04,29271.66,OPEN
ORD-002124-4,PO-002124,CUST-02491,2026-05-01,58543.32,OPEN
ORD-002125-1,PO-002125,CUST-01554,2026-07-31,71899.13,OPEN
ORD-002126-1,PO-002126,CUST-01407,2026-01-27,9747.56,OPEN
ORD-002126-2,PO-002126,CUST-01461,2026-01-19,12996.74,OPEN
ORD-002126-3,PO-002126,CUST-01459,2026-01-19,38990.22,OPEN
ORD-002126-4,PO-002126,CUST-00269,2026-01-26,19495.11,OPEN
ORD-002127-1,PO-002127,CUST-00955,2026-06-27,60790.02,OPEN
ORD-002128-1,PO-002128,CUST-01276,2026-01-31,147369.61,OPEN
ORD-002128-2,PO-002128,CUST-01860,2026-01-27,73684.8,OPEN
ORD-002129-1,PO-002129,CUST-01934,2026-05-24,22831.95,OPEN
ORD-002130-1,PO-002130,CUST-01005,2026-01-27,65387.97,OPEN
ORD-002130-2,PO-002130,CUST-00155,2026-01-31,32693.99,OPEN
ORD-002130-3,PO-002130,CUST-01343,2026-01-25,130775.95,OPEN
ORD-002131-1,PO-002131,CUST-00810,2026-04-09,17690.68,OPEN
ORD-002131-2,PO-002131,CUST-01778,2026-03-31,17690.68,OPEN
ORD-002131-3,PO-002131,CUST-01905,2026-04-04,17690.68,OPEN
ORD-002131-4,PO-002131,CUST-00499,2026-04-02,5896.89,OPEN
ORD-002132-1,PO-002132,CUST-02113,2026-05-22,31326.13,OPEN
ORD-002132-2,PO-002132,CUST-02217,2026-05-17,31326.13,OPEN
ORD-002132-3,PO-002132,CUST-02356,2026-05-21,31326.13,OPEN
ORD-002132-4,PO-002132,CUST-01216,2026-05-17,93978.38,OPEN
ORD-002133-1,PO-002133,CUST-00730,2026-04-13,15534.77,OPEN
ORD-002133-2,PO-002133,CUST-02213,2026-04-16,62139.07,OPEN
ORD-002133-3,PO-002133,CUST-01264,2026-04-13,62139.07,OPEN
ORD-002133-4,PO-002133,CUST-00189,2026-04-15,20713.02,OPEN
ORD-002134-1,PO-002134,CUST-01212,2026-02-17,8176.9,OPEN
ORD-002134-2,PO-002134,CUST-00437,2026-02-16,5451.27,OPEN
ORD-002134-3,PO-002134,CUST-00138,2026-02-14,5451.27,OPEN
ORD-002135-1,PO-002135,CUST-00309,2026-06-01,25618.69,OPEN
ORD-002135-2,PO-002135,CUST-01875,2026-05-31,19214.02,OPEN
ORD-002135-3,PO-002135,CUST-00376,2026-05-31,25618.69,OPEN
ORD-002136-1,PO-002136,CUST-00215,2026-06-24,21767.51,OPEN
ORD-002136-2,PO-002136,CUST-00449,2026-06-21,43535.01,OPEN
ORD-002137-1,PO-002137,CUST-01108,2026-09-03,134131.05,OPEN
ORD-002137-2,PO-002137,CUST-01977,2026-08-30,134131.05,OPEN
ORD-002137-3,PO-002137,CUST-01412,2026-08-29,33532.76,OPEN
ORD-002137-4,PO-002137,CUST-01614,2026-09-02,44710.35,OPEN
ORD-002138-1,PO-002138,CUST-01403,2026-07-20,4000.53,OPEN
ORD-002138-2,PO-002138,CUST-01595,2026-07-15,2667.02,OPEN
ORD-002139-1,PO-002139,CUST-02405,2026-08-14,12583.54,OPEN
ORD-002139-2,PO-002139,CUST-01250,2026-08-10,18875.31,OPEN
ORD-002139-3,PO-002139,CUST-00081,2026-08-13,9437.66,OPEN
ORD-002140-1,PO-002140,CUST-00842,2026-08-19,130911.87,OPEN
ORD-002140-2,PO-002140,CUST-01008,2026-08-17,130911.87,OPEN
ORD-002141-1,PO-002141,CUST-02467,2026-02-10,29483.96,OPEN
ORD-002141-2,PO-002141,CUST-00179,2026-02-02,22112.97,OPEN
ORD-002141-3,PO-002141,CUST-01116,2026-02-02,22112.97,OPEN
ORD-002141-4,PO-002141,CUST-01014,2026-02-06,44225.93,OPEN
ORD-002142-1,PO-002142,CUST-01588,2026-07-11,44446.17,OPEN
ORD-002142-2,PO-002142,CUST-00977,2026-07-08,22223.08,OPEN
ORD-002142-3,PO-002142,CUST-00325,2026-07-13,44446.17,OPEN
ORD-002143-1,PO-002143,CUST-02055,2026-07-28,15169.03,OPEN
ORD-002143-2,PO-002143,CUST-01190,2026-07-25,22753.54,OPEN
ORD-002143-3,PO-002143,CUST-01123,2026-07-28,45507.09,OPEN
ORD-002144-1,PO-002144,CUST-00710,2026-08-15,8865.76,OPEN
ORD-002144-2,PO-002144,CUST-00337,2026-08-18,17731.53,OPEN
ORD-002144-3,PO-002144,CUST-00897,2026-08-16,17731.53,OPEN
ORD-002145-1,PO-002145,CUST-00867,2026-02-08,47449.47,OPEN
ORD-002146-1,PO-002146,CUST-00292,2026-05-18,9788.96,OPEN
ORD-002146-2,PO-002146,CUST-01556,2026-05-12,9788.96,OPEN
ORD-002146-3,PO-002146,CUST-01711,2026-05-15,13051.95,OPEN
ORD-002146-4,PO-002146,CUST-00405,2026-05-14,39155.84,OPEN
ORD-002147-1,PO-002147,CUST-01774,2026-06-22,15100.1,OPEN
ORD-002147-2,PO-002147,CUST-01615,2026-06-21,15100.1,OPEN
ORD-002147-3,PO-002147,CUST-00035,2026-06-22,30200.21,OPEN
ORD-002147-4,PO-002147,CUST-02401,2026-06-27,30200.21,OPEN
ORD-002148-1,PO-002148,CUST-02348,2026-08-26,9388.1,OPEN
ORD-002148-2,PO-002148,CUST-02168,2026-09-03,7041.07,OPEN
ORD-002148-3,PO-002148,CUST-00589,2026-09-03,7041.07,OPEN
ORD-002149-1,PO-002149,CUST-00167,2026-02-16,8469.46,OPEN
ORD-002150-1,PO-002150,CUST-01557,2026-07-20,102076.07,OPEN
ORD-002150-2,PO-002150,CUST-01769,2026-07-24,25519.02,OPEN
ORD-002150-3,PO-002150,CUST-00665,2026-07-20,51038.04,OPEN
ORD-002151-1,PO-002151,CUST-00324,2026-02-22,13799.82,OPEN
ORD-002151-2,PO-002151,CUST-00088,2026-02-27,4599.94,OPEN
ORD-002152-1,PO-002152,CUST-01457,2026-03-31,26233.0,OPEN
ORD-002152-2,PO-002152,CUST-01408,2026-04-04,78699.0,OPEN
ORD-002152-3,PO-002152,CUST-02493,2026-04-01,19674.75,OPEN
ORD-002153-1,PO-002153,CUST-02343,2026-07-02,35769.49,OPEN
ORD-002153-2,PO-002153,CUST-00365,2026-07-11,35769.49,OPEN
ORD-002153-3,PO-002153,CUST-01628,2026-07-06,47692.65,OPEN
ORD-002154-1,PO-002154,CUST-00280,2026-06-28,49352.56,OPEN
ORD-002154-2,PO-002154,CUST-01586,2026-06-20,49352.56,OPEN
ORD-002154-3,PO-002154,CUST-01771,2026-06-27,148057.69,OPEN
ORD-002154-4,PO-002154,CUST-01928,2026-06-24,49352.56,OPEN
ORD-002155-1,PO-002155,CUST-00479,2026-04-17,40118.43,OPEN
ORD-002155-2,PO-002155,CUST-01779,2026-04-18,60177.64,OPEN
ORD-002156-1,PO-002156,CUST-00316,2026-02-03,30497.9,OPEN
ORD-002156-2,PO-002156,CUST-00522,2026-02-03,40663.87,OPEN
ORD-002157-1,PO-002157,CUST-02344,2026-02-15,15578.46,OPEN
ORD-002158-1,PO-002158,CUST-00750,2026-07-11,29894.55,OPEN
ORD-002158-2,PO-002158,CUST-01379,2026-07-08,29894.55,OPEN
ORD-002158-3,PO-002158,CUST-02465,2026-07-10,59789.1,OPEN
ORD-002159-1,PO-002159,CUST-00986,2026-03-17,9565.76,OPEN
ORD-002159-2,PO-002159,CUST-00060,2026-03-16,9565.76,OPEN
ORD-002159-3,PO-002159,CUST-01286,2026-03-25,7174.32,OPEN
ORD-002159-4,PO-002159,CUST-00269,2026-03-23,9565.76,OPEN
ORD-002160-1,PO-002160,CUST-00202,2026-01-19,7200.31,OPEN
ORD-002160-2,PO-002160,CUST-02459,2026-01-21,21600.93,OPEN
ORD-002160-3,PO-002160,CUST-02394,2026-01-18,21600.93,OPEN
ORD-002161-1,PO-002161,CUST-00353,2026-01-11,10693.61,OPEN
ORD-002162-1,PO-002162,CUST-00990,2026-05-14,4960.26,OPEN
ORD-002162-2,PO-002162,CUST-02006,2026-05-11,7440.4,OPEN
ORD-002163-1,PO-002163,CUST-01949,2026-04-30,19992.21,OPEN
ORD-002163-2,PO-002163,CUST-02284,2026-04-28,19992.21,OPEN
ORD-002164-1,PO-002164,CUST-01012,2026-02-17,45472.01,OPEN
ORD-002164-2,PO-002164,CUST-02488,2026-02-25,68208.02,OPEN
ORD-002164-3,PO-002164,CUST-00569,2026-02-23,136416.04,OPEN
ORD-002164-4,PO-002164,CUST-00851,2026-02-16,136416.04,OPEN
ORD-002165-1,PO-002165,CUST-02066,2026-06-04,2685.2,OPEN
ORD-002165-2,PO-002165,CUST-00774,2026-06-02,2013.9,OPEN
ORD-002165-3,PO-002165,CUST-02470,2026-05-27,4027.8,OPEN
ORD-002165-4,PO-002165,CUST-00459,2026-05-29,2013.9,OPEN
ORD-002166-1,PO-002166,CUST-00359,2026-04-29,13080.57,OPEN
ORD-002166-2,PO-002166,CUST-01727,2026-04-25,52322.29,OPEN
ORD-002166-3,PO-002166,CUST-01604,2026-04-26,52322.29,OPEN
ORD-002167-1,PO-002167,CUST-01029,2026-01-15,269.09,OPEN
ORD-002167-2,PO-002167,CUST-01029,2026-01-16,358.79,OPEN
ORD-002167-3,PO-002167,CUST-02410,2026-01-21,269.09,OPEN
ORD-002168-1,PO-002168,CUST-00677,2026-07-03,57071.02,OPEN
ORD-002169-1,PO-002169,CUST-02234,2026-04-02,6000.74,OPEN
ORD-002170-1,PO-002170,CUST-00059,2026-06-07,137442.27,OPEN
ORD-002170-2,PO-002170,CUST-01733,2026-06-04,137442.27,OPEN
ORD-002170-3,PO-002170,CUST-01950,2026-06-09,34360.57,OPEN
ORD-002171-1,PO-002171,CUST-01895,2026-04-07,27651.19,OPEN
ORD-002171-2,PO-002171,CUST-01124,2026-04-08,27651.19,OPEN
ORD-002171-3,PO-002171,CUST-01176,2026-04-08,41476.78,OPEN
ORD-002171-4,PO-002171,CUST-02165,2026-04-15,20738.39,OPEN
ORD-002172-1,PO-002172,CUST-01281,2026-07-12,15479.34,OPEN
ORD-002172-2,PO-002172,CUST-02109,2026-07-16,61917.37,OPEN
ORD-002172-3,PO-002172,CUST-02331,2026-07-18,15479.34,OPEN
ORD-002173-1,PO-002173,CUST-00937,2026-08-22,87197.42,OPEN
ORD-002173-2,PO-002173,CUST-00629,2026-08-29,29065.81,OPEN
ORD-002173-3,PO-002173,CUST-02113,2026-08-28,29065.81,OPEN
ORD-002173-4,PO-002173,CUST-02310,2026-08-23,87197.42,OPEN
ORD-002174-1,PO-002174,CUST-02408,2026-03-30,3585.22,OPEN
ORD-002174-2,PO-002174,CUST-00535,2026-03-28,3585.22,OPEN
ORD-002174-3,PO-002174,CUST-00185,2026-03-31,3585.22,OPEN
ORD-002175-1,PO-002175,CUST-00190,2026-08-30,16182.93,OPEN
ORD-002176-1,PO-002176,CUST-01482,2026-02-09,13625.6,OPEN
ORD-002177-1,PO-002177,CUST-02326,2026-06-06,7782.65,OPEN
ORD-002178-1,PO-002178,CUST-02236,2026-01-10,69399.36,OPEN
ORD-002178-2,PO-002178,CUST-02044,2026-01-10,23133.12,OPEN
ORD-002178-3,PO-002178,CUST-00207,2026-01-17,69399.36,OPEN
ORD-002179-1,PO-002179,CUST-02302,2026-03-28,20062.06,OPEN
ORD-002179-2,PO-002179,CUST-02315,2026-03-29,60186.17,OPEN
ORD-002179-3,PO-002179,CUST-02071,2026-03-22,15046.54,OPEN
ORD-002179-4,PO-002179,CUST-01374,2026-03-19,20062.06,OPEN
ORD-002180-1,PO-002180,CUST-02317,2026-04-26,6298.13,OPEN
ORD-002180-2,PO-002180,CUST-01835,2026-04-22,8397.51,OPEN
ORD-002181-1,PO-002181,CUST-01108,2026-06-18,141849.14,OPEN
ORD-002181-2,PO-002181,CUST-01038,2026-06-14,70924.57,OPEN
ORD-002182-1,PO-002182,CUST-02456,2026-04-18,19988.25,OPEN
ORD-002182-2,PO-002182,CUST-01551,2026-04-18,59964.76,OPEN
ORD-002182-3,PO-002182,CUST-02130,2026-04-19,14991.19,OPEN
ORD-002183-1,PO-002183,CUST-00342,2026-03-14,48597.86,OPEN
ORD-002184-1,PO-002184,CUST-02300,2026-04-21,120100.31,OPEN
ORD-002184-2,PO-002184,CUST-00416,2026-04-27,60050.15,OPEN
ORD-002184-3,PO-002184,CUST-00497,2026-04-25,120100.31,OPEN
ORD-002185-1,PO-002185,CUST-02024,2026-03-20,35301.47,OPEN
ORD-002185-2,PO-002185,CUST-00373,2026-03-13,70602.94,OPEN
ORD-002186-1,PO-002186,CUST-00025,2026-01-22,58140.58,OPEN
ORD-002186-2,PO-002186,CUST-01491,2026-01-23,58140.58,OPEN
ORD-002186-3,PO-002186,CUST-00993,2026-01-21,29070.29,OPEN
ORD-002187-1,PO-002187,CUST-00187,2026-03-18,28829.87,OPEN
ORD-002188-1,PO-002188,CUST-02476,2026-05-13,9500.34,OPEN
ORD-002188-2,PO-002188,CUST-01991,2026-05-05,7125.25,OPEN
ORD-002189-1,PO-002189,CUST-01404,2026-01-09,26255.97,OPEN
ORD-002190-1,PO-002190,CUST-00298,2026-05-17,12049.82,OPEN
ORD-002190-2,PO-002190,CUST-01784,2026-05-23,12049.82,OPEN
ORD-002190-3,PO-002190,CUST-00240,2026-05-17,9037.37,OPEN
ORD-002190-4,PO-002190,CUST-00547,2026-05-23,36149.47,OPEN
ORD-002191-1,PO-002191,CUST-02129,2026-08-20,2730.11,OPEN
ORD-002192-1,PO-002192,CUST-00464,2026-02-24,21406.66,OPEN
ORD-002192-2,PO-002192,CUST-02459,2026-02-21,14271.11,OPEN
ORD-002193-1,PO-002193,CUST-00766,2026-07-08,3957.98,OPEN
ORD-002193-2,PO-002193,CUST-01479,2026-07-04,5936.97,OPEN
ORD-002194-1,PO-002194,CUST-01189,2026-01-30,11142.09,OPEN
ORD-002194-2,PO-002194,CUST-01583,2026-01-26,16713.13,OPEN
ORD-002194-3,PO-002194,CUST-01643,2026-01-24,33426.26,OPEN
ORD-002194-4,PO-002194,CUST-01774,2026-01-24,33426.26,OPEN
ORD-002195-1,PO-002195,CUST-02078,2026-06-08,777.68,OPEN
ORD-002196-1,PO-002196,CUST-02349,2026-04-23,66642.31,OPEN
ORD-002196-2,PO-002196,CUST-00855,2026-04-28,22214.1,OPEN
ORD-002197-1,PO-002197,CUST-01404,2026-04-04,118895.16,OPEN
ORD-002197-2,PO-002197,CUST-00011,2026-04-08,39631.72,OPEN
ORD-002197-3,PO-002197,CUST-00671,2026-04-11,39631.72,OPEN
ORD-002198-1,PO-002198,CUST-02499,2026-05-01,2452.89,OPEN
ORD-002198-2,PO-002198,CUST-00098,2026-04-25,4905.78,OPEN
ORD-002198-3,PO-002198,CUST-01205,2026-05-01,3270.52,OPEN
ORD-002199-1,PO-002199,CUST-01810,2026-03-08,24314.32,OPEN
ORD-002200-1,PO-002200,CUST-00483,2026-03-13,139512.18,OPEN
ORD-002200-2,PO-002200,CUST-00045,2026-03-07,69756.09,OPEN
ORD-002201-1,PO-002201,CUST-01571,2026-01-23,62024.68,OPEN
ORD-002202-1,PO-002202,CUST-00264,2026-04-10,1635.27,OPEN
ORD-002203-1,PO-002203,CUST-01610,2026-08-15,142669.06,OPEN
ORD-002204-1,PO-002204,CUST-00670,2026-05-29,65626.72,OPEN
ORD-002204-2,PO-002204,CUST-01262,2026-06-02,65626.72,OPEN
ORD-002204-3,PO-002204,CUST-01010,2026-06-03,65626.72,OPEN
ORD-002204-4,PO-002204,CUST-00510,2026-05-27,65626.72,OPEN
ORD-002205-1,PO-002205,CUST-00292,2026-07-05,15331.93,OPEN
ORD-002205-2,PO-002205,CUST-02313,2026-06-30,20442.57,OPEN
ORD-002205-3,PO-002205,CUST-00160,2026-06-29,15331.93,OPEN
ORD-002205-4,PO-002205,CUST-01730,2026-06-29,15331.93,OPEN
ORD-002206-1,PO-002206,CUST-02274,2026-08-13,71085.33,OPEN
ORD-002206-2,PO-002206,CUST-01251,2026-08-16,71085.33,OPEN
ORD-002207-1,PO-002207,CUST-00243,2026-04-26,34668.55,OPEN
ORD-002207-2,PO-002207,CUST-02180,2026-05-03,34668.55,OPEN
ORD-002207-3,PO-002207,CUST-00966,2026-05-02,17334.28,OPEN
ORD-002208-1,PO-002208,CUST-01936,2026-05-08,47872.95,OPEN
ORD-002208-2,PO-002208,CUST-00123,2026-04-30,47872.95,OPEN
ORD-002209-1,PO-002209,CUST-01092,2026-06-24,21280.45,OPEN
ORD-002209-2,PO-002209,CUST-01308,2026-06-23,31920.67,OPEN
ORD-002209-3,PO-002209,CUST-00537,2026-06-30,21280.45,OPEN
ORD-002209-4,PO-002209,CUST-02266,2026-06-29,63841.35,OPEN
ORD-002210-1,PO-002210,CUST-00925,2026-04-17,8440.08,OPEN
ORD-002210-2,PO-002210,CUST-00648,2026-04-14,6330.06,OPEN
ORD-002210-3,PO-002210,CUST-00797,2026-04-20,6330.06,OPEN
ORD-002210-4,PO-002210,CUST-01073,2026-04-14,25320.23,OPEN
ORD-002211-1,PO-002211,CUST-00868,2026-04-14,25903.04,OPEN
ORD-002211-2,PO-002211,CUST-00746,2026-04-20,25903.04,OPEN
ORD-002211-3,PO-002211,CUST-00132,2026-04-17,25903.04,OPEN
ORD-002212-1,PO-002212,CUST-01190,2026-04-06,39994.1,OPEN
ORD-002212-2,PO-002212,CUST-01914,2026-04-04,119982.29,OPEN
ORD-002212-3,PO-002212,CUST-01201,2026-04-12,39994.1,OPEN
ORD-002213-1,PO-002213,CUST-01551,2026-02-14,38304.58,OPEN
ORD-002213-2,PO-002213,CUST-00306,2026-02-13,38304.58,OPEN
ORD-002213-3,PO-002213,CUST-01671,2026-02-13,114913.73,OPEN
ORD-002214-1,PO-002214,CUST-00711,2026-08-21,9531.36,OPEN
ORD-002214-2,PO-002214,CUST-00879,2026-08-22,12708.49,OPEN
ORD-002214-3,PO-002214,CUST-01535,2026-08-28,9531.36,OPEN
ORD-002215-1,PO-002215,CUST-00489,2026-04-10,12119.96,OPEN
ORD-002216-1,PO-002216,CUST-00961,2026-08-02,39795.16,OPEN
ORD-002216-2,PO-002216,CUST-01066,2026-07-31,39795.16,OPEN
ORD-002216-3,PO-002216,CUST-02061,2026-07-25,79590.32,OPEN
ORD-002216-4,PO-002216,CUST-01229,2026-07-28,19897.58,OPEN
ORD-002217-1,PO-002217,CUST-01101,2026-09-08,25614.67,OPEN
ORD-002218-1,PO-002218,CUST-02437,2026-04-18,27647.25,OPEN
ORD-002219-1,PO-002219,CUST-02449,2026-08-23,11692.99,OPEN
ORD-002219-2,PO-002219,CUST-00037,2026-08-28,15590.66,OPEN
ORD-002220-1,PO-002220,CUST-01305,2026-04-24,6493.47,OPEN
ORD-002221-1,PO-002221,CUST-01969,2026-01-21,31294.79,OPEN
ORD-002221-2,PO-002221,CUST-02095,2026-01-30,15647.4,OPEN
ORD-002221-3,PO-002221,CUST-00247,2026-01-22,31294.79,OPEN
ORD-002222-1,PO-002222,CUST-01893,2026-03-14,112256.16,OPEN
ORD-002222-2,PO-002222,CUST-02070,2026-03-15,28064.04,OPEN
ORD-002223-1,PO-002223,CUST-01055,2026-06-19,5291.8,OPEN
ORD-002223-2,PO-002223,CUST-00913,2026-06-25,2645.9,OPEN
ORD-002223-3,PO-002223,CUST-00278,2026-06-18,2645.9,OPEN
ORD-002224-1,PO-002224,CUST-01928,2026-02-20,26021.15,OPEN
ORD-002224-2,PO-002224,CUST-02494,2026-02-16,19515.86,OPEN
ORD-002224-3,PO-002224,CUST-00118,2026-02-22,39031.72,OPEN
ORD-002225-1,PO-002225,CUST-00065,2026-06-04,17662.43,OPEN
ORD-002225-2,PO-002225,CUST-00166,2026-06-07,70649.72,OPEN
ORD-002225-3,PO-002225,CUST-02194,2026-05-31,23549.91,OPEN
ORD-002225-4,PO-002225,CUST-00942,2026-05-28,23549.91,OPEN
ORD-002226-1,PO-002226,CUST-02260,2026-08-03,21776.92,OPEN
ORD-002226-2,PO-002226,CUST-01743,2026-08-04,16332.69,OPEN
ORD-002227-1,PO-002227,CUST-01338,2026-02-24,13476.33,OPEN
ORD-002227-2,PO-002227,CUST-00363,2026-02-25,53905.34,OPEN
ORD-002227-3,PO-002227,CUST-00677,2026-02-26,13476.33,OPEN
ORD-002227-4,PO-002227,CUST-01171,2026-03-02,17968.45,OPEN
ORD-002228-1,PO-002228,CUST-02485,2026-08-15,13991.58,OPEN
ORD-002229-1,PO-002229,CUST-01928,2026-04-16,18220.1,OPEN
ORD-002229-2,PO-002229,CUST-01832,2026-04-11,36440.21,OPEN
ORD-002229-3,PO-002229,CUST-01322,2026-04-16,12146.74,OPEN
ORD-002230-1,PO-002230,CUST-00699,2026-05-29,121956.47,OPEN
ORD-002230-2,PO-002230,CUST-01718,2026-06-01,40652.16,OPEN
ORD-002231-1,PO-002231,CUST-02413,2026-01-24,24780.23,OPEN
ORD-002231-2,PO-002231,CUST-02305,2026-01-31,33040.3,OPEN
ORD-002232-1,PO-002232,CUST-00583,2026-02-27,118087.45,OPEN
ORD-002232-2,PO-002232,CUST-01103,2026-03-05,39362.48,OPEN
ORD-002232-3,PO-002232,CUST-02295,2026-02-23,118087.45,OPEN
ORD-002232-4,PO-002232,CUST-00528,2026-02-28,118087.45,OPEN
ORD-002233-1,PO-002233,CUST-02492,2026-05-02,66698.45,OPEN
ORD-002233-2,PO-002233,CUST-00660,2026-05-04,44465.63,OPEN
ORD-002233-3,PO-002233,CUST-01280,2026-05-07,133396.9,OPEN
ORD-002234-1,PO-002234,CUST-01630,2026-01-08,41032.37,OPEN
ORD-002234-2,PO-002234,CUST-00313,2026-01-10,10258.09,OPEN
ORD-002234-3,PO-002234,CUST-02153,2026-01-15,10258.09,OPEN
ORD-002235-1,PO-002235,CUST-00896,2026-05-23,13671.97,OPEN
ORD-002235-2,PO-002235,CUST-00420,2026-05-14,9114.65,OPEN
ORD-002235-3,PO-002235,CUST-00349,2026-05-15,6835.98,OPEN
ORD-002236-1,PO-002236,CUST-01196,2026-08-09,36942.92,OPEN
ORD-002237-1,PO-002237,CUST-00066,2026-03-15,31618.03,OPEN
ORD-002238-1,PO-002238,CUST-00129,2026-02-02,33766.46,OPEN
ORD-002238-2,PO-002238,CUST-01693,2026-01-29,8441.61,OPEN
ORD-002239-1,PO-002239,CUST-01275,2026-05-04,9101.28,OPEN
ORD-002239-2,PO-002239,CUST-00239,2026-05-01,12135.04,OPEN
ORD-002239-3,PO-002239,CUST-01356,2026-05-05,36405.13,OPEN
ORD-002240-1,PO-002240,CUST-01564,2026-07-17,55496.14,OPEN
ORD-002241-1,PO-002241,CUST-00773,2026-04-09,15605.41,OPEN
ORD-002241-2,PO-002241,CUST-00287,2026-04-09,10403.61,OPEN
ORD-002242-1,PO-002242,CUST-01026,2026-07-13,29481.79,OPEN
ORD-002243-1,PO-002243,CUST-01217,2026-01-09,58133.33,OPEN
ORD-002244-1,PO-002244,CUST-01045,2026-02-18,8275.34,OPEN
ORD-002244-2,PO-002244,CUST-01021,2026-02-17,4137.67,OPEN
ORD-002244-3,PO-002244,CUST-00220,2026-02-19,5516.89,OPEN
ORD-002245-1,PO-002245,CUST-01480,2026-08-26,12873.4,OPEN
ORD-002246-1,PO-002246,CUST-02200,2026-05-07,57688.68,OPEN
ORD-002246-2,PO-002246,CUST-02424,2026-05-07,115377.35,OPEN
ORD-002246-3,PO-002246,CUST-00339,2026-05-03,38459.12,OPEN
ORD-002247-1,PO-002247,CUST-01223,2026-07-17,35392.31,OPEN
ORD-002247-2,PO-002247,CUST-00976,2026-07-16,53088.47,OPEN
ORD-002247-3,PO-002247,CUST-00298,2026-07-11,35392.31,OPEN
ORD-002248-1,PO-002248,CUST-01353,2026-08-21,43963.05,OPEN
ORD-002248-2,PO-002248,CUST-02057,2026-08-13,131889.14,OPEN
ORD-002248-3,PO-002248,CUST-00185,2026-08-20,43963.05,OPEN
ORD-002248-4,PO-002248,CUST-00179,2026-08-19,32972.29,OPEN
ORD-002249-1,PO-002249,CUST-00235,2026-04-21,73768.84,OPEN
ORD-002250-1,PO-002250,CUST-01735,2026-05-02,24263.96,OPEN
ORD-002250-2,PO-002250,CUST-00401,2026-04-30,18197.97,OPEN
ORD-002250-3,PO-002250,CUST-02407,2026-04-29,18197.97,OPEN
ORD-002250-4,PO-002250,CUST-01579,2026-05-09,72791.89,OPEN
ORD-002251-1,PO-002251,CUST-02060,2026-08-14,13517.15,OPEN
ORD-002251-2,PO-002251,CUST-02007,2026-08-06,6758.57,OPEN
ORD-002251-3,PO-002251,CUST-01455,2026-08-09,27034.3,OPEN
ORD-002252-1,PO-002252,CUST-00450,2026-05-19,35090.69,OPEN
ORD-002252-2,PO-002252,CUST-01706,2026-05-19,35090.69,OPEN
ORD-002252-3,PO-002252,CUST-00177,2026-05-20,46787.59,OPEN
ORD-002253-1,PO-002253,CUST-01285,2026-04-19,12669.06,OPEN
ORD-002253-2,PO-002253,CUST-00898,2026-04-11,38007.18,OPEN
ORD-002253-3,PO-002253,CUST-00770,2026-04-15,9501.8,OPEN
ORD-002254-1,PO-002254,CUST-00276,2026-09-02,2914.66,OPEN
ORD-002254-2,PO-002254,CUST-01760,2026-08-28,5829.31,OPEN
ORD-002254-3,PO-002254,CUST-02375,2026-08-31,2914.66,OPEN
ORD-002255-1,PO-002255,CUST-02342,2026-05-30,113172.81,OPEN
ORD-002255-2,PO-002255,CUST-00664,2026-05-27,37724.27,OPEN
ORD-002255-3,PO-002255,CUST-01593,2026-05-31,56586.4,OPEN
ORD-002255-4,PO-002255,CUST-02308,2026-05-29,37724.27,OPEN
ORD-002256-1,PO-002256,CUST-01661,2026-02-11,11880.52,OPEN
ORD-002256-2,PO-002256,CUST-01600,2026-02-05,8910.39,OPEN
ORD-002257-1,PO-002257,CUST-02147,2026-06-03,123911.55,OPEN
ORD-002257-2,PO-002257,CUST-00019,2026-05-30,30977.89,OPEN
ORD-002258-1,PO-002258,CUST-01446,2026-01-11,31138.79,OPEN
ORD-002258-2,PO-002258,CUST-01186,2026-01-09,15569.4,OPEN
ORD-002258-3,PO-002258,CUST-00266,2026-01-12,20759.2,OPEN
ORD-002258-4,PO-002258,CUST-00890,2026-01-04,62277.59,OPEN
ORD-002259-1,PO-002259,CUST-01821,2026-01-13,16545.62,OPEN
ORD-002259-2,PO-002259,CUST-00522,2026-01-08,11030.41,OPEN
ORD-002259-3,PO-002259,CUST-00332,2026-01-10,8272.81,OPEN
ORD-002260-1,PO-002260,CUST-02071,2026-01-14,48272.86,OPEN
ORD-002260-2,PO-002260,CUST-02303,2026-01-06,144818.59,OPEN
ORD-002260-3,PO-002260,CUST-00422,2026-01-14,144818.59,OPEN
ORD-002260-4,PO-002260,CUST-01912,2026-01-12,144818.59,OPEN
ORD-002261-1,PO-002261,CUST-01245,2026-06-16,14750.1,OPEN
ORD-002261-2,PO-002261,CUST-01009,2026-06-21,59000.39,OPEN
ORD-002261-3,PO-002261,CUST-01378,2026-06-18,19666.8,OPEN
ORD-002261-4,PO-002261,CUST-00202,2026-06-16,14750.1,OPEN
ORD-002262-1,PO-002262,CUST-00811,2026-01-11,41658.05,OPEN
ORD-002262-2,PO-002262,CUST-00637,2026-01-18,62487.07,OPEN
ORD-002262-3,PO-002262,CUST-01836,2026-01-13,62487.07,OPEN
ORD-002263-1,PO-002263,CUST-01513,2026-08-04,15172.48,OPEN
ORD-002264-1,PO-002264,CUST-01164,2026-05-02,59279.06,OPEN
ORD-002264-2,PO-002264,CUST-02051,2026-05-05,118558.11,OPEN
ORD-002264-3,PO-002264,CUST-02080,2026-05-06,59279.06,OPEN
ORD-002264-4,PO-002264,CUST-01344,2026-04-27,118558.11,OPEN
ORD-002265-1,PO-002265,CUST-00348,2026-04-27,18687.36,OPEN
ORD-002266-1,PO-002266,CUST-00445,2026-08-05,13070.91,OPEN
ORD-002266-2,PO-002266,CUST-02309,2026-08-13,17427.88,OPEN
ORD-002267-1,PO-002267,CUST-01311,2026-05-28,15361.91,OPEN
ORD-002267-2,PO-002267,CUST-00315,2026-05-31,11521.43,OPEN
ORD-002267-3,PO-002267,CUST-01406,2026-06-02,11521.43,OPEN
ORD-002268-1,PO-002268,CUST-01640,2026-07-10,44757.18,OPEN
ORD-002268-2,PO-002268,CUST-00581,2026-07-09,67135.76,OPEN
ORD-002268-3,PO-002268,CUST-02422,2026-07-11,44757.18,OPEN
ORD-002269-1,PO-002269,CUST-00126,2026-08-27,4498.71,OPEN
ORD-002270-1,PO-002270,CUST-01796,2026-06-29,34846.22,OPEN
ORD-002270-2,PO-002270,CUST-00120,2026-07-01,17423.11,OPEN
ORD-002270-3,PO-002270,CUST-00274,2026-06-29,34846.22,OPEN
ORD-002270-4,PO-002270,CUST-01623,2026-06-30,8711.56,OPEN
ORD-002271-1,PO-002271,CUST-01025,2026-02-14,47222.2,OPEN
ORD-002271-2,PO-002271,CUST-01723,2026-02-17,47222.2,OPEN
ORD-002271-3,PO-002271,CUST-02373,2026-02-18,141666.59,OPEN
ORD-002271-4,PO-002271,CUST-01336,2026-02-16,35416.65,OPEN
ORD-002272-1,PO-002272,CUST-01602,2026-06-05,20500.58,OPEN
ORD-002273-1,PO-002273,CUST-02252,2026-01-24,14793.57,OPEN
ORD-002273-2,PO-002273,CUST-00206,2026-01-27,29587.14,OPEN
ORD-002273-3,PO-002273,CUST-02187,2026-01-28,14793.57,OPEN
ORD-002274-1,PO-002274,CUST-01731,2026-04-04,16122.81,OPEN
ORD-002274-2,PO-002274,CUST-02029,2026-03-31,10748.54,OPEN
ORD-002275-1,PO-002275,CUST-01204,2026-05-25,49502.99,OPEN
ORD-002275-2,PO-002275,CUST-00054,2026-05-30,12375.75,OPEN
ORD-002275-3,PO-002275,CUST-00144,2026-05-26,49502.99,OPEN
ORD-002276-1,PO-002276,CUST-01000,2026-03-14,19725.67,OPEN
ORD-002276-2,PO-002276,CUST-02272,2026-03-10,59177.0,OPEN
ORD-002276-3,PO-002276,CUST-00440,2026-03-08,29588.5,OPEN
ORD-002277-1,PO-002277,CUST-00055,2026-05-09,5309.35,OPEN
ORD-002277-2,PO-002277,CUST-00718,2026-05-10,3539.56,OPEN
ORD-002278-1,PO-002278,CUST-00059,2026-08-25,29215.74,OPEN
ORD-002278-2,PO-002278,CUST-00259,2026-08-22,29215.74,OPEN
ORD-002279-1,PO-002279,CUST-02285,2026-06-11,46957.94,OPEN
ORD-002279-2,PO-002279,CUST-01918,2026-06-19,23478.97,OPEN
ORD-002280-1,PO-002280,CUST-00069,2026-08-04,8405.05,OPEN
ORD-002281-1,PO-002281,CUST-00088,2026-05-25,16535.6,OPEN
ORD-002281-2,PO-002281,CUST-01669,2026-05-29,16535.6,OPEN
ORD-002281-3,PO-002281,CUST-01834,2026-05-30,16535.6,OPEN
ORD-002282-1,PO-002282,CUST-00502,2026-07-12,14397.74,OPEN
ORD-002282-2,PO-002282,CUST-02257,2026-07-20,57590.95,OPEN
ORD-002283-1,PO-002283,CUST-00232,2026-08-08,32533.68,OPEN
ORD-002283-2,PO-002283,CUST-01853,2026-08-07,32533.68,OPEN
ORD-002283-3,PO-002283,CUST-02289,2026-08-09,65067.36,OPEN
ORD-002283-4,PO-002283,CUST-00933,2026-08-02,130134.73,OPEN
ORD-002284-1,PO-002284,CUST-00976,2026-03-28,60336.07,OPEN
ORD-002285-1,PO-002285,CUST-01091,2026-01-05,28510.84,OPEN
ORD-002285-2,PO-002285,CUST-01549,2026-01-14,28510.84,OPEN
ORD-002285-3,PO-002285,CUST-00776,2026-01-11,57021.68,OPEN
ORD-002285-4,PO-002285,CUST-01953,2026-01-13,14255.42,OPEN
ORD-002286-1,PO-002286,CUST-01231,2026-03-27,8679.37,OPEN
ORD-002286-2,PO-002286,CUST-01324,2026-03-30,17358.74,OPEN
ORD-002287-1,PO-002287,CUST-01289,2026-07-02,17319.03,OPEN
ORD-002288-1,PO-002288,CUST-01753,2026-07-26,8804.35,OPEN
ORD-002289-1,PO-002289,CUST-02065,2026-06-25,27778.13,OPEN
ORD-002290-1,PO-002290,CUST-02086,2026-03-15,21790.24,OPEN
ORD-002290-2,PO-002290,CUST-01410,2026-03-11,21790.24,OPEN
ORD-002291-1,PO-002291,CUST-00567,2026-08-11,10460.68,OPEN
ORD-002291-2,PO-002291,CUST-01389,2026-08-14,31382.03,OPEN
ORD-002292-1,PO-002292,CUST-00830,2026-07-07,70841.07,OPEN
ORD-002292-2,PO-002292,CUST-01901,2026-07-14,35420.54,OPEN
ORD-002292-3,PO-002292,CUST-00659,2026-07-05,17710.27,OPEN
ORD-002292-4,PO-002292,CUST-02376,2026-07-14,17710.27,OPEN
ORD-002293-1,PO-002293,CUST-02280,2026-07-05,60456.1,OPEN
ORD-002293-2,PO-002293,CUST-00760,2026-07-12,30228.05,OPEN
ORD-002293-3,PO-002293,CUST-00504,2026-07-06,60456.1,OPEN
ORD-002293-4,PO-002293,CUST-00370,2026-07-07,40304.07,OPEN
ORD-002294-1,PO-002294,CUST-00986,2026-03-01,7118.31,OPEN
ORD-002294-2,PO-002294,CUST-02056,2026-03-03,21354.94,OPEN
ORD-002294-3,PO-002294,CUST-01140,2026-03-04,7118.31,OPEN
ORD-002294-4,PO-002294,CUST-01304,2026-03-08,10677.47,OPEN
ORD-002295-1,PO-002295,CUST-01648,2026-01-25,13187.06,OPEN
ORD-002296-1,PO-002296,CUST-00038,2026-05-15,7674.69,OPEN
ORD-002296-2,PO-002296,CUST-01476,2026-05-19,5756.02,OPEN
ORD-002297-1,PO-002297,CUST-02149,2026-06-22,21322.62,OPEN
ORD-002297-2,PO-002297,CUST-02197,2026-06-25,5330.65,OPEN
ORD-002298-1,PO-002298,CUST-02362,2026-03-21,66018.97,OPEN
ORD-002298-2,PO-002298,CUST-00726,2026-03-26,16504.74,OPEN
ORD-002299-1,PO-002299,CUST-01625,2026-04-15,70291.19,OPEN
ORD-002299-2,PO-002299,CUST-01587,2026-04-12,23430.4,OPEN
ORD-002299-3,PO-002299,CUST-01615,2026-04-19,35145.6,OPEN
ORD-002299-4,PO-002299,CUST-00850,2026-04-12,35145.6,OPEN
ORD-002300-1,PO-002300,CUST-00370,2026-05-16,123893.02,OPEN
ORD-002300-2,PO-002300,CUST-00142,2026-05-16,61946.51,OPEN
ORD-002300-3,PO-002300,CUST-01591,2026-05-12,123893.02,OPEN
ORD-002300-4,PO-002300,CUST-00733,2026-05-18,30973.26,OPEN
ORD-002301-1,PO-002301,CUST-01859,2026-08-03,16021.33,OPEN
ORD-002301-2,PO-002301,CUST-02355,2026-08-05,24031.99,OPEN
ORD-002301-3,PO-002301,CUST-02095,2026-08-04,48063.99,OPEN
ORD-002302-1,PO-002302,CUST-00749,2026-01-20,57706.14,OPEN
ORD-002303-1,PO-002303,CUST-00817,2026-06-05,1043.11,OPEN
ORD-002303-2,PO-002303,CUST-00550,2026-06-02,782.33,OPEN
ORD-002303-3,PO-002303,CUST-01706,2026-06-02,3129.33,OPEN
ORD-002303-4,PO-002303,CUST-01309,2026-06-09,1043.11,OPEN
ORD-002304-1,PO-002304,CUST-00627,2026-08-23,3961.62,OPEN
ORD-002305-1,PO-002305,CUST-00278,2026-04-06,40278.48,OPEN
ORD-002306-1,PO-002306,CUST-00105,2026-07-15,13072.34,OPEN
ORD-002307-1,PO-002307,CUST-00816,2026-04-25,33476.86,OPEN
ORD-002307-2,PO-002307,CUST-01865,2026-04-23,22317.91,OPEN
ORD-002307-3,PO-002307,CUST-00271,2026-04-27,22317.91,OPEN
ORD-002308-1,PO-002308,CUST-02080,2026-03-16,56592.29,OPEN
ORD-002308-2,PO-002308,CUST-00742,2026-03-17,37728.19,OPEN
ORD-002309-1,PO-002309,CUST-00493,2026-02-13,17044.07,OPEN
ORD-002309-2,PO-002309,CUST-00681,2026-02-14,4261.02,OPEN
ORD-002309-3,PO-002309,CUST-01955,2026-02-10,17044.07,OPEN
ORD-002309-4,PO-002309,CUST-02459,2026-02-07,5681.36,OPEN
ORD-002310-1,PO-002310,CUST-01993,2026-03-03,4299.73,OPEN
ORD-002310-2,PO-002310,CUST-00982,2026-03-09,4299.73,OPEN
ORD-002310-3,PO-002310,CUST-01212,2026-03-11,2866.48,OPEN
ORD-002311-1,PO-002311,CUST-02149,2026-04-09,12968.39,OPEN
ORD-002311-2,PO-002311,CUST-02142,2026-04-04,38905.16,OPEN
ORD-002312-1,PO-002312,CUST-02111,2026-03-24,83715.45,OPEN
ORD-002312-2,PO-002312,CUST-01116,2026-03-20,83715.45,OPEN
ORD-002313-1,PO-002313,CUST-00866,2026-06-20,8159.12,OPEN
ORD-002313-2,PO-002313,CUST-00244,2026-06-21,16318.24,OPEN
ORD-002313-3,PO-002313,CUST-01184,2026-06-26,5439.41,OPEN
ORD-002314-1,PO-002314,CUST-01030,2026-05-27,4132.4,OPEN
ORD-002314-2,PO-002314,CUST-01050,2026-05-26,8264.81,OPEN
ORD-002314-3,PO-002314,CUST-02171,2026-06-03,5509.87,OPEN
ORD-002314-4,PO-002314,CUST-00853,2026-06-05,4132.4,OPEN
ORD-002315-1,PO-002315,CUST-00898,2026-06-10,28532.46,OPEN
ORD-002316-1,PO-002316,CUST-00028,2026-07-17,22090.79,OPEN
ORD-002316-2,PO-002316,CUST-00791,2026-07-24,44181.58,OPEN
ORD-002316-3,PO-002316,CUST-02053,2026-07-25,22090.79,OPEN
ORD-002317-1,PO-002317,CUST-02380,2026-07-26,40127.51,OPEN
ORD-002318-1,PO-002318,CUST-00543,2026-01-12,6980.5,OPEN
ORD-002318-2,PO-002318,CUST-02290,2026-01-11,6980.5,OPEN
ORD-002318-3,PO-002318,CUST-01751,2026-01-15,20941.49,OPEN
ORD-002318-4,PO-002318,CUST-01884,2026-01-12,20941.49,OPEN
ORD-002319-1,PO-002319,CUST-02498,2026-03-09,25538.15,OPEN
ORD-002319-2,PO-002319,CUST-00047,2026-03-14,25538.15,OPEN
ORD-002319-3,PO-002319,CUST-02456,2026-03-10,25538.15,OPEN
ORD-002319-4,PO-002319,CUST-02138,2026-03-11,51076.3,OPEN
ORD-002320-1,PO-002320,CUST-00381,2026-02-20,90213.17,OPEN
ORD-002320-2,PO-002320,CUST-01248,2026-02-25,22553.29,OPEN
ORD-002321-1,PO-002321,CUST-02411,2026-02-21,33652.79,OPEN
ORD-002321-2,PO-002321,CUST-01880,2026-03-02,25239.59,OPEN
ORD-002321-3,PO-002321,CUST-01494,2026-03-02,33652.79,OPEN
ORD-002321-4,PO-002321,CUST-01847,2026-03-02,25239.59,OPEN
ORD-002322-1,PO-002322,CUST-01926,2026-07-19,46484.93,OPEN
ORD-002322-2,PO-002322,CUST-00210,2026-07-27,139454.79,OPEN
ORD-002322-3,PO-002322,CUST-02036,2026-07-23,139454.79,OPEN
ORD-002323-1,PO-002323,CUST-01860,2026-08-17,8144.81,OPEN
ORD-002323-2,PO-002323,CUST-01586,2026-08-25,32579.26,OPEN
ORD-002324-1,PO-002324,CUST-01081,2026-03-02,61821.93,OPEN
ORD-002325-1,PO-002325,CUST-01955,2026-05-02,46663.39,OPEN
ORD-002325-2,PO-002325,CUST-02267,2026-05-04,139990.17,OPEN
ORD-002326-1,PO-002326,CUST-01058,2026-02-22,63749.84,OPEN
ORD-002326-2,PO-002326,CUST-00106,2026-02-13,31874.92,OPEN
ORD-002326-3,PO-002326,CUST-01425,2026-02-16,127499.68,OPEN
ORD-002327-1,PO-002327,CUST-00879,2026-08-13,18500.84,OPEN
ORD-002327-2,PO-002327,CUST-02170,2026-08-16,55502.52,OPEN
ORD-002328-1,PO-002328,CUST-01046,2026-05-16,1252.96,OPEN
ORD-002328-2,PO-002328,CUST-00010,2026-05-11,1252.96,OPEN
ORD-002328-3,PO-002328,CUST-01821,2026-05-11,3758.89,OPEN
ORD-002328-4,PO-002328,CUST-00977,2026-05-07,1879.44,OPEN
ORD-002329-1,PO-002329,CUST-00651,2026-03-30,36341.05,OPEN
ORD-002329-2,PO-002329,CUST-00723,2026-03-29,72682.1,OPEN
ORD-002329-3,PO-002329,CUST-01252,2026-03-29,48454.73,OPEN
ORD-002329-4,PO-002329,CUST-01060,2026-03-24,48454.73,OPEN
ORD-002330-1,PO-002330,CUST-01671,2026-08-21,32409.33,OPEN
ORD-002330-2,PO-002330,CUST-01501,2026-08-22,32409.33,OPEN
ORD-002330-3,PO-002330,CUST-01984,2026-08-26,64818.67,OPEN
ORD-002330-4,PO-002330,CUST-02405,2026-08-23,64818.67,OPEN
ORD-002331-1,PO-002331,CUST-00799,2026-07-24,21603.19,OPEN
ORD-002331-2,PO-002331,CUST-01948,2026-07-23,64809.56,OPEN
ORD-002331-3,PO-002331,CUST-00251,2026-07-23,21603.19,OPEN
ORD-002331-4,PO-002331,CUST-00192,2026-07-29,64809.56,OPEN
ORD-002332-1,PO-002332,CUST-01968,2026-04-20,51235.28,OPEN
ORD-002332-2,PO-002332,CUST-01835,2026-04-16,51235.28,OPEN
ORD-002332-3,PO-002332,CUST-01762,2026-04-16,25617.64,OPEN
ORD-002332-4,PO-002332,CUST-01211,2026-04-15,25617.64,OPEN
ORD-002333-1,PO-002333,CUST-01892,2026-07-03,11117.34,OPEN
ORD-002334-1,PO-002334,CUST-01010,2026-08-11,44210.72,OPEN
ORD-002334-2,PO-002334,CUST-02354,2026-08-16,66316.08,OPEN
ORD-002335-1,PO-002335,CUST-00222,2026-04-23,10317.5,OPEN
ORD-002335-2,PO-002335,CUST-00184,2026-04-25,20635.01,OPEN
ORD-002336-1,PO-002336,CUST-00757,2026-04-16,104208.85,OPEN
ORD-002336-2,PO-002336,CUST-00121,2026-04-14,34736.28,OPEN
ORD-002336-3,PO-002336,CUST-00384,2026-04-18,52104.43,OPEN
ORD-002337-1,PO-002337,CUST-01663,2026-08-04,30546.04,OPEN
ORD-002337-2,PO-002337,CUST-01329,2026-08-07,122184.18,OPEN
ORD-002337-3,PO-002337,CUST-00467,2026-08-01,61092.09,OPEN
ORD-002337-4,PO-002337,CUST-00907,2026-08-06,40728.06,OPEN
ORD-002338-1,PO-002338,CUST-01498,2026-05-17,111939.41,OPEN
ORD-002338-2,PO-002338,CUST-01364,2026-05-12,111939.41,OPEN
ORD-002338-3,PO-002338,CUST-00916,2026-05-11,111939.41,OPEN
ORD-002338-4,PO-002338,CUST-01215,2026-05-17,27984.85,OPEN
ORD-002339-1,PO-002339,CUST-00046,2026-02-04,15402.48,OPEN
ORD-002340-1,PO-002340,CUST-02178,2026-05-08,438.9,OPEN
ORD-002340-2,PO-002340,CUST-00519,2026-05-12,1755.62,OPEN
ORD-002340-3,PO-002340,CUST-00710,2026-05-18,438.9,OPEN
ORD-002341-1,PO-002341,CUST-01569,2026-08-12,60175.62,OPEN
ORD-002341-2,PO-002341,CUST-00258,2026-08-17,20058.54,OPEN
ORD-002341-3,PO-002341,CUST-01488,2026-08-19,15043.91,OPEN
ORD-002341-4,PO-002341,CUST-02134,2026-08-15,15043.91,OPEN
ORD-002342-1,PO-002342,CUST-01029,2026-01-21,41783.03,OPEN
ORD-002342-2,PO-002342,CUST-00271,2026-01-28,125349.09,OPEN
ORD-002342-3,PO-002342,CUST-00459,2026-01-24,62674.54,OPEN
ORD-002342-4,PO-002342,CUST-01625,2026-01-24,125349.09,OPEN
ORD-002343-1,PO-002343,CUST-00579,2026-02-11,70403.51,OPEN
ORD-002343-2,PO-002343,CUST-02090,2026-02-15,140807.01,OPEN
ORD-002343-3,PO-002343,CUST-02163,2026-02-09,46935.67,OPEN
ORD-002344-1,PO-002344,CUST-01009,2026-01-27,30835.27,OPEN
ORD-002345-1,PO-002345,CUST-00034,2026-08-03,10398.05,OPEN
ORD-002346-1,PO-002346,CUST-02239,2026-04-03,77490.27,OPEN
ORD-002346-2,PO-002346,CUST-00888,2026-03-24,38745.14,OPEN
ORD-002346-3,PO-002346,CUST-02265,2026-03-29,77490.27,OPEN
ORD-002347-1,PO-002347,CUST-02423,2026-04-07,14202.48,OPEN
ORD-002347-2,PO-002347,CUST-00433,2026-04-07,28404.96,OPEN
ORD-002347-3,PO-002347,CUST-01700,2026-03-29,14202.48,OPEN
ORD-002348-1,PO-002348,CUST-01836,2026-08-20,5248.99,OPEN
ORD-002348-2,PO-002348,CUST-00611,2026-08-18,20995.96,OPEN
ORD-002349-1,PO-002349,CUST-02396,2026-04-16,38903.4,OPEN
ORD-002349-2,PO-002349,CUST-00706,2026-04-21,116710.19,OPEN
ORD-002349-3,PO-002349,CUST-00002,2026-04-21,58355.1,OPEN
ORD-002349-4,PO-002349,CUST-01773,2026-04-13,38903.4,OPEN
ORD-002350-1,PO-002350,CUST-02012,2026-05-13,35819.12,OPEN
ORD-002350-2,PO-002350,CUST-01170,2026-05-10,107457.37,OPEN
ORD-002350-3,PO-002350,CUST-01242,2026-05-12,107457.37,OPEN
ORD-002350-4,PO-002350,CUST-01191,2026-05-16,26864.34,OPEN
ORD-002351-1,PO-002351,CUST-00779,2026-04-10,2133.32,OPEN
ORD-002351-2,PO-002351,CUST-01933,2026-04-04,6399.97,OPEN
ORD-002352-1,PO-002352,CUST-02329,2026-04-10,19286.82,OPEN
ORD-002352-2,PO-002352,CUST-01314,2026-04-16,12857.88,OPEN
ORD-002352-3,PO-002352,CUST-01323,2026-04-10,38573.64,OPEN
ORD-002352-4,PO-002352,CUST-01280,2026-04-18,19286.82,OPEN
ORD-002353-1,PO-002353,CUST-02110,2026-03-21,23801.66,OPEN
ORD-002353-2,PO-002353,CUST-02415,2026-03-20,95206.64,OPEN
ORD-002354-1,PO-002354,CUST-00582,2026-04-11,14360.78,OPEN
ORD-002354-2,PO-002354,CUST-00984,2026-04-08,28721.56,OPEN
ORD-002355-1,PO-002355,CUST-02181,2026-07-30,26515.57,OPEN
ORD-002355-2,PO-002355,CUST-01390,2026-08-04,8838.52,OPEN
ORD-002356-1,PO-002356,CUST-02037,2026-02-12,33952.56,OPEN
ORD-002357-1,PO-002357,CUST-01096,2026-05-31,14927.33,OPEN
ORD-002357-2,PO-002357,CUST-01137,2026-05-30,22390.99,OPEN
ORD-002358-1,PO-002358,CUST-02166,2026-06-12,11446.9,OPEN
ORD-002358-2,PO-002358,CUST-01739,2026-06-16,11446.9,OPEN
ORD-002359-1,PO-002359,CUST-00252,2026-05-02,72569.52,OPEN
ORD-002360-1,PO-002360,CUST-00348,2026-05-17,37923.26,OPEN
ORD-002360-2,PO-002360,CUST-01949,2026-05-18,9480.82,OPEN
ORD-002361-1,PO-002361,CUST-00868,2026-02-20,43346.34,OPEN
ORD-002361-2,PO-002361,CUST-00549,2026-02-27,65019.51,OPEN
ORD-002362-1,PO-002362,CUST-01484,2026-05-10,22642.1,OPEN
ORD-002362-2,PO-002362,CUST-00437,2026-05-03,33963.15,OPEN
ORD-002362-3,PO-002362,CUST-00765,2026-05-11,22642.1,OPEN
ORD-002362-4,PO-002362,CUST-01770,2026-05-07,22642.1,OPEN
ORD-002363-1,PO-002363,CUST-00723,2026-02-26,26640.37,OPEN
ORD-002363-2,PO-002363,CUST-02408,2026-02-25,26640.37,OPEN
ORD-002363-3,PO-002363,CUST-01832,2026-02-23,26640.37,OPEN
ORD-002363-4,PO-002363,CUST-02416,2026-02-24,39960.55,OPEN
ORD-002364-1,PO-002364,CUST-01669,2026-02-08,32319.83,OPEN
ORD-002364-2,PO-002364,CUST-02426,2026-02-13,24239.88,OPEN
ORD-002365-1,PO-002365,CUST-00322,2026-06-18,17028.06,OPEN
ORD-002365-2,PO-002365,CUST-01344,2026-06-20,22704.09,OPEN
ORD-002365-3,PO-002365,CUST-02295,2026-06-16,68112.26,OPEN
ORD-002365-4,PO-002365,CUST-01361,2026-06-17,34056.13,OPEN
ORD-002366-1,PO-002366,CUST-00806,2026-04-30,8114.44,OPEN
ORD-002366-2,PO-002366,CUST-01197,2026-05-04,10819.25,OPEN
ORD-002366-3,PO-002366,CUST-02336,2026-05-05,8114.44,OPEN
ORD-002366-4,PO-002366,CUST-00554,2026-05-06,16228.87,OPEN
ORD-002367-1,PO-002367,CUST-01705,2026-01-08,29613.66,OPEN
ORD-002367-2,PO-002367,CUST-01310,2026-01-12,59227.32,OPEN
ORD-002367-3,PO-002367,CUST-02401,2026-01-13,39484.88,OPEN
ORD-002368-1,PO-002368,CUST-02095,2026-06-04,105043.08,OPEN
ORD-002369-1,PO-002369,CUST-00642,2026-06-13,47013.54,OPEN
ORD-002369-2,PO-002369,CUST-02414,2026-06-18,47013.54,OPEN
ORD-002369-3,PO-002369,CUST-01219,2026-06-16,70520.3,OPEN
ORD-002369-4,PO-002369,CUST-00471,2026-06-11,47013.54,OPEN
ORD-002370-1,PO-002370,CUST-01049,2026-02-19,55784.93,OPEN
ORD-002370-2,PO-002370,CUST-01770,2026-02-14,55784.93,OPEN
ORD-002371-1,PO-002371,CUST-01590,2026-06-28,36433.61,OPEN
ORD-002371-2,PO-002371,CUST-00197,2026-07-01,24289.07,OPEN
ORD-002372-1,PO-002372,CUST-01927,2026-07-05,97234.84,OPEN
ORD-002373-1,PO-002373,CUST-01972,2026-08-21,76745.69,OPEN
ORD-002374-1,PO-002374,CUST-01882,2026-06-06,114560.35,OPEN
ORD-002374-2,PO-002374,CUST-01509,2026-06-08,57280.18,OPEN
ORD-002374-3,PO-002374,CUST-00207,2026-06-12,57280.18,OPEN
ORD-002374-4,PO-002374,CUST-01585,2026-06-09,57280.18,OPEN
ORD-002375-1,PO-002375,CUST-01312,2026-08-22,27339.92,OPEN
ORD-002375-2,PO-002375,CUST-00227,2026-08-22,54679.85,OPEN
ORD-002375-3,PO-002375,CUST-02439,2026-08-17,27339.92,OPEN
ORD-002375-4,PO-002375,CUST-01701,2026-08-21,18226.62,OPEN
ORD-002376-1,PO-002376,CUST-00440,2026-02-02,19708.03,OPEN
ORD-002376-2,PO-002376,CUST-01368,2026-01-25,9854.01,OPEN
ORD-002376-3,PO-002376,CUST-02377,2026-01-27,19708.03,OPEN
ORD-002376-4,PO-002376,CUST-02479,2026-01-28,39416.06,OPEN
ORD-002377-1,PO-002377,CUST-00595,2026-02-28,37456.54,OPEN
ORD-002377-2,PO-002377,CUST-00317,2026-02-25,49942.05,OPEN
ORD-002377-3,PO-002377,CUST-02091,2026-02-25,37456.54,OPEN
ORD-002377-4,PO-002377,CUST-00371,2026-03-01,149826.16,OPEN
ORD-002378-1,PO-002378,CUST-01495,2026-08-21,34965.56,OPEN
ORD-002378-2,PO-002378,CUST-02440,2026-08-22,69931.11,OPEN
ORD-002379-1,PO-002379,CUST-02117,2026-04-28,23130.41,OPEN
ORD-002379-2,PO-002379,CUST-00366,2026-04-23,17347.81,OPEN
ORD-002379-3,PO-002379,CUST-02495,2026-05-02,17347.81,OPEN
ORD-002380-1,PO-002380,CUST-02351,2026-06-30,41294.7,OPEN
ORD-002381-1,PO-002381,CUST-01724,2026-03-03,49033.7,OPEN
ORD-002381-2,PO-002381,CUST-01780,2026-02-25,73550.55,OPEN
ORD-002382-1,PO-002382,CUST-02156,2026-04-12,75208.46,OPEN
ORD-002382-2,PO-002382,CUST-00259,2026-04-13,25069.49,OPEN
ORD-002383-1,PO-002383,CUST-00636,2026-07-17,6601.77,OPEN
ORD-002383-2,PO-002383,CUST-02240,2026-07-17,6601.77,OPEN
ORD-002383-3,PO-002383,CUST-01791,2026-07-19,13203.53,OPEN
ORD-002384-1,PO-002384,CUST-00589,2026-07-19,7534.14,OPEN
ORD-002384-2,PO-002384,CUST-00426,2026-07-24,5650.6,OPEN
ORD-002385-1,PO-002385,CUST-02044,2026-03-26,24307.14,OPEN
ORD-002385-2,PO-002385,CUST-01315,2026-03-22,24307.14,OPEN
ORD-002385-3,PO-002385,CUST-02130,2026-03-28,36460.71,OPEN
ORD-002385-4,PO-002385,CUST-02256,2026-03-18,72921.43,OPEN
ORD-002386-1,PO-002386,CUST-00105,2026-09-01,27068.79,OPEN
ORD-002386-2,PO-002386,CUST-00050,2026-09-05,81206.36,OPEN
ORD-002386-3,PO-002386,CUST-00007,2026-08-28,81206.36,OPEN
ORD-002386-4,PO-002386,CUST-01993,2026-09-07,20301.59,OPEN
ORD-002387-1,PO-002387,CUST-01544,2026-03-13,18795.62,OPEN
ORD-002387-2,PO-002387,CUST-01592,2026-03-16,25060.82,OPEN
ORD-002388-1,PO-002388,CUST-00938,2026-03-05,11350.53,OPEN
ORD-002388-2,PO-002388,CUST-00640,2026-03-10,22701.06,OPEN
ORD-002388-3,PO-002388,CUST-00305,2026-03-03,45402.12,OPEN
ORD-002388-4,PO-002388,CUST-01987,2026-03-03,22701.06,OPEN
ORD-002389-1,PO-002389,CUST-00473,2026-03-09,21800.38,OPEN
ORD-002390-1,PO-002390,CUST-00109,2026-08-23,23798.14,OPEN
ORD-002390-2,PO-002390,CUST-00672,2026-08-31,23798.14,OPEN
ORD-002390-3,PO-002390,CUST-02407,2026-08-25,31730.85,OPEN
ORD-002390-4,PO-002390,CUST-01547,2026-08-24,23798.14,OPEN
ORD-002391-1,PO-002391,CUST-00950,2026-06-02,4417.57,OPEN
ORD-002391-2,PO-002391,CUST-01808,2026-06-03,8835.15,OPEN
ORD-002391-3,PO-002391,CUST-02147,2026-06-06,5890.1,OPEN
ORD-002391-4,PO-002391,CUST-01484,2026-06-06,5890.1,OPEN
ORD-002392-1,PO-002392,CUST-00265,2026-07-28,23736.58,OPEN
ORD-002392-2,PO-002392,CUST-00742,2026-08-02,31648.78,OPEN
ORD-002392-3,PO-002392,CUST-01953,2026-07-28,23736.58,OPEN
ORD-002393-1,PO-002393,CUST-02111,2026-06-21,8030.91,OPEN
ORD-002393-2,PO-002393,CUST-00298,2026-06-18,6023.18,OPEN
ORD-002394-1,PO-002394,CUST-00117,2026-03-29,56310.27,OPEN
ORD-002394-2,PO-002394,CUST-01310,2026-04-05,56310.27,OPEN
ORD-002395-1,PO-002395,CUST-01322,2026-04-27,34902.15,OPEN
ORD-002395-2,PO-002395,CUST-01136,2026-04-24,17451.08,OPEN
ORD-002395-3,PO-002395,CUST-00515,2026-04-27,8725.54,OPEN
ORD-002396-1,PO-002396,CUST-00970,2026-02-24,30568.37,OPEN
ORD-002397-1,PO-002397,CUST-02337,2026-08-22,107195.28,OPEN
ORD-002397-2,PO-002397,CUST-00492,2026-08-21,53597.64,OPEN
ORD-002397-3,PO-002397,CUST-02295,2026-08-13,26798.82,OPEN
ORD-002398-1,PO-002398,CUST-01741,2026-05-13,24480.07,OPEN
ORD-002398-2,PO-002398,CUST-01867,2026-05-19,24480.07,OPEN
ORD-002398-3,PO-002398,CUST-01792,2026-05-20,48960.14,OPEN
ORD-002398-4,PO-002398,CUST-02333,2026-05-10,24480.07,OPEN
ORD-002399-1,PO-002399,CUST-01137,2026-09-06,16859.67,OPEN
ORD-002400-1,PO-002400,CUST-00948,2026-06-03,15064.9,OPEN
ORD-002401-1,PO-002401,CUST-01581,2026-04-19,17892.0,OPEN
ORD-002401-2,PO-002401,CUST-00322,2026-04-19,17892.0,OPEN
ORD-002402-1,PO-002402,CUST-00675,2026-02-03,2654.83,OPEN
ORD-002402-2,PO-002402,CUST-02418,2026-02-08,10619.32,OPEN
ORD-002402-3,PO-002402,CUST-02073,2026-02-10,10619.32,OPEN
ORD-002403-1,PO-002403,CUST-01494,2026-05-15,49734.96,OPEN
ORD-002403-2,PO-002403,CUST-00582,2026-05-12,12433.74,OPEN
ORD-002404-1,PO-002404,CUST-00187,2026-01-10,57764.4,OPEN
ORD-002404-2,PO-002404,CUST-00745,2026-01-15,28882.2,OPEN
ORD-002404-3,PO-002404,CUST-01301,2026-01-17,115528.81,OPEN
ORD-002405-1,PO-002405,CUST-00920,2026-07-28,1566.66,OPEN
ORD-002405-2,PO-002405,CUST-00458,2026-07-28,2349.99,OPEN
ORD-002405-3,PO-002405,CUST-00346,2026-07-22,1566.66,OPEN
ORD-002405-4,PO-002405,CUST-00989,2026-07-21,1175.0,OPEN
ORD-002406-1,PO-002406,CUST-02291,2026-05-25,1445.84,OPEN
ORD-002406-2,PO-002406,CUST-02114,2026-05-28,1445.84,OPEN
ORD-002407-1,PO-002407,CUST-00189,2026-03-02,20147.92,OPEN
ORD-002407-2,PO-002407,CUST-01434,2026-02-27,26863.89,OPEN
ORD-002407-3,PO-002407,CUST-01340,2026-02-27,40295.83,OPEN
ORD-002408-1,PO-002408,CUST-01450,2026-04-02,70772.28,OPEN
ORD-002408-2,PO-002408,CUST-01345,2026-03-23,70772.28,OPEN
ORD-002408-3,PO-002408,CUST-00106,2026-04-02,141544.56,OPEN
ORD-002408-4,PO-002408,CUST-02166,2026-03-28,47181.52,OPEN
ORD-002409-1,PO-002409,CUST-00191,2026-05-15,37912.84,OPEN
ORD-002409-2,PO-002409,CUST-00468,2026-05-07,25275.23,OPEN
ORD-002409-3,PO-002409,CUST-00243,2026-05-06,25275.23,OPEN
ORD-002409-4,PO-002409,CUST-00479,2026-05-14,37912.84,OPEN
ORD-002410-1,PO-002410,CUST-01567,2026-04-25,38365.25,OPEN
ORD-002411-1,PO-002411,CUST-00170,2026-01-05,105841.89,OPEN
ORD-002411-2,PO-002411,CUST-00139,2026-01-13,35280.63,OPEN
ORD-002411-3,PO-002411,CUST-00533,2026-01-14,52920.94,OPEN
ORD-002412-1,PO-002412,CUST-00992,2026-08-16,44609.83,OPEN
ORD-002412-2,PO-002412,CUST-02074,2026-08-22,44609.83,OPEN
ORD-002412-3,PO-002412,CUST-00865,2026-08-22,33457.38,OPEN
ORD-002412-4,PO-002412,CUST-01996,2026-08-18,44609.83,OPEN
ORD-002413-1,PO-002413,CUST-00966,2026-03-25,57898.36,OPEN
ORD-002413-2,PO-002413,CUST-01068,2026-03-29,57898.36,OPEN
ORD-002413-3,PO-002413,CUST-01645,2026-04-04,28949.18,OPEN
ORD-002413-4,PO-002413,CUST-00167,2026-04-04,115796.71,OPEN
ORD-002414-1,PO-002414,CUST-02031,2026-03-04,22239.7,OPEN
ORD-002414-2,PO-002414,CUST-01236,2026-03-01,88958.81,OPEN
ORD-002414-3,PO-002414,CUST-01793,2026-03-02,88958.81,OPEN
ORD-002415-1,PO-002415,CUST-02185,2026-03-01,2872.67,OPEN
ORD-002416-1,PO-002416,CUST-00740,2026-03-09,128760.64,OPEN
ORD-002416-2,PO-002416,CUST-00415,2026-03-05,128760.64,OPEN
ORD-002416-3,PO-002416,CUST-01675,2026-03-05,42920.21,OPEN
ORD-002416-4,PO-002416,CUST-00949,2026-03-05,32190.16,OPEN
ORD-002417-1,PO-002417,CUST-01617,2026-03-04,15886.18,OPEN
ORD-002417-2,PO-002417,CUST-02041,2026-03-07,21181.57,OPEN
ORD-002417-3,PO-002417,CUST-01148,2026-03-02,15886.18,OPEN
ORD-002417-4,PO-002417,CUST-02311,2026-03-06,63544.71,OPEN
ORD-002418-1,PO-002418,CUST-02032,2026-02-01,23401.32,OPEN
ORD-002418-2,PO-002418,CUST-00707,2026-01-31,23401.32,OPEN
ORD-002419-1,PO-002419,CUST-01076,2026-04-25,4530.25,OPEN
ORD-002419-2,PO-002419,CUST-01071,2026-04-27,3397.68,OPEN
ORD-002419-3,PO-002419,CUST-02456,2026-05-05,6795.37,OPEN
ORD-002420-1,PO-002420,CUST-01042,2026-03-14,13403.51,OPEN
ORD-002420-2,PO-002420,CUST-00554,2026-03-14,3350.88,OPEN
ORD-002421-1,PO-002421,CUST-00712,2026-04-26,12452.1,OPEN
ORD-002421-2,PO-002421,CUST-01153,2026-04-24,9339.08,OPEN
ORD-002421-3,PO-002421,CUST-01072,2026-04-28,9339.08,OPEN
ORD-002422-1,PO-002422,CUST-00635,2026-04-25,34740.59,OPEN
ORD-002422-2,PO-002422,CUST-00354,2026-04-27,26055.44,OPEN
ORD-002422-3,PO-002422,CUST-00625,2026-04-24,26055.44,OPEN
ORD-002423-1,PO-002423,CUST-02358,2026-08-30,18870.71,OPEN
ORD-002423-2,PO-002423,CUST-01483,2026-09-02,9435.35,OPEN
ORD-002423-3,PO-002423,CUST-01507,2026-09-03,18870.71,OPEN
ORD-002424-1,PO-002424,CUST-01929,2026-05-18,67879.15,OPEN
ORD-002425-1,PO-002425,CUST-01017,2026-03-01,46374.53,OPEN
ORD-002425-2,PO-002425,CUST-01849,2026-03-01,23187.26,OPEN
ORD-002426-1,PO-002426,CUST-01376,2026-02-06,16899.85,OPEN
ORD-002426-2,PO-002426,CUST-01577,2026-02-03,22533.13,OPEN
ORD-002426-3,PO-002426,CUST-01206,2026-02-12,16899.85,OPEN
ORD-002426-4,PO-002426,CUST-01100,2026-02-11,22533.13,OPEN
ORD-002427-1,PO-002427,CUST-01675,2026-02-23,15713.42,OPEN
ORD-002427-2,PO-002427,CUST-01354,2026-03-02,62853.7,OPEN
ORD-002427-3,PO-002427,CUST-01799,2026-03-03,15713.42,OPEN
ORD-002427-4,PO-002427,CUST-00131,2026-02-24,31426.85,OPEN
ORD-002428-1,PO-002428,CUST-02445,2026-08-26,26779.54,OPEN
ORD-002429-1,PO-002429,CUST-01307,2026-01-14,137313.28,OPEN
ORD-002429-2,PO-002429,CUST-00432,2026-01-19,137313.28,OPEN
ORD-002430-1,PO-002430,CUST-02052,2026-02-11,18902.43,OPEN
ORD-002431-1,PO-002431,CUST-02308,2026-03-01,5629.21,OPEN
ORD-002431-2,PO-002431,CUST-01986,2026-02-20,3752.81,OPEN
ORD-002431-3,PO-002431,CUST-02375,2026-02-20,3752.81,OPEN
ORD-002432-1,PO-002432,CUST-01557,2026-07-20,32116.44,OPEN
ORD-002432-2,PO-002432,CUST-00156,2026-07-22,16058.22,OPEN
ORD-002432-3,PO-002432,CUST-00588,2026-07-28,32116.44,OPEN
ORD-002432-4,PO-002432,CUST-00593,2026-07-26,32116.44,OPEN
ORD-002433-1,PO-002433,CUST-00177,2026-08-14,47921.32,OPEN
ORD-002434-1,PO-002434,CUST-00073,2026-05-23,10929.76,OPEN
ORD-002434-2,PO-002434,CUST-00153,2026-05-25,43719.04,OPEN
ORD-002434-3,PO-002434,CUST-00754,2026-05-23,14573.01,OPEN
ORD-002435-1,PO-002435,CUST-01603,2026-09-04,56438.29,OPEN
ORD-002435-2,PO-002435,CUST-00172,2026-08-28,18812.76,OPEN
ORD-002435-3,PO-002435,CUST-00221,2026-09-03,28219.15,OPEN
ORD-002435-4,PO-002435,CUST-00810,2026-08-28,18812.76,OPEN
ORD-002436-1,PO-002436,CUST-01603,2026-06-04,44700.74,OPEN
ORD-002437-1,PO-002437,CUST-02104,2026-05-11,529.05,OPEN
ORD-002437-2,PO-002437,CUST-00259,2026-05-13,793.58,OPEN
ORD-002437-3,PO-002437,CUST-02183,2026-05-11,793.58,OPEN
ORD-002438-1,PO-002438,CUST-00716,2026-06-04,29452.05,OPEN
ORD-002438-2,PO-002438,CUST-01216,2026-06-02,117808.19,OPEN
ORD-002439-1,PO-002439,CUST-02073,2026-05-09,115742.95,OPEN
ORD-002439-2,PO-002439,CUST-02459,2026-05-10,38580.98,OPEN
ORD-002439-3,PO-002439,CUST-00236,2026-05-14,115742.95,OPEN
ORD-002440-1,PO-002440,CUST-01959,2026-07-21,32280.63,OPEN
ORD-002440-2,PO-002440,CUST-00070,2026-07-22,21520.42,OPEN
ORD-002440-3,PO-002440,CUST-02211,2026-07-20,32280.63,OPEN
ORD-002440-4,PO-002440,CUST-02048,2026-07-12,64561.26,OPEN
ORD-002441-1,PO-002441,CUST-00930,2026-07-08,28648.61,OPEN
ORD-002441-2,PO-002441,CUST-01159,2026-07-15,28648.61,OPEN
ORD-002442-1,PO-002442,CUST-00474,2026-07-30,113725.69,OPEN
ORD-002442-2,PO-002442,CUST-00127,2026-07-30,28431.42,OPEN
ORD-002442-3,PO-002442,CUST-00856,2026-08-05,56862.85,OPEN
ORD-002442-4,PO-002442,CUST-00682,2026-07-26,28431.42,OPEN
ORD-002443-1,PO-002443,CUST-00929,2026-01-26,37114.75,OPEN
ORD-002443-2,PO-002443,CUST-01200,2026-01-26,148459.01,OPEN
ORD-002444-1,PO-002444,CUST-02467,2026-02-03,1666.34,OPEN
ORD-002445-1,PO-002445,CUST-00119,2026-08-25,36967.17,OPEN
ORD-002445-2,PO-002445,CUST-00024,2026-09-02,110901.5,OPEN
ORD-002445-3,PO-002445,CUST-01467,2026-08-31,55450.75,OPEN
ORD-002446-1,PO-002446,CUST-00746,2026-06-06,18559.17,OPEN
ORD-002446-2,PO-002446,CUST-00615,2026-06-06,55677.5,OPEN
ORD-002446-3,PO-002446,CUST-01962,2026-06-11,13919.38,OPEN
ORD-002446-4,PO-002446,CUST-01338,2026-06-09,13919.38,OPEN
ORD-002447-1,PO-002447,CUST-01818,2026-03-24,21844.34,OPEN
ORD-002447-2,PO-002447,CUST-02376,2026-03-27,29125.79,OPEN
ORD-002447-3,PO-002447,CUST-02042,2026-03-24,87377.37,OPEN
ORD-002448-1,PO-002448,CUST-00500,2026-07-04,18662.63,OPEN
ORD-002448-2,PO-002448,CUST-01643,2026-07-09,74650.52,OPEN
ORD-002448-3,PO-002448,CUST-01956,2026-07-05,74650.52,OPEN
ORD-002449-1,PO-002449,CUST-01200,2026-01-25,5235.18,OPEN
ORD-002449-2,PO-002449,CUST-01251,2026-01-28,3490.12,OPEN
ORD-002449-3,PO-002449,CUST-00836,2026-01-27,10470.35,OPEN
ORD-002450-1,PO-002450,CUST-01679,2026-08-27,126312.55,OPEN
ORD-002451-1,PO-002451,CUST-00787,2026-08-27,141617.72,OPEN
ORD-002451-2,PO-002451,CUST-02020,2026-08-21,141617.72,OPEN
ORD-002451-3,PO-002451,CUST-01585,2026-08-27,141617.72,OPEN
ORD-002452-1,PO-002452,CUST-00371,2026-02-02,7988.77,OPEN
ORD-002452-2,PO-002452,CUST-01864,2026-02-09,15977.54,OPEN
ORD-002452-3,PO-002452,CUST-01926,2026-02-02,5325.85,OPEN
ORD-002452-4,PO-002452,CUST-01064,2026-02-04,3994.39,OPEN
ORD-002453-1,PO-002453,CUST-00235,2026-06-22,29075.44,OPEN
ORD-002453-2,PO-002453,CUST-01192,2026-06-28,58150.89,OPEN
ORD-002453-3,PO-002453,CUST-00843,2026-06-26,38767.26,OPEN
ORD-002454-1,PO-002454,CUST-01788,2026-08-07,4688.66,OPEN
ORD-002454-2,PO-002454,CUST-00520,2026-08-11,9377.32,OPEN
ORD-002454-3,PO-002454,CUST-01204,2026-08-13,4688.66,OPEN
ORD-002455-1,PO-002455,CUST-02124,2026-04-19,69062.26,OPEN
ORD-002455-2,PO-002455,CUST-00610,2026-04-20,46041.5,OPEN
ORD-002455-3,PO-002455,CUST-01305,2026-04-25,34531.13,OPEN
ORD-002455-4,PO-002455,CUST-01740,2026-04-26,46041.5,OPEN
ORD-002456-1,PO-002456,CUST-00139,2026-01-26,35502.75,OPEN
ORD-002456-2,PO-002456,CUST-00874,2026-01-27,142010.99,OPEN
ORD-002456-3,PO-002456,CUST-01742,2026-01-29,47337.0,OPEN
ORD-002457-1,PO-002457,CUST-02194,2026-07-23,25674.41,OPEN
ORD-002458-1,PO-002458,CUST-00057,2026-05-04,56139.97,OPEN
ORD-002459-1,PO-002459,CUST-02042,2026-06-19,42956.86,OPEN
ORD-002459-2,PO-002459,CUST-01521,2026-06-16,64435.29,OPEN
ORD-002459-3,PO-002459,CUST-01770,2026-06-19,64435.29,OPEN
ORD-002460-1,PO-002460,CUST-00314,2026-06-25,32136.2,OPEN
ORD-002460-2,PO-002460,CUST-01041,2026-06-25,64272.4,OPEN
ORD-002461-1,PO-002461,CUST-02282,2026-01-14,3212.41,OPEN
ORD-002461-2,PO-002461,CUST-01469,2026-01-09,12849.66,OPEN
ORD-002461-3,PO-002461,CUST-01452,2026-01-05,4283.22,OPEN
ORD-002462-1,PO-002462,CUST-01831,2026-09-01,28597.45,OPEN
ORD-002463-1,PO-002463,CUST-01745,2026-05-14,7919.28,OPEN
ORD-002463-2,PO-002463,CUST-01104,2026-05-11,2639.76,OPEN
ORD-002464-1,PO-002464,CUST-00365,2026-05-18,48544.54,OPEN
ORD-002465-1,PO-002465,CUST-00657,2026-05-06,70257.2,OPEN
ORD-002465-2,PO-002465,CUST-01349,2026-04-29,70257.2,OPEN
ORD-002466-1,PO-002466,CUST-01740,2026-04-05,845.22,OPEN
ORD-002466-2,PO-002466,CUST-00377,2026-03-31,281.74,OPEN
ORD-002466-3,PO-002466,CUST-02026,2026-04-01,211.31,OPEN
ORD-002467-1,PO-002467,CUST-01268,2026-06-18,74038.72,OPEN
ORD-002467-2,PO-002467,CUST-00759,2026-06-16,24679.57,OPEN
ORD-002467-3,PO-002467,CUST-01971,2026-06-25,37019.36,OPEN
ORD-002468-1,PO-002468,CUST-01349,2026-01-22,92833.22,OPEN
ORD-002468-2,PO-002468,CUST-00927,2026-01-27,30944.41,OPEN
ORD-002469-1,PO-002469,CUST-01620,2026-04-11,51759.26,OPEN
ORD-002469-2,PO-002469,CUST-01886,2026-04-09,51759.26,OPEN
ORD-002469-3,PO-002469,CUST-00912,2026-04-09,51759.26,OPEN
ORD-002469-4,PO-002469,CUST-00523,2026-04-08,103518.53,OPEN
ORD-002470-1,PO-002470,CUST-00208,2026-04-03,7999.24,OPEN
ORD-002470-2,PO-002470,CUST-00769,2026-03-31,5332.83,OPEN
ORD-002471-1,PO-002471,CUST-00865,2026-04-15,73082.36,OPEN
ORD-002471-2,PO-002471,CUST-00697,2026-04-16,73082.36,OPEN
ORD-002471-3,PO-002471,CUST-02146,2026-04-21,73082.36,OPEN
ORD-002472-1,PO-002472,CUST-02158,2026-03-02,87922.62,OPEN
ORD-002472-2,PO-002472,CUST-01965,2026-03-02,43961.31,OPEN
ORD-002473-1,PO-002473,CUST-02113,2026-02-04,63925.51,OPEN
ORD-002473-2,PO-002473,CUST-01829,2026-02-07,31962.76,OPEN
ORD-002474-1,PO-002474,CUST-02214,2026-01-29,69424.26,OPEN
ORD-002474-2,PO-002474,CUST-01793,2026-01-27,46282.84,OPEN
ORD-002474-3,PO-002474,CUST-00393,2026-01-28,138848.52,OPEN
ORD-002475-1,PO-002475,CUST-01501,2026-06-23,12635.33,OPEN
ORD-002475-2,PO-002475,CUST-02000,2026-06-21,9476.5,OPEN
ORD-002475-3,PO-002475,CUST-01459,2026-06-26,18953.0,OPEN
ORD-002475-4,PO-002475,CUST-00838,2026-06-29,18953.0,OPEN
ORD-002476-1,PO-002476,CUST-02313,2026-06-30,9542.83,OPEN
ORD-002477-1,PO-002477,CUST-02424,2026-01-22,30248.21,OPEN
ORD-002477-2,PO-002477,CUST-01451,2026-01-20,30248.21,OPEN
ORD-002477-3,PO-002477,CUST-01746,2026-01-16,40330.94,OPEN
ORD-002478-1,PO-002478,CUST-01705,2026-03-03,27913.5,OPEN
ORD-002479-1,PO-002479,CUST-01765,2026-02-25,114949.82,OPEN
ORD-002480-1,PO-002480,CUST-00468,2026-04-04,55831.36,OPEN
ORD-002480-2,PO-002480,CUST-00944,2026-04-07,111662.71,OPEN
ORD-002481-1,PO-002481,CUST-00113,2026-05-09,879.49,OPEN
ORD-002481-2,PO-002481,CUST-00209,2026-05-08,879.49,OPEN
ORD-002481-3,PO-002481,CUST-00185,2026-05-05,879.49,OPEN
ORD-002481-4,PO-002481,CUST-00748,2026-05-01,439.75,OPEN
ORD-002482-1,PO-002482,CUST-01476,2026-02-05,22566.92,OPEN
ORD-002482-2,PO-002482,CUST-00551,2026-02-08,15044.62,OPEN
ORD-002482-3,PO-002482,CUST-00897,2026-02-02,15044.62,OPEN
ORD-002482-4,PO-002482,CUST-00530,2026-02-11,45133.85,OPEN
ORD-002483-1,PO-002483,CUST-00046,2026-06-14,17388.25,OPEN
ORD-002483-2,PO-002483,CUST-02211,2026-06-18,13041.19,OPEN
ORD-002484-1,PO-002484,CUST-01206,2026-04-29,16444.32,OPEN
ORD-002485-1,PO-002485,CUST-01720,2026-01-20,46339.6,OPEN
ORD-002486-1,PO-002486,CUST-00146,2026-01-18,8998.99,OPEN
ORD-002486-2,PO-002486,CUST-00322,2026-01-16,5999.32,OPEN
ORD-002486-3,PO-002486,CUST-01588,2026-01-18,17997.97,OPEN
ORD-002486-4,PO-002486,CUST-01044,2026-01-13,17997.97,OPEN
ORD-002487-1,PO-002487,CUST-00154,2026-05-13,12992.91,OPEN
ORD-002488-1,PO-002488,CUST-01212,2026-03-13,63731.79,OPEN
ORD-002488-2,PO-002488,CUST-00698,2026-03-14,42487.86,OPEN
ORD-002488-3,PO-002488,CUST-02260,2026-03-07,42487.86,OPEN
ORD-002488-4,PO-002488,CUST-01624,2026-03-09,42487.86,OPEN
ORD-002489-1,PO-002489,CUST-00325,2026-04-26,3182.52,OPEN
ORD-002490-1,PO-002490,CUST-00246,2026-06-22,44640.49,OPEN
ORD-002490-2,PO-002490,CUST-02465,2026-06-25,44640.49,OPEN
ORD-002490-3,PO-002490,CUST-01386,2026-06-23,133921.47,OPEN
ORD-002491-1,PO-002491,CUST-01971,2026-07-28,24946.74,OPEN
ORD-002491-2,PO-002491,CUST-00164,2026-07-21,74840.23,OPEN
ORD-002491-3,PO-002491,CUST-00499,2026-07-20,37420.11,OPEN
ORD-002491-4,PO-002491,CUST-00238,2026-07-24,18710.06,OPEN
ORD-002492-1,PO-002492,CUST-02432,2026-01-30,15571.9,OPEN
ORD-002492-2,PO-002492,CUST-01030,2026-01-31,31143.79,OPEN
ORD-002492-3,PO-002492,CUST-00759,2026-01-27,31143.79,OPEN
ORD-002493-1,PO-002493,CUST-01114,2026-08-18,59977.56,OPEN
ORD-002493-2,PO-002493,CUST-02369,2026-08-15,59977.56,OPEN
ORD-002493-3,PO-002493,CUST-01091,2026-08-17,119955.11,OPEN
ORD-002493-4,PO-002493,CUST-00082,2026-08-17,39985.04,OPEN
ORD-002494-1,PO-002494,CUST-01185,2026-04-12,25646.83,OPEN
ORD-002494-2,PO-002494,CUST-01953,2026-04-16,51293.67,OPEN
ORD-002494-3,PO-002494,CUST-01713,2026-04-15,12823.42,OPEN
ORD-002494-4,PO-002494,CUST-01855,2026-04-16,25646.83,OPEN
ORD-002495-1,PO-002495,CUST-02204,2026-03-21,128542.13,OPEN
ORD-002496-1,PO-002496,CUST-01875,2026-08-12,20241.3,OPEN
ORD-002496-2,PO-002496,CUST-00335,2026-08-11,80965.21,OPEN
ORD-002496-3,PO-002496,CUST-01495,2026-08-14,40482.61,OPEN
ORD-002497-1,PO-002497,CUST-02374,2026-02-09,12926.37,OPEN
ORD-002498-1,PO-002498,CUST-00108,2026-04-27,112927.71,OPEN
ORD-002498-2,PO-002498,CUST-00871,2026-04-28,28231.93,OPEN
ORD-002498-3,PO-002498,CUST-01987,2026-04-28,28231.93,OPEN
ORD-002499-1,PO-002499,CUST-01456,2026-07-24,67077.25,OPEN
ORD-002500-1,PO-002500,CUST-01156,2026-02-09,48468.29,OPEN
ORD-002501-1,PO-002501,CUST-01517,2026-06-18,62346.6,OPEN
ORD-002501-2,PO-002501,CUST-01095,2026-06-20,41564.4,OPEN
ORD-002501-3,PO-002501,CUST-01379,2026-06-17,41564.4,OPEN
ORD-002501-4,PO-002501,CUST-01599,2026-06-23,31173.3,OPEN
ORD-002502-1,PO-002502,CUST-00109,2026-07-31,17023.49,OPEN
ORD-002502-2,PO-002502,CUST-01841,2026-08-03,51070.47,OPEN
ORD-002503-1,PO-002503,CUST-02079,2026-02-09,26477.28,OPEN
ORD-002503-2,PO-002503,CUST-00646,2026-02-03,26477.28,OPEN
ORD-002503-3,PO-002503,CUST-00962,2026-02-09,79431.85,OPEN
ORD-002503-4,PO-002503,CUST-00768,2026-02-12,79431.85,OPEN
ORD-002504-1,PO-002504,CUST-00232,2026-03-14,81373.13,OPEN
ORD-002504-2,PO-002504,CUST-01771,2026-03-15,81373.13,OPEN
ORD-002505-1,PO-002505,CUST-00435,2026-08-15,29312.23,OPEN
ORD-002505-2,PO-002505,CUST-02402,2026-08-20,117248.92,OPEN
ORD-002506-1,PO-002506,CUST-01411,2026-06-03,25192.05,OPEN
ORD-002506-2,PO-002506,CUST-01429,2026-06-04,50384.1,OPEN
ORD-002507-1,PO-002507,CUST-00189,2026-05-03,23479.98,OPEN
ORD-002507-2,PO-002507,CUST-00884,2026-05-04,46959.96,OPEN
ORD-002508-1,PO-002508,CUST-01771,2026-02-09,15835.4,OPEN
ORD-002508-2,PO-002508,CUST-00401,2026-02-10,10556.93,OPEN
ORD-002508-3,PO-002508,CUST-02365,2026-02-07,7917.7,OPEN
ORD-002509-1,PO-002509,CUST-00162,2026-02-06,32302.26,OPEN
ORD-002509-2,PO-002509,CUST-02267,2026-02-01,48453.39,OPEN
ORD-002509-3,PO-002509,CUST-01781,2026-02-01,32302.26,OPEN
ORD-002510-1,PO-002510,CUST-01506,2026-01-25,98201.9,OPEN
ORD-002510-2,PO-002510,CUST-02375,2026-01-28,24550.47,OPEN
ORD-002511-1,PO-002511,CUST-00652,2026-08-05,9579.43,OPEN
ORD-002511-2,PO-002511,CUST-00993,2026-08-04,7184.57,OPEN
ORD-002511-3,PO-002511,CUST-02253,2026-08-03,9579.43,OPEN
ORD-002511-4,PO-002511,CUST-00040,2026-07-31,14369.14,OPEN
ORD-002512-1,PO-002512,CUST-00306,2026-05-11,59328.08,OPEN
ORD-002512-2,PO-002512,CUST-01352,2026-05-07,118656.16,OPEN
ORD-002512-3,PO-002512,CUST-01817,2026-05-04,29664.04,OPEN
ORD-002512-4,PO-002512,CUST-01251,2026-05-04,39552.05,OPEN
ORD-002513-1,PO-002513,CUST-02090,2026-02-15,29744.48,OPEN
ORD-002513-2,PO-002513,CUST-02436,2026-02-15,19829.65,OPEN
ORD-002513-3,PO-002513,CUST-01813,2026-02-14,14872.24,OPEN
ORD-002513-4,PO-002513,CUST-01054,2026-02-13,14872.24,OPEN
ORD-002514-1,PO-002514,CUST-01561,2026-01-16,11134.33,OPEN
ORD-002514-2,PO-002514,CUST-01298,2026-01-18,44537.33,OPEN
ORD-002514-3,PO-002514,CUST-00577,2026-01-15,44537.33,OPEN
ORD-002514-4,PO-002514,CUST-00318,2026-01-14,14845.78,OPEN
ORD-002515-1,PO-002515,CUST-00231,2026-05-29,2706.16,OPEN
ORD-002515-2,PO-002515,CUST-02168,2026-05-31,2706.16,OPEN
ORD-002516-1,PO-002516,CUST-01516,2026-02-27,60077.21,OPEN
ORD-002517-1,PO-002517,CUST-01815,2026-01-13,33099.44,OPEN
ORD-002517-2,PO-002517,CUST-00236,2026-01-11,33099.44,OPEN
ORD-002517-3,PO-002517,CUST-01128,2026-01-09,33099.44,OPEN
ORD-002518-1,PO-002518,CUST-00758,2026-04-06,62520.5,OPEN
ORD-002518-2,PO-002518,CUST-00873,2026-04-06,15630.12,OPEN
ORD-002518-3,PO-002518,CUST-00342,2026-04-10,62520.5,OPEN
ORD-002518-4,PO-002518,CUST-02318,2026-04-13,20840.17,OPEN
ORD-002519-1,PO-002519,CUST-00064,2026-08-10,39978.47,OPEN
ORD-002519-2,PO-002519,CUST-02148,2026-08-01,59967.7,OPEN
ORD-002520-1,PO-002520,CUST-01023,2026-08-27,20242.52,OPEN
ORD-002520-2,PO-002520,CUST-01930,2026-08-26,20242.52,OPEN
ORD-002520-3,PO-002520,CUST-00134,2026-09-03,60727.57,OPEN
ORD-002521-1,PO-002521,CUST-01665,2026-08-18,15905.57,OPEN
ORD-002522-1,PO-002522,CUST-01709,2026-06-10,29294.66,OPEN
ORD-002522-2,PO-002522,CUST-01541,2026-06-07,39059.55,OPEN
ORD-002522-3,PO-002522,CUST-00034,2026-06-10,39059.55,OPEN
ORD-002522-4,PO-002522,CUST-01642,2026-06-05,39059.55,OPEN
ORD-002523-1,PO-002523,CUST-01383,2026-06-20,28012.81,OPEN
ORD-002523-2,PO-002523,CUST-02043,2026-06-27,56025.61,OPEN
ORD-002523-3,PO-002523,CUST-02301,2026-06-20,37350.41,OPEN
ORD-002523-4,PO-002523,CUST-01512,2026-06-25,112051.23,OPEN
ORD-002524-1,PO-002524,CUST-02281,2026-06-28,117958.41,OPEN
ORD-002524-2,PO-002524,CUST-01336,2026-06-28,29489.6,OPEN
ORD-002524-3,PO-002524,CUST-00375,2026-06-25,39319.47,OPEN
ORD-002525-1,PO-002525,CUST-00077,2026-06-15,36487.96,OPEN
ORD-002525-2,PO-002525,CUST-00179,2026-06-09,48650.62,OPEN
ORD-002526-1,PO-002526,CUST-02089,2026-03-02,16504.78,OPEN
ORD-002526-2,PO-002526,CUST-01202,2026-03-07,66019.11,OPEN
ORD-002526-3,PO-002526,CUST-02308,2026-03-01,16504.78,OPEN
ORD-002526-4,PO-002526,CUST-00614,2026-03-01,22006.37,OPEN
ORD-002527-1,PO-002527,CUST-01085,2026-05-01,98180.49,OPEN
ORD-002527-2,PO-002527,CUST-00632,2026-04-28,24545.12,OPEN
ORD-002527-3,PO-002527,CUST-01604,2026-05-02,24545.12,OPEN
ORD-002527-4,PO-002527,CUST-01282,2026-05-03,98180.49,OPEN
ORD-002528-1,PO-002528,CUST-00057,2026-07-27,3247.32,OPEN
ORD-002529-1,PO-002529,CUST-02268,2026-07-08,27879.24,OPEN
ORD-002530-1,PO-002530,CUST-01980,2026-04-13,13676.78,OPEN
ORD-002531-1,PO-002531,CUST-01227,2026-05-07,10059.22,OPEN
ORD-002531-2,PO-002531,CUST-00044,2026-05-09,10059.22,OPEN
ORD-002532-1,PO-002532,CUST-02191,2026-02-03,13668.97,OPEN
ORD-002532-2,PO-002532,CUST-01149,2026-02-04,13668.97,OPEN
ORD-002533-1,PO-002533,CUST-01174,2026-02-22,34400.87,OPEN
ORD-002533-2,PO-002533,CUST-02421,2026-02-23,25800.65,OPEN
ORD-002533-3,PO-002533,CUST-00372,2026-02-21,103202.62,OPEN
ORD-002534-1,PO-002534,CUST-02292,2026-07-25,19793.35,OPEN
ORD-002534-2,PO-002534,CUST-02011,2026-07-26,6597.78,OPEN
ORD-002534-3,PO-002534,CUST-00690,2026-07-25,4948.34,OPEN
ORD-002534-4,PO-002534,CUST-00987,2026-08-03,4948.34,OPEN
ORD-002535-1,PO-002535,CUST-01604,2026-08-31,50889.12,OPEN
ORD-002536-1,PO-002536,CUST-00790,2026-04-27,26484.92,OPEN
ORD-002536-2,PO-002536,CUST-00998,2026-04-24,35313.22,OPEN
ORD-002536-3,PO-002536,CUST-00592,2026-04-29,52969.83,OPEN
ORD-002536-4,PO-002536,CUST-01337,2026-04-24,52969.83,OPEN
ORD-002537-1,PO-002537,CUST-00837,2026-04-18,23089.86,OPEN
ORD-002537-2,PO-002537,CUST-02195,2026-04-17,92359.44,OPEN
ORD-002537-3,PO-002537,CUST-00209,2026-04-11,92359.44,OPEN
ORD-002537-4,PO-002537,CUST-01322,2026-04-16,23089.86,OPEN
ORD-002538-1,PO-002538,CUST-01764,2026-03-03,42607.23,OPEN
ORD-002539-1,PO-002539,CUST-00157,2026-08-11,24422.74,OPEN
ORD-002540-1,PO-002540,CUST-00209,2026-05-05,14064.49,OPEN
ORD-002540-2,PO-002540,CUST-00237,2026-05-09,28128.99,OPEN
ORD-002540-3,PO-002540,CUST-02002,2026-05-01,28128.99,OPEN
ORD-002541-1,PO-002541,CUST-00771,2026-02-15,127389.96,OPEN
ORD-002541-2,PO-002541,CUST-00485,2026-02-15,127389.96,OPEN
ORD-002541-3,PO-002541,CUST-01346,2026-02-15,31847.49,OPEN
ORD-002542-1,PO-002542,CUST-00656,2026-05-19,10692.76,OPEN
ORD-002542-2,PO-002542,CUST-00011,2026-05-27,14257.02,OPEN
ORD-002542-3,PO-002542,CUST-00917,2026-05-24,14257.02,OPEN
ORD-002543-1,PO-002543,CUST-00773,2026-05-18,54428.9,OPEN
ORD-002543-2,PO-002543,CUST-00331,2026-05-22,13607.23,OPEN
ORD-002543-3,PO-002543,CUST-01416,2026-05-26,13607.23,OPEN
ORD-002544-1,PO-002544,CUST-01470,2026-08-11,93543.11,OPEN
ORD-002544-2,PO-002544,CUST-00521,2026-08-14,93543.11,OPEN
ORD-002544-3,PO-002544,CUST-00171,2026-08-17,31181.04,OPEN
ORD-002545-1,PO-002545,CUST-01668,2026-04-22,21820.33,OPEN
ORD-002545-2,PO-002545,CUST-02301,2026-04-22,21820.33,OPEN
ORD-002546-1,PO-002546,CUST-01515,2026-03-08,38441.89,OPEN
ORD-002547-1,PO-002547,CUST-00186,2026-04-10,36706.16,OPEN
ORD-002547-2,PO-002547,CUST-00505,2026-04-09,48941.55,OPEN
ORD-002547-3,PO-002547,CUST-00355,2026-04-10,48941.55,OPEN
ORD-002547-4,PO-002547,CUST-02325,2026-04-15,146824.65,OPEN
ORD-002548-1,PO-002548,CUST-00799,2026-08-17,9619.71,OPEN
ORD-002548-2,PO-002548,CUST-01528,2026-08-16,9619.71,OPEN
ORD-002549-1,PO-002549,CUST-00954,2026-04-09,1310.82,OPEN
ORD-002550-1,PO-002550,CUST-00190,2026-06-11,41406.71,OPEN
ORD-002550-2,PO-002550,CUST-00638,2026-06-08,27604.47,OPEN
ORD-002550-3,PO-002550,CUST-00425,2026-06-11,41406.71,OPEN
ORD-002550-4,PO-002550,CUST-00595,2026-06-14,82813.42,OPEN
ORD-002551-1,PO-002551,CUST-02238,2026-05-11,1457.56,OPEN
ORD-002552-1,PO-002552,CUST-00657,2026-05-06,6495.63,OPEN
ORD-002552-2,PO-002552,CUST-01748,2026-05-07,1623.91,OPEN
ORD-002553-1,PO-002553,CUST-02273,2026-04-10,31171.25,OPEN
ORD-002553-2,PO-002553,CUST-00177,2026-04-05,15585.62,OPEN
ORD-002554-1,PO-002554,CUST-00207,2026-06-12,29918.2,OPEN
ORD-002554-2,PO-002554,CUST-02145,2026-06-10,119672.79,OPEN
ORD-002554-3,PO-002554,CUST-00014,2026-06-07,119672.79,OPEN
ORD-002555-1,PO-002555,CUST-02161,2026-08-19,29878.26,OPEN
ORD-002555-2,PO-002555,CUST-01736,2026-08-21,119513.05,OPEN
ORD-002556-1,PO-002556,CUST-02409,2026-01-06,14267.76,OPEN
ORD-002557-1,PO-002557,CUST-01730,2026-04-10,26192.81,OPEN
ORD-002557-2,PO-002557,CUST-02445,2026-04-15,6548.2,OPEN
ORD-002557-3,PO-002557,CUST-00414,2026-04-15,8730.94,OPEN
ORD-002557-4,PO-002557,CUST-02477,2026-04-14,6548.2,OPEN
ORD-002558-1,PO-002558,CUST-02237,2026-01-19,83862.63,OPEN
ORD-002558-2,PO-002558,CUST-02257,2026-01-15,20965.66,OPEN
ORD-002558-3,PO-002558,CUST-00789,2026-01-15,41931.32,OPEN
ORD-002559-1,PO-002559,CUST-00749,2026-05-25,56883.43,OPEN
ORD-002559-2,PO-002559,CUST-01730,2026-05-20,56883.43,OPEN
ORD-002560-1,PO-002560,CUST-02176,2026-03-21,8888.82,OPEN
ORD-002560-2,PO-002560,CUST-01824,2026-03-18,4444.41,OPEN
ORD-002560-3,PO-002560,CUST-00988,2026-03-28,2962.94,OPEN
ORD-002561-1,PO-002561,CUST-01367,2026-07-12,131589.99,OPEN
ORD-002562-1,PO-002562,CUST-00685,2026-03-03,31648.38,OPEN
ORD-002562-2,PO-002562,CUST-01589,2026-03-12,31648.38,OPEN
ORD-002563-1,PO-002563,CUST-01842,2026-07-11,19089.33,OPEN
ORD-002564-1,PO-002564,CUST-02134,2026-04-15,16371.93,OPEN
ORD-002564-2,PO-002564,CUST-00471,2026-04-19,65487.71,OPEN
ORD-002564-3,PO-002564,CUST-01665,2026-04-22,21829.24,OPEN
ORD-002565-1,PO-002565,CUST-01295,2026-05-21,49749.75,OPEN
ORD-002565-2,PO-002565,CUST-01369,2026-05-13,33166.5,OPEN
ORD-002565-3,PO-002565,CUST-00715,2026-05-17,24874.88,OPEN
ORD-002566-1,PO-002566,CUST-00179,2026-05-08,8240.52,OPEN
ORD-002566-2,PO-002566,CUST-01065,2026-04-30,8240.52,OPEN
ORD-002566-3,PO-002566,CUST-01796,2026-05-07,12360.78,OPEN
ORD-002566-4,PO-002566,CUST-02202,2026-05-07,6180.39,OPEN
ORD-002567-1,PO-002567,CUST-01036,2026-07-27,10277.29,OPEN
ORD-002567-2,PO-002567,CUST-02307,2026-07-31,15415.93,OPEN
ORD-002568-1,PO-002568,CUST-02292,2026-03-04,54380.15,OPEN
ORD-002568-2,PO-002568,CUST-01251,2026-03-07,54380.15,OPEN
ORD-002568-3,PO-002568,CUST-01971,2026-03-06,27190.08,OPEN
ORD-002568-4,PO-002568,CUST-00129,2026-02-28,13595.04,OPEN
ORD-002569-1,PO-002569,CUST-00310,2026-04-25,32333.83,OPEN
ORD-002570-1,PO-002570,CUST-01761,2026-05-26,136107.64,OPEN
ORD-002571-1,PO-002571,CUST-00394,2026-03-21,51302.87,OPEN
ORD-002571-2,PO-002571,CUST-00534,2026-03-25,12825.72,OPEN
ORD-002572-1,PO-002572,CUST-00741,2026-08-19,38015.93,OPEN
ORD-002573-1,PO-002573,CUST-00647,2026-07-02,69816.1,OPEN
ORD-002574-1,PO-002574,CUST-00243,2026-07-30,29058.03,OPEN
ORD-002575-1,PO-002575,CUST-01036,2026-07-13,68098.82,OPEN
ORD-002575-2,PO-002575,CUST-00092,2026-07-17,136197.64,OPEN
ORD-002575-3,PO-002575,CUST-01878,2026-07-14,68098.82,OPEN
ORD-002575-4,PO-002575,CUST-02357,2026-07-15,45399.21,OPEN
ORD-002576-1,PO-002576,CUST-00789,2026-03-28,7150.73,OPEN
ORD-002576-2,PO-002576,CUST-00326,2026-04-04,7150.73,OPEN
ORD-002576-3,PO-002576,CUST-02083,2026-03-28,10726.1,OPEN
ORD-002577-1,PO-002577,CUST-01297,2026-02-24,26924.69,OPEN
ORD-002577-2,PO-002577,CUST-00286,2026-02-19,35899.59,OPEN
ORD-002577-3,PO-002577,CUST-02169,2026-02-24,53849.39,OPEN
ORD-002578-1,PO-002578,CUST-00084,2026-01-17,60485.31,OPEN
ORD-002578-2,PO-002578,CUST-02471,2026-01-23,60485.31,OPEN
ORD-002578-3,PO-002578,CUST-01177,2026-01-17,40323.54,OPEN
ORD-002578-4,PO-002578,CUST-01414,2026-01-15,40323.54,OPEN
ORD-002579-1,PO-002579,CUST-01862,2026-08-28,34329.83,OPEN
ORD-002580-1,PO-002580,CUST-01212,2026-07-12,20727.59,OPEN
ORD-002580-2,PO-002580,CUST-01846,2026-07-04,10363.8,OPEN
ORD-002581-1,PO-002581,CUST-02372,2026-06-04,43029.86,OPEN
ORD-002581-2,PO-002581,CUST-01064,2026-06-03,21514.93,OPEN
ORD-002581-3,PO-002581,CUST-01736,2026-06-04,43029.86,OPEN
ORD-002582-1,PO-002582,CUST-00008,2026-07-26,8021.74,OPEN
ORD-002582-2,PO-002582,CUST-01482,2026-07-25,8021.74,OPEN
ORD-002582-3,PO-002582,CUST-01437,2026-07-21,2673.91,OPEN
ORD-002583-1,PO-002583,CUST-01915,2026-07-21,33831.67,OPEN
ORD-002583-2,PO-002583,CUST-01698,2026-07-25,33831.67,OPEN
ORD-002583-3,PO-002583,CUST-02421,2026-07-18,16915.83,OPEN
ORD-002584-1,PO-002584,CUST-01936,2026-03-08,48740.38,OPEN
ORD-002584-2,PO-002584,CUST-00301,2026-03-05,24370.19,OPEN
ORD-002584-3,PO-002584,CUST-01612,2026-03-04,24370.19,OPEN
ORD-002585-1,PO-002585,CUST-00213,2026-03-30,9694.03,OPEN
ORD-002585-2,PO-002585,CUST-01819,2026-03-28,38776.11,OPEN
ORD-002586-1,PO-002586,CUST-00760,2026-06-23,30313.0,OPEN
ORD-002586-2,PO-002586,CUST-00829,2026-06-15,20208.67,OPEN
ORD-002586-3,PO-002586,CUST-00627,2026-06-18,15156.5,OPEN
ORD-002586-4,PO-002586,CUST-01046,2026-06-22,60626.0,OPEN
ORD-002587-1,PO-002587,CUST-02027,2026-05-21,23354.01,OPEN
ORD-002587-2,PO-002587,CUST-02413,2026-05-14,46708.01,OPEN
ORD-002587-3,PO-002587,CUST-02318,2026-05-15,23354.01,OPEN
ORD-002587-4,PO-002587,CUST-01136,2026-05-16,31138.67,OPEN
ORD-002588-1,PO-002588,CUST-01638,2026-05-18,68607.41,OPEN
ORD-002588-2,PO-002588,CUST-01718,2026-05-10,137214.83,OPEN
ORD-002589-1,PO-002589,CUST-00405,2026-02-20,18127.54,OPEN
ORD-002589-2,PO-002589,CUST-00839,2026-02-15,36255.08,OPEN
ORD-002589-3,PO-002589,CUST-00292,2026-02-21,36255.08,OPEN
ORD-002589-4,PO-002589,CUST-02028,2026-02-22,24170.05,OPEN
ORD-002590-1,PO-002590,CUST-00208,2026-06-13,41620.34,OPEN
ORD-002590-2,PO-002590,CUST-00178,2026-06-07,124861.01,OPEN
ORD-002590-3,PO-002590,CUST-01261,2026-06-15,31215.25,OPEN
ORD-002590-4,PO-002590,CUST-02138,2026-06-16,41620.34,OPEN
ORD-002591-1,PO-002591,CUST-01728,2026-04-03,18533.37,OPEN
ORD-002591-2,PO-002591,CUST-01356,2026-04-09,18533.37,OPEN
ORD-002591-3,PO-002591,CUST-00699,2026-04-06,9266.68,OPEN
ORD-002592-1,PO-002592,CUST-00768,2026-07-11,32678.37,OPEN
ORD-002592-2,PO-002592,CUST-01300,2026-07-09,32678.37,OPEN
ORD-002592-3,PO-002592,CUST-00670,2026-07-02,43571.16,OPEN
ORD-002593-1,PO-002593,CUST-02469,2026-05-23,18513.48,OPEN
ORD-002593-2,PO-002593,CUST-01029,2026-05-22,24684.64,OPEN
ORD-002593-3,PO-002593,CUST-02432,2026-05-22,74053.92,OPEN
ORD-002593-4,PO-002593,CUST-01293,2026-05-24,24684.64,OPEN
ORD-002594-1,PO-002594,CUST-02020,2026-02-15,47566.37,OPEN
ORD-002594-2,PO-002594,CUST-00937,2026-02-20,23783.19,OPEN
ORD-002594-3,PO-002594,CUST-00023,2026-02-23,31710.91,OPEN
ORD-002595-1,PO-002595,CUST-00126,2026-06-23,16916.31,OPEN
ORD-002595-2,PO-002595,CUST-01856,2026-07-02,4229.08,OPEN
ORD-002595-3,PO-002595,CUST-02372,2026-06-29,5638.77,OPEN
ORD-002596-1,PO-002596,CUST-01542,2026-04-23,16182.58,OPEN
ORD-002596-2,PO-002596,CUST-01108,2026-04-22,64730.31,OPEN
ORD-002596-3,PO-002596,CUST-00005,2026-04-17,64730.31,OPEN
ORD-002596-4,PO-002596,CUST-01402,2026-04-27,21576.77,OPEN
ORD-002597-1,PO-002597,CUST-00571,2026-05-06,27918.12,OPEN
ORD-002597-2,PO-002597,CUST-00343,2026-05-06,18612.08,OPEN
ORD-002597-3,PO-002597,CUST-02129,2026-04-29,13959.06,OPEN
ORD-002598-1,PO-002598,CUST-01273,2026-03-05,36927.59,OPEN
ORD-002598-2,PO-002598,CUST-01713,2026-03-13,36927.59,OPEN
ORD-002598-3,PO-002598,CUST-01896,2026-03-08,18463.79,OPEN
ORD-002598-4,PO-002598,CUST-01214,2026-03-08,18463.79,OPEN
ORD-002599-1,PO-002599,CUST-00256,2026-05-08,53273.29,OPEN
ORD-002599-2,PO-002599,CUST-00231,2026-05-07,35515.52,OPEN
ORD-002599-3,PO-002599,CUST-01631,2026-05-06,26636.64,OPEN
ORD-002599-4,PO-002599,CUST-00903,2026-05-15,106546.57,OPEN
ORD-002600-1,PO-002600,CUST-01815,2026-06-04,2315.32,OPEN
ORD-002601-1,PO-002601,CUST-02326,2026-02-03,89366.13,OPEN
ORD-002601-2,PO-002601,CUST-02251,2026-02-06,89366.13,OPEN
ORD-002601-3,PO-002601,CUST-00284,2026-02-05,22341.53,OPEN
ORD-002601-4,PO-002601,CUST-00076,2026-02-05,44683.07,OPEN
ORD-002602-1,PO-002602,CUST-01865,2026-07-06,35314.57,OPEN
ORD-002602-2,PO-002602,CUST-02204,2026-07-08,17657.28,OPEN
ORD-002603-1,PO-002603,CUST-02335,2026-03-06,138129.21,OPEN
ORD-002603-2,PO-002603,CUST-01055,2026-03-07,46043.07,OPEN
ORD-002604-1,PO-002604,CUST-00621,2026-01-11,4447.82,OPEN
ORD-002604-2,PO-002604,CUST-01565,2026-01-06,5930.42,OPEN
ORD-002605-1,PO-002605,CUST-02495,2026-01-11,26862.46,OPEN
ORD-002605-2,PO-002605,CUST-01841,2026-01-15,40293.69,OPEN
ORD-002605-3,PO-002605,CUST-02327,2026-01-10,80587.38,OPEN
ORD-002606-1,PO-002606,CUST-00913,2026-06-26,16322.01,OPEN
ORD-002606-2,PO-002606,CUST-00436,2026-06-20,5440.67,OPEN
ORD-002607-1,PO-002607,CUST-02434,2026-04-12,30292.19,OPEN
ORD-002608-1,PO-002608,CUST-01346,2026-03-24,89964.56,OPEN
ORD-002608-2,PO-002608,CUST-00638,2026-03-17,29988.19,OPEN
ORD-002608-3,PO-002608,CUST-00298,2026-03-23,89964.56,OPEN
ORD-002609-1,PO-002609,CUST-02141,2026-01-16,23433.21,OPEN
ORD-002610-1,PO-002610,CUST-01954,2026-04-21,134523.74,OPEN
ORD-002610-2,PO-002610,CUST-00669,2026-04-29,44841.25,OPEN
ORD-002610-3,PO-002610,CUST-02282,2026-04-27,134523.74,OPEN
ORD-002610-4,PO-002610,CUST-02271,2026-04-28,44841.25,OPEN
ORD-002611-1,PO-002611,CUST-01984,2026-03-17,31216.63,OPEN
ORD-002611-2,PO-002611,CUST-00945,2026-03-07,93649.89,OPEN
ORD-002611-3,PO-002611,CUST-00265,2026-03-08,31216.63,OPEN
ORD-002611-4,PO-002611,CUST-01833,2026-03-13,93649.89,OPEN
ORD-002612-1,PO-002612,CUST-01718,2026-02-25,29022.44,OPEN
ORD-002612-2,PO-002612,CUST-02416,2026-02-24,38696.59,OPEN
ORD-002612-3,PO-002612,CUST-01487,2026-02-18,58044.89,OPEN
ORD-002613-1,PO-002613,CUST-00549,2026-01-25,666.11,OPEN
ORD-002613-2,PO-002613,CUST-00225,2026-01-29,499.58,OPEN
ORD-002614-1,PO-002614,CUST-01519,2026-08-09,34003.16,OPEN
ORD-002614-2,PO-002614,CUST-02205,2026-08-10,34003.16,OPEN
ORD-002615-1,PO-002615,CUST-00409,2026-02-06,6182.3,OPEN
ORD-002615-2,PO-002615,CUST-02236,2026-02-01,9273.44,OPEN
ORD-002615-3,PO-002615,CUST-00839,2026-02-03,9273.44,OPEN
ORD-002615-4,PO-002615,CUST-02498,2026-01-31,9273.44,OPEN
ORD-002616-1,PO-002616,CUST-00603,2026-04-02,67317.81,OPEN
ORD-002616-2,PO-002616,CUST-00394,2026-03-27,67317.81,OPEN
ORD-002617-1,PO-002617,CUST-02260,2026-07-30,55726.79,OPEN
ORD-002617-2,PO-002617,CUST-01532,2026-07-27,55726.79,OPEN
ORD-002617-3,PO-002617,CUST-01335,2026-07-30,37151.19,OPEN
ORD-002618-1,PO-002618,CUST-02128,2026-07-27,39009.68,OPEN
ORD-002619-1,PO-002619,CUST-01753,2026-05-21,66382.48,OPEN
ORD-002619-2,PO-002619,CUST-00892,2026-05-22,16595.62,OPEN
ORD-002620-1,PO-002620,CUST-00831,2026-04-11,26566.5,OPEN
ORD-002620-2,PO-002620,CUST-01529,2026-04-11,13283.25,OPEN
ORD-002621-1,PO-002621,CUST-00391,2026-02-23,42530.7,OPEN
ORD-002622-1,PO-002622,CUST-00368,2026-07-16,14317.39,OPEN
ORD-002622-2,PO-002622,CUST-00033,2026-07-22,14317.39,OPEN
ORD-002622-3,PO-002622,CUST-02073,2026-07-18,28634.78,OPEN
ORD-002622-4,PO-002622,CUST-00721,2026-07-22,57269.56,OPEN
ORD-002623-1,PO-002623,CUST-00800,2026-06-25,43466.0,OPEN
ORD-002623-2,PO-002623,CUST-01181,2026-06-24,43466.0,OPEN
ORD-002623-3,PO-002623,CUST-01571,2026-06-20,43466.0,OPEN
ORD-002624-1,PO-002624,CUST-01102,2026-05-25,48241.05,OPEN
ORD-002624-2,PO-002624,CUST-00500,2026-05-28,36180.79,OPEN
ORD-002624-3,PO-002624,CUST-00308,2026-05-19,36180.79,OPEN
ORD-002625-1,PO-002625,CUST-00152,2026-05-31,89096.89,OPEN
ORD-002625-2,PO-002625,CUST-00578,2026-05-29,44548.44,OPEN
ORD-002625-3,PO-002625,CUST-00061,2026-05-28,22274.22,OPEN
ORD-002626-1,PO-002626,CUST-00781,2026-07-02,18639.26,OPEN
ORD-002627-1,PO-002627,CUST-02381,2026-06-08,50291.71,OPEN
ORD-002627-2,PO-002627,CUST-00575,2026-06-07,50291.71,OPEN
ORD-002628-1,PO-002628,CUST-00376,2026-06-23,144948.3,OPEN
ORD-002628-2,PO-002628,CUST-02441,2026-06-24,48316.1,OPEN
ORD-002628-3,PO-002628,CUST-00106,2026-06-26,36237.07,OPEN
ORD-002628-4,PO-002628,CUST-02080,2026-07-01,144948.3,OPEN
ORD-002629-1,PO-002629,CUST-00463,2026-03-15,58708.45,OPEN
ORD-002629-2,PO-002629,CUST-02031,2026-03-14,29354.22,OPEN
ORD-002630-1,PO-002630,CUST-02100,2026-07-22,70719.98,OPEN
ORD-002631-1,PO-002631,CUST-00724,2026-06-03,48433.44,OPEN
ORD-002631-2,PO-002631,CUST-00270,2026-05-27,145300.32,OPEN
ORD-002631-3,PO-002631,CUST-00681,2026-05-30,36325.08,OPEN
ORD-002631-4,PO-002631,CUST-00504,2026-05-29,145300.32,OPEN
ORD-002632-1,PO-002632,CUST-00438,2026-03-23,29226.73,OPEN
ORD-002633-1,PO-002633,CUST-00576,2026-04-27,59044.7,OPEN
ORD-002633-2,PO-002633,CUST-00326,2026-05-03,118089.4,OPEN
ORD-002633-3,PO-002633,CUST-00100,2026-05-04,59044.7,OPEN
ORD-002634-1,PO-002634,CUST-00367,2026-02-01,14366.92,OPEN
ORD-002634-2,PO-002634,CUST-02355,2026-01-31,57467.7,OPEN
ORD-002634-3,PO-002634,CUST-00077,2026-01-31,57467.7,OPEN
ORD-002634-4,PO-002634,CUST-01327,2026-02-08,28733.85,OPEN
ORD-002635-1,PO-002635,CUST-00132,2026-02-12,7411.94,OPEN
ORD-002636-1,PO-002636,CUST-01588,2026-08-06,22428.69,OPEN
ORD-002637-1,PO-002637,CUST-00149,2026-01-17,70191.42,OPEN
ORD-002637-2,PO-002637,CUST-02341,2026-01-15,140382.84,OPEN
ORD-002638-1,PO-002638,CUST-01485,2026-06-29,51468.47,OPEN
ORD-002638-2,PO-002638,CUST-01726,2026-07-02,51468.47,OPEN
ORD-002639-1,PO-002639,CUST-01001,2026-03-22,31635.22,OPEN
ORD-002639-2,PO-002639,CUST-01385,2026-03-31,126540.9,OPEN
ORD-002639-3,PO-002639,CUST-00121,2026-03-24,63270.45,OPEN
ORD-002639-4,PO-002639,CUST-00226,2026-03-28,63270.45,OPEN
ORD-002640-1,PO-002640,CUST-01700,2026-05-12,11688.8,OPEN
ORD-002640-2,PO-002640,CUST-00911,2026-05-06,46755.21,OPEN
ORD-002640-3,PO-002640,CUST-01969,2026-05-13,15585.07,OPEN
ORD-002641-1,PO-002641,CUST-02264,2026-05-31,48352.64,OPEN
ORD-002642-1,PO-002642,CUST-01764,2026-06-25,18963.49,OPEN
ORD-002643-1,PO-002643,CUST-01517,2026-03-13,19667.88,OPEN
ORD-002644-1,PO-002644,CUST-02057,2026-04-10,129122.02,OPEN
ORD-002644-2,PO-002644,CUST-00875,2026-04-10,64561.01,OPEN
ORD-002645-1,PO-002645,CUST-01994,2026-03-31,16221.51,OPEN
ORD-002645-2,PO-002645,CUST-00492,2026-04-07,5407.17,OPEN
ORD-002645-3,PO-002645,CUST-01891,2026-04-02,4055.38,OPEN
ORD-002645-4,PO-002645,CUST-01644,2026-03-31,5407.17,OPEN
ORD-002646-1,PO-002646,CUST-01417,2026-06-22,5558.1,OPEN
ORD-002646-2,PO-002646,CUST-00675,2026-06-29,5558.1,OPEN
ORD-002646-3,PO-002646,CUST-02277,2026-06-19,7410.8,OPEN
ORD-002647-1,PO-002647,CUST-01543,2026-08-05,8622.9,OPEN
ORD-002647-2,PO-002647,CUST-00585,2026-08-05,11497.2,OPEN
ORD-002648-1,PO-002648,CUST-02378,2026-09-02,14889.14,OPEN
ORD-002649-1,PO-002649,CUST-01250,2026-01-22,7399.84,OPEN
ORD-002649-2,PO-002649,CUST-01042,2026-01-18,5549.88,OPEN
ORD-002649-3,PO-002649,CUST-00833,2026-01-15,7399.84,OPEN
ORD-002649-4,PO-002649,CUST-02317,2026-01-13,22199.53,OPEN
ORD-002650-1,PO-002650,CUST-01811,2026-01-21,32308.04,OPEN
ORD-002650-2,PO-002650,CUST-00025,2026-01-18,24231.03,OPEN
ORD-002650-3,PO-002650,CUST-00243,2026-01-16,24231.03,OPEN
ORD-002651-1,PO-002651,CUST-00771,2026-04-13,25885.06,OPEN
ORD-002651-2,PO-002651,CUST-00764,2026-04-10,6471.27,OPEN
ORD-002652-1,PO-002652,CUST-00395,2026-03-22,138952.72,OPEN
ORD-002652-2,PO-002652,CUST-01438,2026-03-25,138952.72,OPEN
ORD-002652-3,PO-002652,CUST-02268,2026-03-26,69476.36,OPEN
ORD-002653-1,PO-002653,CUST-02397,2026-02-24,56696.9,OPEN
ORD-002654-1,PO-002654,CUST-01675,2026-02-10,40640.62,OPEN
ORD-002654-2,PO-002654,CUST-02274,2026-02-08,30480.47,OPEN
ORD-002654-3,PO-002654,CUST-00196,2026-02-06,40640.62,OPEN
ORD-002655-1,PO-002655,CUST-01459,2026-01-18,55914.75,OPEN
ORD-002655-2,PO-002655,CUST-02108,2026-01-24,55914.75,OPEN
ORD-002655-3,PO-002655,CUST-02134,2026-01-15,55914.75,OPEN
ORD-002656-1,PO-002656,CUST-00578,2026-03-16,12047.79,OPEN
ORD-002656-2,PO-002656,CUST-01382,2026-03-08,9035.84,OPEN
ORD-002656-3,PO-002656,CUST-02306,2026-03-14,36143.38,OPEN
ORD-002657-1,PO-002657,CUST-00062,2026-02-22,39873.74,OPEN
ORD-002658-1,PO-002658,CUST-00077,2026-07-10,33592.08,OPEN
ORD-002659-1,PO-002659,CUST-00072,2026-05-08,118866.28,OPEN
ORD-002660-1,PO-002660,CUST-01987,2026-08-23,5227.23,OPEN
ORD-002661-1,PO-002661,CUST-01778,2026-01-10,31881.12,OPEN
ORD-002661-2,PO-002661,CUST-01007,2026-01-15,42508.16,OPEN
ORD-002661-3,PO-002661,CUST-02029,2026-01-12,31881.12,OPEN
ORD-002662-1,PO-002662,CUST-00673,2026-06-15,12471.56,OPEN
ORD-002662-2,PO-002662,CUST-01084,2026-06-12,12471.56,OPEN
ORD-002663-1,PO-002663,CUST-01661,2026-02-23,25405.06,OPEN
ORD-002664-1,PO-002664,CUST-01627,2026-01-17,25735.4,OPEN
ORD-002664-2,PO-002664,CUST-01576,2026-01-19,25735.4,OPEN
ORD-002665-1,PO-002665,CUST-00656,2026-01-16,139924.8,OPEN
ORD-002666-1,PO-002666,CUST-01895,2026-04-30,56264.11,OPEN
ORD-002666-2,PO-002666,CUST-00893,2026-04-20,112528.23,OPEN
ORD-002666-3,PO-002666,CUST-01177,2026-04-24,56264.11,OPEN
ORD-002667-1,PO-002667,CUST-00268,2026-07-09,18338.3,OPEN
ORD-002667-2,PO-002667,CUST-00699,2026-07-10,4584.57,OPEN
ORD-002668-1,PO-002668,CUST-01150,2026-05-03,81032.31,OPEN
ORD-002668-2,PO-002668,CUST-01852,2026-05-05,27010.77,OPEN
ORD-002668-3,PO-002668,CUST-01624,2026-05-09,81032.31,OPEN
ORD-002669-1,PO-002669,CUST-00916,2026-04-14,20220.77,OPEN
ORD-002670-1,PO-002670,CUST-01658,2026-03-26,82277.68,OPEN
ORD-002670-2,PO-002670,CUST-01084,2026-03-18,82277.68,OPEN
ORD-002670-3,PO-002670,CUST-00532,2026-03-28,82277.68,OPEN
ORD-002670-4,PO-002670,CUST-02277,2026-03-24,41138.84,OPEN
ORD-002671-1,PO-002671,CUST-00892,2026-05-08,7795.3,OPEN
ORD-002672-1,PO-002672,CUST-00548,2026-05-28,7418.61,OPEN
ORD-002673-1,PO-002673,CUST-00939,2026-05-19,111791.69,OPEN
ORD-002673-2,PO-002673,CUST-02326,2026-05-17,37263.9,OPEN
ORD-002673-3,PO-002673,CUST-02008,2026-05-20,37263.9,OPEN
ORD-002674-1,PO-002674,CUST-01946,2026-07-08,35926.47,OPEN
ORD-002675-1,PO-002675,CUST-00851,2026-06-17,24454.55,OPEN
ORD-002676-1,PO-002676,CUST-00820,2026-06-28,75826.04,OPEN
ORD-002677-1,PO-002677,CUST-02135,2026-01-15,24480.92,OPEN
ORD-002677-2,PO-002677,CUST-02093,2026-01-14,48961.85,OPEN
ORD-002677-3,PO-002677,CUST-01934,2026-01-23,97923.7,OPEN
ORD-002678-1,PO-002678,CUST-02408,2026-05-16,38283.71,OPEN
ORD-002678-2,PO-002678,CUST-00712,2026-05-23,76567.41,OPEN
ORD-002678-3,PO-002678,CUST-01820,2026-05-26,38283.71,OPEN
ORD-002679-1,PO-002679,CUST-00753,2026-08-28,47656.65,OPEN
ORD-002680-1,PO-002680,CUST-02417,2026-04-22,21509.96,OPEN
ORD-002680-2,PO-002680,CUST-00176,2026-04-22,43019.92,OPEN
ORD-002680-3,PO-002680,CUST-02096,2026-04-29,28679.95,OPEN
ORD-002681-1,PO-002681,CUST-02042,2026-03-29,16264.09,OPEN
ORD-002681-2,PO-002681,CUST-01580,2026-03-30,21685.45,OPEN
ORD-002682-1,PO-002682,CUST-01793,2026-07-04,49183.97,OPEN
ORD-002683-1,PO-002683,CUST-01650,2026-07-17,21088.12,OPEN
ORD-002683-2,PO-002683,CUST-00288,2026-07-20,15816.09,OPEN
ORD-002683-3,PO-002683,CUST-01881,2026-07-15,15816.09,OPEN
ORD-002683-4,PO-002683,CUST-01360,2026-07-19,31632.18,OPEN
ORD-002684-1,PO-002684,CUST-01196,2026-04-20,20955.28,OPEN
ORD-002684-2,PO-002684,CUST-00899,2026-04-24,27940.37,OPEN
ORD-002684-3,PO-002684,CUST-01949,2026-04-18,41910.55,OPEN
ORD-002684-4,PO-002684,CUST-02078,2026-04-21,83821.1,OPEN
ORD-002685-1,PO-002685,CUST-02497,2026-05-13,34103.28,OPEN
ORD-002685-2,PO-002685,CUST-01696,2026-05-12,34103.28,OPEN
ORD-002685-3,PO-002685,CUST-01802,2026-05-14,34103.28,OPEN
ORD-002686-1,PO-002686,CUST-01101,2026-02-22,56954.1,OPEN
ORD-002687-1,PO-002687,CUST-00637,2026-04-10,124974.34,OPEN
ORD-002687-2,PO-002687,CUST-01364,2026-04-08,62487.17,OPEN
ORD-002687-3,PO-002687,CUST-01631,2026-04-08,124974.34,OPEN
ORD-002687-4,PO-002687,CUST-01684,2026-04-03,31243.58,OPEN
ORD-002688-1,PO-002688,CUST-02011,2026-01-05,16903.81,OPEN
ORD-002689-1,PO-002689,CUST-00493,2026-04-27,30612.14,OPEN
ORD-002689-2,PO-002689,CUST-02432,2026-04-28,91836.41,OPEN
ORD-002689-3,PO-002689,CUST-00847,2026-04-29,45918.21,OPEN
ORD-002689-4,PO-002689,CUST-01246,2026-04-25,45918.21,OPEN
ORD-002690-1,PO-002690,CUST-00271,2026-07-28,55387.73,OPEN
ORD-002690-2,PO-002690,CUST-01495,2026-07-30,18462.58,OPEN
ORD-002691-1,PO-002691,CUST-00014,2026-03-06,23843.24,OPEN
ORD-002692-1,PO-002692,CUST-00028,2026-03-22,18021.83,OPEN
ORD-002693-1,PO-002693,CUST-01805,2026-08-03,17907.23,OPEN
ORD-002693-2,PO-002693,CUST-01202,2026-07-31,8953.61,OPEN
ORD-002693-3,PO-002693,CUST-02417,2026-08-06,4476.81,OPEN
ORD-002694-1,PO-002694,CUST-01362,2026-03-01,8726.6,OPEN
ORD-002694-2,PO-002694,CUST-01575,2026-03-02,34906.4,OPEN
ORD-002694-3,PO-002694,CUST-01712,2026-02-28,17453.2,OPEN
ORD-002694-4,PO-002694,CUST-02150,2026-02-27,17453.2,OPEN
ORD-002695-1,PO-002695,CUST-02240,2026-06-11,105812.25,OPEN
ORD-002695-2,PO-002695,CUST-01312,2026-06-13,26453.06,OPEN
ORD-002695-3,PO-002695,CUST-00443,2026-06-05,35270.75,OPEN
ORD-002695-4,PO-002695,CUST-00914,2026-06-08,26453.06,OPEN
ORD-002696-1,PO-002696,CUST-01844,2026-04-05,8121.03,OPEN
ORD-002697-1,PO-002697,CUST-01206,2026-02-19,32805.24,OPEN
ORD-002698-1,PO-002698,CUST-02485,2026-01-27,29691.62,OPEN
ORD-002698-2,PO-002698,CUST-01948,2026-01-22,118766.49,OPEN
ORD-002698-3,PO-002698,CUST-02282,2026-01-28,29691.62,OPEN
ORD-002699-1,PO-002699,CUST-01811,2026-04-15,48137.46,OPEN
ORD-002699-2,PO-002699,CUST-00448,2026-04-18,32091.64,OPEN
ORD-002699-3,PO-002699,CUST-01635,2026-04-09,48137.46,OPEN
ORD-002700-1,PO-002700,CUST-02464,2026-05-07,30375.93,OPEN
ORD-002700-2,PO-002700,CUST-00326,2026-05-08,22781.95,OPEN
ORD-002701-1,PO-002701,CUST-01371,2026-03-26,39009.95,OPEN
ORD-002701-2,PO-002701,CUST-01222,2026-03-28,39009.95,OPEN
ORD-002702-1,PO-002702,CUST-00496,2026-04-16,42049.34,OPEN
ORD-002702-2,PO-002702,CUST-01105,2026-04-13,31537.01,OPEN
ORD-002702-3,PO-002702,CUST-02468,2026-04-13,31537.01,OPEN
ORD-002702-4,PO-002702,CUST-00951,2026-04-14,31537.01,OPEN
ORD-002703-1,PO-002703,CUST-02499,2026-05-28,34686.29,OPEN
ORD-002704-1,PO-002704,CUST-00565,2026-03-08,17559.12,OPEN
ORD-002704-2,PO-002704,CUST-00617,2026-03-12,23412.16,OPEN
ORD-002704-3,PO-002704,CUST-00250,2026-03-14,70236.49,OPEN
ORD-002704-4,PO-002704,CUST-00669,2026-03-12,17559.12,OPEN
ORD-002705-1,PO-002705,CUST-01035,2026-05-06,47982.06,OPEN
ORD-002705-2,PO-002705,CUST-02237,2026-04-30,11995.51,OPEN
ORD-002706-1,PO-002706,CUST-02192,2026-03-08,15821.62,OPEN
ORD-002707-1,PO-002707,CUST-02359,2026-08-18,54038.55,OPEN
ORD-002708-1,PO-002708,CUST-01003,2026-03-28,14839.15,OPEN
ORD-002708-2,PO-002708,CUST-02125,2026-03-31,59356.61,OPEN
ORD-002708-3,PO-002708,CUST-01801,2026-03-30,14839.15,OPEN
ORD-002708-4,PO-002708,CUST-01654,2026-03-30,59356.61,OPEN
ORD-002709-1,PO-002709,CUST-00584,2026-02-23,59386.25,OPEN
ORD-002709-2,PO-002709,CUST-02113,2026-02-25,39590.84,OPEN
ORD-002710-1,PO-002710,CUST-01282,2026-04-21,59777.79,OPEN
ORD-002710-2,PO-002710,CUST-01018,2026-04-18,19925.93,OPEN
ORD-002710-3,PO-002710,CUST-01177,2026-04-24,19925.93,OPEN
ORD-002710-4,PO-002710,CUST-01558,2026-04-15,14944.45,OPEN
ORD-002711-1,PO-002711,CUST-02182,2026-08-10,5950.19,OPEN
ORD-002711-2,PO-002711,CUST-00077,2026-08-16,5950.19,OPEN
ORD-002712-1,PO-002712,CUST-01716,2026-04-01,1092.39,OPEN
ORD-002712-2,PO-002712,CUST-02463,2026-03-24,4369.55,OPEN
ORD-002712-3,PO-002712,CUST-01295,2026-03-27,4369.55,OPEN
ORD-002712-4,PO-002712,CUST-00504,2026-03-24,1456.52,OPEN
ORD-002713-1,PO-002713,CUST-00382,2026-07-05,30081.94,OPEN
ORD-002713-2,PO-002713,CUST-02338,2026-07-04,30081.94,OPEN
ORD-002713-3,PO-002713,CUST-00980,2026-06-30,60163.89,OPEN
ORD-002713-4,PO-002713,CUST-00634,2026-07-06,40109.26,OPEN
ORD-002714-1,PO-002714,CUST-01697,2026-03-13,119580.38,OPEN
ORD-002714-2,PO-002714,CUST-00218,2026-03-16,39860.13,OPEN
ORD-002714-3,PO-002714,CUST-00057,2026-03-11,119580.38,OPEN
ORD-002714-4,PO-002714,CUST-00259,2026-03-15,39860.13,OPEN
ORD-002715-1,PO-002715,CUST-01048,2026-06-23,13749.73,OPEN
ORD-002715-2,PO-002715,CUST-01153,2026-06-26,9166.49,OPEN
ORD-002715-3,PO-002715,CUST-00903,2026-06-23,27499.46,OPEN
ORD-002716-1,PO-002716,CUST-00312,2026-05-01,101474.92,OPEN
ORD-002716-2,PO-002716,CUST-02090,2026-05-06,50737.46,OPEN
ORD-002716-3,PO-002716,CUST-01368,2026-05-01,50737.46,OPEN
ORD-002717-1,PO-002717,CUST-00010,2026-08-08,6858.77,OPEN
ORD-002717-2,PO-002717,CUST-02076,2026-08-01,13717.55,OPEN
ORD-002718-1,PO-002718,CUST-00362,2026-08-12,3803.7,OPEN
ORD-002719-1,PO-002719,CUST-01292,2026-06-28,43867.38,OPEN
ORD-002719-2,PO-002719,CUST-00538,2026-07-03,131602.14,OPEN
ORD-002719-3,PO-002719,CUST-01765,2026-07-07,131602.14,OPEN
ORD-002720-1,PO-002720,CUST-00977,2026-07-19,29661.5,OPEN
ORD-002720-2,PO-002720,CUST-02192,2026-07-18,29661.5,OPEN
ORD-002720-3,PO-002720,CUST-02441,2026-07-21,44492.25,OPEN
ORD-002720-4,PO-002720,CUST-01313,2026-07-19,88984.5,OPEN
ORD-002721-1,PO-002721,CUST-00196,2026-07-28,45565.56,OPEN
ORD-002722-1,PO-002722,CUST-00156,2026-01-13,132137.12,OPEN
ORD-002722-2,PO-002722,CUST-00763,2026-01-14,66068.56,OPEN
ORD-002723-1,PO-002723,CUST-01568,2026-02-11,1417.89,OPEN
ORD-002723-2,PO-002723,CUST-01522,2026-02-10,1063.42,OPEN
ORD-002723-3,PO-002723,CUST-00940,2026-02-13,2126.84,OPEN
ORD-002724-1,PO-002724,CUST-01823,2026-03-03,3736.73,OPEN
ORD-002725-1,PO-002725,CUST-02088,2026-07-28,66081.48,OPEN
ORD-002725-2,PO-002725,CUST-00050,2026-07-28,66081.48,OPEN
ORD-002725-3,PO-002725,CUST-01481,2026-07-29,33040.74,OPEN
ORD-002726-1,PO-002726,CUST-01719,2026-04-18,37834.3,OPEN
ORD-002726-2,PO-002726,CUST-01916,2026-04-24,28375.72,OPEN
ORD-002726-3,PO-002726,CUST-00408,2026-04-16,28375.72,OPEN
ORD-002726-4,PO-002726,CUST-02132,2026-04-21,37834.3,OPEN
ORD-002727-1,PO-002727,CUST-00187,2026-06-30,10128.78,OPEN
ORD-002727-2,PO-002727,CUST-01896,2026-06-29,20257.56,OPEN
ORD-002727-3,PO-002727,CUST-01634,2026-06-29,20257.56,OPEN
ORD-002728-1,PO-002728,CUST-01047,2026-05-09,9642.14,OPEN
ORD-002729-1,PO-002729,CUST-00495,2026-03-10,95499.91,OPEN
ORD-002730-1,PO-002730,CUST-00514,2026-07-19,19978.6,OPEN
ORD-002731-1,PO-002731,CUST-02002,2026-04-18,99511.94,OPEN
ORD-002731-2,PO-002731,CUST-00750,2026-04-20,33170.65,OPEN
ORD-002731-3,PO-002731,CUST-00554,2026-04-23,33170.65,OPEN
ORD-002731-4,PO-002731,CUST-00436,2026-04-25,49755.97,OPEN
ORD-002732-1,PO-002732,CUST-01354,2026-01-22,110608.33,OPEN
ORD-002732-2,PO-002732,CUST-02017,2026-01-20,110608.33,OPEN
ORD-002733-1,PO-002733,CUST-00100,2026-08-13,14235.93,OPEN
ORD-002733-2,PO-002733,CUST-00395,2026-08-21,28471.87,OPEN
ORD-002734-1,PO-002734,CUST-01943,2026-02-07,42589.92,OPEN
ORD-002734-2,PO-002734,CUST-01612,2026-02-09,127769.76,OPEN
ORD-002734-3,PO-002734,CUST-02013,2026-02-10,63884.88,OPEN
ORD-002734-4,PO-002734,CUST-00297,2026-02-11,63884.88,OPEN
ORD-002735-1,PO-002735,CUST-01929,2026-01-19,3154.82,OPEN
ORD-002736-1,PO-002736,CUST-01601,2026-07-05,5385.84,OPEN
ORD-002736-2,PO-002736,CUST-01356,2026-07-15,4039.38,OPEN
ORD-002736-3,PO-002736,CUST-01843,2026-07-12,5385.84,OPEN
ORD-002736-4,PO-002736,CUST-01633,2026-07-08,8078.76,OPEN
ORD-002737-1,PO-002737,CUST-00085,2026-06-21,88566.01,OPEN
ORD-002737-2,PO-002737,CUST-01979,2026-06-21,44283.0,OPEN
ORD-002737-3,PO-002737,CUST-01289,2026-06-20,22141.5,OPEN
ORD-002737-4,PO-002737,CUST-01184,2026-06-12,88566.01,OPEN
ORD-002738-1,PO-002738,CUST-00133,2026-08-13,8049.75,OPEN
ORD-002738-2,PO-002738,CUST-01920,2026-08-15,8049.75,OPEN
ORD-002739-1,PO-002739,CUST-00864,2026-03-31,7686.73,OPEN
ORD-002739-2,PO-002739,CUST-00427,2026-04-04,30746.93,OPEN
ORD-002739-3,PO-002739,CUST-00216,2026-04-09,15373.47,OPEN
ORD-002740-1,PO-002740,CUST-00120,2026-01-26,35733.83,OPEN
ORD-002740-2,PO-002740,CUST-02193,2026-01-27,71467.66,OPEN
ORD-002740-3,PO-002740,CUST-00440,2026-01-29,71467.66,OPEN
ORD-002740-4,PO-002740,CUST-01240,2026-01-31,71467.66,OPEN
ORD-002741-1,PO-002741,CUST-00410,2026-03-25,102372.05,OPEN
ORD-002741-2,PO-002741,CUST-02116,2026-03-24,25593.01,OPEN
ORD-002741-3,PO-002741,CUST-01860,2026-04-01,102372.05,OPEN
ORD-002741-4,PO-002741,CUST-00528,2026-03-26,34124.02,OPEN
ORD-002742-1,PO-002742,CUST-01852,2026-05-05,30695.49,OPEN
ORD-002743-1,PO-002743,CUST-01192,2026-05-19,96894.38,OPEN
ORD-002743-2,PO-002743,CUST-01752,2026-05-20,32298.13,OPEN
ORD-002743-3,PO-002743,CUST-01912,2026-05-20,48447.19,OPEN
ORD-002743-4,PO-002743,CUST-01301,2026-05-20,48447.19,OPEN
ORD-002744-1,PO-002744,CUST-00363,2026-05-21,29216.59,OPEN
ORD-002744-2,PO-002744,CUST-00660,2026-05-18,43824.88,OPEN
ORD-002744-3,PO-002744,CUST-00124,2026-05-28,21912.44,OPEN
ORD-002744-4,PO-002744,CUST-01446,2026-05-28,87649.76,OPEN
ORD-002745-1,PO-002745,CUST-02499,2026-08-02,97090.82,OPEN
ORD-002745-2,PO-002745,CUST-00238,2026-07-25,48545.41,OPEN
ORD-002745-3,PO-002745,CUST-00619,2026-07-30,24272.71,OPEN
ORD-002746-1,PO-002746,CUST-00376,2026-07-02,4724.67,OPEN
ORD-002746-2,PO-002746,CUST-01780,2026-07-09,14174.0,OPEN
ORD-002747-1,PO-002747,CUST-00110,2026-03-24,54043.06,OPEN
ORD-002747-2,PO-002747,CUST-00344,2026-03-24,36028.7,OPEN
ORD-002747-3,PO-002747,CUST-00820,2026-03-27,36028.7,OPEN
ORD-002747-4,PO-002747,CUST-01023,2026-03-27,27021.53,OPEN
ORD-002748-1,PO-002748,CUST-01165,2026-07-06,74719.55,OPEN
ORD-002748-2,PO-002748,CUST-00386,2026-07-01,49813.04,OPEN
ORD-002748-3,PO-002748,CUST-00591,2026-07-04,37359.78,OPEN
ORD-002748-4,PO-002748,CUST-00989,2026-07-04,49813.04,OPEN
ORD-002749-1,PO-002749,CUST-01237,2026-05-14,22781.24,OPEN
ORD-002749-2,PO-002749,CUST-02391,2026-05-08,22781.24,OPEN
ORD-002750-1,PO-002750,CUST-02156,2026-05-29,35526.26,OPEN
ORD-002750-2,PO-002750,CUST-01953,2026-05-26,26644.69,OPEN
ORD-002750-3,PO-002750,CUST-01383,2026-05-25,53289.39,OPEN
ORD-002751-1,PO-002751,CUST-00428,2026-04-11,49143.04,OPEN
ORD-002751-2,PO-002751,CUST-01916,2026-04-15,49143.04,OPEN
ORD-002751-3,PO-002751,CUST-01243,2026-04-13,73714.55,OPEN
ORD-002752-1,PO-002752,CUST-01519,2026-08-30,28624.98,OPEN
ORD-002752-2,PO-002752,CUST-01522,2026-08-30,57249.96,OPEN
ORD-002753-1,PO-002753,CUST-00030,2026-04-04,13150.77,OPEN
ORD-002754-1,PO-002754,CUST-01280,2026-03-14,25650.27,OPEN
ORD-002754-2,PO-002754,CUST-00472,2026-03-16,34200.36,OPEN
ORD-002754-3,PO-002754,CUST-00488,2026-03-18,51300.54,OPEN
ORD-002754-4,PO-002754,CUST-02030,2026-03-14,102601.07,OPEN
ORD-002755-1,PO-002755,CUST-00520,2026-06-09,14426.51,OPEN
ORD-002755-2,PO-002755,CUST-01585,2026-06-13,43279.52,OPEN
ORD-002756-1,PO-002756,CUST-01276,2026-08-01,12541.2,OPEN
ORD-002756-2,PO-002756,CUST-00423,2026-07-30,37623.61,OPEN
ORD-002756-3,PO-002756,CUST-00134,2026-08-05,37623.61,OPEN
ORD-002756-4,PO-002756,CUST-00911,2026-07-30,9405.9,OPEN
ORD-002757-1,PO-002757,CUST-01154,2026-08-09,28919.24,OPEN
ORD-002757-2,PO-002757,CUST-00552,2026-08-11,86757.73,OPEN
ORD-002757-3,PO-002757,CUST-01813,2026-08-02,43378.86,OPEN
ORD-002758-1,PO-002758,CUST-02420,2026-04-18,97252.62,OPEN
ORD-002758-2,PO-002758,CUST-01997,2026-04-13,32417.54,OPEN
ORD-002759-1,PO-002759,CUST-01649,2026-06-27,29248.72,OPEN
ORD-002759-2,PO-002759,CUST-01335,2026-06-27,7312.18,OPEN
ORD-002760-1,PO-002760,CUST-00520,2026-07-01,28324.75,OPEN
ORD-002760-2,PO-002760,CUST-00531,2026-07-05,21243.56,OPEN
ORD-002760-3,PO-002760,CUST-02254,2026-06-29,42487.12,OPEN
ORD-002760-4,PO-002760,CUST-01696,2026-07-03,42487.12,OPEN
ORD-002761-1,PO-002761,CUST-00029,2026-04-12,87152.35,OPEN
ORD-002762-1,PO-002762,CUST-02146,2026-04-04,34799.36,OPEN
ORD-002762-2,PO-002762,CUST-00634,2026-04-06,69598.73,OPEN
ORD-002763-1,PO-002763,CUST-00682,2026-01-28,4840.7,OPEN
ORD-002763-2,PO-002763,CUST-01604,2026-01-26,2420.35,OPEN
ORD-002763-3,PO-002763,CUST-00284,2026-01-24,3227.14,OPEN
ORD-002763-4,PO-002763,CUST-01825,2026-01-28,9681.41,OPEN
ORD-002764-1,PO-002764,CUST-00888,2026-06-18,24910.35,OPEN
ORD-002764-2,PO-002764,CUST-02392,2026-06-11,33213.81,OPEN
ORD-002765-1,PO-002765,CUST-00218,2026-06-24,98423.8,OPEN
ORD-002765-2,PO-002765,CUST-01473,2026-06-18,49211.9,OPEN
ORD-002765-3,PO-002765,CUST-01866,2026-06-23,32807.93,OPEN
ORD-002766-1,PO-002766,CUST-02458,2026-03-15,60300.35,OPEN
ORD-002767-1,PO-002767,CUST-02397,2026-04-05,10529.82,OPEN
ORD-002767-2,PO-002767,CUST-00265,2026-04-14,10529.82,OPEN
ORD-002767-3,PO-002767,CUST-00643,2026-04-13,10529.82,OPEN
ORD-002767-4,PO-002767,CUST-02441,2026-04-06,7897.37,OPEN
ORD-002768-1,PO-002768,CUST-01939,2026-03-13,49580.65,OPEN
ORD-002769-1,PO-002769,CUST-00176,2026-04-01,39196.24,OPEN
ORD-002769-2,PO-002769,CUST-00754,2026-03-30,29397.18,OPEN
ORD-002769-3,PO-002769,CUST-02213,2026-04-03,39196.24,OPEN
ORD-002769-4,PO-002769,CUST-00088,2026-04-07,58794.36,OPEN
ORD-002770-1,PO-002770,CUST-01169,2026-04-11,17199.07,OPEN
ORD-002771-1,PO-002771,CUST-01728,2026-06-30,7485.16,OPEN
ORD-002771-2,PO-002771,CUST-01739,2026-07-03,7485.16,OPEN
ORD-002771-3,PO-002771,CUST-01391,2026-06-25,22455.48,OPEN
ORD-002772-1,PO-002772,CUST-01170,2026-07-21,10684.68,OPEN
ORD-002772-2,PO-002772,CUST-01413,2026-07-19,16027.02,OPEN
ORD-002772-3,PO-002772,CUST-01837,2026-07-19,8013.51,OPEN
ORD-002773-1,PO-002773,CUST-01177,2026-07-26,32016.49,OPEN
ORD-002773-2,PO-002773,CUST-01877,2026-07-26,21344.33,OPEN
ORD-002773-3,PO-002773,CUST-01366,2026-07-19,32016.49,OPEN
ORD-002773-4,PO-002773,CUST-00388,2026-07-29,64032.98,OPEN
ORD-002774-1,PO-002774,CUST-02069,2026-03-15,40421.68,OPEN
ORD-002774-2,PO-002774,CUST-00631,2026-03-07,40421.68,OPEN
ORD-002774-3,PO-002774,CUST-02309,2026-03-05,13473.89,OPEN
ORD-002775-1,PO-002775,CUST-01549,2026-03-04,36905.26,OPEN
ORD-002775-2,PO-002775,CUST-01422,2026-03-01,49207.02,OPEN
ORD-002776-1,PO-002776,CUST-01575,2026-05-23,12226.03,OPEN
ORD-002776-2,PO-002776,CUST-01642,2026-05-30,24452.06,OPEN
ORD-002776-3,PO-002776,CUST-00919,2026-05-30,48904.13,OPEN
ORD-002777-1,PO-002777,CUST-00978,2026-04-03,26588.21,OPEN
ORD-002777-2,PO-002777,CUST-00559,2026-04-07,17725.47,OPEN
ORD-002777-3,PO-002777,CUST-01179,2026-04-08,17725.47,OPEN
ORD-002778-1,PO-002778,CUST-00869,2026-07-01,26255.72,OPEN
ORD-002779-1,PO-002779,CUST-02419,2026-06-12,136472.18,OPEN
ORD-002780-1,PO-002780,CUST-00670,2026-08-17,43755.17,OPEN
ORD-002780-2,PO-002780,CUST-00783,2026-08-16,131265.51,OPEN
ORD-002780-3,PO-002780,CUST-01886,2026-08-12,131265.51,OPEN
ORD-002781-1,PO-002781,CUST-00794,2026-08-16,5545.9,OPEN
ORD-002781-2,PO-002781,CUST-02430,2026-08-13,16637.71,OPEN
ORD-002781-3,PO-002781,CUST-01797,2026-08-18,8318.85,OPEN
ORD-002781-4,PO-002781,CUST-02349,2026-08-12,4159.43,OPEN
ORD-002782-1,PO-002782,CUST-02072,2026-06-20,23106.05,OPEN
ORD-002782-2,PO-002782,CUST-02157,2026-06-18,46212.1,OPEN
ORD-002782-3,PO-002782,CUST-01258,2026-06-19,11553.02,OPEN
ORD-002782-4,PO-002782,CUST-02211,2026-06-20,46212.1,OPEN
ORD-002783-1,PO-002783,CUST-00114,2026-06-21,48051.04,OPEN
ORD-002783-2,PO-002783,CUST-00550,2026-06-22,48051.04,OPEN
ORD-002783-3,PO-002783,CUST-02008,2026-06-17,16017.01,OPEN
ORD-002783-4,PO-002783,CUST-01377,2026-06-14,16017.01,OPEN
ORD-002784-1,PO-002784,CUST-01703,2026-04-29,43098.61,OPEN
ORD-002785-1,PO-002785,CUST-01428,2026-05-08,39002.57,OPEN
ORD-002785-2,PO-002785,CUST-00967,2026-05-08,39002.57,OPEN
ORD-002786-1,PO-002786,CUST-01424,2026-02-23,8959.31,OPEN
ORD-002787-1,PO-002787,CUST-01364,2026-07-20,28894.92,OPEN
ORD-002787-2,PO-002787,CUST-02107,2026-07-25,28894.92,OPEN
ORD-002787-3,PO-002787,CUST-00225,2026-07-18,14447.46,OPEN
ORD-002787-4,PO-002787,CUST-01051,2026-07-17,14447.46,OPEN
ORD-002788-1,PO-002788,CUST-01216,2026-01-18,72181.26,OPEN
ORD-002788-2,PO-002788,CUST-01701,2026-01-15,48120.84,OPEN
ORD-002788-3,PO-002788,CUST-00853,2026-01-22,36090.63,OPEN
ORD-002788-4,PO-002788,CUST-00303,2026-01-18,48120.84,OPEN
ORD-002789-1,PO-002789,CUST-00618,2026-06-03,40267.17,OPEN
ORD-002790-1,PO-002790,CUST-00536,2026-03-11,25465.61,OPEN
ORD-002790-2,PO-002790,CUST-02079,2026-03-20,25465.61,OPEN
ORD-002790-3,PO-002790,CUST-02196,2026-03-14,33954.14,OPEN
ORD-002791-1,PO-002791,CUST-01928,2026-06-17,44200.58,OPEN
ORD-002791-2,PO-002791,CUST-01309,2026-06-16,132601.74,OPEN
ORD-002792-1,PO-002792,CUST-00018,2026-01-15,114694.58,OPEN
ORD-002793-1,PO-002793,CUST-02075,2026-05-06,54886.69,OPEN
ORD-002793-2,PO-002793,CUST-02304,2026-05-07,13721.67,OPEN
ORD-002794-1,PO-002794,CUST-02417,2026-04-12,47509.46,OPEN
ORD-002794-2,PO-002794,CUST-02280,2026-04-12,71264.19,OPEN
ORD-002795-1,PO-002795,CUST-01473,2026-03-18,26572.1,OPEN
ORD-002796-1,PO-002796,CUST-00004,2026-08-27,19732.88,OPEN
ORD-002796-2,PO-002796,CUST-01032,2026-08-21,26310.51,OPEN
ORD-002797-1,PO-002797,CUST-01422,2026-05-03,30298.02,OPEN
ORD-002797-2,PO-002797,CUST-01630,2026-05-06,121192.08,OPEN
ORD-002797-3,PO-002797,CUST-00546,2026-05-03,30298.02,OPEN
ORD-002798-1,PO-002798,CUST-00980,2026-02-16,1699.64,OPEN
ORD-002799-1,PO-002799,CUST-01564,2026-08-12,3029.09,OPEN
ORD-002799-2,PO-002799,CUST-00373,2026-08-20,6058.19,OPEN
ORD-002799-3,PO-002799,CUST-02243,2026-08-11,3029.09,OPEN
ORD-002799-4,PO-002799,CUST-00886,2026-08-13,3029.09,OPEN
ORD-002800-1,PO-002800,CUST-00559,2026-03-16,265.28,OPEN
ORD-002800-2,PO-002800,CUST-00700,2026-03-20,397.92,OPEN
ORD-002800-3,PO-002800,CUST-00948,2026-03-11,397.92,OPEN
ORD-002801-1,PO-002801,CUST-02231,2026-01-11,2285.39,OPEN
ORD-002801-2,PO-002801,CUST-01364,2026-01-08,2285.39,OPEN
ORD-002802-1,PO-002802,CUST-02475,2026-05-29,7417.23,OPEN
ORD-002802-2,PO-002802,CUST-01683,2026-05-27,3708.62,OPEN
ORD-002802-3,PO-002802,CUST-01671,2026-05-30,4944.82,OPEN
ORD-002803-1,PO-002803,CUST-00883,2026-03-24,2957.56,OPEN
ORD-002803-2,PO-002803,CUST-02261,2026-03-19,8872.68,OPEN
ORD-002803-3,PO-002803,CUST-00163,2026-03-25,2218.17,OPEN
ORD-002803-4,PO-002803,CUST-00973,2026-03-21,4436.34,OPEN
ORD-002804-1,PO-002804,CUST-01727,2026-02-25,68264.81,OPEN
ORD-002804-2,PO-002804,CUST-00767,2026-02-21,34132.4,OPEN
ORD-002804-3,PO-002804,CUST-02451,2026-02-22,45509.87,OPEN
ORD-002804-4,PO-002804,CUST-01846,2026-02-27,34132.4,OPEN
ORD-002805-1,PO-002805,CUST-01771,2026-06-27,15152.79,OPEN
ORD-002805-2,PO-002805,CUST-00763,2026-06-28,22729.19,OPEN
ORD-002806-1,PO-002806,CUST-00724,2026-02-28,26181.85,OPEN
ORD-002806-2,PO-002806,CUST-02464,2026-02-23,26181.85,OPEN
ORD-002807-1,PO-002807,CUST-01139,2026-07-04,4597.27,OPEN
ORD-002808-1,PO-002808,CUST-01589,2026-04-01,46234.69,OPEN
ORD-002808-2,PO-002808,CUST-02357,2026-04-05,69352.04,OPEN
ORD-002809-1,PO-002809,CUST-01141,2026-01-12,10572.88,OPEN
ORD-002809-2,PO-002809,CUST-02265,2026-01-12,14097.17,OPEN
ORD-002810-1,PO-002810,CUST-01395,2026-05-20,96767.92,OPEN
ORD-002811-1,PO-002811,CUST-01415,2026-03-29,42214.11,OPEN
ORD-002811-2,PO-002811,CUST-00783,2026-04-01,42214.11,OPEN
ORD-002811-3,PO-002811,CUST-02292,2026-04-05,84428.23,OPEN
ORD-002812-1,PO-002812,CUST-01168,2026-06-10,30525.36,OPEN
ORD-002812-2,PO-002812,CUST-01102,2026-06-06,122101.44,OPEN
ORD-002812-3,PO-002812,CUST-01488,2026-06-09,30525.36,OPEN
ORD-002813-1,PO-002813,CUST-00708,2026-06-06,20888.6,OPEN
ORD-002813-2,PO-002813,CUST-01083,2026-06-06,6962.87,OPEN
ORD-002813-3,PO-002813,CUST-01508,2026-05-28,20888.6,OPEN
ORD-002813-4,PO-002813,CUST-00294,2026-05-29,6962.87,OPEN
ORD-002814-1,PO-002814,CUST-00203,2026-05-05,21140.56,OPEN
ORD-002815-1,PO-002815,CUST-00699,2026-03-25,24279.66,OPEN
ORD-002815-2,PO-002815,CUST-00097,2026-03-22,36419.49,OPEN
ORD-002816-1,PO-002816,CUST-00241,2026-02-08,48919.48,OPEN
ORD-002816-2,PO-002816,CUST-01415,2026-02-12,146758.45,OPEN
ORD-002816-3,PO-002816,CUST-00177,2026-02-08,146758.45,OPEN
ORD-002817-1,PO-002817,CUST-00987,2026-08-13,46804.68,OPEN
ORD-002818-1,PO-002818,CUST-01154,2026-02-15,37178.46,OPEN
ORD-002818-2,PO-002818,CUST-01782,2026-02-18,148713.83,OPEN
ORD-002818-3,PO-002818,CUST-00669,2026-02-15,49571.28,OPEN
ORD-002818-4,PO-002818,CUST-00152,2026-02-21,74356.91,OPEN
ORD-002819-1,PO-002819,CUST-01206,2026-07-09,3224.54,OPEN
ORD-002820-1,PO-002820,CUST-02086,2026-04-07,59063.46,OPEN
ORD-002820-2,PO-002820,CUST-00105,2026-04-15,59063.46,OPEN
ORD-002821-1,PO-002821,CUST-00293,2026-08-02,4334.7,OPEN
ORD-002821-2,PO-002821,CUST-00127,2026-08-09,4334.7,OPEN
ORD-002821-3,PO-002821,CUST-00067,2026-08-09,4334.7,OPEN
ORD-002821-4,PO-002821,CUST-01086,2026-08-04,8669.41,OPEN
ORD-002822-1,PO-002822,CUST-01426,2026-04-29,6495.08,OPEN
ORD-002822-2,PO-002822,CUST-01493,2026-05-01,6495.08,OPEN
ORD-002823-1,PO-002823,CUST-01823,2026-05-21,11954.09,OPEN
ORD-002823-2,PO-002823,CUST-01085,2026-05-25,47816.36,OPEN
ORD-002823-3,PO-002823,CUST-01361,2026-05-26,47816.36,OPEN
ORD-002823-4,PO-002823,CUST-00494,2026-05-30,15938.79,OPEN
ORD-002824-1,PO-002824,CUST-02212,2026-05-07,4118.35,OPEN
ORD-002825-1,PO-002825,CUST-01049,2026-02-08,18063.53,OPEN
ORD-002825-2,PO-002825,CUST-01079,2026-02-10,9031.76,OPEN
ORD-002826-1,PO-002826,CUST-02044,2026-06-25,42874.2,OPEN
ORD-002827-1,PO-002827,CUST-00305,2026-02-04,31869.77,OPEN
ORD-002827-2,PO-002827,CUST-00595,2026-02-01,31869.77,OPEN
ORD-002827-3,PO-002827,CUST-01315,2026-02-09,42493.03,OPEN
ORD-002827-4,PO-002827,CUST-02248,2026-02-05,127479.08,OPEN
ORD-002828-1,PO-002828,CUST-01670,2026-07-12,45825.8,OPEN
ORD-002828-2,PO-002828,CUST-02386,2026-07-19,91651.6,OPEN
ORD-002828-3,PO-002828,CUST-00305,2026-07-18,45825.8,OPEN
ORD-002829-1,PO-002829,CUST-00454,2026-07-19,2327.2,OPEN
ORD-002830-1,PO-002830,CUST-01374,2026-08-09,118971.86,OPEN
ORD-002830-2,PO-002830,CUST-01458,2026-08-09,59485.93,OPEN
ORD-002830-3,PO-002830,CUST-00181,2026-08-09,39657.29,OPEN
ORD-002830-4,PO-002830,CUST-00712,2026-08-11,39657.29,OPEN
ORD-002831-1,PO-002831,CUST-00341,2026-06-14,89485.01,OPEN
ORD-002831-2,PO-002831,CUST-02317,2026-06-11,44742.5,OPEN
ORD-002831-3,PO-002831,CUST-01111,2026-06-17,44742.5,OPEN
ORD-002831-4,PO-002831,CUST-01929,2026-06-16,22371.25,OPEN
ORD-002832-1,PO-002832,CUST-00013,2026-06-19,14529.84,OPEN
ORD-002833-1,PO-002833,CUST-00783,2026-05-10,45823.54,OPEN
ORD-002833-2,PO-002833,CUST-02361,2026-05-14,22911.77,OPEN
ORD-002833-3,PO-002833,CUST-01020,2026-05-17,45823.54,OPEN
ORD-002834-1,PO-002834,CUST-00480,2026-06-16,8338.12,OPEN
ORD-002834-2,PO-002834,CUST-00238,2026-06-20,6253.59,OPEN
ORD-002834-3,PO-002834,CUST-00453,2026-06-20,6253.59,OPEN
ORD-002834-4,PO-002834,CUST-00007,2026-06-22,8338.12,OPEN
ORD-002835-1,PO-002835,CUST-01688,2026-07-17,42706.97,OPEN
ORD-002835-2,PO-002835,CUST-00847,2026-07-16,42706.97,OPEN
ORD-002835-3,PO-002835,CUST-00181,2026-07-19,28471.31,OPEN
ORD-002835-4,PO-002835,CUST-01754,2026-07-16,21353.49,OPEN
ORD-002836-1,PO-002836,CUST-02247,2026-05-15,97015.93,OPEN
ORD-002836-2,PO-002836,CUST-01478,2026-05-21,48507.96,OPEN
ORD-002836-3,PO-002836,CUST-01440,2026-05-23,97015.93,OPEN
ORD-002837-1,PO-002837,CUST-00866,2026-03-23,40032.59,OPEN
ORD-002838-1,PO-002838,CUST-00378,2026-04-13,605.33,OPEN
ORD-002839-1,PO-002839,CUST-02138,2026-07-15,33697.3,OPEN
ORD-002839-2,PO-002839,CUST-00549,2026-07-09,67394.6,OPEN
ORD-002840-1,PO-002840,CUST-01798,2026-06-01,31277.95,OPEN
ORD-002841-1,PO-002841,CUST-00431,2026-03-23,14323.57,OPEN
ORD-002841-2,PO-002841,CUST-00727,2026-03-18,14323.57,OPEN
ORD-002841-3,PO-002841,CUST-02290,2026-03-13,14323.57,OPEN
ORD-002842-1,PO-002842,CUST-01811,2026-06-03,2325.93,OPEN
ORD-002842-2,PO-002842,CUST-00834,2026-06-06,3101.25,OPEN
ORD-002842-3,PO-002842,CUST-01060,2026-06-04,4651.87,OPEN
ORD-002842-4,PO-002842,CUST-02452,2026-06-03,4651.87,OPEN
ORD-002843-1,PO-002843,CUST-02211,2026-02-16,2244.95,OPEN
ORD-002844-1,PO-002844,CUST-00397,2026-03-08,31761.63,OPEN
ORD-002844-2,PO-002844,CUST-02363,2026-03-14,95284.89,OPEN
ORD-002845-1,PO-002845,CUST-02043,2026-02-08,133050.38,OPEN
ORD-002846-1,PO-002846,CUST-01633,2026-08-27,30027.97,OPEN
ORD-002846-2,PO-002846,CUST-00513,2026-08-24,45041.96,OPEN
ORD-002847-1,PO-002847,CUST-00694,2026-02-07,65013.35,OPEN
ORD-002847-2,PO-002847,CUST-02144,2026-02-03,32506.67,OPEN
ORD-002847-3,PO-002847,CUST-01357,2026-02-09,21671.12,OPEN
ORD-002848-1,PO-002848,CUST-01025,2026-07-09,19948.75,OPEN
ORD-002848-2,PO-002848,CUST-02397,2026-07-04,39897.5,OPEN
ORD-002848-3,PO-002848,CUST-02485,2026-07-06,39897.5,OPEN
ORD-002848-4,PO-002848,CUST-00956,2026-07-01,39897.5,OPEN
ORD-002849-1,PO-002849,CUST-00920,2026-04-20,6548.33,OPEN
ORD-002849-2,PO-002849,CUST-00152,2026-04-19,3274.16,OPEN
ORD-002849-3,PO-002849,CUST-01796,2026-04-24,4365.55,OPEN
ORD-002850-1,PO-002850,CUST-01045,2026-06-05,23120.53,OPEN
ORD-002850-2,PO-002850,CUST-00650,2026-06-04,46241.06,OPEN
ORD-002851-1,PO-002851,CUST-01637,2026-05-21,46852.21,OPEN
ORD-002851-2,PO-002851,CUST-00654,2026-05-23,140556.63,OPEN
ORD-002852-1,PO-002852,CUST-01549,2026-07-09,1177.13,OPEN
ORD-002853-1,PO-002853,CUST-01477,2026-05-14,25453.05,OPEN
ORD-002853-2,PO-002853,CUST-02281,2026-05-18,50906.1,OPEN
ORD-002854-1,PO-002854,CUST-02353,2026-06-10,49512.47,OPEN
ORD-002854-2,PO-002854,CUST-01040,2026-06-13,49512.47,OPEN
ORD-002854-3,PO-002854,CUST-02143,2026-06-19,99024.95,OPEN
ORD-002855-1,PO-002855,CUST-02277,2026-01-15,10524.08,OPEN
ORD-002855-2,PO-002855,CUST-00825,2026-01-13,7016.06,OPEN
ORD-002855-3,PO-002855,CUST-02462,2026-01-12,5262.04,OPEN
ORD-002856-1,PO-002856,CUST-01471,2026-06-30,79265.27,OPEN
ORD-002856-2,PO-002856,CUST-00978,2026-07-10,39632.64,OPEN
ORD-002856-3,PO-002856,CUST-02483,2026-07-01,39632.64,OPEN
ORD-002856-4,PO-002856,CUST-01422,2026-07-09,26421.76,OPEN
ORD-002857-1,PO-002857,CUST-01260,2026-03-03,29230.39,OPEN
ORD-002857-2,PO-002857,CUST-01264,2026-02-21,29230.39,OPEN
ORD-002857-3,PO-002857,CUST-00820,2026-02-23,116921.57,OPEN
ORD-002858-1,PO-002858,CUST-01832,2026-06-24,26698.19,OPEN
ORD-002858-2,PO-002858,CUST-00142,2026-06-21,106792.78,OPEN
ORD-002858-3,PO-002858,CUST-01572,2026-06-21,26698.19,OPEN
ORD-002858-4,PO-002858,CUST-01608,2026-06-26,53396.39,OPEN
ORD-002859-1,PO-002859,CUST-01460,2026-01-22,40733.96,OPEN
ORD-002859-2,PO-002859,CUST-01295,2026-01-21,20366.98,OPEN
ORD-002859-3,PO-002859,CUST-02083,2026-01-19,13577.99,OPEN
ORD-002859-4,PO-002859,CUST-01707,2026-01-22,20366.98,OPEN
ORD-002860-1,PO-002860,CUST-00832,2026-05-01,19840.1,OPEN
ORD-002860-2,PO-002860,CUST-01602,2026-04-25,26453.47,OPEN
ORD-002860-3,PO-002860,CUST-00353,2026-05-01,26453.47,OPEN
ORD-002861-1,PO-002861,CUST-02093,2026-08-23,27247.97,OPEN
ORD-002861-2,PO-002861,CUST-00518,2026-08-27,27247.97,OPEN
ORD-002862-1,PO-002862,CUST-00920,2026-05-03,36020.93,OPEN
ORD-002862-2,PO-002862,CUST-01412,2026-05-04,24013.96,OPEN
ORD-002862-3,PO-002862,CUST-00027,2026-05-10,24013.96,OPEN
ORD-002863-1,PO-002863,CUST-01542,2026-04-20,61429.14,OPEN
ORD-002863-2,PO-002863,CUST-01861,2026-04-24,61429.14,OPEN
ORD-002863-3,PO-002863,CUST-00057,2026-04-23,40952.76,OPEN
ORD-002864-1,PO-002864,CUST-01223,2026-06-07,16904.17,OPEN
ORD-002864-2,PO-002864,CUST-02370,2026-06-06,67616.68,OPEN
ORD-002864-3,PO-002864,CUST-01053,2026-06-04,22538.89,OPEN
ORD-002865-1,PO-002865,CUST-01578,2026-04-03,18974.23,OPEN
ORD-002866-1,PO-002866,CUST-00258,2026-01-18,10311.92,OPEN
ORD-002866-2,PO-002866,CUST-01092,2026-01-19,13749.22,OPEN
ORD-002866-3,PO-002866,CUST-00984,2026-01-18,10311.92,OPEN
ORD-002867-1,PO-002867,CUST-02194,2026-08-14,42387.98,OPEN
ORD-002868-1,PO-002868,CUST-01045,2026-05-18,39505.55,OPEN
ORD-002868-2,PO-002868,CUST-01259,2026-05-19,39505.55,OPEN
ORD-002868-3,PO-002868,CUST-01438,2026-05-13,79011.1,OPEN
ORD-002868-4,PO-002868,CUST-01968,2026-05-19,39505.55,OPEN
ORD-002869-1,PO-002869,CUST-00867,2026-02-02,31478.76,OPEN
ORD-002869-2,PO-002869,CUST-02161,2026-02-02,62957.51,OPEN
ORD-002870-1,PO-002870,CUST-01630,2026-03-25,3497.85,OPEN
ORD-002871-1,PO-002871,CUST-00706,2026-04-26,6464.4,OPEN
ORD-002871-2,PO-002871,CUST-00738,2026-04-27,12928.8,OPEN
ORD-002871-3,PO-002871,CUST-00516,2026-04-28,12928.8,OPEN
ORD-002871-4,PO-002871,CUST-01803,2026-04-25,6464.4,OPEN
ORD-002872-1,PO-002872,CUST-01368,2026-08-11,33373.4,OPEN
ORD-002872-2,PO-002872,CUST-00788,2026-08-09,33373.4,OPEN
ORD-002872-3,PO-002872,CUST-00107,2026-08-13,66746.8,OPEN
ORD-002873-1,PO-002873,CUST-00527,2026-03-04,38902.85,OPEN
ORD-002873-2,PO-002873,CUST-01417,2026-02-28,116708.55,OPEN
ORD-002873-3,PO-002873,CUST-00272,2026-03-01,58354.28,OPEN
ORD-002874-1,PO-002874,CUST-01869,2026-01-22,16742.51,OPEN
ORD-002874-2,PO-002874,CUST-00480,2026-02-01,33485.02,OPEN
ORD-002874-3,PO-002874,CUST-01281,2026-01-28,22323.35,OPEN
ORD-002874-4,PO-002874,CUST-01640,2026-01-25,33485.02,OPEN
ORD-002875-1,PO-002875,CUST-00363,2026-01-06,64179.92,OPEN
ORD-002875-2,PO-002875,CUST-01229,2026-01-05,42786.61,OPEN
ORD-002876-1,PO-002876,CUST-02339,2026-07-25,42815.19,OPEN
ORD-002876-2,PO-002876,CUST-00391,2026-07-16,64222.78,OPEN
ORD-002876-3,PO-002876,CUST-01756,2026-07-16,42815.19,OPEN
ORD-002877-1,PO-002877,CUST-01520,2026-02-22,2215.45,OPEN
ORD-002877-2,PO-002877,CUST-02091,2026-02-23,1661.59,OPEN
ORD-002878-1,PO-002878,CUST-00125,2026-03-06,63193.83,OPEN
ORD-002878-2,PO-002878,CUST-01690,2026-03-05,31596.92,OPEN
ORD-002878-3,PO-002878,CUST-00112,2026-03-11,31596.92,OPEN
ORD-002879-1,PO-002879,CUST-00313,2026-08-20,74420.68,OPEN
ORD-002879-2,PO-002879,CUST-01831,2026-08-13,49613.79,OPEN
ORD-002880-1,PO-002880,CUST-02059,2026-01-13,32457.28,OPEN
ORD-002880-2,PO-002880,CUST-00567,2026-01-14,64914.56,OPEN
ORD-002881-1,PO-002881,CUST-00430,2026-07-14,89010.79,OPEN
ORD-002881-2,PO-002881,CUST-01432,2026-07-15,29670.26,OPEN
ORD-002882-1,PO-002882,CUST-00973,2026-04-30,84042.26,OPEN
ORD-002882-2,PO-002882,CUST-01339,2026-04-22,84042.26,OPEN
ORD-002882-3,PO-002882,CUST-00325,2026-04-28,84042.26,OPEN
ORD-002882-4,PO-002882,CUST-00866,2026-04-23,28014.09,OPEN
ORD-002883-1,PO-002883,CUST-01410,2026-05-08,39667.5,OPEN
ORD-002884-1,PO-002884,CUST-02439,2026-06-21,27750.43,OPEN
ORD-002885-1,PO-002885,CUST-01200,2026-08-07,37170.79,OPEN
ORD-002886-1,PO-002886,CUST-02221,2026-03-28,47720.79,OPEN
ORD-002887-1,PO-002887,CUST-00440,2026-01-13,135205.8,OPEN
ORD-002888-1,PO-002888,CUST-01491,2026-07-12,20914.93,OPEN
ORD-002888-2,PO-002888,CUST-02490,2026-07-19,20914.93,OPEN
ORD-002888-3,PO-002888,CUST-00013,2026-07-11,62744.8,OPEN
ORD-002889-1,PO-002889,CUST-00734,2026-04-11,14934.44,OPEN
ORD-002890-1,PO-002890,CUST-00177,2026-09-04,11646.38,OPEN
ORD-002890-2,PO-002890,CUST-01322,2026-08-30,15528.51,OPEN
ORD-002890-3,PO-002890,CUST-02336,2026-09-05,11646.38,OPEN
ORD-002891-1,PO-002891,CUST-02318,2026-01-10,126587.26,OPEN
ORD-002891-2,PO-002891,CUST-00007,2026-01-12,126587.26,OPEN
ORD-002891-3,PO-002891,CUST-01624,2026-01-19,126587.26,OPEN
ORD-002892-1,PO-002892,CUST-02066,2026-06-10,43390.96,OPEN
ORD-002892-2,PO-002892,CUST-00775,2026-06-09,43390.96,OPEN
ORD-002893-1,PO-002893,CUST-01983,2026-01-14,49831.46,OPEN
ORD-002893-2,PO-002893,CUST-00786,2026-01-18,149494.37,OPEN
ORD-002894-1,PO-002894,CUST-02261,2026-05-01,10439.82,OPEN
ORD-002894-2,PO-002894,CUST-02128,2026-05-10,10439.82,OPEN
ORD-002895-1,PO-002895,CUST-00092,2026-04-30,12725.11,OPEN
ORD-002896-1,PO-002896,CUST-00995,2026-08-26,41433.13,OPEN
ORD-002897-1,PO-002897,CUST-01247,2026-08-21,1835.16,OPEN
ORD-002897-2,PO-002897,CUST-01028,2026-08-15,2752.74,OPEN
ORD-002897-3,PO-002897,CUST-01333,2026-08-13,1835.16,OPEN
ORD-002898-1,PO-002898,CUST-00321,2026-07-04,21510.42,OPEN
ORD-002898-2,PO-002898,CUST-02311,2026-06-30,43020.83,OPEN
ORD-002898-3,PO-002898,CUST-00240,2026-06-29,86041.67,OPEN
ORD-002899-1,PO-002899,CUST-00449,2026-02-08,12583.09,OPEN
ORD-002900-1,PO-002900,CUST-01405,2026-05-12,36360.88,OPEN
ORD-002900-2,PO-002900,CUST-00506,2026-05-13,72721.76,OPEN
ORD-002900-3,PO-002900,CUST-02115,2026-05-21,48481.18,OPEN
ORD-002901-1,PO-002901,CUST-01720,2026-01-17,25122.2,OPEN
ORD-002901-2,PO-002901,CUST-01511,2026-01-23,8374.07,OPEN
ORD-002902-1,PO-002902,CUST-00408,2026-08-26,12412.57,OPEN
ORD-002902-2,PO-002902,CUST-01611,2026-08-24,12412.57,OPEN
ORD-002903-1,PO-002903,CUST-01404,2026-07-14,73256.6,OPEN
ORD-002903-2,PO-002903,CUST-01108,2026-07-16,73256.6,OPEN
ORD-002903-3,PO-002903,CUST-01786,2026-07-21,73256.6,OPEN
ORD-002904-1,PO-002904,CUST-02056,2026-03-27,142917.4,OPEN
ORD-002904-2,PO-002904,CUST-00501,2026-04-02,47639.13,OPEN
ORD-002905-1,PO-002905,CUST-01529,2026-09-01,143642.79,OPEN
ORD-002905-2,PO-002905,CUST-02429,2026-08-24,47880.93,OPEN
ORD-002905-3,PO-002905,CUST-01049,2026-08-25,35910.7,OPEN
ORD-002905-4,PO-002905,CUST-00394,2026-08-25,71821.4,OPEN
ORD-002906-1,PO-002906,CUST-00664,2026-02-15,40041.09,OPEN
ORD-002906-2,PO-002906,CUST-01880,2026-02-15,40041.09,OPEN
ORD-002907-1,PO-002907,CUST-01375,2026-06-17,32451.66,OPEN
ORD-002907-2,PO-002907,CUST-00438,2026-06-18,48677.5,OPEN
ORD-002908-1,PO-002908,CUST-00568,2026-02-08,108389.16,OPEN
ORD-002909-1,PO-002909,CUST-01239,2026-01-08,4444.35,OPEN
ORD-002910-1,PO-002910,CUST-00566,2026-03-10,23337.79,OPEN
ORD-002911-1,PO-002911,CUST-02308,2026-05-02,1339.6,OPEN
ORD-002911-2,PO-002911,CUST-02391,2026-05-11,1004.7,OPEN
ORD-002911-3,PO-002911,CUST-01440,2026-05-09,2009.4,OPEN
ORD-002911-4,PO-002911,CUST-00319,2026-05-08,1339.6,OPEN
ORD-002912-1,PO-002912,CUST-01851,2026-08-16,16862.79,OPEN
ORD-002912-2,PO-002912,CUST-00892,2026-08-13,33725.58,OPEN
ORD-002912-3,PO-002912,CUST-00165,2026-08-15,67451.17,OPEN
ORD-002913-1,PO-002913,CUST-00754,2026-06-07,43201.76,OPEN
ORD-002913-2,PO-002913,CUST-00590,2026-06-08,129605.28,OPEN
ORD-002913-3,PO-002913,CUST-00527,2026-06-11,64802.64,OPEN
ORD-002914-1,PO-002914,CUST-01248,2026-07-13,33898.26,OPEN
ORD-002914-2,PO-002914,CUST-00305,2026-07-06,8474.57,OPEN
ORD-002915-1,PO-002915,CUST-00469,2026-03-20,25473.04,OPEN
ORD-002915-2,PO-002915,CUST-00279,2026-03-28,33964.06,OPEN
ORD-002915-3,PO-002915,CUST-02233,2026-03-25,25473.04,OPEN
ORD-002915-4,PO-002915,CUST-00808,2026-03-23,101892.18,OPEN
ORD-002916-1,PO-002916,CUST-01235,2026-08-30,34597.72,OPEN
ORD-002917-1,PO-002917,CUST-01827,2026-07-11,63079.36,OPEN
ORD-002917-2,PO-002917,CUST-01419,2026-07-12,31539.68,OPEN
ORD-002917-3,PO-002917,CUST-01463,2026-07-15,126158.71,OPEN
ORD-002918-1,PO-002918,CUST-01144,2026-01-28,44467.09,OPEN
ORD-002918-2,PO-002918,CUST-01067,2026-01-20,33350.32,OPEN
ORD-002918-3,PO-002918,CUST-01132,2026-01-22,66700.64,OPEN
ORD-002919-1,PO-002919,CUST-01879,2026-04-18,14691.17,OPEN
ORD-002919-2,PO-002919,CUST-01668,2026-04-22,58764.7,OPEN
ORD-002919-3,PO-002919,CUST-01805,2026-04-16,14691.17,OPEN
ORD-002920-1,PO-002920,CUST-01536,2026-05-07,14529.83,OPEN
ORD-002920-2,PO-002920,CUST-00993,2026-05-06,21794.75,OPEN
ORD-002920-3,PO-002920,CUST-01302,2026-05-09,43589.5,OPEN
ORD-002920-4,PO-002920,CUST-00496,2026-05-04,14529.83,OPEN
ORD-002921-1,PO-002921,CUST-01951,2026-04-05,99450.44,OPEN
ORD-002922-1,PO-002922,CUST-00292,2026-06-11,96165.0,OPEN
ORD-002922-2,PO-002922,CUST-00428,2026-06-12,32055.0,OPEN
ORD-002923-1,PO-002923,CUST-00521,2026-06-06,6680.94,OPEN
ORD-002923-2,PO-002923,CUST-01401,2026-06-05,8907.92,OPEN
ORD-002923-3,PO-002923,CUST-02041,2026-06-05,26723.76,OPEN
ORD-002924-1,PO-002924,CUST-00885,2026-04-23,16149.07,OPEN
ORD-002924-2,PO-002924,CUST-00631,2026-04-23,24223.6,OPEN
ORD-002924-3,PO-002924,CUST-01128,2026-04-23,48447.2,OPEN
ORD-002925-1,PO-002925,CUST-01395,2026-08-22,21460.0,OPEN
ORD-002925-2,PO-002925,CUST-01142,2026-08-30,85840.01,OPEN
ORD-002925-3,PO-002925,CUST-01685,2026-08-26,85840.01,OPEN
ORD-002925-4,PO-002925,CUST-01532,2026-08-27,42920.0,OPEN
ORD-002926-1,PO-002926,CUST-00735,2026-02-20,73074.63,OPEN
ORD-002926-2,PO-002926,CUST-01423,2026-02-11,36537.32,OPEN
ORD-002926-3,PO-002926,CUST-00465,2026-02-20,36537.32,OPEN
ORD-002926-4,PO-002926,CUST-01117,2026-02-19,48716.42,OPEN
ORD-002927-1,PO-002927,CUST-00137,2026-04-13,37881.73,OPEN
ORD-002928-1,PO-002928,CUST-00589,2026-05-06,15221.18,OPEN
ORD-002928-2,PO-002928,CUST-00491,2026-05-07,20294.91,OPEN
ORD-002928-3,PO-002928,CUST-02468,2026-05-11,60884.74,OPEN
ORD-002929-1,PO-002929,CUST-01449,2026-08-24,21674.66,OPEN
ORD-002929-2,PO-002929,CUST-01108,2026-08-20,43349.32,OPEN
ORD-002929-3,PO-002929,CUST-00192,2026-08-16,21674.66,OPEN
ORD-002930-1,PO-002930,CUST-01040,2026-08-29,17146.71,OPEN
ORD-002930-2,PO-002930,CUST-01640,2026-09-01,34293.42,OPEN
ORD-002931-1,PO-002931,CUST-00875,2026-01-19,3191.3,OPEN
ORD-002931-2,PO-002931,CUST-00426,2026-01-09,12765.2,OPEN
ORD-002931-3,PO-002931,CUST-00706,2026-01-09,4255.07,OPEN
ORD-002931-4,PO-002931,CUST-02170,2026-01-11,6382.6,OPEN
ORD-002932-1,PO-002932,CUST-01174,2026-02-07,10650.3,OPEN
ORD-002932-2,PO-002932,CUST-00767,2026-02-13,15975.45,OPEN
ORD-002932-3,PO-002932,CUST-02249,2026-02-15,7987.73,OPEN
ORD-002933-1,PO-002933,CUST-01501,2026-08-06,4222.96,OPEN
ORD-002933-2,PO-002933,CUST-02399,2026-08-07,4222.96,OPEN
ORD-002933-3,PO-002933,CUST-00229,2026-08-15,4222.96,OPEN
ORD-002933-4,PO-002933,CUST-00318,2026-08-09,4222.96,OPEN
ORD-002934-1,PO-002934,CUST-01751,2026-03-21,35650.18,OPEN
ORD-002935-1,PO-002935,CUST-01905,2026-01-25,22064.15,OPEN
ORD-002935-2,PO-002935,CUST-01878,2026-01-31,22064.15,OPEN
ORD-002935-3,PO-002935,CUST-01317,2026-01-22,44128.31,OPEN
ORD-002936-1,PO-002936,CUST-01334,2026-08-08,9477.74,OPEN
ORD-002936-2,PO-002936,CUST-00354,2026-08-02,9477.74,OPEN
ORD-002936-3,PO-002936,CUST-01658,2026-08-07,28433.21,OPEN
ORD-002936-4,PO-002936,CUST-00763,2026-08-01,14216.6,OPEN
ORD-002937-1,PO-002937,CUST-01424,2026-07-15,8873.05,OPEN
ORD-002937-2,PO-002937,CUST-00732,2026-07-24,4436.52,OPEN
ORD-002937-3,PO-002937,CUST-00572,2026-07-20,5915.36,OPEN
ORD-002938-1,PO-002938,CUST-01354,2026-09-02,13137.15,OPEN
ORD-002939-1,PO-002939,CUST-01492,2026-04-16,18822.61,OPEN
ORD-002939-2,PO-002939,CUST-01774,2026-04-17,14116.96,OPEN
ORD-002940-1,PO-002940,CUST-00797,2026-03-10,74781.77,OPEN
ORD-002941-1,PO-002941,CUST-02140,2026-08-12,23877.17,OPEN
ORD-002941-2,PO-002941,CUST-02221,2026-08-16,95508.69,OPEN
ORD-002942-1,PO-002942,CUST-00587,2026-04-17,25358.64,OPEN
ORD-002943-1,PO-002943,CUST-00637,2026-07-04,61670.25,OPEN
ORD-002943-2,PO-002943,CUST-01854,2026-06-30,30835.12,OPEN
ORD-002943-3,PO-002943,CUST-00885,2026-06-29,61670.25,OPEN
ORD-002944-1,PO-002944,CUST-01670,2026-05-18,62130.53,OPEN
ORD-002944-2,PO-002944,CUST-02338,2026-05-17,41420.35,OPEN
ORD-002945-1,PO-002945,CUST-02352,2026-08-02,15694.97,OPEN
ORD-002945-2,PO-002945,CUST-00122,2026-08-01,20926.62,OPEN
ORD-002946-1,PO-002946,CUST-00309,2026-07-30,37206.04,OPEN
ORD-002947-1,PO-002947,CUST-00947,2026-06-03,40185.92,OPEN
ORD-002947-2,PO-002947,CUST-01101,2026-06-10,40185.92,OPEN
ORD-002947-3,PO-002947,CUST-01983,2026-06-05,40185.92,OPEN
ORD-002948-1,PO-002948,CUST-00605,2026-04-12,36767.32,OPEN
ORD-002948-2,PO-002948,CUST-00599,2026-04-15,36767.32,OPEN
ORD-002948-3,PO-002948,CUST-02370,2026-04-11,18383.66,OPEN
ORD-002948-4,PO-002948,CUST-01039,2026-04-19,18383.66,OPEN
ORD-002949-1,PO-002949,CUST-00711,2026-03-28,30578.64,OPEN
ORD-002949-2,PO-002949,CUST-00921,2026-04-02,122314.55,OPEN
ORD-002949-3,PO-002949,CUST-00020,2026-04-03,30578.64,OPEN
ORD-002949-4,PO-002949,CUST-00611,2026-04-04,40771.52,OPEN
ORD-002950-1,PO-002950,CUST-02098,2026-07-20,46071.46,OPEN
ORD-002951-1,PO-002951,CUST-02388,2026-06-27,1070.91,OPEN
ORD-002951-2,PO-002951,CUST-01637,2026-06-26,356.97,OPEN
ORD-002952-1,PO-002952,CUST-00260,2026-07-27,20637.69,OPEN
ORD-002952-2,PO-002952,CUST-01455,2026-07-24,20637.69,OPEN
ORD-002952-3,PO-002952,CUST-02446,2026-07-27,61913.08,OPEN
ORD-002952-4,PO-002952,CUST-01663,2026-07-27,15478.27,OPEN
ORD-002953-1,PO-002953,CUST-01186,2026-04-17,41573.45,OPEN
ORD-002953-2,PO-002953,CUST-01102,2026-04-17,41573.45,OPEN
ORD-002953-3,PO-002953,CUST-02487,2026-04-09,13857.82,OPEN
ORD-002954-1,PO-002954,CUST-00606,2026-02-24,6128.77,OPEN
ORD-002954-2,PO-002954,CUST-01236,2026-02-21,9193.16,OPEN
ORD-002954-3,PO-002954,CUST-00786,2026-03-01,4596.58,OPEN
ORD-002954-4,PO-002954,CUST-00953,2026-03-02,18386.31,OPEN
ORD-002955-1,PO-002955,CUST-02214,2026-05-06,16445.38,OPEN
ORD-002955-2,PO-002955,CUST-02074,2026-05-02,49336.13,OPEN
ORD-002956-1,PO-002956,CUST-00359,2026-05-05,5205.89,OPEN
ORD-002956-2,PO-002956,CUST-00827,2026-05-12,3904.42,OPEN
ORD-002956-3,PO-002956,CUST-01801,2026-05-05,15617.67,OPEN
ORD-002957-1,PO-002957,CUST-01828,2026-08-22,49999.72,OPEN
ORD-002957-2,PO-002957,CUST-00865,2026-08-22,49999.72,OPEN
ORD-002958-1,PO-002958,CUST-00603,2026-04-01,22876.33,OPEN
ORD-002958-2,PO-002958,CUST-02334,2026-04-01,22876.33,OPEN
ORD-002958-3,PO-002958,CUST-02258,2026-03-28,15250.89,OPEN
ORD-002958-4,PO-002958,CUST-01420,2026-03-26,15250.89,OPEN
ORD-002959-1,PO-002959,CUST-01513,2026-06-02,71572.93,OPEN
ORD-002960-1,PO-002960,CUST-00409,2026-02-03,46027.34,OPEN
ORD-002960-2,PO-002960,CUST-00455,2026-02-05,34520.5,OPEN
ORD-002961-1,PO-002961,CUST-01306,2026-08-12,58211.45,OPEN
ORD-002962-1,PO-002962,CUST-00521,2026-07-01,3465.87,OPEN
ORD-002962-2,PO-002962,CUST-01711,2026-07-01,3465.87,OPEN
ORD-002962-3,PO-002962,CUST-00714,2026-06-27,3465.87,OPEN
ORD-002962-4,PO-002962,CUST-00002,2026-07-02,1155.29,OPEN
ORD-002963-1,PO-002963,CUST-01118,2026-02-07,148097.8,OPEN
ORD-002963-2,PO-002963,CUST-00801,2026-02-11,74048.9,OPEN
ORD-002963-3,PO-002963,CUST-01818,2026-02-06,37024.45,OPEN
ORD-002963-4,PO-002963,CUST-01057,2026-02-10,37024.45,OPEN
ORD-002964-1,PO-002964,CUST-01856,2026-06-08,123189.68,OPEN
ORD-002964-2,PO-002964,CUST-01602,2026-06-05,41063.23,OPEN
ORD-002964-3,PO-002964,CUST-00959,2026-06-06,41063.23,OPEN
ORD-002965-1,PO-002965,CUST-01153,2026-06-11,43673.46,OPEN
ORD-002965-2,PO-002965,CUST-02384,2026-06-10,131020.39,OPEN
ORD-002965-3,PO-002965,CUST-01458,2026-06-08,65510.19,OPEN
ORD-002965-4,PO-002965,CUST-01607,2026-06-13,43673.46,OPEN
ORD-002966-1,PO-002966,CUST-00778,2026-03-05,38331.6,OPEN
ORD-002966-2,PO-002966,CUST-01992,2026-02-27,19165.8,OPEN
ORD-002967-1,PO-002967,CUST-01910,2026-03-02,35013.69,OPEN
ORD-002968-1,PO-002968,CUST-00929,2026-05-17,46570.1,OPEN
ORD-002968-2,PO-002968,CUST-01660,2026-05-15,34927.57,OPEN
ORD-002969-1,PO-002969,CUST-01403,2026-01-25,34744.05,OPEN
ORD-002969-2,PO-002969,CUST-02481,2026-01-25,34744.05,OPEN
ORD-002969-3,PO-002969,CUST-02328,2026-01-20,17372.03,OPEN
ORD-002969-4,PO-002969,CUST-02486,2026-01-25,34744.05,OPEN
ORD-002970-1,PO-002970,CUST-01333,2026-07-28,40138.87,OPEN
ORD-002970-2,PO-002970,CUST-02378,2026-07-21,30104.15,OPEN
ORD-002971-1,PO-002971,CUST-01460,2026-01-24,47178.66,OPEN
ORD-002971-2,PO-002971,CUST-01895,2026-01-22,11794.67,OPEN
ORD-002971-3,PO-002971,CUST-02254,2026-01-26,23589.33,OPEN
ORD-002972-1,PO-002972,CUST-01906,2026-03-31,969.3,OPEN
ORD-002972-2,PO-002972,CUST-01892,2026-03-26,1292.41,OPEN
ORD-002973-1,PO-002973,CUST-00002,2026-01-18,144726.52,OPEN
ORD-002973-2,PO-002973,CUST-00404,2026-01-19,48242.17,OPEN
ORD-002973-3,PO-002973,CUST-00695,2026-01-13,36181.63,OPEN
ORD-002973-4,PO-002973,CUST-01486,2026-01-19,144726.52,OPEN
ORD-002974-1,PO-002974,CUST-02309,2026-07-10,55597.14,OPEN
ORD-002975-1,PO-002975,CUST-02397,2026-07-30,23998.79,OPEN
ORD-002976-1,PO-002976,CUST-00723,2026-07-24,27636.17,OPEN
ORD-002976-2,PO-002976,CUST-01517,2026-07-20,36848.23,OPEN
ORD-002976-3,PO-002976,CUST-02065,2026-07-23,27636.17,OPEN
ORD-002976-4,PO-002976,CUST-02026,2026-07-20,36848.23,OPEN
ORD-002977-1,PO-002977,CUST-00950,2026-03-24,14205.79,OPEN
ORD-002977-2,PO-002977,CUST-01698,2026-03-25,18941.05,OPEN
ORD-002977-3,PO-002977,CUST-00849,2026-03-31,56823.15,OPEN
ORD-002978-1,PO-002978,CUST-00169,2026-07-23,4216.81,OPEN
ORD-002978-2,PO-002978,CUST-01044,2026-07-22,2108.41,OPEN
ORD-002978-3,PO-002978,CUST-00825,2026-07-31,8433.63,OPEN
ORD-002979-1,PO-002979,CUST-00836,2026-09-05,69965.99,OPEN
ORD-002979-2,PO-002979,CUST-01860,2026-09-05,139931.97,OPEN
ORD-002979-3,PO-002979,CUST-02177,2026-08-28,139931.97,OPEN
ORD-002979-4,PO-002979,CUST-01777,2026-09-01,139931.97,OPEN
ORD-002980-1,PO-002980,CUST-00348,2026-03-08,10520.78,OPEN
ORD-002980-2,PO-002980,CUST-00632,2026-03-06,10520.78,OPEN
ORD-002980-3,PO-002980,CUST-01635,2026-03-06,5260.39,OPEN
ORD-002980-4,PO-002980,CUST-01458,2026-02-26,5260.39,OPEN
ORD-002981-1,PO-002981,CUST-00285,2026-03-07,117459.42,OPEN
ORD-002981-2,PO-002981,CUST-01849,2026-03-08,39153.14,OPEN
ORD-002981-3,PO-002981,CUST-01020,2026-03-11,29364.85,OPEN
ORD-002982-1,PO-002982,CUST-00590,2026-02-14,15423.88,OPEN
ORD-002982-2,PO-002982,CUST-01414,2026-02-12,11567.91,OPEN
ORD-002983-1,PO-002983,CUST-01964,2026-01-12,30425.7,OPEN
ORD-002983-2,PO-002983,CUST-01393,2026-01-09,45638.55,OPEN
ORD-002984-1,PO-002984,CUST-02129,2026-01-10,28875.19,OPEN
ORD-002984-2,PO-002984,CUST-00887,2026-01-13,19250.13,OPEN
ORD-002985-1,PO-002985,CUST-00965,2026-08-14,13555.88,OPEN
ORD-002985-2,PO-002985,CUST-01357,2026-08-16,9037.25,OPEN
ORD-002985-3,PO-002985,CUST-00007,2026-08-08,27111.76,OPEN
ORD-002985-4,PO-002985,CUST-01271,2026-08-18,9037.25,OPEN
ORD-002986-1,PO-002986,CUST-01501,2026-05-10,89397.75,OPEN
ORD-002986-2,PO-002986,CUST-00774,2026-05-13,89397.75,OPEN
ORD-002986-3,PO-002986,CUST-01852,2026-05-08,89397.75,OPEN
ORD-002986-4,PO-002986,CUST-00549,2026-05-15,89397.75,OPEN
ORD-002987-1,PO-002987,CUST-00434,2026-05-27,3876.26,OPEN
ORD-002987-2,PO-002987,CUST-00538,2026-05-30,2907.2,OPEN
ORD-002988-1,PO-002988,CUST-01836,2026-08-30,37660.48,OPEN
ORD-002988-2,PO-002988,CUST-01767,2026-08-22,56490.72,OPEN
ORD-002989-1,PO-002989,CUST-00741,2026-05-10,114513.61,OPEN
ORD-002989-2,PO-002989,CUST-01586,2026-05-08,28628.4,OPEN
ORD-002990-1,PO-002990,CUST-00405,2026-02-06,67981.07,OPEN
ORD-002990-2,PO-002990,CUST-02364,2026-02-04,45320.71,OPEN
ORD-002990-3,PO-002990,CUST-01506,2026-02-08,67981.07,OPEN
ORD-002991-1,PO-002991,CUST-02390,2026-01-26,87218.01,OPEN
ORD-002991-2,PO-002991,CUST-00308,2026-01-21,29072.67,OPEN
ORD-002991-3,PO-002991,CUST-01799,2026-01-22,43609.0,OPEN
ORD-002992-1,PO-002992,CUST-02081,2026-07-20,27856.12,OPEN
ORD-002992-2,PO-002992,CUST-02039,2026-07-20,27856.12,OPEN
ORD-002992-3,PO-002992,CUST-01325,2026-07-23,27856.12,OPEN
ORD-002993-1,PO-002993,CUST-01901,2026-03-24,4520.73,OPEN
ORD-002993-2,PO-002993,CUST-01381,2026-03-30,6027.64,OPEN
ORD-002993-3,PO-002993,CUST-01283,2026-03-29,18082.92,OPEN
ORD-002994-1,PO-002994,CUST-01075,2026-04-18,18927.6,OPEN
ORD-002994-2,PO-002994,CUST-00190,2026-04-23,25236.8,OPEN
ORD-002994-3,PO-002994,CUST-01628,2026-04-16,25236.8,OPEN
ORD-002995-1,PO-002995,CUST-00419,2026-02-26,25443.03,OPEN
ORD-002995-2,PO-002995,CUST-00001,2026-03-05,25443.03,OPEN
ORD-002995-3,PO-002995,CUST-00740,2026-02-26,38164.55,OPEN
ORD-002996-1,PO-002996,CUST-01088,2026-07-18,38807.98,OPEN
ORD-002997-1,PO-002997,CUST-02096,2026-08-19,24715.03,OPEN
ORD-002997-2,PO-002997,CUST-00376,2026-08-27,18536.28,OPEN
ORD-002997-3,PO-002997,CUST-01130,2026-08-20,24715.03,OPEN
ORD-002998-1,PO-002998,CUST-01358,2026-07-16,73866.49,OPEN
ORD-002998-2,PO-002998,CUST-01775,2026-07-15,147732.97,OPEN
ORD-002999-1,PO-002999,CUST-01318,2026-08-27,28597.47,OPEN
ORD-002999-2,PO-002999,CUST-00270,2026-08-25,114389.88,OPEN
ORD-003000-1,PO-003000,CUST-01177,2026-07-14,86487.26,OPEN
ORD-003001-1,PO-003001,CUST-01155,2026-04-24,127666.28,OPEN
ORD-003002-1,PO-003002,CUST-01484,2026-06-12,127515.23,OPEN
ORD-003002-2,PO-003002,CUST-01073,2026-06-17,63757.61,OPEN
ORD-003002-3,PO-003002,CUST-00689,2026-06-17,42505.08,OPEN
ORD-003003-1,PO-003003,CUST-02234,2026-02-12,1497.99,OPEN
ORD-003003-2,PO-003003,CUST-02336,2026-02-16,998.66,OPEN
ORD-003003-3,PO-003003,CUST-00713,2026-02-19,749.0,OPEN
ORD-003004-1,PO-003004,CUST-01876,2026-03-30,9177.45,OPEN
ORD-003005-1,PO-003005,CUST-01647,2026-01-11,147354.56,OPEN
ORD-003005-2,PO-003005,CUST-00462,2026-01-10,49118.19,OPEN
ORD-003005-3,PO-003005,CUST-02220,2026-01-02,73677.28,OPEN
ORD-003005-4,PO-003005,CUST-02462,2026-01-04,36838.64,OPEN
ORD-003006-1,PO-003006,CUST-02389,2026-05-18,36356.37,OPEN
ORD-003006-2,PO-003006,CUST-02454,2026-05-20,36356.37,OPEN
ORD-003006-3,PO-003006,CUST-02308,2026-05-23,36356.37,OPEN
ORD-003006-4,PO-003006,CUST-01782,2026-05-27,145425.48,OPEN
ORD-003007-1,PO-003007,CUST-01451,2026-05-10,31997.62,OPEN
ORD-003008-1,PO-003008,CUST-00842,2026-04-09,37226.93,OPEN
ORD-003009-1,PO-003009,CUST-01953,2026-08-17,14801.78,OPEN
ORD-003009-2,PO-003009,CUST-02426,2026-08-22,9867.85,OPEN
ORD-003009-3,PO-003009,CUST-02166,2026-08-17,7400.89,OPEN
ORD-003009-4,PO-003009,CUST-00359,2026-08-15,29603.56,OPEN
ORD-003010-1,PO-003010,CUST-01090,2026-06-09,49207.11,OPEN
ORD-003010-2,PO-003010,CUST-01812,2026-06-10,49207.11,OPEN
ORD-003011-1,PO-003011,CUST-02089,2026-02-10,36852.99,OPEN
ORD-003011-2,PO-003011,CUST-02100,2026-02-17,73705.98,OPEN
ORD-003011-3,PO-003011,CUST-00708,2026-02-10,36852.99,OPEN
ORD-003011-4,PO-003011,CUST-00742,2026-02-15,36852.99,OPEN
ORD-003012-1,PO-003012,CUST-02110,2026-06-19,30552.76,OPEN
ORD-003012-2,PO-003012,CUST-02401,2026-06-24,40737.01,OPEN
ORD-003012-3,PO-003012,CUST-01192,2026-06-19,122211.03,OPEN
ORD-003013-1,PO-003013,CUST-01127,2026-01-06,52821.89,OPEN
ORD-003013-2,PO-003013,CUST-02209,2026-01-04,105643.77,OPEN
ORD-003013-3,PO-003013,CUST-00978,2026-01-14,105643.77,OPEN
ORD-003014-1,PO-003014,CUST-02351,2026-02-28,9747.0,OPEN
ORD-003015-1,PO-003015,CUST-00953,2026-05-16,33873.05,OPEN
ORD-003015-2,PO-003015,CUST-00193,2026-05-10,16936.53,OPEN
ORD-003015-3,PO-003015,CUST-01714,2026-05-10,8468.26,OPEN
ORD-003016-1,PO-003016,CUST-01709,2026-02-14,12659.31,OPEN
ORD-003016-2,PO-003016,CUST-00434,2026-02-22,6329.65,OPEN
ORD-003016-3,PO-003016,CUST-01547,2026-02-14,3164.83,OPEN
ORD-003016-4,PO-003016,CUST-00873,2026-02-24,4219.77,OPEN
ORD-003017-1,PO-003017,CUST-00430,2026-01-30,113575.21,OPEN
ORD-003017-2,PO-003017,CUST-02220,2026-02-03,28393.8,OPEN
ORD-003017-3,PO-003017,CUST-02417,2026-02-04,113575.21,OPEN
ORD-003018-1,PO-003018,CUST-02433,2026-05-15,47034.84,OPEN
ORD-003018-2,PO-003018,CUST-01910,2026-05-16,47034.84,OPEN
ORD-003018-3,PO-003018,CUST-01027,2026-05-15,35276.13,OPEN
ORD-003019-1,PO-003019,CUST-02404,2026-05-04,41858.9,OPEN
ORD-003019-2,PO-003019,CUST-00414,2026-05-01,41858.9,OPEN
ORD-003020-1,PO-003020,CUST-01198,2026-04-22,104217.93,OPEN
ORD-003020-2,PO-003020,CUST-00552,2026-04-20,34739.31,OPEN
ORD-003020-3,PO-003020,CUST-01221,2026-04-26,26054.48,OPEN
ORD-003020-4,PO-003020,CUST-00102,2026-04-18,52108.96,OPEN
ORD-003021-1,PO-003021,CUST-00917,2026-08-29,83936.73,OPEN
ORD-003022-1,PO-003022,CUST-01982,2026-04-05,9866.14,OPEN
ORD-003022-2,PO-003022,CUST-01030,2026-03-30,13154.85,OPEN
ORD-003023-1,PO-003023,CUST-01127,2026-02-20,74666.18,OPEN
ORD-003023-2,PO-003023,CUST-00563,2026-02-16,37333.09,OPEN
ORD-003024-1,PO-003024,CUST-01416,2026-08-23,5590.65,OPEN
ORD-003024-2,PO-003024,CUST-01760,2026-08-22,22362.6,OPEN
ORD-003024-3,PO-003024,CUST-01868,2026-08-25,5590.65,OPEN
ORD-003025-1,PO-003025,CUST-01498,2026-02-04,37209.69,OPEN
ORD-003025-2,PO-003025,CUST-00928,2026-01-27,37209.69,OPEN
ORD-003026-1,PO-003026,CUST-02079,2026-07-24,49392.47,OPEN
ORD-003027-1,PO-003027,CUST-02036,2026-05-18,18808.7,OPEN
ORD-003027-2,PO-003027,CUST-00553,2026-05-19,6269.57,OPEN
ORD-003027-3,PO-003027,CUST-00778,2026-05-22,6269.57,OPEN
ORD-003028-1,PO-003028,CUST-02310,2026-03-31,9539.03,OPEN
ORD-003028-2,PO-003028,CUST-00523,2026-03-29,7154.27,OPEN
ORD-003029-1,PO-003029,CUST-01135,2026-08-05,69438.09,OPEN
ORD-003029-2,PO-003029,CUST-01883,2026-08-01,138876.17,OPEN
ORD-003030-1,PO-003030,CUST-00700,2026-03-08,5124.93,OPEN
ORD-003031-1,PO-003031,CUST-00343,2026-08-04,43069.54,OPEN
ORD-003031-2,PO-003031,CUST-02459,2026-08-10,21534.77,OPEN
ORD-003031-3,PO-003031,CUST-00457,2026-08-05,28713.03,OPEN
ORD-003031-4,PO-003031,CUST-01929,2026-08-13,43069.54,OPEN
ORD-003032-1,PO-003032,CUST-01457,2026-02-24,149936.47,OPEN
ORD-003032-2,PO-003032,CUST-00369,2026-02-18,149936.47,OPEN
ORD-003032-3,PO-003032,CUST-00438,2026-02-22,49978.82,OPEN
ORD-003032-4,PO-003032,CUST-00437,2026-02-20,149936.47,OPEN
ORD-003033-1,PO-003033,CUST-01597,2026-03-19,11216.34,OPEN
ORD-003033-2,PO-003033,CUST-00911,2026-03-22,22432.69,OPEN
ORD-003034-1,PO-003034,CUST-00884,2026-08-04,70966.86,OPEN
ORD-003035-1,PO-003035,CUST-02248,2026-05-11,64605.36,OPEN
ORD-003035-2,PO-003035,CUST-02240,2026-05-11,129210.71,OPEN
ORD-003035-3,PO-003035,CUST-01591,2026-05-09,129210.71,OPEN
ORD-003035-4,PO-003035,CUST-00713,2026-05-03,129210.71,OPEN
ORD-003036-1,PO-003036,CUST-00383,2026-02-24,61353.63,OPEN
ORD-003036-2,PO-003036,CUST-00843,2026-03-01,61353.63,OPEN
ORD-003037-1,PO-003037,CUST-01572,2026-04-13,23356.34,OPEN
ORD-003038-1,PO-003038,CUST-01612,2026-06-28,17629.91,OPEN
ORD-003038-2,PO-003038,CUST-00912,2026-06-30,13222.43,OPEN
ORD-003039-1,PO-003039,CUST-00923,2026-03-24,18634.06,OPEN
ORD-003039-2,PO-003039,CUST-01807,2026-03-20,27951.09,OPEN
ORD-003040-1,PO-003040,CUST-01597,2026-05-02,32526.25,OPEN
ORD-003040-2,PO-003040,CUST-02409,2026-04-30,32526.25,OPEN
ORD-003041-1,PO-003041,CUST-00178,2026-07-16,25316.26,OPEN
ORD-003041-2,PO-003041,CUST-00604,2026-07-18,16877.5,OPEN
ORD-003042-1,PO-003042,CUST-01631,2026-05-24,8363.51,OPEN
ORD-003042-2,PO-003042,CUST-00910,2026-05-21,2090.88,OPEN
ORD-003043-1,PO-003043,CUST-00759,2026-02-10,17507.53,OPEN
ORD-003043-2,PO-003043,CUST-01147,2026-02-11,17507.53,OPEN
ORD-003044-1,PO-003044,CUST-00250,2026-04-09,981.42,OPEN
ORD-003044-2,PO-003044,CUST-02176,2026-04-05,3925.68,OPEN
ORD-003045-1,PO-003045,CUST-01314,2026-08-23,17722.57,OPEN
ORD-003045-2,PO-003045,CUST-01839,2026-08-24,17722.57,OPEN
ORD-003046-1,PO-003046,CUST-01243,2026-03-18,20381.38,OPEN
ORD-003046-2,PO-003046,CUST-01956,2026-03-16,10190.69,OPEN
ORD-003047-1,PO-003047,CUST-01972,2026-06-06,36735.72,OPEN
ORD-003048-1,PO-003048,CUST-01799,2026-07-22,19245.43,OPEN
ORD-003049-1,PO-003049,CUST-01976,2026-02-01,4143.57,OPEN
ORD-003049-2,PO-003049,CUST-01902,2026-02-06,8287.14,OPEN
ORD-003050-1,PO-003050,CUST-01580,2026-08-28,5424.14,OPEN
ORD-003050-2,PO-003050,CUST-01438,2026-08-20,4068.11,OPEN
ORD-003051-1,PO-003051,CUST-00083,2026-07-29,13789.64,OPEN
ORD-003051-2,PO-003051,CUST-01121,2026-08-01,6894.82,OPEN
ORD-003051-3,PO-003051,CUST-02312,2026-08-04,13789.64,OPEN
ORD-003051-4,PO-003051,CUST-00866,2026-07-29,27579.27,OPEN
ORD-003052-1,PO-003052,CUST-00164,2026-04-18,28486.47,OPEN
ORD-003052-2,PO-003052,CUST-00777,2026-04-17,85459.42,OPEN
ORD-003053-1,PO-003053,CUST-02421,2026-01-14,23264.19,OPEN
ORD-003053-2,PO-003053,CUST-00959,2026-01-15,23264.19,OPEN
ORD-003053-3,PO-003053,CUST-01705,2026-01-18,93056.77,OPEN
ORD-003054-1,PO-003054,CUST-00177,2026-06-06,25824.25,OPEN
ORD-003054-2,PO-003054,CUST-01928,2026-06-16,6456.06,OPEN
ORD-003054-3,PO-003054,CUST-00226,2026-06-06,6456.06,OPEN
ORD-003054-4,PO-003054,CUST-01518,2026-06-09,12912.12,OPEN
ORD-003055-1,PO-003055,CUST-00999,2026-05-28,599.5,OPEN
ORD-003056-1,PO-003056,CUST-00543,2026-01-18,62243.68,OPEN
ORD-003057-1,PO-003057,CUST-00500,2026-05-25,124400.56,OPEN
ORD-003057-2,PO-003057,CUST-02320,2026-05-25,31100.14,OPEN
ORD-003057-3,PO-003057,CUST-00022,2026-06-02,124400.56,OPEN
ORD-003058-1,PO-003058,CUST-00326,2026-08-13,3394.72,OPEN
ORD-003058-2,PO-003058,CUST-02289,2026-08-07,5092.08,OPEN
ORD-003058-3,PO-003058,CUST-02325,2026-08-09,10184.16,OPEN
ORD-003059-1,PO-003059,CUST-01828,2026-08-23,36376.54,OPEN
ORD-003059-2,PO-003059,CUST-00081,2026-08-23,36376.54,OPEN
ORD-003059-3,PO-003059,CUST-02438,2026-08-26,48502.05,OPEN
ORD-003059-4,PO-003059,CUST-00644,2026-08-27,145506.14,OPEN
ORD-003060-1,PO-003060,CUST-01358,2026-08-23,107542.43,OPEN
ORD-003060-2,PO-003060,CUST-00009,2026-08-24,35847.48,OPEN
ORD-003060-3,PO-003060,CUST-00567,2026-08-21,35847.48,OPEN
ORD-003061-1,PO-003061,CUST-02039,2026-02-19,8614.56,OPEN
ORD-003061-2,PO-003061,CUST-00634,2026-02-17,34458.22,OPEN
ORD-003061-3,PO-003061,CUST-00534,2026-02-16,17229.11,OPEN
ORD-003062-1,PO-003062,CUST-00729,2026-04-30,32042.03,OPEN
ORD-003062-2,PO-003062,CUST-02044,2026-05-04,64084.07,OPEN
ORD-003062-3,PO-003062,CUST-01226,2026-04-26,64084.07,OPEN
ORD-003063-1,PO-003063,CUST-01790,2026-07-04,21750.55,OPEN
ORD-003063-2,PO-003063,CUST-00642,2026-07-04,87002.19,OPEN
ORD-003063-3,PO-003063,CUST-02499,2026-07-04,29000.73,OPEN
ORD-003063-4,PO-003063,CUST-01053,2026-07-08,87002.19,OPEN
ORD-003064-1,PO-003064,CUST-01248,2026-03-23,41116.68,OPEN
ORD-003064-2,PO-003064,CUST-00484,2026-03-25,30837.51,OPEN
ORD-003064-3,PO-003064,CUST-00810,2026-03-19,41116.68,OPEN
ORD-003065-1,PO-003065,CUST-01919,2026-06-14,63213.58,OPEN
ORD-003065-2,PO-003065,CUST-02189,2026-06-17,42142.39,OPEN
ORD-003066-1,PO-003066,CUST-01127,2026-08-13,15371.76,OPEN
ORD-003066-2,PO-003066,CUST-00115,2026-08-12,46115.29,OPEN
ORD-003066-3,PO-003066,CUST-01576,2026-08-13,23057.65,OPEN
ORD-003066-4,PO-003066,CUST-01471,2026-08-18,15371.76,OPEN
ORD-003067-1,PO-003067,CUST-00895,2026-03-02,10449.66,OPEN
ORD-003067-2,PO-003067,CUST-00543,2026-03-03,10449.66,OPEN
ORD-003067-3,PO-003067,CUST-01984,2026-03-03,6966.44,OPEN
ORD-003068-1,PO-003068,CUST-00954,2026-06-21,645.97,OPEN
ORD-003069-1,PO-003069,CUST-01974,2026-01-29,29738.63,OPEN
ORD-003069-2,PO-003069,CUST-00472,2026-01-23,118954.51,OPEN
ORD-003069-3,PO-003069,CUST-01559,2026-01-27,118954.51,OPEN
ORD-003070-1,PO-003070,CUST-02234,2026-03-05,30542.78,OPEN
ORD-003071-1,PO-003071,CUST-01493,2026-06-06,29119.85,OPEN
ORD-003071-2,PO-003071,CUST-00495,2026-06-04,58239.71,OPEN
ORD-003072-1,PO-003072,CUST-00146,2026-01-19,5048.92,OPEN
ORD-003072-2,PO-003072,CUST-00567,2026-01-23,2524.46,OPEN
ORD-003072-3,PO-003072,CUST-02318,2026-01-21,1262.23,OPEN
ORD-003073-1,PO-003073,CUST-00676,2026-06-16,14355.08,OPEN
ORD-003073-2,PO-003073,CUST-00412,2026-06-16,14355.08,OPEN
ORD-003074-1,PO-003074,CUST-00322,2026-07-20,2420.01,OPEN
ORD-003074-2,PO-003074,CUST-01769,2026-07-15,4840.03,OPEN
ORD-003075-1,PO-003075,CUST-00815,2026-01-09,39740.17,OPEN
ORD-003075-2,PO-003075,CUST-01692,2026-01-16,119220.52,OPEN
ORD-003075-3,PO-003075,CUST-01273,2026-01-10,39740.17,OPEN
ORD-003075-4,PO-003075,CUST-01944,2026-01-16,39740.17,OPEN
ORD-003076-1,PO-003076,CUST-01367,2026-05-08,43876.54,OPEN
ORD-003076-2,PO-003076,CUST-00767,2026-05-15,65814.82,OPEN
ORD-003076-3,PO-003076,CUST-00109,2026-05-11,43876.54,OPEN
ORD-003076-4,PO-003076,CUST-00088,2026-05-08,131629.63,OPEN
ORD-003077-1,PO-003077,CUST-01146,2026-02-08,5624.2,OPEN
ORD-003077-2,PO-003077,CUST-01419,2026-02-09,16872.61,OPEN
ORD-003077-3,PO-003077,CUST-01575,2026-02-08,4218.15,OPEN
ORD-003077-4,PO-003077,CUST-00881,2026-02-09,8436.31,OPEN
ORD-003078-1,PO-003078,CUST-01419,2026-09-05,69727.04,OPEN
ORD-003079-1,PO-003079,CUST-01997,2026-08-12,24746.41,OPEN
ORD-003079-2,PO-003079,CUST-01470,2026-08-10,49492.82,OPEN
ORD-003079-3,PO-003079,CUST-00131,2026-08-14,24746.41,OPEN
ORD-003079-4,PO-003079,CUST-00257,2026-08-10,98985.64,OPEN
ORD-003080-1,PO-003080,CUST-01205,2026-03-08,50110.89,OPEN
ORD-003080-2,PO-003080,CUST-00355,2026-03-03,33407.26,OPEN
ORD-003081-1,PO-003081,CUST-00281,2026-03-22,8357.9,OPEN
ORD-003081-2,PO-003081,CUST-01428,2026-03-31,16715.81,OPEN
ORD-003081-3,PO-003081,CUST-00232,2026-03-31,33431.61,OPEN
ORD-003081-4,PO-003081,CUST-01355,2026-03-29,16715.81,OPEN
ORD-003082-1,PO-003082,CUST-00511,2026-03-06,45915.68,OPEN
ORD-003082-2,PO-003082,CUST-02456,2026-02-26,91831.35,OPEN
ORD-003083-1,PO-003083,CUST-01972,2026-04-20,24827.53,OPEN
ORD-003083-2,PO-003083,CUST-01627,2026-04-23,49655.06,OPEN
ORD-003083-3,PO-003083,CUST-02417,2026-04-20,99310.12,OPEN
ORD-003084-1,PO-003084,CUST-01622,2026-04-15,30861.89,OPEN
ORD-003084-2,PO-003084,CUST-01194,2026-04-16,30861.89,OPEN
ORD-003085-1,PO-003085,CUST-02220,2026-02-27,3838.18,OPEN
ORD-003086-1,PO-003086,CUST-01611,2026-04-18,112403.42,OPEN
ORD-003087-1,PO-003087,CUST-00502,2026-07-15,48850.85,OPEN
ORD-003087-2,PO-003087,CUST-02436,2026-07-14,73276.28,OPEN
ORD-003088-1,PO-003088,CUST-00322,2026-04-16,3611.09,OPEN
ORD-003088-2,PO-003088,CUST-01317,2026-04-21,4814.79,OPEN
ORD-003088-3,PO-003088,CUST-00017,2026-04-16,14444.36,OPEN
ORD-003088-4,PO-003088,CUST-02002,2026-04-18,3611.09,OPEN
ORD-003089-1,PO-003089,CUST-00398,2026-08-27,31653.12,OPEN
ORD-003090-1,PO-003090,CUST-01362,2026-08-18,55349.68,OPEN
ORD-003090-2,PO-003090,CUST-01655,2026-08-22,13837.42,OPEN
ORD-003090-3,PO-003090,CUST-01379,2026-08-15,27674.84,OPEN
ORD-003090-4,PO-003090,CUST-01748,2026-08-21,13837.42,OPEN
ORD-003091-1,PO-003091,CUST-00194,2026-01-11,77583.1,OPEN
ORD-003091-2,PO-003091,CUST-01526,2026-01-14,19395.78,OPEN
ORD-003092-1,PO-003092,CUST-00263,2026-07-16,48900.74,OPEN
ORD-003092-2,PO-003092,CUST-00801,2026-07-15,48900.74,OPEN
ORD-003092-3,PO-003092,CUST-02109,2026-07-23,48900.74,OPEN
ORD-003093-1,PO-003093,CUST-00433,2026-01-13,391.24,OPEN
ORD-003093-2,PO-003093,CUST-02427,2026-01-21,1564.95,OPEN
ORD-003094-1,PO-003094,CUST-02189,2026-05-11,12642.93,OPEN
ORD-003094-2,PO-003094,CUST-01693,2026-05-05,12642.93,OPEN
ORD-003095-1,PO-003095,CUST-02095,2026-04-30,110684.71,OPEN
ORD-003095-2,PO-003095,CUST-01309,2026-05-06,27671.18,OPEN
ORD-003095-3,PO-003095,CUST-00538,2026-05-02,27671.18,OPEN
ORD-003095-4,PO-003095,CUST-00528,2026-05-01,36894.9,OPEN
ORD-003096-1,PO-003096,CUST-01997,2026-02-18,76799.68,OPEN
ORD-003096-2,PO-003096,CUST-00342,2026-02-14,38399.84,OPEN
ORD-003096-3,PO-003096,CUST-00474,2026-02-17,38399.84,OPEN
ORD-003096-4,PO-003096,CUST-01748,2026-02-15,19199.92,OPEN
ORD-003097-1,PO-003097,CUST-01313,2026-05-07,31874.74,OPEN
ORD-003098-1,PO-003098,CUST-00392,2026-01-31,14453.56,OPEN
ORD-003098-2,PO-003098,CUST-01694,2026-02-06,28907.12,OPEN
ORD-003098-3,PO-003098,CUST-01177,2026-01-30,28907.12,OPEN
ORD-003098-4,PO-003098,CUST-00770,2026-02-03,57814.23,OPEN
ORD-003099-1,PO-003099,CUST-01236,2026-07-07,17817.95,OPEN
ORD-003099-2,PO-003099,CUST-01248,2026-07-08,23757.27,OPEN
ORD-003099-3,PO-003099,CUST-00471,2026-07-10,35635.9,OPEN
ORD-003099-4,PO-003099,CUST-00434,2026-07-05,35635.9,OPEN
ORD-003100-1,PO-003100,CUST-01440,2026-05-15,81723.47,OPEN
ORD-003100-2,PO-003100,CUST-00272,2026-05-12,27241.16,OPEN
ORD-003100-3,PO-003100,CUST-01530,2026-05-21,20430.87,OPEN
ORD-003100-4,PO-003100,CUST-01324,2026-05-21,20430.87,OPEN
ORD-003101-1,PO-003101,CUST-02016,2026-06-30,27972.69,OPEN
ORD-003101-2,PO-003101,CUST-00678,2026-06-30,111890.76,OPEN
ORD-003101-3,PO-003101,CUST-01080,2026-07-06,55945.38,OPEN
ORD-003102-1,PO-003102,CUST-01502,2026-07-24,17269.86,OPEN
ORD-003102-2,PO-003102,CUST-02044,2026-07-18,17269.86,OPEN
ORD-003102-3,PO-003102,CUST-00877,2026-07-21,34539.72,OPEN
ORD-003102-4,PO-003102,CUST-01861,2026-07-28,17269.86,OPEN
ORD-003103-1,PO-003103,CUST-00500,2026-01-18,32354.78,OPEN
ORD-003103-2,PO-003103,CUST-00226,2026-01-17,64709.57,OPEN
ORD-003104-1,PO-003104,CUST-01956,2026-01-18,46764.68,OPEN
ORD-003104-2,PO-003104,CUST-00554,2026-01-17,46764.68,OPEN
ORD-003104-3,PO-003104,CUST-01791,2026-01-11,93529.35,OPEN
ORD-003105-1,PO-003105,CUST-01913,2026-07-06,13566.49,OPEN
ORD-003105-2,PO-003105,CUST-01433,2026-07-07,18088.65,OPEN
ORD-003105-3,PO-003105,CUST-01906,2026-07-08,18088.65,OPEN
ORD-003106-1,PO-003106,CUST-01707,2026-02-04,14731.6,OPEN
ORD-003106-2,PO-003106,CUST-02413,2026-01-26,11048.7,OPEN
ORD-003106-3,PO-003106,CUST-00395,2026-01-29,14731.6,OPEN
ORD-003106-4,PO-003106,CUST-00545,2026-02-05,22097.4,OPEN
ORD-003107-1,PO-003107,CUST-00938,2026-05-14,128568.13,OPEN
ORD-003107-2,PO-003107,CUST-00936,2026-05-19,128568.13,OPEN
ORD-003108-1,PO-003108,CUST-01668,2026-03-08,3630.12,OPEN
ORD-003108-2,PO-003108,CUST-01382,2026-03-11,7260.23,OPEN
ORD-003109-1,PO-003109,CUST-02212,2026-05-03,65867.78,OPEN
ORD-003109-2,PO-003109,CUST-00221,2026-05-04,16466.94,OPEN
ORD-003109-3,PO-003109,CUST-02224,2026-05-05,16466.94,OPEN
ORD-003109-4,PO-003109,CUST-02326,2026-05-03,32933.89,OPEN
ORD-003110-1,PO-003110,CUST-01655,2026-02-12,5824.46,OPEN
ORD-003110-2,PO-003110,CUST-01411,2026-02-11,17473.37,OPEN
ORD-003110-3,PO-003110,CUST-01246,2026-02-18,8736.68,OPEN
ORD-003111-1,PO-003111,CUST-02130,2026-03-04,146989.13,OPEN
ORD-003111-2,PO-003111,CUST-00196,2026-03-04,48996.38,OPEN
ORD-003112-1,PO-003112,CUST-00998,2026-06-27,33974.46,OPEN
ORD-003112-2,PO-003112,CUST-00838,2026-06-26,67948.93,OPEN
ORD-003112-3,PO-003112,CUST-01198,2026-06-27,67948.93,OPEN
ORD-003112-4,PO-003112,CUST-01612,2026-06-24,16987.23,OPEN
ORD-003113-1,PO-003113,CUST-00404,2026-07-30,66207.35,OPEN
ORD-003113-2,PO-003113,CUST-02031,2026-07-27,66207.35,OPEN
ORD-003114-1,PO-003114,CUST-02009,2026-01-26,106426.24,OPEN
ORD-003114-2,PO-003114,CUST-00329,2026-01-27,53213.12,OPEN
ORD-003114-3,PO-003114,CUST-01125,2026-01-25,106426.24,OPEN
ORD-003114-4,PO-003114,CUST-01307,2026-01-22,26606.56,OPEN
ORD-003115-1,PO-003115,CUST-01738,2026-02-20,72472.81,OPEN
ORD-003115-2,PO-003115,CUST-00668,2026-02-19,18118.2,OPEN
ORD-003115-3,PO-003115,CUST-01838,2026-02-21,24157.6,OPEN
ORD-003116-1,PO-003116,CUST-01960,2026-02-08,6775.34,OPEN
ORD-003117-1,PO-003117,CUST-01254,2026-01-03,6493.4,OPEN
ORD-003117-2,PO-003117,CUST-00803,2026-01-08,6493.4,OPEN
ORD-003117-3,PO-003117,CUST-02051,2026-01-04,4870.05,OPEN
ORD-003117-4,PO-003117,CUST-01736,2026-01-07,6493.4,OPEN
ORD-003118-1,PO-003118,CUST-01114,2026-06-27,28634.52,OPEN
ORD-003118-2,PO-003118,CUST-00859,2026-06-20,114538.09,OPEN
ORD-003118-3,PO-003118,CUST-01549,2026-06-20,57269.04,OPEN
ORD-003119-1,PO-003119,CUST-02012,2026-01-12,32467.25,OPEN
ORD-003119-2,PO-003119,CUST-01983,2026-01-11,32467.25,OPEN
ORD-003119-3,PO-003119,CUST-00018,2026-01-12,48700.88,OPEN
ORD-003119-4,PO-003119,CUST-01180,2026-01-11,24350.44,OPEN
ORD-003120-1,PO-003120,CUST-00079,2026-03-05,6593.47,OPEN
ORD-003120-2,PO-003120,CUST-01727,2026-02-28,9890.2,OPEN
ORD-003120-3,PO-003120,CUST-00013,2026-03-01,6593.47,OPEN
ORD-003121-1,PO-003121,CUST-02336,2026-04-06,48390.37,OPEN
ORD-003121-2,PO-003121,CUST-00596,2026-04-11,72585.55,OPEN
ORD-003122-1,PO-003122,CUST-00250,2026-04-27,864.91,OPEN
ORD-003123-1,PO-003123,CUST-02407,2026-05-16,28998.33,OPEN
ORD-003123-2,PO-003123,CUST-01960,2026-05-24,28998.33,OPEN
ORD-003123-3,PO-003123,CUST-00832,2026-05-25,57996.65,OPEN
ORD-003124-1,PO-003124,CUST-02139,2026-05-23,16798.28,OPEN
ORD-003124-2,PO-003124,CUST-02101,2026-05-17,22397.7,OPEN
ORD-003125-1,PO-003125,CUST-01022,2026-05-20,7911.6,OPEN
ORD-003125-2,PO-003125,CUST-01966,2026-05-25,7911.6,OPEN
ORD-003125-3,PO-003125,CUST-00546,2026-05-21,5274.4,OPEN
ORD-003126-1,PO-003126,CUST-00855,2026-04-07,70664.04,OPEN
ORD-003126-2,PO-003126,CUST-00236,2026-04-16,47109.36,OPEN
ORD-003126-3,PO-003126,CUST-00632,2026-04-14,70664.04,OPEN
ORD-003126-4,PO-003126,CUST-00232,2026-04-09,141328.09,OPEN
ORD-003127-1,PO-003127,CUST-02465,2026-07-19,73574.65,OPEN
ORD-003127-2,PO-003127,CUST-02494,2026-07-17,147149.3,OPEN
ORD-003127-3,PO-003127,CUST-01085,2026-07-19,36787.32,OPEN
ORD-003127-4,PO-003127,CUST-00890,2026-07-18,73574.65,OPEN
ORD-003128-1,PO-003128,CUST-01589,2026-03-17,3457.01,OPEN
ORD-003128-2,PO-003128,CUST-00621,2026-03-16,3457.01,OPEN
ORD-003129-1,PO-003129,CUST-02481,2026-05-16,9525.64,OPEN
ORD-003130-1,PO-003130,CUST-00088,2026-07-22,19773.81,OPEN
ORD-003130-2,PO-003130,CUST-00748,2026-07-18,14830.36,OPEN
ORD-003131-1,PO-003131,CUST-00142,2026-06-09,27611.5,OPEN
ORD-003131-2,PO-003131,CUST-00929,2026-06-05,27611.5,OPEN
ORD-003132-1,PO-003132,CUST-01097,2026-01-13,43525.94,OPEN
ORD-003132-2,PO-003132,CUST-00266,2026-01-07,29017.3,OPEN
ORD-003132-3,PO-003132,CUST-02062,2026-01-07,29017.3,OPEN
ORD-003132-4,PO-003132,CUST-01535,2026-01-12,21762.97,OPEN
ORD-003133-1,PO-003133,CUST-00411,2026-08-01,12144.55,OPEN
ORD-003133-2,PO-003133,CUST-02351,2026-07-30,12144.55,OPEN
ORD-003133-3,PO-003133,CUST-00613,2026-07-30,24289.1,OPEN
ORD-003134-1,PO-003134,CUST-00971,2026-03-25,65301.49,OPEN
ORD-003135-1,PO-003135,CUST-01927,2026-01-10,5200.94,OPEN
ORD-003136-1,PO-003136,CUST-01468,2026-08-09,26953.22,OPEN
ORD-003136-2,PO-003136,CUST-00480,2026-08-14,80859.65,OPEN
ORD-003136-3,PO-003136,CUST-00154,2026-08-09,40429.82,OPEN
ORD-003137-1,PO-003137,CUST-02329,2026-01-19,1427.32,OPEN
ORD-003137-2,PO-003137,CUST-00589,2026-01-24,2140.97,OPEN
ORD-003137-3,PO-003137,CUST-01787,2026-01-19,1427.32,OPEN
ORD-003138-1,PO-003138,CUST-02343,2026-02-03,7419.76,OPEN
ORD-003138-2,PO-003138,CUST-01832,2026-02-12,14839.52,OPEN
ORD-003138-3,PO-003138,CUST-00855,2026-02-11,7419.76,OPEN
ORD-003139-1,PO-003139,CUST-01431,2026-03-30,65375.79,OPEN
ORD-003140-1,PO-003140,CUST-00261,2026-07-07,10242.25,OPEN
ORD-003140-2,PO-003140,CUST-00169,2026-07-08,3414.08,OPEN
ORD-003141-1,PO-003141,CUST-02368,2026-01-27,17069.99,OPEN
ORD-003142-1,PO-003142,CUST-00553,2026-01-26,10417.89,OPEN
ORD-003142-2,PO-003142,CUST-00767,2026-01-21,41671.57,OPEN
ORD-003142-3,PO-003142,CUST-00592,2026-01-18,13890.52,OPEN
ORD-003142-4,PO-003142,CUST-01313,2026-01-23,41671.57,OPEN
ORD-003143-1,PO-003143,CUST-00219,2026-07-20,4117.96,OPEN
ORD-003143-2,PO-003143,CUST-01336,2026-07-15,4117.96,OPEN
ORD-003144-1,PO-003144,CUST-02227,2026-01-18,41207.69,OPEN
ORD-003144-2,PO-003144,CUST-00285,2026-01-22,20603.85,OPEN
ORD-003144-3,PO-003144,CUST-01527,2026-01-25,82415.39,OPEN
ORD-003145-1,PO-003145,CUST-00922,2026-05-22,35526.4,OPEN
ORD-003145-2,PO-003145,CUST-00028,2026-05-21,17763.2,OPEN
ORD-003145-3,PO-003145,CUST-00443,2026-05-20,17763.2,OPEN
ORD-003145-4,PO-003145,CUST-00906,2026-05-17,35526.4,OPEN
ORD-003146-1,PO-003146,CUST-00120,2026-06-10,18852.91,OPEN
ORD-003146-2,PO-003146,CUST-01527,2026-06-10,18852.91,OPEN
ORD-003146-3,PO-003146,CUST-01986,2026-06-16,18852.91,OPEN
ORD-003146-4,PO-003146,CUST-02347,2026-06-13,14139.68,OPEN
ORD-003147-1,PO-003147,CUST-00623,2026-08-29,22618.79,OPEN
ORD-003147-2,PO-003147,CUST-01334,2026-08-26,45237.59,OPEN
ORD-003147-3,PO-003147,CUST-00075,2026-09-04,22618.79,OPEN
ORD-003148-1,PO-003148,CUST-00768,2026-04-28,21225.6,OPEN
ORD-003148-2,PO-003148,CUST-00413,2026-04-29,63676.8,OPEN
ORD-003148-3,PO-003148,CUST-01790,2026-04-27,31838.4,OPEN
ORD-003148-4,PO-003148,CUST-00961,2026-05-07,31838.4,OPEN
ORD-003149-1,PO-003149,CUST-00401,2026-07-29,16635.77,OPEN
ORD-003150-1,PO-003150,CUST-00889,2026-05-10,20083.67,OPEN
ORD-003150-2,PO-003150,CUST-01083,2026-05-14,20083.67,OPEN
ORD-003151-1,PO-003151,CUST-01367,2026-04-25,48323.59,OPEN
ORD-003151-2,PO-003151,CUST-01476,2026-04-17,48323.59,OPEN
ORD-003151-3,PO-003151,CUST-00882,2026-04-27,16107.86,OPEN
ORD-003151-4,PO-003151,CUST-01526,2026-04-22,12080.9,OPEN
ORD-003152-1,PO-003152,CUST-02294,2026-03-19,33520.29,OPEN
ORD-003152-2,PO-003152,CUST-01122,2026-03-18,8380.07,OPEN
ORD-003152-3,PO-003152,CUST-01424,2026-03-15,33520.29,OPEN
ORD-003152-4,PO-003152,CUST-01752,2026-03-15,11173.43,OPEN
ORD-003153-1,PO-003153,CUST-01489,2026-03-06,4255.75,OPEN
ORD-003154-1,PO-003154,CUST-00963,2026-04-16,21505.1,OPEN
ORD-003154-2,PO-003154,CUST-02033,2026-04-14,16128.82,OPEN
ORD-003154-3,PO-003154,CUST-02456,2026-04-16,21505.1,OPEN
ORD-003155-1,PO-003155,CUST-01753,2026-03-20,42595.14,OPEN
ORD-003155-2,PO-003155,CUST-01104,2026-03-18,10648.78,OPEN
ORD-003156-1,PO-003156,CUST-02248,2026-05-21,48697.68,OPEN
ORD-003156-2,PO-003156,CUST-01373,2026-05-21,48697.68,OPEN
ORD-003156-3,PO-003156,CUST-00847,2026-05-25,32465.12,OPEN
ORD-003157-1,PO-003157,CUST-00466,2026-01-27,23669.31,OPEN
ORD-003157-2,PO-003157,CUST-01988,2026-01-22,47338.63,OPEN
ORD-003158-1,PO-003158,CUST-00929,2026-03-20,23177.1,OPEN
ORD-003158-2,PO-003158,CUST-00312,2026-03-25,11588.55,OPEN
ORD-003158-3,PO-003158,CUST-00697,2026-03-26,23177.1,OPEN
ORD-003158-4,PO-003158,CUST-02141,2026-03-26,15451.4,OPEN
ORD-003159-1,PO-003159,CUST-02162,2026-06-16,105922.26,OPEN
ORD-003159-2,PO-003159,CUST-00114,2026-06-19,35307.42,OPEN
ORD-003159-3,PO-003159,CUST-00621,2026-06-21,26480.56,OPEN
ORD-003159-4,PO-003159,CUST-01423,2026-06-13,26480.56,OPEN
ORD-003160-1,PO-003160,CUST-01185,2026-06-01,42987.37,OPEN
ORD-003160-2,PO-003160,CUST-00354,2026-06-05,85974.74,OPEN
ORD-003160-3,PO-003160,CUST-01068,2026-06-09,28658.25,OPEN
ORD-003160-4,PO-003160,CUST-01186,2026-06-01,42987.37,OPEN
ORD-003161-1,PO-003161,CUST-00025,2026-05-20,47916.46,OPEN
ORD-003161-2,PO-003161,CUST-00197,2026-05-13,35937.35,OPEN
ORD-003161-3,PO-003161,CUST-01247,2026-05-16,143749.39,OPEN
ORD-003162-1,PO-003162,CUST-01473,2026-05-07,103519.72,OPEN
ORD-003162-2,PO-003162,CUST-01784,2026-05-08,34506.57,OPEN
ORD-003163-1,PO-003163,CUST-01743,2026-01-23,13232.53,OPEN
ORD-003163-2,PO-003163,CUST-00826,2026-01-20,52930.12,OPEN
ORD-003164-1,PO-003164,CUST-01974,2026-05-11,3595.15,OPEN
ORD-003164-2,PO-003164,CUST-01413,2026-05-20,3595.15,OPEN
ORD-003164-3,PO-003164,CUST-00405,2026-05-19,3595.15,OPEN
ORD-003164-4,PO-003164,CUST-01339,2026-05-20,3595.15,OPEN
ORD-003165-1,PO-003165,CUST-01747,2026-08-10,8073.88,OPEN
ORD-003165-2,PO-003165,CUST-02192,2026-08-16,32295.51,OPEN
ORD-003165-3,PO-003165,CUST-01568,2026-08-16,32295.51,OPEN
ORD-003165-4,PO-003165,CUST-01919,2026-08-16,16147.75,OPEN
ORD-003166-1,PO-003166,CUST-01578,2026-07-30,29793.28,OPEN
ORD-003166-2,PO-003166,CUST-00968,2026-08-04,89379.84,OPEN
ORD-003166-3,PO-003166,CUST-01072,2026-08-05,89379.84,OPEN
ORD-003166-4,PO-003166,CUST-02096,2026-08-09,89379.84,OPEN
ORD-003167-1,PO-003167,CUST-00980,2026-03-06,2096.88,OPEN
ORD-003167-2,PO-003167,CUST-00682,2026-03-03,4193.77,OPEN
ORD-003167-3,PO-003167,CUST-01328,2026-02-27,2096.88,OPEN
ORD-003167-4,PO-003167,CUST-01581,2026-02-27,4193.77,OPEN
ORD-003168-1,PO-003168,CUST-00673,2026-03-13,34958.44,OPEN
ORD-003168-2,PO-003168,CUST-00215,2026-03-12,34958.44,OPEN
ORD-003169-1,PO-003169,CUST-01421,2026-08-17,14440.08,OPEN
ORD-003169-2,PO-003169,CUST-00595,2026-08-22,9626.72,OPEN
ORD-003169-3,PO-003169,CUST-00254,2026-08-26,7220.04,OPEN
ORD-003170-1,PO-003170,CUST-00993,2026-02-11,23441.43,OPEN
ORD-003170-2,PO-003170,CUST-00283,2026-02-14,70324.29,OPEN
ORD-003170-3,PO-003170,CUST-01779,2026-02-11,35162.14,OPEN
ORD-003171-1,PO-003171,CUST-01754,2026-06-18,73358.24,OPEN
ORD-003171-2,PO-003171,CUST-02212,2026-06-20,73358.24,OPEN
ORD-003171-3,PO-003171,CUST-00686,2026-06-24,73358.24,OPEN
ORD-003172-1,PO-003172,CUST-01505,2026-04-12,42571.68,OPEN
ORD-003172-2,PO-003172,CUST-01336,2026-04-05,63857.52,OPEN
ORD-003172-3,PO-003172,CUST-01320,2026-04-07,31928.76,OPEN
ORD-003173-1,PO-003173,CUST-02110,2026-04-29,26813.76,OPEN
ORD-003173-2,PO-003173,CUST-01785,2026-05-08,17875.84,OPEN
ORD-003173-3,PO-003173,CUST-02009,2026-05-01,13406.88,OPEN
ORD-003174-1,PO-003174,CUST-00293,2026-01-17,15960.64,OPEN
ORD-003175-1,PO-003175,CUST-01177,2026-04-03,39336.97,OPEN
ORD-003175-2,PO-003175,CUST-01182,2026-04-05,39336.97,OPEN
ORD-003176-1,PO-003176,CUST-02302,2026-03-23,42401.38,OPEN
ORD-003176-2,PO-003176,CUST-01523,2026-03-20,42401.38,OPEN
ORD-003176-3,PO-003176,CUST-01400,2026-03-15,42401.38,OPEN
ORD-003176-4,PO-003176,CUST-00263,2026-03-20,42401.38,OPEN
ORD-003177-1,PO-003177,CUST-02182,2026-06-24,36939.13,OPEN
ORD-003177-2,PO-003177,CUST-01048,2026-07-04,73878.26,OPEN
ORD-003177-3,PO-003177,CUST-01315,2026-06-29,36939.13,OPEN
ORD-003177-4,PO-003177,CUST-00315,2026-06-24,147756.51,OPEN
ORD-003178-1,PO-003178,CUST-01489,2026-02-14,9112.28,OPEN
ORD-003178-2,PO-003178,CUST-02443,2026-02-12,6834.21,OPEN
ORD-003179-1,PO-003179,CUST-00673,2026-02-13,41772.65,OPEN
ORD-003180-1,PO-003180,CUST-01309,2026-04-20,37233.71,OPEN
ORD-003181-1,PO-003181,CUST-02001,2026-06-24,1483.54,OPEN
ORD-003182-1,PO-003182,CUST-02481,2026-07-26,41508.74,OPEN
ORD-003183-1,PO-003183,CUST-00779,2026-05-28,11281.93,OPEN
ORD-003183-2,PO-003183,CUST-00167,2026-05-22,11281.93,OPEN
ORD-003184-1,PO-003184,CUST-01821,2026-07-30,36848.87,OPEN
ORD-003185-1,PO-003185,CUST-01387,2026-02-19,10145.96,OPEN
ORD-003185-2,PO-003185,CUST-01791,2026-02-23,7609.47,OPEN
ORD-003185-3,PO-003185,CUST-00028,2026-02-25,7609.47,OPEN
ORD-003186-1,PO-003186,CUST-02085,2026-03-23,943.56,OPEN
ORD-003187-1,PO-003187,CUST-02333,2026-01-13,18128.64,OPEN
ORD-003187-2,PO-003187,CUST-02149,2026-01-13,36257.29,OPEN
ORD-003187-3,PO-003187,CUST-02328,2026-01-14,72514.57,OPEN
ORD-003187-4,PO-003187,CUST-01118,2026-01-14,18128.64,OPEN
ORD-003188-1,PO-003188,CUST-00373,2026-06-20,4326.33,OPEN
ORD-003189-1,PO-003189,CUST-01365,2026-08-13,68482.52,OPEN
ORD-003189-2,PO-003189,CUST-00141,2026-08-08,34241.26,OPEN
ORD-003190-1,PO-003190,CUST-02210,2026-04-23,48145.85,OPEN
ORD-003190-2,PO-003190,CUST-00365,2026-04-18,144437.55,OPEN
ORD-003190-3,PO-003190,CUST-01660,2026-04-16,144437.55,OPEN
ORD-003190-4,PO-003190,CUST-01891,2026-04-19,48145.85,OPEN
ORD-003191-1,PO-003191,CUST-01393,2026-07-08,54867.49,OPEN
ORD-003191-2,PO-003191,CUST-00186,2026-07-14,54867.49,OPEN
ORD-003192-1,PO-003192,CUST-02245,2026-05-07,16638.37,OPEN
ORD-003193-1,PO-003193,CUST-00772,2026-03-30,65106.81,OPEN
ORD-003193-2,PO-003193,CUST-01366,2026-04-04,43404.54,OPEN
ORD-003194-1,PO-003194,CUST-00021,2026-07-07,65269.04,OPEN
ORD-003195-1,PO-003195,CUST-00426,2026-06-25,13748.05,OPEN
ORD-003195-2,PO-003195,CUST-02288,2026-06-29,41244.16,OPEN
ORD-003195-3,PO-003195,CUST-00992,2026-07-04,41244.16,OPEN
ORD-003196-1,PO-003196,CUST-00296,2026-07-09,8217.12,OPEN
ORD-003196-2,PO-003196,CUST-01853,2026-07-09,8217.12,OPEN
ORD-003197-1,PO-003197,CUST-02457,2026-07-01,16635.96,OPEN
ORD-003197-2,PO-003197,CUST-00519,2026-06-26,11090.64,OPEN
ORD-003197-3,PO-003197,CUST-01858,2026-07-04,33271.92,OPEN
ORD-003198-1,PO-003198,CUST-01853,2026-07-02,17987.45,OPEN
ORD-003198-2,PO-003198,CUST-02329,2026-06-24,35974.9,OPEN
ORD-003198-3,PO-003198,CUST-00678,2026-07-02,35974.9,OPEN
ORD-003199-1,PO-003199,CUST-02480,2026-04-18,18877.99,OPEN
ORD-003199-2,PO-003199,CUST-02491,2026-04-12,18877.99,OPEN
ORD-003200-1,PO-003200,CUST-00318,2026-06-06,21860.2,OPEN
ORD-003200-2,PO-003200,CUST-00966,2026-06-10,32790.31,OPEN
ORD-003200-3,PO-003200,CUST-01435,2026-06-05,32790.31,OPEN
ORD-003201-1,PO-003201,CUST-01916,2026-01-11,39970.94,OPEN
ORD-003201-2,PO-003201,CUST-00738,2026-01-09,19985.47,OPEN
ORD-003201-3,PO-003201,CUST-02017,2026-01-08,79941.89,OPEN
ORD-003202-1,PO-003202,CUST-00764,2026-03-24,17473.67,OPEN
ORD-003203-1,PO-003203,CUST-00287,2026-03-14,33516.69,OPEN
ORD-003204-1,PO-003204,CUST-01689,2026-05-11,17203.49,OPEN
ORD-003204-2,PO-003204,CUST-01508,2026-05-12,34406.97,OPEN
ORD-003204-3,PO-003204,CUST-00846,2026-05-09,34406.97,OPEN
ORD-003205-1,PO-003205,CUST-01770,2026-03-08,2968.27,OPEN
ORD-003205-2,PO-003205,CUST-01254,2026-03-08,2968.27,OPEN
ORD-003205-3,PO-003205,CUST-01235,2026-03-10,11873.09,OPEN
ORD-003206-1,PO-003206,CUST-00766,2026-02-28,7103.75,OPEN
ORD-003206-2,PO-003206,CUST-01048,2026-03-03,10655.63,OPEN
ORD-003207-1,PO-003207,CUST-00489,2026-05-02,23817.49,OPEN
ORD-003207-2,PO-003207,CUST-01588,2026-05-04,47634.98,OPEN
ORD-003208-1,PO-003208,CUST-00638,2026-01-27,21978.16,OPEN
ORD-003208-2,PO-003208,CUST-00035,2026-01-30,10989.08,OPEN
ORD-003208-3,PO-003208,CUST-01638,2026-01-23,21978.16,OPEN
ORD-003209-1,PO-003209,CUST-01419,2026-02-19,97785.84,OPEN
ORD-003209-2,PO-003209,CUST-00824,2026-02-27,24446.46,OPEN
ORD-003209-3,PO-003209,CUST-00626,2026-02-20,24446.46,OPEN
ORD-003210-1,PO-003210,CUST-01713,2026-03-14,25697.43,OPEN
ORD-003210-2,PO-003210,CUST-01962,2026-03-17,25697.43,OPEN
ORD-003211-1,PO-003211,CUST-00797,2026-06-20,32099.61,OPEN
ORD-003211-2,PO-003211,CUST-00904,2026-06-14,64199.21,OPEN
ORD-003211-3,PO-003211,CUST-00388,2026-06-20,64199.21,OPEN
ORD-003211-4,PO-003211,CUST-01983,2026-06-13,32099.61,OPEN
ORD-003212-1,PO-003212,CUST-00490,2026-01-27,14947.75,OPEN
ORD-003213-1,PO-003213,CUST-02389,2026-02-09,48737.81,OPEN
ORD-003213-2,PO-003213,CUST-01716,2026-02-07,146213.43,OPEN
ORD-003214-1,PO-003214,CUST-00347,2026-05-10,23011.24,OPEN
ORD-003214-2,PO-003214,CUST-00287,2026-05-15,17258.43,OPEN
ORD-003214-3,PO-003214,CUST-00779,2026-05-18,34516.86,OPEN
ORD-003214-4,PO-003214,CUST-02242,2026-05-16,69033.72,OPEN
ORD-003215-1,PO-003215,CUST-01977,2026-04-22,28494.63,OPEN
ORD-003216-1,PO-003216,CUST-00960,2026-01-23,10514.6,OPEN
ORD-003217-1,PO-003217,CUST-00145,2026-07-08,65444.08,OPEN
ORD-003217-2,PO-003217,CUST-00188,2026-07-01,65444.08,OPEN
ORD-003218-1,PO-003218,CUST-00988,2026-02-27,34034.19,OPEN
ORD-003219-1,PO-003219,CUST-01799,2026-07-24,55669.61,OPEN
ORD-003219-2,PO-003219,CUST-02186,2026-07-21,27834.81,OPEN
ORD-003219-3,PO-003219,CUST-02259,2026-07-21,111339.23,OPEN
ORD-003219-4,PO-003219,CUST-02430,2026-07-17,55669.61,OPEN
ORD-003220-1,PO-003220,CUST-01110,2026-03-24,9682.99,OPEN
ORD-003220-2,PO-003220,CUST-00096,2026-03-25,19365.97,OPEN
ORD-003220-3,PO-003220,CUST-02282,2026-03-20,12910.65,OPEN
ORD-003220-4,PO-003220,CUST-02407,2026-03-28,38731.95,OPEN
ORD-003221-1,PO-003221,CUST-00042,2026-02-15,63261.57,OPEN
ORD-003222-1,PO-003222,CUST-00310,2026-08-26,97208.5,OPEN
ORD-003222-2,PO-003222,CUST-01021,2026-09-03,24302.12,OPEN
ORD-003222-3,PO-003222,CUST-00006,2026-09-04,32402.83,OPEN
ORD-003223-1,PO-003223,CUST-00397,2026-01-16,32566.82,OPEN
ORD-003223-2,PO-003223,CUST-00582,2026-01-23,130267.29,OPEN
ORD-003224-1,PO-003224,CUST-02425,2026-07-25,34734.67,OPEN
ORD-003225-1,PO-003225,CUST-00953,2026-03-21,31178.65,OPEN
ORD-003226-1,PO-003226,CUST-00314,2026-03-02,24585.73,OPEN
ORD-003226-2,PO-003226,CUST-00651,2026-02-27,18439.29,OPEN
ORD-003226-3,PO-003226,CUST-00501,2026-02-25,24585.73,OPEN
ORD-003226-4,PO-003226,CUST-02188,2026-02-22,24585.73,OPEN
ORD-003227-1,PO-003227,CUST-00486,2026-08-02,65029.97,OPEN
ORD-003227-2,PO-003227,CUST-01682,2026-07-29,16257.49,OPEN
ORD-003227-3,PO-003227,CUST-00779,2026-08-01,65029.97,OPEN
ORD-003227-4,PO-003227,CUST-00242,2026-07-25,65029.97,OPEN
ORD-003228-1,PO-003228,CUST-02154,2026-08-30,17031.96,OPEN
ORD-003229-1,PO-003229,CUST-01024,2026-01-28,14380.97,OPEN
ORD-003229-2,PO-003229,CUST-02090,2026-01-31,21571.46,OPEN
ORD-003230-1,PO-003230,CUST-00934,2026-01-18,20227.17,OPEN
ORD-003230-2,PO-003230,CUST-01619,2026-01-20,20227.17,OPEN
ORD-003231-1,PO-003231,CUST-01920,2026-04-20,28122.19,OPEN
ORD-003231-2,PO-003231,CUST-00815,2026-04-13,84366.57,OPEN
ORD-003231-3,PO-003231,CUST-01818,2026-04-16,21091.64,OPEN
ORD-003231-4,PO-003231,CUST-00052,2026-04-17,84366.57,OPEN
ORD-003232-1,PO-003232,CUST-00387,2026-01-09,74241.92,OPEN
ORD-003232-2,PO-003232,CUST-02094,2026-01-02,49494.61,OPEN
ORD-003233-1,PO-003233,CUST-01267,2026-08-05,37015.5,OPEN
ORD-003234-1,PO-003234,CUST-00088,2026-02-11,119562.86,OPEN
ORD-003234-2,PO-003234,CUST-02155,2026-02-14,29890.72,OPEN
ORD-003235-1,PO-003235,CUST-00366,2026-03-13,18091.81,OPEN
ORD-003235-2,PO-003235,CUST-00879,2026-03-15,54275.43,OPEN
ORD-003235-3,PO-003235,CUST-00289,2026-03-18,13568.86,OPEN
ORD-003236-1,PO-003236,CUST-02206,2026-04-16,34316.35,OPEN
ORD-003236-2,PO-003236,CUST-02455,2026-04-20,102949.05,OPEN
ORD-003236-3,PO-003236,CUST-02144,2026-04-12,34316.35,OPEN
ORD-003237-1,PO-003237,CUST-01049,2026-05-31,19760.93,OPEN
ORD-003237-2,PO-003237,CUST-00583,2026-06-01,14820.69,OPEN
ORD-003238-1,PO-003238,CUST-00626,2026-02-16,3224.95,OPEN
ORD-003238-2,PO-003238,CUST-00032,2026-02-14,3224.95,OPEN
ORD-003238-3,PO-003238,CUST-00449,2026-02-22,4299.93,OPEN
ORD-003238-4,PO-003238,CUST-00118,2026-02-16,12899.8,OPEN
ORD-003239-1,PO-003239,CUST-00410,2026-04-26,74152.04,OPEN
ORD-003239-2,PO-003239,CUST-01417,2026-04-24,74152.04,OPEN
ORD-003240-1,PO-003240,CUST-00362,2026-07-31,30181.26,OPEN
ORD-003241-1,PO-003241,CUST-01293,2026-04-09,14480.68,OPEN
ORD-003242-1,PO-003242,CUST-00160,2026-01-26,25304.04,OPEN
ORD-003243-1,PO-003243,CUST-02010,2026-07-06,12742.7,OPEN
ORD-003243-2,PO-003243,CUST-00748,2026-06-29,12742.7,OPEN
ORD-003243-3,PO-003243,CUST-01886,2026-06-29,16990.26,OPEN
ORD-003244-1,PO-003244,CUST-02194,2026-07-07,35666.4,OPEN
ORD-003244-2,PO-003244,CUST-02065,2026-07-08,106999.19,OPEN
ORD-003245-1,PO-003245,CUST-00660,2026-07-16,1000.63,OPEN
ORD-003245-2,PO-003245,CUST-02213,2026-07-22,500.31,OPEN
ORD-003246-1,PO-003246,CUST-00040,2026-06-29,51822.51,OPEN
ORD-003246-2,PO-003246,CUST-00195,2026-06-30,103645.02,OPEN
ORD-003247-1,PO-003247,CUST-01390,2026-04-03,83344.66,OPEN
ORD-003248-1,PO-003248,CUST-01331,2026-02-07,125196.7,OPEN
ORD-003248-2,PO-003248,CUST-02466,2026-02-09,31299.17,OPEN
ORD-003248-3,PO-003248,CUST-00791,2026-02-11,31299.17,OPEN
ORD-003248-4,PO-003248,CUST-02115,2026-02-08,125196.7,OPEN
ORD-003249-1,PO-003249,CUST-02404,2026-05-18,28312.32,OPEN
ORD-003249-2,PO-003249,CUST-01593,2026-05-22,56624.64,OPEN
ORD-003249-3,PO-003249,CUST-01875,2026-05-17,28312.32,OPEN
ORD-003249-4,PO-003249,CUST-02337,2026-05-25,28312.32,OPEN
ORD-003250-1,PO-003250,CUST-02213,2026-07-26,9132.69,OPEN
ORD-003251-1,PO-003251,CUST-00672,2026-06-25,31887.14,OPEN
ORD-003251-2,PO-003251,CUST-00157,2026-06-21,31887.14,OPEN
ORD-003252-1,PO-003252,CUST-02227,2026-01-15,48654.92,OPEN
ORD-003252-2,PO-003252,CUST-01811,2026-01-19,12163.73,OPEN
ORD-003252-3,PO-003252,CUST-00416,2026-01-16,48654.92,OPEN
ORD-003253-1,PO-003253,CUST-00690,2026-05-16,23154.83,OPEN
ORD-003253-2,PO-003253,CUST-02204,2026-05-18,23154.83,OPEN
ORD-003253-3,PO-003253,CUST-02236,2026-05-23,34732.25,OPEN
ORD-003254-1,PO-003254,CUST-00803,2026-01-12,11074.34,OPEN
ORD-003254-2,PO-003254,CUST-01682,2026-01-07,22148.68,OPEN
ORD-003254-3,PO-003254,CUST-00953,2026-01-12,22148.68,OPEN
ORD-003255-1,PO-003255,CUST-02049,2026-01-07,9165.96,OPEN
ORD-003255-2,PO-003255,CUST-00173,2026-01-05,36663.83,OPEN
ORD-003255-3,PO-003255,CUST-02303,2026-01-07,9165.96,OPEN
ORD-003256-1,PO-003256,CUST-02347,2026-08-01,107833.75,OPEN
ORD-003257-1,PO-003257,CUST-00484,2026-04-12,22388.14,OPEN
ORD-003257-2,PO-003257,CUST-01655,2026-04-15,22388.14,OPEN
ORD-003257-3,PO-003257,CUST-01630,2026-04-17,16791.1,OPEN
ORD-003257-4,PO-003257,CUST-00584,2026-04-12,67164.42,OPEN
ORD-003258-1,PO-003258,CUST-00225,2026-07-14,137342.73,OPEN
ORD-003258-2,PO-003258,CUST-01411,2026-07-18,137342.73,OPEN
ORD-003258-3,PO-003258,CUST-00170,2026-07-24,68671.37,OPEN
ORD-003259-1,PO-003259,CUST-00466,2026-05-08,28128.78,OPEN
ORD-003259-2,PO-003259,CUST-02300,2026-05-16,28128.78,OPEN
ORD-003260-1,PO-003260,CUST-01608,2026-03-27,7371.42,OPEN
ORD-003261-1,PO-003261,CUST-00577,2026-02-21,609.51,OPEN
ORD-003261-2,PO-003261,CUST-01723,2026-02-24,406.34,OPEN
ORD-003262-1,PO-003262,CUST-00479,2026-08-30,18898.63,OPEN
ORD-003262-2,PO-003262,CUST-01715,2026-09-01,28347.94,OPEN
ORD-003263-1,PO-003263,CUST-01791,2026-08-26,24421.08,OPEN
ORD-003263-2,PO-003263,CUST-02250,2026-08-21,18315.81,OPEN
ORD-003263-3,PO-003263,CUST-00360,2026-08-20,24421.08,OPEN
ORD-003263-4,PO-003263,CUST-00564,2026-08-18,24421.08,OPEN
ORD-003264-1,PO-003264,CUST-01417,2026-04-10,20238.74,OPEN
ORD-003264-2,PO-003264,CUST-00852,2026-04-19,20238.74,OPEN
ORD-003264-3,PO-003264,CUST-01969,2026-04-10,20238.74,OPEN
ORD-003265-1,PO-003265,CUST-01808,2026-06-20,2664.99,OPEN
ORD-003265-2,PO-003265,CUST-02393,2026-06-16,5329.98,OPEN
ORD-003265-3,PO-003265,CUST-00276,2026-06-10,5329.98,OPEN
ORD-003265-4,PO-003265,CUST-02037,2026-06-17,5329.98,OPEN
ORD-003266-1,PO-003266,CUST-00716,2026-08-19,20588.88,OPEN
ORD-003266-2,PO-003266,CUST-01329,2026-08-22,61766.63,OPEN
ORD-003266-3,PO-003266,CUST-00719,2026-08-16,15441.66,OPEN
ORD-003266-4,PO-003266,CUST-01073,2026-08-18,30883.31,OPEN
ORD-003267-1,PO-003267,CUST-00544,2026-08-11,48039.6,OPEN
ORD-003267-2,PO-003267,CUST-02136,2026-08-09,24019.8,OPEN
ORD-003267-3,PO-003267,CUST-00193,2026-08-16,12009.9,OPEN
ORD-003268-1,PO-003268,CUST-00218,2026-04-26,11895.37,OPEN
ORD-003268-2,PO-003268,CUST-02322,2026-04-20,15860.49,OPEN
ORD-003268-3,PO-003268,CUST-00152,2026-04-26,11895.37,OPEN
ORD-003269-1,PO-003269,CUST-01533,2026-02-21,14613.72,OPEN
ORD-003269-2,PO-003269,CUST-01992,2026-02-27,19484.96,OPEN
ORD-003270-1,PO-003270,CUST-00737,2026-08-26,47916.46,OPEN
ORD-003270-2,PO-003270,CUST-00878,2026-08-25,47916.46,OPEN
ORD-003271-1,PO-003271,CUST-01814,2026-01-16,7299.1,OPEN
ORD-003272-1,PO-003272,CUST-00614,2026-04-07,33637.0,OPEN
ORD-003272-2,PO-003272,CUST-00772,2026-04-06,67274.0,OPEN
ORD-003273-1,PO-003273,CUST-02148,2026-04-22,58838.94,OPEN
ORD-003273-2,PO-003273,CUST-00846,2026-04-26,14709.74,OPEN
ORD-003274-1,PO-003274,CUST-01943,2026-08-23,23844.08,OPEN
ORD-003274-2,PO-003274,CUST-00589,2026-08-24,47688.15,OPEN
ORD-003274-3,PO-003274,CUST-01425,2026-08-23,15896.05,OPEN
ORD-003275-1,PO-003275,CUST-01915,2026-06-13,3220.68,OPEN
ORD-003276-1,PO-003276,CUST-02057,2026-02-13,46108.87,OPEN
ORD-003276-2,PO-003276,CUST-00727,2026-02-16,34581.65,OPEN
ORD-003276-3,PO-003276,CUST-00994,2026-02-11,34581.65,OPEN
ORD-003277-1,PO-003277,CUST-02400,2026-07-30,7132.92,OPEN
ORD-003277-2,PO-003277,CUST-00328,2026-07-23,21398.76,OPEN
ORD-003278-1,PO-003278,CUST-00321,2026-07-22,3853.7,OPEN
ORD-003278-2,PO-003278,CUST-00132,2026-07-20,3853.7,OPEN
ORD-003279-1,PO-003279,CUST-00033,2026-07-06,14615.52,OPEN
ORD-003279-2,PO-003279,CUST-01951,2026-07-10,14615.52,OPEN
ORD-003280-1,PO-003280,CUST-01949,2026-07-18,7413.02,OPEN
ORD-003280-2,PO-003280,CUST-00983,2026-07-19,2471.01,OPEN
ORD-003281-1,PO-003281,CUST-00318,2026-08-24,40012.32,OPEN
ORD-003281-2,PO-003281,CUST-00951,2026-08-16,40012.32,OPEN
ORD-003281-3,PO-003281,CUST-01830,2026-08-18,40012.32,OPEN
ORD-003282-1,PO-003282,CUST-00317,2026-03-10,4370.6,OPEN
ORD-003282-2,PO-003282,CUST-02468,2026-03-06,2913.74,OPEN
ORD-003282-3,PO-003282,CUST-00568,2026-03-10,4370.6,OPEN
ORD-003283-1,PO-003283,CUST-02054,2026-06-29,33320.95,OPEN
ORD-003283-2,PO-003283,CUST-00690,2026-07-02,49981.42,OPEN
ORD-003284-1,PO-003284,CUST-00085,2026-05-25,4590.85,OPEN
ORD-003284-2,PO-003284,CUST-01873,2026-05-27,18363.38,OPEN
ORD-003285-1,PO-003285,CUST-01335,2026-08-08,31588.54,OPEN
ORD-003285-2,PO-003285,CUST-00423,2026-08-11,126354.16,OPEN
ORD-003285-3,PO-003285,CUST-02157,2026-08-09,31588.54,OPEN
ORD-003286-1,PO-003286,CUST-00946,2026-02-08,11280.78,OPEN
ORD-003286-2,PO-003286,CUST-01521,2026-02-09,15041.05,OPEN
ORD-003286-3,PO-003286,CUST-02346,2026-02-04,45123.14,OPEN
ORD-003287-1,PO-003287,CUST-00780,2026-05-25,25513.74,OPEN
ORD-003287-2,PO-003287,CUST-00142,2026-05-30,34018.31,OPEN
ORD-003287-3,PO-003287,CUST-02482,2026-06-02,102054.94,OPEN
ORD-003287-4,PO-003287,CUST-00453,2026-05-27,51027.47,OPEN
ORD-003288-1,PO-003288,CUST-01781,2026-05-28,58648.11,OPEN
ORD-003289-1,PO-003289,CUST-02307,2026-01-21,57124.57,OPEN
ORD-003290-1,PO-003290,CUST-00300,2026-03-30,31200.05,OPEN
ORD-003290-2,PO-003290,CUST-00022,2026-04-07,15600.02,OPEN
ORD-003290-3,PO-003290,CUST-02202,2026-03-30,62400.1,OPEN
ORD-003291-1,PO-003291,CUST-02359,2026-04-10,17875.25,OPEN
ORD-003292-1,PO-003292,CUST-00291,2026-05-22,21475.37,OPEN
ORD-003292-2,PO-003292,CUST-01172,2026-05-16,85901.48,OPEN
ORD-003292-3,PO-003292,CUST-01908,2026-05-18,28633.83,OPEN
ORD-003293-1,PO-003293,CUST-01607,2026-07-25,18705.42,OPEN
ORD-003293-2,PO-003293,CUST-02110,2026-07-16,4676.35,OPEN
ORD-003294-1,PO-003294,CUST-00497,2026-07-10,32363.24,OPEN
ORD-003294-2,PO-003294,CUST-00218,2026-07-06,21575.5,OPEN
ORD-003295-1,PO-003295,CUST-01432,2026-01-11,59391.13,OPEN
ORD-003295-2,PO-003295,CUST-02493,2026-01-05,14847.78,OPEN
ORD-003296-1,PO-003296,CUST-01687,2026-04-14,26920.18,OPEN
ORD-003296-2,PO-003296,CUST-02069,2026-04-12,40380.27,OPEN
ORD-003296-3,PO-003296,CUST-00056,2026-04-08,80760.54,OPEN
ORD-003296-4,PO-003296,CUST-01078,2026-04-11,20190.13,OPEN
ORD-003297-1,PO-003297,CUST-00781,2026-05-09,54941.83,OPEN
ORD-003297-2,PO-003297,CUST-00915,2026-05-11,54941.83,OPEN
ORD-003297-3,PO-003297,CUST-00857,2026-05-08,54941.83,OPEN
ORD-003297-4,PO-003297,CUST-00182,2026-05-10,36627.89,OPEN
ORD-003298-1,PO-003298,CUST-01791,2026-05-09,18581.21,OPEN
ORD-003298-2,PO-003298,CUST-00147,2026-05-11,74324.83,OPEN
ORD-003298-3,PO-003298,CUST-00503,2026-05-10,74324.83,OPEN
ORD-003298-4,PO-003298,CUST-02047,2026-05-03,24774.94,OPEN
ORD-003299-1,PO-003299,CUST-00526,2026-06-14,143208.91,OPEN
ORD-003300-1,PO-003300,CUST-02154,2026-08-29,44786.0,OPEN
ORD-003300-2,PO-003300,CUST-01518,2026-09-01,33589.5,OPEN
ORD-003300-3,PO-003300,CUST-00404,2026-08-31,44786.0,OPEN
ORD-003301-1,PO-003301,CUST-02202,2026-07-15,108826.33,OPEN
ORD-003301-2,PO-003301,CUST-02196,2026-07-12,27206.58,OPEN
ORD-003302-1,PO-003302,CUST-01222,2026-06-28,10035.65,OPEN
ORD-003302-2,PO-003302,CUST-00925,2026-06-24,15053.48,OPEN
ORD-003303-1,PO-003303,CUST-00937,2026-03-31,34154.39,OPEN
ORD-003303-2,PO-003303,CUST-01730,2026-03-25,68308.78,OPEN
ORD-003303-3,PO-003303,CUST-01418,2026-03-30,68308.78,OPEN
ORD-003303-4,PO-003303,CUST-00754,2026-03-31,68308.78,OPEN
ORD-003304-1,PO-003304,CUST-01917,2026-06-12,1547.69,OPEN
ORD-003304-2,PO-003304,CUST-01779,2026-06-19,6190.78,OPEN
ORD-003304-3,PO-003304,CUST-02071,2026-06-14,6190.78,OPEN
ORD-003304-4,PO-003304,CUST-01473,2026-06-16,6190.78,OPEN
ORD-003305-1,PO-003305,CUST-01970,2026-01-23,123068.99,OPEN
ORD-003305-2,PO-003305,CUST-00899,2026-01-28,41023.0,OPEN
ORD-003306-1,PO-003306,CUST-00812,2026-01-09,21995.39,OPEN
ORD-003306-2,PO-003306,CUST-02055,2026-01-15,43990.78,OPEN
ORD-003307-1,PO-003307,CUST-02235,2026-05-18,25765.87,OPEN
ORD-003307-2,PO-003307,CUST-01126,2026-05-17,34354.5,OPEN
ORD-003307-3,PO-003307,CUST-00707,2026-05-17,51531.75,OPEN
ORD-003307-4,PO-003307,CUST-01386,2026-05-22,51531.75,OPEN
ORD-003308-1,PO-003308,CUST-01509,2026-01-24,530.28,OPEN
ORD-003309-1,PO-003309,CUST-02284,2026-06-10,4993.96,OPEN
ORD-003309-2,PO-003309,CUST-01805,2026-06-08,7490.94,OPEN
ORD-003309-3,PO-003309,CUST-02073,2026-06-14,3745.47,OPEN
ORD-003310-1,PO-003310,CUST-02282,2026-06-07,125380.21,OPEN
ORD-003310-2,PO-003310,CUST-00353,2026-06-09,31345.05,OPEN
ORD-003311-1,PO-003311,CUST-02013,2026-02-02,1511.62,OPEN
ORD-003312-1,PO-003312,CUST-02057,2026-03-28,48242.24,OPEN
ORD-003313-1,PO-003313,CUST-00242,2026-07-25,4897.17,OPEN
ORD-003314-1,PO-003314,CUST-00384,2026-03-12,123770.56,OPEN
ORD-003314-2,PO-003314,CUST-00447,2026-03-22,61885.28,OPEN
ORD-003314-3,PO-003314,CUST-01910,2026-03-13,61885.28,OPEN
ORD-003315-1,PO-003315,CUST-00310,2026-03-10,24235.62,OPEN
ORD-003315-2,PO-003315,CUST-01530,2026-03-11,96942.5,OPEN
ORD-003315-3,PO-003315,CUST-01627,2026-03-08,48471.25,OPEN
ORD-003316-1,PO-003316,CUST-00487,2026-03-25,18341.09,OPEN
ORD-003317-1,PO-003317,CUST-01540,2026-08-18,38439.97,OPEN
ORD-003317-2,PO-003317,CUST-02191,2026-08-11,19219.99,OPEN
ORD-003318-1,PO-003318,CUST-01875,2026-02-10,28430.49,OPEN
ORD-003319-1,PO-003319,CUST-01521,2026-07-02,29454.89,OPEN
ORD-003319-2,PO-003319,CUST-02460,2026-07-05,39273.18,OPEN
ORD-003319-3,PO-003319,CUST-00877,2026-07-04,29454.89,OPEN
ORD-003319-4,PO-003319,CUST-01894,2026-06-28,117819.55,OPEN
ORD-003320-1,PO-003320,CUST-02319,2026-05-18,10199.79,OPEN
ORD-003320-2,PO-003320,CUST-00383,2026-05-22,6799.86,OPEN
ORD-003320-3,PO-003320,CUST-02304,2026-05-21,5099.9,OPEN
ORD-003320-4,PO-003320,CUST-00214,2026-05-20,5099.9,OPEN
ORD-003321-1,PO-003321,CUST-01884,2026-03-10,126097.22,OPEN
ORD-003321-2,PO-003321,CUST-00893,2026-03-09,63048.61,OPEN
ORD-003321-3,PO-003321,CUST-02296,2026-03-16,31524.31,OPEN
ORD-003322-1,PO-003322,CUST-01632,2026-02-17,36871.48,OPEN
ORD-003322-2,PO-003322,CUST-02041,2026-02-12,73742.96,OPEN
ORD-003322-3,PO-003322,CUST-02463,2026-02-19,147485.93,OPEN
ORD-003323-1,PO-003323,CUST-01256,2026-02-22,51452.89,OPEN
ORD-003323-2,PO-003323,CUST-01271,2026-02-19,25726.44,OPEN
ORD-003323-3,PO-003323,CUST-02217,2026-02-28,34301.93,OPEN
ORD-003324-1,PO-003324,CUST-02400,2026-02-07,35212.51,OPEN
ORD-003324-2,PO-003324,CUST-01731,2026-02-02,52818.77,OPEN
ORD-003324-3,PO-003324,CUST-00428,2026-02-07,35212.51,OPEN
ORD-003325-1,PO-003325,CUST-00233,2026-04-29,6796.41,OPEN
ORD-003325-2,PO-003325,CUST-01525,2026-04-29,27185.66,OPEN
ORD-003325-3,PO-003325,CUST-00259,2026-05-04,27185.66,OPEN
ORD-003325-4,PO-003325,CUST-00487,2026-04-28,6796.41,OPEN
ORD-003326-1,PO-003326,CUST-02113,2026-07-28,50374.97,OPEN
ORD-003327-1,PO-003327,CUST-00133,2026-01-07,5725.62,OPEN
ORD-003327-2,PO-003327,CUST-01577,2026-01-09,7634.16,OPEN
ORD-003328-1,PO-003328,CUST-01670,2026-03-18,4646.55,OPEN
ORD-003328-2,PO-003328,CUST-00352,2026-03-21,4646.55,OPEN
ORD-003328-3,PO-003328,CUST-01492,2026-03-20,4646.55,OPEN
ORD-003329-1,PO-003329,CUST-00097,2026-07-16,46572.5,OPEN
ORD-003329-2,PO-003329,CUST-00954,2026-07-16,46572.5,OPEN
ORD-003329-3,PO-003329,CUST-01364,2026-07-14,23286.25,OPEN
ORD-003329-4,PO-003329,CUST-01073,2026-07-17,31048.34,OPEN
ORD-003330-1,PO-003330,CUST-00947,2026-08-11,32631.75,OPEN
ORD-003331-1,PO-003331,CUST-01989,2026-08-05,14807.15,OPEN
ORD-003331-2,PO-003331,CUST-00265,2026-07-29,19742.87,OPEN
ORD-003331-3,PO-003331,CUST-01129,2026-07-28,19742.87,OPEN
ORD-003331-4,PO-003331,CUST-01296,2026-07-30,59228.61,OPEN
ORD-003332-1,PO-003332,CUST-02133,2026-06-01,3087.91,OPEN
ORD-003332-2,PO-003332,CUST-02452,2026-06-02,1543.95,OPEN
ORD-003333-1,PO-003333,CUST-01867,2026-06-16,54952.56,OPEN
ORD-003334-1,PO-003334,CUST-00965,2026-06-14,32831.82,OPEN
ORD-003334-2,PO-003334,CUST-02499,2026-06-15,98495.47,OPEN
ORD-003335-1,PO-003335,CUST-00980,2026-06-21,1535.08,OPEN
ORD-003336-1,PO-003336,CUST-00550,2026-08-03,71285.85,OPEN
ORD-003336-2,PO-003336,CUST-00491,2026-08-03,35642.93,OPEN
ORD-003337-1,PO-003337,CUST-01752,2026-05-27,111617.78,OPEN
ORD-003337-2,PO-003337,CUST-02099,2026-06-04,111617.78,OPEN
ORD-003338-1,PO-003338,CUST-01639,2026-04-11,4458.19,OPEN
ORD-003339-1,PO-003339,CUST-00612,2026-05-13,46607.71,OPEN
ORD-003340-1,PO-003340,CUST-01530,2026-05-28,18869.07,OPEN
ORD-003340-2,PO-003340,CUST-02226,2026-05-31,9434.53,OPEN
ORD-003340-3,PO-003340,CUST-00091,2026-05-29,6289.69,OPEN
ORD-003341-1,PO-003341,CUST-02256,2026-01-28,10083.9,OPEN
ORD-003341-2,PO-003341,CUST-00318,2026-02-06,20167.79,OPEN
ORD-003341-3,PO-003341,CUST-01582,2026-01-31,13445.19,OPEN
ORD-003341-4,PO-003341,CUST-00798,2026-01-28,10083.9,OPEN
ORD-003342-1,PO-003342,CUST-00945,2026-01-12,8046.02,OPEN
ORD-003342-2,PO-003342,CUST-00566,2026-01-05,16092.05,OPEN
ORD-003342-3,PO-003342,CUST-01856,2026-01-08,16092.05,OPEN
ORD-003343-1,PO-003343,CUST-02136,2026-02-15,25695.31,OPEN
ORD-003343-2,PO-003343,CUST-01423,2026-02-14,12847.66,OPEN
ORD-003343-3,PO-003343,CUST-01908,2026-02-14,17130.21,OPEN
ORD-003344-1,PO-003344,CUST-01877,2026-03-21,10872.36,OPEN
ORD-003345-1,PO-003345,CUST-02372,2026-04-12,51932.01,OPEN
ORD-003345-2,PO-003345,CUST-01101,2026-04-13,34621.34,OPEN
ORD-003345-3,PO-003345,CUST-01533,2026-04-12,34621.34,OPEN
ORD-003346-1,PO-003346,CUST-02024,2026-03-28,45966.74,OPEN
ORD-003346-2,PO-003346,CUST-01846,2026-03-24,45966.74,OPEN
ORD-003346-3,PO-003346,CUST-01419,2026-03-29,68950.12,OPEN
ORD-003346-4,PO-003346,CUST-00710,2026-03-24,34475.06,OPEN
ORD-003347-1,PO-003347,CUST-02245,2026-06-22,41665.09,OPEN
ORD-003348-1,PO-003348,CUST-02126,2026-06-04,72503.49,OPEN
ORD-003349-1,PO-003349,CUST-02084,2026-07-20,64034.15,OPEN
ORD-003350-1,PO-003350,CUST-02377,2026-06-16,75583.1,OPEN
ORD-003350-2,PO-003350,CUST-00017,2026-06-16,75583.1,OPEN
ORD-003351-1,PO-003351,CUST-00867,2026-03-01,95464.39,OPEN
ORD-003351-2,PO-003351,CUST-02407,2026-02-27,47732.19,OPEN
ORD-003351-3,PO-003351,CUST-00356,2026-02-22,31821.46,OPEN
ORD-003351-4,PO-003351,CUST-00694,2026-03-02,47732.19,OPEN
ORD-003352-1,PO-003352,CUST-00868,2026-08-10,18162.34,OPEN
ORD-003352-2,PO-003352,CUST-00730,2026-08-05,27243.51,OPEN
ORD-003353-1,PO-003353,CUST-01971,2026-08-08,48747.68,OPEN
ORD-003354-1,PO-003354,CUST-01562,2026-07-23,17466.76,OPEN
ORD-003354-2,PO-003354,CUST-02359,2026-07-29,17466.76,OPEN
ORD-003354-3,PO-003354,CUST-00480,2026-07-29,17466.76,OPEN
ORD-003355-1,PO-003355,CUST-00089,2026-02-11,97094.43,OPEN
ORD-003355-2,PO-003355,CUST-01187,2026-02-14,24273.61,OPEN
ORD-003355-3,PO-003355,CUST-01811,2026-02-06,97094.43,OPEN
ORD-003355-4,PO-003355,CUST-00962,2026-02-14,97094.43,OPEN
ORD-003356-1,PO-003356,CUST-01295,2026-03-06,35474.68,OPEN
ORD-003357-1,PO-003357,CUST-02216,2026-05-16,25898.04,OPEN
ORD-003357-2,PO-003357,CUST-00305,2026-05-24,25898.04,OPEN
ORD-003358-1,PO-003358,CUST-02382,2026-08-03,123488.42,OPEN
ORD-003358-2,PO-003358,CUST-00212,2026-08-06,30872.1,OPEN
ORD-003358-3,PO-003358,CUST-00193,2026-07-28,123488.42,OPEN
ORD-003359-1,PO-003359,CUST-00736,2026-04-14,30576.93,OPEN
ORD-003359-2,PO-003359,CUST-00355,2026-04-13,40769.24,OPEN
ORD-003360-1,PO-003360,CUST-02220,2026-04-28,18758.33,OPEN
ORD-003360-2,PO-003360,CUST-00264,2026-04-24,37516.67,OPEN
ORD-003360-3,PO-003360,CUST-00461,2026-04-20,37516.67,OPEN
ORD-003361-1,PO-003361,CUST-02379,2026-06-12,12963.35,OPEN
ORD-003361-2,PO-003361,CUST-00954,2026-06-13,19445.03,OPEN
ORD-003362-1,PO-003362,CUST-01081,2026-05-24,4609.4,OPEN
ORD-003363-1,PO-003363,CUST-01016,2026-05-26,20562.31,OPEN
ORD-003364-1,PO-003364,CUST-02329,2026-08-08,13690.33,OPEN
ORD-003364-2,PO-003364,CUST-02373,2026-08-04,41071.0,OPEN
ORD-003364-3,PO-003364,CUST-01335,2026-08-13,13690.33,OPEN
ORD-003364-4,PO-003364,CUST-01419,2026-08-12,41071.0,OPEN
ORD-003365-1,PO-003365,CUST-02187,2026-08-22,32132.89,OPEN
ORD-003365-2,PO-003365,CUST-01118,2026-08-17,32132.89,OPEN
ORD-003365-3,PO-003365,CUST-00138,2026-08-17,96398.68,OPEN
ORD-003366-1,PO-003366,CUST-00352,2026-04-16,46088.54,OPEN
ORD-003366-2,PO-003366,CUST-01595,2026-04-22,46088.54,OPEN
ORD-003367-1,PO-003367,CUST-01764,2026-07-06,7703.59,OPEN
ORD-003368-1,PO-003368,CUST-01809,2026-01-25,56638.71,OPEN
ORD-003369-1,PO-003369,CUST-01345,2026-01-05,30193.35,OPEN
ORD-003369-2,PO-003369,CUST-01450,2026-01-09,40257.8,OPEN
ORD-003370-1,PO-003370,CUST-01049,2026-06-08,9545.83,OPEN
ORD-003370-2,PO-003370,CUST-02090,2026-06-06,7159.37,OPEN
ORD-003370-3,PO-003370,CUST-00030,2026-06-08,28637.48,OPEN
ORD-003370-4,PO-003370,CUST-00721,2026-06-08,14318.74,OPEN
ORD-003371-1,PO-003371,CUST-01902,2026-01-18,94412.68,OPEN
ORD-003372-1,PO-003372,CUST-00678,2026-07-04,26333.92,OPEN
ORD-003373-1,PO-003373,CUST-01275,2026-02-02,44154.37,OPEN
ORD-003374-1,PO-003374,CUST-01414,2026-04-26,58793.44,OPEN
ORD-003375-1,PO-003375,CUST-01434,2026-03-26,24931.59,OPEN
ORD-003375-2,PO-003375,CUST-00360,2026-03-29,24931.59,OPEN
ORD-003375-3,PO-003375,CUST-02350,2026-03-23,24931.59,OPEN
ORD-003376-1,PO-003376,CUST-01372,2026-08-10,99058.51,OPEN
ORD-003377-1,PO-003377,CUST-01431,2026-02-14,24387.56,OPEN
ORD-003377-2,PO-003377,CUST-00890,2026-02-22,24387.56,OPEN
ORD-003378-1,PO-003378,CUST-01219,2026-04-12,37194.61,OPEN
ORD-003378-2,PO-003378,CUST-01314,2026-04-13,111583.82,OPEN
ORD-003378-3,PO-003378,CUST-00038,2026-04-19,27895.96,OPEN
ORD-003379-1,PO-003379,CUST-01793,2026-01-27,37424.02,OPEN
ORD-003379-2,PO-003379,CUST-01341,2026-02-02,74848.04,OPEN
ORD-003379-3,PO-003379,CUST-00422,2026-02-02,149696.08,OPEN
ORD-003380-1,PO-003380,CUST-02488,2026-02-02,57360.3,OPEN
ORD-003380-2,PO-003380,CUST-01719,2026-02-05,57360.3,OPEN
ORD-003380-3,PO-003380,CUST-00711,2026-02-07,28680.15,OPEN
ORD-003380-4,PO-003380,CUST-00836,2026-02-05,114720.6,OPEN
ORD-003381-1,PO-003381,CUST-00337,2026-04-03,98524.94,OPEN
ORD-003381-2,PO-003381,CUST-00829,2026-03-29,49262.47,OPEN
ORD-003382-1,PO-003382,CUST-01930,2026-01-18,6331.92,OPEN
ORD-003383-1,PO-003383,CUST-00318,2026-01-28,81909.16,OPEN
ORD-003383-2,PO-003383,CUST-01327,2026-01-29,40954.58,OPEN
ORD-003384-1,PO-003384,CUST-00974,2026-04-05,14701.17,OPEN
ORD-003384-2,PO-003384,CUST-00454,2026-04-06,14701.17,OPEN
ORD-003384-3,PO-003384,CUST-01038,2026-04-06,7350.59,OPEN
ORD-003385-1,PO-003385,CUST-00660,2026-04-10,28953.86,OPEN
ORD-003386-1,PO-003386,CUST-01378,2026-05-01,322.35,OPEN
ORD-003386-2,PO-003386,CUST-00549,2026-05-10,967.05,OPEN
ORD-003387-1,PO-003387,CUST-01922,2026-05-20,82148.4,OPEN
ORD-003387-2,PO-003387,CUST-01091,2026-05-29,27382.8,OPEN
ORD-003387-3,PO-003387,CUST-01940,2026-05-30,27382.8,OPEN
ORD-003388-1,PO-003388,CUST-01989,2026-02-09,51901.51,OPEN
ORD-003388-2,PO-003388,CUST-01250,2026-02-08,25950.76,OPEN
ORD-003388-3,PO-003388,CUST-01821,2026-02-12,51901.51,OPEN
ORD-003388-4,PO-003388,CUST-00853,2026-02-13,25950.76,OPEN
ORD-003389-1,PO-003389,CUST-00376,2026-02-20,11059.09,OPEN
ORD-003389-2,PO-003389,CUST-00890,2026-02-21,22118.19,OPEN
ORD-003390-1,PO-003390,CUST-00282,2026-08-24,13128.81,OPEN
ORD-003390-2,PO-003390,CUST-01811,2026-09-01,6564.4,OPEN
ORD-003391-1,PO-003391,CUST-01052,2026-06-05,8060.36,OPEN
ORD-003391-2,PO-003391,CUST-00383,2026-06-08,32241.46,OPEN
ORD-003391-3,PO-003391,CUST-00319,2026-05-30,32241.46,OPEN
ORD-003391-4,PO-003391,CUST-01075,2026-05-30,32241.46,OPEN
ORD-003392-1,PO-003392,CUST-01586,2026-02-26,32473.6,OPEN
ORD-003392-2,PO-003392,CUST-00365,2026-02-23,32473.6,OPEN
ORD-003392-3,PO-003392,CUST-00863,2026-02-25,32473.6,OPEN
ORD-003393-1,PO-003393,CUST-00683,2026-07-26,106050.2,OPEN
ORD-003393-2,PO-003393,CUST-01098,2026-07-19,35350.07,OPEN
ORD-003394-1,PO-003394,CUST-01938,2026-05-11,29014.1,OPEN
ORD-003394-2,PO-003394,CUST-02343,2026-05-10,58028.2,OPEN
ORD-003394-3,PO-003394,CUST-01050,2026-05-08,116056.4,OPEN
ORD-003394-4,PO-003394,CUST-01211,2026-05-07,58028.2,OPEN
ORD-003395-1,PO-003395,CUST-02087,2026-03-14,87503.88,OPEN
ORD-003396-1,PO-003396,CUST-01111,2026-06-02,8047.03,OPEN
ORD-003396-2,PO-003396,CUST-01860,2026-05-27,8047.03,OPEN
ORD-003397-1,PO-003397,CUST-00330,2026-05-19,17862.61,OPEN
ORD-003397-2,PO-003397,CUST-01508,2026-05-17,53587.82,OPEN
ORD-003397-3,PO-003397,CUST-01052,2026-05-24,53587.82,OPEN
ORD-003398-1,PO-003398,CUST-02192,2026-05-07,5050.12,OPEN
ORD-003399-1,PO-003399,CUST-01322,2026-06-28,19928.45,OPEN
ORD-003399-2,PO-003399,CUST-01373,2026-06-29,29892.67,OPEN
ORD-003400-1,PO-003400,CUST-01808,2026-08-09,7898.96,OPEN
ORD-003401-1,PO-003401,CUST-00660,2026-05-30,1111.34,OPEN
ORD-003401-2,PO-003401,CUST-02307,2026-05-29,2222.68,OPEN
ORD-003401-3,PO-003401,CUST-02249,2026-05-25,2222.68,OPEN
ORD-003402-1,PO-003402,CUST-01813,2026-05-30,123559.38,OPEN
ORD-003402-2,PO-003402,CUST-02180,2026-06-02,41186.46,OPEN
ORD-003403-1,PO-003403,CUST-00355,2026-04-08,6002.6,OPEN
ORD-003404-1,PO-003404,CUST-01609,2026-05-10,12595.87,OPEN
ORD-003404-2,PO-003404,CUST-00943,2026-05-11,16794.49,OPEN
ORD-003405-1,PO-003405,CUST-02428,2026-03-11,43608.65,OPEN
ORD-003405-2,PO-003405,CUST-00144,2026-03-15,65412.97,OPEN
ORD-003405-3,PO-003405,CUST-00871,2026-03-14,32706.49,OPEN
ORD-003406-1,PO-003406,CUST-00573,2026-03-27,21472.89,OPEN
ORD-003407-1,PO-003407,CUST-02485,2026-05-24,5156.6,OPEN
ORD-003407-2,PO-003407,CUST-00098,2026-06-01,7734.9,OPEN
ORD-003408-1,PO-003408,CUST-01748,2026-02-09,26745.4,OPEN
ORD-003408-2,PO-003408,CUST-01655,2026-02-15,106981.61,OPEN
ORD-003408-3,PO-003408,CUST-02264,2026-02-16,53490.81,OPEN
ORD-003409-1,PO-003409,CUST-01998,2026-05-04,10945.91,OPEN
ORD-003410-1,PO-003410,CUST-02422,2026-06-08,32987.04,OPEN
ORD-003410-2,PO-003410,CUST-00891,2026-05-31,98961.11,OPEN
ORD-003410-3,PO-003410,CUST-00485,2026-06-01,98961.11,OPEN
ORD-003411-1,PO-003411,CUST-02382,2026-07-01,37345.76,OPEN
ORD-003411-2,PO-003411,CUST-01948,2026-06-25,37345.76,OPEN
ORD-003411-3,PO-003411,CUST-01190,2026-07-01,49794.35,OPEN
ORD-003412-1,PO-003412,CUST-01354,2026-03-11,25831.85,OPEN
ORD-003413-1,PO-003413,CUST-00413,2026-08-19,64608.35,OPEN
ORD-003413-2,PO-003413,CUST-01300,2026-08-21,43072.23,OPEN
ORD-003413-3,PO-003413,CUST-01505,2026-08-22,43072.23,OPEN
ORD-003414-1,PO-003414,CUST-02369,2026-07-08,19692.08,OPEN
ORD-003414-2,PO-003414,CUST-02180,2026-07-15,29538.12,OPEN
ORD-003415-1,PO-003415,CUST-01395,2026-08-13,14631.76,OPEN
ORD-003416-1,PO-003416,CUST-00866,2026-03-19,71640.13,OPEN
ORD-003417-1,PO-003417,CUST-00074,2026-08-14,35500.29,OPEN
ORD-003417-2,PO-003417,CUST-00571,2026-08-18,47333.73,OPEN
ORD-003417-3,PO-003417,CUST-00217,2026-08-21,47333.73,OPEN
ORD-003417-4,PO-003417,CUST-01813,2026-08-15,142001.18,OPEN
ORD-003418-1,PO-003418,CUST-02081,2026-05-02,36753.67,OPEN
ORD-003419-1,PO-003419,CUST-02278,2026-07-19,29945.6,OPEN
ORD-003419-2,PO-003419,CUST-01263,2026-07-21,89836.79,OPEN
ORD-003419-3,PO-003419,CUST-01067,2026-07-24,89836.79,OPEN
ORD-003420-1,PO-003420,CUST-02499,2026-05-10,30578.28,OPEN
ORD-003421-1,PO-003421,CUST-01631,2026-09-07,97047.04,OPEN
ORD-003422-1,PO-003422,CUST-02384,2026-03-23,104966.03,OPEN
ORD-003422-2,PO-003422,CUST-01249,2026-03-30,104966.03,OPEN
ORD-003423-1,PO-003423,CUST-01557,2026-07-18,35801.15,OPEN
ORD-003423-2,PO-003423,CUST-01776,2026-07-20,143204.62,OPEN
ORD-003423-3,PO-003423,CUST-01672,2026-07-23,47734.87,OPEN
ORD-003424-1,PO-003424,CUST-00416,2026-06-02,12964.55,OPEN
ORD-003424-2,PO-003424,CUST-00279,2026-05-26,12964.55,OPEN
ORD-003425-1,PO-003425,CUST-02025,2026-07-30,77929.5,OPEN
ORD-003425-2,PO-003425,CUST-01233,2026-08-03,19482.38,OPEN
ORD-003426-1,PO-003426,CUST-00360,2026-04-17,31965.3,OPEN
ORD-003426-2,PO-003426,CUST-00679,2026-04-16,95895.89,OPEN
ORD-003427-1,PO-003427,CUST-00219,2026-07-01,18024.85,OPEN
ORD-003428-1,PO-003428,CUST-02295,2026-01-19,40363.16,OPEN
ORD-003428-2,PO-003428,CUST-02330,2026-01-22,30272.37,OPEN
ORD-003428-3,PO-003428,CUST-00531,2026-01-21,40363.16,OPEN
ORD-003429-1,PO-003429,CUST-01076,2026-07-17,5313.44,OPEN
ORD-003429-2,PO-003429,CUST-02041,2026-07-17,10626.89,OPEN
ORD-003429-3,PO-003429,CUST-02120,2026-07-11,2656.72,OPEN
ORD-003430-1,PO-003430,CUST-00731,2026-07-12,9788.3,OPEN
ORD-003430-2,PO-003430,CUST-00249,2026-07-17,7341.23,OPEN
ORD-003431-1,PO-003431,CUST-02485,2026-06-17,12025.39,OPEN
ORD-003431-2,PO-003431,CUST-00714,2026-06-11,12025.39,OPEN
ORD-003431-3,PO-003431,CUST-00965,2026-06-13,24050.77,OPEN
ORD-003431-4,PO-003431,CUST-00105,2026-06-19,12025.39,OPEN
ORD-003432-1,PO-003432,CUST-02385,2026-02-28,62125.9,OPEN
ORD-003432-2,PO-003432,CUST-02333,2026-02-23,62125.9,OPEN
ORD-003432-3,PO-003432,CUST-01595,2026-02-26,41417.27,OPEN
ORD-003433-1,PO-003433,CUST-02120,2026-02-07,20947.53,OPEN
ORD-003434-1,PO-003434,CUST-01876,2026-06-19,19030.37,OPEN
ORD-003434-2,PO-003434,CUST-01867,2026-06-22,19030.37,OPEN
ORD-003434-3,PO-003434,CUST-02010,2026-06-23,28545.55,OPEN
ORD-003435-1,PO-003435,CUST-01021,2026-08-25,47940.68,OPEN
ORD-003436-1,PO-003436,CUST-01726,2026-07-02,2933.89,OPEN
ORD-003436-2,PO-003436,CUST-01099,2026-07-02,1466.94,OPEN
ORD-003436-3,PO-003436,CUST-00830,2026-07-04,977.96,OPEN
ORD-003436-4,PO-003436,CUST-00742,2026-06-26,1466.94,OPEN
ORD-003437-1,PO-003437,CUST-00715,2026-04-21,46851.41,OPEN
ORD-003437-2,PO-003437,CUST-02028,2026-04-16,46851.41,OPEN
ORD-003437-3,PO-003437,CUST-00567,2026-04-17,31234.27,OPEN
ORD-003438-1,PO-003438,CUST-02220,2026-08-10,3052.04,OPEN
ORD-003439-1,PO-003439,CUST-01741,2026-02-26,34340.57,OPEN
ORD-003439-2,PO-003439,CUST-00333,2026-03-05,25755.43,OPEN
ORD-003440-1,PO-003440,CUST-00929,2026-07-17,38299.77,OPEN
ORD-003440-2,PO-003440,CUST-00331,2026-07-26,38299.77,OPEN
ORD-003441-1,PO-003441,CUST-00115,2026-08-02,11409.27,OPEN
ORD-003441-2,PO-003441,CUST-01079,2026-08-04,11409.27,OPEN
ORD-003442-1,PO-003442,CUST-02014,2026-06-18,25906.9,OPEN
ORD-003442-2,PO-003442,CUST-02150,2026-06-23,51813.8,OPEN
ORD-003443-1,PO-003443,CUST-02256,2026-08-11,33736.48,OPEN
ORD-003444-1,PO-003444,CUST-02080,2026-05-12,12284.35,OPEN
ORD-003444-2,PO-003444,CUST-01993,2026-05-13,9213.26,OPEN
ORD-003444-3,PO-003444,CUST-00927,2026-05-12,18426.52,OPEN
ORD-003444-4,PO-003444,CUST-02044,2026-05-08,18426.52,OPEN
ORD-003445-1,PO-003445,CUST-02434,2026-05-22,27160.84,OPEN
ORD-003446-1,PO-003446,CUST-00629,2026-04-16,114428.25,OPEN
ORD-003446-2,PO-003446,CUST-00634,2026-04-15,28607.06,OPEN
ORD-003446-3,PO-003446,CUST-00649,2026-04-08,38142.75,OPEN
ORD-003446-4,PO-003446,CUST-01862,2026-04-18,57214.12,OPEN
ORD-003447-1,PO-003447,CUST-01950,2026-07-03,37194.51,OPEN
ORD-003447-2,PO-003447,CUST-01828,2026-07-04,37194.51,OPEN
ORD-003448-1,PO-003448,CUST-00459,2026-04-14,22824.5,OPEN
ORD-003448-2,PO-003448,CUST-01217,2026-04-18,22824.5,OPEN
ORD-003448-3,PO-003448,CUST-02011,2026-04-20,68473.51,OPEN
ORD-003448-4,PO-003448,CUST-02128,2026-04-18,17118.38,OPEN
ORD-003449-1,PO-003449,CUST-00040,2026-01-08,121609.11,OPEN
ORD-003449-2,PO-003449,CUST-00495,2026-01-08,40536.37,OPEN
ORD-003450-1,PO-003450,CUST-00225,2026-07-22,24180.9,OPEN
ORD-003451-1,PO-003451,CUST-01807,2026-02-19,56424.79,OPEN
ORD-003451-2,PO-003451,CUST-02340,2026-02-19,56424.79,OPEN
ORD-003452-1,PO-003452,CUST-00936,2026-05-27,33735.93,OPEN
ORD-003452-2,PO-003452,CUST-01971,2026-06-01,67471.85,OPEN
ORD-003452-3,PO-003452,CUST-02138,2026-05-31,67471.85,OPEN
ORD-003452-4,PO-003452,CUST-00863,2026-05-30,33735.93,OPEN
ORD-003453-1,PO-003453,CUST-00805,2026-04-25,6797.16,OPEN
ORD-003453-2,PO-003453,CUST-01588,2026-04-26,27188.63,OPEN
ORD-003453-3,PO-003453,CUST-02234,2026-04-27,9062.88,OPEN
ORD-003453-4,PO-003453,CUST-01556,2026-04-18,6797.16,OPEN
ORD-003454-1,PO-003454,CUST-00492,2026-08-09,131059.66,OPEN
ORD-003454-2,PO-003454,CUST-00434,2026-08-06,131059.66,OPEN
ORD-003454-3,PO-003454,CUST-01804,2026-08-15,65529.83,OPEN
ORD-003455-1,PO-003455,CUST-00556,2026-03-08,675.64,OPEN
ORD-003456-1,PO-003456,CUST-00737,2026-08-17,8506.45,OPEN
ORD-003456-2,PO-003456,CUST-01409,2026-08-09,34025.82,OPEN
ORD-003457-1,PO-003457,CUST-00278,2026-03-06,3607.2,OPEN
ORD-003457-2,PO-003457,CUST-02221,2026-03-09,5410.8,OPEN
ORD-003457-3,PO-003457,CUST-01497,2026-03-10,2705.4,OPEN
ORD-003458-1,PO-003458,CUST-01444,2026-04-29,70190.71,OPEN
ORD-003458-2,PO-003458,CUST-01804,2026-04-29,23396.9,OPEN
ORD-003458-3,PO-003458,CUST-02205,2026-05-02,17547.68,OPEN
ORD-003459-1,PO-003459,CUST-01190,2026-07-21,23510.88,OPEN
ORD-003459-2,PO-003459,CUST-02314,2026-07-29,47021.76,OPEN
ORD-003459-3,PO-003459,CUST-01596,2026-07-27,47021.76,OPEN
ORD-003459-4,PO-003459,CUST-02228,2026-07-23,94043.52,OPEN
ORD-003460-1,PO-003460,CUST-01674,2026-01-07,2638.91,OPEN
ORD-003460-2,PO-003460,CUST-00290,2026-01-16,1759.27,OPEN
ORD-003461-1,PO-003461,CUST-00815,2026-02-23,136777.31,OPEN
ORD-003461-2,PO-003461,CUST-00660,2026-03-05,68388.65,OPEN
ORD-003461-3,PO-003461,CUST-01513,2026-03-05,45592.44,OPEN
ORD-003462-1,PO-003462,CUST-02457,2026-07-23,10709.51,OPEN
ORD-003462-2,PO-003462,CUST-01883,2026-07-20,10709.51,OPEN
ORD-003463-1,PO-003463,CUST-00515,2026-04-24,46282.84,OPEN
ORD-003463-2,PO-003463,CUST-01935,2026-04-16,69424.26,OPEN
ORD-003463-3,PO-003463,CUST-00783,2026-04-23,69424.26,OPEN
ORD-003463-4,PO-003463,CUST-01300,2026-04-16,69424.26,OPEN
ORD-003464-1,PO-003464,CUST-02459,2026-08-31,4943.68,OPEN
ORD-003464-2,PO-003464,CUST-00722,2026-08-30,4943.68,OPEN
ORD-003464-3,PO-003464,CUST-01295,2026-08-28,2471.84,OPEN
ORD-003464-4,PO-003464,CUST-01780,2026-08-23,1647.89,OPEN
ORD-003465-1,PO-003465,CUST-00787,2026-08-21,29310.83,OPEN
ORD-003465-2,PO-003465,CUST-01191,2026-08-22,19540.55,OPEN
ORD-003465-3,PO-003465,CUST-02217,2026-08-30,29310.83,OPEN
ORD-003466-1,PO-003466,CUST-00177,2026-07-07,134241.18,OPEN
ORD-003466-2,PO-003466,CUST-02305,2026-07-07,134241.18,OPEN
ORD-003466-3,PO-003466,CUST-00629,2026-07-07,134241.18,OPEN
ORD-003467-1,PO-003467,CUST-00400,2026-06-18,31563.38,OPEN
ORD-003467-2,PO-003467,CUST-00206,2026-06-27,21042.26,OPEN
ORD-003468-1,PO-003468,CUST-02173,2026-04-10,4171.82,OPEN
ORD-003468-2,PO-003468,CUST-02440,2026-04-10,12515.47,OPEN
ORD-003468-3,PO-003468,CUST-02280,2026-04-07,12515.47,OPEN
ORD-003468-4,PO-003468,CUST-00012,2026-04-01,6257.73,OPEN
ORD-003469-1,PO-003469,CUST-00161,2026-04-01,12611.96,OPEN
ORD-003469-2,PO-003469,CUST-01422,2026-04-08,12611.96,OPEN
ORD-003469-3,PO-003469,CUST-00224,2026-04-03,12611.96,OPEN
ORD-003470-1,PO-003470,CUST-01392,2026-04-06,64875.86,OPEN
ORD-003470-2,PO-003470,CUST-00716,2026-04-04,64875.86,OPEN
ORD-003470-3,PO-003470,CUST-00642,2026-04-07,129751.73,OPEN
ORD-003470-4,PO-003470,CUST-01103,2026-04-06,43250.58,OPEN
ORD-003471-1,PO-003471,CUST-01856,2026-09-05,47570.04,OPEN
ORD-003471-2,PO-003471,CUST-01353,2026-09-03,23785.02,OPEN
ORD-003472-1,PO-003472,CUST-02131,2026-02-18,9009.76,OPEN
ORD-003472-2,PO-003472,CUST-01309,2026-02-08,9009.76,OPEN
ORD-003472-3,PO-003472,CUST-01642,2026-02-11,36039.04,OPEN
ORD-003472-4,PO-003472,CUST-01225,2026-02-14,9009.76,OPEN
ORD-003473-1,PO-003473,CUST-02047,2026-05-07,31689.42,OPEN
ORD-003473-2,PO-003473,CUST-00891,2026-05-06,31689.42,OPEN
ORD-003474-1,PO-003474,CUST-01567,2026-03-28,12666.69,OPEN
ORD-003475-1,PO-003475,CUST-02338,2026-07-21,26208.91,OPEN
ORD-003476-1,PO-003476,CUST-02431,2026-08-05,24769.3,OPEN
ORD-003477-1,PO-003477,CUST-00994,2026-01-24,24911.1,OPEN
ORD-003477-2,PO-003477,CUST-01605,2026-01-26,33214.81,OPEN
ORD-003477-3,PO-003477,CUST-00938,2026-01-21,33214.81,OPEN
ORD-003477-4,PO-003477,CUST-02484,2026-01-28,33214.81,OPEN
ORD-003478-1,PO-003478,CUST-01338,2026-04-27,46475.35,OPEN
ORD-003479-1,PO-003479,CUST-01728,2026-07-14,66365.04,OPEN
ORD-003479-2,PO-003479,CUST-01476,2026-07-21,33182.52,OPEN
ORD-003479-3,PO-003479,CUST-01937,2026-07-18,66365.04,OPEN
ORD-003479-4,PO-003479,CUST-02208,2026-07-23,33182.52,OPEN
ORD-003480-1,PO-003480,CUST-02353,2026-05-13,95423.88,OPEN
ORD-003480-2,PO-003480,CUST-01171,2026-05-20,23855.97,OPEN
ORD-003480-3,PO-003480,CUST-00741,2026-05-19,47711.94,OPEN
ORD-003481-1,PO-003481,CUST-01954,2026-05-18,38274.76,OPEN
ORD-003481-2,PO-003481,CUST-00163,2026-05-11,28706.07,OPEN
ORD-003481-3,PO-003481,CUST-01279,2026-05-16,57412.14,OPEN
ORD-003482-1,PO-003482,CUST-01263,2026-03-21,37680.6,OPEN
ORD-003482-2,PO-003482,CUST-01491,2026-03-19,28260.45,OPEN
ORD-003483-1,PO-003483,CUST-01643,2026-08-24,3281.08,OPEN
ORD-003483-2,PO-003483,CUST-02212,2026-08-30,13124.33,OPEN
ORD-003483-3,PO-003483,CUST-02408,2026-08-24,3281.08,OPEN
ORD-003483-4,PO-003483,CUST-01044,2026-08-22,4374.78,OPEN
ORD-003484-1,PO-003484,CUST-01646,2026-04-19,26999.51,OPEN
ORD-003484-2,PO-003484,CUST-00659,2026-04-28,53999.03,OPEN
ORD-003484-3,PO-003484,CUST-02207,2026-04-24,35999.35,OPEN
ORD-003484-4,PO-003484,CUST-00922,2026-04-27,53999.03,OPEN
ORD-003485-1,PO-003485,CUST-02055,2026-06-25,11811.37,OPEN
ORD-003485-2,PO-003485,CUST-01760,2026-06-16,5905.69,OPEN
ORD-003485-3,PO-003485,CUST-02048,2026-06-19,7874.25,OPEN
ORD-003486-1,PO-003486,CUST-00001,2026-01-17,85325.67,OPEN
ORD-003486-2,PO-003486,CUST-01713,2026-01-12,42662.83,OPEN
ORD-003487-1,PO-003487,CUST-02378,2026-05-04,28109.54,OPEN
ORD-003487-2,PO-003487,CUST-01992,2026-05-02,21082.16,OPEN
ORD-003487-3,PO-003487,CUST-02495,2026-04-30,42164.32,OPEN
ORD-003487-4,PO-003487,CUST-00349,2026-05-05,84328.63,OPEN
ORD-003488-1,PO-003488,CUST-02399,2026-04-10,47838.95,OPEN
ORD-003488-2,PO-003488,CUST-01619,2026-04-04,35879.21,OPEN
ORD-003489-1,PO-003489,CUST-00449,2026-04-10,25499.42,OPEN
ORD-003489-2,PO-003489,CUST-00474,2026-04-14,25499.42,OPEN
ORD-003490-1,PO-003490,CUST-01087,2026-03-28,14934.59,OPEN
ORD-003490-2,PO-003490,CUST-00040,2026-03-27,19912.78,OPEN
ORD-003490-3,PO-003490,CUST-00541,2026-03-23,59738.35,OPEN
ORD-003491-1,PO-003491,CUST-00423,2026-08-13,51273.41,OPEN
ORD-003491-2,PO-003491,CUST-00907,2026-08-08,102546.82,OPEN
ORD-003491-3,PO-003491,CUST-00437,2026-08-08,34182.27,OPEN
ORD-003491-4,PO-003491,CUST-01575,2026-08-15,25636.71,OPEN
ORD-003492-1,PO-003492,CUST-01824,2026-09-03,71372.6,OPEN
ORD-003492-2,PO-003492,CUST-02154,2026-08-24,71372.6,OPEN
ORD-003493-1,PO-003493,CUST-00279,2026-03-07,133123.08,OPEN
ORD-003493-2,PO-003493,CUST-01076,2026-03-07,133123.08,OPEN
ORD-003493-3,PO-003493,CUST-00530,2026-03-06,44374.36,OPEN
ORD-003494-1,PO-003494,CUST-01495,2026-06-06,13779.06,OPEN
ORD-003495-1,PO-003495,CUST-01065,2026-01-20,50842.08,OPEN
ORD-003495-2,PO-003495,CUST-00561,2026-01-16,50842.08,OPEN
ORD-003495-3,PO-003495,CUST-00007,2026-01-23,12710.52,OPEN
ORD-003496-1,PO-003496,CUST-00274,2026-08-07,55993.5,OPEN
ORD-003497-1,PO-003497,CUST-00332,2026-01-14,21651.01,OPEN
ORD-003497-2,PO-003497,CUST-02258,2026-01-17,14434.01,OPEN
ORD-003497-3,PO-003497,CUST-01422,2026-01-13,21651.01,OPEN
ORD-003497-4,PO-003497,CUST-00583,2026-01-15,10825.51,OPEN
ORD-003498-1,PO-003498,CUST-00363,2026-07-12,24170.4,OPEN
ORD-003498-2,PO-003498,CUST-00880,2026-07-17,24170.4,OPEN
ORD-003498-3,PO-003498,CUST-01686,2026-07-20,48340.79,OPEN
ORD-003499-1,PO-003499,CUST-02149,2026-08-05,19097.86,OPEN
ORD-003499-2,PO-003499,CUST-00339,2026-08-10,19097.86,OPEN
ORD-003500-1,PO-003500,CUST-02135,2026-01-14,15324.25,OPEN
ORD-003501-1,PO-003501,CUST-00874,2026-04-16,6632.94,OPEN
ORD-003501-2,PO-003501,CUST-00885,2026-04-18,6632.94,OPEN
ORD-003502-1,PO-003502,CUST-00853,2026-07-15,29919.08,OPEN
ORD-003502-2,PO-003502,CUST-00966,2026-07-18,29919.08,OPEN
ORD-003502-3,PO-003502,CUST-00293,2026-07-18,119676.32,OPEN
ORD-003503-1,PO-003503,CUST-02467,2026-05-12,54838.79,OPEN
ORD-003503-2,PO-003503,CUST-00678,2026-05-05,18279.6,OPEN
ORD-003504-1,PO-003504,CUST-00887,2026-01-31,42264.9,OPEN
ORD-003505-1,PO-003505,CUST-00081,2026-05-30,20285.21,OPEN
ORD-003505-2,PO-003505,CUST-02064,2026-06-06,20285.21,OPEN
ORD-003505-3,PO-003505,CUST-01341,2026-06-05,27046.94,OPEN
ORD-003506-1,PO-003506,CUST-01916,2026-04-06,9388.93,OPEN
ORD-003506-2,PO-003506,CUST-01277,2026-04-06,9388.93,OPEN
ORD-003506-3,PO-003506,CUST-02023,2026-04-02,7041.7,OPEN
ORD-003506-4,PO-003506,CUST-00600,2026-04-01,14083.4,OPEN
ORD-003507-1,PO-003507,CUST-00370,2026-08-02,33231.54,OPEN
ORD-003507-2,PO-003507,CUST-00716,2026-07-31,22154.36,OPEN
ORD-003508-1,PO-003508,CUST-00090,2026-03-16,45778.84,OPEN
ORD-003509-1,PO-003509,CUST-01039,2026-04-28,66118.49,OPEN
ORD-003509-2,PO-003509,CUST-02120,2026-05-06,66118.49,OPEN
ORD-003510-1,PO-003510,CUST-00836,2026-07-18,11580.45,OPEN
ORD-003510-2,PO-003510,CUST-01979,2026-07-16,11580.45,OPEN
ORD-003510-3,PO-003510,CUST-01780,2026-07-16,34741.34,OPEN
ORD-003510-4,PO-003510,CUST-01860,2026-07-18,17370.67,OPEN
ORD-003511-1,PO-003511,CUST-00898,2026-08-18,36289.94,OPEN
ORD-003511-2,PO-003511,CUST-02014,2026-08-18,72579.88,OPEN
ORD-003511-3,PO-003511,CUST-01100,2026-08-16,145159.76,OPEN
ORD-003512-1,PO-003512,CUST-01679,2026-06-03,19710.14,OPEN
ORD-003512-2,PO-003512,CUST-01284,2026-05-26,19710.14,OPEN
ORD-003512-3,PO-003512,CUST-00407,2026-06-01,78840.55,OPEN
ORD-003512-4,PO-003512,CUST-00397,2026-05-31,26280.18,OPEN
ORD-003513-1,PO-003513,CUST-00428,2026-08-04,22369.13,OPEN
ORD-003513-2,PO-003513,CUST-00263,2026-08-03,89476.54,OPEN
ORD-003513-3,PO-003513,CUST-00517,2026-08-03,22369.13,OPEN
ORD-003513-4,PO-003513,CUST-00763,2026-07-26,89476.54,OPEN
ORD-003514-1,PO-003514,CUST-01599,2026-04-04,113870.06,OPEN
ORD-003514-2,PO-003514,CUST-00396,2026-04-12,113870.06,OPEN
ORD-003514-3,PO-003514,CUST-02499,2026-04-09,28467.51,OPEN
ORD-003515-1,PO-003515,CUST-01833,2026-03-28,38230.76,OPEN
ORD-003515-2,PO-003515,CUST-01013,2026-03-27,57346.14,OPEN
ORD-003516-1,PO-003516,CUST-01851,2026-01-11,47045.47,OPEN
ORD-003516-2,PO-003516,CUST-00742,2026-01-11,141136.41,OPEN
ORD-003517-1,PO-003517,CUST-00838,2026-08-15,15081.97,OPEN
ORD-003517-2,PO-003517,CUST-00236,2026-08-11,45245.91,OPEN
ORD-003517-3,PO-003517,CUST-00274,2026-08-15,22622.96,OPEN
ORD-003518-1,PO-003518,CUST-02320,2026-07-25,133297.61,OPEN
ORD-003519-1,PO-003519,CUST-00777,2026-04-04,1163.14,OPEN
ORD-003519-2,PO-003519,CUST-00390,2026-04-01,1744.71,OPEN
ORD-003519-3,PO-003519,CUST-00015,2026-04-04,872.36,OPEN
ORD-003520-1,PO-003520,CUST-01401,2026-03-17,123551.27,OPEN
ORD-003520-2,PO-003520,CUST-01042,2026-03-14,30887.82,OPEN
ORD-003520-3,PO-003520,CUST-00533,2026-03-17,30887.82,OPEN
ORD-003521-1,PO-003521,CUST-01365,2026-04-16,27491.66,OPEN
ORD-003521-2,PO-003521,CUST-01920,2026-04-19,82474.97,OPEN
ORD-003522-1,PO-003522,CUST-01349,2026-07-25,26676.79,OPEN
ORD-003522-2,PO-003522,CUST-00542,2026-07-15,40015.18,OPEN
ORD-003522-3,PO-003522,CUST-00024,2026-07-22,20007.59,OPEN
ORD-003523-1,PO-003523,CUST-01838,2026-04-24,56876.29,OPEN
ORD-003523-2,PO-003523,CUST-01111,2026-04-23,37917.53,OPEN
ORD-003524-1,PO-003524,CUST-02281,2026-04-15,66287.96,OPEN
ORD-003524-2,PO-003524,CUST-01134,2026-04-20,33143.98,OPEN
ORD-003525-1,PO-003525,CUST-01417,2026-02-01,849.74,OPEN
ORD-003525-2,PO-003525,CUST-00977,2026-01-30,849.74,OPEN
ORD-003526-1,PO-003526,CUST-02131,2026-06-02,32014.57,OPEN
ORD-003526-2,PO-003526,CUST-00680,2026-06-04,64029.14,OPEN
ORD-003526-3,PO-003526,CUST-00108,2026-05-28,42686.09,OPEN
ORD-003527-1,PO-003527,CUST-02016,2026-03-11,32610.4,OPEN
ORD-003527-2,PO-003527,CUST-01391,2026-03-15,97831.2,OPEN
ORD-003528-1,PO-003528,CUST-00185,2026-07-07,25288.9,OPEN
ORD-003528-2,PO-003528,CUST-00880,2026-07-06,25288.9,OPEN
ORD-003529-1,PO-003529,CUST-01528,2026-02-26,11433.65,OPEN
ORD-003529-2,PO-003529,CUST-00514,2026-02-18,34300.96,OPEN
ORD-003530-1,PO-003530,CUST-02318,2026-04-22,9090.65,OPEN
ORD-003530-2,PO-003530,CUST-02080,2026-04-22,12120.86,OPEN
ORD-003530-3,PO-003530,CUST-02482,2026-04-20,36362.58,OPEN
ORD-003530-4,PO-003530,CUST-00468,2026-04-24,12120.86,OPEN
ORD-003531-1,PO-003531,CUST-00778,2026-07-12,12112.66,OPEN
ORD-003531-2,PO-003531,CUST-00640,2026-07-14,16150.22,OPEN
ORD-003531-3,PO-003531,CUST-00446,2026-07-06,12112.66,OPEN
ORD-003531-4,PO-003531,CUST-00999,2026-07-11,24225.33,OPEN
ORD-003532-1,PO-003532,CUST-02092,2026-06-05,3179.07,OPEN
ORD-003532-2,PO-003532,CUST-01870,2026-06-13,3179.07,OPEN
ORD-003532-3,PO-003532,CUST-02351,2026-06-14,4238.76,OPEN
ORD-003533-1,PO-003533,CUST-02024,2026-08-25,1741.79,OPEN
ORD-003533-2,PO-003533,CUST-01737,2026-08-16,2612.69,OPEN
ORD-003533-3,PO-003533,CUST-01877,2026-08-24,5225.38,OPEN
ORD-003534-1,PO-003534,CUST-02316,2026-02-27,38634.17,OPEN
ORD-003534-2,PO-003534,CUST-01729,2026-02-25,25756.11,OPEN
ORD-003534-3,PO-003534,CUST-00635,2026-02-26,38634.17,OPEN
ORD-003535-1,PO-003535,CUST-01402,2026-06-08,123455.64,OPEN
ORD-003535-2,PO-003535,CUST-01492,2026-06-09,30863.91,OPEN
ORD-003535-3,PO-003535,CUST-01119,2026-06-03,61727.82,OPEN
ORD-003535-4,PO-003535,CUST-00943,2026-06-12,61727.82,OPEN
ORD-003536-1,PO-003536,CUST-01523,2026-04-16,36560.45,OPEN
ORD-003536-2,PO-003536,CUST-01173,2026-04-17,73120.9,OPEN
ORD-003537-1,PO-003537,CUST-00345,2026-03-04,56577.18,OPEN
ORD-003538-1,PO-003538,CUST-01836,2026-06-30,33021.99,OPEN
ORD-003538-2,PO-003538,CUST-00817,2026-07-04,24766.49,OPEN
ORD-003538-3,PO-003538,CUST-02179,2026-07-03,99065.96,OPEN
ORD-003538-4,PO-003538,CUST-01029,2026-07-02,33021.99,OPEN
ORD-003539-1,PO-003539,CUST-00467,2026-07-22,90622.07,OPEN
ORD-003539-2,PO-003539,CUST-01099,2026-07-21,22655.52,OPEN
ORD-003539-3,PO-003539,CUST-02367,2026-07-16,90622.07,OPEN
ORD-003539-4,PO-003539,CUST-02465,2026-07-21,30207.36,OPEN
ORD-003540-1,PO-003540,CUST-00328,2026-08-07,4690.54,OPEN
ORD-003540-2,PO-003540,CUST-01271,2026-08-07,4690.54,OPEN
ORD-003540-3,PO-003540,CUST-00688,2026-08-10,18762.15,OPEN
ORD-003541-1,PO-003541,CUST-00123,2026-08-17,31614.38,OPEN
ORD-003541-2,PO-003541,CUST-01416,2026-08-07,63228.77,OPEN
ORD-003542-1,PO-003542,CUST-02386,2026-05-23,28398.25,OPEN
ORD-003543-1,PO-003543,CUST-00732,2026-08-06,28448.66,OPEN
ORD-003543-2,PO-003543,CUST-00216,2026-08-03,37931.55,OPEN
ORD-003543-3,PO-003543,CUST-01792,2026-08-02,28448.66,OPEN
ORD-003544-1,PO-003544,CUST-01142,2026-07-11,28977.56,OPEN
ORD-003545-1,PO-003545,CUST-02183,2026-03-16,7627.27,OPEN
ORD-003545-2,PO-003545,CUST-02203,2026-03-17,22881.81,OPEN
ORD-003546-1,PO-003546,CUST-02333,2026-01-23,49536.33,OPEN
ORD-003546-2,PO-003546,CUST-02047,2026-01-25,74304.49,OPEN
ORD-003547-1,PO-003547,CUST-01563,2026-02-10,17128.78,OPEN
ORD-003547-2,PO-003547,CUST-00237,2026-02-09,8564.39,OPEN
ORD-003547-3,PO-003547,CUST-01772,2026-02-13,34257.56,OPEN
ORD-003547-4,PO-003547,CUST-02038,2026-02-14,11419.19,OPEN
ORD-003548-1,PO-003548,CUST-01045,2026-05-18,18546.62,OPEN
ORD-003549-1,PO-003549,CUST-01659,2026-06-04,30559.03,OPEN
ORD-003549-2,PO-003549,CUST-01732,2026-05-28,22919.27,OPEN
ORD-003550-1,PO-003550,CUST-01258,2026-04-30,73473.85,OPEN
ORD-003550-2,PO-003550,CUST-00857,2026-05-02,73473.85,OPEN
ORD-003550-3,PO-003550,CUST-00311,2026-05-07,36736.93,OPEN
ORD-003551-1,PO-003551,CUST-00458,2026-02-10,14255.46,OPEN
ORD-003551-2,PO-003551,CUST-00543,2026-02-09,19007.28,OPEN
ORD-003552-1,PO-003552,CUST-01915,2026-05-24,30354.9,OPEN
ORD-003552-2,PO-003552,CUST-02205,2026-05-23,10118.3,OPEN
ORD-003553-1,PO-003553,CUST-01384,2026-04-18,29386.65,OPEN
ORD-003554-1,PO-003554,CUST-02261,2026-04-28,29389.94,OPEN
ORD-003554-2,PO-003554,CUST-00576,2026-04-25,29389.94,OPEN
ORD-003555-1,PO-003555,CUST-02016,2026-08-20,21491.29,OPEN
ORD-003556-1,PO-003556,CUST-00379,2026-08-27,5084.53,OPEN
ORD-003556-2,PO-003556,CUST-01833,2026-08-23,1694.84,OPEN
ORD-003557-1,PO-003557,CUST-00331,2026-07-18,74401.07,OPEN
ORD-003557-2,PO-003557,CUST-00634,2026-07-11,37200.54,OPEN
ORD-003557-3,PO-003557,CUST-01819,2026-07-12,37200.54,OPEN
ORD-003558-1,PO-003558,CUST-01216,2026-08-14,10108.91,OPEN
ORD-003558-2,PO-003558,CUST-02474,2026-08-15,20217.81,OPEN
ORD-003558-3,PO-003558,CUST-01686,2026-08-16,20217.81,OPEN
ORD-003559-1,PO-003559,CUST-00359,2026-06-17,18155.72,OPEN
ORD-003559-2,PO-003559,CUST-00894,2026-06-09,36311.44,OPEN
ORD-003559-3,PO-003559,CUST-01777,2026-06-12,18155.72,OPEN
ORD-003559-4,PO-003559,CUST-00288,2026-06-12,9077.86,OPEN
ORD-003560-1,PO-003560,CUST-01309,2026-06-28,62400.22,OPEN
ORD-003560-2,PO-003560,CUST-00307,2026-06-30,62400.22,OPEN
ORD-003560-3,PO-003560,CUST-00620,2026-07-01,20800.07,OPEN
ORD-003561-1,PO-003561,CUST-00603,2026-01-27,55750.07,OPEN
ORD-003561-2,PO-003561,CUST-00030,2026-01-17,111500.15,OPEN
ORD-003561-3,PO-003561,CUST-00581,2026-01-20,55750.07,OPEN
ORD-003562-1,PO-003562,CUST-01096,2026-05-22,11977.58,OPEN
ORD-003563-1,PO-003563,CUST-01017,2026-03-22,38122.35,OPEN
ORD-003563-2,PO-003563,CUST-02450,2026-03-22,38122.35,OPEN
ORD-003563-3,PO-003563,CUST-02249,2026-03-27,38122.35,OPEN
ORD-003564-1,PO-003564,CUST-02470,2026-01-13,23716.77,OPEN
ORD-003564-2,PO-003564,CUST-02447,2026-01-19,23716.77,OPEN
ORD-003565-1,PO-003565,CUST-00116,2026-07-13,89117.82,OPEN
ORD-003565-2,PO-003565,CUST-01427,2026-07-13,44558.91,OPEN
ORD-003566-1,PO-003566,CUST-01154,2026-02-28,5468.21,OPEN
ORD-003566-2,PO-003566,CUST-01770,2026-03-01,4101.16,OPEN
ORD-003567-1,PO-003567,CUST-00514,2026-01-25,25905.63,OPEN
ORD-003567-2,PO-003567,CUST-02404,2026-01-27,51811.27,OPEN
ORD-003567-3,PO-003567,CUST-00238,2026-01-31,103622.54,OPEN
ORD-003567-4,PO-003567,CUST-00120,2026-01-24,103622.54,OPEN
ORD-003568-1,PO-003568,CUST-01694,2026-02-25,1894.14,OPEN
ORD-003569-1,PO-003569,CUST-02494,2026-08-18,6090.25,OPEN
ORD-003570-1,PO-003570,CUST-02404,2026-03-12,21042.34,OPEN
ORD-003570-2,PO-003570,CUST-01945,2026-03-22,63127.03,OPEN
ORD-003570-3,PO-003570,CUST-00204,2026-03-16,31563.51,OPEN
ORD-003571-1,PO-003571,CUST-01584,2026-08-21,39397.96,OPEN
ORD-003571-2,PO-003571,CUST-01211,2026-08-18,26265.3,OPEN
ORD-003571-3,PO-003571,CUST-01318,2026-08-19,39397.96,OPEN
ORD-003571-4,PO-003571,CUST-00245,2026-08-18,78795.91,OPEN
ORD-003572-1,PO-003572,CUST-00813,2026-01-09,2350.18,OPEN
ORD-003572-2,PO-003572,CUST-01919,2026-01-10,2350.18,OPEN
ORD-003573-1,PO-003573,CUST-00147,2026-05-04,33664.41,OPEN
ORD-003573-2,PO-003573,CUST-01277,2026-05-08,134657.63,OPEN
ORD-003574-1,PO-003574,CUST-01260,2026-03-08,60695.29,OPEN
ORD-003575-1,PO-003575,CUST-00232,2026-06-19,31698.63,OPEN
ORD-003575-2,PO-003575,CUST-01389,2026-06-19,63397.26,OPEN
ORD-003576-1,PO-003576,CUST-01761,2026-04-08,99564.91,OPEN
ORD-003576-2,PO-003576,CUST-02193,2026-04-05,33188.3,OPEN
ORD-003577-1,PO-003577,CUST-00976,2026-06-13,4960.03,OPEN
ORD-003577-2,PO-003577,CUST-02173,2026-06-08,4960.03,OPEN
ORD-003578-1,PO-003578,CUST-02177,2026-07-20,82936.28,OPEN
ORD-003578-2,PO-003578,CUST-02032,2026-07-21,27645.43,OPEN
ORD-003579-1,PO-003579,CUST-01623,2026-04-28,29770.28,OPEN
ORD-003579-2,PO-003579,CUST-01515,2026-05-04,44655.42,OPEN
ORD-003580-1,PO-003580,CUST-01858,2026-02-03,94599.02,OPEN
ORD-003581-1,PO-003581,CUST-00246,2026-03-13,806.18,OPEN
ORD-003581-2,PO-003581,CUST-00450,2026-03-20,1612.36,OPEN
ORD-003581-3,PO-003581,CUST-00832,2026-03-16,806.18,OPEN
ORD-003581-4,PO-003581,CUST-00908,2026-03-17,1074.91,OPEN
ORD-003582-1,PO-003582,CUST-00538,2026-08-17,46348.32,OPEN
ORD-003583-1,PO-003583,CUST-00135,2026-09-07,99298.5,OPEN
ORD-003584-1,PO-003584,CUST-01408,2026-05-15,62977.07,OPEN
ORD-003585-1,PO-003585,CUST-01524,2026-06-03,17801.39,OPEN
ORD-003586-1,PO-003586,CUST-00656,2026-08-12,20885.02,OPEN
ORD-003586-2,PO-003586,CUST-01236,2026-08-13,20885.02,OPEN
ORD-003586-3,PO-003586,CUST-00298,2026-08-19,6961.67,OPEN
ORD-003587-1,PO-003587,CUST-00815,2026-08-20,10793.97,OPEN
ORD-003587-2,PO-003587,CUST-01511,2026-08-13,14391.96,OPEN
ORD-003588-1,PO-003588,CUST-01186,2026-01-05,118647.52,OPEN
ORD-003588-2,PO-003588,CUST-02275,2026-01-11,39549.17,OPEN
ORD-003589-1,PO-003589,CUST-00980,2026-06-30,29339.46,OPEN
ORD-003589-2,PO-003589,CUST-01078,2026-06-29,58678.92,OPEN
ORD-003589-3,PO-003589,CUST-00932,2026-06-28,58678.92,OPEN
ORD-003590-1,PO-003590,CUST-00288,2026-07-31,103218.92,OPEN
ORD-003590-2,PO-003590,CUST-01411,2026-07-22,25804.73,OPEN
ORD-003591-1,PO-003591,CUST-01180,2026-02-17,3747.44,OPEN
ORD-003591-2,PO-003591,CUST-01234,2026-02-18,5621.16,OPEN
ORD-003592-1,PO-003592,CUST-02164,2026-01-14,59510.01,OPEN
ORD-003592-2,PO-003592,CUST-01615,2026-01-14,119020.02,OPEN
ORD-003593-1,PO-003593,CUST-00588,2026-06-05,66381.16,OPEN
ORD-003594-1,PO-003594,CUST-01781,2026-03-07,17543.15,OPEN
ORD-003594-2,PO-003594,CUST-00726,2026-03-02,13157.36,OPEN
ORD-003595-1,PO-003595,CUST-01279,2026-02-28,79028.34,OPEN
ORD-003595-2,PO-003595,CUST-01954,2026-02-24,39514.17,OPEN
ORD-003596-1,PO-003596,CUST-02293,2026-04-12,17736.31,OPEN
ORD-003596-2,PO-003596,CUST-00495,2026-04-11,26604.47,OPEN
ORD-003597-1,PO-003597,CUST-01037,2026-06-25,42270.54,OPEN
ORD-003597-2,PO-003597,CUST-01941,2026-06-23,21135.27,OPEN
ORD-003597-3,PO-003597,CUST-02369,2026-06-25,14090.18,OPEN
ORD-003598-1,PO-003598,CUST-01214,2026-06-21,21185.63,OPEN
ORD-003599-1,PO-003599,CUST-01439,2026-07-07,21555.48,OPEN
ORD-003600-1,PO-003600,CUST-00783,2026-05-06,2323.22,OPEN
ORD-003600-2,PO-003600,CUST-00470,2026-05-02,3097.62,OPEN
ORD-003600-3,PO-003600,CUST-00454,2026-05-08,2323.22,OPEN
ORD-003601-1,PO-003601,CUST-01757,2026-09-02,19065.72,OPEN
ORD-003601-2,PO-003601,CUST-00431,2026-08-25,12710.48,OPEN
ORD-003602-1,PO-003602,CUST-01854,2026-05-16,37911.24,OPEN
ORD-003602-2,PO-003602,CUST-02382,2026-05-18,37911.24,OPEN
ORD-003602-3,PO-003602,CUST-00073,2026-05-14,37911.24,OPEN
ORD-003602-4,PO-003602,CUST-01946,2026-05-15,56866.86,OPEN
ORD-003603-1,PO-003603,CUST-00741,2026-08-12,116238.24,OPEN
ORD-003603-2,PO-003603,CUST-00218,2026-08-11,58119.12,OPEN
ORD-003604-1,PO-003604,CUST-02209,2026-06-09,74066.26,OPEN
ORD-003605-1,PO-003605,CUST-01153,2026-01-22,1982.42,OPEN
ORD-003605-2,PO-003605,CUST-02471,2026-01-27,2643.22,OPEN
ORD-003605-3,PO-003605,CUST-00934,2026-01-23,1982.42,OPEN
ORD-003606-1,PO-003606,CUST-01145,2026-01-07,19571.25,OPEN
ORD-003607-1,PO-003607,CUST-01491,2026-03-17,68256.24,OPEN
ORD-003607-2,PO-003607,CUST-00672,2026-03-15,34128.12,OPEN
ORD-003607-3,PO-003607,CUST-01708,2026-03-14,68256.24,OPEN
ORD-003608-1,PO-003608,CUST-00368,2026-05-22,81018.43,OPEN
ORD-003608-2,PO-003608,CUST-01690,2026-05-16,81018.43,OPEN
ORD-003608-3,PO-003608,CUST-00584,2026-05-18,40509.21,OPEN
ORD-003608-4,PO-003608,CUST-01429,2026-05-25,20254.61,OPEN
ORD-003609-1,PO-003609,CUST-01400,2026-03-18,13389.46,OPEN
ORD-003609-2,PO-003609,CUST-02412,2026-03-25,10042.09,OPEN
ORD-003610-1,PO-003610,CUST-00205,2026-02-08,17324.71,OPEN
ORD-003610-2,PO-003610,CUST-01908,2026-02-05,69298.83,OPEN
ORD-003610-3,PO-003610,CUST-00886,2026-02-07,34649.42,OPEN
ORD-003611-1,PO-003611,CUST-00759,2026-05-08,37633.62,OPEN
ORD-003611-2,PO-003611,CUST-02270,2026-05-10,18816.81,OPEN
ORD-003611-3,PO-003611,CUST-02350,2026-05-04,18816.81,OPEN
ORD-003612-1,PO-003612,CUST-00870,2026-03-31,27776.2,OPEN
ORD-003613-1,PO-003613,CUST-01837,2026-05-23,17268.4,OPEN
ORD-003614-1,PO-003614,CUST-00632,2026-06-05,8874.08,OPEN
ORD-003615-1,PO-003615,CUST-00952,2026-06-04,33291.26,OPEN
ORD-003615-2,PO-003615,CUST-01752,2026-06-03,33291.26,OPEN
ORD-003615-3,PO-003615,CUST-00944,2026-06-02,33291.26,OPEN
ORD-003615-4,PO-003615,CUST-01651,2026-06-03,66582.52,OPEN
ORD-003616-1,PO-003616,CUST-00468,2026-04-13,18494.65,OPEN
ORD-003617-1,PO-003617,CUST-01300,2026-07-20,18831.45,OPEN
ORD-003618-1,PO-003618,CUST-02379,2026-01-09,30419.32,OPEN
ORD-003619-1,PO-003619,CUST-01697,2026-02-07,137555.33,OPEN
ORD-003619-2,PO-003619,CUST-02263,2026-02-01,68777.66,OPEN
ORD-003619-3,PO-003619,CUST-00593,2026-02-03,137555.33,OPEN
ORD-003620-1,PO-003620,CUST-00379,2026-03-23,42074.11,OPEN
ORD-003621-1,PO-003621,CUST-00215,2026-04-17,15420.2,OPEN
ORD-003621-2,PO-003621,CUST-00808,2026-04-20,30840.41,OPEN
ORD-003621-3,PO-003621,CUST-00104,2026-04-15,20560.27,OPEN
ORD-003621-4,PO-003621,CUST-01620,2026-04-13,30840.41,OPEN
ORD-003622-1,PO-003622,CUST-00687,2026-07-23,12866.0,OPEN
ORD-003622-2,PO-003622,CUST-00227,2026-07-21,12866.0,OPEN
ORD-003622-3,PO-003622,CUST-01229,2026-07-16,12866.0,OPEN
ORD-003622-4,PO-003622,CUST-01775,2026-07-16,19298.99,OPEN
ORD-003623-1,PO-003623,CUST-01931,2026-08-04,7226.82,OPEN
ORD-003623-2,PO-003623,CUST-01759,2026-08-04,21680.45,OPEN
ORD-003623-3,PO-003623,CUST-00952,2026-07-26,5420.11,OPEN
ORD-003623-4,PO-003623,CUST-00325,2026-07-26,21680.45,OPEN
ORD-003624-1,PO-003624,CUST-00057,2026-04-15,28886.65,OPEN
ORD-003625-1,PO-003625,CUST-01408,2026-03-22,58029.68,OPEN
ORD-003625-2,PO-003625,CUST-02468,2026-03-22,116059.35,OPEN
ORD-003626-1,PO-003626,CUST-00606,2026-04-07,98366.01,OPEN
ORD-003626-2,PO-003626,CUST-01057,2026-03-30,32788.67,OPEN
ORD-003627-1,PO-003627,CUST-01426,2026-02-02,4139.42,OPEN
ORD-003627-2,PO-003627,CUST-01822,2026-02-02,12418.27,OPEN
ORD-003627-3,PO-003627,CUST-01728,2026-02-03,6209.14,OPEN
ORD-003627-4,PO-003627,CUST-02456,2026-02-02,12418.27,OPEN
ORD-003628-1,PO-003628,CUST-00626,2026-05-21,34797.54,OPEN
ORD-003628-2,PO-003628,CUST-00805,2026-05-12,46396.71,OPEN
ORD-003628-3,PO-003628,CUST-00969,2026-05-12,46396.71,OPEN
ORD-003629-1,PO-003629,CUST-01698,2026-08-29,79517.7,OPEN
ORD-003629-2,PO-003629,CUST-02261,2026-09-06,79517.7,OPEN
ORD-003629-3,PO-003629,CUST-00293,2026-09-01,19879.42,OPEN
ORD-003629-4,PO-003629,CUST-02028,2026-09-02,79517.7,OPEN
ORD-003630-1,PO-003630,CUST-02109,2026-03-14,15968.33,OPEN
ORD-003630-2,PO-003630,CUST-02453,2026-03-06,31936.67,OPEN
ORD-003630-3,PO-003630,CUST-01983,2026-03-16,15968.33,OPEN
ORD-003630-4,PO-003630,CUST-02218,2026-03-11,31936.67,OPEN
ORD-003631-1,PO-003631,CUST-02366,2026-07-08,52023.15,OPEN
ORD-003631-2,PO-003631,CUST-02022,2026-07-07,26011.58,OPEN
ORD-003632-1,PO-003632,CUST-00676,2026-08-20,2531.95,OPEN
ORD-003632-2,PO-003632,CUST-01233,2026-08-20,1687.96,OPEN
ORD-003632-3,PO-003632,CUST-00841,2026-08-14,2531.95,OPEN
ORD-003633-1,PO-003633,CUST-02302,2026-04-07,27395.28,OPEN
ORD-003633-2,PO-003633,CUST-01223,2026-04-05,41092.92,OPEN
ORD-003634-1,PO-003634,CUST-00899,2026-04-28,24222.97,OPEN
ORD-003634-2,PO-003634,CUST-00447,2026-04-24,32297.3,OPEN
ORD-003634-3,PO-003634,CUST-00778,2026-04-24,24222.97,OPEN
ORD-003634-4,PO-003634,CUST-00613,2026-04-27,48445.95,OPEN
ORD-003635-1,PO-003635,CUST-00199,2026-03-13,49063.49,OPEN
ORD-003636-1,PO-003636,CUST-00508,2026-07-09,2031.94,OPEN
ORD-003636-2,PO-003636,CUST-01111,2026-07-08,3047.91,OPEN
ORD-003636-3,PO-003636,CUST-01351,2026-07-10,1523.96,OPEN
ORD-003636-4,PO-003636,CUST-01573,2026-07-04,3047.91,OPEN
ORD-003637-1,PO-003637,CUST-00539,2026-08-02,59256.33,OPEN
ORD-003638-1,PO-003638,CUST-00126,2026-06-04,5793.21,OPEN
ORD-003638-2,PO-003638,CUST-02107,2026-06-01,11586.42,OPEN
ORD-003639-1,PO-003639,CUST-00769,2026-06-10,11289.96,OPEN
ORD-003639-2,PO-003639,CUST-02349,2026-06-09,22579.92,OPEN
ORD-003639-3,PO-003639,CUST-00598,2026-06-17,11289.96,OPEN
ORD-003639-4,PO-003639,CUST-02045,2026-06-13,11289.96,OPEN
ORD-003640-1,PO-003640,CUST-00804,2026-08-28,32824.84,OPEN
ORD-003640-2,PO-003640,CUST-01718,2026-08-28,32824.84,OPEN
ORD-003640-3,PO-003640,CUST-02171,2026-08-21,65649.68,OPEN
ORD-003640-4,PO-003640,CUST-01303,2026-08-29,43766.45,OPEN
ORD-003641-1,PO-003641,CUST-00451,2026-06-29,30890.74,OPEN
ORD-003641-2,PO-003641,CUST-02268,2026-07-04,30890.74,OPEN
ORD-003642-1,PO-003642,CUST-02489,2026-07-14,8065.4,OPEN
ORD-003643-1,PO-003643,CUST-01039,2026-01-13,20434.51,OPEN
ORD-003643-2,PO-003643,CUST-01466,2026-01-09,13623.01,OPEN
ORD-003643-3,PO-003643,CUST-01324,2026-01-03,13623.01,OPEN
ORD-003644-1,PO-003644,CUST-01254,2026-06-12,77382.91,OPEN
ORD-003644-2,PO-003644,CUST-02110,2026-06-11,19345.73,OPEN
ORD-003644-3,PO-003644,CUST-02232,2026-06-12,25794.3,OPEN
ORD-003644-4,PO-003644,CUST-00159,2026-06-03,19345.73,OPEN
ORD-003645-1,PO-003645,CUST-00432,2026-06-01,47771.25,OPEN
ORD-003646-1,PO-003646,CUST-00210,2026-02-24,68628.6,OPEN
ORD-003646-2,PO-003646,CUST-00942,2026-02-18,45752.4,OPEN
ORD-003646-3,PO-003646,CUST-00847,2026-02-26,68628.6,OPEN
ORD-003646-4,PO-003646,CUST-00249,2026-02-24,34314.3,OPEN
ORD-003647-1,PO-003647,CUST-01839,2026-05-30,10469.15,OPEN
ORD-003647-2,PO-003647,CUST-01531,2026-06-01,10469.15,OPEN
ORD-003647-3,PO-003647,CUST-02131,2026-05-31,6979.43,OPEN
ORD-003648-1,PO-003648,CUST-00708,2026-07-18,24231.11,OPEN
ORD-003648-2,PO-003648,CUST-00399,2026-07-19,48462.22,OPEN
ORD-003648-3,PO-003648,CUST-01234,2026-07-18,32308.15,OPEN
ORD-003649-1,PO-003649,CUST-00289,2026-01-05,22284.83,OPEN
ORD-003649-2,PO-003649,CUST-02027,2026-01-05,22284.83,OPEN
ORD-003649-3,PO-003649,CUST-02378,2026-01-11,5571.21,OPEN
ORD-003649-4,PO-003649,CUST-01372,2026-01-07,22284.83,OPEN
ORD-003650-1,PO-003650,CUST-00163,2026-01-03,22434.99,OPEN
ORD-003650-2,PO-003650,CUST-00038,2026-01-13,22434.99,OPEN
ORD-003651-1,PO-003651,CUST-01272,2026-02-02,12075.77,OPEN
ORD-003651-2,PO-003651,CUST-01381,2026-01-28,8050.51,OPEN
ORD-003651-3,PO-003651,CUST-02458,2026-01-28,12075.77,OPEN
ORD-003652-1,PO-003652,CUST-01797,2026-08-28,6084.95,OPEN
ORD-003652-2,PO-003652,CUST-02500,2026-08-26,6084.95,OPEN
ORD-003652-3,PO-003652,CUST-00845,2026-08-28,12169.91,OPEN
ORD-003652-4,PO-003652,CUST-02142,2026-08-31,8113.27,OPEN
ORD-003653-1,PO-003653,CUST-01247,2026-02-18,13266.12,OPEN
ORD-003653-2,PO-003653,CUST-00233,2026-02-26,3316.53,OPEN
ORD-003653-3,PO-003653,CUST-00531,2026-02-25,6633.06,OPEN
ORD-003653-4,PO-003653,CUST-00366,2026-02-25,6633.06,OPEN
ORD-003654-1,PO-003654,CUST-01085,2026-03-30,57930.15,OPEN
ORD-003654-2,PO-003654,CUST-02340,2026-04-05,28965.08,OPEN
ORD-003655-1,PO-003655,CUST-00643,2026-06-26,30825.73,OPEN
ORD-003655-2,PO-003655,CUST-00356,2026-06-25,61651.46,OPEN
ORD-003656-1,PO-003656,CUST-01656,2026-01-12,46340.14,OPEN
ORD-003656-2,PO-003656,CUST-01835,2026-01-08,69510.21,OPEN
ORD-003656-3,PO-003656,CUST-01666,2026-01-02,46340.14,OPEN
ORD-003656-4,PO-003656,CUST-01567,2026-01-12,69510.21,OPEN
ORD-003657-1,PO-003657,CUST-02296,2026-02-23,13946.8,OPEN
ORD-003658-1,PO-003658,CUST-00195,2026-02-20,3240.96,OPEN
ORD-003658-2,PO-003658,CUST-00603,2026-02-13,4321.28,OPEN
ORD-003658-3,PO-003658,CUST-01706,2026-02-17,6481.91,OPEN
ORD-003659-1,PO-003659,CUST-01009,2026-01-25,43564.52,OPEN
ORD-003659-2,PO-003659,CUST-01252,2026-01-26,65346.78,OPEN
ORD-003659-3,PO-003659,CUST-01463,2026-01-25,130693.56,OPEN
ORD-003660-1,PO-003660,CUST-01542,2026-06-11,26404.58,OPEN
ORD-003660-2,PO-003660,CUST-01935,2026-06-10,26404.58,OPEN
ORD-003660-3,PO-003660,CUST-00722,2026-06-09,35206.1,OPEN
ORD-003660-4,PO-003660,CUST-00296,2026-06-14,35206.1,OPEN
ORD-003661-1,PO-003661,CUST-01748,2026-06-21,31063.68,OPEN
ORD-003661-2,PO-003661,CUST-01837,2026-06-17,15531.84,OPEN
ORD-003662-1,PO-003662,CUST-00153,2026-06-27,49533.02,OPEN
ORD-003663-1,PO-003663,CUST-00151,2026-08-05,22995.53,OPEN
ORD-003664-1,PO-003664,CUST-00124,2026-02-14,48881.66,OPEN
ORD-003664-2,PO-003664,CUST-00305,2026-02-10,12220.42,OPEN
ORD-003664-3,PO-003664,CUST-02194,2026-02-12,24440.83,OPEN
ORD-003665-1,PO-003665,CUST-01454,2026-01-22,139521.92,OPEN
ORD-003665-2,PO-003665,CUST-02053,2026-01-18,34880.48,OPEN
ORD-003665-3,PO-003665,CUST-00032,2026-01-25,34880.48,OPEN
ORD-003666-1,PO-003666,CUST-00515,2026-02-08,34486.51,OPEN
ORD-003666-2,PO-003666,CUST-01000,2026-02-11,45982.02,OPEN
ORD-003667-1,PO-003667,CUST-01343,2026-07-29,35548.75,OPEN
ORD-003667-2,PO-003667,CUST-00667,2026-08-01,71097.51,OPEN
ORD-003667-3,PO-003667,CUST-02233,2026-07-31,23699.17,OPEN
ORD-003667-4,PO-003667,CUST-02471,2026-07-30,23699.17,OPEN
ORD-003668-1,PO-003668,CUST-00090,2026-04-02,127536.23,OPEN
ORD-003668-2,PO-003668,CUST-01669,2026-04-07,31884.06,OPEN
ORD-003668-3,PO-003668,CUST-02371,2026-04-05,127536.23,OPEN
ORD-003669-1,PO-003669,CUST-00668,2026-03-01,43544.12,OPEN
ORD-003670-1,PO-003670,CUST-01649,2026-01-23,6424.94,OPEN
ORD-003670-2,PO-003670,CUST-02150,2026-01-17,12849.87,OPEN
ORD-003670-3,PO-003670,CUST-01434,2026-01-24,6424.94,OPEN
ORD-003670-4,PO-003670,CUST-01976,2026-01-25,25699.74,OPEN
ORD-003671-1,PO-003671,CUST-01295,2026-03-09,101524.69,OPEN
ORD-003671-2,PO-003671,CUST-01548,2026-03-11,50762.35,OPEN
ORD-003671-3,PO-003671,CUST-01159,2026-03-12,50762.35,OPEN
ORD-003671-4,PO-003671,CUST-00954,2026-03-11,101524.69,OPEN
ORD-003672-1,PO-003672,CUST-00265,2026-05-27,28050.49,OPEN
ORD-003672-2,PO-003672,CUST-02304,2026-05-26,28050.49,OPEN
ORD-003672-3,PO-003672,CUST-02443,2026-05-27,112201.97,OPEN
ORD-003673-1,PO-003673,CUST-00312,2026-04-11,66090.91,OPEN
ORD-003673-2,PO-003673,CUST-00393,2026-04-07,16522.73,OPEN
ORD-003673-3,PO-003673,CUST-01854,2026-04-08,66090.91,OPEN
ORD-003673-4,PO-003673,CUST-01870,2026-04-05,33045.46,OPEN
ORD-003674-1,PO-003674,CUST-02395,2026-08-29,18671.3,OPEN
ORD-003675-1,PO-003675,CUST-01524,2026-07-30,39150.35,OPEN
ORD-003676-1,PO-003676,CUST-02284,2026-02-24,60277.42,OPEN
ORD-003676-2,PO-003676,CUST-00436,2026-02-28,40184.94,OPEN
ORD-003676-3,PO-003676,CUST-01423,2026-02-27,40184.94,OPEN
ORD-003677-1,PO-003677,CUST-02169,2026-04-08,47586.1,OPEN
ORD-003677-2,PO-003677,CUST-00771,2026-04-04,95172.2,OPEN
ORD-003677-3,PO-003677,CUST-00661,2026-03-31,47586.1,OPEN
ORD-003677-4,PO-003677,CUST-01616,2026-04-01,95172.2,OPEN
ORD-003678-1,PO-003678,CUST-01571,2026-03-02,36453.35,OPEN
ORD-003678-2,PO-003678,CUST-02047,2026-02-28,48604.46,OPEN
ORD-003678-3,PO-003678,CUST-01460,2026-02-23,36453.35,OPEN
ORD-003678-4,PO-003678,CUST-00442,2026-02-22,36453.35,OPEN
ORD-003679-1,PO-003679,CUST-01295,2026-07-18,23698.69,OPEN
ORD-003680-1,PO-003680,CUST-00143,2026-08-01,42260.97,OPEN
ORD-003681-1,PO-003681,CUST-01720,2026-08-06,29573.32,OPEN
ORD-003681-2,PO-003681,CUST-00880,2026-08-04,59146.64,OPEN
ORD-003681-3,PO-003681,CUST-02016,2026-08-03,59146.64,OPEN
ORD-003681-4,PO-003681,CUST-02117,2026-08-06,29573.32,OPEN
ORD-003682-1,PO-003682,CUST-01764,2026-05-29,75268.64,OPEN
ORD-003682-2,PO-003682,CUST-00647,2026-06-07,18817.16,OPEN
ORD-003683-1,PO-003683,CUST-00646,2026-04-19,87938.82,OPEN
ORD-003683-2,PO-003683,CUST-01462,2026-04-22,29312.94,OPEN
ORD-003683-3,PO-003683,CUST-01584,2026-04-25,29312.94,OPEN
ORD-003683-4,PO-003683,CUST-01439,2026-04-29,87938.82,OPEN
ORD-003684-1,PO-003684,CUST-01067,2026-03-30,137068.44,OPEN
ORD-003684-2,PO-003684,CUST-02188,2026-04-06,34267.11,OPEN
ORD-003685-1,PO-003685,CUST-01960,2026-02-14,43138.17,OPEN
ORD-003686-1,PO-003686,CUST-00864,2026-03-26,41184.79,OPEN
ORD-003687-1,PO-003687,CUST-00113,2026-07-08,34886.11,OPEN
ORD-003687-2,PO-003687,CUST-00113,2026-07-13,34886.11,OPEN
ORD-003688-1,PO-003688,CUST-00446,2026-06-12,14618.74,OPEN
ORD-003689-1,PO-003689,CUST-02474,2026-04-16,34874.01,OPEN
ORD-003689-2,PO-003689,CUST-01665,2026-04-10,104622.04,OPEN
ORD-003690-1,PO-003690,CUST-00158,2026-08-03,17042.94,OPEN
ORD-003690-2,PO-003690,CUST-00571,2026-08-02,34085.88,OPEN
ORD-003691-1,PO-003691,CUST-01987,2026-07-04,34957.79,OPEN
ORD-003691-2,PO-003691,CUST-01090,2026-07-05,104873.37,OPEN
ORD-003691-3,PO-003691,CUST-01066,2026-07-11,52436.68,OPEN
ORD-003691-4,PO-003691,CUST-01919,2026-07-05,104873.37,OPEN
ORD-003692-1,PO-003692,CUST-01759,2026-03-26,11773.23,OPEN
ORD-003692-2,PO-003692,CUST-00762,2026-03-30,11773.23,OPEN
ORD-003692-3,PO-003692,CUST-02391,2026-03-23,23546.47,OPEN
ORD-003692-4,PO-003692,CUST-00470,2026-03-26,47092.93,OPEN
ORD-003693-1,PO-003693,CUST-01392,2026-01-23,1614.67,OPEN
ORD-003693-2,PO-003693,CUST-00615,2026-01-30,1614.67,OPEN
ORD-003694-1,PO-003694,CUST-02147,2026-08-21,52165.51,OPEN
ORD-003695-1,PO-003695,CUST-01617,2026-01-26,90603.56,OPEN
ORD-003695-2,PO-003695,CUST-02461,2026-01-18,90603.56,OPEN
ORD-003695-3,PO-003695,CUST-00136,2026-01-20,45301.78,OPEN
ORD-003696-1,PO-003696,CUST-02253,2026-07-18,52795.44,OPEN
ORD-003696-2,PO-003696,CUST-02013,2026-07-22,13198.86,OPEN
ORD-003697-1,PO-003697,CUST-00512,2026-02-13,25612.86,OPEN
ORD-003698-1,PO-003698,CUST-02398,2026-07-28,44030.3,OPEN
ORD-003698-2,PO-003698,CUST-00113,2026-07-30,44030.3,OPEN
ORD-003699-1,PO-003699,CUST-02421,2026-08-09,52167.0,OPEN
ORD-003699-2,PO-003699,CUST-02214,2026-08-17,17389.0,OPEN
ORD-003700-1,PO-003700,CUST-01207,2026-07-16,140730.04,OPEN
ORD-003700-2,PO-003700,CUST-01977,2026-07-12,140730.04,OPEN
ORD-003700-3,PO-003700,CUST-00249,2026-07-16,35182.51,OPEN
ORD-003701-1,PO-003701,CUST-02103,2026-01-16,19828.02,OPEN
ORD-003701-2,PO-003701,CUST-00819,2026-01-22,79312.07,OPEN
ORD-003701-3,PO-003701,CUST-01812,2026-01-23,26437.36,OPEN
ORD-003701-4,PO-003701,CUST-00244,2026-01-19,39656.04,OPEN
ORD-003702-1,PO-003702,CUST-01295,2026-07-20,16939.79,OPEN
ORD-003702-2,PO-003702,CUST-01964,2026-07-18,16939.79,OPEN
ORD-003702-3,PO-003702,CUST-01073,2026-07-13,33879.59,OPEN
ORD-003703-1,PO-003703,CUST-00934,2026-08-20,132893.51,OPEN
ORD-003703-2,PO-003703,CUST-00293,2026-08-20,33223.38,OPEN
ORD-003703-3,PO-003703,CUST-01946,2026-08-19,33223.38,OPEN
ORD-003703-4,PO-003703,CUST-00594,2026-08-18,66446.76,OPEN
ORD-003704-1,PO-003704,CUST-00055,2026-07-21,12630.62,OPEN
ORD-003705-1,PO-003705,CUST-02365,2026-01-08,114752.13,OPEN
ORD-003705-2,PO-003705,CUST-01350,2026-01-09,114752.13,OPEN
ORD-003705-3,PO-003705,CUST-02115,2026-01-15,114752.13,OPEN
ORD-003706-1,PO-003706,CUST-00585,2026-05-13,30848.83,OPEN
ORD-003706-2,PO-003706,CUST-00736,2026-05-12,30848.83,OPEN
ORD-003707-1,PO-003707,CUST-02079,2026-01-21,15975.93,OPEN
ORD-003707-2,PO-003707,CUST-02407,2026-01-27,31951.86,OPEN
ORD-003707-3,PO-003707,CUST-01749,2026-01-26,7987.97,OPEN
ORD-003708-1,PO-003708,CUST-00612,2026-08-21,22927.79,OPEN
ORD-003708-2,PO-003708,CUST-00771,2026-08-22,68783.36,OPEN
ORD-003708-3,PO-003708,CUST-00925,2026-08-17,68783.36,OPEN
ORD-003708-4,PO-003708,CUST-01026,2026-08-23,22927.79,OPEN
ORD-003709-1,PO-003709,CUST-00841,2026-07-25,43785.75,OPEN
ORD-003709-2,PO-003709,CUST-01528,2026-07-23,43785.75,OPEN
ORD-003709-3,PO-003709,CUST-01358,2026-08-02,29190.5,OPEN
ORD-003710-1,PO-003710,CUST-01121,2026-06-12,30609.9,OPEN
ORD-003711-1,PO-003711,CUST-00046,2026-04-07,22617.97,OPEN
ORD-003711-2,PO-003711,CUST-01388,2026-04-07,45235.94,OPEN
ORD-003711-3,PO-003711,CUST-01355,2026-04-04,22617.97,OPEN
ORD-003712-1,PO-003712,CUST-00530,2026-07-15,33883.49,OPEN
ORD-003712-2,PO-003712,CUST-00459,2026-07-18,67766.97,OPEN
ORD-003713-1,PO-003713,CUST-02379,2026-02-12,4392.58,OPEN
ORD-003713-2,PO-003713,CUST-01413,2026-02-14,17570.32,OPEN
ORD-003713-3,PO-003713,CUST-00471,2026-02-14,5856.77,OPEN
ORD-003714-1,PO-003714,CUST-01183,2026-01-14,23757.92,OPEN
ORD-003714-2,PO-003714,CUST-01559,2026-01-16,95031.66,OPEN
ORD-003714-3,PO-003714,CUST-00470,2026-01-14,95031.66,OPEN
ORD-003715-1,PO-003715,CUST-00489,2026-02-17,36389.99,OPEN
ORD-003715-2,PO-003715,CUST-01215,2026-02-11,36389.99,OPEN
ORD-003715-3,PO-003715,CUST-02167,2026-02-20,145559.97,OPEN
ORD-003716-1,PO-003716,CUST-01350,2026-05-21,49131.18,OPEN
ORD-003716-2,PO-003716,CUST-00966,2026-05-22,98262.36,OPEN
ORD-003717-1,PO-003717,CUST-00752,2026-07-12,44921.01,OPEN
ORD-003717-2,PO-003717,CUST-01437,2026-07-19,44921.01,OPEN
ORD-003718-1,PO-003718,CUST-00647,2026-05-29,19428.94,OPEN
ORD-003718-2,PO-003718,CUST-00495,2026-05-25,19428.94,OPEN
ORD-003718-3,PO-003718,CUST-00581,2026-05-30,25905.25,OPEN
ORD-003718-4,PO-003718,CUST-01296,2026-05-28,19428.94,OPEN
ORD-003719-1,PO-003719,CUST-01091,2026-04-03,55101.44,OPEN
ORD-003719-2,PO-003719,CUST-01228,2026-04-12,27550.72,OPEN
ORD-003719-3,PO-003719,CUST-00002,2026-04-07,36734.29,OPEN
ORD-003720-1,PO-003720,CUST-00023,2026-02-14,25670.0,OPEN
ORD-003720-2,PO-003720,CUST-00402,2026-02-08,51340.0,OPEN
ORD-003721-1,PO-003721,CUST-00120,2026-02-01,97795.0,OPEN
ORD-003722-1,PO-003722,CUST-00505,2026-05-03,33245.91,OPEN
ORD-003722-2,PO-003722,CUST-00287,2026-04-26,33245.91,OPEN
ORD-003723-1,PO-003723,CUST-02428,2026-07-31,28843.18,OPEN
ORD-003723-2,PO-003723,CUST-00309,2026-07-31,38457.57,OPEN
ORD-003723-3,PO-003723,CUST-02024,2026-07-31,38457.57,OPEN
ORD-003724-1,PO-003724,CUST-01202,2026-03-11,30304.47,OPEN
ORD-003724-2,PO-003724,CUST-00676,2026-03-05,60608.95,OPEN
ORD-003724-3,PO-003724,CUST-00916,2026-03-07,30304.47,OPEN
ORD-003725-1,PO-003725,CUST-02040,2026-07-30,131559.11,OPEN
ORD-003725-2,PO-003725,CUST-00433,2026-08-07,65779.55,OPEN
ORD-003725-3,PO-003725,CUST-01016,2026-07-30,131559.11,OPEN
ORD-003726-1,PO-003726,CUST-01087,2026-02-19,68279.61,OPEN
ORD-003726-2,PO-003726,CUST-01364,2026-02-15,68279.61,OPEN
ORD-003726-3,PO-003726,CUST-00145,2026-02-12,34139.81,OPEN
ORD-003727-1,PO-003727,CUST-01579,2026-04-17,47467.64,OPEN
ORD-003727-2,PO-003727,CUST-01328,2026-04-22,71201.46,OPEN
ORD-003727-3,PO-003727,CUST-00851,2026-04-17,35600.73,OPEN
ORD-003728-1,PO-003728,CUST-01562,2026-01-18,33797.66,OPEN
ORD-003728-2,PO-003728,CUST-01166,2026-01-13,16898.83,OPEN
ORD-003728-3,PO-003728,CUST-00192,2026-01-16,16898.83,OPEN
ORD-003729-1,PO-003729,CUST-02408,2026-06-02,21787.38,OPEN
ORD-003730-1,PO-003730,CUST-00401,2026-06-29,36170.84,OPEN
ORD-003730-2,PO-003730,CUST-01711,2026-06-24,27128.13,OPEN
ORD-003730-3,PO-003730,CUST-02022,2026-06-26,108512.52,OPEN
ORD-003730-4,PO-003730,CUST-00800,2026-06-22,27128.13,OPEN
ORD-003731-1,PO-003731,CUST-01754,2026-03-07,18791.29,OPEN
ORD-003731-2,PO-003731,CUST-02194,2026-03-04,28186.94,OPEN
ORD-003731-3,PO-003731,CUST-01586,2026-03-09,14093.47,OPEN
ORD-003732-1,PO-003732,CUST-01559,2026-03-30,58725.49,OPEN
ORD-003733-1,PO-003733,CUST-01218,2026-05-24,5058.04,OPEN
ORD-003733-2,PO-003733,CUST-01373,2026-05-27,3793.53,OPEN
ORD-003733-3,PO-003733,CUST-01584,2026-05-31,5058.04,OPEN
ORD-003734-1,PO-003734,CUST-01510,2026-06-09,42955.43,OPEN
ORD-003734-2,PO-003734,CUST-01195,2026-06-04,64433.15,OPEN
ORD-003734-3,PO-003734,CUST-00547,2026-06-03,42955.43,OPEN
ORD-003734-4,PO-003734,CUST-00104,2026-06-02,42955.43,OPEN
ORD-003735-1,PO-003735,CUST-00606,2026-05-04,64852.71,OPEN
ORD-003735-2,PO-003735,CUST-00760,2026-05-11,32426.35,OPEN
ORD-003736-1,PO-003736,CUST-02454,2026-03-11,26521.72,OPEN
ORD-003736-2,PO-003736,CUST-02098,2026-03-14,6630.43,OPEN
ORD-003737-1,PO-003737,CUST-01872,2026-06-24,107428.57,OPEN
ORD-003737-2,PO-003737,CUST-00869,2026-06-28,107428.57,OPEN
ORD-003738-1,PO-003738,CUST-00668,2026-05-03,12827.21,OPEN
ORD-003738-2,PO-003738,CUST-01305,2026-05-05,19240.82,OPEN
ORD-003738-3,PO-003738,CUST-00492,2026-05-09,12827.21,OPEN
ORD-003739-1,PO-003739,CUST-00521,2026-03-08,15860.03,OPEN
ORD-003739-2,PO-003739,CUST-02288,2026-03-05,21146.7,OPEN
ORD-003739-3,PO-003739,CUST-00487,2026-03-11,21146.7,OPEN
ORD-003740-1,PO-003740,CUST-01017,2026-04-12,56048.02,OPEN
ORD-003740-2,PO-003740,CUST-00414,2026-04-10,112096.04,OPEN
ORD-003740-3,PO-003740,CUST-01754,2026-04-03,112096.04,OPEN
ORD-003740-4,PO-003740,CUST-01362,2026-04-08,37365.35,OPEN
ORD-003741-1,PO-003741,CUST-01977,2026-08-23,53060.86,OPEN
ORD-003741-2,PO-003741,CUST-02058,2026-08-25,26530.43,OPEN
ORD-003741-3,PO-003741,CUST-01624,2026-08-26,35373.91,OPEN
ORD-003741-4,PO-003741,CUST-01456,2026-08-23,106121.72,OPEN
ORD-003742-1,PO-003742,CUST-01073,2026-03-25,49951.76,OPEN
ORD-003742-2,PO-003742,CUST-00510,2026-03-30,149855.29,OPEN
ORD-003742-3,PO-003742,CUST-00085,2026-03-29,49951.76,OPEN
ORD-003742-4,PO-003742,CUST-01560,2026-03-26,74927.65,OPEN
ORD-003743-1,PO-003743,CUST-01221,2026-02-13,43836.47,OPEN
ORD-003744-1,PO-003744,CUST-00085,2026-04-14,2216.42,OPEN
ORD-003744-2,PO-003744,CUST-00809,2026-04-16,1108.21,OPEN
ORD-003745-1,PO-003745,CUST-00779,2026-04-14,32491.17,OPEN
ORD-003745-2,PO-003745,CUST-01470,2026-04-07,43321.57,OPEN
ORD-003745-3,PO-003745,CUST-00763,2026-04-10,32491.17,OPEN
ORD-003746-1,PO-003746,CUST-00482,2026-01-27,104859.68,OPEN
ORD-003747-1,PO-003747,CUST-02290,2026-05-08,7269.73,OPEN
ORD-003748-1,PO-003748,CUST-01761,2026-05-28,29088.04,OPEN
ORD-003749-1,PO-003749,CUST-02447,2026-08-04,29838.38,OPEN
ORD-003749-2,PO-003749,CUST-00737,2026-08-02,29838.38,OPEN
ORD-003749-3,PO-003749,CUST-00443,2026-08-03,29838.38,OPEN
ORD-003749-4,PO-003749,CUST-00817,2026-08-04,9946.13,OPEN
ORD-003750-1,PO-003750,CUST-02111,2026-06-19,38870.6,OPEN
ORD-003750-2,PO-003750,CUST-00880,2026-06-18,25913.73,OPEN
ORD-003750-3,PO-003750,CUST-00371,2026-06-14,77741.19,OPEN
ORD-003750-4,PO-003750,CUST-02135,2026-06-19,25913.73,OPEN
ORD-003751-1,PO-003751,CUST-00666,2026-08-13,3148.09,OPEN
ORD-003751-2,PO-003751,CUST-01555,2026-08-19,1574.05,OPEN
ORD-003752-1,PO-003752,CUST-01325,2026-01-24,42283.65,OPEN
ORD-003752-2,PO-003752,CUST-00203,2026-01-21,42283.65,OPEN
ORD-003753-1,PO-003753,CUST-00653,2026-08-01,35252.36,OPEN
ORD-003753-2,PO-003753,CUST-01253,2026-08-02,35252.36,OPEN
ORD-003753-3,PO-003753,CUST-00013,2026-08-07,26439.27,OPEN
ORD-003753-4,PO-003753,CUST-02054,2026-08-01,105757.07,OPEN
ORD-003754-1,PO-003754,CUST-02413,2026-06-17,43370.79,OPEN
ORD-003755-1,PO-003755,CUST-00880,2026-04-21,13417.97,OPEN
ORD-003755-2,PO-003755,CUST-00028,2026-04-21,40253.91,OPEN
ORD-003756-1,PO-003756,CUST-00811,2026-04-05,15451.99,OPEN
ORD-003756-2,PO-003756,CUST-00248,2026-04-06,61807.96,OPEN
ORD-003757-1,PO-003757,CUST-01894,2026-02-15,9496.92,OPEN
ORD-003758-1,PO-003758,CUST-01212,2026-08-22,5090.28,OPEN
ORD-003758-2,PO-003758,CUST-02061,2026-08-15,10180.56,OPEN
ORD-003758-3,PO-003758,CUST-00383,2026-08-18,10180.56,OPEN
ORD-003758-4,PO-003758,CUST-00609,2026-08-21,6787.04,OPEN
ORD-003759-1,PO-003759,CUST-00830,2026-06-26,111369.56,OPEN
ORD-003759-2,PO-003759,CUST-00288,2026-06-19,27842.39,OPEN
ORD-003759-3,PO-003759,CUST-02410,2026-06-26,37123.19,OPEN
ORD-003759-4,PO-003759,CUST-00626,2026-06-28,111369.56,OPEN
ORD-003760-1,PO-003760,CUST-01410,2026-04-30,44011.11,OPEN
ORD-003761-1,PO-003761,CUST-00191,2026-08-21,28717.54,OPEN
ORD-003762-1,PO-003762,CUST-01197,2026-08-11,25905.6,OPEN
ORD-003762-2,PO-003762,CUST-01138,2026-08-14,12952.8,OPEN
ORD-003763-1,PO-003763,CUST-01055,2026-08-18,7956.48,OPEN
ORD-003763-2,PO-003763,CUST-01022,2026-08-19,31825.91,OPEN
ORD-003763-3,PO-003763,CUST-01526,2026-08-14,31825.91,OPEN
ORD-003763-4,PO-003763,CUST-01439,2026-08-15,31825.91,OPEN
ORD-003764-1,PO-003764,CUST-00952,2026-02-11,14856.8,OPEN
ORD-003764-2,PO-003764,CUST-00293,2026-02-16,29713.6,OPEN
ORD-003764-3,PO-003764,CUST-00708,2026-02-16,14856.8,OPEN
ORD-003764-4,PO-003764,CUST-01482,2026-02-20,9904.53,OPEN
ORD-003765-1,PO-003765,CUST-00649,2026-05-02,30309.1,OPEN
ORD-003766-1,PO-003766,CUST-00740,2026-02-19,2989.7,OPEN
ORD-003766-2,PO-003766,CUST-01130,2026-02-23,2242.28,OPEN
ORD-003766-3,PO-003766,CUST-01533,2026-02-28,2989.7,OPEN
ORD-003767-1,PO-003767,CUST-01075,2026-07-19,32126.28,OPEN
ORD-003768-1,PO-003768,CUST-01447,2026-05-01,19959.44,OPEN
ORD-003769-1,PO-003769,CUST-00888,2026-02-09,117578.8,OPEN
ORD-003769-2,PO-003769,CUST-00382,2026-02-08,29394.7,OPEN
ORD-003769-3,PO-003769,CUST-00515,2026-02-09,58789.4,OPEN
ORD-003770-1,PO-003770,CUST-01191,2026-02-01,28284.4,OPEN
ORD-003771-1,PO-003771,CUST-00921,2026-07-28,16781.25,OPEN
ORD-003772-1,PO-003772,CUST-01897,2026-07-17,24345.84,OPEN
ORD-003772-2,PO-003772,CUST-01349,2026-07-25,6086.46,OPEN
ORD-003772-3,PO-003772,CUST-00413,2026-07-17,12172.92,OPEN
ORD-003772-4,PO-003772,CUST-02144,2026-07-23,24345.84,OPEN
ORD-003773-1,PO-003773,CUST-00276,2026-04-02,16856.27,OPEN
ORD-003774-1,PO-003774,CUST-00485,2026-01-20,33829.72,OPEN
ORD-003774-2,PO-003774,CUST-00095,2026-01-21,50744.58,OPEN
ORD-003774-3,PO-003774,CUST-02114,2026-01-18,50744.58,OPEN
ORD-003774-4,PO-003774,CUST-00248,2026-01-22,33829.72,OPEN
ORD-003775-1,PO-003775,CUST-00367,2026-09-02,35026.79,OPEN
ORD-003776-1,PO-003776,CUST-02095,2026-01-24,19129.26,OPEN
ORD-003776-2,PO-003776,CUST-01034,2026-01-26,57387.79,OPEN
ORD-003776-3,PO-003776,CUST-01534,2026-01-27,14346.95,OPEN
ORD-003776-4,PO-003776,CUST-01190,2026-01-27,19129.26,OPEN
ORD-003777-1,PO-003777,CUST-02295,2026-07-30,36512.38,OPEN
ORD-003777-2,PO-003777,CUST-02408,2026-07-30,36512.38,OPEN
ORD-003778-1,PO-003778,CUST-00436,2026-02-26,122068.67,OPEN
ORD-003778-2,PO-003778,CUST-00270,2026-03-02,40689.56,OPEN
ORD-003778-3,PO-003778,CUST-00255,2026-02-28,40689.56,OPEN
ORD-003778-4,PO-003778,CUST-02196,2026-03-06,30517.17,OPEN
ORD-003779-1,PO-003779,CUST-01127,2026-05-24,17735.77,OPEN
ORD-003779-2,PO-003779,CUST-01731,2026-05-24,8867.89,OPEN
ORD-003779-3,PO-003779,CUST-01432,2026-05-20,8867.89,OPEN
ORD-003779-4,PO-003779,CUST-01745,2026-05-21,4433.94,OPEN
ORD-003780-1,PO-003780,CUST-00531,2026-07-07,21257.02,OPEN
ORD-003780-2,PO-003780,CUST-01626,2026-07-05,21257.02,OPEN
ORD-003781-1,PO-003781,CUST-01872,2026-04-04,70373.65,OPEN
ORD-003781-2,PO-003781,CUST-01534,2026-04-11,46915.76,OPEN
ORD-003782-1,PO-003782,CUST-01811,2026-01-10,107844.41,OPEN
ORD-003782-2,PO-003782,CUST-02000,2026-01-11,26961.1,OPEN
ORD-003782-3,PO-003782,CUST-01827,2026-01-06,53922.21,OPEN
ORD-003783-1,PO-003783,CUST-02143,2026-08-24,21964.67,OPEN
ORD-003783-2,PO-003783,CUST-00599,2026-08-25,21964.67,OPEN
ORD-003783-3,PO-003783,CUST-00875,2026-08-29,43929.33,OPEN
ORD-003783-4,PO-003783,CUST-00012,2026-08-30,21964.67,OPEN
ORD-003784-1,PO-003784,CUST-01096,2026-08-19,5414.62,OPEN
ORD-003784-2,PO-003784,CUST-00518,2026-08-10,10829.25,OPEN
ORD-003784-3,PO-003784,CUST-00388,2026-08-12,5414.62,OPEN
ORD-003785-1,PO-003785,CUST-01396,2026-06-26,64041.28,OPEN
ORD-003786-1,PO-003786,CUST-02233,2026-01-08,119115.91,OPEN
ORD-003786-2,PO-003786,CUST-00121,2026-01-11,59557.96,OPEN
ORD-003787-1,PO-003787,CUST-02251,2026-08-19,6764.81,OPEN
ORD-003787-2,PO-003787,CUST-02454,2026-08-24,2254.94,OPEN
ORD-003787-3,PO-003787,CUST-02271,2026-08-22,2254.94,OPEN
ORD-003788-1,PO-003788,CUST-01058,2026-05-20,20742.28,OPEN
ORD-003788-2,PO-003788,CUST-00701,2026-05-12,41484.55,OPEN
ORD-003788-3,PO-003788,CUST-01371,2026-05-14,41484.55,OPEN
ORD-003788-4,PO-003788,CUST-01892,2026-05-16,27656.37,OPEN
ORD-003789-1,PO-003789,CUST-00348,2026-04-16,13648.01,OPEN
ORD-003790-1,PO-003790,CUST-00470,2026-01-24,3664.32,OPEN
ORD-003791-1,PO-003791,CUST-00668,2026-01-14,17179.28,OPEN
ORD-003792-1,PO-003792,CUST-01556,2026-05-26,41051.33,OPEN
ORD-003793-1,PO-003793,CUST-00746,2026-01-22,60445.22,OPEN
ORD-003793-2,PO-003793,CUST-01410,2026-01-22,120890.44,OPEN
ORD-003793-3,PO-003793,CUST-00607,2026-01-24,40296.81,OPEN
ORD-003794-1,PO-003794,CUST-02016,2026-07-08,69386.61,OPEN
ORD-003794-2,PO-003794,CUST-00152,2026-07-02,34693.31,OPEN
ORD-003794-3,PO-003794,CUST-01595,2026-07-05,46257.74,OPEN
ORD-003795-1,PO-003795,CUST-01788,2026-03-15,139699.2,OPEN
ORD-003795-2,PO-003795,CUST-00607,2026-03-17,46566.4,OPEN
ORD-003795-3,PO-003795,CUST-00375,2026-03-18,69849.6,OPEN
ORD-003795-4,PO-003795,CUST-02287,2026-03-14,34924.8,OPEN
ORD-003796-1,PO-003796,CUST-00786,2026-08-06,47204.65,OPEN
ORD-003797-1,PO-003797,CUST-02005,2026-02-16,23204.34,OPEN
ORD-003797-2,PO-003797,CUST-02331,2026-02-24,23204.34,OPEN
ORD-003797-3,PO-003797,CUST-01824,2026-02-16,23204.34,OPEN
ORD-003798-1,PO-003798,CUST-00481,2026-01-15,39718.04,OPEN
ORD-003798-2,PO-003798,CUST-01490,2026-01-23,39718.04,OPEN
ORD-003798-3,PO-003798,CUST-00894,2026-01-19,29788.53,OPEN
ORD-003799-1,PO-003799,CUST-01450,2026-08-07,6977.47,OPEN
ORD-003799-2,PO-003799,CUST-01119,2026-08-14,3488.74,OPEN
ORD-003799-3,PO-003799,CUST-01887,2026-08-09,3488.74,OPEN
ORD-003799-4,PO-003799,CUST-01729,2026-08-08,3488.74,OPEN
ORD-003800-1,PO-003800,CUST-01610,2026-07-29,38708.3,OPEN
ORD-003800-2,PO-003800,CUST-00681,2026-07-25,19354.15,OPEN
ORD-003801-1,PO-003801,CUST-01163,2026-04-22,74529.03,OPEN
ORD-003801-2,PO-003801,CUST-00492,2026-04-29,74529.03,OPEN
ORD-003801-3,PO-003801,CUST-00067,2026-04-20,149058.06,OPEN
ORD-003802-1,PO-003802,CUST-02297,2026-03-27,141679.08,OPEN
ORD-003803-1,PO-003803,CUST-02200,2026-07-24,44277.7,OPEN
ORD-003803-2,PO-003803,CUST-00838,2026-07-21,14759.23,OPEN
ORD-003803-3,PO-003803,CUST-00149,2026-07-24,44277.7,OPEN
ORD-003804-1,PO-003804,CUST-00147,2026-07-22,12900.88,OPEN
ORD-003805-1,PO-003805,CUST-01128,2026-03-27,10305.43,OPEN
ORD-003806-1,PO-003806,CUST-02400,2026-02-24,48438.06,OPEN
ORD-003807-1,PO-003807,CUST-02354,2026-02-12,39638.8,OPEN
ORD-003807-2,PO-003807,CUST-01098,2026-02-16,59458.21,OPEN
ORD-003807-3,PO-003807,CUST-01776,2026-02-14,118916.41,OPEN
ORD-003808-1,PO-003808,CUST-00002,2026-04-09,30403.24,OPEN
ORD-003809-1,PO-003809,CUST-01626,2026-06-29,18853.1,OPEN
ORD-003809-2,PO-003809,CUST-01925,2026-06-25,37706.19,OPEN
ORD-003810-1,PO-003810,CUST-00259,2026-06-25,63053.78,OPEN
ORD-003810-2,PO-003810,CUST-00729,2026-06-23,15763.44,OPEN
ORD-003810-3,PO-003810,CUST-00961,2026-06-18,15763.44,OPEN
ORD-003811-1,PO-003811,CUST-01485,2026-04-06,15871.16,OPEN
ORD-003811-2,PO-003811,CUST-01890,2026-04-15,7935.58,OPEN
ORD-003811-3,PO-003811,CUST-00622,2026-04-09,31742.31,OPEN
ORD-003812-1,PO-003812,CUST-01562,2026-07-07,44894.46,OPEN
ORD-003812-2,PO-003812,CUST-00825,2026-07-06,134683.37,OPEN
ORD-003812-3,PO-003812,CUST-01371,2026-07-06,134683.37,OPEN
ORD-003813-1,PO-003813,CUST-00463,2026-01-08,28644.42,OPEN
ORD-003814-1,PO-003814,CUST-01525,2026-07-07,36954.03,OPEN
ORD-003814-2,PO-003814,CUST-00253,2026-07-06,36954.03,OPEN
ORD-003814-3,PO-003814,CUST-00828,2026-07-07,147816.12,OPEN
ORD-003815-1,PO-003815,CUST-00259,2026-03-05,48041.64,OPEN
ORD-003815-2,PO-003815,CUST-00014,2026-02-25,144124.92,OPEN
ORD-003815-3,PO-003815,CUST-02193,2026-03-02,48041.64,OPEN
ORD-003815-4,PO-003815,CUST-02092,2026-03-01,48041.64,OPEN
ORD-003816-1,PO-003816,CUST-01395,2026-05-25,56016.57,OPEN
ORD-003817-1,PO-003817,CUST-01972,2026-08-25,51041.93,OPEN
ORD-003817-2,PO-003817,CUST-01583,2026-08-29,17013.98,OPEN
ORD-003818-1,PO-003818,CUST-01012,2026-04-26,7367.37,OPEN
ORD-003818-2,PO-003818,CUST-01369,2026-05-03,7367.37,OPEN
ORD-003818-3,PO-003818,CUST-00326,2026-04-24,29469.49,OPEN
ORD-003818-4,PO-003818,CUST-01469,2026-04-28,14734.75,OPEN
ORD-003819-1,PO-003819,CUST-02182,2026-06-03,19652.88,OPEN
ORD-003819-2,PO-003819,CUST-01508,2026-05-31,9826.44,OPEN
ORD-003820-1,PO-003820,CUST-01886,2026-01-08,14811.42,OPEN
ORD-003820-2,PO-003820,CUST-02224,2026-01-10,14811.42,OPEN
ORD-003820-3,PO-003820,CUST-02047,2026-01-07,14811.42,OPEN
ORD-003820-4,PO-003820,CUST-01099,2026-01-13,22217.12,OPEN
ORD-003821-1,PO-003821,CUST-00882,2026-03-09,44535.59,OPEN
ORD-003821-2,PO-003821,CUST-01595,2026-03-10,66803.38,OPEN
ORD-003821-3,PO-003821,CUST-00805,2026-03-03,33401.69,OPEN
ORD-003821-4,PO-003821,CUST-02456,2026-03-04,133606.76,OPEN
ORD-003822-1,PO-003822,CUST-01051,2026-08-29,34965.64,OPEN
ORD-003822-2,PO-003822,CUST-00787,2026-09-04,104896.91,OPEN
ORD-003822-3,PO-003822,CUST-02066,2026-09-04,26224.23,OPEN
ORD-003822-4,PO-003822,CUST-01945,2026-09-03,52448.46,OPEN
ORD-003823-1,PO-003823,CUST-01166,2026-08-30,25892.14,OPEN
ORD-003823-2,PO-003823,CUST-00512,2026-09-02,19419.1,OPEN
ORD-003823-3,PO-003823,CUST-00499,2026-09-04,77676.41,OPEN
ORD-003823-4,PO-003823,CUST-00932,2026-08-30,77676.41,OPEN
ORD-003824-1,PO-003824,CUST-01272,2026-05-09,8179.31,OPEN
ORD-003825-1,PO-003825,CUST-02423,2026-04-28,117016.6,OPEN
ORD-003825-2,PO-003825,CUST-01446,2026-05-02,58508.3,OPEN
ORD-003826-1,PO-003826,CUST-01084,2026-06-27,39724.7,OPEN
ORD-003826-2,PO-003826,CUST-00720,2026-07-05,39724.7,OPEN
ORD-003826-3,PO-003826,CUST-00475,2026-07-05,13241.57,OPEN
ORD-003826-4,PO-003826,CUST-01253,2026-07-06,9931.17,OPEN
ORD-003827-1,PO-003827,CUST-00509,2026-09-02,18815.44,OPEN
ORD-003827-2,PO-003827,CUST-01242,2026-09-03,56446.33,OPEN
ORD-003828-1,PO-003828,CUST-01544,2026-02-24,129576.17,OPEN
ORD-003828-2,PO-003828,CUST-00031,2026-02-20,64788.08,OPEN
ORD-003829-1,PO-003829,CUST-00746,2026-07-20,9103.93,OPEN
ORD-003829-2,PO-003829,CUST-01084,2026-07-24,18207.87,OPEN
ORD-003829-3,PO-003829,CUST-00712,2026-07-24,9103.93,OPEN
ORD-003830-1,PO-003830,CUST-00695,2026-07-27,69216.26,OPEN
ORD-003830-2,PO-003830,CUST-01977,2026-07-31,34608.13,OPEN
ORD-003830-3,PO-003830,CUST-01455,2026-07-27,46144.17,OPEN
ORD-003831-1,PO-003831,CUST-02057,2026-08-09,14363.41,OPEN
ORD-003832-1,PO-003832,CUST-01835,2026-08-13,29448.05,OPEN
ORD-003832-2,PO-003832,CUST-00966,2026-08-14,39264.06,OPEN
ORD-003833-1,PO-003833,CUST-01805,2026-07-11,32718.31,OPEN
ORD-003834-1,PO-003834,CUST-02439,2026-04-05,65678.56,OPEN
ORD-003834-2,PO-003834,CUST-00518,2026-04-08,32839.28,OPEN
ORD-003834-3,PO-003834,CUST-01106,2026-04-08,32839.28,OPEN
ORD-003834-4,PO-003834,CUST-01158,2026-04-05,32839.28,OPEN
ORD-003835-1,PO-003835,CUST-00523,2026-03-06,62365.88,OPEN
ORD-003835-2,PO-003835,CUST-01870,2026-03-03,62365.88,OPEN
ORD-003835-3,PO-003835,CUST-01367,2026-02-28,62365.88,OPEN
ORD-003835-4,PO-003835,CUST-01360,2026-03-04,15591.47,OPEN
ORD-003836-1,PO-003836,CUST-00643,2026-05-11,19344.65,OPEN
ORD-003836-2,PO-003836,CUST-00043,2026-05-16,77378.6,OPEN
ORD-003836-3,PO-003836,CUST-01531,2026-05-11,77378.6,OPEN
ORD-003836-4,PO-003836,CUST-00115,2026-05-12,19344.65,OPEN
ORD-003837-1,PO-003837,CUST-00062,2026-01-27,29512.09,OPEN
ORD-003837-2,PO-003837,CUST-01750,2026-01-30,88536.28,OPEN
ORD-003837-3,PO-003837,CUST-00295,2026-01-23,22134.07,OPEN
ORD-003837-4,PO-003837,CUST-00937,2026-02-02,29512.09,OPEN
ORD-003838-1,PO-003838,CUST-00124,2026-03-27,42313.38,OPEN
ORD-003838-2,PO-003838,CUST-00221,2026-04-02,63470.07,OPEN
ORD-003838-3,PO-003838,CUST-00470,2026-04-02,126940.15,OPEN
ORD-003839-1,PO-003839,CUST-00506,2026-06-08,17645.69,OPEN
ORD-003840-1,PO-003840,CUST-00308,2026-03-09,12362.2,OPEN
ORD-003840-2,PO-003840,CUST-01570,2026-03-16,12362.2,OPEN
ORD-003840-3,PO-003840,CUST-01574,2026-03-19,49448.81,OPEN
ORD-003840-4,PO-003840,CUST-00246,2026-03-09,16482.94,OPEN
ORD-003841-1,PO-003841,CUST-00091,2026-04-09,4925.29,OPEN
ORD-003841-2,PO-003841,CUST-01149,2026-04-11,4925.29,OPEN
ORD-003842-1,PO-003842,CUST-01862,2026-03-14,30720.11,OPEN
ORD-003842-2,PO-003842,CUST-00448,2026-03-15,7680.03,OPEN
ORD-003842-3,PO-003842,CUST-01190,2026-03-13,15360.06,OPEN
ORD-003843-1,PO-003843,CUST-02250,2026-08-29,9861.55,OPEN
ORD-003844-1,PO-003844,CUST-01933,2026-04-15,40579.75,OPEN
ORD-003844-2,PO-003844,CUST-02051,2026-04-08,20289.88,OPEN
ORD-003844-3,PO-003844,CUST-01677,2026-04-11,81159.5,OPEN
ORD-003845-1,PO-003845,CUST-00331,2026-05-11,47293.01,OPEN
ORD-003845-2,PO-003845,CUST-01354,2026-05-18,23646.51,OPEN
ORD-003845-3,PO-003845,CUST-02435,2026-05-13,47293.01,OPEN
ORD-003845-4,PO-003845,CUST-00892,2026-05-15,31528.67,OPEN
ORD-003846-1,PO-003846,CUST-00691,2026-03-30,68458.41,OPEN
ORD-003846-2,PO-003846,CUST-00470,2026-04-02,17114.6,OPEN
ORD-003846-3,PO-003846,CUST-00613,2026-03-31,68458.41,OPEN
ORD-003847-1,PO-003847,CUST-00130,2026-01-29,76394.59,OPEN
ORD-003847-2,PO-003847,CUST-00898,2026-01-28,76394.59,OPEN
ORD-003847-3,PO-003847,CUST-00454,2026-01-20,76394.59,OPEN
ORD-003847-4,PO-003847,CUST-02084,2026-01-27,76394.59,OPEN
ORD-003848-1,PO-003848,CUST-01925,2026-03-12,11932.7,OPEN
ORD-003848-2,PO-003848,CUST-00311,2026-03-08,15910.27,OPEN
ORD-003849-1,PO-003849,CUST-00291,2026-04-08,54551.6,OPEN
ORD-003849-2,PO-003849,CUST-01229,2026-04-08,109103.19,OPEN
ORD-003849-3,PO-003849,CUST-00001,2026-04-13,109103.19,OPEN
ORD-003849-4,PO-003849,CUST-01726,2026-04-11,27275.8,OPEN
ORD-003850-1,PO-003850,CUST-01336,2026-04-30,44845.03,OPEN
ORD-003850-2,PO-003850,CUST-00321,2026-05-08,67267.54,OPEN
ORD-003851-1,PO-003851,CUST-00587,2026-03-22,40337.85,OPEN
ORD-003852-1,PO-003852,CUST-01849,2026-06-08,25363.07,OPEN
ORD-003852-2,PO-003852,CUST-00697,2026-06-02,101452.27,OPEN
ORD-003853-1,PO-003853,CUST-00469,2026-06-23,16033.75,OPEN
ORD-003853-2,PO-003853,CUST-01211,2026-06-28,48101.26,OPEN
ORD-003854-1,PO-003854,CUST-02407,2026-05-09,20044.12,OPEN
ORD-003854-2,PO-003854,CUST-00427,2026-05-15,40088.24,OPEN
ORD-003854-3,PO-003854,CUST-00193,2026-05-09,40088.24,OPEN
ORD-003854-4,PO-003854,CUST-01328,2026-05-17,40088.24,OPEN
ORD-003855-1,PO-003855,CUST-01510,2026-08-21,24029.93,OPEN
ORD-003856-1,PO-003856,CUST-01529,2026-04-18,44593.04,OPEN
ORD-003856-2,PO-003856,CUST-00124,2026-04-21,22296.52,OPEN
ORD-003856-3,PO-003856,CUST-00880,2026-04-17,22296.52,OPEN
ORD-003856-4,PO-003856,CUST-01478,2026-04-18,89186.07,OPEN
ORD-003857-1,PO-003857,CUST-01582,2026-04-23,31982.67,OPEN
ORD-003857-2,PO-003857,CUST-01086,2026-04-21,63965.35,OPEN
ORD-003858-1,PO-003858,CUST-01193,2026-06-25,40432.87,OPEN
ORD-003858-2,PO-003858,CUST-02074,2026-06-17,30324.65,OPEN
ORD-003858-3,PO-003858,CUST-00597,2026-06-22,60649.3,OPEN
ORD-003858-4,PO-003858,CUST-00773,2026-06-18,60649.3,OPEN
ORD-003859-1,PO-003859,CUST-02180,2026-03-21,6469.4,OPEN
ORD-003859-2,PO-003859,CUST-00058,2026-03-22,6469.4,OPEN
ORD-003859-3,PO-003859,CUST-01058,2026-03-24,9704.09,OPEN
ORD-003860-1,PO-003860,CUST-01179,2026-08-25,3733.18,OPEN
ORD-003861-1,PO-003861,CUST-01089,2026-01-20,8375.68,OPEN
ORD-003862-1,PO-003862,CUST-02193,2026-04-24,120634.14,OPEN
ORD-003863-1,PO-003863,CUST-01798,2026-07-12,20199.4,OPEN
ORD-003863-2,PO-003863,CUST-01956,2026-07-14,20199.4,OPEN
ORD-003863-3,PO-003863,CUST-01893,2026-07-12,5049.85,OPEN
ORD-003863-4,PO-003863,CUST-01604,2026-07-18,5049.85,OPEN
ORD-003864-1,PO-003864,CUST-00147,2026-08-17,43063.48,OPEN
ORD-003865-1,PO-003865,CUST-00277,2026-07-20,13673.16,OPEN
ORD-003865-2,PO-003865,CUST-00453,2026-07-23,20509.74,OPEN
ORD-003865-3,PO-003865,CUST-00581,2026-07-15,13673.16,OPEN
ORD-003866-1,PO-003866,CUST-01944,2026-05-20,31566.58,OPEN
ORD-003866-2,PO-003866,CUST-01046,2026-05-13,15783.29,OPEN
ORD-003866-3,PO-003866,CUST-00321,2026-05-16,15783.29,OPEN
ORD-003866-4,PO-003866,CUST-02269,2026-05-14,21044.39,OPEN
ORD-003867-1,PO-003867,CUST-01244,2026-02-23,38421.65,OPEN
ORD-003867-2,PO-003867,CUST-01524,2026-03-01,19210.83,OPEN
ORD-003868-1,PO-003868,CUST-02208,2026-06-26,50299.28,OPEN
ORD-003869-1,PO-003869,CUST-00261,2026-01-02,42472.17,OPEN
ORD-003869-2,PO-003869,CUST-02346,2026-01-11,42472.17,OPEN
ORD-003869-3,PO-003869,CUST-00376,2026-01-02,10618.04,OPEN
ORD-003869-4,PO-003869,CUST-02351,2026-01-04,21236.08,OPEN
ORD-003870-1,PO-003870,CUST-00071,2026-02-23,49873.15,OPEN
ORD-003871-1,PO-003871,CUST-01233,2026-05-27,18049.34,OPEN
ORD-003872-1,PO-003872,CUST-00400,2026-02-25,12808.55,OPEN
ORD-003872-2,PO-003872,CUST-00535,2026-02-25,51234.2,OPEN
ORD-003873-1,PO-003873,CUST-00848,2026-01-26,5939.1,OPEN
ORD-003873-2,PO-003873,CUST-00160,2026-01-28,5939.1,OPEN
ORD-003874-1,PO-003874,CUST-01891,2026-06-07,29367.2,OPEN
ORD-003874-2,PO-003874,CUST-00422,2026-06-14,39156.27,OPEN
ORD-003874-3,PO-003874,CUST-01516,2026-06-13,39156.27,OPEN
ORD-003874-4,PO-003874,CUST-01383,2026-06-11,58734.4,OPEN
ORD-003875-1,PO-003875,CUST-00970,2026-02-20,37272.15,OPEN
ORD-003875-2,PO-003875,CUST-01309,2026-02-27,24848.1,OPEN
ORD-003875-3,PO-003875,CUST-01327,2026-02-21,24848.1,OPEN
ORD-003876-1,PO-003876,CUST-00374,2026-07-28,6409.22,OPEN
ORD-003876-2,PO-003876,CUST-01439,2026-07-30,9613.83,OPEN
ORD-003876-3,PO-003876,CUST-00964,2026-08-02,19227.66,OPEN
ORD-003877-1,PO-003877,CUST-00508,2026-01-04,52494.12,OPEN
ORD-003877-2,PO-003877,CUST-00847,2026-01-10,26247.06,OPEN
ORD-003878-1,PO-003878,CUST-00622,2026-05-16,13735.62,OPEN
ORD-003878-2,PO-003878,CUST-02116,2026-05-12,27471.24,OPEN
ORD-003879-1,PO-003879,CUST-00897,2026-06-28,54881.07,OPEN
ORD-003879-2,PO-003879,CUST-00772,2026-06-28,109762.14,OPEN
ORD-003879-3,PO-003879,CUST-00087,2026-06-20,27440.53,OPEN
ORD-003879-4,PO-003879,CUST-02302,2026-06-27,54881.07,OPEN
ORD-003880-1,PO-003880,CUST-00836,2026-07-11,38108.21,OPEN
ORD-003881-1,PO-003881,CUST-01991,2026-05-24,9399.43,OPEN
ORD-003882-1,PO-003882,CUST-01163,2026-04-30,20491.45,OPEN
ORD-003883-1,PO-003883,CUST-00116,2026-08-30,10115.08,OPEN
ORD-003883-2,PO-003883,CUST-00120,2026-08-28,7586.31,OPEN
ORD-003883-3,PO-003883,CUST-01527,2026-08-26,7586.31,OPEN
ORD-003883-4,PO-003883,CUST-02271,2026-08-28,10115.08,OPEN
ORD-003884-1,PO-003884,CUST-01376,2026-03-22,69813.63,OPEN
ORD-003884-2,PO-003884,CUST-01707,2026-03-24,17453.41,OPEN
ORD-003884-3,PO-003884,CUST-00222,2026-03-20,23271.21,OPEN
ORD-003884-4,PO-003884,CUST-01395,2026-03-27,23271.21,OPEN
ORD-003885-1,PO-003885,CUST-00893,2026-05-03,42609.82,OPEN
ORD-003885-2,PO-003885,CUST-00239,2026-05-07,21304.91,OPEN
ORD-003886-1,PO-003886,CUST-01253,2026-04-03,49026.15,OPEN
ORD-003886-2,PO-003886,CUST-02128,2026-04-08,49026.15,OPEN
ORD-003886-3,PO-003886,CUST-02149,2026-04-11,147078.45,OPEN
ORD-003886-4,PO-003886,CUST-00504,2026-04-07,36769.61,OPEN
ORD-003887-1,PO-003887,CUST-01391,2026-02-01,7419.49,OPEN
ORD-003887-2,PO-003887,CUST-01437,2026-01-30,3709.74,OPEN
ORD-003888-1,PO-003888,CUST-01183,2026-02-23,9024.76,OPEN
ORD-003889-1,PO-003889,CUST-02031,2026-05-18,77366.31,OPEN
ORD-003889-2,PO-003889,CUST-01808,2026-05-24,25788.77,OPEN
ORD-003889-3,PO-003889,CUST-00875,2026-05-19,19341.58,OPEN
ORD-003889-4,PO-003889,CUST-00149,2026-05-27,77366.31,OPEN
ORD-003890-1,PO-003890,CUST-00144,2026-09-04,47608.22,OPEN
ORD-003890-2,PO-003890,CUST-01793,2026-09-02,35706.16,OPEN
ORD-003891-1,PO-003891,CUST-01382,2026-09-01,489.98,OPEN
ORD-003892-1,PO-003892,CUST-00550,2026-02-23,7401.47,OPEN
ORD-003892-2,PO-003892,CUST-00918,2026-02-26,7401.47,OPEN
ORD-003893-1,PO-003893,CUST-00200,2026-03-08,111876.18,OPEN
ORD-003893-2,PO-003893,CUST-00624,2026-03-10,37292.06,OPEN
ORD-003894-1,PO-003894,CUST-01924,2026-03-03,46008.37,OPEN
ORD-003894-2,PO-003894,CUST-01716,2026-03-03,46008.37,OPEN
ORD-003894-3,PO-003894,CUST-00551,2026-02-28,46008.37,OPEN
ORD-003894-4,PO-003894,CUST-01608,2026-02-24,34506.28,OPEN
ORD-003895-1,PO-003895,CUST-01159,2026-04-14,34415.15,OPEN
ORD-003896-1,PO-003896,CUST-01458,2026-07-12,38791.16,OPEN
ORD-003896-2,PO-003896,CUST-02417,2026-07-08,38791.16,OPEN
ORD-003897-1,PO-003897,CUST-01771,2026-05-03,20845.16,OPEN
ORD-003897-2,PO-003897,CUST-02180,2026-05-07,62535.47,OPEN
ORD-003897-3,PO-003897,CUST-01300,2026-05-06,31267.74,OPEN
ORD-003898-1,PO-003898,CUST-01837,2026-03-22,25132.97,OPEN
ORD-003898-2,PO-003898,CUST-00508,2026-03-24,25132.97,OPEN
ORD-003898-3,PO-003898,CUST-01812,2026-03-23,50265.95,OPEN
ORD-003899-1,PO-003899,CUST-01453,2026-04-20,22253.92,OPEN
ORD-003899-2,PO-003899,CUST-01005,2026-04-22,16690.44,OPEN
ORD-003900-1,PO-003900,CUST-01026,2026-06-29,105365.07,OPEN
ORD-003900-2,PO-003900,CUST-00344,2026-06-27,26341.27,OPEN
ORD-003900-3,PO-003900,CUST-00618,2026-06-23,52682.54,OPEN
ORD-003901-1,PO-003901,CUST-01390,2026-04-20,12241.99,OPEN
ORD-003901-2,PO-003901,CUST-00064,2026-04-17,36725.98,OPEN
ORD-003901-3,PO-003901,CUST-02445,2026-04-14,36725.98,OPEN
ORD-003901-4,PO-003901,CUST-01881,2026-04-22,12241.99,OPEN
ORD-003902-1,PO-003902,CUST-02382,2026-07-12,31475.97,OPEN
ORD-003902-2,PO-003902,CUST-01592,2026-07-10,31475.97,OPEN
ORD-003902-3,PO-003902,CUST-02323,2026-07-10,62951.93,OPEN
ORD-003902-4,PO-003902,CUST-00068,2026-07-12,31475.97,OPEN
ORD-003903-1,PO-003903,CUST-01655,2026-06-30,18437.72,OPEN
ORD-003904-1,PO-003904,CUST-01974,2026-01-25,22906.78,OPEN
ORD-003904-2,PO-003904,CUST-00792,2026-01-26,22906.78,OPEN
ORD-003904-3,PO-003904,CUST-00093,2026-01-23,30542.37,OPEN
ORD-003904-4,PO-003904,CUST-01909,2026-01-31,22906.78,OPEN
ORD-003905-1,PO-003905,CUST-01074,2026-05-18,43655.58,OPEN
ORD-003905-2,PO-003905,CUST-00117,2026-05-11,130966.74,OPEN
ORD-003905-3,PO-003905,CUST-00920,2026-05-18,65483.37,OPEN
ORD-003906-1,PO-003906,CUST-02062,2026-08-14,73148.59,OPEN
ORD-003906-2,PO-003906,CUST-01008,2026-08-10,146297.17,OPEN
ORD-003907-1,PO-003907,CUST-02486,2026-06-18,10311.4,OPEN
ORD-003907-2,PO-003907,CUST-02167,2026-06-25,20622.81,OPEN
ORD-003907-3,PO-003907,CUST-01290,2026-06-21,10311.4,OPEN
ORD-003908-1,PO-003908,CUST-01352,2026-01-13,72974.12,OPEN
ORD-003908-2,PO-003908,CUST-00615,2026-01-06,36487.06,OPEN
ORD-003908-3,PO-003908,CUST-00946,2026-01-14,72974.12,OPEN
ORD-003909-1,PO-003909,CUST-00043,2026-05-05,26801.28,OPEN
ORD-003910-1,PO-003910,CUST-01798,2026-06-01,123234.45,OPEN
ORD-003910-2,PO-003910,CUST-00031,2026-05-30,61617.22,OPEN
ORD-003910-3,PO-003910,CUST-01228,2026-05-29,61617.22,OPEN
ORD-003911-1,PO-003911,CUST-01302,2026-01-19,31464.92,OPEN
ORD-003912-1,PO-003912,CUST-01123,2026-02-01,21756.25,OPEN
ORD-003912-2,PO-003912,CUST-02086,2026-02-02,87025.0,OPEN
ORD-003912-3,PO-003912,CUST-00462,2026-02-03,29008.33,OPEN
ORD-003913-1,PO-003913,CUST-00648,2026-01-18,6073.98,OPEN
ORD-003913-2,PO-003913,CUST-02213,2026-01-19,6073.98,OPEN
ORD-003914-1,PO-003914,CUST-00705,2026-03-19,147166.99,OPEN
ORD-003914-2,PO-003914,CUST-01608,2026-03-18,147166.99,OPEN
ORD-003915-1,PO-003915,CUST-00377,2026-06-13,61760.86,OPEN
ORD-003915-2,PO-003915,CUST-02058,2026-06-12,30880.43,OPEN
ORD-003916-1,PO-003916,CUST-01326,2026-08-07,64741.94,OPEN
ORD-003916-2,PO-003916,CUST-00501,2026-08-07,43161.29,OPEN
ORD-003916-3,PO-003916,CUST-01989,2026-08-04,129483.88,OPEN
ORD-003917-1,PO-003917,CUST-00857,2026-06-07,40782.1,OPEN
ORD-003918-1,PO-003918,CUST-00450,2026-07-06,22385.92,OPEN
ORD-003919-1,PO-003919,CUST-00122,2026-08-03,2296.51,OPEN
ORD-003919-2,PO-003919,CUST-00723,2026-08-06,2296.51,OPEN
ORD-003919-3,PO-003919,CUST-01508,2026-07-31,1148.26,OPEN
ORD-003920-1,PO-003920,CUST-01552,2026-02-13,18766.98,OPEN
ORD-003921-1,PO-003921,CUST-01901,2026-06-09,53828.81,OPEN
ORD-003921-2,PO-003921,CUST-00397,2026-06-12,107657.61,OPEN
ORD-003921-3,PO-003921,CUST-00535,2026-06-13,26914.4,OPEN
ORD-003921-4,PO-003921,CUST-01268,2026-06-11,53828.81,OPEN
ORD-003922-1,PO-003922,CUST-02245,2026-05-06,25078.28,OPEN
ORD-003922-2,PO-003922,CUST-00475,2026-05-06,25078.28,OPEN
ORD-003922-3,PO-003922,CUST-00578,2026-04-28,50156.57,OPEN
ORD-003922-4,PO-003922,CUST-01099,2026-05-02,100313.14,OPEN
ORD-003923-1,PO-003923,CUST-00411,2026-04-30,129668.38,OPEN
ORD-003923-2,PO-003923,CUST-00680,2026-04-30,64834.19,OPEN
ORD-003923-3,PO-003923,CUST-00074,2026-04-24,129668.38,OPEN
ORD-003924-1,PO-003924,CUST-01160,2026-08-09,96910.07,OPEN
ORD-003924-2,PO-003924,CUST-01234,2026-08-06,24227.52,OPEN
ORD-003924-3,PO-003924,CUST-01982,2026-08-11,96910.07,OPEN
ORD-003924-4,PO-003924,CUST-01640,2026-08-02,48455.04,OPEN
ORD-003925-1,PO-003925,CUST-02230,2026-08-02,18476.01,OPEN
ORD-003925-2,PO-003925,CUST-01711,2026-07-30,18476.01,OPEN
ORD-003925-3,PO-003925,CUST-00858,2026-08-07,18476.01,OPEN
ORD-003926-1,PO-003926,CUST-01488,2026-08-23,115428.07,OPEN
ORD-003926-2,PO-003926,CUST-00775,2026-08-26,115428.07,OPEN
ORD-003926-3,PO-003926,CUST-02201,2026-08-21,38476.02,OPEN
ORD-003927-1,PO-003927,CUST-00143,2026-01-24,29265.81,OPEN
ORD-003927-2,PO-003927,CUST-02308,2026-01-31,29265.81,OPEN
ORD-003927-3,PO-003927,CUST-02429,2026-01-31,87797.42,OPEN
ORD-003928-1,PO-003928,CUST-00297,2026-03-19,70561.14,OPEN
ORD-003928-2,PO-003928,CUST-02391,2026-03-20,47040.76,OPEN
ORD-003929-1,PO-003929,CUST-02052,2026-02-26,42009.84,OPEN
ORD-003929-2,PO-003929,CUST-02457,2026-02-19,31507.38,OPEN
ORD-003930-1,PO-003930,CUST-01809,2026-06-16,42923.96,OPEN
ORD-003931-1,PO-003931,CUST-00055,2026-01-26,132297.85,OPEN
ORD-003931-2,PO-003931,CUST-01425,2026-01-27,66148.93,OPEN
ORD-003932-1,PO-003932,CUST-00432,2026-08-13,68265.74,OPEN
ORD-003932-2,PO-003932,CUST-01511,2026-08-17,45510.5,OPEN
ORD-003932-3,PO-003932,CUST-00912,2026-08-21,34132.87,OPEN
ORD-003932-4,PO-003932,CUST-00792,2026-08-21,45510.5,OPEN
ORD-003933-1,PO-003933,CUST-01350,2026-01-28,17528.98,OPEN
ORD-003934-1,PO-003934,CUST-00597,2026-08-09,4739.59,OPEN
ORD-003934-2,PO-003934,CUST-00609,2026-08-09,3554.69,OPEN
ORD-003934-3,PO-003934,CUST-00416,2026-08-13,4739.59,OPEN
ORD-003934-4,PO-003934,CUST-01491,2026-08-07,3554.69,OPEN
ORD-003935-1,PO-003935,CUST-00998,2026-08-25,34862.06,OPEN
ORD-003936-1,PO-003936,CUST-01883,2026-02-05,16854.63,OPEN
ORD-003937-1,PO-003937,CUST-00633,2026-06-16,33215.71,OPEN
ORD-003937-2,PO-003937,CUST-01733,2026-06-11,66431.41,OPEN
ORD-003937-3,PO-003937,CUST-00343,2026-06-15,44287.61,OPEN
ORD-003938-1,PO-003938,CUST-00284,2026-05-15,29991.48,OPEN
ORD-003938-2,PO-003938,CUST-01699,2026-05-11,44987.22,OPEN
ORD-003938-3,PO-003938,CUST-01925,2026-05-09,89974.44,OPEN
ORD-003938-4,PO-003938,CUST-00185,2026-05-15,22493.61,OPEN
ORD-003939-1,PO-003939,CUST-01268,2026-01-20,10377.9,OPEN
ORD-003939-2,PO-003939,CUST-01609,2026-01-20,31133.69,OPEN
ORD-003939-3,PO-003939,CUST-01236,2026-01-14,7783.42,OPEN
ORD-003939-4,PO-003939,CUST-02143,2026-01-16,31133.69,OPEN
ORD-003940-1,PO-003940,CUST-00831,2026-08-22,14747.45,OPEN
ORD-003941-1,PO-003941,CUST-02046,2026-02-05,40417.32,OPEN
ORD-003941-2,PO-003941,CUST-00358,2026-02-13,40417.32,OPEN
ORD-003941-3,PO-003941,CUST-01379,2026-02-09,20208.66,OPEN
ORD-003941-4,PO-003941,CUST-02488,2026-02-10,40417.32,OPEN
ORD-003942-1,PO-003942,CUST-00669,2026-09-06,18385.71,OPEN
ORD-003942-2,PO-003942,CUST-01828,2026-09-02,24514.28,OPEN
ORD-003942-3,PO-003942,CUST-01772,2026-08-31,18385.71,OPEN
ORD-003942-4,PO-003942,CUST-01707,2026-09-03,73542.84,OPEN
ORD-003943-1,PO-003943,CUST-01390,2026-02-14,19848.6,OPEN
ORD-003943-2,PO-003943,CUST-01076,2026-02-12,19848.6,OPEN
ORD-003944-1,PO-003944,CUST-02152,2026-03-12,26977.86,OPEN
ORD-003944-2,PO-003944,CUST-01960,2026-03-11,26977.86,OPEN
ORD-003944-3,PO-003944,CUST-00835,2026-03-19,40466.79,OPEN
ORD-003944-4,PO-003944,CUST-00906,2026-03-18,80933.59,OPEN
ORD-003945-1,PO-003945,CUST-00792,2026-03-31,19788.55,OPEN
ORD-003945-2,PO-003945,CUST-00355,2026-04-08,19788.55,OPEN
ORD-003945-3,PO-003945,CUST-00236,2026-04-03,14841.41,OPEN
ORD-003945-4,PO-003945,CUST-01260,2026-04-06,29682.83,OPEN
ORD-003946-1,PO-003946,CUST-00056,2026-04-17,55657.08,OPEN
ORD-003947-1,PO-003947,CUST-01098,2026-05-16,19347.95,OPEN
ORD-003947-2,PO-003947,CUST-01663,2026-05-17,14510.97,OPEN
ORD-003947-3,PO-003947,CUST-01628,2026-05-19,58043.86,OPEN
ORD-003948-1,PO-003948,CUST-01191,2026-03-01,86224.96,OPEN
ORD-003949-1,PO-003949,CUST-01476,2026-04-01,31708.84,OPEN
ORD-003949-2,PO-003949,CUST-01230,2026-03-22,63417.68,OPEN
ORD-003949-3,PO-003949,CUST-00273,2026-03-30,31708.84,OPEN
ORD-003950-1,PO-003950,CUST-01078,2026-05-08,28475.93,OPEN
ORD-003950-2,PO-003950,CUST-01401,2026-05-03,85427.78,OPEN
ORD-003950-3,PO-003950,CUST-00512,2026-05-01,85427.78,OPEN
ORD-003951-1,PO-003951,CUST-02121,2026-04-22,2925.96,OPEN
ORD-003951-2,PO-003951,CUST-01740,2026-04-17,2925.96,OPEN
ORD-003951-3,PO-003951,CUST-01470,2026-04-15,11703.85,OPEN
ORD-003952-1,PO-003952,CUST-01887,2026-04-19,29712.57,OPEN
ORD-003952-2,PO-003952,CUST-01622,2026-04-19,9904.19,OPEN
ORD-003952-3,PO-003952,CUST-01833,2026-04-22,9904.19,OPEN
ORD-003952-4,PO-003952,CUST-00139,2026-04-17,9904.19,OPEN
ORD-003953-1,PO-003953,CUST-00824,2026-02-09,74637.38,OPEN
ORD-003953-2,PO-003953,CUST-00507,2026-02-06,74637.38,OPEN
ORD-003954-1,PO-003954,CUST-01322,2026-03-05,55760.65,OPEN
ORD-003955-1,PO-003955,CUST-02174,2026-08-04,5397.35,OPEN
ORD-003956-1,PO-003956,CUST-01034,2026-07-21,50103.14,OPEN
ORD-003956-2,PO-003956,CUST-00956,2026-07-25,33402.1,OPEN
ORD-003956-3,PO-003956,CUST-02395,2026-07-28,25051.57,OPEN
ORD-003956-4,PO-003956,CUST-00062,2026-07-28,100206.29,OPEN
ORD-003957-1,PO-003957,CUST-01323,2026-05-25,43159.39,OPEN
ORD-003957-2,PO-003957,CUST-02019,2026-05-25,28772.93,OPEN
ORD-003957-3,PO-003957,CUST-01486,2026-05-31,86318.78,OPEN
ORD-003958-1,PO-003958,CUST-00994,2026-04-20,3323.79,OPEN
ORD-003959-1,PO-003959,CUST-01751,2026-02-23,14447.72,OPEN
ORD-003959-2,PO-003959,CUST-00161,2026-02-23,14447.72,OPEN
ORD-003959-3,PO-003959,CUST-00810,2026-02-22,28895.44,OPEN
ORD-003959-4,PO-003959,CUST-00525,2026-02-19,9631.81,OPEN
ORD-003960-1,PO-003960,CUST-02272,2026-07-08,26441.36,OPEN
ORD-003960-2,PO-003960,CUST-01765,2026-07-16,79324.08,OPEN
ORD-003960-3,PO-003960,CUST-00299,2026-07-09,39662.04,OPEN
ORD-003961-1,PO-003961,CUST-01083,2026-06-15,28465.79,OPEN
ORD-003961-2,PO-003961,CUST-01636,2026-06-19,14232.9,OPEN
ORD-003961-3,PO-003961,CUST-00224,2026-06-21,28465.79,OPEN
ORD-003961-4,PO-003961,CUST-00060,2026-06-15,14232.9,OPEN
ORD-003962-1,PO-003962,CUST-00070,2026-03-24,42385.55,OPEN
ORD-003962-2,PO-003962,CUST-01848,2026-03-18,42385.55,OPEN
ORD-003963-1,PO-003963,CUST-01041,2026-07-24,13145.77,OPEN
ORD-003963-2,PO-003963,CUST-00957,2026-07-19,17527.69,OPEN
ORD-003964-1,PO-003964,CUST-02135,2026-06-25,117992.56,OPEN
ORD-003964-2,PO-003964,CUST-01920,2026-07-03,117992.56,OPEN
ORD-003965-1,PO-003965,CUST-00037,2026-06-25,26405.41,OPEN
ORD-003965-2,PO-003965,CUST-00164,2026-06-20,26405.41,OPEN
ORD-003965-3,PO-003965,CUST-01375,2026-06-21,26405.41,OPEN
ORD-003965-4,PO-003965,CUST-00808,2026-06-28,35207.22,OPEN
ORD-003966-1,PO-003966,CUST-01818,2026-08-26,36603.64,OPEN
ORD-003966-2,PO-003966,CUST-02060,2026-08-29,27452.73,OPEN
ORD-003966-3,PO-003966,CUST-01412,2026-08-30,109810.92,OPEN
ORD-003966-4,PO-003966,CUST-00538,2026-08-27,36603.64,OPEN
ORD-003967-1,PO-003967,CUST-01061,2026-03-17,21815.15,OPEN
ORD-003968-1,PO-003968,CUST-02136,2026-06-16,25416.98,OPEN
ORD-003969-1,PO-003969,CUST-00340,2026-07-27,30135.83,OPEN
ORD-003969-2,PO-003969,CUST-01066,2026-08-02,90407.48,OPEN
ORD-003969-3,PO-003969,CUST-01279,2026-08-03,22601.87,OPEN
ORD-003969-4,PO-003969,CUST-01644,2026-07-26,30135.83,OPEN
ORD-003970-1,PO-003970,CUST-00739,2026-04-19,135700.8,OPEN
ORD-003970-2,PO-003970,CUST-01381,2026-04-24,33925.2,OPEN
ORD-003970-3,PO-003970,CUST-01717,2026-04-23,33925.2,OPEN
ORD-003970-4,PO-003970,CUST-00116,2026-04-19,33925.2,OPEN
ORD-003971-1,PO-003971,CUST-00337,2026-02-03,23984.39,OPEN
ORD-003971-2,PO-003971,CUST-01088,2026-02-05,31979.19,OPEN
ORD-003971-3,PO-003971,CUST-00272,2026-02-06,31979.19,OPEN
ORD-003972-1,PO-003972,CUST-02094,2026-07-04,24222.28,OPEN
ORD-003972-2,PO-003972,CUST-00114,2026-07-03,24222.28,OPEN
ORD-003973-1,PO-003973,CUST-01006,2026-02-16,7500.24,OPEN
ORD-003974-1,PO-003974,CUST-00421,2026-02-10,41263.23,OPEN
ORD-003974-2,PO-003974,CUST-01828,2026-02-07,10315.81,OPEN
ORD-003974-3,PO-003974,CUST-00488,2026-02-07,41263.23,OPEN
ORD-003975-1,PO-003975,CUST-02145,2026-08-07,9160.44,OPEN
ORD-003976-1,PO-003976,CUST-02124,2026-02-07,97778.51,OPEN
ORD-003976-2,PO-003976,CUST-02288,2026-02-07,48889.25,OPEN
ORD-003976-3,PO-003976,CUST-00151,2026-02-16,32592.84,OPEN
ORD-003976-4,PO-003976,CUST-02101,2026-02-16,97778.51,OPEN
ORD-003977-1,PO-003977,CUST-01535,2026-08-28,55026.29,OPEN
ORD-003977-2,PO-003977,CUST-02248,2026-08-18,36684.19,OPEN
ORD-003977-3,PO-003977,CUST-01485,2026-08-18,36684.19,OPEN
ORD-003978-1,PO-003978,CUST-01294,2026-05-15,18639.16,OPEN
ORD-003978-2,PO-003978,CUST-02296,2026-05-15,18639.16,OPEN
ORD-003978-3,PO-003978,CUST-00871,2026-05-13,24852.21,OPEN
ORD-003979-1,PO-003979,CUST-00771,2026-08-04,6763.11,OPEN
ORD-003979-2,PO-003979,CUST-00213,2026-08-07,4508.74,OPEN
ORD-003980-1,PO-003980,CUST-00576,2026-03-21,14446.4,OPEN
ORD-003980-2,PO-003980,CUST-02342,2026-03-26,43339.2,OPEN
ORD-003981-1,PO-003981,CUST-02309,2026-06-29,38136.47,OPEN
ORD-003981-2,PO-003981,CUST-01283,2026-06-23,76272.95,OPEN
ORD-003981-3,PO-003981,CUST-00146,2026-06-28,76272.95,OPEN
ORD-003982-1,PO-003982,CUST-00517,2026-02-12,148414.73,OPEN
ORD-003982-2,PO-003982,CUST-01034,2026-02-16,74207.37,OPEN
ORD-003982-3,PO-003982,CUST-00628,2026-02-17,37103.68,OPEN
ORD-003983-1,PO-003983,CUST-01723,2026-04-24,15772.23,OPEN
ORD-003983-2,PO-003983,CUST-00197,2026-04-22,15772.23,OPEN
ORD-003983-3,PO-003983,CUST-02319,2026-04-20,63088.93,OPEN
ORD-003984-1,PO-003984,CUST-00844,2026-03-08,45440.1,OPEN
ORD-003984-2,PO-003984,CUST-00294,2026-03-02,34080.07,OPEN
ORD-003984-3,PO-003984,CUST-00438,2026-03-06,34080.07,OPEN
ORD-003985-1,PO-003985,CUST-01473,2026-08-09,123172.94,OPEN
ORD-003985-2,PO-003985,CUST-00570,2026-08-05,30793.24,OPEN
ORD-003985-3,PO-003985,CUST-02124,2026-08-07,30793.24,OPEN
ORD-003985-4,PO-003985,CUST-00278,2026-08-12,30793.24,OPEN
ORD-003986-1,PO-003986,CUST-00077,2026-03-30,128774.99,OPEN
ORD-003987-1,PO-003987,CUST-01775,2026-07-27,28635.32,OPEN
ORD-003988-1,PO-003988,CUST-00260,2026-08-04,2183.41,OPEN
ORD-003989-1,PO-003989,CUST-00711,2026-06-10,4267.47,OPEN
ORD-003989-2,PO-003989,CUST-01828,2026-06-08,6401.2,OPEN
ORD-003989-3,PO-003989,CUST-00454,2026-06-02,6401.2,OPEN
ORD-003989-4,PO-003989,CUST-00381,2026-06-07,12802.41,OPEN
ORD-003990-1,PO-003990,CUST-01651,2026-07-20,27922.58,OPEN
ORD-003990-2,PO-003990,CUST-01589,2026-07-13,27922.58,OPEN
ORD-003991-1,PO-003991,CUST-01791,2026-03-24,5412.35,OPEN
ORD-003991-2,PO-003991,CUST-00537,2026-03-18,5412.35,OPEN
ORD-003991-3,PO-003991,CUST-00828,2026-03-17,21649.42,OPEN
ORD-003992-1,PO-003992,CUST-01755,2026-02-24,27512.58,OPEN
ORD-003992-2,PO-003992,CUST-02151,2026-02-23,13756.29,OPEN
ORD-003993-1,PO-003993,CUST-00888,2026-03-26,50025.47,OPEN
ORD-003993-2,PO-003993,CUST-00609,2026-03-19,12506.37,OPEN
ORD-003993-3,PO-003993,CUST-00922,2026-03-26,25012.74,OPEN
ORD-003993-4,PO-003993,CUST-01255,2026-03-25,16675.16,OPEN
ORD-003994-1,PO-003994,CUST-01375,2026-01-17,56181.61,OPEN
ORD-003994-2,PO-003994,CUST-01442,2026-01-20,18727.2,OPEN
ORD-003994-3,PO-003994,CUST-00826,2026-01-17,56181.61,OPEN
ORD-003995-1,PO-003995,CUST-01137,2026-01-18,119583.74,OPEN
ORD-003995-2,PO-003995,CUST-00402,2026-01-09,29895.94,OPEN
ORD-003995-3,PO-003995,CUST-02031,2026-01-16,29895.94,OPEN
ORD-003996-1,PO-003996,CUST-02041,2026-08-27,680.49,OPEN
ORD-003996-2,PO-003996,CUST-01515,2026-08-25,510.37,OPEN
ORD-003996-3,PO-003996,CUST-00851,2026-08-26,510.37,OPEN
ORD-003997-1,PO-003997,CUST-00494,2026-02-25,16981.78,OPEN
ORD-003997-2,PO-003997,CUST-00300,2026-02-27,22642.37,OPEN
ORD-003997-3,PO-003997,CUST-00191,2026-02-27,33963.56,OPEN
ORD-003998-1,PO-003998,CUST-00210,2026-04-02,35971.23,OPEN
ORD-003998-2,PO-003998,CUST-02081,2026-04-06,107913.69,OPEN
ORD-003998-3,PO-003998,CUST-00091,2026-04-02,26978.42,OPEN
ORD-003999-1,PO-003999,CUST-02048,2026-03-02,37127.68,OPEN
ORD-003999-2,PO-003999,CUST-02009,2026-02-28,74255.36,OPEN
ORD-003999-3,PO-003999,CUST-01629,2026-02-24,49503.57,OPEN
ORD-004000-1,PO-004000,CUST-01207,2026-08-31,85934.47,OPEN
ORD-004001-1,PO-004001,CUST-00424,2026-06-05,14368.62,OPEN
ORD-004001-2,PO-004001,CUST-01676,2026-06-09,43105.86,OPEN
ORD-004001-3,PO-004001,CUST-00661,2026-06-10,10776.47,OPEN
ORD-004002-1,PO-004002,CUST-01989,2026-01-20,3151.84,OPEN
ORD-004003-1,PO-004003,CUST-00025,2026-03-11,22134.93,OPEN
ORD-004003-2,PO-004003,CUST-01940,2026-03-12,22134.93,OPEN
ORD-004003-3,PO-004003,CUST-00307,2026-03-09,33202.39,OPEN
ORD-004003-4,PO-004003,CUST-01321,2026-03-09,22134.93,OPEN
ORD-004004-1,PO-004004,CUST-00007,2026-03-02,27987.03,OPEN
ORD-004004-2,PO-004004,CUST-00431,2026-03-03,37316.04,OPEN
ORD-004005-1,PO-004005,CUST-02407,2026-07-23,83054.12,OPEN
ORD-004005-2,PO-004005,CUST-00767,2026-07-24,20763.53,OPEN
ORD-004005-3,PO-004005,CUST-01397,2026-07-16,20763.53,OPEN
ORD-004006-1,PO-004006,CUST-00411,2026-08-06,27537.1,OPEN
ORD-004006-2,PO-004006,CUST-00837,2026-08-01,82611.3,OPEN
ORD-004006-3,PO-004006,CUST-01198,2026-08-01,20652.83,OPEN
ORD-004006-4,PO-004006,CUST-01754,2026-08-01,20652.83,OPEN
ORD-004007-1,PO-004007,CUST-02061,2026-04-17,58573.36,OPEN
ORD-004008-1,PO-004008,CUST-01279,2026-02-23,27103.63,OPEN
ORD-004009-1,PO-004009,CUST-01292,2026-03-03,2910.5,OPEN
ORD-004009-2,PO-004009,CUST-01896,2026-03-02,2910.5,OPEN
ORD-004010-1,PO-004010,CUST-02176,2026-04-02,17625.1,OPEN
ORD-004010-2,PO-004010,CUST-01333,2026-04-02,70500.42,OPEN
ORD-004010-3,PO-004010,CUST-00567,2026-04-01,23500.14,OPEN
ORD-004010-4,PO-004010,CUST-00364,2026-03-30,70500.42,OPEN
ORD-004011-1,PO-004011,CUST-00314,2026-08-26,135325.57,OPEN
ORD-004011-2,PO-004011,CUST-00558,2026-08-25,135325.57,OPEN
ORD-004011-3,PO-004011,CUST-01435,2026-09-02,33831.39,OPEN
ORD-004011-4,PO-004011,CUST-00130,2026-08-23,135325.57,OPEN
ORD-004012-1,PO-004012,CUST-00274,2026-08-21,129608.37,OPEN
ORD-004013-1,PO-004013,CUST-01323,2026-05-11,4705.25,OPEN
ORD-004014-1,PO-004014,CUST-00683,2026-08-01,24659.29,OPEN
ORD-004015-1,PO-004015,CUST-00800,2026-01-23,148288.36,OPEN
ORD-004015-2,PO-004015,CUST-01009,2026-01-25,37072.09,OPEN
ORD-004015-3,PO-004015,CUST-01165,2026-01-23,148288.36,OPEN
ORD-004015-4,PO-004015,CUST-02459,2026-01-23,148288.36,OPEN
ORD-004016-1,PO-004016,CUST-02027,2026-02-06,45797.22,OPEN
ORD-004016-2,PO-004016,CUST-02319,2026-01-30,45797.22,OPEN
ORD-004016-3,PO-004016,CUST-02210,2026-02-01,15265.74,OPEN
ORD-004016-4,PO-004016,CUST-00653,2026-02-03,45797.22,OPEN
ORD-004017-1,PO-004017,CUST-01450,2026-04-26,111884.13,OPEN
ORD-004017-2,PO-004017,CUST-01262,2026-04-27,55942.07,OPEN
ORD-004017-3,PO-004017,CUST-01983,2026-04-17,111884.13,OPEN
ORD-004017-4,PO-004017,CUST-00785,2026-04-22,27971.03,OPEN
ORD-004018-1,PO-004018,CUST-00412,2026-08-12,5746.39,OPEN
ORD-004018-2,PO-004018,CUST-01947,2026-08-09,1436.6,OPEN
ORD-004018-3,PO-004018,CUST-01849,2026-08-04,1436.6,OPEN
ORD-004019-1,PO-004019,CUST-00424,2026-08-21,5050.52,OPEN
ORD-004020-1,PO-004020,CUST-02167,2026-03-08,908.55,OPEN
ORD-004020-2,PO-004020,CUST-01913,2026-03-06,1211.41,OPEN
ORD-004020-3,PO-004020,CUST-02300,2026-03-05,908.55,OPEN
ORD-004021-1,PO-004021,CUST-01341,2026-06-08,150.16,OPEN
ORD-004021-2,PO-004021,CUST-02150,2026-06-11,200.21,OPEN
ORD-004022-1,PO-004022,CUST-01638,2026-03-08,57262.86,OPEN
ORD-004022-2,PO-004022,CUST-02445,2026-03-08,57262.86,OPEN
ORD-004022-3,PO-004022,CUST-00935,2026-03-11,114525.71,OPEN
ORD-004023-1,PO-004023,CUST-00739,2026-08-28,35078.97,OPEN
ORD-004024-1,PO-004024,CUST-02185,2026-05-02,23637.62,OPEN
ORD-004025-1,PO-004025,CUST-00840,2026-01-31,137641.36,OPEN
ORD-004026-1,PO-004026,CUST-02342,2026-05-19,33504.85,OPEN
ORD-004026-2,PO-004026,CUST-01847,2026-05-18,67009.69,OPEN
ORD-004026-3,PO-004026,CUST-00200,2026-05-14,22336.56,OPEN
ORD-004026-4,PO-004026,CUST-01699,2026-05-19,67009.69,OPEN
ORD-004027-1,PO-004027,CUST-01706,2026-04-20,105865.89,OPEN
ORD-004028-1,PO-004028,CUST-00810,2026-08-05,13706.1,OPEN
ORD-004028-2,PO-004028,CUST-01811,2026-08-01,54824.41,OPEN
ORD-004029-1,PO-004029,CUST-02031,2026-06-04,4509.66,OPEN
ORD-004030-1,PO-004030,CUST-01347,2026-06-04,95149.46,OPEN
ORD-004031-1,PO-004031,CUST-01156,2026-01-31,25361.15,OPEN
ORD-004031-2,PO-004031,CUST-01301,2026-02-03,33814.87,OPEN
ORD-004031-3,PO-004031,CUST-01018,2026-02-02,101444.6,OPEN
ORD-004032-1,PO-004032,CUST-00894,2026-08-08,73530.0,OPEN
ORD-004032-2,PO-004032,CUST-00044,2026-08-08,73530.0,OPEN
ORD-004032-3,PO-004032,CUST-02092,2026-08-11,36765.0,OPEN
ORD-004032-4,PO-004032,CUST-00227,2026-08-11,36765.0,OPEN
ORD-004033-1,PO-004033,CUST-00711,2026-07-05,36743.46,OPEN
ORD-004033-2,PO-004033,CUST-01933,2026-07-13,36743.46,OPEN
ORD-004033-3,PO-004033,CUST-01895,2026-07-10,48991.28,OPEN
ORD-004034-1,PO-004034,CUST-01003,2026-02-15,13855.93,OPEN
ORD-004034-2,PO-004034,CUST-02388,2026-02-14,13855.93,OPEN
ORD-004034-3,PO-004034,CUST-00490,2026-02-08,27711.86,OPEN
ORD-004034-4,PO-004034,CUST-00033,2026-02-07,55423.72,OPEN
ORD-004035-1,PO-004035,CUST-00241,2026-05-19,30095.1,OPEN
ORD-004035-2,PO-004035,CUST-00453,2026-05-18,7523.77,OPEN
ORD-004035-3,PO-004035,CUST-02154,2026-05-17,30095.1,OPEN
ORD-004036-1,PO-004036,CUST-00317,2026-08-03,14241.32,OPEN
ORD-004036-2,PO-004036,CUST-01847,2026-08-07,56965.26,OPEN
ORD-004036-3,PO-004036,CUST-02497,2026-08-06,28482.63,OPEN
ORD-004036-4,PO-004036,CUST-01717,2026-08-10,28482.63,OPEN
ORD-004037-1,PO-004037,CUST-00252,2026-03-14,46566.5,OPEN
ORD-004037-2,PO-004037,CUST-01282,2026-03-19,46566.5,OPEN
ORD-004037-3,PO-004037,CUST-02094,2026-03-12,139699.51,OPEN
ORD-004038-1,PO-004038,CUST-02384,2026-03-27,31119.97,OPEN
ORD-004038-2,PO-004038,CUST-02208,2026-03-30,124479.9,OPEN
ORD-004039-1,PO-004039,CUST-00956,2026-01-21,642.1,OPEN
ORD-004039-2,PO-004039,CUST-00542,2026-01-17,1926.29,OPEN
ORD-004039-3,PO-004039,CUST-02151,2026-01-25,963.14,OPEN
ORD-004039-4,PO-004039,CUST-00547,2026-01-26,963.14,OPEN
ORD-004040-1,PO-004040,CUST-01943,2026-04-23,3492.05,OPEN
ORD-004040-2,PO-004040,CUST-00909,2026-04-15,13968.2,OPEN
ORD-004040-3,PO-004040,CUST-00540,2026-04-24,3492.05,OPEN
ORD-004041-1,PO-004041,CUST-01600,2026-08-25,9466.08,OPEN
ORD-004041-2,PO-004041,CUST-00479,2026-08-26,4733.04,OPEN
ORD-004041-3,PO-004041,CUST-01677,2026-08-30,6310.72,OPEN
ORD-004041-4,PO-004041,CUST-01500,2026-08-29,4733.04,OPEN
ORD-004042-1,PO-004042,CUST-01094,2026-02-20,23908.08,OPEN
ORD-004043-1,PO-004043,CUST-00663,2026-03-20,54786.67,OPEN
ORD-004044-1,PO-004044,CUST-01943,2026-04-26,32056.69,OPEN
ORD-004045-1,PO-004045,CUST-02153,2026-09-03,36614.34,OPEN
ORD-004045-2,PO-004045,CUST-02055,2026-08-25,73228.68,OPEN
ORD-004046-1,PO-004046,CUST-00315,2026-05-12,108871.36,OPEN
ORD-004047-1,PO-004047,CUST-02026,2026-02-27,30658.16,OPEN
ORD-004047-2,PO-004047,CUST-01972,2026-02-24,15329.08,OPEN
ORD-004047-3,PO-004047,CUST-00694,2026-02-25,30658.16,OPEN
ORD-004048-1,PO-004048,CUST-02213,2026-08-30,21514.33,OPEN
ORD-004048-2,PO-004048,CUST-01647,2026-08-28,21514.33,OPEN
ORD-004048-3,PO-004048,CUST-02226,2026-08-27,43028.67,OPEN
ORD-004049-1,PO-004049,CUST-02298,2026-05-09,6988.82,OPEN
ORD-004049-2,PO-004049,CUST-00712,2026-05-11,6988.82,OPEN
ORD-004049-3,PO-004049,CUST-01271,2026-05-05,13977.65,OPEN
ORD-004050-1,PO-004050,CUST-00204,2026-03-25,70483.67,OPEN
ORD-004050-2,PO-004050,CUST-01569,2026-03-27,140967.34,OPEN
ORD-004050-3,PO-004050,CUST-01560,2026-04-01,140967.34,OPEN
ORD-004050-4,PO-004050,CUST-01005,2026-03-28,70483.67,OPEN
ORD-004051-1,PO-004051,CUST-02366,2026-04-13,52087.73,OPEN
ORD-004051-2,PO-004051,CUST-02488,2026-04-18,34725.15,OPEN
ORD-004052-1,PO-004052,CUST-01211,2026-09-02,4502.22,OPEN
ORD-004052-2,PO-004052,CUST-00952,2026-08-30,18008.87,OPEN
ORD-004053-1,PO-004053,CUST-02212,2026-01-18,52737.78,OPEN
ORD-004054-1,PO-004054,CUST-01800,2026-01-15,114206.33,OPEN
ORD-004054-2,PO-004054,CUST-00150,2026-01-16,38068.78,OPEN
ORD-004055-1,PO-004055,CUST-01597,2026-01-22,20082.82,OPEN
ORD-004056-1,PO-004056,CUST-01268,2026-06-12,1766.13,OPEN
ORD-004056-2,PO-004056,CUST-01500,2026-06-08,883.07,OPEN
ORD-004056-3,PO-004056,CUST-01334,2026-06-11,1766.13,OPEN
ORD-004056-4,PO-004056,CUST-00384,2026-06-08,1177.42,OPEN
ORD-004057-1,PO-004057,CUST-02448,2026-01-23,31495.69,OPEN
ORD-004057-2,PO-004057,CUST-02434,2026-01-23,62991.39,OPEN
ORD-004058-1,PO-004058,CUST-00227,2026-05-13,100979.63,OPEN
ORD-004058-2,PO-004058,CUST-01584,2026-05-12,50489.82,OPEN
ORD-004058-3,PO-004058,CUST-00869,2026-05-19,33659.88,OPEN
ORD-004058-4,PO-004058,CUST-01575,2026-05-19,25244.91,OPEN
ORD-004059-1,PO-004059,CUST-01972,2026-05-04,48313.65,OPEN
ORD-004059-2,PO-004059,CUST-01174,2026-05-04,36235.24,OPEN
ORD-004059-3,PO-004059,CUST-01004,2026-05-10,72470.48,OPEN
ORD-004060-1,PO-004060,CUST-00615,2026-02-12,47548.56,OPEN
ORD-004060-2,PO-004060,CUST-00411,2026-02-15,23774.28,OPEN
ORD-004061-1,PO-004061,CUST-02078,2026-03-23,102426.57,OPEN
ORD-004061-2,PO-004061,CUST-02353,2026-03-28,102426.57,OPEN
ORD-004061-3,PO-004061,CUST-01147,2026-03-24,51213.29,OPEN
ORD-004061-4,PO-004061,CUST-00928,2026-03-29,25606.64,OPEN
ORD-004062-1,PO-004062,CUST-00903,2026-02-13,21036.09,OPEN
ORD-004062-2,PO-004062,CUST-00109,2026-02-15,21036.09,OPEN
ORD-004063-1,PO-004063,CUST-01408,2026-04-19,22228.12,OPEN
ORD-004064-1,PO-004064,CUST-00602,2026-03-14,27527.33,OPEN
ORD-004064-2,PO-004064,CUST-00947,2026-03-14,55054.65,OPEN
ORD-004064-3,PO-004064,CUST-00831,2026-03-19,55054.65,OPEN
ORD-004064-4,PO-004064,CUST-00897,2026-03-16,27527.33,OPEN
ORD-004065-1,PO-004065,CUST-01352,2026-03-02,36346.04,OPEN
ORD-004066-1,PO-004066,CUST-01816,2026-03-13,17426.25,OPEN
ORD-004066-2,PO-004066,CUST-01962,2026-03-13,52278.75,OPEN
ORD-004066-3,PO-004066,CUST-02212,2026-03-15,52278.75,OPEN
ORD-004066-4,PO-004066,CUST-01500,2026-03-09,26139.38,OPEN
ORD-004067-1,PO-004067,CUST-00464,2026-04-05,1019.48,OPEN
ORD-004067-2,PO-004067,CUST-00320,2026-04-01,3058.43,OPEN
ORD-004067-3,PO-004067,CUST-00097,2026-03-31,1529.21,OPEN
ORD-004068-1,PO-004068,CUST-00517,2026-01-30,73223.03,OPEN
ORD-004068-2,PO-004068,CUST-02208,2026-01-22,36611.51,OPEN
ORD-004069-1,PO-004069,CUST-01163,2026-04-27,8734.82,OPEN
ORD-004070-1,PO-004070,CUST-02297,2026-08-30,22360.9,OPEN
ORD-004070-2,PO-004070,CUST-02352,2026-08-27,29814.54,OPEN
ORD-004070-3,PO-004070,CUST-02153,2026-08-25,44721.81,OPEN
ORD-004070-4,PO-004070,CUST-02155,2026-09-04,44721.81,OPEN
ORD-004071-1,PO-004071,CUST-02485,2026-02-09,35020.25,OPEN
ORD-004071-2,PO-004071,CUST-00515,2026-02-13,70040.5,OPEN
ORD-004072-1,PO-004072,CUST-00826,2026-07-10,70390.26,OPEN
ORD-004072-2,PO-004072,CUST-02495,2026-07-14,35195.13,OPEN
ORD-004072-3,PO-004072,CUST-01558,2026-07-15,35195.13,OPEN
ORD-004072-4,PO-004072,CUST-00382,2026-07-06,46926.84,OPEN
ORD-004073-1,PO-004073,CUST-01536,2026-08-28,15555.08,OPEN
ORD-004073-2,PO-004073,CUST-01772,2026-09-02,31110.16,OPEN
ORD-004074-1,PO-004074,CUST-01705,2026-01-03,21315.43,OPEN
ORD-004074-2,PO-004074,CUST-00778,2026-01-09,14210.29,OPEN
ORD-004075-1,PO-004075,CUST-02303,2026-06-13,34598.83,OPEN
ORD-004076-1,PO-004076,CUST-02060,2026-01-30,57250.28,OPEN
ORD-004076-2,PO-004076,CUST-01767,2026-02-01,114500.56,OPEN
ORD-004076-3,PO-004076,CUST-00608,2026-01-26,28625.14,OPEN
ORD-004077-1,PO-004077,CUST-00161,2026-07-12,79980.0,OPEN
ORD-004077-2,PO-004077,CUST-01700,2026-07-03,79980.0,OPEN
ORD-004078-1,PO-004078,CUST-00138,2026-06-04,36290.92,OPEN
ORD-004078-2,PO-004078,CUST-01661,2026-06-04,18145.46,OPEN
ORD-004078-3,PO-004078,CUST-00207,2026-05-26,72581.84,OPEN
ORD-004079-1,PO-004079,CUST-01572,2026-01-22,44862.99,OPEN
ORD-004079-2,PO-004079,CUST-00326,2026-01-22,22431.49,OPEN
ORD-004080-1,PO-004080,CUST-00804,2026-06-20,50964.4,OPEN
ORD-004080-2,PO-004080,CUST-00162,2026-06-21,33976.27,OPEN
ORD-004080-3,PO-004080,CUST-02108,2026-06-18,33976.27,OPEN
ORD-004080-4,PO-004080,CUST-02381,2026-06-21,33976.27,OPEN
ORD-004081-1,PO-004081,CUST-00127,2026-04-18,6358.14,OPEN
ORD-004081-2,PO-004081,CUST-00623,2026-04-19,6358.14,OPEN
ORD-004081-3,PO-004081,CUST-02234,2026-04-19,4238.76,OPEN
ORD-004081-4,PO-004081,CUST-00855,2026-04-15,3179.07,OPEN
ORD-004082-1,PO-004082,CUST-02331,2026-01-27,61722.48,OPEN
ORD-004083-1,PO-004083,CUST-02170,2026-02-24,49464.92,OPEN
ORD-004083-2,PO-004083,CUST-00581,2026-02-17,49464.92,OPEN
ORD-004084-1,PO-004084,CUST-00069,2026-08-25,114349.98,OPEN
ORD-004084-2,PO-004084,CUST-00579,2026-08-31,38116.66,OPEN
ORD-004084-3,PO-004084,CUST-01600,2026-08-26,28587.49,OPEN
ORD-004084-4,PO-004084,CUST-00052,2026-08-28,28587.49,OPEN
ORD-004085-1,PO-004085,CUST-00707,2026-04-05,49177.93,OPEN
ORD-004085-2,PO-004085,CUST-00961,2026-04-10,49177.93,OPEN
ORD-004085-3,PO-004085,CUST-02323,2026-04-10,73766.9,OPEN
ORD-004086-1,PO-004086,CUST-00615,2026-04-28,90898.82,OPEN
ORD-004086-2,PO-004086,CUST-02292,2026-04-29,30299.61,OPEN
ORD-004086-3,PO-004086,CUST-01825,2026-05-02,90898.82,OPEN
ORD-004086-4,PO-004086,CUST-01149,2026-04-23,45449.41,OPEN
ORD-004087-1,PO-004087,CUST-01753,2026-07-27,34590.27,OPEN
ORD-004087-2,PO-004087,CUST-02450,2026-07-27,34590.27,OPEN
ORD-004087-3,PO-004087,CUST-01938,2026-07-23,51885.41,OPEN
ORD-004087-4,PO-004087,CUST-02232,2026-07-27,34590.27,OPEN
ORD-004088-1,PO-004088,CUST-01853,2026-07-29,15785.99,OPEN
ORD-004088-2,PO-004088,CUST-00196,2026-07-27,47357.97,OPEN
ORD-004089-1,PO-004089,CUST-00529,2026-05-14,9362.64,OPEN
ORD-004090-1,PO-004090,CUST-00273,2026-03-20,31610.18,OPEN
ORD-004090-2,PO-004090,CUST-01383,2026-03-25,63220.36,OPEN
ORD-004091-1,PO-004091,CUST-00201,2026-04-27,43032.11,OPEN
ORD-004092-1,PO-004092,CUST-00115,2026-03-02,7789.25,OPEN
ORD-004092-2,PO-004092,CUST-01477,2026-02-23,7789.25,OPEN
ORD-004092-3,PO-004092,CUST-00256,2026-02-24,2596.42,OPEN
ORD-004092-4,PO-004092,CUST-01387,2026-02-26,2596.42,OPEN
ORD-004093-1,PO-004093,CUST-00291,2026-05-11,9425.07,OPEN
ORD-004094-1,PO-004094,CUST-01563,2026-03-18,28000.36,OPEN
ORD-004094-2,PO-004094,CUST-01728,2026-03-14,112001.45,OPEN
ORD-004094-3,PO-004094,CUST-00350,2026-03-18,37333.82,OPEN
ORD-004094-4,PO-004094,CUST-01952,2026-03-17,37333.82,OPEN
ORD-004095-1,PO-004095,CUST-00592,2026-02-13,39277.1,OPEN
ORD-004095-2,PO-004095,CUST-02166,2026-02-19,29457.82,OPEN
ORD-004095-3,PO-004095,CUST-02325,2026-02-12,117831.29,OPEN
ORD-004096-1,PO-004096,CUST-01633,2026-01-25,15330.75,OPEN
ORD-004096-2,PO-004096,CUST-00763,2026-01-23,61322.99,OPEN
ORD-004096-3,PO-004096,CUST-00878,2026-01-19,30661.49,OPEN
ORD-004097-1,PO-004097,CUST-02041,2026-01-04,31378.58,OPEN
ORD-004098-1,PO-004098,CUST-01780,2026-03-05,135107.02,OPEN
ORD-004099-1,PO-004099,CUST-00090,2026-05-01,26834.75,OPEN
ORD-004099-2,PO-004099,CUST-00266,2026-04-30,53669.5,OPEN
ORD-004099-3,PO-004099,CUST-01122,2026-04-29,53669.5,OPEN
ORD-004100-1,PO-004100,CUST-00765,2026-06-26,97804.49,OPEN
ORD-004100-2,PO-004100,CUST-01707,2026-06-26,48902.25,OPEN
ORD-004100-3,PO-004100,CUST-01378,2026-06-19,32601.5,OPEN
ORD-004101-1,PO-004101,CUST-02136,2026-08-24,116873.06,OPEN
ORD-004101-2,PO-004101,CUST-01573,2026-08-14,29218.26,OPEN
ORD-004101-3,PO-004101,CUST-01089,2026-08-20,58436.53,OPEN
ORD-004102-1,PO-004102,CUST-00506,2026-07-10,56751.31,OPEN
ORD-004102-2,PO-004102,CUST-00823,2026-07-04,28375.65,OPEN
ORD-004102-3,PO-004102,CUST-01101,2026-07-03,113502.61,OPEN
ORD-004102-4,PO-004102,CUST-01583,2026-07-04,56751.31,OPEN
ORD-004103-1,PO-004103,CUST-01704,2026-07-29,25616.39,OPEN
ORD-004103-2,PO-004103,CUST-02260,2026-07-22,19212.29,OPEN
ORD-004103-3,PO-004103,CUST-01482,2026-07-29,76849.16,OPEN
ORD-004104-1,PO-004104,CUST-01736,2026-06-18,73264.65,OPEN
ORD-004105-1,PO-004105,CUST-02175,2026-03-30,33113.83,OPEN
ORD-004105-2,PO-004105,CUST-02253,2026-04-01,22075.89,OPEN
ORD-004105-3,PO-004105,CUST-01950,2026-03-31,22075.89,OPEN
ORD-004105-4,PO-004105,CUST-02494,2026-04-06,22075.89,OPEN
ORD-004106-1,PO-004106,CUST-01826,2026-07-19,25315.87,OPEN
ORD-004106-2,PO-004106,CUST-00029,2026-07-22,25315.87,OPEN
ORD-004107-1,PO-004107,CUST-00581,2026-06-25,4792.8,OPEN
ORD-004107-2,PO-004107,CUST-01361,2026-06-25,2396.4,OPEN
ORD-004107-3,PO-004107,CUST-00577,2026-06-24,4792.8,OPEN
ORD-004108-1,PO-004108,CUST-01126,2026-05-15,108867.0,OPEN
ORD-004108-2,PO-004108,CUST-02045,2026-05-17,36289.0,OPEN
ORD-004109-1,PO-004109,CUST-02487,2026-05-20,51900.95,OPEN
ORD-004109-2,PO-004109,CUST-01092,2026-05-14,17300.32,OPEN
ORD-004110-1,PO-004110,CUST-01844,2026-07-05,41377.59,OPEN
ORD-004111-1,PO-004111,CUST-02499,2026-01-28,20179.75,OPEN
ORD-004111-2,PO-004111,CUST-00277,2026-02-04,13453.17,OPEN
ORD-004112-1,PO-004112,CUST-02397,2026-04-10,31570.07,OPEN
ORD-004113-1,PO-004113,CUST-00525,2026-05-21,3603.01,OPEN
ORD-004113-2,PO-004113,CUST-02229,2026-05-22,5404.52,OPEN
ORD-004114-1,PO-004114,CUST-00921,2026-08-29,46247.12,OPEN
ORD-004115-1,PO-004115,CUST-00321,2026-05-08,61373.45,OPEN
ORD-004116-1,PO-004116,CUST-00684,2026-06-23,2913.51,OPEN
ORD-004116-2,PO-004116,CUST-00533,2026-06-24,5827.02,OPEN
ORD-004116-3,PO-004116,CUST-02138,2026-06-22,1456.76,OPEN
ORD-004117-1,PO-004117,CUST-01699,2026-01-09,16502.92,OPEN
ORD-004117-2,PO-004117,CUST-00019,2026-01-08,33005.83,OPEN
ORD-004117-3,PO-004117,CUST-00416,2026-01-03,66011.67,OPEN
ORD-004118-1,PO-004118,CUST-01113,2026-01-18,66191.8,OPEN
ORD-004118-2,PO-004118,CUST-00708,2026-01-17,33095.9,OPEN
ORD-004119-1,PO-004119,CUST-02353,2026-05-21,119355.94,OPEN
ORD-004119-2,PO-004119,CUST-01863,2026-05-29,119355.94,OPEN
ORD-004120-1,PO-004120,CUST-01744,2026-05-01,21056.98,OPEN
ORD-004121-1,PO-004121,CUST-00339,2026-08-24,34792.14,OPEN
ORD-004121-2,PO-004121,CUST-01874,2026-08-25,69584.28,OPEN
ORD-004122-1,PO-004122,CUST-02212,2026-03-09,131705.23,OPEN
ORD-004122-2,PO-004122,CUST-01143,2026-03-16,131705.23,OPEN
ORD-004122-3,PO-004122,CUST-02077,2026-03-18,131705.23,OPEN
ORD-004122-4,PO-004122,CUST-00212,2026-03-10,65852.62,OPEN
ORD-004123-1,PO-004123,CUST-01643,2026-06-13,5536.45,OPEN
ORD-004123-2,PO-004123,CUST-00511,2026-06-11,5536.45,OPEN
ORD-004123-3,PO-004123,CUST-00149,2026-06-10,5536.45,OPEN
ORD-004123-4,PO-004123,CUST-02350,2026-06-06,22145.82,OPEN
ORD-004124-1,PO-004124,CUST-01939,2026-03-06,22248.23,OPEN
ORD-004124-2,PO-004124,CUST-01977,2026-03-06,22248.23,OPEN
ORD-004124-3,PO-004124,CUST-01087,2026-03-01,33372.35,OPEN
ORD-004124-4,PO-004124,CUST-01285,2026-03-09,16686.17,OPEN
ORD-004125-1,PO-004125,CUST-00698,2026-06-25,34110.0,OPEN
ORD-004125-2,PO-004125,CUST-00784,2026-06-23,34110.0,OPEN
ORD-004125-3,PO-004125,CUST-00641,2026-06-26,136440.02,OPEN
ORD-004125-4,PO-004125,CUST-00125,2026-06-24,136440.02,OPEN
ORD-004126-1,PO-004126,CUST-00385,2026-02-22,23472.68,OPEN
ORD-004126-2,PO-004126,CUST-00779,2026-02-15,93890.73,OPEN
ORD-004126-3,PO-004126,CUST-01906,2026-02-14,23472.68,OPEN
ORD-004127-1,PO-004127,CUST-02095,2026-02-22,4575.59,OPEN
ORD-004127-2,PO-004127,CUST-00925,2026-02-17,2287.79,OPEN
ORD-004127-3,PO-004127,CUST-01335,2026-02-17,4575.59,OPEN
ORD-004128-1,PO-004128,CUST-00194,2026-05-22,69653.14,OPEN
ORD-004128-2,PO-004128,CUST-01602,2026-05-27,69653.14,OPEN
ORD-004128-3,PO-004128,CUST-01960,2026-05-30,46435.43,OPEN
ORD-004128-4,PO-004128,CUST-00262,2026-05-21,46435.43,OPEN
ORD-004129-1,PO-004129,CUST-00878,2026-09-06,54872.02,OPEN
ORD-004129-2,PO-004129,CUST-00262,2026-08-31,27436.01,OPEN
ORD-004129-3,PO-004129,CUST-01456,2026-09-04,36581.35,OPEN
ORD-004129-4,PO-004129,CUST-00273,2026-09-03,54872.02,OPEN
ORD-004130-1,PO-004130,CUST-01308,2026-04-18,32497.44,OPEN
ORD-004130-2,PO-004130,CUST-00721,2026-04-20,129989.75,OPEN
ORD-004130-3,PO-004130,CUST-01661,2026-04-18,129989.75,OPEN
ORD-004131-1,PO-004131,CUST-01368,2026-05-26,37895.68,OPEN
ORD-004131-2,PO-004131,CUST-02367,2026-06-01,12631.89,OPEN
ORD-004131-3,PO-004131,CUST-01050,2026-05-28,12631.89,OPEN
ORD-004132-1,PO-004132,CUST-00772,2026-08-03,60975.11,OPEN
ORD-004132-2,PO-004132,CUST-00559,2026-08-12,121950.21,OPEN
ORD-004132-3,PO-004132,CUST-01803,2026-08-07,60975.11,OPEN
ORD-004133-1,PO-004133,CUST-00535,2026-01-14,7569.1,OPEN
ORD-004133-2,PO-004133,CUST-02329,2026-01-13,22707.3,OPEN
ORD-004133-3,PO-004133,CUST-01978,2026-01-14,5676.82,OPEN
ORD-004134-1,PO-004134,CUST-02320,2026-05-28,8884.12,OPEN
ORD-004134-2,PO-004134,CUST-02419,2026-05-27,26652.35,OPEN
ORD-004135-1,PO-004135,CUST-00301,2026-01-17,102606.5,OPEN
ORD-004135-2,PO-004135,CUST-01223,2026-01-17,51303.25,OPEN
ORD-004135-3,PO-004135,CUST-01898,2026-01-18,25651.62,OPEN
ORD-004136-1,PO-004136,CUST-00009,2026-03-20,56000.11,OPEN
ORD-004136-2,PO-004136,CUST-01990,2026-03-13,112000.23,OPEN
ORD-004136-3,PO-004136,CUST-01982,2026-03-12,56000.11,OPEN
ORD-004136-4,PO-004136,CUST-02102,2026-03-11,28000.06,OPEN
ORD-004137-1,PO-004137,CUST-01811,2026-03-20,9022.16,OPEN
ORD-004137-2,PO-004137,CUST-02101,2026-03-26,9022.16,OPEN
ORD-004138-1,PO-004138,CUST-01285,2026-01-27,6635.56,OPEN
ORD-004138-2,PO-004138,CUST-01310,2026-01-30,4423.7,OPEN
ORD-004138-3,PO-004138,CUST-00492,2026-01-27,6635.56,OPEN
ORD-004139-1,PO-004139,CUST-02049,2026-08-15,27989.61,OPEN
ORD-004140-1,PO-004140,CUST-02120,2026-06-25,108867.49,OPEN
ORD-004140-2,PO-004140,CUST-01219,2026-06-29,27216.87,OPEN
ORD-004140-3,PO-004140,CUST-02166,2026-06-21,36289.16,OPEN
ORD-004141-1,PO-004141,CUST-02215,2026-06-16,93396.62,OPEN
ORD-004142-1,PO-004142,CUST-00297,2026-09-03,104978.47,OPEN
ORD-004142-2,PO-004142,CUST-00058,2026-09-03,34992.82,OPEN
ORD-004142-3,PO-004142,CUST-00979,2026-09-02,104978.47,OPEN
ORD-004142-4,PO-004142,CUST-01630,2026-08-31,104978.47,OPEN
ORD-004143-1,PO-004143,CUST-02307,2026-03-01,14599.55,OPEN
ORD-004144-1,PO-004144,CUST-01588,2026-07-25,3191.98,OPEN
ORD-004144-2,PO-004144,CUST-00450,2026-07-28,3191.98,OPEN
ORD-004144-3,PO-004144,CUST-02433,2026-07-31,3191.98,OPEN
ORD-004144-4,PO-004144,CUST-00710,2026-07-23,3191.98,OPEN
ORD-004145-1,PO-004145,CUST-02379,2026-07-19,13663.57,OPEN
ORD-004145-2,PO-004145,CUST-00882,2026-07-13,10247.68,OPEN
ORD-004146-1,PO-004146,CUST-01820,2026-05-01,11441.74,OPEN
ORD-004147-1,PO-004147,CUST-00833,2026-07-19,5869.65,OPEN
ORD-004148-1,PO-004148,CUST-00378,2026-05-29,31476.01,OPEN
ORD-004148-2,PO-004148,CUST-01328,2026-05-26,125904.04,OPEN
ORD-004148-3,PO-004148,CUST-00525,2026-05-27,125904.04,OPEN
ORD-004148-4,PO-004148,CUST-01547,2026-05-23,62952.02,OPEN
ORD-004149-1,PO-004149,CUST-01983,2026-05-10,597.11,OPEN
ORD-004149-2,PO-004149,CUST-02018,2026-05-09,1194.22,OPEN
ORD-004149-3,PO-004149,CUST-02441,2026-05-03,796.15,OPEN
ORD-004150-1,PO-004150,CUST-01090,2026-06-09,18494.65,OPEN
ORD-004150-2,PO-004150,CUST-00331,2026-06-06,73978.62,OPEN
ORD-004150-3,PO-004150,CUST-00029,2026-06-07,73978.62,OPEN
ORD-004150-4,PO-004150,CUST-01963,2026-06-03,36989.31,OPEN
ORD-004151-1,PO-004151,CUST-00936,2026-02-24,22807.96,OPEN
ORD-004151-2,PO-004151,CUST-01785,2026-02-22,45615.92,OPEN
ORD-004151-3,PO-004151,CUST-00868,2026-02-25,22807.96,OPEN
ORD-004151-4,PO-004151,CUST-00828,2026-02-22,45615.92,OPEN
ORD-004152-1,PO-004152,CUST-01988,2026-03-09,21376.9,OPEN
ORD-004153-1,PO-004153,CUST-01573,2026-05-16,35733.81,OPEN
ORD-004153-2,PO-004153,CUST-00096,2026-05-19,107201.42,OPEN
ORD-004153-3,PO-004153,CUST-00629,2026-05-22,107201.42,OPEN
ORD-004153-4,PO-004153,CUST-01367,2026-05-18,35733.81,OPEN
ORD-004154-1,PO-004154,CUST-02132,2026-08-21,20630.92,OPEN
ORD-004155-1,PO-004155,CUST-00836,2026-01-25,132663.69,OPEN
ORD-004155-2,PO-004155,CUST-01762,2026-01-18,66331.85,OPEN
ORD-004155-3,PO-004155,CUST-00089,2026-01-22,44221.23,OPEN
ORD-004156-1,PO-004156,CUST-01594,2026-02-24,36045.44,OPEN
ORD-004156-2,PO-004156,CUST-01539,2026-02-21,108136.32,OPEN
ORD-004157-1,PO-004157,CUST-00223,2026-08-05,12677.68,OPEN
ORD-004157-2,PO-004157,CUST-00267,2026-07-28,12677.68,OPEN
ORD-004157-3,PO-004157,CUST-00170,2026-08-03,16903.58,OPEN
ORD-004158-1,PO-004158,CUST-00538,2026-03-29,5447.63,OPEN
ORD-004158-2,PO-004158,CUST-01120,2026-03-30,4085.72,OPEN
ORD-004158-3,PO-004158,CUST-00070,2026-03-30,5447.63,OPEN
ORD-004158-4,PO-004158,CUST-01060,2026-03-27,4085.72,OPEN
ORD-004159-1,PO-004159,CUST-02336,2026-08-14,116508.57,OPEN
ORD-004160-1,PO-004160,CUST-01192,2026-07-09,44567.72,OPEN
ORD-004160-2,PO-004160,CUST-01746,2026-07-04,133703.17,OPEN
ORD-004161-1,PO-004161,CUST-02443,2026-07-07,5282.59,OPEN
ORD-004161-2,PO-004161,CUST-00551,2026-07-07,5282.59,OPEN
ORD-004161-3,PO-004161,CUST-01899,2026-07-05,21130.36,OPEN
ORD-004162-1,PO-004162,CUST-00424,2026-05-19,25440.08,OPEN
ORD-004162-2,PO-004162,CUST-00478,2026-05-23,50880.16,OPEN
ORD-004162-3,PO-004162,CUST-01563,2026-05-23,50880.16,OPEN
ORD-004162-4,PO-004162,CUST-01128,2026-05-19,25440.08,OPEN
ORD-004163-1,PO-004163,CUST-01094,2026-07-02,25496.81,OPEN
ORD-004163-2,PO-004163,CUST-02314,2026-07-03,19122.61,OPEN
ORD-004163-3,PO-004163,CUST-01041,2026-07-05,76490.44,OPEN
ORD-004163-4,PO-004163,CUST-00576,2026-07-02,19122.61,OPEN
ORD-004164-1,PO-004164,CUST-00754,2026-03-24,36443.94,OPEN
ORD-004164-2,PO-004164,CUST-00344,2026-04-01,54665.92,OPEN
ORD-004164-3,PO-004164,CUST-00617,2026-03-25,109331.83,OPEN
ORD-004164-4,PO-004164,CUST-01373,2026-03-28,54665.92,OPEN
ORD-004165-1,PO-004165,CUST-00186,2026-02-06,12550.67,OPEN
ORD-004165-2,PO-004165,CUST-01690,2026-02-05,6275.34,OPEN
ORD-004165-3,PO-004165,CUST-02110,2026-01-31,12550.67,OPEN
ORD-004165-4,PO-004165,CUST-00287,2026-02-04,25101.35,OPEN
ORD-004166-1,PO-004166,CUST-01374,2026-01-14,13935.08,OPEN
ORD-004166-2,PO-004166,CUST-01827,2026-01-10,3483.77,OPEN
ORD-004167-1,PO-004167,CUST-01665,2026-01-19,33506.0,OPEN
ORD-004167-2,PO-004167,CUST-00104,2026-01-25,134024.02,OPEN
ORD-004167-3,PO-004167,CUST-00640,2026-01-26,44674.67,OPEN
ORD-004168-1,PO-004168,CUST-01133,2026-08-17,4209.31,OPEN
ORD-004168-2,PO-004168,CUST-02291,2026-08-20,8418.61,OPEN
ORD-004168-3,PO-004168,CUST-00856,2026-08-15,8418.61,OPEN
ORD-004169-1,PO-004169,CUST-01506,2026-03-02,20863.61,OPEN
ORD-004170-1,PO-004170,CUST-00156,2026-03-31,30837.42,OPEN
ORD-004170-2,PO-004170,CUST-02146,2026-04-01,61674.85,OPEN
ORD-004170-3,PO-004170,CUST-00599,2026-03-30,61674.85,OPEN
ORD-004170-4,PO-004170,CUST-00382,2026-04-03,123349.7,OPEN
ORD-004171-1,PO-004171,CUST-00375,2026-02-25,23106.37,OPEN
ORD-004171-2,PO-004171,CUST-00419,2026-02-16,30808.49,OPEN
ORD-004171-3,PO-004171,CUST-01057,2026-02-18,23106.37,OPEN
ORD-004172-1,PO-004172,CUST-00150,2026-02-10,29960.5,OPEN
ORD-004172-2,PO-004172,CUST-01832,2026-02-08,39947.33,OPEN
ORD-004172-3,PO-004172,CUST-01580,2026-02-06,39947.33,OPEN
ORD-004172-4,PO-004172,CUST-02035,2026-02-10,39947.33,OPEN
ORD-004173-1,PO-004173,CUST-02090,2026-08-10,37470.88,OPEN
ORD-004173-2,PO-004173,CUST-02374,2026-08-15,149883.53,OPEN
ORD-004173-3,PO-004173,CUST-02403,2026-08-14,149883.53,OPEN
ORD-004174-1,PO-004174,CUST-00549,2026-04-08,14181.73,OPEN
ORD-004174-2,PO-004174,CUST-00954,2026-04-03,56726.93,OPEN
ORD-004175-1,PO-004175,CUST-00665,2026-01-10,76622.98,OPEN
ORD-004175-2,PO-004175,CUST-01716,2026-01-14,19155.74,OPEN
ORD-004176-1,PO-004176,CUST-00368,2026-05-28,32688.33,OPEN
ORD-004177-1,PO-004177,CUST-00721,2026-01-09,35371.11,OPEN
ORD-004177-2,PO-004177,CUST-00473,2026-01-07,23580.74,OPEN
ORD-004177-3,PO-004177,CUST-01058,2026-01-02,35371.11,OPEN
ORD-004177-4,PO-004177,CUST-01799,2026-01-11,70742.21,OPEN
ORD-004178-1,PO-004178,CUST-01371,2026-06-27,94191.22,OPEN
ORD-004178-2,PO-004178,CUST-01262,2026-06-27,47095.61,OPEN
ORD-004178-3,PO-004178,CUST-01165,2026-06-20,23547.81,OPEN
ORD-004178-4,PO-004178,CUST-00853,2026-06-17,23547.81,OPEN
ORD-004179-1,PO-004179,CUST-02386,2026-05-28,23429.44,OPEN
ORD-004179-2,PO-004179,CUST-00262,2026-05-29,93717.76,OPEN
ORD-004179-3,PO-004179,CUST-01102,2026-05-30,23429.44,OPEN
ORD-004179-4,PO-004179,CUST-01768,2026-05-30,93717.76,OPEN
ORD-004180-1,PO-004180,CUST-02335,2026-08-01,36016.87,OPEN
ORD-004180-2,PO-004180,CUST-02095,2026-08-02,48022.49,OPEN
ORD-004180-3,PO-004180,CUST-01869,2026-08-09,72033.74,OPEN
ORD-004181-1,PO-004181,CUST-00636,2026-09-01,46940.52,OPEN
ORD-004182-1,PO-004182,CUST-00992,2026-05-08,4543.56,OPEN
ORD-004182-2,PO-004182,CUST-00271,2026-05-06,9087.12,OPEN
ORD-004183-1,PO-004183,CUST-01720,2026-07-25,52180.64,OPEN
ORD-004183-2,PO-004183,CUST-00162,2026-07-25,26090.32,OPEN
ORD-004183-3,PO-004183,CUST-01491,2026-07-25,34787.09,OPEN
ORD-004183-4,PO-004183,CUST-00986,2026-07-17,104361.28,OPEN
ORD-004184-1,PO-004184,CUST-00412,2026-07-22,27136.75,OPEN
ORD-004184-2,PO-004184,CUST-01458,2026-07-17,20352.56,OPEN
ORD-004185-1,PO-004185,CUST-01039,2026-03-14,17523.13,OPEN
ORD-004186-1,PO-004186,CUST-00813,2026-03-01,76485.67,OPEN
ORD-004187-1,PO-004187,CUST-01130,2026-03-22,13362.54,OPEN
ORD-004188-1,PO-004188,CUST-00750,2026-07-08,13712.86,OPEN
ORD-004188-2,PO-004188,CUST-00559,2026-07-07,20569.28,OPEN
ORD-004188-3,PO-004188,CUST-00039,2026-07-11,20569.28,OPEN
ORD-004189-1,PO-004189,CUST-02082,2026-06-30,4069.61,OPEN
ORD-004189-2,PO-004189,CUST-01324,2026-07-01,5426.14,OPEN
ORD-004190-1,PO-004190,CUST-01104,2026-07-21,86039.78,OPEN
ORD-004190-2,PO-004190,CUST-01733,2026-07-15,43019.89,OPEN
ORD-004190-3,PO-004190,CUST-01926,2026-07-15,86039.78,OPEN
ORD-004190-4,PO-004190,CUST-02184,2026-07-20,86039.78,OPEN
ORD-004191-1,PO-004191,CUST-01024,2026-03-13,39806.42,OPEN
ORD-004192-1,PO-004192,CUST-00908,2026-02-11,12460.9,OPEN
ORD-004192-2,PO-004192,CUST-01263,2026-02-04,8307.27,OPEN
ORD-004192-3,PO-004192,CUST-02063,2026-02-02,12460.9,OPEN
ORD-004193-1,PO-004193,CUST-01308,2026-04-22,49117.71,OPEN
ORD-004193-2,PO-004193,CUST-00740,2026-04-26,32745.14,OPEN
ORD-004194-1,PO-004194,CUST-01175,2026-01-22,57361.94,OPEN
ORD-004194-2,PO-004194,CUST-00551,2026-01-27,14340.49,OPEN
ORD-004195-1,PO-004195,CUST-02342,2026-03-05,25244.68,OPEN
ORD-004195-2,PO-004195,CUST-00901,2026-03-10,75734.03,OPEN
ORD-004195-3,PO-004195,CUST-01121,2026-03-07,25244.68,OPEN
ORD-004196-1,PO-004196,CUST-00507,2026-07-30,129951.0,OPEN
ORD-004196-2,PO-004196,CUST-00594,2026-07-21,64975.5,OPEN
ORD-004197-1,PO-004197,CUST-01719,2026-02-06,32084.26,OPEN
ORD-004198-1,PO-004198,CUST-00895,2026-02-24,63034.19,OPEN
ORD-004199-1,PO-004199,CUST-01821,2026-08-27,121131.58,OPEN
ORD-004200-1,PO-004200,CUST-00152,2026-01-28,45002.29,OPEN
ORD-004200-2,PO-004200,CUST-00235,2026-01-28,135006.86,OPEN
ORD-004200-3,PO-004200,CUST-01355,2026-01-26,33751.71,OPEN
ORD-004201-1,PO-004201,CUST-00987,2026-06-11,18797.6,OPEN
ORD-004201-2,PO-004201,CUST-01759,2026-06-15,12531.74,OPEN
ORD-004202-1,PO-004202,CUST-02143,2026-04-26,46348.94,OPEN
ORD-004203-1,PO-004203,CUST-01675,2026-05-07,135311.43,OPEN
ORD-004203-2,PO-004203,CUST-01970,2026-05-10,135311.43,OPEN
ORD-004203-3,PO-004203,CUST-01493,2026-05-06,67655.71,OPEN
ORD-004204-1,PO-004204,CUST-00547,2026-01-13,22625.63,OPEN
ORD-004204-2,PO-004204,CUST-00285,2026-01-18,90502.52,OPEN
ORD-004204-3,PO-004204,CUST-00188,2026-01-11,30167.51,OPEN
ORD-004204-4,PO-004204,CUST-00534,2026-01-19,45251.26,OPEN
ORD-004205-1,PO-004205,CUST-02069,2026-05-19,16154.76,OPEN
ORD-004206-1,PO-004206,CUST-01964,2026-03-02,10332.53,OPEN
ORD-004206-2,PO-004206,CUST-00050,2026-03-01,10332.53,OPEN
ORD-004207-1,PO-004207,CUST-01948,2026-08-25,23652.38,OPEN
ORD-004207-2,PO-004207,CUST-01675,2026-08-16,47304.76,OPEN
ORD-004207-3,PO-004207,CUST-01656,2026-08-25,31536.51,OPEN
ORD-004207-4,PO-004207,CUST-00764,2026-08-16,94609.53,OPEN
ORD-004208-1,PO-004208,CUST-01254,2026-02-14,14973.86,OPEN
ORD-004208-2,PO-004208,CUST-00577,2026-02-16,7486.93,OPEN
ORD-004208-3,PO-004208,CUST-01624,2026-02-24,14973.86,OPEN
ORD-004208-4,PO-004208,CUST-02207,2026-02-15,9982.58,OPEN
ORD-004209-1,PO-004209,CUST-01553,2026-04-05,42863.35,OPEN
ORD-004210-1,PO-004210,CUST-01168,2026-06-07,28545.46,OPEN
ORD-004211-1,PO-004211,CUST-02461,2026-05-07,62399.06,OPEN
ORD-004211-2,PO-004211,CUST-00568,2026-05-07,41599.37,OPEN
ORD-004212-1,PO-004212,CUST-01678,2026-07-17,32541.26,OPEN
ORD-004212-2,PO-004212,CUST-00230,2026-07-21,32541.26,OPEN
ORD-004212-3,PO-004212,CUST-01388,2026-07-16,130165.06,OPEN
ORD-004212-4,PO-004212,CUST-00853,2026-07-24,32541.26,OPEN
ORD-004213-1,PO-004213,CUST-01576,2026-05-15,61866.92,OPEN
ORD-004213-2,PO-004213,CUST-00989,2026-05-19,61866.92,OPEN
ORD-004213-3,PO-004213,CUST-01798,2026-05-19,123733.83,OPEN
ORD-004213-4,PO-004213,CUST-00163,2026-05-11,30933.46,OPEN
ORD-004214-1,PO-004214,CUST-01415,2026-01-27,20097.66,OPEN
ORD-004215-1,PO-004215,CUST-00064,2026-08-22,57739.4,OPEN
ORD-004215-2,PO-004215,CUST-00837,2026-08-21,28869.7,OPEN
ORD-004215-3,PO-004215,CUST-00314,2026-08-19,28869.7,OPEN
ORD-004215-4,PO-004215,CUST-00704,2026-08-23,115478.8,OPEN
ORD-004216-1,PO-004216,CUST-00903,2026-06-13,9400.07,OPEN
ORD-004216-2,PO-004216,CUST-01977,2026-06-14,9400.07,OPEN
ORD-004216-3,PO-004216,CUST-01167,2026-06-17,18800.13,OPEN
ORD-004217-1,PO-004217,CUST-00451,2026-04-20,63546.26,OPEN
ORD-004217-2,PO-004217,CUST-00143,2026-04-19,127092.52,OPEN
ORD-004218-1,PO-004218,CUST-00354,2026-06-15,24651.31,OPEN
ORD-004218-2,PO-004218,CUST-01341,2026-06-21,24651.31,OPEN
ORD-004218-3,PO-004218,CUST-00033,2026-06-23,73953.94,OPEN
ORD-004219-1,PO-004219,CUST-02268,2026-06-23,3511.9,OPEN
ORD-004219-2,PO-004219,CUST-00636,2026-06-23,1755.95,OPEN
ORD-004219-3,PO-004219,CUST-00222,2026-06-13,1755.95,OPEN
ORD-004219-4,PO-004219,CUST-00272,2026-06-16,877.98,OPEN
ORD-004220-1,PO-004220,CUST-01446,2026-02-08,54622.39,OPEN
ORD-004220-2,PO-004220,CUST-00680,2026-02-16,109244.77,OPEN
ORD-004220-3,PO-004220,CUST-00119,2026-02-08,27311.19,OPEN
ORD-004220-4,PO-004220,CUST-01523,2026-02-15,54622.39,OPEN
ORD-004221-1,PO-004221,CUST-00860,2026-01-24,14713.37,OPEN
ORD-004221-2,PO-004221,CUST-00227,2026-01-23,14713.37,OPEN
ORD-004222-1,PO-004222,CUST-01006,2026-01-21,35139.22,OPEN
ORD-004223-1,PO-004223,CUST-01956,2026-03-17,21061.38,OPEN
ORD-004223-2,PO-004223,CUST-01591,2026-03-15,21061.38,OPEN
ORD-004224-1,PO-004224,CUST-00089,2026-02-15,17882.64,OPEN
ORD-004224-2,PO-004224,CUST-01043,2026-02-12,71530.57,OPEN
ORD-004224-3,PO-004224,CUST-00226,2026-02-13,23843.52,OPEN
ORD-004224-4,PO-004224,CUST-00768,2026-02-11,23843.52,OPEN
ORD-004225-1,PO-004225,CUST-01318,2026-02-07,42636.95,OPEN
ORD-004226-1,PO-004226,CUST-01039,2026-01-09,34198.18,OPEN
ORD-004227-1,PO-004227,CUST-00011,2026-06-05,11608.88,OPEN
ORD-004227-2,PO-004227,CUST-02491,2026-06-05,11608.88,OPEN
ORD-004227-3,PO-004227,CUST-00695,2026-06-04,23217.76,OPEN
ORD-004228-1,PO-004228,CUST-00601,2026-04-26,22066.44,OPEN
ORD-004228-2,PO-004228,CUST-00499,2026-04-30,66199.31,OPEN
ORD-004228-3,PO-004228,CUST-00644,2026-05-01,66199.31,OPEN
ORD-004229-1,PO-004229,CUST-00505,2026-02-12,9995.5,OPEN
ORD-004230-1,PO-004230,CUST-00743,2026-04-15,14210.87,OPEN
ORD-004230-2,PO-004230,CUST-00205,2026-04-20,14210.87,OPEN
ORD-004230-3,PO-004230,CUST-00199,2026-04-20,14210.87,OPEN
ORD-004231-1,PO-004231,CUST-00794,2026-05-08,40487.18,OPEN
ORD-004231-2,PO-004231,CUST-01785,2026-05-04,40487.18,OPEN
ORD-004231-3,PO-004231,CUST-02228,2026-05-04,13495.73,OPEN
ORD-004231-4,PO-004231,CUST-01278,2026-05-06,10121.8,OPEN
ORD-004232-1,PO-004232,CUST-00440,2026-04-30,11328.34,OPEN
ORD-004233-1,PO-004233,CUST-00619,2026-05-17,43249.99,OPEN
ORD-004233-2,PO-004233,CUST-00954,2026-05-20,21624.99,OPEN
ORD-004233-3,PO-004233,CUST-01333,2026-05-24,86499.98,OPEN
ORD-004234-1,PO-004234,CUST-01031,2026-01-07,44085.89,OPEN
ORD-004234-2,PO-004234,CUST-01765,2026-01-10,44085.89,OPEN
ORD-004235-1,PO-004235,CUST-00288,2026-05-17,10342.2,OPEN
ORD-004236-1,PO-004236,CUST-01167,2026-01-16,5291.8,OPEN
ORD-004236-2,PO-004236,CUST-01400,2026-01-18,5291.8,OPEN
ORD-004237-1,PO-004237,CUST-01589,2026-07-19,71599.38,OPEN
ORD-004238-1,PO-004238,CUST-00153,2026-08-13,26088.23,OPEN
ORD-004238-2,PO-004238,CUST-00340,2026-08-07,39132.34,OPEN
ORD-004238-3,PO-004238,CUST-01835,2026-08-13,26088.23,OPEN
ORD-004239-1,PO-004239,CUST-00249,2026-06-13,36333.8,OPEN
ORD-004239-2,PO-004239,CUST-00546,2026-06-12,72667.6,OPEN
ORD-004239-3,PO-004239,CUST-01533,2026-06-08,48445.07,OPEN
ORD-004239-4,PO-004239,CUST-00143,2026-06-18,72667.6,OPEN
ORD-004240-1,PO-004240,CUST-01284,2026-04-21,58413.25,OPEN
ORD-004240-2,PO-004240,CUST-00131,2026-04-25,58413.25,OPEN
ORD-004240-3,PO-004240,CUST-01692,2026-04-24,29206.62,OPEN
ORD-004240-4,PO-004240,CUST-01034,2026-04-19,38942.17,OPEN
ORD-004241-1,PO-004241,CUST-00231,2026-04-07,8374.25,OPEN
ORD-004242-1,PO-004242,CUST-01059,2026-04-20,13602.09,OPEN
ORD-004242-2,PO-004242,CUST-01928,2026-04-13,6801.05,OPEN
ORD-004243-1,PO-004243,CUST-01782,2026-01-22,32523.66,OPEN
ORD-004243-2,PO-004243,CUST-01363,2026-01-27,21682.44,OPEN
ORD-004244-1,PO-004244,CUST-00032,2026-04-16,66802.88,OPEN
ORD-004245-1,PO-004245,CUST-00084,2026-07-05,15940.43,OPEN
ORD-004246-1,PO-004246,CUST-02483,2026-05-23,23022.24,OPEN
ORD-004247-1,PO-004247,CUST-02288,2026-06-10,49094.38,OPEN
ORD-004247-2,PO-004247,CUST-01012,2026-06-16,49094.38,OPEN
ORD-004247-3,PO-004247,CUST-00398,2026-06-16,98188.75,OPEN
ORD-004248-1,PO-004248,CUST-02139,2026-04-20,7649.24,OPEN
ORD-004249-1,PO-004249,CUST-01365,2026-06-02,34313.88,OPEN
ORD-004249-2,PO-004249,CUST-00227,2026-06-01,34313.88,OPEN
ORD-004249-3,PO-004249,CUST-01508,2026-06-03,102941.64,OPEN
ORD-004250-1,PO-004250,CUST-00898,2026-03-07,32593.74,OPEN
ORD-004250-2,PO-004250,CUST-00418,2026-03-09,43458.32,OPEN
ORD-004251-1,PO-004251,CUST-01491,2026-02-09,28756.17,OPEN
ORD-004251-2,PO-004251,CUST-02265,2026-02-15,14378.08,OPEN
ORD-004251-3,PO-004251,CUST-00996,2026-02-13,14378.08,OPEN
ORD-004252-1,PO-004252,CUST-01337,2026-03-02,100449.53,OPEN
ORD-004252-2,PO-004252,CUST-02329,2026-03-03,33483.18,OPEN
ORD-004252-3,PO-004252,CUST-02120,2026-02-23,33483.18,OPEN
ORD-004253-1,PO-004253,CUST-01233,2026-01-22,13205.96,OPEN
ORD-004253-2,PO-004253,CUST-00215,2026-01-25,26411.92,OPEN
ORD-004253-3,PO-004253,CUST-01201,2026-01-21,13205.96,OPEN
ORD-004253-4,PO-004253,CUST-00246,2026-01-22,13205.96,OPEN
ORD-004254-1,PO-004254,CUST-01107,2026-03-20,46357.24,OPEN
ORD-004254-2,PO-004254,CUST-01866,2026-03-14,69535.87,OPEN
ORD-004255-1,PO-004255,CUST-00999,2026-05-11,3331.2,OPEN
ORD-004255-2,PO-004255,CUST-00045,2026-05-18,832.8,OPEN
ORD-004255-3,PO-004255,CUST-02020,2026-05-12,3331.2,OPEN
ORD-004255-4,PO-004255,CUST-01359,2026-05-18,3331.2,OPEN
ORD-004256-1,PO-004256,CUST-00286,2026-02-27,3851.05,OPEN
ORD-004257-1,PO-004257,CUST-01021,2026-08-22,47979.99,OPEN
ORD-004257-2,PO-004257,CUST-00479,2026-08-23,47979.99,OPEN
ORD-004257-3,PO-004257,CUST-00279,2026-08-29,11995.0,OPEN
ORD-004258-1,PO-004258,CUST-02032,2026-08-23,23701.18,OPEN
ORD-004259-1,PO-004259,CUST-01598,2026-05-28,25709.49,OPEN
ORD-004259-2,PO-004259,CUST-00159,2026-06-02,51418.98,OPEN
ORD-004259-3,PO-004259,CUST-01490,2026-05-27,51418.98,OPEN
ORD-004260-1,PO-004260,CUST-00206,2026-06-05,27812.94,OPEN
ORD-004261-1,PO-004261,CUST-01923,2026-03-14,53436.04,OPEN
ORD-004262-1,PO-004262,CUST-00540,2026-08-04,11355.42,OPEN
ORD-004262-2,PO-004262,CUST-01806,2026-08-10,45421.67,OPEN
ORD-004263-1,PO-004263,CUST-01974,2026-05-11,7607.4,OPEN
ORD-004263-2,PO-004263,CUST-00818,2026-05-06,3803.7,OPEN
ORD-004264-1,PO-004264,CUST-01390,2026-02-06,28678.31,OPEN
ORD-004264-2,PO-004264,CUST-00120,2026-02-05,57356.63,OPEN
ORD-004265-1,PO-004265,CUST-00729,2026-01-09,9534.74,OPEN
ORD-004265-2,PO-004265,CUST-01940,2026-01-07,9534.74,OPEN
ORD-004266-1,PO-004266,CUST-02477,2026-03-16,11216.31,OPEN
ORD-004266-2,PO-004266,CUST-01397,2026-03-12,44865.25,OPEN
ORD-004266-3,PO-004266,CUST-00452,2026-03-16,44865.25,OPEN
ORD-004267-1,PO-004267,CUST-00040,2026-04-05,25739.13,OPEN
ORD-004267-2,PO-004267,CUST-02201,2026-03-31,12869.57,OPEN
ORD-004267-3,PO-004267,CUST-00773,2026-04-05,25739.13,OPEN
ORD-004267-4,PO-004267,CUST-00091,2026-04-04,25739.13,OPEN
ORD-004268-1,PO-004268,CUST-02053,2026-08-17,14046.51,OPEN
ORD-004268-2,PO-004268,CUST-01653,2026-08-16,21069.76,OPEN
ORD-004268-3,PO-004268,CUST-00082,2026-08-19,14046.51,OPEN
ORD-004269-1,PO-004269,CUST-01324,2026-07-12,2121.4,OPEN
ORD-004269-2,PO-004269,CUST-00656,2026-07-13,4242.81,OPEN
ORD-004269-3,PO-004269,CUST-01537,2026-07-08,2828.54,OPEN
ORD-004270-1,PO-004270,CUST-01785,2026-02-11,22120.4,OPEN
ORD-004271-1,PO-004271,CUST-00558,2026-06-19,13540.05,OPEN
ORD-004271-2,PO-004271,CUST-01873,2026-06-20,27080.1,OPEN
ORD-004271-3,PO-004271,CUST-01028,2026-06-18,27080.1,OPEN
ORD-004271-4,PO-004271,CUST-02129,2026-06-13,18053.4,OPEN
ORD-004272-1,PO-004272,CUST-00250,2026-04-20,25222.39,OPEN
ORD-004273-1,PO-004273,CUST-01713,2026-03-16,67989.92,OPEN
ORD-004274-1,PO-004274,CUST-02295,2026-04-28,7274.04,OPEN
ORD-004274-2,PO-004274,CUST-00078,2026-04-30,29096.17,OPEN
ORD-004274-3,PO-004274,CUST-02440,2026-04-28,29096.17,OPEN
ORD-004275-1,PO-004275,CUST-02289,2026-04-28,61184.59,OPEN
ORD-004275-2,PO-004275,CUST-00045,2026-05-02,20394.86,OPEN
ORD-004275-3,PO-004275,CUST-02349,2026-04-26,61184.59,OPEN
ORD-004276-1,PO-004276,CUST-00071,2026-06-01,29575.0,OPEN
ORD-004276-2,PO-004276,CUST-00229,2026-05-29,59150.0,OPEN
ORD-004277-1,PO-004277,CUST-01215,2026-03-04,10627.77,OPEN
ORD-004277-2,PO-004277,CUST-02064,2026-03-05,5313.89,OPEN
ORD-004277-3,PO-004277,CUST-02077,2026-02-28,10627.77,OPEN
ORD-004278-1,PO-004278,CUST-01333,2026-05-12,15469.79,OPEN
ORD-004278-2,PO-004278,CUST-02168,2026-05-07,23204.69,OPEN
ORD-004279-1,PO-004279,CUST-01932,2026-08-25,51997.58,OPEN
ORD-004280-1,PO-004280,CUST-00561,2026-03-05,9781.05,OPEN
ORD-004280-2,PO-004280,CUST-01855,2026-03-07,9781.05,OPEN
ORD-004281-1,PO-004281,CUST-01777,2026-02-09,47690.88,OPEN
ORD-004281-2,PO-004281,CUST-00570,2026-02-19,31793.92,OPEN
ORD-004281-3,PO-004281,CUST-02148,2026-02-10,95381.76,OPEN
ORD-004281-4,PO-004281,CUST-02390,2026-02-09,23845.44,OPEN
ORD-004282-1,PO-004282,CUST-00786,2026-04-05,7156.28,OPEN
ORD-004282-2,PO-004282,CUST-01652,2026-04-04,14312.56,OPEN
ORD-004283-1,PO-004283,CUST-01094,2026-04-26,82190.17,OPEN
ORD-004283-2,PO-004283,CUST-01799,2026-04-30,82190.17,OPEN
ORD-004284-1,PO-004284,CUST-02382,2026-07-17,32188.34,OPEN
ORD-004284-2,PO-004284,CUST-01944,2026-07-08,32188.34,OPEN
ORD-004284-3,PO-004284,CUST-01842,2026-07-13,16094.17,OPEN
ORD-004284-4,PO-004284,CUST-00099,2026-07-15,32188.34,OPEN
ORD-004285-1,PO-004285,CUST-01174,2026-02-16,27589.7,OPEN
ORD-004285-2,PO-004285,CUST-02011,2026-02-20,55179.39,OPEN
ORD-004285-3,PO-004285,CUST-00291,2026-02-17,55179.39,OPEN
ORD-004285-4,PO-004285,CUST-01058,2026-02-24,27589.7,OPEN
ORD-004286-1,PO-004286,CUST-00605,2026-04-27,26733.31,OPEN
ORD-004287-1,PO-004287,CUST-00047,2026-01-25,2109.82,OPEN
ORD-004287-2,PO-004287,CUST-02114,2026-01-24,2109.82,OPEN
ORD-004287-3,PO-004287,CUST-02036,2026-01-23,6329.46,OPEN
ORD-004288-1,PO-004288,CUST-00999,2026-05-13,21992.96,OPEN
ORD-004288-2,PO-004288,CUST-00962,2026-05-09,21992.96,OPEN
ORD-004288-3,PO-004288,CUST-00815,2026-05-10,21992.96,OPEN
ORD-004288-4,PO-004288,CUST-00619,2026-05-11,10996.48,OPEN
ORD-004289-1,PO-004289,CUST-02051,2026-02-13,19395.97,OPEN
ORD-004289-2,PO-004289,CUST-02135,2026-02-22,58187.91,OPEN
ORD-004290-1,PO-004290,CUST-02202,2026-06-12,18013.0,OPEN
ORD-004290-2,PO-004290,CUST-01042,2026-06-05,27019.51,OPEN
ORD-004291-1,PO-004291,CUST-02396,2026-06-03,31245.49,OPEN
ORD-004291-2,PO-004291,CUST-01044,2026-06-04,41660.65,OPEN
ORD-004291-3,PO-004291,CUST-01029,2026-06-04,124981.94,OPEN
ORD-004292-1,PO-004292,CUST-01858,2026-03-21,25462.28,OPEN
ORD-004293-1,PO-004293,CUST-02013,2026-05-16,47886.05,OPEN
ORD-004293-2,PO-004293,CUST-00510,2026-05-13,11971.51,OPEN
ORD-004293-3,PO-004293,CUST-02101,2026-05-09,11971.51,OPEN
ORD-004293-4,PO-004293,CUST-00154,2026-05-13,15962.02,OPEN
ORD-004294-1,PO-004294,CUST-00632,2026-02-10,6820.49,OPEN
ORD-004294-2,PO-004294,CUST-01617,2026-02-04,5115.37,OPEN
ORD-004294-3,PO-004294,CUST-01617,2026-02-13,5115.37,OPEN
ORD-004295-1,PO-004295,CUST-01810,2026-06-30,7848.19,OPEN
ORD-004295-2,PO-004295,CUST-01626,2026-06-28,15696.37,OPEN
ORD-004295-3,PO-004295,CUST-01015,2026-07-02,7848.19,OPEN
ORD-004296-1,PO-004296,CUST-02036,2026-02-05,6919.38,OPEN
ORD-004296-2,PO-004296,CUST-00234,2026-02-10,9225.84,OPEN
ORD-004296-3,PO-004296,CUST-01622,2026-02-05,27677.51,OPEN
ORD-004297-1,PO-004297,CUST-01757,2026-08-06,4406.3,OPEN
ORD-004298-1,PO-004298,CUST-01059,2026-05-03,50221.08,OPEN
ORD-004298-2,PO-004298,CUST-01776,2026-04-27,33480.72,OPEN
ORD-004299-1,PO-004299,CUST-01900,2026-08-19,15129.28,OPEN
ORD-004299-2,PO-004299,CUST-01579,2026-08-29,15129.28,OPEN
ORD-004299-3,PO-004299,CUST-00936,2026-08-23,30258.56,OPEN
ORD-004300-1,PO-004300,CUST-00724,2026-05-19,146020.05,OPEN
ORD-004301-1,PO-004301,CUST-00717,2026-04-15,24768.56,OPEN
ORD-004301-2,PO-004301,CUST-01902,2026-04-16,24768.56,OPEN
ORD-004302-1,PO-004302,CUST-00040,2026-04-01,26650.43,OPEN
ORD-004302-2,PO-004302,CUST-00255,2026-03-30,79951.28,OPEN
ORD-004302-3,PO-004302,CUST-01084,2026-03-30,39975.64,OPEN
ORD-004302-4,PO-004302,CUST-01974,2026-04-04,19987.82,OPEN
ORD-004303-1,PO-004303,CUST-00998,2026-06-12,39995.19,OPEN
ORD-004303-2,PO-004303,CUST-00836,2026-06-14,39995.19,OPEN
ORD-004303-3,PO-004303,CUST-01794,2026-06-14,26663.46,OPEN
ORD-004304-1,PO-004304,CUST-01010,2026-01-21,23571.01,OPEN
ORD-004304-2,PO-004304,CUST-00325,2026-01-17,23571.01,OPEN
ORD-004305-1,PO-004305,CUST-00719,2026-05-13,118726.38,OPEN
ORD-004305-2,PO-004305,CUST-01357,2026-05-04,59363.19,OPEN
ORD-004305-3,PO-004305,CUST-00004,2026-05-05,59363.19,OPEN
ORD-004305-4,PO-004305,CUST-01396,2026-05-11,39575.46,OPEN
ORD-004306-1,PO-004306,CUST-00544,2026-01-03,43286.95,OPEN
ORD-004306-2,PO-004306,CUST-00134,2026-01-03,10821.74,OPEN
ORD-004306-3,PO-004306,CUST-01606,2026-01-04,43286.95,OPEN
ORD-004306-4,PO-004306,CUST-00145,2026-01-09,43286.95,OPEN
ORD-004307-1,PO-004307,CUST-01839,2026-01-24,7972.95,OPEN
ORD-004307-2,PO-004307,CUST-01674,2026-01-14,5315.3,OPEN
ORD-004307-3,PO-004307,CUST-00790,2026-01-22,3986.48,OPEN
ORD-004308-1,PO-004308,CUST-01077,2026-02-14,43469.78,OPEN
ORD-004309-1,PO-004309,CUST-02222,2026-07-07,54276.54,OPEN
ORD-004309-2,PO-004309,CUST-01702,2026-07-10,13569.14,OPEN
ORD-004310-1,PO-004310,CUST-00517,2026-02-25,19891.41,OPEN
ORD-004310-2,PO-004310,CUST-00339,2026-02-21,26521.88,OPEN
ORD-004311-1,PO-004311,CUST-02291,2026-02-03,20453.33,OPEN
ORD-004311-2,PO-004311,CUST-02330,2026-02-01,20453.33,OPEN
ORD-004311-3,PO-004311,CUST-02444,2026-01-29,20453.33,OPEN
ORD-004311-4,PO-004311,CUST-02190,2026-01-31,20453.33,OPEN
ORD-004312-1,PO-004312,CUST-00486,2026-07-14,51682.61,OPEN
ORD-004312-2,PO-004312,CUST-02154,2026-07-19,34455.08,OPEN
ORD-004312-3,PO-004312,CUST-02136,2026-07-15,34455.08,OPEN
ORD-004312-4,PO-004312,CUST-00477,2026-07-09,34455.08,OPEN
ORD-004313-1,PO-004313,CUST-00643,2026-07-25,138887.8,OPEN
ORD-004313-2,PO-004313,CUST-01320,2026-07-29,69443.9,OPEN
ORD-004313-3,PO-004313,CUST-02265,2026-08-03,34721.95,OPEN
ORD-004314-1,PO-004314,CUST-01810,2026-04-02,10271.6,OPEN
ORD-004314-2,PO-004314,CUST-00148,2026-04-05,5135.8,OPEN
ORD-004314-3,PO-004314,CUST-00330,2026-04-04,20543.2,OPEN
ORD-004314-4,PO-004314,CUST-01653,2026-04-09,10271.6,OPEN
ORD-004315-1,PO-004315,CUST-00741,2026-06-11,59771.22,OPEN
ORD-004316-1,PO-004316,CUST-00196,2026-04-26,24598.21,OPEN
ORD-004316-2,PO-004316,CUST-00489,2026-04-28,36897.32,OPEN
ORD-004316-3,PO-004316,CUST-00581,2026-04-23,73794.63,OPEN
ORD-004316-4,PO-004316,CUST-01616,2026-04-23,73794.63,OPEN
ORD-004317-1,PO-004317,CUST-01845,2026-06-29,50847.86,OPEN
ORD-004317-2,PO-004317,CUST-02483,2026-06-25,101695.73,OPEN
ORD-004318-1,PO-004318,CUST-01571,2026-03-07,24186.13,OPEN
ORD-004318-2,PO-004318,CUST-02382,2026-03-08,24186.13,OPEN
ORD-004319-1,PO-004319,CUST-00540,2026-08-24,48589.4,OPEN
ORD-004320-1,PO-004320,CUST-00039,2026-02-25,75517.02,OPEN
ORD-004320-2,PO-004320,CUST-00226,2026-03-05,18879.26,OPEN
ORD-004321-1,PO-004321,CUST-00462,2026-01-22,10807.56,OPEN
ORD-004321-2,PO-004321,CUST-00827,2026-01-28,21615.12,OPEN
ORD-004322-1,PO-004322,CUST-01379,2026-04-03,149635.9,OPEN
ORD-004322-2,PO-004322,CUST-02298,2026-04-06,49878.63,OPEN
ORD-004322-3,PO-004322,CUST-00087,2026-03-31,49878.63,OPEN
ORD-004322-4,PO-004322,CUST-00581,2026-03-30,74817.95,OPEN
ORD-004323-1,PO-004323,CUST-01604,2026-06-01,971.58,OPEN
ORD-004324-1,PO-004324,CUST-00908,2026-06-14,996.45,OPEN
ORD-004324-2,PO-004324,CUST-00775,2026-06-12,996.45,OPEN
ORD-004324-3,PO-004324,CUST-01478,2026-06-14,498.23,OPEN
ORD-004325-1,PO-004325,CUST-01588,2026-02-24,74973.84,OPEN
ORD-004325-2,PO-004325,CUST-01012,2026-02-23,149947.68,OPEN
ORD-004325-3,PO-004325,CUST-01908,2026-02-14,37486.92,OPEN
ORD-004326-1,PO-004326,CUST-01573,2026-03-24,61548.04,OPEN
ORD-004326-2,PO-004326,CUST-00460,2026-03-15,30774.02,OPEN
ORD-004326-3,PO-004326,CUST-00569,2026-03-18,15387.01,OPEN
ORD-004326-4,PO-004326,CUST-01245,2026-03-16,30774.02,OPEN
ORD-004327-1,PO-004327,CUST-01596,2026-05-16,5698.9,OPEN
ORD-004327-2,PO-004327,CUST-01822,2026-05-15,22795.61,OPEN
ORD-004328-1,PO-004328,CUST-02479,2026-01-28,20210.75,OPEN
ORD-004328-2,PO-004328,CUST-02362,2026-01-30,20210.75,OPEN
ORD-004329-1,PO-004329,CUST-02059,2026-02-10,25535.28,OPEN
ORD-004329-2,PO-004329,CUST-00704,2026-02-07,34047.04,OPEN
ORD-004329-3,PO-004329,CUST-01445,2026-02-09,25535.28,OPEN
ORD-004330-1,PO-004330,CUST-00037,2026-04-12,36805.03,OPEN
ORD-004330-2,PO-004330,CUST-00083,2026-04-16,9201.26,OPEN
ORD-004331-1,PO-004331,CUST-00695,2026-08-29,984.08,OPEN
ORD-004332-1,PO-004332,CUST-00039,2026-02-11,33863.63,OPEN
ORD-004332-2,PO-004332,CUST-01077,2026-02-09,22575.75,OPEN
ORD-004332-3,PO-004332,CUST-00963,2026-02-13,33863.63,OPEN
ORD-004332-4,PO-004332,CUST-01032,2026-02-10,33863.63,OPEN
ORD-004333-1,PO-004333,CUST-01336,2026-05-23,22109.58,OPEN
ORD-004333-2,PO-004333,CUST-01735,2026-05-27,29479.44,OPEN
ORD-004333-3,PO-004333,CUST-00452,2026-05-25,44219.17,OPEN
ORD-004333-4,PO-004333,CUST-02297,2026-05-22,44219.17,OPEN
ORD-004334-1,PO-004334,CUST-00518,2026-06-22,20114.94,OPEN
ORD-004334-2,PO-004334,CUST-02127,2026-06-26,40229.88,OPEN
ORD-004334-3,PO-004334,CUST-02169,2026-06-29,80459.76,OPEN
ORD-004335-1,PO-004335,CUST-00163,2026-02-24,74442.68,OPEN
ORD-004335-2,PO-004335,CUST-01188,2026-02-28,148885.35,OPEN
ORD-004336-1,PO-004336,CUST-01545,2026-05-22,24003.58,OPEN
ORD-004336-2,PO-004336,CUST-02066,2026-05-28,18002.69,OPEN
ORD-004336-3,PO-004336,CUST-01784,2026-05-29,72010.74,OPEN
ORD-004337-1,PO-004337,CUST-01780,2026-02-08,97754.57,OPEN
ORD-004337-2,PO-004337,CUST-01649,2026-02-06,24438.64,OPEN
ORD-004337-3,PO-004337,CUST-00574,2026-02-07,32584.86,OPEN
ORD-004337-4,PO-004337,CUST-01248,2026-02-03,32584.86,OPEN
ORD-004338-1,PO-004338,CUST-01878,2026-05-07,28467.75,OPEN
ORD-004338-2,PO-004338,CUST-01207,2026-05-05,85403.25,OPEN
ORD-004338-3,PO-004338,CUST-00292,2026-05-08,28467.75,OPEN
ORD-004339-1,PO-004339,CUST-00620,2026-03-08,25284.51,OPEN
ORD-004339-2,PO-004339,CUST-01939,2026-03-08,12642.25,OPEN
ORD-004340-1,PO-004340,CUST-00524,2026-08-23,13562.41,OPEN
ORD-004341-1,PO-004341,CUST-00233,2026-05-18,34166.26,OPEN
ORD-004342-1,PO-004342,CUST-00551,2026-08-18,8196.97,OPEN
ORD-004342-2,PO-004342,CUST-01072,2026-08-20,4098.48,OPEN
ORD-004342-3,PO-004342,CUST-00452,2026-08-22,8196.97,OPEN
ORD-004343-1,PO-004343,CUST-02150,2026-08-06,43639.48,OPEN
ORD-004343-2,PO-004343,CUST-02462,2026-07-29,43639.48,OPEN
ORD-004344-1,PO-004344,CUST-02380,2026-06-16,5575.8,OPEN
ORD-004344-2,PO-004344,CUST-01504,2026-06-12,5575.8,OPEN
ORD-004345-1,PO-004345,CUST-02421,2026-05-22,20050.73,OPEN
ORD-004345-2,PO-004345,CUST-01772,2026-05-28,26734.31,OPEN
ORD-004345-3,PO-004345,CUST-02474,2026-05-31,40101.46,OPEN
ORD-004345-4,PO-004345,CUST-01666,2026-05-25,20050.73,OPEN
ORD-004346-1,PO-004346,CUST-00778,2026-04-05,70588.61,OPEN
ORD-004346-2,PO-004346,CUST-00769,2026-03-30,17647.15,OPEN
ORD-004346-3,PO-004346,CUST-00620,2026-04-05,17647.15,OPEN
ORD-004347-1,PO-004347,CUST-01092,2026-08-07,779.24,OPEN
ORD-004347-2,PO-004347,CUST-01276,2026-08-05,1168.86,OPEN
ORD-004347-3,PO-004347,CUST-01597,2026-08-08,584.43,OPEN
ORD-004348-1,PO-004348,CUST-00912,2026-04-01,5283.23,OPEN
ORD-004348-2,PO-004348,CUST-00124,2026-03-31,2641.61,OPEN
ORD-004349-1,PO-004349,CUST-02357,2026-02-09,54987.5,OPEN
ORD-004349-2,PO-004349,CUST-01609,2026-02-04,18329.17,OPEN
ORD-004349-3,PO-004349,CUST-01859,2026-01-30,13746.88,OPEN
ORD-004349-4,PO-004349,CUST-00423,2026-02-07,18329.17,OPEN
ORD-004350-1,PO-004350,CUST-00714,2026-03-27,63754.89,OPEN
ORD-004350-2,PO-004350,CUST-00781,2026-03-31,31877.44,OPEN
ORD-004350-3,PO-004350,CUST-00740,2026-03-30,31877.44,OPEN
ORD-004351-1,PO-004351,CUST-00378,2026-04-07,30591.74,OPEN
ORD-004351-2,PO-004351,CUST-01056,2026-03-29,30591.74,OPEN
ORD-004352-1,PO-004352,CUST-02119,2026-04-08,96572.61,OPEN
ORD-004352-2,PO-004352,CUST-02013,2026-04-04,32190.87,OPEN
ORD-004352-3,PO-004352,CUST-00970,2026-04-05,24143.15,OPEN
ORD-004352-4,PO-004352,CUST-02305,2026-04-09,48286.31,OPEN
ORD-004353-1,PO-004353,CUST-00197,2026-07-14,20523.18,OPEN
ORD-004353-2,PO-004353,CUST-02227,2026-07-14,30784.78,OPEN
ORD-004354-1,PO-004354,CUST-00081,2026-07-14,119065.12,OPEN
ORD-004354-2,PO-004354,CUST-00707,2026-07-17,29766.28,OPEN
ORD-004354-3,PO-004354,CUST-02019,2026-07-11,29766.28,OPEN
ORD-004354-4,PO-004354,CUST-01702,2026-07-19,119065.12,OPEN
ORD-004355-1,PO-004355,CUST-00893,2026-03-20,8194.83,OPEN
ORD-004355-2,PO-004355,CUST-00690,2026-03-20,10926.45,OPEN
ORD-004356-1,PO-004356,CUST-01890,2026-02-22,35994.73,OPEN
ORD-004356-2,PO-004356,CUST-00103,2026-02-19,23996.49,OPEN
ORD-004357-1,PO-004357,CUST-01752,2026-07-08,50062.86,OPEN
ORD-004357-2,PO-004357,CUST-01080,2026-07-05,16687.62,OPEN
ORD-004357-3,PO-004357,CUST-00783,2026-07-12,16687.62,OPEN
ORD-004358-1,PO-004358,CUST-01413,2026-06-23,31647.66,OPEN
ORD-004358-2,PO-004358,CUST-00589,2026-06-23,47471.5,OPEN
ORD-004359-1,PO-004359,CUST-02317,2026-01-25,125647.48,OPEN
ORD-004359-2,PO-004359,CUST-01053,2026-01-26,62823.74,OPEN
ORD-004360-1,PO-004360,CUST-02223,2026-06-19,23745.58,OPEN
ORD-004360-2,PO-004360,CUST-01398,2026-06-21,31660.77,OPEN
ORD-004361-1,PO-004361,CUST-00952,2026-05-13,47608.76,OPEN
ORD-004361-2,PO-004361,CUST-02047,2026-05-06,23804.38,OPEN
ORD-004362-1,PO-004362,CUST-01554,2026-05-01,11913.66,OPEN
ORD-004362-2,PO-004362,CUST-02090,2026-05-04,23827.31,OPEN
ORD-004363-1,PO-004363,CUST-00968,2026-04-20,34962.17,OPEN
ORD-004363-2,PO-004363,CUST-02372,2026-04-17,69924.33,OPEN
ORD-004363-3,PO-004363,CUST-01794,2026-04-13,34962.17,OPEN
ORD-004363-4,PO-004363,CUST-02209,2026-04-16,34962.17,OPEN
ORD-004364-1,PO-004364,CUST-00580,2026-08-21,31850.83,OPEN
ORD-004364-2,PO-004364,CUST-01226,2026-08-12,21233.88,OPEN
ORD-004364-3,PO-004364,CUST-01049,2026-08-13,63701.65,OPEN
ORD-004364-4,PO-004364,CUST-00746,2026-08-12,31850.83,OPEN
ORD-004365-1,PO-004365,CUST-02352,2026-02-28,5344.58,OPEN
ORD-004366-1,PO-004366,CUST-00742,2026-06-25,15991.25,OPEN
ORD-004367-1,PO-004367,CUST-02333,2026-06-21,117156.8,OPEN
ORD-004368-1,PO-004368,CUST-00948,2026-09-02,30634.07,OPEN
ORD-004369-1,PO-004369,CUST-00598,2026-01-09,28982.72,OPEN
ORD-004369-2,PO-004369,CUST-00424,2026-01-12,115930.86,OPEN
ORD-004369-3,PO-004369,CUST-01481,2026-01-12,38643.62,OPEN
ORD-004369-4,PO-004369,CUST-01418,2026-01-06,38643.62,OPEN
ORD-004370-1,PO-004370,CUST-01315,2026-03-05,65102.56,OPEN
ORD-004370-2,PO-004370,CUST-00646,2026-03-08,21700.85,OPEN
ORD-004370-3,PO-004370,CUST-02319,2026-03-06,32551.28,OPEN
ORD-004371-1,PO-004371,CUST-02210,2026-06-05,28275.21,OPEN
ORD-004371-2,PO-004371,CUST-01803,2026-06-04,28275.21,OPEN
ORD-004371-3,PO-004371,CUST-00997,2026-06-05,9425.07,OPEN
ORD-004371-4,PO-004371,CUST-01828,2026-06-04,7068.8,OPEN
ORD-004372-1,PO-004372,CUST-01580,2026-09-08,606.34,OPEN
ORD-004372-2,PO-004372,CUST-01411,2026-09-03,1212.68,OPEN
ORD-004372-3,PO-004372,CUST-00359,2026-08-29,606.34,OPEN
ORD-004372-4,PO-004372,CUST-01945,2026-08-29,808.45,OPEN
ORD-004373-1,PO-004373,CUST-01220,2026-08-15,2413.84,OPEN
ORD-004373-2,PO-004373,CUST-00769,2026-08-21,4827.68,OPEN
ORD-004373-3,PO-004373,CUST-01192,2026-08-21,4827.68,OPEN
ORD-004373-4,PO-004373,CUST-00247,2026-08-20,4827.68,OPEN
ORD-004374-1,PO-004374,CUST-01292,2026-04-08,2366.39,OPEN
ORD-004375-1,PO-004375,CUST-02075,2026-03-29,29181.44,OPEN
ORD-004375-2,PO-004375,CUST-01819,2026-04-03,29181.44,OPEN
ORD-004376-1,PO-004376,CUST-02058,2026-01-06,26546.97,OPEN
ORD-004376-2,PO-004376,CUST-00868,2026-01-09,53093.95,OPEN
ORD-004376-3,PO-004376,CUST-00976,2026-01-11,106187.9,OPEN
ORD-004376-4,PO-004376,CUST-01491,2026-01-12,26546.97,OPEN
ORD-004377-1,PO-004377,CUST-01247,2026-05-31,74120.59,OPEN
ORD-004377-2,PO-004377,CUST-02087,2026-05-23,37060.29,OPEN
ORD-004377-3,PO-004377,CUST-00238,2026-05-27,18530.15,OPEN
ORD-004378-1,PO-004378,CUST-00298,2026-05-29,21387.39,OPEN
ORD-004379-1,PO-004379,CUST-01759,2026-01-23,19354.68,OPEN
ORD-004379-2,PO-004379,CUST-00686,2026-01-16,38709.36,OPEN
ORD-004380-1,PO-004380,CUST-00619,2026-07-24,35333.67,OPEN
ORD-004380-2,PO-004380,CUST-02008,2026-07-29,35333.67,OPEN
ORD-004381-1,PO-004381,CUST-01818,2026-04-15,36340.42,OPEN
ORD-004381-2,PO-004381,CUST-00709,2026-04-10,36340.42,OPEN
ORD-004381-3,PO-004381,CUST-01217,2026-04-19,72680.83,OPEN
ORD-004381-4,PO-004381,CUST-01308,2026-04-13,18170.21,OPEN
ORD-004382-1,PO-004382,CUST-00422,2026-01-10,82788.7,OPEN
ORD-004382-2,PO-004382,CUST-01436,2026-01-11,82788.7,OPEN
ORD-004383-1,PO-004383,CUST-02072,2026-08-15,24487.27,OPEN
ORD-004383-2,PO-004383,CUST-00160,2026-08-16,18365.45,OPEN
ORD-004384-1,PO-004384,CUST-00073,2026-04-02,18563.55,OPEN
ORD-004384-2,PO-004384,CUST-02035,2026-04-08,27845.33,OPEN
ORD-004384-3,PO-004384,CUST-02002,2026-04-03,27845.33,OPEN
ORD-004384-4,PO-004384,CUST-01851,2026-04-08,18563.55,OPEN
ORD-004385-1,PO-004385,CUST-01045,2026-05-08,50350.42,OPEN
ORD-004386-1,PO-004386,CUST-00492,2026-06-09,11885.56,OPEN
ORD-004386-2,PO-004386,CUST-01308,2026-06-15,23771.12,OPEN
ORD-004387-1,PO-004387,CUST-01916,2026-08-29,17069.21,OPEN
ORD-004388-1,PO-004388,CUST-02258,2026-04-16,5354.43,OPEN
ORD-004388-2,PO-004388,CUST-01350,2026-04-21,3569.62,OPEN
ORD-004389-1,PO-004389,CUST-01794,2026-04-02,14991.33,OPEN
ORD-004389-2,PO-004389,CUST-02387,2026-04-07,11243.5,OPEN
ORD-004390-1,PO-004390,CUST-00738,2026-01-26,10677.86,OPEN
ORD-004390-2,PO-004390,CUST-02187,2026-02-02,10677.86,OPEN
ORD-004391-1,PO-004391,CUST-02155,2026-04-22,1440.19,OPEN
ORD-004391-2,PO-004391,CUST-01419,2026-04-18,4320.56,OPEN
ORD-004391-3,PO-004391,CUST-01516,2026-04-22,1440.19,OPEN
ORD-004391-4,PO-004391,CUST-00210,2026-04-25,4320.56,OPEN
ORD-004392-1,PO-004392,CUST-00430,2026-04-12,31899.11,OPEN
ORD-004392-2,PO-004392,CUST-02202,2026-04-02,63798.22,OPEN
ORD-004392-3,PO-004392,CUST-00100,2026-04-10,63798.22,OPEN
ORD-004392-4,PO-004392,CUST-02024,2026-04-05,31899.11,OPEN
ORD-004393-1,PO-004393,CUST-02160,2026-04-28,21991.42,OPEN
ORD-004394-1,PO-004394,CUST-00452,2026-06-07,15381.73,OPEN
ORD-004394-2,PO-004394,CUST-02227,2026-05-29,3845.43,OPEN
ORD-004395-1,PO-004395,CUST-00084,2026-02-24,15711.87,OPEN
ORD-004395-2,PO-004395,CUST-00330,2026-02-22,3927.97,OPEN
ORD-004395-3,PO-004395,CUST-00216,2026-02-19,15711.87,OPEN
ORD-004396-1,PO-004396,CUST-00234,2026-01-12,98070.35,OPEN
ORD-004396-2,PO-004396,CUST-00592,2026-01-06,32690.12,OPEN
ORD-004396-3,PO-004396,CUST-01085,2026-01-09,32690.12,OPEN
ORD-004396-4,PO-004396,CUST-00863,2026-01-08,49035.18,OPEN
ORD-004397-1,PO-004397,CUST-01009,2026-06-28,22849.74,OPEN
ORD-004397-2,PO-004397,CUST-00300,2026-06-26,11424.87,OPEN
ORD-004398-1,PO-004398,CUST-01080,2026-08-27,15917.8,OPEN
ORD-004398-2,PO-004398,CUST-00049,2026-08-27,31835.6,OPEN
ORD-004398-3,PO-004398,CUST-00126,2026-08-18,63671.21,OPEN
ORD-004399-1,PO-004399,CUST-02162,2026-08-01,27337.76,OPEN
ORD-004399-2,PO-004399,CUST-01189,2026-07-29,54675.53,OPEN
ORD-004399-3,PO-004399,CUST-01885,2026-07-29,36450.35,OPEN
ORD-004399-4,PO-004399,CUST-00162,2026-07-29,27337.76,OPEN
ORD-004400-1,PO-004400,CUST-00871,2026-02-23,7517.41,OPEN
ORD-004401-1,PO-004401,CUST-00462,2026-01-11,47272.5,OPEN
ORD-004401-2,PO-004401,CUST-02279,2026-01-16,11818.12,OPEN
ORD-004402-1,PO-004402,CUST-00053,2026-06-15,71636.05,OPEN
ORD-004402-2,PO-004402,CUST-01774,2026-06-20,71636.05,OPEN
ORD-004403-1,PO-004403,CUST-02120,2026-02-24,69376.52,OPEN
ORD-004403-2,PO-004403,CUST-02476,2026-02-19,69376.52,OPEN
ORD-004404-1,PO-004404,CUST-02480,2026-03-28,6327.06,OPEN
ORD-004405-1,PO-004405,CUST-02484,2026-04-05,20996.59,OPEN
ORD-004405-2,PO-004405,CUST-01810,2026-04-11,62989.77,OPEN
ORD-004405-3,PO-004405,CUST-00660,2026-04-01,31494.88,OPEN
ORD-004405-4,PO-004405,CUST-01222,2026-04-09,20996.59,OPEN
ORD-004406-1,PO-004406,CUST-00995,2026-05-22,44212.99,OPEN
ORD-004406-2,PO-004406,CUST-01186,2026-05-20,44212.99,OPEN
ORD-004407-1,PO-004407,CUST-00008,2026-04-16,359.25,OPEN
ORD-004407-2,PO-004407,CUST-00749,2026-04-15,179.62,OPEN
ORD-004408-1,PO-004408,CUST-01610,2026-04-07,7800.94,OPEN
ORD-004408-2,PO-004408,CUST-00029,2026-04-03,5850.7,OPEN
ORD-004409-1,PO-004409,CUST-02022,2026-03-14,18323.67,OPEN
ORD-004409-2,PO-004409,CUST-01443,2026-03-15,18323.67,OPEN
ORD-004409-3,PO-004409,CUST-01695,2026-03-12,9161.83,OPEN
ORD-004410-1,PO-004410,CUST-01001,2026-04-10,28695.7,OPEN
ORD-004410-2,PO-004410,CUST-01060,2026-04-14,28695.7,OPEN
ORD-004410-3,PO-004410,CUST-02369,2026-04-09,57391.39,OPEN
ORD-004411-1,PO-004411,CUST-00257,2026-03-10,48607.02,OPEN
ORD-004411-2,PO-004411,CUST-00119,2026-03-02,48607.02,OPEN
ORD-004411-3,PO-004411,CUST-02298,2026-03-10,36455.26,OPEN
ORD-004411-4,PO-004411,CUST-00987,2026-03-10,48607.02,OPEN
ORD-004412-1,PO-004412,CUST-00049,2026-02-04,25802.69,OPEN
ORD-004412-2,PO-004412,CUST-01686,2026-02-04,25802.69,OPEN
ORD-004413-1,PO-004413,CUST-00210,2026-02-17,49490.03,OPEN
ORD-004413-2,PO-004413,CUST-01656,2026-02-26,98980.05,OPEN
ORD-004414-1,PO-004414,CUST-01072,2026-07-10,3599.25,OPEN
ORD-004414-2,PO-004414,CUST-00555,2026-07-01,7198.49,OPEN
ORD-004414-3,PO-004414,CUST-00979,2026-07-08,14396.99,OPEN
ORD-004415-1,PO-004415,CUST-01086,2026-07-08,33395.33,OPEN
ORD-004415-2,PO-004415,CUST-02357,2026-07-06,25046.5,OPEN
ORD-004416-1,PO-004416,CUST-00600,2026-05-25,2719.89,OPEN
ORD-004416-2,PO-004416,CUST-01773,2026-06-01,3626.51,OPEN
ORD-004416-3,PO-004416,CUST-01686,2026-05-27,3626.51,OPEN
ORD-004416-4,PO-004416,CUST-01846,2026-06-01,2719.89,OPEN
ORD-004417-1,PO-004417,CUST-02251,2026-08-13,4353.23,OPEN
ORD-004417-2,PO-004417,CUST-01914,2026-08-15,6529.85,OPEN
ORD-004418-1,PO-004418,CUST-00917,2026-08-26,32881.01,OPEN
ORD-004418-2,PO-004418,CUST-01717,2026-08-31,131524.05,OPEN
ORD-004418-3,PO-004418,CUST-02042,2026-08-29,43841.35,OPEN
ORD-004418-4,PO-004418,CUST-01259,2026-08-31,32881.01,OPEN
ORD-004419-1,PO-004419,CUST-00224,2026-07-05,5988.31,OPEN
ORD-004419-2,PO-004419,CUST-00106,2026-06-26,23953.26,OPEN
ORD-004420-1,PO-004420,CUST-02307,2026-08-22,28676.47,OPEN
ORD-004420-2,PO-004420,CUST-02222,2026-08-17,114705.86,OPEN
ORD-004421-1,PO-004421,CUST-01074,2026-05-29,31845.87,OPEN
ORD-004421-2,PO-004421,CUST-00715,2026-05-21,31845.87,OPEN
ORD-004421-3,PO-004421,CUST-01739,2026-05-25,95537.6,OPEN
ORD-004421-4,PO-004421,CUST-00491,2026-05-22,47768.8,OPEN
ORD-004422-1,PO-004422,CUST-02119,2026-08-05,5516.47,OPEN
ORD-004422-2,PO-004422,CUST-01979,2026-08-09,5516.47,OPEN
ORD-004422-3,PO-004422,CUST-01520,2026-08-06,5516.47,OPEN
ORD-004422-4,PO-004422,CUST-00919,2026-08-09,5516.47,OPEN
ORD-004423-1,PO-004423,CUST-00537,2026-03-28,22166.8,OPEN
ORD-004424-1,PO-004424,CUST-01960,2026-05-19,54953.96,OPEN
ORD-004424-2,PO-004424,CUST-01822,2026-05-23,36635.98,OPEN
ORD-004424-3,PO-004424,CUST-00673,2026-05-23,54953.96,OPEN
ORD-004424-4,PO-004424,CUST-01708,2026-05-17,54953.96,OPEN
ORD-004425-1,PO-004425,CUST-00547,2026-06-14,8429.61,OPEN
ORD-004426-1,PO-004426,CUST-01674,2026-08-10,35689.52,OPEN
ORD-004426-2,PO-004426,CUST-00586,2026-08-01,53534.29,OPEN
ORD-004426-3,PO-004426,CUST-00529,2026-08-09,107068.57,OPEN
ORD-004427-1,PO-004427,CUST-01401,2026-03-16,8607.42,OPEN
ORD-004427-2,PO-004427,CUST-01254,2026-03-15,12911.12,OPEN
ORD-004428-1,PO-004428,CUST-00284,2026-03-30,3202.59,OPEN
ORD-004428-2,PO-004428,CUST-01474,2026-04-03,9607.76,OPEN
ORD-004429-1,PO-004429,CUST-00624,2026-07-12,49518.43,OPEN
ORD-004429-2,PO-004429,CUST-01813,2026-07-08,74277.65,OPEN
ORD-004429-3,PO-004429,CUST-01976,2026-07-03,37138.82,OPEN
ORD-004430-1,PO-004430,CUST-02019,2026-04-21,44073.11,OPEN
ORD-004430-2,PO-004430,CUST-01280,2026-04-15,22036.56,OPEN
ORD-004430-3,PO-004430,CUST-00285,2026-04-15,14691.04,OPEN
ORD-004430-4,PO-004430,CUST-00327,2026-04-21,22036.56,OPEN
ORD-004431-1,PO-004431,CUST-00055,2026-01-19,13771.95,OPEN
ORD-004431-2,PO-004431,CUST-01933,2026-01-11,27543.91,OPEN
ORD-004431-3,PO-004431,CUST-02307,2026-01-12,55087.82,OPEN
ORD-004432-1,PO-004432,CUST-01440,2026-02-13,66995.05,OPEN
ORD-004432-2,PO-004432,CUST-00503,2026-02-11,16748.76,OPEN
ORD-004432-3,PO-004432,CUST-01414,2026-02-16,33497.53,OPEN
ORD-004433-1,PO-004433,CUST-01385,2026-04-09,15357.4,OPEN
ORD-004433-2,PO-004433,CUST-01539,2026-04-09,20476.53,OPEN
ORD-004433-3,PO-004433,CUST-00656,2026-04-05,15357.4,OPEN
ORD-004433-4,PO-004433,CUST-01999,2026-04-08,15357.4,OPEN
ORD-004434-1,PO-004434,CUST-01683,2026-05-17,74863.37,OPEN
ORD-004435-1,PO-004435,CUST-00580,2026-02-19,145773.14,OPEN
ORD-004435-2,PO-004435,CUST-01172,2026-02-18,36443.29,OPEN
ORD-004436-1,PO-004436,CUST-02487,2026-08-27,30073.36,OPEN
ORD-004436-2,PO-004436,CUST-00164,2026-08-18,60146.72,OPEN
ORD-004436-3,PO-004436,CUST-02408,2026-08-21,30073.36,OPEN
ORD-004437-1,PO-004437,CUST-01634,2026-05-21,12641.77,OPEN
ORD-004437-2,PO-004437,CUST-01158,2026-05-18,16855.69,OPEN
ORD-004438-1,PO-004438,CUST-01192,2026-07-05,113245.92,OPEN
ORD-004438-2,PO-004438,CUST-01605,2026-07-08,56622.96,OPEN
ORD-004438-3,PO-004438,CUST-00634,2026-07-04,37748.64,OPEN
ORD-004438-4,PO-004438,CUST-02001,2026-07-02,37748.64,OPEN
ORD-004439-1,PO-004439,CUST-00998,2026-02-01,66760.46,OPEN
ORD-004439-2,PO-004439,CUST-02216,2026-01-30,22253.49,OPEN
ORD-004439-3,PO-004439,CUST-01407,2026-01-31,22253.49,OPEN
ORD-004440-1,PO-004440,CUST-01962,2026-02-23,9294.05,OPEN
ORD-004440-2,PO-004440,CUST-01157,2026-03-02,37176.21,OPEN
ORD-004440-3,PO-004440,CUST-00043,2026-02-23,37176.21,OPEN
ORD-004440-4,PO-004440,CUST-01291,2026-02-23,37176.21,OPEN
ORD-004441-1,PO-004441,CUST-02108,2026-07-30,20243.82,OPEN
ORD-004442-1,PO-004442,CUST-02279,2026-08-12,49588.9,OPEN
ORD-004442-2,PO-004442,CUST-00219,2026-08-09,49588.9,OPEN
ORD-004442-3,PO-004442,CUST-01143,2026-08-10,99177.81,OPEN
ORD-004442-4,PO-004442,CUST-00480,2026-08-18,49588.9,OPEN
ORD-004443-1,PO-004443,CUST-02134,2026-08-21,1946.88,OPEN
ORD-004443-2,PO-004443,CUST-01053,2026-08-24,973.44,OPEN
ORD-004443-3,PO-004443,CUST-00463,2026-08-14,973.44,OPEN
ORD-004444-1,PO-004444,CUST-02264,2026-03-08,67228.77,OPEN
ORD-004444-2,PO-004444,CUST-01532,2026-02-28,67228.77,OPEN
ORD-004445-1,PO-004445,CUST-00541,2026-06-23,24923.99,OPEN
ORD-004445-2,PO-004445,CUST-02227,2026-06-23,74771.98,OPEN
ORD-004445-3,PO-004445,CUST-00190,2026-06-30,37385.99,OPEN
ORD-004445-4,PO-004445,CUST-01808,2026-06-29,24923.99,OPEN
ORD-004446-1,PO-004446,CUST-00041,2026-05-21,68533.4,OPEN
ORD-004446-2,PO-004446,CUST-02470,2026-05-28,68533.4,OPEN
ORD-004446-3,PO-004446,CUST-01605,2026-05-20,137066.81,OPEN
ORD-004446-4,PO-004446,CUST-01371,2026-05-23,68533.4,OPEN
ORD-004447-1,PO-004447,CUST-00075,2026-04-07,16545.03,OPEN
ORD-004447-2,PO-004447,CUST-01467,2026-04-10,16545.03,OPEN
ORD-004448-1,PO-004448,CUST-02287,2026-07-31,54075.09,OPEN
ORD-004449-1,PO-004449,CUST-02183,2026-08-06,10358.44,OPEN
ORD-004450-1,PO-004450,CUST-01345,2026-03-21,34427.38,OPEN
ORD-004450-2,PO-004450,CUST-01809,2026-03-23,103282.15,OPEN
ORD-004450-3,PO-004450,CUST-01598,2026-03-22,25820.54,OPEN
ORD-004451-1,PO-004451,CUST-00948,2026-02-23,38988.09,OPEN
ORD-004452-1,PO-004452,CUST-00753,2026-06-22,36351.2,OPEN
ORD-004452-2,PO-004452,CUST-01058,2026-07-01,109053.6,OPEN
ORD-004452-3,PO-004452,CUST-02349,2026-06-23,54526.8,OPEN
ORD-004452-4,PO-004452,CUST-02085,2026-07-01,109053.6,OPEN
ORD-004453-1,PO-004453,CUST-00959,2026-03-20,40807.73,OPEN
ORD-004453-2,PO-004453,CUST-00310,2026-03-18,40807.73,OPEN
ORD-004453-3,PO-004453,CUST-02387,2026-03-21,30605.79,OPEN
ORD-004454-1,PO-004454,CUST-01783,2026-08-13,110863.77,OPEN
ORD-004454-2,PO-004454,CUST-00556,2026-08-18,36954.59,OPEN
ORD-004455-1,PO-004455,CUST-01443,2026-03-02,25379.96,OPEN
ORD-004456-1,PO-004456,CUST-00609,2026-03-23,59927.27,OPEN
ORD-004456-2,PO-004456,CUST-01390,2026-03-15,59927.27,OPEN
ORD-004456-3,PO-004456,CUST-01335,2026-03-23,39951.51,OPEN
ORD-004457-1,PO-004457,CUST-01454,2026-06-05,24500.9,OPEN
ORD-004457-2,PO-004457,CUST-00645,2026-06-15,18375.68,OPEN
ORD-004457-3,PO-004457,CUST-01089,2026-06-14,73502.71,OPEN
ORD-004457-4,PO-004457,CUST-02342,2026-06-10,36751.36,OPEN
ORD-004458-1,PO-004458,CUST-01931,2026-04-17,90510.42,OPEN
ORD-004458-2,PO-004458,CUST-02283,2026-04-21,22627.6,OPEN
ORD-004458-3,PO-004458,CUST-00794,2026-04-18,22627.6,OPEN
ORD-004458-4,PO-004458,CUST-01414,2026-04-15,90510.42,OPEN
ORD-004459-1,PO-004459,CUST-01127,2026-03-01,23495.21,OPEN
ORD-004460-1,PO-004460,CUST-02332,2026-04-06,22945.78,OPEN
ORD-004460-2,PO-004460,CUST-01317,2026-04-04,7648.59,OPEN
ORD-004460-3,PO-004460,CUST-01328,2026-04-10,11472.89,OPEN
ORD-004461-1,PO-004461,CUST-01418,2026-01-13,13646.33,OPEN
ORD-004461-2,PO-004461,CUST-00824,2026-01-11,13646.33,OPEN
ORD-004462-1,PO-004462,CUST-02225,2026-08-04,36476.02,OPEN
ORD-004462-2,PO-004462,CUST-01706,2026-08-04,145904.08,OPEN
ORD-004462-3,PO-004462,CUST-02046,2026-07-28,72952.04,OPEN
ORD-004463-1,PO-004463,CUST-00286,2026-04-01,38056.27,OPEN
ORD-004464-1,PO-004464,CUST-00091,2026-03-10,40439.71,OPEN
ORD-004464-2,PO-004464,CUST-01297,2026-03-13,40439.71,OPEN
ORD-004465-1,PO-004465,CUST-00086,2026-05-02,24203.82,OPEN
ORD-004465-2,PO-004465,CUST-00047,2026-05-03,72611.45,OPEN
ORD-004465-3,PO-004465,CUST-00181,2026-04-25,24203.82,OPEN
ORD-004465-4,PO-004465,CUST-00319,2026-04-30,24203.82,OPEN
ORD-004466-1,PO-004466,CUST-01263,2026-06-09,139328.08,OPEN
ORD-004466-2,PO-004466,CUST-01901,2026-06-10,139328.08,OPEN
ORD-004467-1,PO-004467,CUST-01936,2026-01-19,54619.04,OPEN
ORD-004467-2,PO-004467,CUST-00290,2026-01-22,54619.04,OPEN
ORD-004467-3,PO-004467,CUST-02428,2026-01-16,36412.69,OPEN
ORD-004467-4,PO-004467,CUST-02112,2026-01-16,109238.07,OPEN
ORD-004468-1,PO-004468,CUST-01044,2026-08-01,590.54,OPEN
ORD-004468-2,PO-004468,CUST-02492,2026-07-23,442.9,OPEN
ORD-004469-1,PO-004469,CUST-02134,2026-01-13,9232.04,OPEN
ORD-004469-2,PO-004469,CUST-00182,2026-01-05,12309.39,OPEN
ORD-004469-3,PO-004469,CUST-00992,2026-01-14,12309.39,OPEN
ORD-004470-1,PO-004470,CUST-02424,2026-08-12,28201.24,OPEN
ORD-004470-2,PO-004470,CUST-00552,2026-08-08,21150.93,OPEN
ORD-004470-3,PO-004470,CUST-00538,2026-08-18,28201.24,OPEN
ORD-004471-1,PO-004471,CUST-01450,2026-05-16,70340.83,OPEN
ORD-004472-1,PO-004472,CUST-01711,2026-06-14,149240.79,OPEN
ORD-004473-1,PO-004473,CUST-02277,2026-01-09,24261.22,OPEN
ORD-004473-2,PO-004473,CUST-02108,2026-01-08,12130.61,OPEN
ORD-004473-3,PO-004473,CUST-00916,2026-01-09,24261.22,OPEN
ORD-004474-1,PO-004474,CUST-00710,2026-01-10,7966.75,OPEN
ORD-004475-1,PO-004475,CUST-02310,2026-06-25,19666.49,OPEN
ORD-004476-1,PO-004476,CUST-01191,2026-08-09,6572.1,OPEN
ORD-004476-2,PO-004476,CUST-00068,2026-08-06,6572.1,OPEN
ORD-004477-1,PO-004477,CUST-00560,2026-04-02,18996.71,OPEN
ORD-004477-2,PO-004477,CUST-01636,2026-03-30,56990.14,OPEN
ORD-004477-3,PO-004477,CUST-01987,2026-04-06,18996.71,OPEN
ORD-004478-1,PO-004478,CUST-02353,2026-02-04,33201.31,OPEN
ORD-004478-2,PO-004478,CUST-02036,2026-02-04,33201.31,OPEN
ORD-004478-3,PO-004478,CUST-01232,2026-02-08,49801.97,OPEN
ORD-004479-1,PO-004479,CUST-00236,2026-08-01,16104.49,OPEN
ORD-004480-1,PO-004480,CUST-00471,2026-01-04,31312.1,OPEN
ORD-004480-2,PO-004480,CUST-01892,2026-01-10,15656.05,OPEN
ORD-004481-1,PO-004481,CUST-01456,2026-02-24,18477.75,OPEN
ORD-004481-2,PO-004481,CUST-01256,2026-02-26,18477.75,OPEN
ORD-004481-3,PO-004481,CUST-01297,2026-02-28,55433.24,OPEN
ORD-004482-1,PO-004482,CUST-02049,2026-05-08,47217.86,OPEN
ORD-004482-2,PO-004482,CUST-00650,2026-05-10,70826.79,OPEN
ORD-004482-3,PO-004482,CUST-01922,2026-05-06,70826.79,OPEN
ORD-004483-1,PO-004483,CUST-00725,2026-01-06,1077.15,OPEN
ORD-004483-2,PO-004483,CUST-01181,2026-01-13,2154.3,OPEN
ORD-004483-3,PO-004483,CUST-01997,2026-01-08,2154.3,OPEN
ORD-004484-1,PO-004484,CUST-02092,2026-03-05,76900.01,OPEN
ORD-004485-1,PO-004485,CUST-02447,2026-06-15,1436.14,OPEN
ORD-004486-1,PO-004486,CUST-01939,2026-01-25,12481.55,OPEN
ORD-004486-2,PO-004486,CUST-00826,2026-02-04,9361.17,OPEN
ORD-004486-3,PO-004486,CUST-02006,2026-01-30,9361.17,OPEN
ORD-004486-4,PO-004486,CUST-01471,2026-01-28,9361.17,OPEN
ORD-004487-1,PO-004487,CUST-00774,2026-01-15,118305.19,OPEN
ORD-004488-1,PO-004488,CUST-01158,2026-08-02,43658.43,OPEN
ORD-004488-2,PO-004488,CUST-01466,2026-07-31,21829.22,OPEN
ORD-004489-1,PO-004489,CUST-02243,2026-04-15,93467.82,OPEN
ORD-004489-2,PO-004489,CUST-02493,2026-04-21,93467.82,OPEN
ORD-004490-1,PO-004490,CUST-00474,2026-05-08,26200.62,OPEN
ORD-004490-2,PO-004490,CUST-02033,2026-05-06,26200.62,OPEN
ORD-004491-1,PO-004491,CUST-02005,2026-07-30,14953.54,OPEN
ORD-004491-2,PO-004491,CUST-00444,2026-08-02,19938.05,OPEN
ORD-004492-1,PO-004492,CUST-01201,2026-03-24,16271.66,OPEN
ORD-004492-2,PO-004492,CUST-02207,2026-03-18,16271.66,OPEN
ORD-004492-3,PO-004492,CUST-00742,2026-03-15,32543.31,OPEN
ORD-004493-1,PO-004493,CUST-01600,2026-06-25,20781.99,OPEN
ORD-004493-2,PO-004493,CUST-01248,2026-06-27,41563.97,OPEN
ORD-004494-1,PO-004494,CUST-01275,2026-01-30,1676.45,OPEN
ORD-004494-2,PO-004494,CUST-01030,2026-02-02,1676.45,OPEN
ORD-004494-3,PO-004494,CUST-00729,2026-01-31,6705.81,OPEN
ORD-004495-1,PO-004495,CUST-02347,2026-04-26,24102.56,OPEN
ORD-004495-2,PO-004495,CUST-00800,2026-04-25,24102.56,OPEN
ORD-004495-3,PO-004495,CUST-02454,2026-04-29,48205.11,OPEN
ORD-004496-1,PO-004496,CUST-01803,2026-08-02,51290.36,OPEN
ORD-004496-2,PO-004496,CUST-02266,2026-08-01,34193.57,OPEN
ORD-004497-1,PO-004497,CUST-00978,2026-01-25,68267.57,OPEN
ORD-004497-2,PO-004497,CUST-00359,2026-01-28,68267.57,OPEN
ORD-004497-3,PO-004497,CUST-01437,2026-01-25,34133.79,OPEN
ORD-004498-1,PO-004498,CUST-01097,2026-09-01,133278.67,OPEN
ORD-004499-1,PO-004499,CUST-02299,2026-04-21,22200.99,OPEN
ORD-004499-2,PO-004499,CUST-02268,2026-04-14,5550.25,OPEN
ORD-004499-3,PO-004499,CUST-01770,2026-04-22,5550.25,OPEN
ORD-004500-1,PO-004500,CUST-01650,2026-06-18,64636.79,OPEN
ORD-004500-2,PO-004500,CUST-02212,2026-06-27,43091.19,OPEN
ORD-004500-3,PO-004500,CUST-01161,2026-06-19,32318.4,OPEN
ORD-004501-1,PO-004501,CUST-00566,2026-02-28,93182.33,OPEN
ORD-004501-2,PO-004501,CUST-00416,2026-02-28,93182.33,OPEN
ORD-004501-3,PO-004501,CUST-01187,2026-03-03,93182.33,OPEN
ORD-004501-4,PO-004501,CUST-00943,2026-03-07,23295.58,OPEN
ORD-004502-1,PO-004502,CUST-02047,2026-04-08,20783.95,OPEN
ORD-004503-1,PO-004503,CUST-00511,2026-07-26,71198.38,OPEN
ORD-004503-2,PO-004503,CUST-02108,2026-07-25,47465.59,OPEN
ORD-004503-3,PO-004503,CUST-00459,2026-07-23,35599.19,OPEN
ORD-004503-4,PO-004503,CUST-01779,2026-07-26,35599.19,OPEN
ORD-004504-1,PO-004504,CUST-02251,2026-04-13,49556.12,OPEN
ORD-004504-2,PO-004504,CUST-01279,2026-04-17,49556.12,OPEN
ORD-004504-3,PO-004504,CUST-00239,2026-04-13,49556.12,OPEN
ORD-004504-4,PO-004504,CUST-01194,2026-04-17,37167.09,OPEN
ORD-004505-1,PO-004505,CUST-01708,2026-05-25,74171.9,OPEN
ORD-004505-2,PO-004505,CUST-01727,2026-05-31,37085.95,OPEN
ORD-004505-3,PO-004505,CUST-01511,2026-05-25,49447.93,OPEN
ORD-004506-1,PO-004506,CUST-00620,2026-01-25,104433.65,OPEN
ORD-004506-2,PO-004506,CUST-02120,2026-01-25,26108.41,OPEN
ORD-004507-1,PO-004507,CUST-01986,2026-03-05,11270.93,OPEN
ORD-004507-2,PO-004507,CUST-01543,2026-02-28,15027.91,OPEN
ORD-004507-3,PO-004507,CUST-00968,2026-02-26,11270.93,OPEN
ORD-004507-4,PO-004507,CUST-00844,2026-02-28,22541.86,OPEN
ORD-004508-1,PO-004508,CUST-00859,2026-01-08,136703.15,OPEN
ORD-004508-2,PO-004508,CUST-01342,2026-01-10,68351.57,OPEN
ORD-004509-1,PO-004509,CUST-02055,2026-02-03,3413.95,OPEN
ORD-004510-1,PO-004510,CUST-00281,2026-01-31,26185.5,OPEN
ORD-004510-2,PO-004510,CUST-01533,2026-02-01,13092.75,OPEN
ORD-004510-3,PO-004510,CUST-00136,2026-02-02,26185.5,OPEN
ORD-004510-4,PO-004510,CUST-00915,2026-01-31,52371.0,OPEN
ORD-004511-1,PO-004511,CUST-00692,2026-09-05,23741.48,OPEN
ORD-004511-2,PO-004511,CUST-00656,2026-08-31,7913.83,OPEN
ORD-004511-3,PO-004511,CUST-01531,2026-09-05,7913.83,OPEN
ORD-004512-1,PO-004512,CUST-01182,2026-06-20,24611.55,OPEN
ORD-004512-2,PO-004512,CUST-01298,2026-06-26,98446.2,OPEN
ORD-004512-3,PO-004512,CUST-00793,2026-06-26,98446.2,OPEN
ORD-004512-4,PO-004512,CUST-01936,2026-06-20,32815.4,OPEN
ORD-004513-1,PO-004513,CUST-01313,2026-08-11,47620.55,OPEN
ORD-004513-2,PO-004513,CUST-02122,2026-08-13,31747.03,OPEN
ORD-004514-1,PO-004514,CUST-01773,2026-03-05,29729.48,OPEN
ORD-004514-2,PO-004514,CUST-02418,2026-03-07,39639.31,OPEN
ORD-004514-3,PO-004514,CUST-01853,2026-03-04,39639.31,OPEN
ORD-004514-4,PO-004514,CUST-00632,2026-03-11,29729.48,OPEN
ORD-004515-1,PO-004515,CUST-01168,2026-05-08,146485.56,OPEN
ORD-004515-2,PO-004515,CUST-02464,2026-05-08,36621.39,OPEN
ORD-004515-3,PO-004515,CUST-01770,2026-05-15,73242.78,OPEN
ORD-004516-1,PO-004516,CUST-00469,2026-05-01,56147.59,OPEN
ORD-004516-2,PO-004516,CUST-00383,2026-04-28,112295.18,OPEN
ORD-004516-3,PO-004516,CUST-02476,2026-04-26,56147.59,OPEN
ORD-004517-1,PO-004517,CUST-02362,2026-02-05,4342.86,OPEN
ORD-004517-2,PO-004517,CUST-01013,2026-02-07,6514.28,OPEN
ORD-004518-1,PO-004518,CUST-02430,2026-06-02,25176.85,OPEN
ORD-004518-2,PO-004518,CUST-00107,2026-06-02,25176.85,OPEN
ORD-004519-1,PO-004519,CUST-00506,2026-07-03,119906.3,OPEN
ORD-004519-2,PO-004519,CUST-02471,2026-07-02,59953.15,OPEN
ORD-004520-1,PO-004520,CUST-01672,2026-07-18,25605.11,OPEN
ORD-004520-2,PO-004520,CUST-02343,2026-07-10,12802.56,OPEN
ORD-004520-3,PO-004520,CUST-00738,2026-07-12,17070.07,OPEN
ORD-004521-1,PO-004521,CUST-00047,2026-04-20,23797.6,OPEN
ORD-004521-2,PO-004521,CUST-02078,2026-04-18,71392.8,OPEN
ORD-004521-3,PO-004521,CUST-01012,2026-04-12,17848.2,OPEN
ORD-004522-1,PO-004522,CUST-01791,2026-01-04,27923.53,OPEN
ORD-004522-2,PO-004522,CUST-01058,2026-01-10,37231.37,OPEN
ORD-004522-3,PO-004522,CUST-02362,2026-01-09,37231.37,OPEN
ORD-004523-1,PO-004523,CUST-00726,2026-05-26,24109.49,OPEN
ORD-004524-1,PO-004524,CUST-01385,2026-03-19,19608.29,OPEN
ORD-004525-1,PO-004525,CUST-00627,2026-03-13,19586.35,OPEN
ORD-004525-2,PO-004525,CUST-01928,2026-03-13,9793.17,OPEN
ORD-004526-1,PO-004526,CUST-00935,2026-02-24,19723.69,OPEN
ORD-004526-2,PO-004526,CUST-00774,2026-02-23,59171.06,OPEN
ORD-004526-3,PO-004526,CUST-00964,2026-02-23,29585.53,OPEN
ORD-004527-1,PO-004527,CUST-02145,2026-09-06,40858.78,OPEN
ORD-004527-2,PO-004527,CUST-00610,2026-09-04,61288.18,OPEN
ORD-004528-1,PO-004528,CUST-01261,2026-05-07,23042.22,OPEN
ORD-004528-2,PO-004528,CUST-00930,2026-05-14,11521.11,OPEN
ORD-004528-3,PO-004528,CUST-02157,2026-05-05,46084.44,OPEN
ORD-004529-1,PO-004529,CUST-00218,2026-01-18,29051.9,OPEN
ORD-004529-2,PO-004529,CUST-02363,2026-01-17,38735.86,OPEN
ORD-004530-1,PO-004530,CUST-02093,2026-04-15,7575.85,OPEN
ORD-004530-2,PO-004530,CUST-00297,2026-04-20,5050.57,OPEN
ORD-004530-3,PO-004530,CUST-01391,2026-04-17,3787.93,OPEN
ORD-004530-4,PO-004530,CUST-00050,2026-04-19,15151.71,OPEN
ORD-004531-1,PO-004531,CUST-02291,2026-02-14,19615.87,OPEN
ORD-004531-2,PO-004531,CUST-01263,2026-02-20,13077.24,OPEN
ORD-004531-3,PO-004531,CUST-01672,2026-02-13,13077.24,OPEN
ORD-004531-4,PO-004531,CUST-01183,2026-02-11,39231.73,OPEN
ORD-004532-1,PO-004532,CUST-02166,2026-05-22,5197.91,OPEN
ORD-004533-1,PO-004533,CUST-00326,2026-08-13,47203.38,OPEN
ORD-004533-2,PO-004533,CUST-01896,2026-08-13,47203.38,OPEN
ORD-004533-3,PO-004533,CUST-00844,2026-08-22,47203.38,OPEN
ORD-004534-1,PO-004534,CUST-00487,2026-05-16,6495.97,OPEN
ORD-004535-1,PO-004535,CUST-02277,2026-07-13,45316.14,OPEN
ORD-004535-2,PO-004535,CUST-01009,2026-07-12,67974.21,OPEN
ORD-004535-3,PO-004535,CUST-01291,2026-07-10,135948.42,OPEN
ORD-004535-4,PO-004535,CUST-00689,2026-07-10,67974.21,OPEN
ORD-004536-1,PO-004536,CUST-02257,2026-08-30,79275.35,OPEN
ORD-004536-2,PO-004536,CUST-01914,2026-08-24,39637.68,OPEN
ORD-004537-1,PO-004537,CUST-02289,2026-07-09,121199.95,OPEN
ORD-004537-2,PO-004537,CUST-00411,2026-07-11,40399.98,OPEN
ORD-004537-3,PO-004537,CUST-00917,2026-07-07,30299.99,OPEN
ORD-004537-4,PO-004537,CUST-02340,2026-07-07,60599.97,OPEN
ORD-004538-1,PO-004538,CUST-01297,2026-07-27,37007.0,OPEN
ORD-004538-2,PO-004538,CUST-02214,2026-07-27,24671.34,OPEN
ORD-004539-1,PO-004539,CUST-00999,2026-09-04,31450.44,OPEN
ORD-004539-2,PO-004539,CUST-00815,2026-09-04,15725.22,OPEN
ORD-004540-1,PO-004540,CUST-01998,2026-03-06,59487.29,OPEN
ORD-004540-2,PO-004540,CUST-00408,2026-02-25,39658.2,OPEN
ORD-004540-3,PO-004540,CUST-00431,2026-02-27,39658.2,OPEN
ORD-004541-1,PO-004541,CUST-01095,2026-09-01,117956.52,OPEN
ORD-004541-2,PO-004541,CUST-01640,2026-09-06,29489.13,OPEN
ORD-004541-3,PO-004541,CUST-01789,2026-08-29,117956.52,OPEN
ORD-004541-4,PO-004541,CUST-02064,2026-09-01,58978.26,OPEN
ORD-004542-1,PO-004542,CUST-01540,2026-06-17,77128.62,OPEN
ORD-004543-1,PO-004543,CUST-01719,2026-01-27,19864.14,OPEN
ORD-004544-1,PO-004544,CUST-01581,2026-04-05,41119.99,OPEN
ORD-004544-2,PO-004544,CUST-01036,2026-03-30,61679.99,OPEN
ORD-004544-3,PO-004544,CUST-00754,2026-04-03,61679.99,OPEN
ORD-004545-1,PO-004545,CUST-01504,2026-03-10,43968.15,OPEN
ORD-004545-2,PO-004545,CUST-01136,2026-03-14,43968.15,OPEN
ORD-004546-1,PO-004546,CUST-02434,2026-07-24,125388.37,OPEN
ORD-004546-2,PO-004546,CUST-01723,2026-07-26,125388.37,OPEN
ORD-004546-3,PO-004546,CUST-00816,2026-07-24,31347.09,OPEN
ORD-004547-1,PO-004547,CUST-02151,2026-06-28,12722.83,OPEN
ORD-004547-2,PO-004547,CUST-01177,2026-06-24,12722.83,OPEN
ORD-004548-1,PO-004548,CUST-00265,2026-08-25,43666.51,OPEN
ORD-004548-2,PO-004548,CUST-01284,2026-08-26,32749.88,OPEN
ORD-004548-3,PO-004548,CUST-00540,2026-08-28,130999.53,OPEN
ORD-004548-4,PO-004548,CUST-01784,2026-08-24,43666.51,OPEN
ORD-004549-1,PO-004549,CUST-00896,2026-06-05,29826.4,OPEN
ORD-004550-1,PO-004550,CUST-01268,2026-03-12,3777.72,OPEN
ORD-004550-2,PO-004550,CUST-01514,2026-03-06,2518.48,OPEN
ORD-004551-1,PO-004551,CUST-02251,2026-06-07,39716.79,OPEN
ORD-004551-2,PO-004551,CUST-00078,2026-06-10,39716.79,OPEN
ORD-004551-3,PO-004551,CUST-01672,2026-06-05,39716.79,OPEN
ORD-004551-4,PO-004551,CUST-00386,2026-06-06,29787.59,OPEN
ORD-004552-1,PO-004552,CUST-02197,2026-01-17,1195.3,OPEN
ORD-004552-2,PO-004552,CUST-00170,2026-01-18,796.87,OPEN
ORD-004553-1,PO-004553,CUST-00804,2026-08-06,92883.79,OPEN
ORD-004553-2,PO-004553,CUST-01098,2026-08-07,30961.26,OPEN
ORD-004554-1,PO-004554,CUST-01942,2026-01-09,33166.85,OPEN
ORD-004554-2,PO-004554,CUST-01055,2026-01-04,33166.85,OPEN
ORD-004554-3,PO-004554,CUST-00551,2026-01-05,44222.47,OPEN
ORD-004554-4,PO-004554,CUST-02386,2026-01-02,33166.85,OPEN
ORD-004555-1,PO-004555,CUST-01202,2026-07-06,37627.89,OPEN
ORD-004555-2,PO-004555,CUST-00769,2026-07-06,18813.94,OPEN
ORD-004555-3,PO-004555,CUST-00818,2026-06-29,37627.89,OPEN
ORD-004555-4,PO-004555,CUST-01650,2026-07-02,37627.89,OPEN
ORD-004556-1,PO-004556,CUST-02172,2026-06-08,14405.68,OPEN
ORD-004556-2,PO-004556,CUST-01512,2026-06-01,43217.03,OPEN
ORD-004556-3,PO-004556,CUST-00261,2026-06-08,14405.68,OPEN
ORD-004557-1,PO-004557,CUST-00017,2026-03-02,35886.74,OPEN
ORD-004558-1,PO-004558,CUST-00278,2026-08-15,24172.2,OPEN
ORD-004558-2,PO-004558,CUST-00546,2026-08-10,48344.4,OPEN
ORD-004558-3,PO-004558,CUST-01509,2026-08-16,96688.8,OPEN
ORD-004558-4,PO-004558,CUST-00651,2026-08-14,48344.4,OPEN
ORD-004559-1,PO-004559,CUST-01173,2026-07-06,6890.45,OPEN
ORD-004560-1,PO-004560,CUST-00854,2026-02-16,4761.95,OPEN
ORD-004560-2,PO-004560,CUST-01713,2026-02-15,9523.9,OPEN
ORD-004561-1,PO-004561,CUST-01965,2026-04-21,34818.32,OPEN
ORD-004561-2,PO-004561,CUST-02425,2026-04-16,52227.48,OPEN
ORD-004562-1,PO-004562,CUST-00844,2026-07-05,33281.66,OPEN
ORD-004562-2,PO-004562,CUST-00501,2026-06-28,33281.66,OPEN
ORD-004562-3,PO-004562,CUST-02139,2026-06-28,66563.32,OPEN
ORD-004562-4,PO-004562,CUST-00046,2026-07-05,22187.77,OPEN
ORD-004563-1,PO-004563,CUST-00352,2026-06-16,43193.38,OPEN
ORD-004563-2,PO-004563,CUST-01830,2026-06-14,43193.38,OPEN
ORD-004563-3,PO-004563,CUST-00341,2026-06-23,43193.38,OPEN
ORD-004564-1,PO-004564,CUST-00353,2026-05-20,30243.37,OPEN
ORD-004564-2,PO-004564,CUST-00346,2026-05-12,20162.25,OPEN
ORD-004564-3,PO-004564,CUST-00363,2026-05-14,15121.68,OPEN
ORD-004565-1,PO-004565,CUST-01470,2026-03-22,69005.43,OPEN
ORD-004566-1,PO-004566,CUST-00742,2026-06-10,22686.93,OPEN
ORD-004566-2,PO-004566,CUST-00013,2026-06-07,90747.72,OPEN
ORD-004567-1,PO-004567,CUST-01011,2026-08-11,5357.76,OPEN
ORD-004567-2,PO-004567,CUST-01826,2026-08-13,21431.02,OPEN
ORD-004568-1,PO-004568,CUST-00918,2026-09-07,15408.72,OPEN
ORD-004568-2,PO-004568,CUST-01024,2026-08-31,7704.36,OPEN
ORD-004569-1,PO-004569,CUST-01373,2026-06-29,18587.42,OPEN
ORD-004569-2,PO-004569,CUST-01948,2026-06-28,18587.42,OPEN
ORD-004569-3,PO-004569,CUST-00331,2026-06-27,37174.83,OPEN
ORD-004570-1,PO-004570,CUST-01998,2026-03-08,23740.62,OPEN
ORD-004570-2,PO-004570,CUST-00893,2026-03-14,15827.08,OPEN
ORD-004571-1,PO-004571,CUST-02378,2026-06-09,67737.34,OPEN
ORD-004572-1,PO-004572,CUST-02175,2026-04-11,94683.89,OPEN
ORD-004573-1,PO-004573,CUST-01496,2026-03-03,103851.4,OPEN
ORD-004573-2,PO-004573,CUST-00254,2026-03-03,51925.7,OPEN
ORD-004573-3,PO-004573,CUST-01525,2026-02-23,51925.7,OPEN
ORD-004574-1,PO-004574,CUST-02181,2026-06-18,45370.0,OPEN
ORD-004575-1,PO-004575,CUST-01831,2026-03-19,41856.0,OPEN
ORD-004576-1,PO-004576,CUST-01090,2026-08-26,32055.97,OPEN
ORD-004576-2,PO-004576,CUST-00824,2026-08-28,32055.97,OPEN
ORD-004576-3,PO-004576,CUST-02085,2026-08-30,32055.97,OPEN
ORD-004577-1,PO-004577,CUST-01276,2026-04-07,28578.76,OPEN
ORD-004578-1,PO-004578,CUST-02213,2026-07-11,21766.71,OPEN
ORD-004578-2,PO-004578,CUST-01382,2026-07-12,21766.71,OPEN
ORD-004578-3,PO-004578,CUST-01620,2026-07-11,10883.35,OPEN
ORD-004579-1,PO-004579,CUST-00759,2026-06-24,20184.61,OPEN
ORD-004579-2,PO-004579,CUST-02282,2026-06-21,80738.45,OPEN
ORD-004580-1,PO-004580,CUST-00197,2026-02-09,29375.43,OPEN
ORD-004581-1,PO-004581,CUST-01967,2026-03-21,146941.04,OPEN
ORD-004581-2,PO-004581,CUST-00468,2026-03-27,36735.26,OPEN
ORD-004582-1,PO-004582,CUST-01908,2026-08-04,31234.48,OPEN
ORD-004582-2,PO-004582,CUST-02227,2026-08-06,93703.45,OPEN
ORD-004582-3,PO-004582,CUST-02176,2026-08-08,23425.86,OPEN
ORD-004583-1,PO-004583,CUST-02476,2026-03-07,637.15,OPEN
ORD-004583-2,PO-004583,CUST-01325,2026-03-10,1274.31,OPEN
ORD-004584-1,PO-004584,CUST-00601,2026-08-05,69493.27,OPEN
ORD-004585-1,PO-004585,CUST-00036,2026-07-07,18842.82,OPEN
ORD-004585-2,PO-004585,CUST-02040,2026-07-09,56528.46,OPEN
ORD-004586-1,PO-004586,CUST-01313,2026-03-12,66637.18,OPEN
ORD-004586-2,PO-004586,CUST-01132,2026-03-17,33318.59,OPEN
ORD-004587-1,PO-004587,CUST-00848,2026-02-26,32005.28,OPEN
ORD-004587-2,PO-004587,CUST-01683,2026-02-21,32005.28,OPEN
ORD-004587-3,PO-004587,CUST-01057,2026-02-20,8001.32,OPEN
ORD-004587-4,PO-004587,CUST-00259,2026-02-25,10668.43,OPEN
ORD-004588-1,PO-004588,CUST-00035,2026-04-19,52758.08,OPEN
ORD-004589-1,PO-004589,CUST-02040,2026-07-26,98977.1,OPEN
ORD-004589-2,PO-004589,CUST-00967,2026-07-22,32992.37,OPEN
ORD-004590-1,PO-004590,CUST-01000,2026-03-06,17675.5,OPEN
ORD-004591-1,PO-004591,CUST-01611,2026-06-28,94276.17,OPEN
ORD-004591-2,PO-004591,CUST-00997,2026-06-27,31425.39,OPEN
ORD-004592-1,PO-004592,CUST-01939,2026-02-12,24464.19,OPEN
ORD-004592-2,PO-004592,CUST-01029,2026-02-17,12232.1,OPEN
ORD-004592-3,PO-004592,CUST-01978,2026-02-16,12232.1,OPEN
ORD-004592-4,PO-004592,CUST-01632,2026-02-19,24464.19,OPEN
ORD-004593-1,PO-004593,CUST-01725,2026-01-30,11270.58,OPEN
ORD-004594-1,PO-004594,CUST-01678,2026-01-08,39353.55,OPEN
ORD-004594-2,PO-004594,CUST-01118,2026-01-05,39353.55,OPEN
ORD-004594-3,PO-004594,CUST-00904,2026-01-08,59030.32,OPEN
ORD-004595-1,PO-004595,CUST-00637,2026-03-23,23799.82,OPEN
ORD-004596-1,PO-004596,CUST-02364,2026-07-12,5538.73,OPEN
ORD-004597-1,PO-004597,CUST-01300,2026-07-12,15514.21,OPEN
ORD-004598-1,PO-004598,CUST-00414,2026-01-14,31706.46,OPEN
ORD-004598-2,PO-004598,CUST-00780,2026-01-11,23779.85,OPEN
ORD-004599-1,PO-004599,CUST-02283,2026-04-24,14026.68,OPEN
ORD-004599-2,PO-004599,CUST-01463,2026-04-25,18702.24,OPEN
ORD-004599-3,PO-004599,CUST-00197,2026-04-19,28053.37,OPEN
ORD-004600-1,PO-004600,CUST-02396,2026-04-17,1246.63,OPEN
ORD-004600-2,PO-004600,CUST-01774,2026-04-16,934.97,OPEN
ORD-004600-3,PO-004600,CUST-00196,2026-04-18,1869.94,OPEN
ORD-004600-4,PO-004600,CUST-01015,2026-04-16,934.97,OPEN
ORD-004601-1,PO-004601,CUST-02444,2026-08-05,54511.43,OPEN
ORD-004601-2,PO-004601,CUST-00378,2026-08-08,13627.86,OPEN
ORD-004601-3,PO-004601,CUST-00831,2026-08-04,18170.48,OPEN
ORD-004602-1,PO-004602,CUST-02396,2026-07-23,21010.0,OPEN
ORD-004603-1,PO-004603,CUST-00888,2026-06-15,68380.47,OPEN
ORD-004603-2,PO-004603,CUST-00585,2026-06-18,17095.12,OPEN
ORD-004603-3,PO-004603,CUST-02148,2026-06-11,34190.24,OPEN
ORD-004603-4,PO-004603,CUST-02269,2026-06-17,17095.12,OPEN
ORD-004604-1,PO-004604,CUST-01121,2026-05-03,44005.71,OPEN
ORD-004604-2,PO-004604,CUST-01672,2026-04-26,44005.71,OPEN
ORD-004605-1,PO-004605,CUST-01869,2026-06-21,30680.25,OPEN
ORD-004606-1,PO-004606,CUST-01395,2026-04-16,143360.98,OPEN
ORD-004606-2,PO-004606,CUST-01293,2026-04-15,35840.25,OPEN
ORD-004606-3,PO-004606,CUST-01323,2026-04-18,143360.98,OPEN
ORD-004606-4,PO-004606,CUST-01968,2026-04-12,47786.99,OPEN
ORD-004607-1,PO-004607,CUST-00972,2026-08-25,33811.36,OPEN
ORD-004607-2,PO-004607,CUST-01778,2026-08-29,45081.81,OPEN
ORD-004607-3,PO-004607,CUST-01424,2026-09-01,33811.36,OPEN
ORD-004607-4,PO-004607,CUST-01281,2026-09-01,135245.44,OPEN
ORD-004608-1,PO-004608,CUST-01999,2026-07-02,16514.04,OPEN
ORD-004609-1,PO-004609,CUST-00059,2026-02-10,25896.38,OPEN
ORD-004610-1,PO-004610,CUST-00008,2026-03-19,142285.67,OPEN
ORD-004610-2,PO-004610,CUST-00137,2026-03-24,35571.42,OPEN
ORD-004611-1,PO-004611,CUST-00130,2026-01-10,37327.76,OPEN
ORD-004611-2,PO-004611,CUST-01151,2026-01-17,18663.88,OPEN
ORD-004611-3,PO-004611,CUST-01132,2026-01-09,9331.94,OPEN
ORD-004612-1,PO-004612,CUST-00988,2026-02-06,26947.93,OPEN
ORD-004612-2,PO-004612,CUST-02213,2026-02-07,80843.8,OPEN
ORD-004613-1,PO-004613,CUST-00101,2026-05-03,145954.21,OPEN
ORD-004613-2,PO-004613,CUST-01092,2026-05-07,36488.55,OPEN
ORD-004614-1,PO-004614,CUST-00617,2026-07-30,19639.01,OPEN
ORD-004614-2,PO-004614,CUST-02057,2026-08-07,19639.01,OPEN
ORD-004615-1,PO-004615,CUST-01303,2026-07-18,28133.89,OPEN
ORD-004615-2,PO-004615,CUST-00776,2026-07-12,28133.89,OPEN
ORD-004616-1,PO-004616,CUST-00474,2026-03-06,434.16,OPEN
ORD-004617-1,PO-004617,CUST-01183,2026-07-05,45004.24,OPEN
ORD-004617-2,PO-004617,CUST-00153,2026-07-10,15001.41,OPEN
ORD-004618-1,PO-004618,CUST-01787,2026-02-24,25229.2,OPEN
ORD-004618-2,PO-004618,CUST-01638,2026-02-27,18921.9,OPEN
ORD-004618-3,PO-004618,CUST-01225,2026-02-27,25229.2,OPEN
ORD-004619-1,PO-004619,CUST-01985,2026-01-09,16032.94,OPEN
ORD-004619-2,PO-004619,CUST-00445,2026-01-01,32065.88,OPEN
ORD-004619-3,PO-004619,CUST-00495,2026-01-08,16032.94,OPEN
ORD-004620-1,PO-004620,CUST-01475,2026-07-24,31715.15,OPEN
ORD-004620-2,PO-004620,CUST-02268,2026-07-26,21143.43,OPEN
ORD-004620-3,PO-004620,CUST-02223,2026-07-22,63430.3,OPEN
ORD-004620-4,PO-004620,CUST-00381,2026-07-31,63430.3,OPEN
ORD-004621-1,PO-004621,CUST-02466,2026-04-17,37179.05,OPEN
ORD-004622-1,PO-004622,CUST-02461,2026-05-26,71230.65,OPEN
ORD-004622-2,PO-004622,CUST-01854,2026-06-05,142461.31,OPEN
ORD-004622-3,PO-004622,CUST-00721,2026-05-27,35615.33,OPEN
ORD-004623-1,PO-004623,CUST-00703,2026-03-18,47503.97,OPEN
ORD-004623-2,PO-004623,CUST-00850,2026-03-14,15834.66,OPEN
ORD-004624-1,PO-004624,CUST-00537,2026-02-08,16331.46,OPEN
ORD-004624-2,PO-004624,CUST-02082,2026-02-13,24497.19,OPEN
ORD-004625-1,PO-004625,CUST-02250,2026-02-02,16403.34,OPEN
ORD-004626-1,PO-004626,CUST-00412,2026-02-09,14972.92,OPEN
ORD-004626-2,PO-004626,CUST-01682,2026-02-08,29945.83,OPEN
ORD-004627-1,PO-004627,CUST-01390,2026-04-13,7035.55,OPEN
ORD-004627-2,PO-004627,CUST-01199,2026-04-18,7035.55,OPEN
ORD-004628-1,PO-004628,CUST-01167,2026-03-24,38712.44,OPEN
ORD-004628-2,PO-004628,CUST-00436,2026-03-24,77424.88,OPEN
ORD-004628-3,PO-004628,CUST-02233,2026-03-19,77424.88,OPEN
ORD-004629-1,PO-004629,CUST-00597,2026-04-04,39418.88,OPEN
ORD-004629-2,PO-004629,CUST-00342,2026-04-10,13139.63,OPEN
ORD-004629-3,PO-004629,CUST-00451,2026-04-11,9854.72,OPEN
ORD-004630-1,PO-004630,CUST-00411,2026-03-26,11616.93,OPEN
ORD-004631-1,PO-004631,CUST-00241,2026-08-19,136858.29,OPEN
ORD-004631-2,PO-004631,CUST-01828,2026-08-17,34214.57,OPEN
ORD-004632-1,PO-004632,CUST-00483,2026-06-14,60186.9,OPEN
ORD-004632-2,PO-004632,CUST-00238,2026-06-15,30093.45,OPEN
ORD-004633-1,PO-004633,CUST-01729,2026-03-14,24634.72,OPEN
ORD-004633-2,PO-004633,CUST-00214,2026-03-09,24634.72,OPEN
ORD-004634-1,PO-004634,CUST-02044,2026-04-06,2429.11,OPEN
ORD-004635-1,PO-004635,CUST-01765,2026-07-08,36023.19,OPEN
ORD-004636-1,PO-004636,CUST-01980,2026-06-24,34995.57,OPEN
ORD-004636-2,PO-004636,CUST-00622,2026-06-22,17497.78,OPEN
ORD-004637-1,PO-004637,CUST-02226,2026-03-17,34430.33,OPEN
ORD-004638-1,PO-004638,CUST-02316,2026-06-04,11604.52,OPEN
ORD-004638-2,PO-004638,CUST-02417,2026-06-03,34813.57,OPEN
ORD-004638-3,PO-004638,CUST-01340,2026-06-01,8703.39,OPEN
ORD-004638-4,PO-004638,CUST-01035,2026-06-03,34813.57,OPEN
ORD-004639-1,PO-004639,CUST-01811,2026-03-25,6776.88,OPEN
ORD-004639-2,PO-004639,CUST-00512,2026-03-16,27107.52,OPEN
ORD-004639-3,PO-004639,CUST-00747,2026-03-21,27107.52,OPEN
ORD-004640-1,PO-004640,CUST-01642,2026-04-26,3935.86,OPEN
ORD-004641-1,PO-004641,CUST-00993,2026-06-01,132154.83,OPEN
ORD-004642-1,PO-004642,CUST-01270,2026-03-05,28852.58,OPEN
ORD-004643-1,PO-004643,CUST-01954,2026-04-22,18206.52,OPEN
ORD-004644-1,PO-004644,CUST-02216,2026-08-09,50681.89,OPEN
ORD-004644-2,PO-004644,CUST-02234,2026-08-05,25340.94,OPEN
ORD-004645-1,PO-004645,CUST-00278,2026-05-08,60887.5,OPEN
ORD-004645-2,PO-004645,CUST-01343,2026-05-15,60887.5,OPEN
ORD-004645-3,PO-004645,CUST-01142,2026-05-11,60887.5,OPEN
ORD-004645-4,PO-004645,CUST-00656,2026-05-08,121774.99,OPEN
ORD-004646-1,PO-004646,CUST-01273,2026-05-22,26331.84,OPEN
ORD-004647-1,PO-004647,CUST-00631,2026-08-26,143349.1,OPEN
ORD-004647-2,PO-004647,CUST-00788,2026-08-29,47783.03,OPEN
ORD-004648-1,PO-004648,CUST-00101,2026-07-16,91658.83,OPEN
ORD-004649-1,PO-004649,CUST-00659,2026-07-17,27627.39,OPEN
ORD-004649-2,PO-004649,CUST-01525,2026-07-13,55254.78,OPEN
ORD-004649-3,PO-004649,CUST-02102,2026-07-14,55254.78,OPEN
ORD-004649-4,PO-004649,CUST-01183,2026-07-12,55254.78,OPEN
ORD-004650-1,PO-004650,CUST-00025,2026-05-08,44468.5,OPEN
ORD-004651-1,PO-004651,CUST-02276,2026-04-27,10473.47,OPEN
ORD-004651-2,PO-004651,CUST-00399,2026-05-02,10473.47,OPEN
ORD-004651-3,PO-004651,CUST-00036,2026-04-25,20946.94,OPEN
ORD-004651-4,PO-004651,CUST-00146,2026-04-27,13964.63,OPEN
ORD-004652-1,PO-004652,CUST-01587,2026-02-16,65940.06,OPEN
ORD-004652-2,PO-004652,CUST-01799,2026-02-15,43960.04,OPEN
ORD-004652-3,PO-004652,CUST-01177,2026-02-21,32970.03,OPEN
ORD-004652-4,PO-004652,CUST-00152,2026-02-21,43960.04,OPEN
ORD-004653-1,PO-004653,CUST-00642,2026-06-19,31748.74,OPEN
ORD-004653-2,PO-004653,CUST-01282,2026-06-17,47623.11,OPEN
ORD-004653-3,PO-004653,CUST-00933,2026-06-15,47623.11,OPEN
ORD-004653-4,PO-004653,CUST-00424,2026-06-14,95246.21,OPEN
ORD-004654-1,PO-004654,CUST-00570,2026-06-17,17875.76,OPEN
ORD-004654-2,PO-004654,CUST-00312,2026-06-08,11917.17,OPEN
ORD-004654-3,PO-004654,CUST-02475,2026-06-15,35751.51,OPEN
ORD-004655-1,PO-004655,CUST-00385,2026-04-15,15342.9,OPEN
ORD-004655-2,PO-004655,CUST-02247,2026-04-10,61371.58,OPEN
ORD-004656-1,PO-004656,CUST-00360,2026-02-09,66832.09,OPEN
ORD-004657-1,PO-004657,CUST-00709,2026-07-14,981.81,OPEN
ORD-004657-2,PO-004657,CUST-02483,2026-07-14,981.81,OPEN
ORD-004657-3,PO-004657,CUST-01635,2026-07-14,736.36,OPEN
ORD-004658-1,PO-004658,CUST-01335,2026-01-09,1895.09,OPEN
ORD-004658-2,PO-004658,CUST-00299,2026-01-15,7580.37,OPEN
ORD-004658-3,PO-004658,CUST-00215,2026-01-17,2526.79,OPEN
ORD-004659-1,PO-004659,CUST-00912,2026-03-26,5657.44,OPEN
ORD-004659-2,PO-004659,CUST-01588,2026-03-22,5657.44,OPEN
ORD-004659-3,PO-004659,CUST-02273,2026-03-28,16972.33,OPEN
ORD-004659-4,PO-004659,CUST-01231,2026-03-21,8486.17,OPEN
ORD-004660-1,PO-004660,CUST-01904,2026-01-04,71991.9,OPEN
ORD-004661-1,PO-004661,CUST-01752,2026-04-09,7273.42,OPEN
ORD-004661-2,PO-004661,CUST-02358,2026-04-09,7273.42,OPEN
ORD-004662-1,PO-004662,CUST-01535,2026-02-11,32941.9,OPEN
ORD-004662-2,PO-004662,CUST-01524,2026-02-17,65883.8,OPEN
ORD-004662-3,PO-004662,CUST-02155,2026-02-07,65883.8,OPEN
ORD-004662-4,PO-004662,CUST-01693,2026-02-08,32941.9,OPEN
ORD-004663-1,PO-004663,CUST-00718,2026-01-10,19961.18,OPEN
ORD-004663-2,PO-004663,CUST-01719,2026-01-15,9980.59,OPEN
ORD-004663-3,PO-004663,CUST-00264,2026-01-06,9980.59,OPEN
ORD-004663-4,PO-004663,CUST-01871,2026-01-14,6653.73,OPEN
ORD-004664-1,PO-004664,CUST-01457,2026-05-15,10256.58,OPEN
ORD-004664-2,PO-004664,CUST-01200,2026-05-22,10256.58,OPEN
ORD-004665-1,PO-004665,CUST-00368,2026-04-09,112729.58,OPEN
ORD-004665-2,PO-004665,CUST-02491,2026-04-10,112729.58,OPEN
ORD-004665-3,PO-004665,CUST-00705,2026-04-08,56364.79,OPEN
ORD-004665-4,PO-004665,CUST-02017,2026-04-06,37576.53,OPEN
ORD-004666-1,PO-004666,CUST-00676,2026-03-18,27871.0,OPEN
ORD-004667-1,PO-004667,CUST-01546,2026-06-09,79426.93,OPEN
ORD-004667-2,PO-004667,CUST-02464,2026-06-09,39713.46,OPEN
ORD-004668-1,PO-004668,CUST-02075,2026-08-06,32361.78,OPEN
ORD-004668-2,PO-004668,CUST-02094,2026-07-31,32361.78,OPEN
ORD-004668-3,PO-004668,CUST-02336,2026-07-31,43149.05,OPEN
ORD-004668-4,PO-004668,CUST-01215,2026-08-05,64723.57,OPEN
ORD-004669-1,PO-004669,CUST-01787,2026-08-27,4748.11,OPEN
ORD-004669-2,PO-004669,CUST-01896,2026-09-04,4748.11,OPEN
ORD-004669-3,PO-004669,CUST-01474,2026-09-04,9496.23,OPEN
ORD-004669-4,PO-004669,CUST-01377,2026-08-31,6330.82,OPEN
ORD-004670-1,PO-004670,CUST-00233,2026-06-09,44179.34,OPEN
ORD-004671-1,PO-004671,CUST-01019,2026-02-20,5288.88,OPEN
ORD-004672-1,PO-004672,CUST-01742,2026-07-19,119471.1,OPEN
ORD-004672-2,PO-004672,CUST-02019,2026-07-25,119471.1,OPEN
ORD-004673-1,PO-004673,CUST-01549,2026-05-17,32203.14,OPEN
ORD-004673-2,PO-004673,CUST-01493,2026-05-13,32203.14,OPEN
ORD-004673-3,PO-004673,CUST-01872,2026-05-16,128812.57,OPEN
ORD-004673-4,PO-004673,CUST-00443,2026-05-20,32203.14,OPEN
ORD-004674-1,PO-004674,CUST-01253,2026-08-26,23613.13,OPEN
ORD-004675-1,PO-004675,CUST-02043,2026-06-14,8875.05,OPEN
ORD-004676-1,PO-004676,CUST-00339,2026-03-11,28385.18,OPEN
ORD-004676-2,PO-004676,CUST-02467,2026-03-08,28385.18,OPEN
ORD-004676-3,PO-004676,CUST-02270,2026-03-03,37846.91,OPEN
ORD-004677-1,PO-004677,CUST-01813,2026-05-26,106700.15,OPEN
ORD-004677-2,PO-004677,CUST-00779,2026-05-19,53350.07,OPEN
ORD-004678-1,PO-004678,CUST-01592,2026-02-04,76199.36,OPEN
ORD-004679-1,PO-004679,CUST-02048,2026-05-12,23265.83,OPEN
ORD-004679-2,PO-004679,CUST-00692,2026-05-09,31021.11,OPEN
ORD-004679-3,PO-004679,CUST-02184,2026-05-02,93063.34,OPEN
ORD-004680-1,PO-004680,CUST-00255,2026-05-22,49131.42,OPEN
ORD-004681-1,PO-004681,CUST-02386,2026-07-31,57806.53,OPEN
ORD-004682-1,PO-004682,CUST-01643,2026-02-12,47573.07,OPEN
ORD-004682-2,PO-004682,CUST-00137,2026-02-08,47573.07,OPEN
ORD-004683-1,PO-004683,CUST-00683,2026-07-27,22523.85,OPEN
ORD-004683-2,PO-004683,CUST-00534,2026-08-03,7507.95,OPEN
ORD-004684-1,PO-004684,CUST-00623,2026-08-28,19834.12,OPEN
ORD-004684-2,PO-004684,CUST-01925,2026-08-20,19834.12,OPEN
ORD-004684-3,PO-004684,CUST-01968,2026-08-24,9917.06,OPEN
ORD-004685-1,PO-004685,CUST-02310,2026-08-27,44257.04,OPEN
ORD-004686-1,PO-004686,CUST-02023,2026-05-09,97065.35,OPEN
ORD-004686-2,PO-004686,CUST-01637,2026-05-09,48532.68,OPEN
ORD-004687-1,PO-004687,CUST-00353,2026-07-01,18001.27,OPEN
ORD-004687-2,PO-004687,CUST-00057,2026-06-26,4500.32,OPEN
ORD-004687-3,PO-004687,CUST-00385,2026-07-01,18001.27,OPEN
ORD-004688-1,PO-004688,CUST-02160,2026-05-08,25224.22,OPEN
ORD-004689-1,PO-004689,CUST-00147,2026-03-05,4597.62,OPEN
ORD-004689-2,PO-004689,CUST-01750,2026-02-28,18390.48,OPEN
ORD-004689-3,PO-004689,CUST-02349,2026-03-09,6130.16,OPEN
ORD-004690-1,PO-004690,CUST-01232,2026-04-01,112908.04,OPEN
ORD-004690-2,PO-004690,CUST-02398,2026-03-31,37636.01,OPEN
ORD-004691-1,PO-004691,CUST-02124,2026-03-20,522.46,OPEN
ORD-004691-2,PO-004691,CUST-01256,2026-03-22,348.3,OPEN
ORD-004691-3,PO-004691,CUST-02068,2026-03-15,1044.91,OPEN
ORD-004692-1,PO-004692,CUST-00793,2026-05-11,10470.0,OPEN
ORD-004693-1,PO-004693,CUST-00921,2026-03-21,30660.99,OPEN
ORD-004694-1,PO-004694,CUST-00050,2026-03-19,22258.06,OPEN
ORD-004694-2,PO-004694,CUST-01481,2026-03-20,29677.41,OPEN
ORD-004694-3,PO-004694,CUST-00639,2026-03-23,44516.12,OPEN
ORD-004695-1,PO-004695,CUST-00871,2026-05-02,1831.86,OPEN
ORD-004695-2,PO-004695,CUST-02167,2026-05-01,1373.9,OPEN
ORD-004695-3,PO-004695,CUST-01445,2026-04-27,1373.9,OPEN
ORD-004696-1,PO-004696,CUST-00186,2026-04-16,78902.52,OPEN
ORD-004696-2,PO-004696,CUST-01257,2026-04-10,78902.52,OPEN
ORD-004696-3,PO-004696,CUST-00833,2026-04-09,39451.26,OPEN
ORD-004696-4,PO-004696,CUST-01086,2026-04-13,39451.26,OPEN
ORD-004697-1,PO-004697,CUST-02059,2026-03-01,19333.59,OPEN
ORD-004697-2,PO-004697,CUST-00434,2026-03-07,58000.76,OPEN
ORD-004697-3,PO-004697,CUST-01479,2026-03-04,14500.19,OPEN
ORD-004697-4,PO-004697,CUST-02236,2026-03-02,14500.19,OPEN
ORD-004698-1,PO-004698,CUST-00730,2026-06-28,23013.42,OPEN
ORD-004699-1,PO-004699,CUST-00100,2026-05-25,111235.23,OPEN
ORD-004700-1,PO-004700,CUST-01900,2026-03-09,51472.19,OPEN
ORD-004700-2,PO-004700,CUST-00909,2026-03-12,12868.05,OPEN
ORD-004700-3,PO-004700,CUST-02256,2026-03-13,17157.4,OPEN
ORD-004700-4,PO-004700,CUST-00154,2026-03-07,12868.05,OPEN
ORD-004701-1,PO-004701,CUST-02065,2026-06-13,38015.33,OPEN
ORD-004701-2,PO-004701,CUST-01908,2026-06-11,76030.67,OPEN
ORD-004701-3,PO-004701,CUST-00342,2026-06-12,76030.67,OPEN
ORD-004702-1,PO-004702,CUST-02218,2026-05-19,41933.83,OPEN
ORD-004703-1,PO-004703,CUST-02400,2026-06-09,14325.33,OPEN
ORD-004703-2,PO-004703,CUST-01851,2026-06-08,57301.33,OPEN
ORD-004703-3,PO-004703,CUST-00120,2026-06-07,28650.67,OPEN
ORD-004704-1,PO-004704,CUST-02089,2026-05-02,48892.34,OPEN
ORD-004704-2,PO-004704,CUST-00523,2026-05-05,73338.51,OPEN
ORD-004704-3,PO-004704,CUST-01187,2026-05-03,73338.51,OPEN
ORD-004705-1,PO-004705,CUST-02291,2026-01-10,24845.26,OPEN
ORD-004706-1,PO-004706,CUST-02491,2026-04-05,8998.46,OPEN
ORD-004706-2,PO-004706,CUST-01405,2026-04-09,4499.23,OPEN
ORD-004707-1,PO-004707,CUST-00729,2026-05-02,28020.21,OPEN
ORD-004707-2,PO-004707,CUST-00226,2026-05-08,56040.42,OPEN
ORD-004707-3,PO-004707,CUST-00361,2026-05-04,14010.1,OPEN
ORD-004708-1,PO-004708,CUST-01345,2026-02-27,7889.51,OPEN
ORD-004708-2,PO-004708,CUST-01723,2026-02-25,5917.13,OPEN
ORD-004708-3,PO-004708,CUST-01759,2026-03-02,5917.13,OPEN
ORD-004708-4,PO-004708,CUST-01183,2026-03-01,7889.51,OPEN
ORD-004709-1,PO-004709,CUST-01519,2026-08-23,34175.93,OPEN
ORD-004709-2,PO-004709,CUST-00962,2026-08-31,34175.93,OPEN
ORD-004709-3,PO-004709,CUST-00479,2026-08-24,22783.95,OPEN
ORD-004709-4,PO-004709,CUST-01423,2026-08-28,68351.85,OPEN
ORD-004710-1,PO-004710,CUST-01844,2026-08-15,5203.62,OPEN
ORD-004710-2,PO-004710,CUST-01620,2026-08-22,5203.62,OPEN
ORD-004710-3,PO-004710,CUST-01334,2026-08-17,3902.71,OPEN
ORD-004710-4,PO-004710,CUST-01284,2026-08-18,3902.71,OPEN
ORD-004711-1,PO-004711,CUST-01307,2026-03-09,19275.1,OPEN
ORD-004711-2,PO-004711,CUST-00258,2026-03-09,12850.07,OPEN
ORD-004711-3,PO-004711,CUST-01845,2026-03-05,12850.07,OPEN
ORD-004712-1,PO-004712,CUST-01397,2026-06-29,22388.05,OPEN
ORD-004712-2,PO-004712,CUST-00935,2026-06-27,44776.1,OPEN
ORD-004713-1,PO-004713,CUST-02434,2026-02-18,21414.41,OPEN
ORD-004714-1,PO-004714,CUST-02129,2026-08-26,31459.73,OPEN
ORD-004714-2,PO-004714,CUST-00369,2026-09-02,7864.93,OPEN
ORD-004715-1,PO-004715,CUST-01740,2026-08-05,16304.7,OPEN
ORD-004716-1,PO-004716,CUST-01815,2026-07-06,99010.81,OPEN
ORD-004716-2,PO-004716,CUST-02282,2026-07-03,24752.7,OPEN
ORD-004716-3,PO-004716,CUST-02280,2026-07-09,49505.4,OPEN
ORD-004717-1,PO-004717,CUST-01733,2026-06-25,13011.91,OPEN
ORD-004717-2,PO-004717,CUST-01065,2026-06-21,52047.63,OPEN
ORD-004718-1,PO-004718,CUST-00058,2026-02-18,27439.08,OPEN
ORD-004718-2,PO-004718,CUST-01498,2026-02-15,109756.31,OPEN
ORD-004718-3,PO-004718,CUST-00267,2026-02-17,109756.31,OPEN
ORD-004718-4,PO-004718,CUST-01397,2026-02-18,36585.44,OPEN
ORD-004719-1,PO-004719,CUST-00080,2026-08-11,30202.8,OPEN
ORD-004720-1,PO-004720,CUST-01767,2026-04-17,29198.63,OPEN
ORD-004720-2,PO-004720,CUST-00112,2026-04-18,87595.89,OPEN
ORD-004720-3,PO-004720,CUST-02352,2026-04-14,43797.94,OPEN
ORD-004721-1,PO-004721,CUST-02066,2026-07-10,849.38,OPEN
ORD-004722-1,PO-004722,CUST-01397,2026-01-26,47839.96,OPEN
ORD-004723-1,PO-004723,CUST-01757,2026-02-03,132232.49,OPEN
ORD-004723-2,PO-004723,CUST-01593,2026-02-01,132232.49,OPEN
ORD-004723-3,PO-004723,CUST-00803,2026-02-10,44077.5,OPEN
ORD-004723-4,PO-004723,CUST-01938,2026-02-05,33058.12,OPEN
ORD-004724-1,PO-004724,CUST-02358,2026-05-11,41906.56,OPEN
ORD-004724-2,PO-004724,CUST-02192,2026-05-10,31429.92,OPEN
ORD-004724-3,PO-004724,CUST-01294,2026-05-12,31429.92,OPEN
ORD-004724-4,PO-004724,CUST-00189,2026-05-13,125719.68,OPEN
ORD-004725-1,PO-004725,CUST-00277,2026-04-19,32778.34,OPEN
ORD-004725-2,PO-004725,CUST-02043,2026-04-17,65556.68,OPEN
ORD-004725-3,PO-004725,CUST-01413,2026-04-22,32778.34,OPEN
ORD-004726-1,PO-004726,CUST-01766,2026-03-25,35547.76,OPEN
ORD-004727-1,PO-004727,CUST-02337,2026-05-25,29019.76,OPEN
ORD-004727-2,PO-004727,CUST-02454,2026-05-21,14509.88,OPEN
ORD-004727-3,PO-004727,CUST-02340,2026-05-23,19346.5,OPEN
ORD-004728-1,PO-004728,CUST-00611,2026-03-11,53220.16,OPEN
ORD-004728-2,PO-004728,CUST-01046,2026-03-18,53220.16,OPEN
ORD-004729-1,PO-004729,CUST-01313,2026-08-24,25541.33,OPEN
ORD-004730-1,PO-004730,CUST-01058,2026-07-27,72616.01,OPEN
ORD-004730-2,PO-004730,CUST-02496,2026-08-02,36308.0,OPEN
ORD-004730-3,PO-004730,CUST-00489,2026-07-27,24205.34,OPEN
ORD-004730-4,PO-004730,CUST-02151,2026-07-25,24205.34,OPEN
ORD-004731-1,PO-004731,CUST-01098,2026-01-12,29742.85,OPEN
ORD-004731-2,PO-004731,CUST-00884,2026-01-08,29742.85,OPEN
ORD-004731-3,PO-004731,CUST-01921,2026-01-06,29742.85,OPEN
ORD-004731-4,PO-004731,CUST-00628,2026-01-14,19828.56,OPEN
ORD-004732-1,PO-004732,CUST-00647,2026-08-11,11969.17,OPEN
ORD-004732-2,PO-004732,CUST-02005,2026-08-07,15958.89,OPEN
ORD-004733-1,PO-004733,CUST-00930,2026-03-04,27161.82,OPEN
ORD-004733-2,PO-004733,CUST-02436,2026-03-09,27161.82,OPEN
ORD-004733-3,PO-004733,CUST-02157,2026-03-07,108647.29,OPEN
ORD-004734-1,PO-004734,CUST-02390,2026-05-21,6323.38,OPEN
ORD-004734-2,PO-004734,CUST-00443,2026-05-23,6323.38,OPEN
ORD-004735-1,PO-004735,CUST-01031,2026-01-20,34661.23,OPEN
ORD-004735-2,PO-004735,CUST-02247,2026-01-22,25995.92,OPEN
ORD-004735-3,PO-004735,CUST-02238,2026-01-18,51991.85,OPEN
ORD-004736-1,PO-004736,CUST-00075,2026-08-31,51358.17,OPEN
ORD-004737-1,PO-004737,CUST-01682,2026-03-25,53049.48,OPEN
ORD-004737-2,PO-004737,CUST-02062,2026-03-27,53049.48,OPEN
ORD-004738-1,PO-004738,CUST-00241,2026-03-10,73293.62,OPEN
ORD-004739-1,PO-004739,CUST-02282,2026-04-21,7378.98,OPEN
ORD-004739-2,PO-004739,CUST-00423,2026-04-22,14757.95,OPEN
ORD-004740-1,PO-004740,CUST-00983,2026-05-03,4163.03,OPEN
ORD-004740-2,PO-004740,CUST-01724,2026-05-03,4163.03,OPEN
ORD-004740-3,PO-004740,CUST-00568,2026-05-01,8326.06,OPEN
ORD-004741-1,PO-004741,CUST-02359,2026-05-31,55951.26,OPEN
ORD-004741-2,PO-004741,CUST-01871,2026-05-26,55951.26,OPEN
ORD-004741-3,PO-004741,CUST-02403,2026-05-27,55951.26,OPEN
ORD-004741-4,PO-004741,CUST-01413,2026-06-04,27975.63,OPEN
ORD-004742-1,PO-004742,CUST-01124,2026-07-14,145062.97,OPEN
ORD-004742-2,PO-004742,CUST-02429,2026-07-12,145062.97,OPEN
ORD-004743-1,PO-004743,CUST-02242,2026-08-10,67242.93,OPEN
ORD-004743-2,PO-004743,CUST-01915,2026-08-11,16810.73,OPEN
ORD-004744-1,PO-004744,CUST-00915,2026-07-30,24244.72,OPEN
ORD-004745-1,PO-004745,CUST-02203,2026-05-08,8788.22,OPEN
ORD-004746-1,PO-004746,CUST-00543,2026-06-22,4061.16,OPEN
ORD-004746-2,PO-004746,CUST-01969,2026-06-24,4061.16,OPEN
ORD-004746-3,PO-004746,CUST-02189,2026-06-22,8122.31,OPEN
ORD-004746-4,PO-004746,CUST-00669,2026-06-19,5414.88,OPEN
ORD-004747-1,PO-004747,CUST-00288,2026-06-24,145524.15,OPEN
ORD-004747-2,PO-004747,CUST-01487,2026-06-20,145524.15,OPEN
ORD-004748-1,PO-004748,CUST-00857,2026-05-03,48354.31,OPEN
ORD-004748-2,PO-004748,CUST-01157,2026-04-29,36265.73,OPEN
ORD-004749-1,PO-004749,CUST-01468,2026-06-14,32483.42,OPEN
ORD-004750-1,PO-004750,CUST-01663,2026-07-01,37370.64,OPEN
ORD-004750-2,PO-004750,CUST-00138,2026-07-08,37370.64,OPEN
ORD-004750-3,PO-004750,CUST-02053,2026-07-06,49827.51,OPEN
ORD-004751-1,PO-004751,CUST-02410,2026-08-03,68783.76,OPEN
ORD-004751-2,PO-004751,CUST-01378,2026-08-10,45855.84,OPEN
ORD-004752-1,PO-004752,CUST-00285,2026-03-05,24362.81,OPEN
ORD-004752-2,PO-004752,CUST-00153,2026-03-08,48725.61,OPEN
ORD-004753-1,PO-004753,CUST-02069,2026-09-03,122265.53,OPEN
ORD-004754-1,PO-004754,CUST-01686,2026-09-07,144830.42,OPEN
ORD-004754-2,PO-004754,CUST-01094,2026-09-06,72415.21,OPEN
ORD-004754-3,PO-004754,CUST-01396,2026-08-28,48276.81,OPEN
ORD-004754-4,PO-004754,CUST-01082,2026-09-07,72415.21,OPEN
ORD-004755-1,PO-004755,CUST-00486,2026-02-05,1425.12,OPEN
ORD-004755-2,PO-004755,CUST-01405,2026-02-06,1425.12,OPEN
ORD-004755-3,PO-004755,CUST-01808,2026-02-11,1425.12,OPEN
ORD-004756-1,PO-004756,CUST-01290,2026-04-17,10458.05,OPEN
ORD-004756-2,PO-004756,CUST-00054,2026-04-24,10458.05,OPEN
ORD-004756-3,PO-004756,CUST-02163,2026-04-21,41832.18,OPEN
ORD-004756-4,PO-004756,CUST-01616,2026-04-24,41832.18,OPEN
ORD-004757-1,PO-004757,CUST-00005,2026-08-23,37853.14,OPEN
ORD-004757-2,PO-004757,CUST-00917,2026-08-22,37853.14,OPEN
ORD-004757-3,PO-004757,CUST-00102,2026-08-23,9463.28,OPEN
ORD-004758-1,PO-004758,CUST-00714,2026-02-08,34475.74,OPEN
ORD-004758-2,PO-004758,CUST-02314,2026-02-11,68951.48,OPEN
ORD-004758-3,PO-004758,CUST-00050,2026-02-18,137902.95,OPEN
ORD-004758-4,PO-004758,CUST-00668,2026-02-10,45967.65,OPEN
ORD-004759-1,PO-004759,CUST-01980,2026-01-15,58684.09,OPEN
ORD-004759-2,PO-004759,CUST-00089,2026-01-17,58684.09,OPEN
ORD-004760-1,PO-004760,CUST-02425,2026-03-16,34129.57,OPEN
ORD-004761-1,PO-004761,CUST-02286,2026-06-04,106243.5,OPEN
ORD-004761-2,PO-004761,CUST-01773,2026-06-09,53121.75,OPEN
ORD-004761-3,PO-004761,CUST-02258,2026-06-01,26560.88,OPEN
ORD-004762-1,PO-004762,CUST-02007,2026-08-19,55156.99,OPEN
ORD-004762-2,PO-004762,CUST-01092,2026-08-13,27578.49,OPEN
ORD-004763-1,PO-004763,CUST-00813,2026-04-15,27197.63,OPEN
ORD-004763-2,PO-004763,CUST-00929,2026-04-15,27197.63,OPEN
ORD-004763-3,PO-004763,CUST-02179,2026-04-13,40796.44,OPEN
ORD-004764-1,PO-004764,CUST-00975,2026-04-15,23686.3,OPEN
ORD-004764-2,PO-004764,CUST-00484,2026-04-15,31581.73,OPEN
ORD-004764-3,PO-004764,CUST-01562,2026-04-13,23686.3,OPEN
ORD-004765-1,PO-004765,CUST-01073,2026-02-19,16944.4,OPEN
ORD-004765-2,PO-004765,CUST-00062,2026-02-21,16944.4,OPEN
ORD-004765-3,PO-004765,CUST-00597,2026-02-18,11296.27,OPEN
ORD-004765-4,PO-004765,CUST-01694,2026-02-21,16944.4,OPEN
ORD-004766-1,PO-004766,CUST-02246,2026-06-18,68006.6,OPEN
ORD-004767-1,PO-004767,CUST-00650,2026-03-18,107763.58,OPEN
ORD-004767-2,PO-004767,CUST-02397,2026-03-23,26940.9,OPEN
ORD-004768-1,PO-004768,CUST-00655,2026-07-15,143453.39,OPEN
ORD-004768-2,PO-004768,CUST-00953,2026-07-18,143453.39,OPEN
ORD-004768-3,PO-004768,CUST-00035,2026-07-08,143453.39,OPEN
ORD-004769-1,PO-004769,CUST-02291,2026-08-04,6922.77,OPEN
ORD-004770-1,PO-004770,CUST-01190,2026-02-25,127893.97,OPEN
ORD-004771-1,PO-004771,CUST-01153,2026-04-25,27682.9,OPEN
ORD-004772-1,PO-004772,CUST-02381,2026-04-05,34371.32,OPEN
ORD-004772-2,PO-004772,CUST-00651,2026-04-15,45828.43,OPEN
ORD-004772-3,PO-004772,CUST-00567,2026-04-10,68742.64,OPEN
ORD-004772-4,PO-004772,CUST-00257,2026-04-08,34371.32,OPEN
ORD-004773-1,PO-004773,CUST-00879,2026-09-01,18142.76,OPEN
ORD-004773-2,PO-004773,CUST-01606,2026-08-25,24190.35,OPEN
ORD-004773-3,PO-004773,CUST-00743,2026-08-27,18142.76,OPEN
ORD-004774-1,PO-004774,CUST-01196,2026-02-09,27969.26,OPEN
ORD-004775-1,PO-004775,CUST-00185,2026-04-28,24076.94,OPEN
ORD-004776-1,PO-004776,CUST-01520,2026-03-11,16839.43,OPEN
ORD-004776-2,PO-004776,CUST-01434,2026-03-14,8419.72,OPEN
ORD-004776-3,PO-004776,CUST-00496,2026-03-12,5613.14,OPEN
ORD-004777-1,PO-004777,CUST-01145,2026-09-02,123188.13,OPEN
ORD-004778-1,PO-004778,CUST-02026,2026-04-04,11310.89,OPEN
ORD-004778-2,PO-004778,CUST-02254,2026-04-01,8483.17,OPEN
ORD-004778-3,PO-004778,CUST-01736,2026-04-02,33932.68,OPEN
ORD-004779-1,PO-004779,CUST-00959,2026-02-01,40457.73,OPEN
ORD-004779-2,PO-004779,CUST-02357,2026-02-09,121373.18,OPEN
ORD-004779-3,PO-004779,CUST-02351,2026-02-09,60686.59,OPEN
ORD-004779-4,PO-004779,CUST-02428,2026-02-02,60686.59,OPEN
ORD-004780-1,PO-004780,CUST-00356,2026-03-30,54694.82,OPEN
ORD-004780-2,PO-004780,CUST-00041,2026-04-03,109389.65,OPEN
ORD-004780-3,PO-004780,CUST-00389,2026-04-02,27347.41,OPEN
ORD-004780-4,PO-004780,CUST-01934,2026-03-31,36463.22,OPEN
ORD-004781-1,PO-004781,CUST-02042,2026-05-15,22597.04,OPEN
ORD-004781-2,PO-004781,CUST-02264,2026-05-10,45194.08,OPEN
ORD-004782-1,PO-004782,CUST-01257,2026-08-06,117599.74,OPEN
ORD-004782-2,PO-004782,CUST-00683,2026-07-31,39199.91,OPEN
ORD-004782-3,PO-004782,CUST-01014,2026-08-06,117599.74,OPEN
ORD-004783-1,PO-004783,CUST-00303,2026-02-27,45406.64,OPEN
ORD-004783-2,PO-004783,CUST-01240,2026-02-28,90813.27,OPEN
ORD-004784-1,PO-004784,CUST-00261,2026-05-08,73282.16,OPEN
ORD-004784-2,PO-004784,CUST-00528,2026-05-14,36641.08,OPEN
ORD-004784-3,PO-004784,CUST-00429,2026-05-11,73282.16,OPEN
ORD-004784-4,PO-004784,CUST-01751,2026-05-11,73282.16,OPEN
ORD-004785-1,PO-004785,CUST-02336,2026-03-24,138071.84,OPEN
ORD-004785-2,PO-004785,CUST-00495,2026-03-30,138071.84,OPEN
ORD-004785-3,PO-004785,CUST-00076,2026-04-01,138071.84,OPEN
ORD-004785-4,PO-004785,CUST-00654,2026-04-03,46023.95,OPEN
ORD-004786-1,PO-004786,CUST-01338,2026-02-08,32308.48,OPEN
ORD-004787-1,PO-004787,CUST-01421,2026-08-19,125997.38,OPEN
ORD-004787-2,PO-004787,CUST-01308,2026-08-10,125997.38,OPEN
ORD-004787-3,PO-004787,CUST-01016,2026-08-16,125997.38,OPEN
ORD-004787-4,PO-004787,CUST-00455,2026-08-10,62998.69,OPEN
ORD-004788-1,PO-004788,CUST-00811,2026-08-21,147620.21,OPEN
ORD-004789-1,PO-004789,CUST-01379,2026-04-27,10621.3,OPEN
ORD-004790-1,PO-004790,CUST-00739,2026-03-26,32540.73,OPEN
ORD-004790-2,PO-004790,CUST-02490,2026-04-03,97622.18,OPEN
ORD-004790-3,PO-004790,CUST-01380,2026-03-30,97622.18,OPEN
ORD-004791-1,PO-004791,CUST-00062,2026-07-20,16801.72,OPEN
ORD-004791-2,PO-004791,CUST-01262,2026-07-18,33603.44,OPEN
ORD-004791-3,PO-004791,CUST-00177,2026-07-28,16801.72,OPEN
ORD-004791-4,PO-004791,CUST-00014,2026-07-21,11201.15,OPEN
ORD-004792-1,PO-004792,CUST-02030,2026-01-26,3392.47,OPEN
ORD-004792-2,PO-004792,CUST-01124,2026-01-22,4523.29,OPEN
ORD-004793-1,PO-004793,CUST-02047,2026-05-06,114823.62,OPEN
ORD-004793-2,PO-004793,CUST-01691,2026-05-08,57411.81,OPEN
ORD-004794-1,PO-004794,CUST-01370,2026-01-06,1556.15,OPEN
ORD-004795-1,PO-004795,CUST-00472,2026-06-30,11645.06,OPEN
ORD-004796-1,PO-004796,CUST-01150,2026-08-22,826.9,OPEN
ORD-004796-2,PO-004796,CUST-00583,2026-08-18,2480.7,OPEN
ORD-004797-1,PO-004797,CUST-00673,2026-08-25,27294.75,OPEN
ORD-004798-1,PO-004798,CUST-01146,2026-08-09,24944.92,OPEN
ORD-004799-1,PO-004799,CUST-01678,2026-05-27,4069.58,OPEN
ORD-004799-2,PO-004799,CUST-00081,2026-06-06,8139.16,OPEN
ORD-004800-1,PO-004800,CUST-01701,2026-03-15,25493.13,OPEN
ORD-004800-2,PO-004800,CUST-01090,2026-03-06,38239.69,OPEN
ORD-004800-3,PO-004800,CUST-00791,2026-03-07,38239.69,OPEN
ORD-004801-1,PO-004801,CUST-00546,2026-06-29,9510.84,OPEN
ORD-004801-2,PO-004801,CUST-00791,2026-07-02,38043.35,OPEN
ORD-004801-3,PO-004801,CUST-01191,2026-07-01,38043.35,OPEN
ORD-004802-1,PO-004802,CUST-00603,2026-02-02,32252.44,OPEN
ORD-004803-1,PO-004803,CUST-02183,2026-06-04,14881.08,OPEN
ORD-004803-2,PO-004803,CUST-00790,2026-06-07,59524.3,OPEN
ORD-004804-1,PO-004804,CUST-02461,2026-04-17,49633.47,OPEN
ORD-004804-2,PO-004804,CUST-00441,2026-04-16,74450.21,OPEN
ORD-004804-3,PO-004804,CUST-01679,2026-04-16,49633.47,OPEN
ORD-004805-1,PO-004805,CUST-01662,2026-08-23,16968.72,OPEN
ORD-004805-2,PO-004805,CUST-02100,2026-08-25,16968.72,OPEN
ORD-004806-1,PO-004806,CUST-00362,2026-08-23,37567.17,OPEN
ORD-004806-2,PO-004806,CUST-02484,2026-08-23,56350.75,OPEN
ORD-004807-1,PO-004807,CUST-01382,2026-04-05,6605.12,OPEN
ORD-004807-2,PO-004807,CUST-01452,2026-04-07,6605.12,OPEN
ORD-004808-1,PO-004808,CUST-00231,2026-05-13,871.72,OPEN
ORD-004809-1,PO-004809,CUST-01379,2026-03-12,53733.77,OPEN
ORD-004810-1,PO-004810,CUST-01615,2026-01-31,21047.48,OPEN
ORD-004810-2,PO-004810,CUST-00641,2026-01-28,21047.48,OPEN
ORD-004810-3,PO-004810,CUST-00077,2026-01-30,21047.48,OPEN
ORD-004811-1,PO-004811,CUST-00188,2026-08-15,32199.76,OPEN
ORD-004812-1,PO-004812,CUST-01013,2026-07-17,31425.48,OPEN
ORD-004812-2,PO-004812,CUST-01965,2026-07-22,125701.93,OPEN
ORD-004812-3,PO-004812,CUST-01176,2026-07-26,31425.48,OPEN
ORD-004813-1,PO-004813,CUST-00101,2026-03-08,85499.07,OPEN
ORD-004813-2,PO-004813,CUST-00862,2026-03-12,42749.54,OPEN
ORD-004814-1,PO-004814,CUST-00998,2026-06-24,21886.75,OPEN
ORD-004815-1,PO-004815,CUST-02051,2026-03-10,87730.11,OPEN
ORD-004816-1,PO-004816,CUST-00263,2026-03-02,31461.45,OPEN
ORD-004816-2,PO-004816,CUST-02153,2026-03-04,31461.45,OPEN
ORD-004816-3,PO-004816,CUST-01863,2026-03-08,94384.34,OPEN
ORD-004817-1,PO-004817,CUST-01621,2026-04-14,38734.67,OPEN
ORD-004817-2,PO-004817,CUST-01208,2026-04-12,116204.0,OPEN
ORD-004817-3,PO-004817,CUST-00237,2026-04-13,116204.0,OPEN
ORD-004817-4,PO-004817,CUST-02361,2026-04-12,38734.67,OPEN
ORD-004818-1,PO-004818,CUST-00264,2026-06-07,66478.88,OPEN
ORD-004818-2,PO-004818,CUST-02380,2026-05-29,44319.26,OPEN
ORD-004819-1,PO-004819,CUST-02318,2026-02-06,36528.52,OPEN
ORD-004819-2,PO-004819,CUST-01604,2026-02-06,73057.04,OPEN
ORD-004819-3,PO-004819,CUST-00926,2026-02-05,146114.08,OPEN
ORD-004819-4,PO-004819,CUST-02416,2026-02-02,73057.04,OPEN
ORD-004820-1,PO-004820,CUST-00951,2026-06-15,3038.59,OPEN
ORD-004820-2,PO-004820,CUST-01169,2026-06-13,9115.76,OPEN
ORD-004820-3,PO-004820,CUST-01679,2026-06-12,2278.94,OPEN
ORD-004821-1,PO-004821,CUST-01775,2026-01-09,30133.06,OPEN
ORD-004822-1,PO-004822,CUST-00923,2026-02-24,28395.23,OPEN
ORD-004823-1,PO-004823,CUST-01316,2026-05-07,19864.76,OPEN
ORD-004823-2,PO-004823,CUST-01672,2026-05-03,9932.38,OPEN
ORD-004823-3,PO-004823,CUST-02195,2026-05-05,19864.76,OPEN
ORD-004824-1,PO-004824,CUST-01132,2026-01-06,70368.22,OPEN
ORD-004824-2,PO-004824,CUST-00312,2026-01-09,46912.15,OPEN
ORD-004824-3,PO-004824,CUST-00246,2026-01-13,70368.22,OPEN
ORD-004824-4,PO-004824,CUST-02342,2026-01-12,46912.15,OPEN
ORD-004825-1,PO-004825,CUST-00744,2026-07-29,34243.43,OPEN
ORD-004825-2,PO-004825,CUST-01843,2026-08-02,34243.43,OPEN
ORD-004826-1,PO-004826,CUST-02387,2026-04-07,30879.35,OPEN
ORD-004827-1,PO-004827,CUST-01107,2026-03-23,44388.39,OPEN
ORD-004827-2,PO-004827,CUST-01968,2026-03-24,88776.78,OPEN
ORD-004827-3,PO-004827,CUST-01948,2026-03-25,22194.19,OPEN
ORD-004828-1,PO-004828,CUST-02401,2026-07-08,83064.68,OPEN
ORD-004828-2,PO-004828,CUST-01166,2026-07-12,41532.34,OPEN
ORD-004828-3,PO-004828,CUST-00430,2026-07-13,27688.23,OPEN
ORD-004829-1,PO-004829,CUST-00504,2026-08-22,9936.38,OPEN
ORD-004829-2,PO-004829,CUST-02268,2026-08-13,14904.57,OPEN
ORD-004829-3,PO-004829,CUST-01244,2026-08-21,29809.14,OPEN
ORD-004830-1,PO-004830,CUST-00280,2026-07-24,8577.13,OPEN
ORD-004830-2,PO-004830,CUST-00680,2026-07-25,2144.28,OPEN
ORD-004830-3,PO-004830,CUST-00560,2026-07-22,2859.04,OPEN
ORD-004831-1,PO-004831,CUST-00146,2026-06-11,7054.48,OPEN
ORD-004832-1,PO-004832,CUST-01757,2026-05-06,1134.87,OPEN
ORD-004832-2,PO-004832,CUST-02169,2026-05-01,567.43,OPEN
ORD-004833-1,PO-004833,CUST-00746,2026-06-28,48401.5,OPEN
ORD-004833-2,PO-004833,CUST-00393,2026-06-26,48401.5,OPEN
ORD-004834-1,PO-004834,CUST-02369,2026-05-12,37535.32,OPEN
ORD-004835-1,PO-004835,CUST-00259,2026-03-15,11182.81,OPEN
ORD-004835-2,PO-004835,CUST-00731,2026-03-18,16774.22,OPEN
ORD-004835-3,PO-004835,CUST-00471,2026-03-19,8387.11,OPEN
ORD-004836-1,PO-004836,CUST-02289,2026-03-10,103730.31,OPEN
ORD-004837-1,PO-004837,CUST-01228,2026-07-07,116475.46,OPEN
ORD-004838-1,PO-004838,CUST-01162,2026-05-23,33911.4,OPEN
ORD-004839-1,PO-004839,CUST-01345,2026-06-13,142519.48,OPEN
ORD-004840-1,PO-004840,CUST-02397,2026-08-14,5146.8,OPEN
ORD-004840-2,PO-004840,CUST-00244,2026-08-21,10293.59,OPEN
ORD-004840-3,PO-004840,CUST-00724,2026-08-20,5146.8,OPEN
ORD-004840-4,PO-004840,CUST-00597,2026-08-22,6862.39,OPEN
ORD-004841-1,PO-004841,CUST-02253,2026-04-14,9313.87,OPEN
ORD-004841-2,PO-004841,CUST-02474,2026-04-05,9313.87,OPEN
ORD-004841-3,PO-004841,CUST-00486,2026-04-05,12418.49,OPEN
ORD-004841-4,PO-004841,CUST-02277,2026-04-15,12418.49,OPEN
ORD-004842-1,PO-004842,CUST-01612,2026-03-06,12889.65,OPEN
ORD-004842-2,PO-004842,CUST-01343,2026-03-01,17186.2,OPEN
ORD-004843-1,PO-004843,CUST-00793,2026-06-29,16531.85,OPEN
ORD-004844-1,PO-004844,CUST-00493,2026-04-26,125182.3,OPEN
ORD-004844-2,PO-004844,CUST-01448,2026-05-04,41727.43,OPEN
ORD-004845-1,PO-004845,CUST-00093,2026-03-12,2534.95,OPEN
ORD-004846-1,PO-004846,CUST-00551,2026-03-20,75368.16,OPEN
ORD-004847-1,PO-004847,CUST-02477,2026-06-21,66035.59,OPEN
ORD-004847-2,PO-004847,CUST-01586,2026-06-19,33017.79,OPEN
ORD-004848-1,PO-004848,CUST-01222,2026-08-24,26442.6,OPEN
ORD-004848-2,PO-004848,CUST-02088,2026-08-22,52885.21,OPEN
ORD-004849-1,PO-004849,CUST-01679,2026-06-22,130389.58,OPEN
ORD-004849-2,PO-004849,CUST-00009,2026-06-22,43463.19,OPEN
ORD-004850-1,PO-004850,CUST-00212,2026-08-16,33392.74,OPEN
ORD-004850-2,PO-004850,CUST-00847,2026-08-10,33392.74,OPEN
ORD-004850-3,PO-004850,CUST-00178,2026-08-12,66785.49,OPEN
ORD-004851-1,PO-004851,CUST-00725,2026-05-09,139745.53,OPEN
ORD-004851-2,PO-004851,CUST-00950,2026-05-06,46581.84,OPEN
ORD-004852-1,PO-004852,CUST-00306,2026-08-31,40395.19,OPEN
ORD-004853-1,PO-004853,CUST-00436,2026-01-11,65508.56,OPEN
ORD-004854-1,PO-004854,CUST-01276,2026-07-29,29931.9,OPEN
ORD-004854-2,PO-004854,CUST-01675,2026-07-29,59863.81,OPEN
ORD-004855-1,PO-004855,CUST-01914,2026-02-15,16912.01,OPEN
ORD-004856-1,PO-004856,CUST-00322,2026-02-26,23585.17,OPEN
ORD-004856-2,PO-004856,CUST-00543,2026-02-25,23585.17,OPEN
ORD-004857-1,PO-004857,CUST-00453,2026-04-20,119892.29,OPEN
ORD-004857-2,PO-004857,CUST-01690,2026-04-18,29973.07,OPEN
ORD-004858-1,PO-004858,CUST-00256,2026-05-27,39033.55,OPEN
ORD-004858-2,PO-004858,CUST-02471,2026-06-02,117100.64,OPEN
ORD-004858-3,PO-004858,CUST-01055,2026-06-03,39033.55,OPEN
ORD-004859-1,PO-004859,CUST-01496,2026-03-24,18613.11,OPEN
ORD-004859-2,PO-004859,CUST-01149,2026-03-27,27919.67,OPEN
ORD-004859-3,PO-004859,CUST-00359,2026-03-22,13959.83,OPEN
ORD-004859-4,PO-004859,CUST-00707,2026-03-22,27919.67,OPEN
ORD-004860-1,PO-004860,CUST-02268,2026-04-18,8533.89,OPEN
ORD-004860-2,PO-004860,CUST-02478,2026-04-17,8533.89,OPEN
ORD-004861-1,PO-004861,CUST-00197,2026-05-01,31457.14,OPEN
ORD-004861-2,PO-004861,CUST-02494,2026-05-01,31457.14,OPEN
ORD-004861-3,PO-004861,CUST-01872,2026-04-23,7864.28,OPEN
ORD-004862-1,PO-004862,CUST-00102,2026-04-15,4119.57,OPEN
ORD-004862-2,PO-004862,CUST-00218,2026-04-13,6179.35,OPEN
ORD-004863-1,PO-004863,CUST-00434,2026-07-27,42732.22,OPEN
ORD-004863-2,PO-004863,CUST-00285,2026-07-24,42732.22,OPEN
ORD-004864-1,PO-004864,CUST-01746,2026-03-14,22464.76,OPEN
ORD-004864-2,PO-004864,CUST-00823,2026-03-11,22464.76,OPEN
ORD-004864-3,PO-004864,CUST-00982,2026-03-06,29953.01,OPEN
ORD-004865-1,PO-004865,CUST-00133,2026-08-21,34492.59,OPEN
ORD-004865-2,PO-004865,CUST-01097,2026-08-27,137970.35,OPEN
ORD-004865-3,PO-004865,CUST-01054,2026-08-22,45990.12,OPEN
ORD-004866-1,PO-004866,CUST-01815,2026-03-19,5270.01,OPEN
ORD-004867-1,PO-004867,CUST-00368,2026-04-05,7927.67,OPEN
ORD-004867-2,PO-004867,CUST-00421,2026-04-13,7927.67,OPEN
ORD-004868-1,PO-004868,CUST-00578,2026-03-15,69758.39,OPEN
ORD-004868-2,PO-004868,CUST-01261,2026-03-12,139516.78,OPEN
ORD-004868-3,PO-004868,CUST-02341,2026-03-22,34879.19,OPEN
ORD-004868-4,PO-004868,CUST-00899,2026-03-22,34879.19,OPEN
ORD-004869-1,PO-004869,CUST-01817,2026-03-18,8443.24,OPEN
ORD-004870-1,PO-004870,CUST-00102,2026-04-21,49472.57,OPEN
ORD-004871-1,PO-004871,CUST-01826,2026-07-09,62779.66,OPEN
ORD-004871-2,PO-004871,CUST-00826,2026-07-10,62779.66,OPEN
ORD-004871-3,PO-004871,CUST-02427,2026-07-01,31389.83,OPEN
ORD-004872-1,PO-004872,CUST-01882,2026-07-20,32625.32,OPEN
ORD-004873-1,PO-004873,CUST-00847,2026-03-22,88516.42,OPEN
ORD-004874-1,PO-004874,CUST-02226,2026-08-15,89588.15,OPEN
ORD-004875-1,PO-004875,CUST-01971,2026-01-21,15610.19,OPEN
ORD-004875-2,PO-004875,CUST-00530,2026-01-20,62440.76,OPEN
ORD-004875-3,PO-004875,CUST-00994,2026-01-22,15610.19,OPEN
ORD-004875-4,PO-004875,CUST-02025,2026-01-23,20813.59,OPEN
ORD-004876-1,PO-004876,CUST-00958,2026-07-14,4936.85,OPEN
ORD-004877-1,PO-004877,CUST-02211,2026-02-08,24886.78,OPEN
ORD-004877-2,PO-004877,CUST-01317,2026-02-12,99547.13,OPEN
ORD-004877-3,PO-004877,CUST-01735,2026-02-03,99547.13,OPEN
ORD-004877-4,PO-004877,CUST-00354,2026-02-11,99547.13,OPEN
ORD-004878-1,PO-004878,CUST-01739,2026-06-17,73446.24,OPEN
ORD-004878-2,PO-004878,CUST-02336,2026-06-19,36723.12,OPEN
ORD-004879-1,PO-004879,CUST-02062,2026-06-14,59014.04,OPEN
ORD-004880-1,PO-004880,CUST-01110,2026-03-17,4399.75,OPEN
ORD-004880-2,PO-004880,CUST-00175,2026-03-12,4399.75,OPEN
ORD-004880-3,PO-004880,CUST-00389,2026-03-11,5866.33,OPEN
ORD-004880-4,PO-004880,CUST-00298,2026-03-09,17599.0,OPEN
ORD-004881-1,PO-004881,CUST-02080,2026-01-24,2724.99,OPEN
ORD-004882-1,PO-004882,CUST-01187,2026-05-16,27538.12,OPEN
ORD-004882-2,PO-004882,CUST-00807,2026-05-10,27538.12,OPEN
ORD-004882-3,PO-004882,CUST-02336,2026-05-12,13769.06,OPEN
ORD-004883-1,PO-004883,CUST-00813,2026-03-12,4095.23,OPEN
ORD-004883-2,PO-004883,CUST-00657,2026-03-15,2047.62,OPEN
ORD-004883-3,PO-004883,CUST-00536,2026-03-19,8190.46,OPEN
ORD-004883-4,PO-004883,CUST-01968,2026-03-17,2730.15,OPEN
ORD-004884-1,PO-004884,CUST-01776,2026-03-24,24677.27,OPEN
ORD-004884-2,PO-004884,CUST-01091,2026-03-30,24677.27,OPEN
ORD-004884-3,PO-004884,CUST-00858,2026-03-26,32903.03,OPEN
ORD-004884-4,PO-004884,CUST-01076,2026-04-03,49354.54,OPEN
ORD-004885-1,PO-004885,CUST-00102,2026-04-07,16527.06,OPEN
ORD-004885-2,PO-004885,CUST-01730,2026-04-01,8263.53,OPEN
ORD-004885-3,PO-004885,CUST-01660,2026-04-05,8263.53,OPEN
ORD-004885-4,PO-004885,CUST-00289,2026-04-01,16527.06,OPEN
ORD-004886-1,PO-004886,CUST-02046,2026-08-07,53855.38,OPEN
ORD-004886-2,PO-004886,CUST-02186,2026-08-01,53855.38,OPEN
ORD-004886-3,PO-004886,CUST-01073,2026-08-04,53855.38,OPEN
ORD-004887-1,PO-004887,CUST-01285,2026-08-10,104713.66,OPEN
ORD-004887-2,PO-004887,CUST-00701,2026-08-08,52356.83,OPEN
ORD-004887-3,PO-004887,CUST-01553,2026-08-07,52356.83,OPEN
ORD-004887-4,PO-004887,CUST-01125,2026-08-13,52356.83,OPEN
ORD-004888-1,PO-004888,CUST-01298,2026-08-09,3795.11,OPEN
ORD-004889-1,PO-004889,CUST-02061,2026-06-25,30135.25,OPEN
ORD-004889-2,PO-004889,CUST-01224,2026-06-28,90405.75,OPEN
ORD-004889-3,PO-004889,CUST-02439,2026-06-25,45202.88,OPEN
ORD-004890-1,PO-004890,CUST-01485,2026-05-23,1387.71,OPEN
ORD-004890-2,PO-004890,CUST-01751,2026-05-25,1387.71,OPEN
ORD-004890-3,PO-004890,CUST-00112,2026-05-24,1387.71,OPEN
ORD-004890-4,PO-004890,CUST-00281,2026-05-23,462.57,OPEN
ORD-004891-1,PO-004891,CUST-00982,2026-04-27,30731.42,OPEN
ORD-004891-2,PO-004891,CUST-00748,2026-04-28,7682.85,OPEN
ORD-004891-3,PO-004891,CUST-01565,2026-04-27,10243.81,OPEN
ORD-004891-4,PO-004891,CUST-00704,2026-04-20,30731.42,OPEN
ORD-004892-1,PO-004892,CUST-00152,2026-02-27,57511.23,OPEN
ORD-004893-1,PO-004893,CUST-00610,2026-04-18,66311.76,OPEN
ORD-004893-2,PO-004893,CUST-00374,2026-04-17,66311.76,OPEN
ORD-004894-1,PO-004894,CUST-00138,2026-01-09,81552.11,OPEN
ORD-004894-2,PO-004894,CUST-01209,2026-01-11,81552.11,OPEN
ORD-004894-3,PO-004894,CUST-01787,2026-01-10,20388.03,OPEN
ORD-004895-1,PO-004895,CUST-01691,2026-03-08,17353.97,OPEN
ORD-004896-1,PO-004896,CUST-02497,2026-05-18,45539.45,OPEN
ORD-004896-2,PO-004896,CUST-01246,2026-05-18,22769.72,OPEN
ORD-004897-1,PO-004897,CUST-01735,2026-05-21,126550.67,OPEN
ORD-004897-2,PO-004897,CUST-01627,2026-05-28,31637.67,OPEN
ORD-004898-1,PO-004898,CUST-01779,2026-02-05,26530.31,OPEN
ORD-004898-2,PO-004898,CUST-00139,2026-02-10,106121.24,OPEN
ORD-004899-1,PO-004899,CUST-02420,2026-05-29,25991.76,OPEN
ORD-004900-1,PO-004900,CUST-02256,2026-03-07,26451.45,OPEN
ORD-004901-1,PO-004901,CUST-01583,2026-04-09,21176.73,OPEN
ORD-004901-2,PO-004901,CUST-00854,2026-04-11,7058.91,OPEN
ORD-004901-3,PO-004901,CUST-02093,2026-04-05,21176.73,OPEN
ORD-004901-4,PO-004901,CUST-02358,2026-04-10,21176.73,OPEN
ORD-004902-1,PO-004902,CUST-00698,2026-05-11,35020.18,OPEN
ORD-004902-2,PO-004902,CUST-00663,2026-05-16,70040.37,OPEN
ORD-004902-3,PO-004902,CUST-02085,2026-05-13,70040.37,OPEN
ORD-004902-4,PO-004902,CUST-00530,2026-05-11,140080.73,OPEN
ORD-004903-1,PO-004903,CUST-00383,2026-05-22,34654.83,OPEN
ORD-004904-1,PO-004904,CUST-01261,2026-04-25,53459.09,OPEN
ORD-004905-1,PO-004905,CUST-00361,2026-02-27,33733.18,OPEN
ORD-004905-2,PO-004905,CUST-02422,2026-02-17,33733.18,OPEN
ORD-004906-1,PO-004906,CUST-00954,2026-03-14,32552.41,OPEN
ORD-004906-2,PO-004906,CUST-01370,2026-03-22,8138.1,OPEN
ORD-004906-3,PO-004906,CUST-01866,2026-03-17,8138.1,OPEN
ORD-004906-4,PO-004906,CUST-00299,2026-03-19,8138.1,OPEN
ORD-004907-1,PO-004907,CUST-02484,2026-05-10,33014.82,OPEN
ORD-004907-2,PO-004907,CUST-01719,2026-05-02,33014.82,OPEN
ORD-004907-3,PO-004907,CUST-00146,2026-05-10,24761.11,OPEN
ORD-004907-4,PO-004907,CUST-00390,2026-05-02,99044.45,OPEN
ORD-004908-1,PO-004908,CUST-01349,2026-07-10,58453.18,OPEN
ORD-004908-2,PO-004908,CUST-01146,2026-07-04,58453.18,OPEN
ORD-004909-1,PO-004909,CUST-01783,2026-06-23,41947.97,OPEN
ORD-004909-2,PO-004909,CUST-00777,2026-06-20,41947.97,OPEN
ORD-004909-3,PO-004909,CUST-01825,2026-06-18,62921.95,OPEN
ORD-004909-4,PO-004909,CUST-00759,2026-06-19,125843.9,OPEN
ORD-004910-1,PO-004910,CUST-00039,2026-02-10,39158.98,OPEN
ORD-004910-2,PO-004910,CUST-01456,2026-02-02,39158.98,OPEN
ORD-004910-3,PO-004910,CUST-01611,2026-02-06,39158.98,OPEN
ORD-004911-1,PO-004911,CUST-00993,2026-05-11,3719.78,OPEN
ORD-004911-2,PO-004911,CUST-00686,2026-05-16,2789.84,OPEN
ORD-004911-3,PO-004911,CUST-01175,2026-05-13,3719.78,OPEN
ORD-004911-4,PO-004911,CUST-02264,2026-05-15,5579.67,OPEN
ORD-004912-1,PO-004912,CUST-02365,2026-06-03,30271.08,OPEN
ORD-004912-2,PO-004912,CUST-01777,2026-06-01,22703.31,OPEN
ORD-004913-1,PO-004913,CUST-01729,2026-03-03,140466.85,OPEN
ORD-004913-2,PO-004913,CUST-01615,2026-03-07,140466.85,OPEN
ORD-004913-3,PO-004913,CUST-01081,2026-03-03,70233.43,OPEN
ORD-004913-4,PO-004913,CUST-02379,2026-03-08,46822.28,OPEN
ORD-004914-1,PO-004914,CUST-00754,2026-06-27,99774.84,OPEN
ORD-004914-2,PO-004914,CUST-00580,2026-06-28,24943.71,OPEN
ORD-004914-3,PO-004914,CUST-00245,2026-06-22,49887.42,OPEN
ORD-004914-4,PO-004914,CUST-01886,2026-06-22,49887.42,OPEN
ORD-004915-1,PO-004915,CUST-01222,2026-08-01,24124.89,OPEN
ORD-004915-2,PO-004915,CUST-02381,2026-08-05,24124.89,OPEN
ORD-004915-3,PO-004915,CUST-00165,2026-08-03,18093.67,OPEN
ORD-004916-1,PO-004916,CUST-01259,2026-03-19,23249.47,OPEN
ORD-004916-2,PO-004916,CUST-00049,2026-03-12,30999.29,OPEN
ORD-004916-3,PO-004916,CUST-00276,2026-03-13,30999.29,OPEN
ORD-004917-1,PO-004917,CUST-00307,2026-06-27,146331.86,OPEN
ORD-004917-2,PO-004917,CUST-02139,2026-06-24,146331.86,OPEN
ORD-004917-3,PO-004917,CUST-02148,2026-06-23,146331.86,OPEN
ORD-004917-4,PO-004917,CUST-01521,2026-06-28,146331.86,OPEN
ORD-004918-1,PO-004918,CUST-02151,2026-01-25,45676.63,OPEN
ORD-004918-2,PO-004918,CUST-02040,2026-01-18,11419.16,OPEN
ORD-004918-3,PO-004918,CUST-01045,2026-01-18,22838.31,OPEN
ORD-004918-4,PO-004918,CUST-01271,2026-01-25,22838.31,OPEN
ORD-004919-1,PO-004919,CUST-01519,2026-05-12,44697.65,OPEN
ORD-004919-2,PO-004919,CUST-00761,2026-05-15,11174.41,OPEN
ORD-004920-1,PO-004920,CUST-00847,2026-07-09,24557.67,OPEN
ORD-004920-2,PO-004920,CUST-01182,2026-07-15,73673.0,OPEN
ORD-004921-1,PO-004921,CUST-01600,2026-07-13,43120.97,OPEN
ORD-004921-2,PO-004921,CUST-01874,2026-07-16,43120.97,OPEN
ORD-004921-3,PO-004921,CUST-01320,2026-07-16,129362.92,OPEN
ORD-004921-4,PO-004921,CUST-01477,2026-07-20,32340.73,OPEN
ORD-004922-1,PO-004922,CUST-00168,2026-08-07,28517.84,OPEN
ORD-004923-1,PO-004923,CUST-01479,2026-04-24,54519.5,OPEN
ORD-004924-1,PO-004924,CUST-00557,2026-01-18,22285.87,OPEN
ORD-004925-1,PO-004925,CUST-02061,2026-03-19,9665.06,OPEN
ORD-004926-1,PO-004926,CUST-02219,2026-07-15,22623.45,OPEN
ORD-004926-2,PO-004926,CUST-00273,2026-07-14,67870.34,OPEN
ORD-004926-3,PO-004926,CUST-00934,2026-07-09,33935.17,OPEN
ORD-004926-4,PO-004926,CUST-01256,2026-07-07,22623.45,OPEN
ORD-004927-1,PO-004927,CUST-02088,2026-07-06,106435.94,OPEN
ORD-004927-2,PO-004927,CUST-00465,2026-07-06,106435.94,OPEN
ORD-004927-3,PO-004927,CUST-00362,2026-07-04,35478.65,OPEN
ORD-004927-4,PO-004927,CUST-00181,2026-07-12,26608.99,OPEN
ORD-004928-1,PO-004928,CUST-00128,2026-01-01,10444.84,OPEN
ORD-004928-2,PO-004928,CUST-01377,2026-01-10,6963.23,OPEN
ORD-004928-3,PO-004928,CUST-00573,2026-01-02,5222.42,OPEN
ORD-004929-1,PO-004929,CUST-01803,2026-02-07,53792.44,OPEN
ORD-004929-2,PO-004929,CUST-01030,2026-02-08,107584.88,OPEN
ORD-004930-1,PO-004930,CUST-00204,2026-05-18,129911.22,OPEN
ORD-004931-1,PO-004931,CUST-01493,2026-02-07,25828.96,OPEN
ORD-004932-1,PO-004932,CUST-01813,2026-03-16,37403.39,OPEN
ORD-004932-2,PO-004932,CUST-01584,2026-03-19,56105.09,OPEN
ORD-004932-3,PO-004932,CUST-00342,2026-03-22,112210.18,OPEN
ORD-004932-4,PO-004932,CUST-01595,2026-03-18,37403.39,OPEN
ORD-004933-1,PO-004933,CUST-02444,2026-02-25,32800.99,OPEN
ORD-004934-1,PO-004934,CUST-02074,2026-04-13,27229.39,OPEN
ORD-004934-2,PO-004934,CUST-00747,2026-04-14,20422.04,OPEN
ORD-004934-3,PO-004934,CUST-01326,2026-04-13,20422.04,OPEN
ORD-004935-1,PO-004935,CUST-01692,2026-03-30,26362.51,OPEN
ORD-004935-2,PO-004935,CUST-01087,2026-03-29,26362.51,OPEN
ORD-004935-3,PO-004935,CUST-01915,2026-04-05,8787.5,OPEN
ORD-004936-1,PO-004936,CUST-01225,2026-08-15,9646.97,OPEN
ORD-004937-1,PO-004937,CUST-00639,2026-03-21,68187.01,OPEN
ORD-004937-2,PO-004937,CUST-00121,2026-03-25,68187.01,OPEN
ORD-004938-1,PO-004938,CUST-00396,2026-06-25,9873.66,OPEN
ORD-004938-2,PO-004938,CUST-01704,2026-06-21,9873.66,OPEN
ORD-004938-3,PO-004938,CUST-00543,2026-06-25,13164.88,OPEN
ORD-004938-4,PO-004938,CUST-02494,2026-06-25,19747.33,OPEN
ORD-004939-1,PO-004939,CUST-00690,2026-06-29,51432.0,OPEN
ORD-004940-1,PO-004940,CUST-00317,2026-05-22,25537.2,OPEN
ORD-004940-2,PO-004940,CUST-02258,2026-05-19,12768.6,OPEN
ORD-004940-3,PO-004940,CUST-00225,2026-05-14,51074.4,OPEN
ORD-004941-1,PO-004941,CUST-02046,2026-07-26,9317.92,OPEN
ORD-004941-2,PO-004941,CUST-01235,2026-07-27,37271.69,OPEN
ORD-004941-3,PO-004941,CUST-01915,2026-08-04,37271.69,OPEN
ORD-004942-1,PO-004942,CUST-00536,2026-01-31,3439.94,OPEN
ORD-004942-2,PO-004942,CUST-02392,2026-02-04,1146.65,OPEN
ORD-004943-1,PO-004943,CUST-00372,2026-06-29,341.62,OPEN
ORD-004943-2,PO-004943,CUST-00369,2026-06-29,227.75,OPEN
ORD-004943-3,PO-004943,CUST-00585,2026-07-04,170.81,OPEN
ORD-004944-1,PO-004944,CUST-00777,2026-03-07,119668.76,OPEN
ORD-004944-2,PO-004944,CUST-01488,2026-03-02,119668.76,OPEN
ORD-004944-3,PO-004944,CUST-01478,2026-03-11,39889.59,OPEN
ORD-004945-1,PO-004945,CUST-01610,2026-07-13,34884.48,OPEN
ORD-004945-2,PO-004945,CUST-00754,2026-07-09,34884.48,OPEN
ORD-004945-3,PO-004945,CUST-01090,2026-07-09,34884.48,OPEN
ORD-004946-1,PO-004946,CUST-01895,2026-04-30,11748.32,OPEN
ORD-004947-1,PO-004947,CUST-01945,2026-06-17,70404.32,OPEN
ORD-004948-1,PO-004948,CUST-01951,2026-08-10,50634.04,OPEN
ORD-004948-2,PO-004948,CUST-01897,2026-08-09,12658.51,OPEN
ORD-004948-3,PO-004948,CUST-02108,2026-08-08,12658.51,OPEN
ORD-004949-1,PO-004949,CUST-00038,2026-05-25,38956.52,OPEN
ORD-004949-2,PO-004949,CUST-00856,2026-05-20,58434.78,OPEN
ORD-004950-1,PO-004950,CUST-02009,2026-05-01,15869.22,OPEN
ORD-004950-2,PO-004950,CUST-00883,2026-04-25,31738.44,OPEN
ORD-004951-1,PO-004951,CUST-00874,2026-02-09,5533.11,OPEN
ORD-004951-2,PO-004951,CUST-02448,2026-02-08,3688.74,OPEN
ORD-004951-3,PO-004951,CUST-00383,2026-02-07,3688.74,OPEN
ORD-004952-1,PO-004952,CUST-00204,2026-07-28,85261.79,OPEN
ORD-004952-2,PO-004952,CUST-02286,2026-07-29,85261.79,OPEN
ORD-004953-1,PO-004953,CUST-00904,2026-08-16,77795.03,OPEN
ORD-004954-1,PO-004954,CUST-01636,2026-01-26,55883.47,OPEN
ORD-004954-2,PO-004954,CUST-00784,2026-02-01,111766.94,OPEN
ORD-004955-1,PO-004955,CUST-01846,2026-08-18,11199.57,OPEN
ORD-004955-2,PO-004955,CUST-02473,2026-08-09,2799.89,OPEN
ORD-004955-3,PO-004955,CUST-02481,2026-08-13,2799.89,OPEN
ORD-004955-4,PO-004955,CUST-00197,2026-08-09,11199.57,OPEN
ORD-004956-1,PO-004956,CUST-01652,2026-04-28,29126.27,OPEN
ORD-004957-1,PO-004957,CUST-00653,2026-08-17,30293.2,OPEN
ORD-004957-2,PO-004957,CUST-00223,2026-08-21,45439.8,OPEN
ORD-004958-1,PO-004958,CUST-01218,2026-05-16,128424.5,OPEN
ORD-004958-2,PO-004958,CUST-00428,2026-05-16,128424.5,OPEN
ORD-004958-3,PO-004958,CUST-01414,2026-05-23,128424.5,OPEN
ORD-004959-1,PO-004959,CUST-01203,2026-01-18,23795.12,OPEN
ORD-004959-2,PO-004959,CUST-01517,2026-01-18,17846.34,OPEN
ORD-004959-3,PO-004959,CUST-01526,2026-01-22,23795.12,OPEN
ORD-004960-1,PO-004960,CUST-01251,2026-02-06,47752.86,OPEN
ORD-004960-2,PO-004960,CUST-01633,2026-02-06,31835.24,OPEN
ORD-004960-3,PO-004960,CUST-01661,2026-02-11,31835.24,OPEN
ORD-004960-4,PO-004960,CUST-01803,2026-02-07,31835.24,OPEN
ORD-004961-1,PO-004961,CUST-02487,2026-06-18,693.49,OPEN
ORD-004962-1,PO-004962,CUST-01840,2026-02-08,137023.0,OPEN
ORD-004963-1,PO-004963,CUST-01144,2026-02-23,22168.17,OPEN
ORD-004963-2,PO-004963,CUST-00134,2026-02-27,11084.08,OPEN
ORD-004963-3,PO-004963,CUST-01353,2026-03-01,22168.17,OPEN
ORD-004963-4,PO-004963,CUST-01128,2026-02-22,22168.17,OPEN
ORD-004964-1,PO-004964,CUST-01124,2026-08-12,53413.32,OPEN
ORD-004965-1,PO-004965,CUST-00169,2026-07-06,80070.43,OPEN
ORD-004965-2,PO-004965,CUST-00160,2026-07-08,80070.43,OPEN
ORD-004965-3,PO-004965,CUST-02481,2026-07-06,20017.61,OPEN
ORD-004966-1,PO-004966,CUST-00829,2026-03-20,21336.19,OPEN
ORD-004966-2,PO-004966,CUST-00349,2026-03-23,10668.09,OPEN
ORD-004967-1,PO-004967,CUST-00414,2026-08-22,43866.37,OPEN
ORD-004968-1,PO-004968,CUST-01724,2026-05-06,137142.67,OPEN
ORD-004969-1,PO-004969,CUST-01033,2026-06-01,31080.33,OPEN
ORD-004969-2,PO-004969,CUST-00231,2026-06-07,62160.66,OPEN
ORD-004969-3,PO-004969,CUST-00244,2026-06-02,62160.66,OPEN
ORD-004969-4,PO-004969,CUST-01089,2026-06-04,124321.32,OPEN
ORD-004970-1,PO-004970,CUST-00248,2026-08-20,66408.05,OPEN
ORD-004971-1,PO-004971,CUST-01035,2026-06-29,4318.5,OPEN
ORD-004972-1,PO-004972,CUST-02312,2026-02-03,36845.45,OPEN
ORD-004972-2,PO-004972,CUST-02040,2026-02-04,36845.45,OPEN
ORD-004972-3,PO-004972,CUST-01963,2026-02-11,110536.34,OPEN
ORD-004972-4,PO-004972,CUST-01025,2026-02-02,27634.08,OPEN
ORD-004973-1,PO-004973,CUST-01133,2026-01-13,41963.84,OPEN
ORD-004973-2,PO-004973,CUST-00492,2026-01-13,31472.88,OPEN
ORD-004973-3,PO-004973,CUST-00946,2026-01-08,62945.76,OPEN
ORD-004974-1,PO-004974,CUST-01019,2026-01-18,46633.61,OPEN
ORD-004974-2,PO-004974,CUST-00736,2026-01-19,31089.08,OPEN
ORD-004974-3,PO-004974,CUST-02282,2026-01-19,46633.61,OPEN
ORD-004974-4,PO-004974,CUST-00896,2026-01-23,23316.81,OPEN
ORD-004975-1,PO-004975,CUST-02240,2026-01-21,30589.08,OPEN
ORD-004975-2,PO-004975,CUST-01238,2026-01-22,45883.62,OPEN
ORD-004975-3,PO-004975,CUST-00408,2026-01-16,91767.24,OPEN
ORD-004976-1,PO-004976,CUST-00445,2026-06-15,42716.3,OPEN
ORD-004976-2,PO-004976,CUST-02059,2026-06-13,14238.77,OPEN
ORD-004976-3,PO-004976,CUST-00222,2026-06-17,14238.77,OPEN
ORD-004976-4,PO-004976,CUST-00518,2026-06-18,10679.08,OPEN
ORD-004977-1,PO-004977,CUST-01162,2026-04-27,30625.21,OPEN
ORD-004977-2,PO-004977,CUST-02335,2026-04-30,40833.61,OPEN
ORD-004977-3,PO-004977,CUST-00566,2026-04-30,40833.61,OPEN
ORD-004977-4,PO-004977,CUST-01182,2026-05-01,61250.42,OPEN
ORD-004978-1,PO-004978,CUST-02448,2026-07-07,29654.93,OPEN
ORD-004978-2,PO-004978,CUST-02455,2026-07-12,14827.47,OPEN
ORD-004978-3,PO-004978,CUST-00003,2026-07-10,59309.86,OPEN
ORD-004978-4,PO-004978,CUST-00243,2026-07-09,14827.47,OPEN
ORD-004979-1,PO-004979,CUST-01988,2026-02-06,35043.8,OPEN
ORD-004980-1,PO-004980,CUST-00325,2026-03-26,24559.8,OPEN
ORD-004980-2,PO-004980,CUST-01771,2026-03-26,6139.95,OPEN
ORD-004980-3,PO-004980,CUST-02089,2026-03-31,8186.6,OPEN
ORD-004981-1,PO-004981,CUST-02416,2026-08-14,24645.2,OPEN
ORD-004982-1,PO-004982,CUST-00008,2026-04-16,18420.25,OPEN
ORD-004982-2,PO-004982,CUST-01309,2026-04-21,36840.5,OPEN
ORD-004983-1,PO-004983,CUST-00613,2026-05-10,3778.8,OPEN
ORD-004984-1,PO-004984,CUST-01425,2026-04-04,33076.81,OPEN
ORD-004984-2,PO-004984,CUST-01024,2026-04-04,44102.41,OPEN
ORD-004984-3,PO-004984,CUST-02426,2026-04-08,33076.81,OPEN
ORD-004984-4,PO-004984,CUST-01246,2026-03-31,44102.41,OPEN
ORD-004985-1,PO-004985,CUST-02480,2026-07-23,41188.19,OPEN
ORD-004985-2,PO-004985,CUST-01549,2026-07-24,61782.29,OPEN
ORD-004985-3,PO-004985,CUST-01283,2026-07-24,41188.19,OPEN
ORD-004985-4,PO-004985,CUST-01904,2026-07-20,61782.29,OPEN
ORD-004986-1,PO-004986,CUST-00462,2026-03-13,30322.85,OPEN
ORD-004987-1,PO-004987,CUST-01842,2026-08-02,32277.77,OPEN
ORD-004988-1,PO-004988,CUST-02086,2026-06-07,6482.29,OPEN
ORD-004988-2,PO-004988,CUST-00018,2026-06-04,4861.72,OPEN
ORD-004988-3,PO-004988,CUST-00907,2026-06-05,4861.72,OPEN
ORD-004988-4,PO-004988,CUST-01146,2026-06-03,6482.29,OPEN
ORD-004989-1,PO-004989,CUST-00246,2026-04-07,4925.31,OPEN
ORD-004989-2,PO-004989,CUST-01989,2026-04-08,3693.99,OPEN
ORD-004989-3,PO-004989,CUST-01857,2026-04-06,14775.94,OPEN
ORD-004989-4,PO-004989,CUST-00186,2026-04-09,4925.31,OPEN
ORD-004990-1,PO-004990,CUST-02215,2026-08-07,25547.88,OPEN
ORD-004990-2,PO-004990,CUST-02132,2026-08-10,51095.75,OPEN
ORD-004990-3,PO-004990,CUST-00544,2026-08-16,12773.94,OPEN
ORD-004990-4,PO-004990,CUST-01274,2026-08-06,12773.94,OPEN
ORD-004991-1,PO-004991,CUST-00096,2026-01-19,9652.41,OPEN
ORD-004992-1,PO-004992,CUST-00784,2026-05-12,34865.25,OPEN
ORD-004992-2,PO-004992,CUST-00125,2026-05-08,104595.74,OPEN
ORD-004992-3,PO-004992,CUST-00892,2026-05-13,34865.25,OPEN
ORD-004992-4,PO-004992,CUST-00008,2026-05-12,26148.94,OPEN
ORD-004993-1,PO-004993,CUST-01792,2026-03-12,53663.74,OPEN
ORD-004993-2,PO-004993,CUST-00789,2026-03-18,35775.83,OPEN
ORD-004994-1,PO-004994,CUST-00532,2026-05-30,34435.61,OPEN
ORD-004994-2,PO-004994,CUST-00324,2026-06-03,25826.71,OPEN
ORD-004995-1,PO-004995,CUST-01771,2026-05-19,39398.82,OPEN
ORD-004996-1,PO-004996,CUST-01259,2026-08-27,33985.37,OPEN
ORD-004997-1,PO-004997,CUST-00018,2026-02-27,10833.63,OPEN
ORD-004997-2,PO-004997,CUST-02075,2026-02-25,32500.88,OPEN
ORD-004997-3,PO-004997,CUST-01684,2026-02-25,8125.22,OPEN
ORD-004998-1,PO-004998,CUST-00483,2026-04-05,11696.24,OPEN
ORD-004999-1,PO-004999,CUST-02060,2026-05-07,104155.1,OPEN
ORD-005000-1,PO-005000,CUST-01094,2026-05-18,36031.11,OPEN
ORD-005000-2,PO-005000,CUST-00785,2026-05-17,24020.74,OPEN
