PO_ID,SUPPLIER_ID,CONTRACT_ID,PO_DATE,CURRENCY,TOTAL_AMOUNT,STATUS
PO-000001,SUP-0111,CON-0111,2026-04-25,GBP,81017.8,OPEN
PO-000002,SUP-0064,CON-0064,2026-02-02,EUR,75592.53,OPEN
PO-000003,SUP-0093,CON-0093,2026-04-15,GBP,130704.48,OPEN
PO-000004,SUP-0084,CON-0084,2026-08-07,EUR,49620.56,OPEN
PO-000005,SUP-0089,CON-0121,2026-08-20,GBP,4827.61,OPEN
PO-000006,SUP-0032,CON-0146,2026-05-25,EUR,102429.16,OPEN
PO-000007,SUP-0030,CON-0030,2026-06-13,GBP,38469.61,OPEN
PO-000008,SUP-0057,CON-0139,2026-05-31,GBP,45223.56,OPEN
PO-000009,SUP-0036,CON-0036,2026-05-25,INR,129827.58,OPEN
PO-000010,SUP-0042,CON-0134,2026-02-14,GBP,30518.82,OPEN
PO-000011,SUP-0102,CON-0102,2026-01-04,GBP,40036.56,OPEN
PO-000012,SUP-0015,CON-0015,2026-01-12,EUR,141966.1,OPEN
PO-000013,SUP-0028,CON-0028,2026-04-24,INR,142608.0,OPEN
PO-000014,SUP-0008,CON-0008,2026-03-12,EUR,28876.38,OPEN
PO-000015,SUP-0110,CON-0110,2026-02-03,USD,81262.21,OPEN
PO-000016,SUP-0102,CON-0102,2026-05-31,GBP,48903.83,OPEN
PO-000017,SUP-0079,CON-0079,2026-07-06,INR,117592.44,OPEN
PO-000018,SUP-0071,CON-0071,2026-04-08,INR,149196.85,OPEN
PO-000019,SUP-0048,CON-0048,2026-06-25,USD,138486.26,OPEN
PO-000020,SUP-0104,CON-0104,2026-05-23,GBP,9467.16,OPEN
PO-000021,SUP-0037,CON-0150,2026-04-01,INR,15988.28,OPEN
PO-000022,SUP-0029,CON-0029,2026-08-05,USD,84364.37,OPEN
PO-000023,SUP-0012,CON-0125,2026-04-07,USD,63264.96,OPEN
PO-000024,SUP-0007,CON-0007,2026-03-11,GBP,66745.39,OPEN
PO-000025,SUP-0001,CON-0001,2026-03-19,EUR,141825.95,OPEN
PO-000026,SUP-0056,CON-0056,2026-04-28,GBP,138213.78,OPEN
PO-000027,SUP-0011,CON-0123,2026-08-11,USD,46886.05,OPEN
PO-000028,SUP-0031,CON-0031,2026-02-07,GBP,38767.25,OPEN
PO-000029,SUP-0042,CON-0134,2026-02-08,GBP,66244.54,OPEN
PO-000030,SUP-0060,CON-0060,2026-04-26,GBP,136402.97,OPEN
PO-000031,SUP-0057,CON-0057,2026-04-04,INR,56241.37,OPEN
PO-000032,SUP-0017,CON-0017,2026-03-21,INR,84058.85,OPEN
PO-000033,SUP-0044,CON-0044,2026-02-19,USD,34368.19,OPEN
PO-000034,SUP-0077,CON-0077,2026-02-09,EUR,24755.96,OPEN
PO-000035,SUP-0065,CON-0122,2026-02-11,GBP,122625.24,OPEN
PO-000036,SUP-0012,CON-0125,2026-07-29,USD,67943.63,OPEN
PO-000037,SUP-0031,CON-0031,2026-01-21,GBP,56549.44,OPEN
PO-000038,SUP-0028,CON-0028,2026-05-21,INR,141063.78,OPEN
PO-000039,SUP-0031,CON-0031,2026-06-13,GBP,119187.92,OPEN
PO-000040,SUP-0081,CON-0081,2026-07-03,INR,21964.74,OPEN
PO-000041,SUP-0024,CON-0024,2026-05-15,USD,146210.85,OPEN
PO-000042,SUP-0048,CON-0048,2026-07-11,USD,2928.21,OPEN
PO-000043,SUP-0081,CON-0081,2026-07-27,INR,20660.46,OPEN
PO-000044,SUP-0041,CON-0041,2026-05-12,USD,60034.5,OPEN
PO-000045,SUP-0024,CON-0128,2026-06-27,GBP,74879.75,OPEN
PO-000046,SUP-0070,CON-0070,2026-03-24,INR,15838.39,OPEN
PO-000047,SUP-0010,CON-0010,2026-04-04,INR,77206.36,OPEN
PO-000048,SUP-0031,CON-0031,2026-04-03,GBP,57736.73,OPEN
PO-000049,SUP-0041,CON-0041,2026-03-05,USD,144097.75,OPEN
PO-000050,SUP-0089,CON-0121,2026-02-21,GBP,18834.29,OPEN
PO-000051,SUP-0031,CON-0031,2026-01-07,GBP,54454.03,OPEN
PO-000052,SUP-0113,CON-0113,2026-07-16,INR,144956.56,OPEN
PO-000053,SUP-0042,CON-0042,2026-03-30,USD,142148.73,OPEN
PO-000054,SUP-0081,CON-0137,2026-06-07,USD,80254.97,OPEN
PO-000055,SUP-0011,CON-0011,2026-06-14,GBP,115767.84,OPEN
PO-000056,SUP-0039,CON-0039,2026-01-19,GBP,103447.73,OPEN
PO-000057,SUP-0016,CON-0143,2026-04-26,EUR,37563.87,OPEN
PO-000058,SUP-0105,CON-0105,2026-08-28,GBP,86864.21,OPEN
PO-000059,SUP-0065,CON-0122,2026-03-03,GBP,32664.09,OPEN
PO-000060,SUP-0037,CON-0037,2026-08-05,EUR,16570.81,OPEN
PO-000061,SUP-0036,CON-0036,2026-02-02,INR,146274.88,OPEN
PO-000062,SUP-0059,CON-0059,2026-06-05,GBP,134023.19,OPEN
PO-000063,SUP-0043,CON-0131,2026-01-29,GBP,146994.76,OPEN
PO-000064,SUP-0074,CON-0074,2026-07-04,EUR,8177.6,OPEN
PO-000065,SUP-0041,CON-0041,2026-02-08,USD,62237.54,OPEN
PO-000066,SUP-0079,CON-0079,2026-02-19,INR,143621.94,OPEN
PO-000067,SUP-0049,CON-0049,2026-07-29,INR,52097.63,OPEN
PO-000068,SUP-0018,CON-0018,2026-06-07,USD,111263.2,OPEN
PO-000069,SUP-0001,CON-0001,2026-04-15,EUR,98107.47,OPEN
PO-000070,SUP-0113,CON-0113,2026-01-03,INR,45109.64,OPEN
PO-000071,SUP-0092,CON-0092,2026-01-04,INR,110624.38,OPEN
PO-000072,SUP-0062,CON-0062,2026-08-28,GBP,37583.04,OPEN
PO-000073,SUP-0089,CON-0089,2026-06-13,INR,137461.49,OPEN
PO-000074,SUP-0098,CON-0098,2026-06-24,USD,113333.56,OPEN
PO-000075,SUP-0116,CON-0116,2026-07-27,EUR,8817.55,OPEN
PO-000076,SUP-0037,CON-0150,2026-02-16,INR,115461.32,OPEN
PO-000077,SUP-0107,CON-0107,2026-07-13,EUR,3898.93,OPEN
PO-000078,SUP-0013,CON-0013,2026-04-25,INR,89868.84,OPEN
PO-000079,SUP-0030,CON-0030,2026-05-28,GBP,89888.69,OPEN
PO-000080,SUP-0113,CON-0113,2026-06-10,INR,101973.14,OPEN
PO-000081,SUP-0053,CON-0053,2026-03-18,EUR,56780.8,OPEN
PO-000082,SUP-0018,CON-0018,2026-03-04,USD,38621.85,OPEN
PO-000083,SUP-0007,CON-0136,2026-04-07,INR,101213.95,OPEN
PO-000084,SUP-0039,CON-0039,2026-02-24,GBP,140605.38,OPEN
PO-000085,SUP-0098,CON-0098,2026-08-23,USD,30867.56,OPEN
PO-000086,SUP-0059,CON-0059,2026-07-07,GBP,119348.84,OPEN
PO-000087,SUP-0098,CON-0098,2026-04-16,USD,21054.98,OPEN
PO-000088,SUP-0048,CON-0048,2026-06-08,USD,95840.42,OPEN
PO-000089,SUP-0031,CON-0031,2026-06-08,GBP,79205.17,OPEN
PO-000090,SUP-0049,CON-0049,2026-01-15,INR,95693.84,OPEN
PO-000091,SUP-0115,CON-0115,2026-02-28,EUR,32106.85,OPEN
PO-000092,SUP-0021,CON-0021,2026-05-26,GBP,125280.26,OPEN
PO-000093,SUP-0101,CON-0101,2026-05-06,EUR,34606.69,OPEN
PO-000094,SUP-0047,CON-0047,2026-01-27,INR,20309.8,OPEN
PO-000095,SUP-0088,CON-0088,2026-02-13,EUR,21256.59,OPEN
PO-000096,SUP-0077,CON-0077,2026-04-28,EUR,16492.37,OPEN
PO-000097,SUP-0043,CON-0130,2026-07-28,USD,123618.52,OPEN
PO-000098,SUP-0105,CON-0105,2026-04-04,GBP,17526.23,OPEN
PO-000099,SUP-0018,CON-0018,2026-03-03,USD,38275.91,OPEN
PO-000100,SUP-0022,CON-0022,2026-05-25,GBP,147549.43,OPEN
PO-000101,SUP-0014,CON-0014,2026-04-17,INR,138121.86,OPEN
PO-000102,SUP-0101,CON-0101,2026-05-14,EUR,72697.44,OPEN
PO-000103,SUP-0006,CON-0006,2026-01-06,GBP,127452.41,OPEN
PO-000104,SUP-0081,CON-0081,2026-02-17,INR,96251.59,OPEN
PO-000105,SUP-0086,CON-0086,2026-05-16,GBP,144904.5,OPEN
PO-000106,SUP-0089,CON-0089,2026-05-11,INR,58575.26,OPEN
PO-000107,SUP-0018,CON-0018,2026-07-28,USD,57899.65,OPEN
PO-000108,SUP-0096,CON-0096,2026-05-21,EUR,76865.49,OPEN
PO-000109,SUP-0111,CON-0111,2026-04-23,GBP,129860.93,OPEN
PO-000110,SUP-0073,CON-0073,2026-05-17,GBP,42522.21,OPEN
PO-000111,SUP-0092,CON-0092,2026-08-01,INR,37509.43,OPEN
PO-000112,SUP-0109,CON-0109,2026-07-23,EUR,80396.46,OPEN
PO-000113,SUP-0001,CON-0001,2026-02-21,EUR,149356.26,OPEN
PO-000114,SUP-0055,CON-0055,2026-06-30,USD,14729.96,OPEN
PO-000115,SUP-0014,CON-0014,2026-04-05,INR,132207.85,OPEN
PO-000116,SUP-0076,CON-0076,2026-03-31,USD,144505.68,OPEN
PO-000117,SUP-0027,CON-0027,2026-07-11,EUR,59066.78,OPEN
PO-000118,SUP-0120,CON-0144,2026-02-03,INR,58332.32,OPEN
PO-000119,SUP-0081,CON-0137,2026-04-19,USD,105420.69,OPEN
PO-000120,SUP-0076,CON-0076,2026-03-21,USD,104952.04,OPEN
PO-000121,SUP-0079,CON-0079,2026-03-21,INR,100078.9,OPEN
PO-000122,SUP-0045,CON-0045,2026-02-12,EUR,56094.48,OPEN
PO-000123,SUP-0009,CON-0009,2026-07-02,EUR,146270.06,OPEN
PO-000124,SUP-0061,CON-0061,2026-04-09,EUR,138073.87,OPEN
PO-000125,SUP-0054,CON-0145,2026-03-11,GBP,123986.55,OPEN
PO-000126,SUP-0006,CON-0006,2026-01-18,GBP,131610.19,OPEN
PO-000127,SUP-0064,CON-0064,2026-07-07,EUR,135116.27,OPEN
PO-000128,SUP-0109,CON-0109,2026-01-27,EUR,31176.56,OPEN
PO-000129,SUP-0073,CON-0073,2026-04-22,GBP,99535.37,OPEN
PO-000130,SUP-0026,CON-0026,2026-07-19,GBP,115636.92,OPEN
PO-000131,SUP-0058,CON-0058,2026-04-29,GBP,40118.69,OPEN
PO-000132,SUP-0107,CON-0107,2026-02-07,EUR,14136.33,OPEN
PO-000133,SUP-0016,CON-0016,2026-01-16,USD,124640.66,OPEN
PO-000134,SUP-0026,CON-0026,2026-07-27,GBP,19754.34,OPEN
PO-000135,SUP-0056,CON-0056,2026-05-08,GBP,4907.6,OPEN
PO-000136,SUP-0079,CON-0079,2026-06-15,INR,44618.22,OPEN
PO-000137,SUP-0050,CON-0050,2026-02-16,USD,4396.41,OPEN
PO-000138,SUP-0099,CON-0099,2026-02-10,USD,15470.08,OPEN
PO-000139,SUP-0073,CON-0073,2026-05-25,GBP,142281.09,OPEN
PO-000140,SUP-0092,CON-0092,2026-08-24,INR,120462.45,OPEN
PO-000141,SUP-0100,CON-0100,2026-08-05,EUR,79181.08,OPEN
PO-000142,SUP-0039,CON-0039,2026-02-04,GBP,146391.17,OPEN
PO-000143,SUP-0051,CON-0051,2026-02-16,GBP,90557.11,OPEN
PO-000144,SUP-0031,CON-0031,2026-03-23,GBP,25599.17,OPEN
PO-000145,SUP-0022,CON-0022,2026-05-07,GBP,132324.71,OPEN
PO-000146,SUP-0071,CON-0071,2026-03-28,INR,89307.57,OPEN
PO-000147,SUP-0007,CON-0007,2026-03-26,GBP,31229.8,OPEN
PO-000148,SUP-0062,CON-0062,2026-01-25,GBP,4347.49,OPEN
PO-000149,SUP-0024,CON-0128,2026-01-12,GBP,39862.75,OPEN
PO-000150,SUP-0008,CON-0008,2026-07-29,EUR,78626.05,OPEN
PO-000151,SUP-0022,CON-0022,2026-07-26,GBP,29312.55,OPEN
PO-000152,SUP-0101,CON-0101,2026-01-29,EUR,62459.14,OPEN
PO-000153,SUP-0113,CON-0113,2026-03-09,INR,57765.0,OPEN
PO-000154,SUP-0108,CON-0108,2026-08-08,USD,104579.34,OPEN
PO-000155,SUP-0117,CON-0117,2026-07-09,INR,72926.82,OPEN
PO-000156,SUP-0052,CON-0052,2026-07-19,EUR,127768.65,OPEN
PO-000157,SUP-0036,CON-0148,2026-07-30,GBP,69900.66,OPEN
PO-000158,SUP-0077,CON-0077,2026-02-15,EUR,144097.8,OPEN
PO-000159,SUP-0087,CON-0087,2026-03-10,INR,97912.31,OPEN
PO-000160,SUP-0077,CON-0077,2026-02-27,EUR,38232.37,OPEN
PO-000161,SUP-0066,CON-0066,2026-05-24,GBP,97277.65,OPEN
PO-000162,SUP-0104,CON-0104,2026-06-19,GBP,48278.07,OPEN
PO-000163,SUP-0052,CON-0052,2026-07-08,EUR,5780.19,OPEN
PO-000164,SUP-0084,CON-0084,2026-02-26,EUR,53614.87,OPEN
PO-000165,SUP-0007,CON-0007,2026-02-05,GBP,148856.0,OPEN
PO-000166,SUP-0101,CON-0101,2026-02-03,EUR,92364.72,OPEN
PO-000167,SUP-0040,CON-0040,2026-01-27,USD,57840.8,OPEN
PO-000168,SUP-0044,CON-0044,2026-04-02,USD,112642.28,OPEN
PO-000169,SUP-0084,CON-0084,2026-01-13,EUR,103617.59,OPEN
PO-000170,SUP-0093,CON-0093,2026-03-14,GBP,17544.88,OPEN
PO-000171,SUP-0117,CON-0117,2026-08-02,INR,86335.84,OPEN
PO-000172,SUP-0013,CON-0013,2026-08-12,INR,6396.96,OPEN
PO-000173,SUP-0113,CON-0113,2026-04-06,INR,122337.16,OPEN
PO-000174,SUP-0089,CON-0121,2026-07-24,GBP,63550.1,OPEN
PO-000175,SUP-0117,CON-0117,2026-07-25,INR,85557.04,OPEN
PO-000176,SUP-0114,CON-0114,2026-04-23,EUR,7372.86,OPEN
PO-000177,SUP-0115,CON-0115,2026-01-03,EUR,96688.11,OPEN
PO-000178,SUP-0110,CON-0110,2026-04-25,USD,47751.2,OPEN
PO-000179,SUP-0071,CON-0071,2026-07-31,INR,14088.88,OPEN
PO-000180,SUP-0077,CON-0077,2026-07-03,EUR,98746.5,OPEN
PO-000181,SUP-0107,CON-0107,2026-05-21,EUR,78536.77,OPEN
PO-000182,SUP-0014,CON-0014,2026-06-06,INR,29790.26,OPEN
PO-000183,SUP-0095,CON-0095,2026-05-22,GBP,140328.59,OPEN
PO-000184,SUP-0078,CON-0078,2026-03-12,EUR,59981.56,OPEN
PO-000185,SUP-0092,CON-0092,2026-06-25,INR,52121.39,OPEN
PO-000186,SUP-0104,CON-0104,2026-05-14,GBP,16417.33,OPEN
PO-000187,SUP-0027,CON-0027,2026-04-02,EUR,122196.92,OPEN
PO-000188,SUP-0101,CON-0101,2026-05-22,EUR,8543.43,OPEN
PO-000189,SUP-0023,CON-0023,2026-02-17,EUR,144390.05,OPEN
PO-000190,SUP-0034,CON-0034,2026-02-11,GBP,87805.92,OPEN
PO-000191,SUP-0119,CON-0119,2026-06-02,INR,8102.89,OPEN
PO-000192,SUP-0085,CON-0132,2026-03-26,GBP,54439.27,OPEN
PO-000193,SUP-0103,CON-0103,2026-05-05,GBP,7055.82,OPEN
PO-000194,SUP-0107,CON-0107,2026-06-15,EUR,122604.78,OPEN
PO-000195,SUP-0010,CON-0010,2026-08-22,INR,39167.87,OPEN
PO-000196,SUP-0037,CON-0150,2026-04-08,INR,59569.43,OPEN
PO-000197,SUP-0040,CON-0040,2026-07-11,USD,111343.86,OPEN
PO-000198,SUP-0086,CON-0086,2026-08-06,GBP,112780.75,OPEN
PO-000199,SUP-0093,CON-0093,2026-03-26,GBP,53892.18,OPEN
PO-000200,SUP-0058,CON-0058,2026-06-07,GBP,99083.63,OPEN
PO-000201,SUP-0046,CON-0046,2026-05-05,USD,82974.94,OPEN
PO-000202,SUP-0094,CON-0094,2026-07-06,USD,11772.29,OPEN
PO-000203,SUP-0071,CON-0071,2026-05-20,INR,134150.9,OPEN
PO-000204,SUP-0051,CON-0051,2026-05-09,GBP,2083.46,OPEN
PO-000205,SUP-0029,CON-0029,2026-03-01,USD,9897.74,OPEN
PO-000206,SUP-0014,CON-0014,2026-08-02,INR,111415.5,OPEN
PO-000207,SUP-0022,CON-0022,2026-01-20,GBP,77423.92,OPEN
PO-000208,SUP-0062,CON-0062,2026-05-03,GBP,32000.24,OPEN
PO-000209,SUP-0113,CON-0113,2026-01-22,INR,32880.72,OPEN
PO-000210,SUP-0014,CON-0014,2026-02-21,INR,78645.35,OPEN
PO-000211,SUP-0112,CON-0112,2026-06-28,EUR,79707.57,OPEN
PO-000212,SUP-0074,CON-0074,2026-05-14,EUR,1575.51,OPEN
PO-000213,SUP-0097,CON-0097,2026-04-16,GBP,83039.69,OPEN
PO-000214,SUP-0096,CON-0096,2026-04-25,EUR,117574.83,OPEN
PO-000215,SUP-0090,CON-0090,2026-02-11,USD,58671.0,OPEN
PO-000216,SUP-0009,CON-0009,2026-02-26,EUR,55939.85,OPEN
PO-000217,SUP-0047,CON-0047,2026-06-17,INR,542.95,OPEN
PO-000218,SUP-0052,CON-0052,2026-05-13,EUR,2797.3,OPEN
PO-000219,SUP-0045,CON-0045,2026-02-27,EUR,91151.33,OPEN
PO-000220,SUP-0062,CON-0062,2026-07-13,GBP,51279.28,OPEN
PO-000221,SUP-0052,CON-0052,2026-01-20,EUR,83405.45,OPEN
PO-000222,SUP-0016,CON-0016,2026-06-23,USD,143389.06,OPEN
PO-000223,SUP-0041,CON-0041,2026-08-18,USD,147811.52,OPEN
PO-000224,SUP-0059,CON-0133,2026-06-26,INR,1758.58,OPEN
PO-000225,SUP-0047,CON-0047,2026-03-13,INR,67883.98,OPEN
PO-000226,SUP-0061,CON-0061,2026-02-15,EUR,63517.34,OPEN
PO-000227,SUP-0058,CON-0058,2026-03-08,GBP,54463.82,OPEN
PO-000228,SUP-0079,CON-0079,2026-04-29,INR,94940.97,OPEN
PO-000229,SUP-0044,CON-0044,2026-03-22,USD,47873.3,OPEN
PO-000230,SUP-0096,CON-0096,2026-02-23,EUR,25453.11,OPEN
PO-000231,SUP-0099,CON-0099,2026-05-15,USD,114866.96,OPEN
PO-000232,SUP-0040,CON-0040,2026-03-05,USD,110770.19,OPEN
PO-000233,SUP-0071,CON-0071,2026-02-04,INR,145446.57,OPEN
PO-000234,SUP-0067,CON-0067,2026-03-30,USD,43370.96,OPEN
PO-000235,SUP-0034,CON-0034,2026-04-19,GBP,93985.79,OPEN
PO-000236,SUP-0063,CON-0063,2026-03-24,INR,3399.61,OPEN
PO-000237,SUP-0092,CON-0092,2026-07-06,INR,1726.51,OPEN
PO-000238,SUP-0043,CON-0043,2026-08-04,USD,112710.15,OPEN
PO-000239,SUP-0024,CON-0024,2026-08-18,USD,126310.12,OPEN
PO-000240,SUP-0095,CON-0095,2026-02-20,GBP,69394.78,OPEN
PO-000241,SUP-0033,CON-0033,2026-06-13,USD,45172.56,OPEN
PO-000242,SUP-0042,CON-0042,2026-02-12,USD,119261.36,OPEN
PO-000243,SUP-0090,CON-0090,2026-02-02,USD,73432.51,OPEN
PO-000244,SUP-0025,CON-0025,2026-05-20,USD,52475.87,OPEN
PO-000245,SUP-0114,CON-0114,2026-06-08,EUR,128595.98,OPEN
PO-000246,SUP-0085,CON-0085,2026-01-12,EUR,125361.41,OPEN
PO-000247,SUP-0085,CON-0132,2026-05-15,GBP,93783.59,OPEN
PO-000248,SUP-0002,CON-0002,2026-06-17,USD,73965.12,OPEN
PO-000249,SUP-0025,CON-0025,2026-05-15,USD,98703.04,OPEN
PO-000250,SUP-0109,CON-0109,2026-04-16,EUR,114745.56,OPEN
PO-000251,SUP-0003,CON-0003,2026-08-16,EUR,45625.33,OPEN
PO-000252,SUP-0046,CON-0046,2026-02-05,USD,40115.73,OPEN
PO-000253,SUP-0102,CON-0102,2026-02-14,GBP,73497.32,OPEN
PO-000254,SUP-0068,CON-0068,2026-03-23,INR,81219.49,OPEN
PO-000255,SUP-0061,CON-0061,2026-05-21,EUR,60179.1,OPEN
PO-000256,SUP-0086,CON-0086,2026-04-19,GBP,55107.51,OPEN
PO-000257,SUP-0015,CON-0015,2026-03-04,EUR,142366.67,OPEN
PO-000258,SUP-0071,CON-0071,2026-06-09,INR,109623.58,OPEN
PO-000259,SUP-0037,CON-0037,2026-07-22,EUR,104630.74,OPEN
PO-000260,SUP-0085,CON-0135,2026-04-03,GBP,129710.2,OPEN
PO-000261,SUP-0072,CON-0072,2026-01-11,EUR,37485.12,OPEN
PO-000262,SUP-0113,CON-0113,2026-08-16,INR,149992.79,OPEN
PO-000263,SUP-0020,CON-0020,2026-03-21,EUR,136505.44,OPEN
PO-000264,SUP-0093,CON-0093,2026-02-17,GBP,47980.84,OPEN
PO-000265,SUP-0096,CON-0096,2026-02-08,EUR,116976.63,OPEN
PO-000266,SUP-0088,CON-0088,2026-04-02,EUR,12381.58,OPEN
PO-000267,SUP-0029,CON-0029,2026-04-15,USD,114798.56,OPEN
PO-000268,SUP-0078,CON-0078,2026-07-04,EUR,47278.17,OPEN
PO-000269,SUP-0069,CON-0069,2026-07-08,EUR,6368.12,OPEN
PO-000270,SUP-0100,CON-0100,2026-04-29,EUR,25389.75,OPEN
PO-000271,SUP-0012,CON-0012,2026-02-16,EUR,116920.31,OPEN
PO-000272,SUP-0094,CON-0094,2026-04-07,USD,82776.71,OPEN
PO-000273,SUP-0037,CON-0037,2026-01-31,EUR,134832.02,OPEN
PO-000274,SUP-0110,CON-0110,2026-05-20,USD,121214.46,OPEN
PO-000275,SUP-0080,CON-0080,2026-01-13,INR,28133.58,OPEN
PO-000276,SUP-0079,CON-0079,2026-04-27,INR,112525.55,OPEN
PO-000277,SUP-0105,CON-0105,2026-07-14,GBP,64384.91,OPEN
PO-000278,SUP-0012,CON-0142,2026-07-05,USD,103453.81,OPEN
PO-000279,SUP-0004,CON-0140,2026-06-10,EUR,119611.52,OPEN
PO-000280,SUP-0044,CON-0044,2026-07-05,USD,85553.77,OPEN
PO-000281,SUP-0081,CON-0137,2026-08-17,USD,129851.04,OPEN
PO-000282,SUP-0108,CON-0108,2026-05-27,USD,91050.52,OPEN
PO-000283,SUP-0012,CON-0142,2026-08-13,USD,36027.52,OPEN
PO-000284,SUP-0044,CON-0044,2026-07-07,USD,131144.92,OPEN
PO-000285,SUP-0112,CON-0112,2026-03-27,EUR,70297.95,OPEN
PO-000286,SUP-0082,CON-0082,2026-03-24,GBP,30483.05,OPEN
PO-000287,SUP-0071,CON-0071,2026-03-11,INR,21662.75,OPEN
PO-000288,SUP-0061,CON-0061,2026-01-28,EUR,57848.15,OPEN
PO-000289,SUP-0088,CON-0088,2026-05-01,EUR,35138.28,OPEN
PO-000290,SUP-0004,CON-0004,2026-05-02,GBP,17376.62,OPEN
PO-000291,SUP-0071,CON-0071,2026-05-04,INR,57880.56,OPEN
PO-000292,SUP-0095,CON-0124,2026-01-30,INR,89028.39,OPEN
PO-000293,SUP-0012,CON-0125,2026-07-29,USD,21268.05,OPEN
PO-000294,SUP-0039,CON-0039,2026-08-24,GBP,141528.33,OPEN
PO-000295,SUP-0031,CON-0031,2026-06-29,GBP,88729.5,OPEN
PO-000296,SUP-0083,CON-0083,2026-02-06,INR,108340.22,OPEN
PO-000297,SUP-0064,CON-0064,2026-07-02,EUR,75508.46,OPEN
PO-000298,SUP-0114,CON-0114,2026-03-04,EUR,71131.51,OPEN
PO-000299,SUP-0022,CON-0022,2026-06-27,GBP,138468.25,OPEN
PO-000300,SUP-0033,CON-0033,2026-06-07,USD,42505.3,OPEN
PO-000301,SUP-0085,CON-0132,2026-04-05,GBP,121272.18,OPEN
PO-000302,SUP-0097,CON-0097,2026-07-17,GBP,57783.47,OPEN
PO-000303,SUP-0061,CON-0061,2026-05-02,EUR,112049.51,OPEN
PO-000304,SUP-0043,CON-0130,2026-03-10,USD,120446.3,OPEN
PO-000305,SUP-0093,CON-0093,2026-03-06,GBP,29365.39,OPEN
PO-000306,SUP-0091,CON-0091,2026-01-23,USD,128537.9,OPEN
PO-000307,SUP-0049,CON-0049,2026-03-27,INR,149395.81,OPEN
PO-000308,SUP-0079,CON-0079,2026-08-22,INR,66516.47,OPEN
PO-000309,SUP-0100,CON-0100,2026-01-05,EUR,134528.6,OPEN
PO-000310,SUP-0116,CON-0116,2026-05-28,EUR,1053.71,OPEN
PO-000311,SUP-0110,CON-0110,2026-01-21,USD,126256.65,OPEN
PO-000312,SUP-0063,CON-0063,2026-08-15,INR,95102.29,OPEN
PO-000313,SUP-0083,CON-0083,2026-05-08,INR,80324.04,OPEN
PO-000314,SUP-0052,CON-0052,2026-02-24,EUR,121162.0,OPEN
PO-000315,SUP-0032,CON-0032,2026-01-04,USD,26251.23,OPEN
PO-000316,SUP-0104,CON-0104,2026-03-25,GBP,18559.96,OPEN
PO-000317,SUP-0032,CON-0032,2026-02-04,USD,15445.19,OPEN
PO-000318,SUP-0089,CON-0121,2026-06-27,GBP,19470.42,OPEN
PO-000319,SUP-0001,CON-0001,2026-02-19,EUR,18067.42,OPEN
PO-000320,SUP-0086,CON-0086,2026-01-14,GBP,96906.7,OPEN
PO-000321,SUP-0021,CON-0021,2026-05-05,GBP,77478.11,OPEN
PO-000322,SUP-0031,CON-0031,2026-08-11,GBP,30393.4,OPEN
PO-000323,SUP-0028,CON-0028,2026-02-15,INR,58405.88,OPEN
PO-000324,SUP-0021,CON-0021,2026-05-28,GBP,145535.31,OPEN
PO-000325,SUP-0108,CON-0108,2026-03-13,USD,2668.33,OPEN
PO-000326,SUP-0006,CON-0006,2026-05-01,GBP,110154.71,OPEN
PO-000327,SUP-0058,CON-0058,2026-03-03,GBP,12922.18,OPEN
PO-000328,SUP-0024,CON-0128,2026-06-10,GBP,69912.22,OPEN
PO-000329,SUP-0055,CON-0055,2026-06-28,USD,141941.28,OPEN
PO-000330,SUP-0114,CON-0114,2026-01-29,EUR,57751.77,OPEN
PO-000331,SUP-0091,CON-0091,2026-05-24,USD,106545.9,OPEN
PO-000332,SUP-0115,CON-0115,2026-05-09,EUR,102193.9,OPEN
PO-000333,SUP-0065,CON-0065,2026-05-01,GBP,106618.88,OPEN
PO-000334,SUP-0081,CON-0081,2026-03-17,INR,62772.23,OPEN
PO-000335,SUP-0108,CON-0108,2026-04-28,USD,45960.31,OPEN
PO-000336,SUP-0037,CON-0037,2026-02-14,EUR,125980.09,OPEN
PO-000337,SUP-0027,CON-0027,2026-06-20,EUR,47883.09,OPEN
PO-000338,SUP-0099,CON-0099,2026-04-28,USD,139207.79,OPEN
PO-000339,SUP-0097,CON-0097,2026-07-24,GBP,85002.11,OPEN
PO-000340,SUP-0008,CON-0008,2026-05-30,EUR,79201.86,OPEN
PO-000341,SUP-0078,CON-0078,2026-08-21,EUR,100181.57,OPEN
PO-000342,SUP-0112,CON-0112,2026-02-25,EUR,109314.08,OPEN
PO-000343,SUP-0001,CON-0001,2026-06-13,EUR,137204.37,OPEN
PO-000344,SUP-0006,CON-0006,2026-08-02,GBP,87988.63,OPEN
PO-000345,SUP-0077,CON-0077,2026-05-29,EUR,72332.64,OPEN
PO-000346,SUP-0046,CON-0046,2026-01-14,USD,41264.22,OPEN
PO-000347,SUP-0035,CON-0138,2026-01-25,EUR,80395.84,OPEN
PO-000348,SUP-0028,CON-0028,2026-05-09,INR,33556.47,OPEN
PO-000349,SUP-0119,CON-0119,2026-05-03,INR,52557.38,OPEN
PO-000350,SUP-0089,CON-0089,2026-03-20,INR,19238.96,OPEN
PO-000351,SUP-0097,CON-0097,2026-01-11,GBP,29854.47,OPEN
PO-000352,SUP-0039,CON-0039,2026-07-13,GBP,14927.29,OPEN
PO-000353,SUP-0075,CON-0075,2026-04-01,GBP,24503.32,OPEN
PO-000354,SUP-0116,CON-0116,2026-07-05,EUR,15253.51,OPEN
PO-000355,SUP-0064,CON-0064,2026-06-30,EUR,43596.55,OPEN
PO-000356,SUP-0059,CON-0133,2026-06-25,INR,146438.77,OPEN
PO-000357,SUP-0087,CON-0087,2026-06-22,INR,16223.2,OPEN
PO-000358,SUP-0014,CON-0014,2026-01-17,INR,54874.64,OPEN
PO-000359,SUP-0052,CON-0052,2026-05-11,EUR,42194.15,OPEN
PO-000360,SUP-0081,CON-0081,2026-01-08,INR,15390.71,OPEN
PO-000361,SUP-0087,CON-0087,2026-02-09,INR,45761.52,OPEN
PO-000362,SUP-0085,CON-0132,2026-05-06,GBP,75966.82,OPEN
PO-000363,SUP-0041,CON-0041,2026-04-24,USD,69218.61,OPEN
PO-000364,SUP-0073,CON-0073,2026-06-18,GBP,83290.69,OPEN
PO-000365,SUP-0104,CON-0104,2026-07-15,GBP,133755.76,OPEN
PO-000366,SUP-0069,CON-0069,2026-01-10,EUR,69405.95,OPEN
PO-000367,SUP-0022,CON-0022,2026-04-04,GBP,145429.45,OPEN
PO-000368,SUP-0061,CON-0061,2026-02-23,EUR,52423.81,OPEN
PO-000369,SUP-0081,CON-0081,2026-05-28,INR,75130.94,OPEN
PO-000370,SUP-0041,CON-0041,2026-06-12,USD,30931.93,OPEN
PO-000371,SUP-0063,CON-0063,2026-04-19,INR,97214.85,OPEN
PO-000372,SUP-0101,CON-0101,2026-01-15,EUR,129007.81,OPEN
PO-000373,SUP-0120,CON-0120,2026-05-14,USD,99800.46,OPEN
PO-000374,SUP-0063,CON-0063,2026-06-29,INR,142332.28,OPEN
PO-000375,SUP-0069,CON-0069,2026-08-08,EUR,66639.22,OPEN
PO-000376,SUP-0113,CON-0113,2026-07-31,INR,24471.33,OPEN
PO-000377,SUP-0095,CON-0124,2026-04-27,INR,104433.91,OPEN
PO-000378,SUP-0015,CON-0015,2026-03-05,EUR,77696.7,OPEN
PO-000379,SUP-0003,CON-0003,2026-08-21,EUR,13802.0,OPEN
PO-000380,SUP-0022,CON-0022,2026-01-04,GBP,107928.22,OPEN
PO-000381,SUP-0053,CON-0053,2026-01-08,EUR,43883.85,OPEN
PO-000382,SUP-0018,CON-0018,2026-06-27,USD,59934.43,OPEN
PO-000383,SUP-0017,CON-0017,2026-05-29,INR,27316.15,OPEN
PO-000384,SUP-0107,CON-0107,2026-05-13,EUR,47295.04,OPEN
PO-000385,SUP-0091,CON-0091,2026-04-22,USD,17845.6,OPEN
PO-000386,SUP-0064,CON-0064,2026-08-05,EUR,108104.71,OPEN
PO-000387,SUP-0107,CON-0107,2026-07-11,EUR,76556.3,OPEN
PO-000388,SUP-0114,CON-0114,2026-01-07,EUR,43000.05,OPEN
PO-000389,SUP-0111,CON-0111,2026-07-25,GBP,96724.78,OPEN
PO-000390,SUP-0023,CON-0023,2026-07-17,EUR,129894.57,OPEN
PO-000391,SUP-0083,CON-0083,2026-01-31,INR,45132.73,OPEN
PO-000392,SUP-0012,CON-0142,2026-07-27,USD,55551.29,OPEN
PO-000393,SUP-0088,CON-0088,2026-08-04,EUR,37673.7,OPEN
PO-000394,SUP-0033,CON-0033,2026-07-16,USD,75764.96,OPEN
PO-000395,SUP-0034,CON-0034,2026-04-22,GBP,80389.21,OPEN
PO-000396,SUP-0105,CON-0105,2026-06-28,GBP,145592.79,OPEN
PO-000397,SUP-0061,CON-0061,2026-01-06,EUR,17910.59,OPEN
PO-000398,SUP-0038,CON-0038,2026-05-05,INR,60252.22,OPEN
PO-000399,SUP-0003,CON-0003,2026-03-15,EUR,109068.27,OPEN
PO-000400,SUP-0102,CON-0102,2026-07-24,GBP,145655.78,OPEN
PO-000401,SUP-0102,CON-0102,2026-05-07,GBP,45895.96,OPEN
PO-000402,SUP-0023,CON-0023,2026-07-26,EUR,10018.01,OPEN
PO-000403,SUP-0063,CON-0063,2026-03-29,INR,117840.43,OPEN
PO-000404,SUP-0112,CON-0112,2026-08-22,EUR,54564.95,OPEN
PO-000405,SUP-0092,CON-0092,2026-04-03,INR,94601.34,OPEN
PO-000406,SUP-0004,CON-0140,2026-02-07,EUR,115637.7,OPEN
PO-000407,SUP-0008,CON-0008,2026-07-14,EUR,6045.51,OPEN
PO-000408,SUP-0112,CON-0112,2026-07-04,EUR,111533.28,OPEN
PO-000409,SUP-0114,CON-0114,2026-06-28,EUR,52114.97,OPEN
PO-000410,SUP-0028,CON-0028,2026-05-11,INR,82991.98,OPEN
PO-000411,SUP-0094,CON-0094,2026-08-04,USD,56260.34,OPEN
PO-000412,SUP-0086,CON-0086,2026-07-02,GBP,56961.03,OPEN
PO-000413,SUP-0019,CON-0019,2026-08-01,EUR,62101.92,OPEN
PO-000414,SUP-0010,CON-0010,2026-06-23,INR,79175.21,OPEN
PO-000415,SUP-0111,CON-0111,2026-06-27,GBP,32290.06,OPEN
PO-000416,SUP-0015,CON-0015,2026-04-05,EUR,85978.83,OPEN
PO-000417,SUP-0101,CON-0101,2026-01-13,EUR,140554.69,OPEN
PO-000418,SUP-0101,CON-0101,2026-05-02,EUR,125251.77,OPEN
PO-000419,SUP-0053,CON-0053,2026-03-01,EUR,135086.54,OPEN
PO-000420,SUP-0111,CON-0111,2026-07-01,GBP,4208.21,OPEN
PO-000421,SUP-0074,CON-0074,2026-05-26,EUR,78502.19,OPEN
PO-000422,SUP-0032,CON-0146,2026-01-22,EUR,121134.69,OPEN
PO-000423,SUP-0033,CON-0033,2026-02-09,USD,46365.74,OPEN
PO-000424,SUP-0053,CON-0053,2026-03-08,EUR,56639.22,OPEN
PO-000425,SUP-0064,CON-0064,2026-01-30,EUR,40758.49,OPEN
PO-000426,SUP-0027,CON-0027,2026-04-06,EUR,81295.74,OPEN
PO-000427,SUP-0001,CON-0001,2026-08-27,EUR,138310.7,OPEN
PO-000428,SUP-0090,CON-0090,2026-08-01,USD,21377.72,OPEN
PO-000429,SUP-0001,CON-0001,2026-06-22,EUR,26443.64,OPEN
PO-000430,SUP-0002,CON-0002,2026-07-10,USD,3457.36,OPEN
PO-000431,SUP-0015,CON-0015,2026-05-26,EUR,75298.68,OPEN
PO-000432,SUP-0113,CON-0113,2026-02-19,INR,127226.24,OPEN
PO-000433,SUP-0098,CON-0098,2026-08-15,USD,108322.43,OPEN
PO-000434,SUP-0022,CON-0022,2026-03-21,GBP,9895.2,OPEN
PO-000435,SUP-0108,CON-0108,2026-03-05,USD,16622.18,OPEN
PO-000436,SUP-0049,CON-0049,2026-08-16,INR,127229.98,OPEN
PO-000437,SUP-0072,CON-0072,2026-03-17,EUR,127564.43,OPEN
PO-000438,SUP-0002,CON-0002,2026-04-09,USD,69899.26,OPEN
PO-000439,SUP-0076,CON-0076,2026-01-28,USD,15852.1,OPEN
PO-000440,SUP-0018,CON-0018,2026-01-16,USD,19588.27,OPEN
PO-000441,SUP-0105,CON-0105,2026-04-19,GBP,51900.51,OPEN
PO-000442,SUP-0079,CON-0079,2026-04-18,INR,49628.55,OPEN
PO-000443,SUP-0004,CON-0004,2026-02-06,GBP,43941.14,OPEN
PO-000444,SUP-0023,CON-0023,2026-08-22,EUR,15627.94,OPEN
PO-000445,SUP-0089,CON-0121,2026-03-23,GBP,90132.6,OPEN
PO-000446,SUP-0042,CON-0042,2026-01-14,USD,94604.14,OPEN
PO-000447,SUP-0097,CON-0097,2026-05-08,GBP,78074.41,OPEN
PO-000448,SUP-0051,CON-0051,2026-03-20,GBP,64040.92,OPEN
PO-000449,SUP-0030,CON-0030,2026-04-30,GBP,77083.18,OPEN
PO-000450,SUP-0070,CON-0070,2026-07-21,INR,41825.53,OPEN
PO-000451,SUP-0026,CON-0026,2026-02-20,GBP,101428.55,OPEN
PO-000452,SUP-0061,CON-0061,2026-08-10,EUR,59927.04,OPEN
PO-000453,SUP-0109,CON-0109,2026-04-20,EUR,115634.59,OPEN
PO-000454,SUP-0064,CON-0064,2026-03-28,EUR,34210.85,OPEN
PO-000455,SUP-0043,CON-0131,2026-04-26,GBP,96030.99,OPEN
PO-000456,SUP-0106,CON-0106,2026-01-07,USD,28410.47,OPEN
PO-000457,SUP-0062,CON-0062,2026-04-10,GBP,143286.97,OPEN
PO-000458,SUP-0092,CON-0092,2026-03-12,INR,30654.56,OPEN
PO-000459,SUP-0054,CON-0054,2026-02-15,INR,135044.71,OPEN
PO-000460,SUP-0065,CON-0122,2026-04-15,GBP,67914.93,OPEN
PO-000461,SUP-0110,CON-0110,2026-04-12,USD,6147.31,OPEN
PO-000462,SUP-0009,CON-0009,2026-05-21,EUR,98724.88,OPEN
PO-000463,SUP-0069,CON-0069,2026-02-13,EUR,12099.0,OPEN
PO-000464,SUP-0057,CON-0057,2026-06-03,INR,1197.53,OPEN
PO-000465,SUP-0106,CON-0106,2026-06-24,USD,100507.94,OPEN
PO-000466,SUP-0066,CON-0066,2026-07-28,GBP,49407.65,OPEN
PO-000467,SUP-0002,CON-0002,2026-06-17,USD,47777.91,OPEN
PO-000468,SUP-0053,CON-0053,2026-07-16,EUR,90030.93,OPEN
PO-000469,SUP-0109,CON-0109,2026-01-18,EUR,50598.23,OPEN
PO-000470,SUP-0049,CON-0049,2026-06-14,INR,6167.05,OPEN
PO-000471,SUP-0007,CON-0007,2026-07-25,GBP,103258.8,OPEN
PO-000472,SUP-0055,CON-0055,2026-03-21,USD,25041.74,OPEN
PO-000473,SUP-0011,CON-0123,2026-04-12,USD,56968.76,OPEN
PO-000474,SUP-0037,CON-0150,2026-05-24,INR,91100.79,OPEN
PO-000475,SUP-0050,CON-0050,2026-03-20,USD,96336.78,OPEN
PO-000476,SUP-0032,CON-0146,2026-01-09,EUR,138259.55,OPEN
PO-000477,SUP-0088,CON-0088,2026-03-07,EUR,37488.51,OPEN
PO-000478,SUP-0116,CON-0116,2026-05-13,EUR,136537.4,OPEN
PO-000479,SUP-0097,CON-0097,2026-01-28,GBP,95608.95,OPEN
PO-000480,SUP-0009,CON-0009,2026-05-15,EUR,62817.93,OPEN
PO-000481,SUP-0081,CON-0081,2026-08-11,INR,95646.83,OPEN
PO-000482,SUP-0097,CON-0097,2026-06-20,GBP,87575.59,OPEN
PO-000483,SUP-0098,CON-0098,2026-08-27,USD,73145.96,OPEN
PO-000484,SUP-0112,CON-0112,2026-06-29,EUR,112840.24,OPEN
PO-000485,SUP-0063,CON-0063,2026-07-09,INR,92082.56,OPEN
PO-000486,SUP-0039,CON-0039,2026-02-13,GBP,134513.08,OPEN
PO-000487,SUP-0119,CON-0119,2026-01-24,INR,119433.3,OPEN
PO-000488,SUP-0015,CON-0015,2026-01-23,EUR,17151.69,OPEN
PO-000489,SUP-0069,CON-0069,2026-08-05,EUR,58527.76,OPEN
PO-000490,SUP-0108,CON-0108,2026-05-08,USD,102157.15,OPEN
PO-000491,SUP-0008,CON-0008,2026-02-09,EUR,124268.76,OPEN
PO-000492,SUP-0044,CON-0044,2026-06-23,USD,71276.53,OPEN
PO-000493,SUP-0090,CON-0090,2026-03-16,USD,134634.1,OPEN
PO-000494,SUP-0119,CON-0119,2026-01-25,INR,53659.79,OPEN
PO-000495,SUP-0032,CON-0032,2026-01-31,USD,36507.89,OPEN
PO-000496,SUP-0016,CON-0143,2026-06-14,EUR,100484.44,OPEN
PO-000497,SUP-0039,CON-0039,2026-01-26,GBP,49121.73,OPEN
PO-000498,SUP-0103,CON-0103,2026-02-01,GBP,6351.9,OPEN
PO-000499,SUP-0055,CON-0055,2026-03-05,USD,45439.7,OPEN
PO-000500,SUP-0076,CON-0076,2026-03-13,USD,19709.57,OPEN
PO-000501,SUP-0052,CON-0052,2026-01-22,EUR,141738.7,OPEN
PO-000502,SUP-0078,CON-0078,2026-04-18,EUR,123324.39,OPEN
PO-000503,SUP-0036,CON-0036,2026-01-26,INR,56884.82,OPEN
PO-000504,SUP-0024,CON-0128,2026-07-26,GBP,111323.92,OPEN
PO-000505,SUP-0046,CON-0046,2026-05-09,USD,43379.54,OPEN
PO-000506,SUP-0012,CON-0125,2026-05-28,USD,9083.02,OPEN
PO-000507,SUP-0032,CON-0032,2026-06-05,USD,67573.48,OPEN
PO-000508,SUP-0022,CON-0022,2026-01-29,GBP,51024.81,OPEN
PO-000509,SUP-0028,CON-0028,2026-07-08,INR,94860.88,OPEN
PO-000510,SUP-0043,CON-0130,2026-04-01,USD,16521.03,OPEN
PO-000511,SUP-0116,CON-0116,2026-04-16,EUR,19014.48,OPEN
PO-000512,SUP-0048,CON-0048,2026-04-04,USD,64537.05,OPEN
PO-000513,SUP-0051,CON-0051,2026-07-10,GBP,50016.42,OPEN
PO-000514,SUP-0103,CON-0103,2026-03-25,GBP,112787.94,OPEN
PO-000515,SUP-0011,CON-0123,2026-03-05,USD,92833.17,OPEN
PO-000516,SUP-0090,CON-0090,2026-02-18,USD,148886.47,OPEN
PO-000517,SUP-0026,CON-0026,2026-08-10,GBP,8117.83,OPEN
PO-000518,SUP-0045,CON-0045,2026-03-05,EUR,48316.21,OPEN
PO-000519,SUP-0013,CON-0013,2026-02-17,INR,38213.33,OPEN
PO-000520,SUP-0027,CON-0027,2026-01-23,EUR,133135.47,OPEN
PO-000521,SUP-0119,CON-0119,2026-01-20,INR,141301.79,OPEN
PO-000522,SUP-0117,CON-0117,2026-01-18,INR,72681.68,OPEN
PO-000523,SUP-0073,CON-0073,2026-07-23,GBP,145884.86,OPEN
PO-000524,SUP-0091,CON-0091,2026-03-19,USD,127945.02,OPEN
PO-000525,SUP-0106,CON-0106,2026-05-17,USD,17869.63,OPEN
PO-000526,SUP-0003,CON-0003,2026-07-04,EUR,111992.58,OPEN
PO-000527,SUP-0048,CON-0048,2026-08-19,USD,72111.53,OPEN
PO-000528,SUP-0021,CON-0021,2026-07-29,GBP,59432.5,OPEN
PO-000529,SUP-0117,CON-0117,2026-01-26,INR,108783.88,OPEN
PO-000530,SUP-0015,CON-0015,2026-07-15,EUR,124662.31,OPEN
PO-000531,SUP-0110,CON-0110,2026-02-21,USD,21314.9,OPEN
PO-000532,SUP-0106,CON-0106,2026-01-27,USD,81923.99,OPEN
PO-000533,SUP-0010,CON-0010,2026-01-31,INR,54393.78,OPEN
PO-000534,SUP-0043,CON-0131,2026-02-16,GBP,102075.28,OPEN
PO-000535,SUP-0050,CON-0050,2026-07-04,USD,119629.19,OPEN
PO-000536,SUP-0042,CON-0042,2026-02-16,USD,115246.54,OPEN
PO-000537,SUP-0069,CON-0069,2026-05-17,EUR,80663.78,OPEN
PO-000538,SUP-0038,CON-0038,2026-02-06,INR,125370.22,OPEN
PO-000539,SUP-0090,CON-0090,2026-04-06,USD,8585.46,OPEN
PO-000540,SUP-0019,CON-0019,2026-03-04,EUR,12021.26,OPEN
PO-000541,SUP-0057,CON-0057,2026-03-15,INR,17134.37,OPEN
PO-000542,SUP-0051,CON-0051,2026-06-24,GBP,142262.17,OPEN
PO-000543,SUP-0024,CON-0024,2026-07-29,USD,104017.78,OPEN
PO-000544,SUP-0004,CON-0004,2026-03-14,GBP,24832.68,OPEN
PO-000545,SUP-0026,CON-0026,2026-03-03,GBP,40740.62,OPEN
PO-000546,SUP-0013,CON-0013,2026-01-07,INR,88282.74,OPEN
PO-000547,SUP-0038,CON-0038,2026-06-09,INR,128464.91,OPEN
PO-000548,SUP-0078,CON-0078,2026-02-09,EUR,85251.68,OPEN
PO-000549,SUP-0064,CON-0064,2026-04-27,EUR,47400.95,OPEN
PO-000550,SUP-0034,CON-0034,2026-03-07,GBP,114590.38,OPEN
PO-000551,SUP-0066,CON-0066,2026-04-06,GBP,12981.84,OPEN
PO-000552,SUP-0045,CON-0045,2026-04-30,EUR,96551.43,OPEN
PO-000553,SUP-0026,CON-0026,2026-03-26,GBP,10138.49,OPEN
PO-000554,SUP-0028,CON-0028,2026-07-14,INR,102708.88,OPEN
PO-000555,SUP-0012,CON-0142,2026-03-29,USD,144523.18,OPEN
PO-000556,SUP-0050,CON-0050,2026-05-24,USD,117569.32,OPEN
PO-000557,SUP-0002,CON-0002,2026-08-18,USD,69069.53,OPEN
PO-000558,SUP-0045,CON-0045,2026-02-18,EUR,145775.8,OPEN
PO-000559,SUP-0098,CON-0098,2026-01-30,USD,138989.15,OPEN
PO-000560,SUP-0096,CON-0096,2026-06-12,EUR,66893.45,OPEN
PO-000561,SUP-0001,CON-0001,2026-07-20,EUR,33978.52,OPEN
PO-000562,SUP-0041,CON-0041,2026-02-13,USD,143894.51,OPEN
PO-000563,SUP-0094,CON-0094,2026-04-14,USD,135673.62,OPEN
PO-000564,SUP-0080,CON-0080,2026-05-27,INR,57669.52,OPEN
PO-000565,SUP-0059,CON-0059,2026-01-28,GBP,21704.39,OPEN
PO-000566,SUP-0010,CON-0010,2026-06-10,INR,11908.75,OPEN
PO-000567,SUP-0119,CON-0119,2026-02-19,INR,91113.56,OPEN
PO-000568,SUP-0035,CON-0138,2026-05-04,EUR,30286.01,OPEN
PO-000569,SUP-0102,CON-0102,2026-02-12,GBP,119217.88,OPEN
PO-000570,SUP-0076,CON-0076,2026-03-17,USD,90780.37,OPEN
PO-000571,SUP-0092,CON-0092,2026-02-24,INR,70073.81,OPEN
PO-000572,SUP-0092,CON-0092,2026-05-27,INR,133953.27,OPEN
PO-000573,SUP-0037,CON-0037,2026-06-14,EUR,117604.19,OPEN
PO-000574,SUP-0072,CON-0072,2026-05-07,EUR,92041.94,OPEN
PO-000575,SUP-0029,CON-0029,2026-01-23,USD,29078.37,OPEN
PO-000576,SUP-0039,CON-0039,2026-03-09,GBP,49734.68,OPEN
PO-000577,SUP-0031,CON-0031,2026-06-19,GBP,73770.52,OPEN
PO-000578,SUP-0002,CON-0002,2026-04-30,USD,122867.46,OPEN
PO-000579,SUP-0066,CON-0066,2026-07-19,GBP,60330.63,OPEN
PO-000580,SUP-0004,CON-0140,2026-06-19,EUR,79867.37,OPEN
PO-000581,SUP-0013,CON-0013,2026-06-16,INR,57687.12,OPEN
PO-000582,SUP-0088,CON-0088,2026-06-15,EUR,37717.16,OPEN
PO-000583,SUP-0029,CON-0029,2026-04-11,USD,59236.37,OPEN
PO-000584,SUP-0062,CON-0062,2026-08-07,GBP,136046.83,OPEN
PO-000585,SUP-0055,CON-0055,2026-01-06,USD,27038.5,OPEN
PO-000586,SUP-0075,CON-0075,2026-05-06,GBP,131046.17,OPEN
PO-000587,SUP-0107,CON-0107,2026-05-15,EUR,75720.4,OPEN
PO-000588,SUP-0095,CON-0124,2026-05-20,INR,38972.26,OPEN
PO-000589,SUP-0085,CON-0085,2026-04-02,EUR,74925.92,OPEN
PO-000590,SUP-0040,CON-0040,2026-01-11,USD,87137.77,OPEN
PO-000591,SUP-0015,CON-0015,2026-05-08,EUR,139121.34,OPEN
PO-000592,SUP-0063,CON-0063,2026-01-02,INR,64833.26,OPEN
PO-000593,SUP-0086,CON-0086,2026-01-23,GBP,107122.97,OPEN
PO-000594,SUP-0055,CON-0055,2026-08-20,USD,15171.74,OPEN
PO-000595,SUP-0039,CON-0039,2026-01-22,GBP,44951.45,OPEN
PO-000596,SUP-0060,CON-0060,2026-04-20,GBP,70249.61,OPEN
PO-000597,SUP-0060,CON-0060,2026-08-03,GBP,8624.76,OPEN
PO-000598,SUP-0072,CON-0072,2026-02-04,EUR,33919.77,OPEN
PO-000599,SUP-0027,CON-0027,2026-05-02,EUR,4186.13,OPEN
PO-000600,SUP-0022,CON-0022,2026-05-02,GBP,72329.74,OPEN
PO-000601,SUP-0051,CON-0051,2026-06-28,GBP,120078.35,OPEN
PO-000602,SUP-0046,CON-0046,2026-03-31,USD,135431.3,OPEN
PO-000603,SUP-0044,CON-0044,2026-07-03,USD,128870.25,OPEN
PO-000604,SUP-0076,CON-0076,2026-05-30,USD,92812.52,OPEN
PO-000605,SUP-0086,CON-0086,2026-05-08,GBP,140167.97,OPEN
PO-000606,SUP-0078,CON-0078,2026-08-25,EUR,26523.05,OPEN
PO-000607,SUP-0027,CON-0027,2026-07-27,EUR,21514.11,OPEN
PO-000608,SUP-0110,CON-0110,2026-07-25,USD,10539.62,OPEN
PO-000609,SUP-0037,CON-0037,2026-05-17,EUR,86515.7,OPEN
PO-000610,SUP-0043,CON-0043,2026-02-05,USD,31032.88,OPEN
PO-000611,SUP-0090,CON-0090,2026-03-30,USD,147167.88,OPEN
PO-000612,SUP-0014,CON-0014,2026-05-08,INR,76386.84,OPEN
PO-000613,SUP-0071,CON-0071,2026-01-30,INR,65973.95,OPEN
PO-000614,SUP-0105,CON-0105,2026-01-20,GBP,8969.86,OPEN
PO-000615,SUP-0051,CON-0051,2026-06-18,GBP,18795.27,OPEN
PO-000616,SUP-0115,CON-0115,2026-04-24,EUR,107113.51,OPEN
PO-000617,SUP-0117,CON-0117,2026-08-04,INR,146402.79,OPEN
PO-000618,SUP-0036,CON-0148,2026-03-18,GBP,124163.24,OPEN
PO-000619,SUP-0050,CON-0050,2026-01-12,USD,34055.04,OPEN
PO-000620,SUP-0119,CON-0119,2026-07-27,INR,113121.1,OPEN
PO-000621,SUP-0104,CON-0104,2026-05-22,GBP,58522.53,OPEN
PO-000622,SUP-0047,CON-0047,2026-06-18,INR,37951.73,OPEN
PO-000623,SUP-0060,CON-0060,2026-04-23,GBP,1826.17,OPEN
PO-000624,SUP-0034,CON-0034,2026-02-02,GBP,34499.13,OPEN
PO-000625,SUP-0071,CON-0071,2026-01-16,INR,142779.72,OPEN
PO-000626,SUP-0031,CON-0031,2026-03-25,GBP,85769.7,OPEN
PO-000627,SUP-0042,CON-0134,2026-03-27,GBP,146277.27,OPEN
PO-000628,SUP-0005,CON-0005,2026-04-08,USD,114510.47,OPEN
PO-000629,SUP-0109,CON-0109,2026-06-05,EUR,71113.21,OPEN
PO-000630,SUP-0047,CON-0047,2026-04-01,INR,84288.34,OPEN
PO-000631,SUP-0078,CON-0078,2026-07-23,EUR,43389.34,OPEN
PO-000632,SUP-0074,CON-0126,2026-06-11,EUR,132275.47,OPEN
PO-000633,SUP-0107,CON-0107,2026-01-07,EUR,103661.96,OPEN
PO-000634,SUP-0115,CON-0115,2026-06-01,EUR,91509.24,OPEN
PO-000635,SUP-0095,CON-0124,2026-03-16,INR,113770.18,OPEN
PO-000636,SUP-0057,CON-0057,2026-05-11,INR,108518.71,OPEN
PO-000637,SUP-0073,CON-0073,2026-03-15,GBP,48758.61,OPEN
PO-000638,SUP-0022,CON-0022,2026-03-15,GBP,41440.35,OPEN
PO-000639,SUP-0071,CON-0071,2026-01-08,INR,89959.54,OPEN
PO-000640,SUP-0107,CON-0107,2026-03-17,EUR,137740.28,OPEN
PO-000641,SUP-0091,CON-0091,2026-08-17,USD,138747.13,OPEN
PO-000642,SUP-0082,CON-0082,2026-03-04,GBP,20962.76,OPEN
PO-000643,SUP-0026,CON-0026,2026-05-13,GBP,128644.94,OPEN
PO-000644,SUP-0027,CON-0027,2026-01-10,EUR,63014.82,OPEN
PO-000645,SUP-0013,CON-0013,2026-01-29,INR,144456.38,OPEN
PO-000646,SUP-0035,CON-0035,2026-08-16,GBP,127722.76,OPEN
PO-000647,SUP-0053,CON-0053,2026-07-27,EUR,66571.76,OPEN
PO-000648,SUP-0079,CON-0079,2026-02-03,INR,90941.7,OPEN
PO-000649,SUP-0009,CON-0009,2026-05-13,EUR,31964.28,OPEN
PO-000650,SUP-0094,CON-0094,2026-08-29,USD,2539.31,OPEN
PO-000651,SUP-0037,CON-0150,2026-01-07,INR,34885.78,OPEN
PO-000652,SUP-0017,CON-0017,2026-08-09,INR,13195.04,OPEN
PO-000653,SUP-0034,CON-0034,2026-04-07,GBP,44040.18,OPEN
PO-000654,SUP-0094,CON-0094,2026-04-06,USD,114523.71,OPEN
PO-000655,SUP-0011,CON-0011,2026-04-14,GBP,92665.03,OPEN
PO-000656,SUP-0077,CON-0077,2026-08-12,EUR,1332.98,OPEN
PO-000657,SUP-0096,CON-0096,2026-02-12,EUR,30006.46,OPEN
PO-000658,SUP-0063,CON-0063,2026-07-11,INR,131195.15,OPEN
PO-000659,SUP-0033,CON-0033,2026-04-29,USD,31987.26,OPEN
PO-000660,SUP-0040,CON-0040,2026-02-21,USD,104259.75,OPEN
PO-000661,SUP-0106,CON-0106,2026-05-30,USD,109533.81,OPEN
PO-000662,SUP-0078,CON-0078,2026-07-26,EUR,110721.2,OPEN
PO-000663,SUP-0112,CON-0112,2026-03-24,EUR,12129.22,OPEN
PO-000664,SUP-0072,CON-0072,2026-04-07,EUR,116200.98,OPEN
PO-000665,SUP-0088,CON-0088,2026-05-23,EUR,135014.44,OPEN
PO-000666,SUP-0048,CON-0048,2026-08-27,USD,112270.46,OPEN
PO-000667,SUP-0118,CON-0118,2026-05-09,USD,138273.81,OPEN
PO-000668,SUP-0090,CON-0090,2026-03-12,USD,93977.93,OPEN
PO-000669,SUP-0041,CON-0041,2026-08-08,USD,81840.48,OPEN
PO-000670,SUP-0067,CON-0067,2026-08-29,USD,99842.05,OPEN
PO-000671,SUP-0011,CON-0011,2026-04-24,GBP,7154.01,OPEN
PO-000672,SUP-0081,CON-0081,2026-07-16,INR,25815.71,OPEN
PO-000673,SUP-0049,CON-0049,2026-02-15,INR,42205.03,OPEN
PO-000674,SUP-0050,CON-0050,2026-05-18,USD,85522.34,OPEN
PO-000675,SUP-0119,CON-0119,2026-05-13,INR,98920.66,OPEN
PO-000676,SUP-0024,CON-0128,2026-03-20,GBP,24830.47,OPEN
PO-000677,SUP-0094,CON-0094,2026-05-02,USD,125197.41,OPEN
PO-000678,SUP-0076,CON-0076,2026-02-11,USD,77074.55,OPEN
PO-000679,SUP-0059,CON-0133,2026-02-12,INR,69357.86,OPEN
PO-000680,SUP-0020,CON-0020,2026-01-02,EUR,71862.94,OPEN
PO-000681,SUP-0107,CON-0107,2026-06-30,EUR,36789.93,OPEN
PO-000682,SUP-0048,CON-0048,2026-03-29,USD,75467.66,OPEN
PO-000683,SUP-0005,CON-0005,2026-04-18,USD,27337.93,OPEN
PO-000684,SUP-0084,CON-0084,2026-07-25,EUR,121133.88,OPEN
PO-000685,SUP-0065,CON-0122,2026-07-19,GBP,71295.32,OPEN
PO-000686,SUP-0094,CON-0094,2026-04-22,USD,7757.27,OPEN
PO-000687,SUP-0114,CON-0114,2026-03-06,EUR,64142.53,OPEN
PO-000688,SUP-0054,CON-0054,2026-04-25,INR,49032.57,OPEN
PO-000689,SUP-0032,CON-0032,2026-01-22,USD,80480.29,OPEN
PO-000690,SUP-0006,CON-0006,2026-03-25,GBP,56232.9,OPEN
PO-000691,SUP-0055,CON-0055,2026-01-06,USD,27997.59,OPEN
PO-000692,SUP-0039,CON-0039,2026-06-27,GBP,119943.64,OPEN
PO-000693,SUP-0036,CON-0148,2026-04-29,GBP,90062.38,OPEN
PO-000694,SUP-0029,CON-0029,2026-06-06,USD,43530.78,OPEN
PO-000695,SUP-0005,CON-0005,2026-06-11,USD,73237.51,OPEN
PO-000696,SUP-0058,CON-0058,2026-01-08,GBP,23807.12,OPEN
PO-000697,SUP-0051,CON-0051,2026-02-24,GBP,148823.57,OPEN
PO-000698,SUP-0099,CON-0099,2026-06-11,USD,16293.0,OPEN
PO-000699,SUP-0054,CON-0145,2026-02-18,GBP,95644.32,OPEN
PO-000700,SUP-0073,CON-0073,2026-06-25,GBP,14099.48,OPEN
PO-000701,SUP-0109,CON-0109,2026-04-28,EUR,55675.12,OPEN
PO-000702,SUP-0059,CON-0059,2026-06-25,GBP,90685.72,OPEN
PO-000703,SUP-0088,CON-0088,2026-08-10,EUR,78205.24,OPEN
PO-000704,SUP-0019,CON-0019,2026-07-14,EUR,123871.67,OPEN
PO-000705,SUP-0083,CON-0083,2026-04-28,INR,134929.7,OPEN
PO-000706,SUP-0077,CON-0077,2026-07-14,EUR,21433.14,OPEN
PO-000707,SUP-0040,CON-0040,2026-05-26,USD,95267.24,OPEN
PO-000708,SUP-0096,CON-0096,2026-05-03,EUR,92959.77,OPEN
PO-000709,SUP-0002,CON-0002,2026-03-29,USD,34111.36,OPEN
PO-000710,SUP-0073,CON-0073,2026-08-04,GBP,112065.36,OPEN
PO-000711,SUP-0109,CON-0109,2026-07-24,EUR,8868.23,OPEN
PO-000712,SUP-0036,CON-0036,2026-07-10,INR,28907.12,OPEN
PO-000713,SUP-0113,CON-0113,2026-03-23,INR,118607.41,OPEN
PO-000714,SUP-0077,CON-0077,2026-03-18,EUR,85614.73,OPEN
PO-000715,SUP-0097,CON-0097,2026-01-01,GBP,38136.29,OPEN
PO-000716,SUP-0065,CON-0122,2026-06-10,GBP,66286.55,OPEN
PO-000717,SUP-0040,CON-0141,2026-03-23,USD,115079.87,OPEN
PO-000718,SUP-0087,CON-0087,2026-03-24,INR,23879.96,OPEN
PO-000719,SUP-0061,CON-0061,2026-04-05,EUR,22175.49,OPEN
PO-000720,SUP-0003,CON-0003,2026-02-23,EUR,99477.17,OPEN
PO-000721,SUP-0021,CON-0021,2026-07-05,GBP,72212.56,OPEN
PO-000722,SUP-0078,CON-0078,2026-01-16,EUR,15665.27,OPEN
PO-000723,SUP-0026,CON-0026,2026-04-23,GBP,37161.39,OPEN
PO-000724,SUP-0026,CON-0026,2026-03-07,GBP,90740.73,OPEN
PO-000725,SUP-0073,CON-0073,2026-01-09,GBP,143988.34,OPEN
PO-000726,SUP-0105,CON-0105,2026-04-30,GBP,67967.64,OPEN
PO-000727,SUP-0029,CON-0029,2026-04-20,USD,22998.99,OPEN
PO-000728,SUP-0078,CON-0078,2026-07-19,EUR,19534.87,OPEN
PO-000729,SUP-0026,CON-0026,2026-02-11,GBP,63930.4,OPEN
PO-000730,SUP-0049,CON-0049,2026-04-25,INR,66062.75,OPEN
PO-000731,SUP-0063,CON-0063,2026-07-11,INR,149305.96,OPEN
PO-000732,SUP-0049,CON-0049,2026-04-13,INR,144254.53,OPEN
PO-000733,SUP-0023,CON-0023,2026-02-02,EUR,78033.99,OPEN
PO-000734,SUP-0052,CON-0052,2026-08-21,EUR,126293.04,OPEN
PO-000735,SUP-0095,CON-0095,2026-08-22,GBP,61444.32,OPEN
PO-000736,SUP-0060,CON-0060,2026-08-08,GBP,134772.44,OPEN
PO-000737,SUP-0047,CON-0047,2026-05-03,INR,74173.86,OPEN
PO-000738,SUP-0032,CON-0032,2026-03-06,USD,28101.7,OPEN
PO-000739,SUP-0019,CON-0019,2026-08-02,EUR,119318.45,OPEN
PO-000740,SUP-0115,CON-0115,2026-03-07,EUR,51476.96,OPEN
PO-000741,SUP-0017,CON-0017,2026-03-20,INR,68158.44,OPEN
PO-000742,SUP-0100,CON-0100,2026-05-25,EUR,129058.97,OPEN
PO-000743,SUP-0110,CON-0110,2026-03-13,USD,7812.37,OPEN
PO-000744,SUP-0077,CON-0077,2026-01-16,EUR,113397.85,OPEN
PO-000745,SUP-0032,CON-0146,2026-01-19,EUR,34332.61,OPEN
PO-000746,SUP-0098,CON-0098,2026-01-03,USD,95695.11,OPEN
PO-000747,SUP-0039,CON-0039,2026-05-19,GBP,111565.3,OPEN
PO-000748,SUP-0022,CON-0022,2026-07-14,GBP,44020.49,OPEN
PO-000749,SUP-0108,CON-0108,2026-04-18,USD,8969.55,OPEN
PO-000750,SUP-0029,CON-0029,2026-06-20,USD,40230.25,OPEN
PO-000751,SUP-0110,CON-0110,2026-05-27,USD,129579.98,OPEN
PO-000752,SUP-0058,CON-0058,2026-03-25,GBP,69001.58,OPEN
PO-000753,SUP-0069,CON-0069,2026-03-23,EUR,124388.13,OPEN
PO-000754,SUP-0082,CON-0082,2026-07-13,GBP,57713.11,OPEN
PO-000755,SUP-0026,CON-0026,2026-01-24,GBP,106894.0,OPEN
PO-000756,SUP-0106,CON-0106,2026-03-04,USD,82424.09,OPEN
PO-000757,SUP-0057,CON-0057,2026-02-07,INR,2356.54,OPEN
PO-000758,SUP-0071,CON-0071,2026-04-16,INR,28315.68,OPEN
PO-000759,SUP-0069,CON-0069,2026-01-27,EUR,121184.41,OPEN
PO-000760,SUP-0058,CON-0058,2026-08-18,GBP,52466.66,OPEN
PO-000761,SUP-0073,CON-0073,2026-08-18,GBP,109300.19,OPEN
PO-000762,SUP-0076,CON-0076,2026-07-18,USD,146614.4,OPEN
PO-000763,SUP-0018,CON-0018,2026-02-16,USD,14831.56,OPEN
PO-000764,SUP-0083,CON-0083,2026-03-28,INR,68033.26,OPEN
PO-000765,SUP-0103,CON-0103,2026-08-08,GBP,10873.69,OPEN
PO-000766,SUP-0074,CON-0074,2026-08-17,EUR,66384.29,OPEN
PO-000767,SUP-0076,CON-0076,2026-08-19,USD,15408.37,OPEN
PO-000768,SUP-0009,CON-0009,2026-03-05,EUR,55171.18,OPEN
PO-000769,SUP-0038,CON-0038,2026-04-14,INR,65553.25,OPEN
PO-000770,SUP-0070,CON-0070,2026-06-14,INR,47391.22,OPEN
PO-000771,SUP-0069,CON-0069,2026-07-30,EUR,123896.44,OPEN
PO-000772,SUP-0010,CON-0010,2026-05-07,INR,31407.17,OPEN
PO-000773,SUP-0116,CON-0116,2026-06-18,EUR,122138.84,OPEN
PO-000774,SUP-0086,CON-0086,2026-08-14,GBP,138365.58,OPEN
PO-000775,SUP-0105,CON-0105,2026-03-06,GBP,90219.38,OPEN
PO-000776,SUP-0015,CON-0015,2026-08-19,EUR,118782.91,OPEN
PO-000777,SUP-0037,CON-0150,2026-01-28,INR,114267.9,OPEN
PO-000778,SUP-0030,CON-0030,2026-08-02,GBP,58515.55,OPEN
PO-000779,SUP-0057,CON-0057,2026-06-19,INR,140075.53,OPEN
PO-000780,SUP-0026,CON-0026,2026-04-11,GBP,57315.13,OPEN
PO-000781,SUP-0004,CON-0140,2026-01-18,EUR,126591.63,OPEN
PO-000782,SUP-0048,CON-0048,2026-02-06,USD,135277.18,OPEN
PO-000783,SUP-0099,CON-0099,2026-08-08,USD,34065.45,OPEN
PO-000784,SUP-0037,CON-0150,2026-04-26,INR,136581.04,OPEN
PO-000785,SUP-0056,CON-0056,2026-02-06,GBP,6861.96,OPEN
PO-000786,SUP-0057,CON-0139,2026-04-29,GBP,54852.26,OPEN
PO-000787,SUP-0039,CON-0039,2026-01-14,GBP,30311.76,OPEN
PO-000788,SUP-0086,CON-0086,2026-03-11,GBP,147553.07,OPEN
PO-000789,SUP-0041,CON-0041,2026-02-21,USD,111665.85,OPEN
PO-000790,SUP-0016,CON-0143,2026-02-10,EUR,84468.78,OPEN
PO-000791,SUP-0120,CON-0144,2026-05-30,INR,86000.58,OPEN
PO-000792,SUP-0009,CON-0009,2026-02-04,EUR,93792.65,OPEN
PO-000793,SUP-0054,CON-0054,2026-04-04,INR,127762.3,OPEN
PO-000794,SUP-0085,CON-0085,2026-03-27,EUR,82915.48,OPEN
PO-000795,SUP-0116,CON-0116,2026-04-08,EUR,58565.37,OPEN
PO-000796,SUP-0111,CON-0111,2026-01-06,GBP,121707.88,OPEN
PO-000797,SUP-0093,CON-0093,2026-07-08,GBP,121144.44,OPEN
PO-000798,SUP-0026,CON-0026,2026-02-17,GBP,14209.73,OPEN
PO-000799,SUP-0050,CON-0050,2026-06-10,USD,79635.36,OPEN
PO-000800,SUP-0011,CON-0011,2026-02-20,GBP,39857.61,OPEN
PO-000801,SUP-0021,CON-0021,2026-06-12,GBP,125488.04,OPEN
PO-000802,SUP-0011,CON-0123,2026-01-04,USD,146586.57,OPEN
PO-000803,SUP-0041,CON-0041,2026-02-28,USD,88290.75,OPEN
PO-000804,SUP-0049,CON-0049,2026-04-13,INR,55173.65,OPEN
PO-000805,SUP-0026,CON-0026,2026-05-08,GBP,59138.67,OPEN
PO-000806,SUP-0078,CON-0078,2026-02-06,EUR,35655.29,OPEN
PO-000807,SUP-0077,CON-0077,2026-05-16,EUR,42643.62,OPEN
PO-000808,SUP-0089,CON-0089,2026-08-21,INR,130845.13,OPEN
PO-000809,SUP-0050,CON-0050,2026-06-09,USD,48587.41,OPEN
PO-000810,SUP-0101,CON-0101,2026-03-23,EUR,72962.31,OPEN
PO-000811,SUP-0037,CON-0037,2026-07-22,EUR,56713.33,OPEN
PO-000812,SUP-0077,CON-0077,2026-07-14,EUR,47456.01,OPEN
PO-000813,SUP-0081,CON-0137,2026-06-15,USD,48920.69,OPEN
PO-000814,SUP-0014,CON-0014,2026-08-29,INR,107221.14,OPEN
PO-000815,SUP-0071,CON-0071,2026-07-28,INR,31484.56,OPEN
PO-000816,SUP-0004,CON-0004,2026-06-14,GBP,126512.53,OPEN
PO-000817,SUP-0005,CON-0005,2026-02-28,USD,87619.51,OPEN
PO-000818,SUP-0050,CON-0050,2026-08-02,USD,30637.09,OPEN
PO-000819,SUP-0006,CON-0006,2026-07-25,GBP,16456.08,OPEN
PO-000820,SUP-0073,CON-0073,2026-02-25,GBP,76909.36,OPEN
PO-000821,SUP-0093,CON-0093,2026-07-04,GBP,49440.14,OPEN
PO-000822,SUP-0114,CON-0114,2026-08-07,EUR,5164.39,OPEN
PO-000823,SUP-0094,CON-0094,2026-01-25,USD,8503.91,OPEN
PO-000824,SUP-0039,CON-0039,2026-03-09,GBP,68810.68,OPEN
PO-000825,SUP-0015,CON-0015,2026-07-05,EUR,35603.02,OPEN
PO-000826,SUP-0053,CON-0053,2026-01-04,EUR,86725.72,OPEN
PO-000827,SUP-0004,CON-0140,2026-08-12,EUR,28616.44,OPEN
PO-000828,SUP-0090,CON-0090,2026-07-22,USD,35112.37,OPEN
PO-000829,SUP-0053,CON-0053,2026-05-29,EUR,60565.99,OPEN
PO-000830,SUP-0058,CON-0058,2026-08-16,GBP,6891.98,OPEN
PO-000831,SUP-0011,CON-0123,2026-08-14,USD,17226.05,OPEN
PO-000832,SUP-0120,CON-0149,2026-06-20,INR,141372.33,OPEN
PO-000833,SUP-0029,CON-0029,2026-02-09,USD,125235.22,OPEN
PO-000834,SUP-0089,CON-0121,2026-03-03,GBP,113492.19,OPEN
PO-000835,SUP-0106,CON-0106,2026-01-18,USD,38388.37,OPEN
PO-000836,SUP-0041,CON-0041,2026-01-08,USD,38739.44,OPEN
PO-000837,SUP-0059,CON-0133,2026-07-11,INR,50938.71,OPEN
PO-000838,SUP-0028,CON-0028,2026-01-25,INR,2038.95,OPEN
PO-000839,SUP-0060,CON-0060,2026-06-28,GBP,84974.97,OPEN
PO-000840,SUP-0108,CON-0108,2026-02-20,USD,72580.86,OPEN
PO-000841,SUP-0024,CON-0024,2026-03-29,USD,129902.06,OPEN
PO-000842,SUP-0102,CON-0102,2026-01-06,GBP,106407.12,OPEN
PO-000843,SUP-0072,CON-0072,2026-01-18,EUR,10243.71,OPEN
PO-000844,SUP-0048,CON-0048,2026-05-03,USD,10489.42,OPEN
PO-000845,SUP-0118,CON-0118,2026-08-09,USD,72318.18,OPEN
PO-000846,SUP-0110,CON-0110,2026-02-07,USD,100228.81,OPEN
PO-000847,SUP-0029,CON-0029,2026-04-15,USD,9421.12,OPEN
PO-000848,SUP-0051,CON-0051,2026-06-05,GBP,125537.68,OPEN
PO-000849,SUP-0077,CON-0077,2026-04-17,EUR,10416.93,OPEN
PO-000850,SUP-0078,CON-0078,2026-08-24,EUR,46567.21,OPEN
PO-000851,SUP-0041,CON-0041,2026-08-21,USD,36292.51,OPEN
PO-000852,SUP-0092,CON-0092,2026-02-22,INR,119805.58,OPEN
PO-000853,SUP-0024,CON-0128,2026-04-06,GBP,37222.26,OPEN
PO-000854,SUP-0104,CON-0104,2026-08-26,GBP,74510.81,OPEN
PO-000855,SUP-0014,CON-0014,2026-02-02,INR,117688.66,OPEN
PO-000856,SUP-0030,CON-0030,2026-06-08,GBP,90747.36,OPEN
PO-000857,SUP-0095,CON-0124,2026-07-27,INR,73195.43,OPEN
PO-000858,SUP-0001,CON-0001,2026-06-21,EUR,46619.89,OPEN
PO-000859,SUP-0042,CON-0042,2026-05-08,USD,76380.12,OPEN
PO-000860,SUP-0113,CON-0113,2026-01-07,INR,103130.58,OPEN
PO-000861,SUP-0047,CON-0047,2026-01-06,INR,73898.14,OPEN
PO-000862,SUP-0007,CON-0007,2026-01-24,GBP,106212.13,OPEN
PO-000863,SUP-0120,CON-0144,2026-04-26,INR,22779.89,OPEN
PO-000864,SUP-0078,CON-0078,2026-01-18,EUR,116039.03,OPEN
PO-000865,SUP-0101,CON-0101,2026-03-25,EUR,128383.4,OPEN
PO-000866,SUP-0007,CON-0136,2026-02-09,INR,127057.3,OPEN
PO-000867,SUP-0037,CON-0150,2026-05-16,INR,119926.29,OPEN
PO-000868,SUP-0116,CON-0116,2026-04-08,EUR,56703.66,OPEN
PO-000869,SUP-0056,CON-0056,2026-04-26,GBP,129846.98,OPEN
PO-000870,SUP-0054,CON-0054,2026-03-04,INR,142184.95,OPEN
PO-000871,SUP-0046,CON-0046,2026-02-19,USD,46896.1,OPEN
PO-000872,SUP-0081,CON-0137,2026-01-07,USD,67529.62,OPEN
PO-000873,SUP-0085,CON-0135,2026-04-23,GBP,109851.75,OPEN
PO-000874,SUP-0039,CON-0039,2026-02-04,GBP,29576.77,OPEN
PO-000875,SUP-0104,CON-0104,2026-06-07,GBP,109324.32,OPEN
PO-000876,SUP-0007,CON-0136,2026-07-25,INR,129537.32,OPEN
PO-000877,SUP-0053,CON-0053,2026-04-18,EUR,85202.64,OPEN
PO-000878,SUP-0100,CON-0100,2026-08-26,EUR,133451.32,OPEN
PO-000879,SUP-0079,CON-0079,2026-03-28,INR,24299.2,OPEN
PO-000880,SUP-0086,CON-0086,2026-01-11,GBP,25200.62,OPEN
PO-000881,SUP-0079,CON-0079,2026-08-01,INR,92104.18,OPEN
PO-000882,SUP-0013,CON-0013,2026-06-05,INR,33956.89,OPEN
PO-000883,SUP-0104,CON-0104,2026-04-02,GBP,142779.83,OPEN
PO-000884,SUP-0076,CON-0076,2026-02-07,USD,16597.34,OPEN
PO-000885,SUP-0016,CON-0143,2026-08-28,EUR,106512.06,OPEN
PO-000886,SUP-0009,CON-0009,2026-01-09,EUR,126247.64,OPEN
PO-000887,SUP-0063,CON-0063,2026-02-07,INR,6782.81,OPEN
PO-000888,SUP-0092,CON-0092,2026-07-24,INR,92424.1,OPEN
PO-000889,SUP-0019,CON-0019,2026-06-24,EUR,98970.51,OPEN
PO-000890,SUP-0037,CON-0150,2026-01-05,INR,61396.78,OPEN
PO-000891,SUP-0030,CON-0030,2026-02-26,GBP,142825.28,OPEN
PO-000892,SUP-0099,CON-0099,2026-05-08,USD,148335.82,OPEN
PO-000893,SUP-0013,CON-0013,2026-08-27,INR,112536.83,OPEN
PO-000894,SUP-0098,CON-0098,2026-03-21,USD,149683.82,OPEN
PO-000895,SUP-0100,CON-0100,2026-02-15,EUR,17448.93,OPEN
PO-000896,SUP-0033,CON-0033,2026-08-22,USD,137125.04,OPEN
PO-000897,SUP-0105,CON-0105,2026-05-03,GBP,148671.47,OPEN
PO-000898,SUP-0100,CON-0100,2026-02-24,EUR,25544.69,OPEN
PO-000899,SUP-0042,CON-0134,2026-02-20,GBP,135045.59,OPEN
PO-000900,SUP-0064,CON-0064,2026-01-31,EUR,93929.51,OPEN
PO-000901,SUP-0109,CON-0109,2026-01-20,EUR,146281.87,OPEN
PO-000902,SUP-0004,CON-0140,2026-03-25,EUR,28124.03,OPEN
PO-000903,SUP-0074,CON-0074,2026-05-30,EUR,120155.55,OPEN
PO-000904,SUP-0104,CON-0104,2026-08-21,GBP,83078.83,OPEN
PO-000905,SUP-0085,CON-0132,2026-03-10,GBP,111293.6,OPEN
PO-000906,SUP-0061,CON-0061,2026-04-14,EUR,81523.68,OPEN
PO-000907,SUP-0094,CON-0094,2026-02-13,USD,110810.32,OPEN
PO-000908,SUP-0056,CON-0056,2026-06-06,GBP,100198.9,OPEN
PO-000909,SUP-0064,CON-0064,2026-01-30,EUR,61128.97,OPEN
PO-000910,SUP-0015,CON-0015,2026-06-16,EUR,31925.64,OPEN
PO-000911,SUP-0019,CON-0019,2026-07-05,EUR,97370.52,OPEN
PO-000912,SUP-0025,CON-0025,2026-05-06,USD,73592.57,OPEN
PO-000913,SUP-0055,CON-0055,2026-05-02,USD,117961.44,OPEN
PO-000914,SUP-0066,CON-0066,2026-01-29,GBP,40517.53,OPEN
PO-000915,SUP-0110,CON-0110,2026-06-10,USD,74806.99,OPEN
PO-000916,SUP-0014,CON-0014,2026-07-04,INR,114742.25,OPEN
PO-000917,SUP-0110,CON-0110,2026-04-02,USD,70971.88,OPEN
PO-000918,SUP-0069,CON-0069,2026-01-27,EUR,102303.63,OPEN
PO-000919,SUP-0016,CON-0143,2026-06-14,EUR,88499.62,OPEN
PO-000920,SUP-0006,CON-0006,2026-06-26,GBP,41923.68,OPEN
PO-000921,SUP-0012,CON-0125,2026-08-25,USD,86563.38,OPEN
PO-000922,SUP-0038,CON-0038,2026-01-16,INR,99418.36,OPEN
PO-000923,SUP-0107,CON-0107,2026-05-02,EUR,57023.88,OPEN
PO-000924,SUP-0035,CON-0138,2026-08-15,EUR,68231.75,OPEN
PO-000925,SUP-0095,CON-0095,2026-05-24,GBP,72158.59,OPEN
PO-000926,SUP-0031,CON-0031,2026-05-11,GBP,128816.32,OPEN
PO-000927,SUP-0018,CON-0018,2026-01-12,USD,64444.25,OPEN
PO-000928,SUP-0011,CON-0123,2026-04-28,USD,25112.88,OPEN
PO-000929,SUP-0057,CON-0139,2026-01-15,GBP,118226.13,OPEN
PO-000930,SUP-0011,CON-0011,2026-06-03,GBP,100387.46,OPEN
PO-000931,SUP-0077,CON-0077,2026-01-01,EUR,99474.55,OPEN
PO-000932,SUP-0047,CON-0047,2026-07-30,INR,25950.23,OPEN
PO-000933,SUP-0027,CON-0027,2026-04-16,EUR,90514.33,OPEN
PO-000934,SUP-0034,CON-0034,2026-08-08,GBP,96744.72,OPEN
PO-000935,SUP-0083,CON-0083,2026-04-15,INR,44989.22,OPEN
PO-000936,SUP-0011,CON-0123,2026-08-12,USD,6596.44,OPEN
PO-000937,SUP-0038,CON-0038,2026-08-10,INR,136759.23,OPEN
PO-000938,SUP-0111,CON-0111,2026-05-12,GBP,86568.56,OPEN
PO-000939,SUP-0090,CON-0090,2026-08-01,USD,147353.84,OPEN
PO-000940,SUP-0118,CON-0118,2026-02-23,USD,145474.92,OPEN
PO-000941,SUP-0013,CON-0013,2026-05-15,INR,70234.28,OPEN
PO-000942,SUP-0081,CON-0081,2026-05-07,INR,32908.95,OPEN
PO-000943,SUP-0115,CON-0115,2026-01-03,EUR,136770.88,OPEN
PO-000944,SUP-0071,CON-0071,2026-08-03,INR,89780.9,OPEN
PO-000945,SUP-0118,CON-0118,2026-08-14,USD,93348.19,OPEN
PO-000946,SUP-0108,CON-0108,2026-05-31,USD,21324.4,OPEN
PO-000947,SUP-0036,CON-0148,2026-03-28,GBP,63031.21,OPEN
PO-000948,SUP-0056,CON-0056,2026-05-13,GBP,104206.11,OPEN
PO-000949,SUP-0114,CON-0114,2026-07-29,EUR,130749.66,OPEN
PO-000950,SUP-0081,CON-0137,2026-04-19,USD,114576.27,OPEN
PO-000951,SUP-0102,CON-0102,2026-07-19,GBP,29513.34,OPEN
PO-000952,SUP-0086,CON-0086,2026-04-26,GBP,103820.61,OPEN
PO-000953,SUP-0103,CON-0103,2026-03-15,GBP,86326.08,OPEN
PO-000954,SUP-0032,CON-0032,2026-03-26,USD,85018.31,OPEN
PO-000955,SUP-0023,CON-0023,2026-01-28,EUR,28150.71,OPEN
PO-000956,SUP-0115,CON-0115,2026-06-14,EUR,66577.41,OPEN
PO-000957,SUP-0053,CON-0053,2026-02-06,EUR,135386.15,OPEN
PO-000958,SUP-0053,CON-0053,2026-08-25,EUR,124467.6,OPEN
PO-000959,SUP-0110,CON-0110,2026-08-02,USD,143903.77,OPEN
PO-000960,SUP-0107,CON-0107,2026-05-09,EUR,30707.77,OPEN
PO-000961,SUP-0081,CON-0081,2026-08-08,INR,110790.69,OPEN
PO-000962,SUP-0021,CON-0021,2026-07-02,GBP,141468.17,OPEN
PO-000963,SUP-0087,CON-0087,2026-01-18,INR,145559.4,OPEN
PO-000964,SUP-0014,CON-0014,2026-05-20,INR,139111.44,OPEN
PO-000965,SUP-0021,CON-0021,2026-04-08,GBP,17336.69,OPEN
PO-000966,SUP-0028,CON-0028,2026-01-20,INR,133764.38,OPEN
PO-000967,SUP-0007,CON-0007,2026-04-26,GBP,31131.1,OPEN
PO-000968,SUP-0116,CON-0116,2026-07-09,EUR,118745.06,OPEN
PO-000969,SUP-0034,CON-0034,2026-02-13,GBP,86091.71,OPEN
PO-000970,SUP-0070,CON-0070,2026-04-14,INR,102271.42,OPEN
PO-000971,SUP-0012,CON-0142,2026-06-23,USD,131080.88,OPEN
PO-000972,SUP-0052,CON-0052,2026-07-07,EUR,11392.9,OPEN
PO-000973,SUP-0059,CON-0059,2026-05-23,GBP,88799.59,OPEN
PO-000974,SUP-0089,CON-0089,2026-06-19,INR,126343.7,OPEN
PO-000975,SUP-0012,CON-0129,2026-08-25,INR,27266.82,OPEN
PO-000976,SUP-0110,CON-0110,2026-05-10,USD,74835.3,OPEN
PO-000977,SUP-0083,CON-0083,2026-06-24,INR,93967.42,OPEN
PO-000978,SUP-0022,CON-0022,2026-08-19,GBP,81494.63,OPEN
PO-000979,SUP-0082,CON-0082,2026-06-24,GBP,80139.11,OPEN
PO-000980,SUP-0074,CON-0074,2026-04-14,EUR,141936.68,OPEN
PO-000981,SUP-0083,CON-0083,2026-05-13,INR,39795.98,OPEN
PO-000982,SUP-0119,CON-0119,2026-08-22,INR,72441.99,OPEN
PO-000983,SUP-0108,CON-0108,2026-02-23,USD,59482.35,OPEN
PO-000984,SUP-0013,CON-0013,2026-07-24,INR,64224.39,OPEN
PO-000985,SUP-0037,CON-0037,2026-01-10,EUR,116561.89,OPEN
PO-000986,SUP-0120,CON-0144,2026-05-23,INR,121460.13,OPEN
PO-000987,SUP-0094,CON-0094,2026-04-04,USD,119592.07,OPEN
PO-000988,SUP-0048,CON-0048,2026-05-31,USD,97277.34,OPEN
PO-000989,SUP-0009,CON-0009,2026-01-02,EUR,48934.5,OPEN
PO-000990,SUP-0088,CON-0088,2026-03-14,EUR,45837.73,OPEN
PO-000991,SUP-0118,CON-0118,2026-03-15,USD,31768.05,OPEN
PO-000992,SUP-0081,CON-0137,2026-06-09,USD,14344.31,OPEN
PO-000993,SUP-0021,CON-0021,2026-07-03,GBP,83135.53,OPEN
PO-000994,SUP-0091,CON-0091,2026-06-20,USD,68676.11,OPEN
PO-000995,SUP-0012,CON-0142,2026-04-08,USD,134997.89,OPEN
PO-000996,SUP-0016,CON-0143,2026-02-14,EUR,9966.63,OPEN
PO-000997,SUP-0020,CON-0020,2026-07-09,EUR,62085.07,OPEN
PO-000998,SUP-0031,CON-0031,2026-03-02,GBP,134557.63,OPEN
PO-000999,SUP-0032,CON-0032,2026-05-27,USD,50227.31,OPEN
PO-001000,SUP-0117,CON-0117,2026-07-04,INR,17320.71,OPEN
PO-001001,SUP-0034,CON-0034,2026-06-05,GBP,121719.51,OPEN
PO-001002,SUP-0105,CON-0105,2026-01-29,GBP,69302.11,OPEN
PO-001003,SUP-0026,CON-0026,2026-03-12,GBP,98236.33,OPEN
PO-001004,SUP-0064,CON-0064,2026-06-05,EUR,145128.48,OPEN
PO-001005,SUP-0052,CON-0052,2026-02-03,EUR,137036.15,OPEN
PO-001006,SUP-0085,CON-0135,2026-08-25,GBP,79608.7,OPEN
PO-001007,SUP-0069,CON-0069,2026-06-19,EUR,27236.23,OPEN
PO-001008,SUP-0037,CON-0037,2026-07-22,EUR,83978.8,OPEN
PO-001009,SUP-0017,CON-0017,2026-08-04,INR,123574.11,OPEN
PO-001010,SUP-0016,CON-0016,2026-03-12,USD,29018.09,OPEN
PO-001011,SUP-0016,CON-0143,2026-06-07,EUR,24712.1,OPEN
PO-001012,SUP-0044,CON-0044,2026-03-08,USD,142960.71,OPEN
PO-001013,SUP-0016,CON-0016,2026-06-07,USD,54796.42,OPEN
PO-001014,SUP-0018,CON-0018,2026-04-29,USD,65410.64,OPEN
PO-001015,SUP-0005,CON-0005,2026-01-07,USD,121011.46,OPEN
PO-001016,SUP-0070,CON-0070,2026-05-13,INR,15065.54,OPEN
PO-001017,SUP-0043,CON-0043,2026-01-13,USD,122043.07,OPEN
PO-001018,SUP-0045,CON-0045,2026-04-25,EUR,64173.3,OPEN
PO-001019,SUP-0108,CON-0108,2026-08-16,USD,59346.8,OPEN
PO-001020,SUP-0090,CON-0090,2026-01-05,USD,5296.65,OPEN
PO-001021,SUP-0070,CON-0070,2026-07-30,INR,107377.96,OPEN
PO-001022,SUP-0006,CON-0006,2026-06-06,GBP,91522.96,OPEN
PO-001023,SUP-0078,CON-0078,2026-01-27,EUR,61927.64,OPEN
PO-001024,SUP-0063,CON-0063,2026-05-27,INR,40293.03,OPEN
PO-001025,SUP-0079,CON-0079,2026-07-26,INR,2691.74,OPEN
PO-001026,SUP-0012,CON-0142,2026-01-15,USD,126233.6,OPEN
PO-001027,SUP-0038,CON-0038,2026-07-28,INR,123142.11,OPEN
PO-001028,SUP-0070,CON-0070,2026-04-18,INR,71408.99,OPEN
PO-001029,SUP-0039,CON-0039,2026-01-24,GBP,114809.13,OPEN
PO-001030,SUP-0060,CON-0060,2026-05-29,GBP,141518.89,OPEN
PO-001031,SUP-0092,CON-0092,2026-03-08,INR,135755.87,OPEN
PO-001032,SUP-0024,CON-0128,2026-06-13,GBP,7252.55,OPEN
PO-001033,SUP-0002,CON-0002,2026-05-24,USD,51033.68,OPEN
PO-001034,SUP-0102,CON-0102,2026-03-10,GBP,80426.0,OPEN
PO-001035,SUP-0078,CON-0078,2026-04-19,EUR,3797.2,OPEN
PO-001036,SUP-0115,CON-0115,2026-04-02,EUR,99346.58,OPEN
PO-001037,SUP-0006,CON-0006,2026-03-24,GBP,83665.92,OPEN
PO-001038,SUP-0054,CON-0145,2026-08-05,GBP,9945.35,OPEN
PO-001039,SUP-0074,CON-0074,2026-05-20,EUR,81385.75,OPEN
PO-001040,SUP-0090,CON-0090,2026-06-28,USD,92972.49,OPEN
PO-001041,SUP-0018,CON-0018,2026-01-15,USD,126800.36,OPEN
PO-001042,SUP-0032,CON-0146,2026-07-01,EUR,97318.97,OPEN
PO-001043,SUP-0075,CON-0075,2026-02-15,GBP,7520.27,OPEN
PO-001044,SUP-0044,CON-0044,2026-05-27,USD,67867.88,OPEN
PO-001045,SUP-0099,CON-0099,2026-03-28,USD,105239.46,OPEN
PO-001046,SUP-0030,CON-0030,2026-01-03,GBP,104371.49,OPEN
PO-001047,SUP-0040,CON-0141,2026-02-04,USD,114689.43,OPEN
PO-001048,SUP-0051,CON-0051,2026-07-02,GBP,74432.87,OPEN
PO-001049,SUP-0092,CON-0092,2026-07-22,INR,39836.77,OPEN
PO-001050,SUP-0105,CON-0105,2026-04-05,GBP,147518.46,OPEN
PO-001051,SUP-0007,CON-0007,2026-06-23,GBP,141713.63,OPEN
PO-001052,SUP-0037,CON-0150,2026-06-24,INR,141042.7,OPEN
PO-001053,SUP-0078,CON-0078,2026-03-05,EUR,124091.88,OPEN
PO-001054,SUP-0002,CON-0002,2026-08-08,USD,138164.47,OPEN
PO-001055,SUP-0066,CON-0066,2026-08-04,GBP,64035.21,OPEN
PO-001056,SUP-0028,CON-0028,2026-06-30,INR,117749.59,OPEN
PO-001057,SUP-0016,CON-0016,2026-05-18,USD,68745.75,OPEN
PO-001058,SUP-0108,CON-0108,2026-01-27,USD,41499.01,OPEN
PO-001059,SUP-0017,CON-0017,2026-08-01,INR,83733.69,OPEN
PO-001060,SUP-0022,CON-0022,2026-02-01,GBP,7194.92,OPEN
PO-001061,SUP-0009,CON-0009,2026-04-29,EUR,65378.59,OPEN
PO-001062,SUP-0071,CON-0071,2026-07-29,INR,44673.02,OPEN
PO-001063,SUP-0025,CON-0147,2026-03-21,EUR,61595.87,OPEN
PO-001064,SUP-0059,CON-0133,2026-08-23,INR,27765.72,OPEN
PO-001065,SUP-0116,CON-0116,2026-08-23,EUR,55959.78,OPEN
PO-001066,SUP-0042,CON-0042,2026-04-13,USD,92310.72,OPEN
PO-001067,SUP-0059,CON-0059,2026-05-16,GBP,35494.94,OPEN
PO-001068,SUP-0048,CON-0048,2026-02-16,USD,54771.69,OPEN
PO-001069,SUP-0010,CON-0010,2026-04-03,INR,50674.35,OPEN
PO-001070,SUP-0086,CON-0086,2026-05-05,GBP,44871.28,OPEN
PO-001071,SUP-0092,CON-0092,2026-08-29,INR,21096.73,OPEN
PO-001072,SUP-0093,CON-0093,2026-03-10,GBP,137479.05,OPEN
PO-001073,SUP-0107,CON-0107,2026-07-01,EUR,86391.13,OPEN
PO-001074,SUP-0053,CON-0053,2026-01-14,EUR,69174.04,OPEN
PO-001075,SUP-0012,CON-0142,2026-05-14,USD,97966.47,OPEN
PO-001076,SUP-0001,CON-0001,2026-01-17,EUR,9308.16,OPEN
PO-001077,SUP-0079,CON-0079,2026-08-05,INR,69841.37,OPEN
PO-001078,SUP-0096,CON-0096,2026-02-28,EUR,142077.14,OPEN
PO-001079,SUP-0060,CON-0060,2026-07-27,GBP,64813.1,OPEN
PO-001080,SUP-0113,CON-0113,2026-05-24,INR,106850.79,OPEN
PO-001081,SUP-0077,CON-0077,2026-03-13,EUR,143504.21,OPEN
PO-001082,SUP-0009,CON-0009,2026-08-17,EUR,44867.1,OPEN
PO-001083,SUP-0065,CON-0065,2026-05-21,GBP,45894.14,OPEN
PO-001084,SUP-0051,CON-0051,2026-04-25,GBP,93171.26,OPEN
PO-001085,SUP-0024,CON-0024,2026-06-02,USD,5585.14,OPEN
PO-001086,SUP-0077,CON-0077,2026-02-06,EUR,49615.83,OPEN
PO-001087,SUP-0024,CON-0128,2026-08-19,GBP,47405.18,OPEN
PO-001088,SUP-0011,CON-0123,2026-01-29,USD,50920.46,OPEN
PO-001089,SUP-0109,CON-0109,2026-04-29,EUR,89446.59,OPEN
PO-001090,SUP-0016,CON-0016,2026-03-13,USD,52557.37,OPEN
PO-001091,SUP-0117,CON-0117,2026-02-26,INR,148577.6,OPEN
PO-001092,SUP-0050,CON-0050,2026-01-09,USD,9369.07,OPEN
PO-001093,SUP-0117,CON-0117,2026-01-19,INR,82236.93,OPEN
PO-001094,SUP-0059,CON-0133,2026-07-14,INR,127285.9,OPEN
PO-001095,SUP-0037,CON-0037,2026-04-28,EUR,80817.22,OPEN
PO-001096,SUP-0029,CON-0029,2026-03-20,USD,49988.98,OPEN
PO-001097,SUP-0108,CON-0108,2026-04-02,USD,37020.65,OPEN
PO-001098,SUP-0119,CON-0119,2026-03-27,INR,113258.45,OPEN
PO-001099,SUP-0103,CON-0103,2026-08-15,GBP,104285.12,OPEN
PO-001100,SUP-0029,CON-0029,2026-02-16,USD,28762.25,OPEN
PO-001101,SUP-0101,CON-0101,2026-05-14,EUR,86141.18,OPEN
PO-001102,SUP-0014,CON-0014,2026-05-09,INR,65761.31,OPEN
PO-001103,SUP-0062,CON-0062,2026-01-18,GBP,82349.59,OPEN
PO-001104,SUP-0066,CON-0066,2026-02-13,GBP,108496.18,OPEN
PO-001105,SUP-0018,CON-0018,2026-01-16,USD,38168.32,OPEN
PO-001106,SUP-0095,CON-0095,2026-02-02,GBP,5899.29,OPEN
PO-001107,SUP-0092,CON-0092,2026-05-08,INR,54196.7,OPEN
PO-001108,SUP-0065,CON-0065,2026-04-17,GBP,50652.04,OPEN
PO-001109,SUP-0084,CON-0084,2026-06-03,EUR,13904.0,OPEN
PO-001110,SUP-0103,CON-0103,2026-08-29,GBP,18218.06,OPEN
PO-001111,SUP-0114,CON-0114,2026-08-04,EUR,62943.77,OPEN
PO-001112,SUP-0057,CON-0139,2026-04-11,GBP,146964.64,OPEN
PO-001113,SUP-0017,CON-0017,2026-04-09,INR,20636.1,OPEN
PO-001114,SUP-0086,CON-0086,2026-08-24,GBP,124397.92,OPEN
PO-001115,SUP-0093,CON-0093,2026-08-21,GBP,123188.76,OPEN
PO-001116,SUP-0104,CON-0104,2026-01-20,GBP,12263.49,OPEN
PO-001117,SUP-0031,CON-0031,2026-04-05,GBP,84865.49,OPEN
PO-001118,SUP-0105,CON-0105,2026-02-17,GBP,114182.46,OPEN
PO-001119,SUP-0016,CON-0143,2026-02-16,EUR,58028.49,OPEN
PO-001120,SUP-0032,CON-0032,2026-08-29,USD,62610.69,OPEN
PO-001121,SUP-0083,CON-0083,2026-05-07,INR,141051.93,OPEN
PO-001122,SUP-0021,CON-0021,2026-04-03,GBP,122439.0,OPEN
PO-001123,SUP-0112,CON-0112,2026-06-27,EUR,79591.0,OPEN
PO-001124,SUP-0053,CON-0053,2026-02-19,EUR,70470.57,OPEN
PO-001125,SUP-0062,CON-0062,2026-07-06,GBP,19639.52,OPEN
PO-001126,SUP-0099,CON-0099,2026-07-15,USD,60000.4,OPEN
PO-001127,SUP-0101,CON-0101,2026-03-30,EUR,19609.17,OPEN
PO-001128,SUP-0110,CON-0110,2026-06-26,USD,104177.16,OPEN
PO-001129,SUP-0066,CON-0066,2026-04-10,GBP,91266.58,OPEN
PO-001130,SUP-0046,CON-0046,2026-08-17,USD,144430.5,OPEN
PO-001131,SUP-0100,CON-0100,2026-05-03,EUR,30445.47,OPEN
PO-001132,SUP-0072,CON-0072,2026-07-03,EUR,122445.18,OPEN
PO-001133,SUP-0116,CON-0116,2026-03-04,EUR,125050.86,OPEN
PO-001134,SUP-0001,CON-0001,2026-06-21,EUR,47630.67,OPEN
PO-001135,SUP-0029,CON-0029,2026-02-14,USD,60493.25,OPEN
PO-001136,SUP-0033,CON-0033,2026-07-24,USD,26554.84,OPEN
PO-001137,SUP-0076,CON-0076,2026-06-01,USD,48495.56,OPEN
PO-001138,SUP-0013,CON-0013,2026-07-06,INR,99414.04,OPEN
PO-001139,SUP-0067,CON-0127,2026-02-25,GBP,11591.91,OPEN
PO-001140,SUP-0031,CON-0031,2026-08-29,GBP,94829.3,OPEN
PO-001141,SUP-0082,CON-0082,2026-02-16,GBP,35359.64,OPEN
PO-001142,SUP-0108,CON-0108,2026-07-18,USD,52691.26,OPEN
PO-001143,SUP-0086,CON-0086,2026-05-08,GBP,60436.6,OPEN
PO-001144,SUP-0076,CON-0076,2026-03-11,USD,84974.42,OPEN
PO-001145,SUP-0045,CON-0045,2026-02-11,EUR,79587.92,OPEN
PO-001146,SUP-0097,CON-0097,2026-08-12,GBP,135218.42,OPEN
PO-001147,SUP-0032,CON-0032,2026-08-02,USD,106000.24,OPEN
PO-001148,SUP-0076,CON-0076,2026-05-09,USD,63309.17,OPEN
PO-001149,SUP-0008,CON-0008,2026-01-30,EUR,129132.98,OPEN
PO-001150,SUP-0056,CON-0056,2026-04-08,GBP,139370.61,OPEN
PO-001151,SUP-0043,CON-0130,2026-08-10,USD,53757.74,OPEN
PO-001152,SUP-0009,CON-0009,2026-06-30,EUR,54394.18,OPEN
PO-001153,SUP-0048,CON-0048,2026-08-15,USD,31103.18,OPEN
PO-001154,SUP-0034,CON-0034,2026-02-23,GBP,98575.48,OPEN
PO-001155,SUP-0049,CON-0049,2026-02-09,INR,132975.09,OPEN
PO-001156,SUP-0036,CON-0148,2026-04-11,GBP,51081.9,OPEN
PO-001157,SUP-0028,CON-0028,2026-08-13,INR,1989.14,OPEN
PO-001158,SUP-0120,CON-0120,2026-04-23,USD,128457.47,OPEN
PO-001159,SUP-0004,CON-0004,2026-03-11,GBP,107652.46,OPEN
PO-001160,SUP-0104,CON-0104,2026-01-24,GBP,68405.72,OPEN
PO-001161,SUP-0060,CON-0060,2026-08-01,GBP,137642.97,OPEN
PO-001162,SUP-0101,CON-0101,2026-06-11,EUR,22676.52,OPEN
PO-001163,SUP-0103,CON-0103,2026-04-09,GBP,59433.34,OPEN
PO-001164,SUP-0007,CON-0007,2026-05-16,GBP,68954.5,OPEN
PO-001165,SUP-0007,CON-0007,2026-04-27,GBP,128331.13,OPEN
PO-001166,SUP-0023,CON-0023,2026-08-20,EUR,74088.38,OPEN
PO-001167,SUP-0087,CON-0087,2026-06-25,INR,121730.88,OPEN
PO-001168,SUP-0040,CON-0141,2026-05-11,USD,90083.44,OPEN
PO-001169,SUP-0111,CON-0111,2026-06-07,GBP,102625.93,OPEN
PO-001170,SUP-0054,CON-0054,2026-03-10,INR,28155.49,OPEN
PO-001171,SUP-0020,CON-0020,2026-01-30,EUR,11164.71,OPEN
PO-001172,SUP-0060,CON-0060,2026-06-15,GBP,61586.53,OPEN
PO-001173,SUP-0044,CON-0044,2026-02-19,USD,31112.03,OPEN
PO-001174,SUP-0023,CON-0023,2026-01-25,EUR,142488.64,OPEN
PO-001175,SUP-0092,CON-0092,2026-05-18,INR,23471.23,OPEN
PO-001176,SUP-0073,CON-0073,2026-04-24,GBP,95923.0,OPEN
PO-001177,SUP-0077,CON-0077,2026-07-05,EUR,19830.53,OPEN
PO-001178,SUP-0089,CON-0089,2026-01-12,INR,43006.15,OPEN
PO-001179,SUP-0020,CON-0020,2026-05-31,EUR,91606.85,OPEN
PO-001180,SUP-0015,CON-0015,2026-01-15,EUR,33291.35,OPEN
PO-001181,SUP-0042,CON-0042,2026-03-11,USD,37018.63,OPEN
PO-001182,SUP-0085,CON-0135,2026-07-16,GBP,91913.97,OPEN
PO-001183,SUP-0114,CON-0114,2026-02-15,EUR,59948.58,OPEN
PO-001184,SUP-0116,CON-0116,2026-07-03,EUR,91511.68,OPEN
PO-001185,SUP-0052,CON-0052,2026-05-07,EUR,58153.59,OPEN
PO-001186,SUP-0046,CON-0046,2026-05-29,USD,128057.71,OPEN
PO-001187,SUP-0074,CON-0074,2026-02-05,EUR,48889.08,OPEN
PO-001188,SUP-0003,CON-0003,2026-03-10,EUR,94296.54,OPEN
PO-001189,SUP-0036,CON-0036,2026-05-11,INR,29434.42,OPEN
PO-001190,SUP-0069,CON-0069,2026-03-09,EUR,43857.36,OPEN
PO-001191,SUP-0059,CON-0059,2026-04-12,GBP,60332.11,OPEN
PO-001192,SUP-0046,CON-0046,2026-07-17,USD,33605.21,OPEN
PO-001193,SUP-0071,CON-0071,2026-06-08,INR,89453.16,OPEN
PO-001194,SUP-0093,CON-0093,2026-07-14,GBP,101984.36,OPEN
PO-001195,SUP-0056,CON-0056,2026-05-26,GBP,8242.05,OPEN
PO-001196,SUP-0054,CON-0054,2026-01-08,INR,17393.29,OPEN
PO-001197,SUP-0105,CON-0105,2026-02-12,GBP,45482.08,OPEN
PO-001198,SUP-0120,CON-0149,2026-06-15,INR,99156.02,OPEN
PO-001199,SUP-0039,CON-0039,2026-06-25,GBP,117927.37,OPEN
PO-001200,SUP-0107,CON-0107,2026-02-05,EUR,43476.74,OPEN
PO-001201,SUP-0012,CON-0012,2026-08-26,EUR,107711.11,OPEN
PO-001202,SUP-0094,CON-0094,2026-06-08,USD,52302.5,OPEN
PO-001203,SUP-0065,CON-0122,2026-05-06,GBP,55552.39,OPEN
PO-001204,SUP-0046,CON-0046,2026-03-18,USD,66034.88,OPEN
PO-001205,SUP-0090,CON-0090,2026-02-21,USD,39363.64,OPEN
PO-001206,SUP-0004,CON-0004,2026-02-19,GBP,19159.36,OPEN
PO-001207,SUP-0002,CON-0002,2026-07-31,USD,83450.37,OPEN
PO-001208,SUP-0013,CON-0013,2026-04-02,INR,64015.94,OPEN
PO-001209,SUP-0104,CON-0104,2026-05-31,GBP,139855.29,OPEN
PO-001210,SUP-0034,CON-0034,2026-01-14,GBP,91633.91,OPEN
PO-001211,SUP-0044,CON-0044,2026-02-28,USD,86827.2,OPEN
PO-001212,SUP-0080,CON-0080,2026-05-30,INR,55921.47,OPEN
PO-001213,SUP-0060,CON-0060,2026-07-29,GBP,21080.02,OPEN
PO-001214,SUP-0024,CON-0024,2026-06-13,USD,4937.89,OPEN
PO-001215,SUP-0085,CON-0135,2026-05-27,GBP,94726.12,OPEN
PO-001216,SUP-0041,CON-0041,2026-05-24,USD,129285.74,OPEN
PO-001217,SUP-0099,CON-0099,2026-02-19,USD,19417.21,OPEN
PO-001218,SUP-0011,CON-0011,2026-03-05,GBP,143799.63,OPEN
PO-001219,SUP-0113,CON-0113,2026-03-18,INR,32220.52,OPEN
PO-001220,SUP-0118,CON-0118,2026-01-21,USD,32946.43,OPEN
PO-001221,SUP-0012,CON-0129,2026-08-09,INR,58182.18,OPEN
PO-001222,SUP-0032,CON-0146,2026-06-23,EUR,92209.93,OPEN
PO-001223,SUP-0044,CON-0044,2026-03-17,USD,26974.83,OPEN
PO-001224,SUP-0005,CON-0005,2026-06-21,USD,84252.37,OPEN
PO-001225,SUP-0120,CON-0149,2026-08-12,INR,15816.06,OPEN
PO-001226,SUP-0034,CON-0034,2026-05-26,GBP,26468.21,OPEN
PO-001227,SUP-0114,CON-0114,2026-01-06,EUR,96449.62,OPEN
PO-001228,SUP-0026,CON-0026,2026-02-23,GBP,88801.82,OPEN
PO-001229,SUP-0080,CON-0080,2026-03-31,INR,29353.71,OPEN
PO-001230,SUP-0034,CON-0034,2026-01-11,GBP,138612.54,OPEN
PO-001231,SUP-0098,CON-0098,2026-01-17,USD,3442.2,OPEN
PO-001232,SUP-0019,CON-0019,2026-05-20,EUR,142841.64,OPEN
PO-001233,SUP-0013,CON-0013,2026-05-17,INR,124351.36,OPEN
PO-001234,SUP-0013,CON-0013,2026-02-25,INR,8013.95,OPEN
PO-001235,SUP-0043,CON-0043,2026-04-11,USD,134042.75,OPEN
PO-001236,SUP-0061,CON-0061,2026-01-08,EUR,9459.91,OPEN
PO-001237,SUP-0097,CON-0097,2026-06-17,GBP,67994.91,OPEN
PO-001238,SUP-0006,CON-0006,2026-08-15,GBP,11797.79,OPEN
PO-001239,SUP-0053,CON-0053,2026-02-07,EUR,123845.36,OPEN
PO-001240,SUP-0019,CON-0019,2026-05-30,EUR,41103.78,OPEN
PO-001241,SUP-0035,CON-0138,2026-07-31,EUR,103960.25,OPEN
PO-001242,SUP-0074,CON-0074,2026-03-23,EUR,143284.85,OPEN
PO-001243,SUP-0055,CON-0055,2026-02-02,USD,32477.14,OPEN
PO-001244,SUP-0004,CON-0004,2026-04-23,GBP,123219.22,OPEN
PO-001245,SUP-0109,CON-0109,2026-01-22,EUR,65858.89,OPEN
PO-001246,SUP-0107,CON-0107,2026-07-21,EUR,49242.29,OPEN
PO-001247,SUP-0024,CON-0024,2026-07-02,USD,128424.6,OPEN
PO-001248,SUP-0111,CON-0111,2026-04-02,GBP,135448.03,OPEN
PO-001249,SUP-0059,CON-0059,2026-06-01,GBP,17128.87,OPEN
PO-001250,SUP-0052,CON-0052,2026-01-06,EUR,87156.94,OPEN
PO-001251,SUP-0110,CON-0110,2026-05-03,USD,149996.25,OPEN
PO-001252,SUP-0016,CON-0016,2026-07-05,USD,125337.38,OPEN
PO-001253,SUP-0072,CON-0072,2026-06-27,EUR,39241.12,OPEN
PO-001254,SUP-0027,CON-0027,2026-07-15,EUR,36256.44,OPEN
PO-001255,SUP-0113,CON-0113,2026-07-27,INR,21322.23,OPEN
PO-001256,SUP-0005,CON-0005,2026-05-09,USD,133142.76,OPEN
PO-001257,SUP-0038,CON-0038,2026-02-10,INR,93153.36,OPEN
PO-001258,SUP-0060,CON-0060,2026-02-26,GBP,8779.52,OPEN
PO-001259,SUP-0017,CON-0017,2026-06-17,INR,135715.19,OPEN
PO-001260,SUP-0105,CON-0105,2026-03-21,GBP,57584.43,OPEN
PO-001261,SUP-0047,CON-0047,2026-07-04,INR,111656.49,OPEN
PO-001262,SUP-0096,CON-0096,2026-07-31,EUR,69097.67,OPEN
PO-001263,SUP-0107,CON-0107,2026-06-19,EUR,24366.73,OPEN
PO-001264,SUP-0039,CON-0039,2026-02-02,GBP,35676.38,OPEN
PO-001265,SUP-0044,CON-0044,2026-08-04,USD,38290.28,OPEN
PO-001266,SUP-0099,CON-0099,2026-01-26,USD,100751.8,OPEN
PO-001267,SUP-0029,CON-0029,2026-06-23,USD,88220.52,OPEN
PO-001268,SUP-0045,CON-0045,2026-07-29,EUR,15563.1,OPEN
PO-001269,SUP-0032,CON-0032,2026-01-31,USD,106380.84,OPEN
PO-001270,SUP-0014,CON-0014,2026-05-21,INR,124296.76,OPEN
PO-001271,SUP-0039,CON-0039,2026-07-28,GBP,17958.08,OPEN
PO-001272,SUP-0118,CON-0118,2026-06-10,USD,18511.81,OPEN
PO-001273,SUP-0092,CON-0092,2026-04-30,INR,17236.69,OPEN
PO-001274,SUP-0015,CON-0015,2026-08-02,EUR,23616.99,OPEN
PO-001275,SUP-0047,CON-0047,2026-04-30,INR,130136.17,OPEN
PO-001276,SUP-0025,CON-0025,2026-02-24,USD,131512.67,OPEN
PO-001277,SUP-0034,CON-0034,2026-06-20,GBP,71087.89,OPEN
PO-001278,SUP-0001,CON-0001,2026-08-26,EUR,1942.1,OPEN
PO-001279,SUP-0004,CON-0004,2026-03-19,GBP,136974.77,OPEN
PO-001280,SUP-0013,CON-0013,2026-08-22,INR,11154.6,OPEN
PO-001281,SUP-0105,CON-0105,2026-08-14,GBP,114277.58,OPEN
PO-001282,SUP-0104,CON-0104,2026-02-04,GBP,35514.43,OPEN
PO-001283,SUP-0098,CON-0098,2026-07-17,USD,42387.45,OPEN
PO-001284,SUP-0062,CON-0062,2026-02-25,GBP,15106.54,OPEN
PO-001285,SUP-0073,CON-0073,2026-03-27,GBP,39304.24,OPEN
PO-001286,SUP-0111,CON-0111,2026-03-28,GBP,31632.75,OPEN
PO-001287,SUP-0023,CON-0023,2026-06-27,EUR,50524.03,OPEN
PO-001288,SUP-0054,CON-0054,2026-08-20,INR,49442.1,OPEN
PO-001289,SUP-0076,CON-0076,2026-03-03,USD,124760.45,OPEN
PO-001290,SUP-0023,CON-0023,2026-05-04,EUR,15941.47,OPEN
PO-001291,SUP-0071,CON-0071,2026-01-09,INR,56532.14,OPEN
PO-001292,SUP-0008,CON-0008,2026-05-20,EUR,4278.36,OPEN
PO-001293,SUP-0118,CON-0118,2026-04-07,USD,86847.03,OPEN
PO-001294,SUP-0090,CON-0090,2026-07-08,USD,90904.34,OPEN
PO-001295,SUP-0058,CON-0058,2026-06-15,GBP,50003.59,OPEN
PO-001296,SUP-0047,CON-0047,2026-08-05,INR,130720.08,OPEN
PO-001297,SUP-0077,CON-0077,2026-02-12,EUR,28332.53,OPEN
PO-001298,SUP-0023,CON-0023,2026-02-12,EUR,37079.44,OPEN
PO-001299,SUP-0015,CON-0015,2026-03-28,EUR,42910.15,OPEN
PO-001300,SUP-0051,CON-0051,2026-06-01,GBP,64299.83,OPEN
PO-001301,SUP-0097,CON-0097,2026-01-24,GBP,24673.0,OPEN
PO-001302,SUP-0036,CON-0036,2026-01-17,INR,136008.96,OPEN
PO-001303,SUP-0024,CON-0128,2026-04-25,GBP,11864.02,OPEN
PO-001304,SUP-0017,CON-0017,2026-08-07,INR,142643.2,OPEN
PO-001305,SUP-0021,CON-0021,2026-03-22,GBP,131246.71,OPEN
PO-001306,SUP-0089,CON-0089,2026-08-09,INR,50113.8,OPEN
PO-001307,SUP-0082,CON-0082,2026-03-08,GBP,70187.6,OPEN
PO-001308,SUP-0039,CON-0039,2026-05-07,GBP,6696.38,OPEN
PO-001309,SUP-0114,CON-0114,2026-06-12,EUR,75766.7,OPEN
PO-001310,SUP-0095,CON-0124,2026-04-12,INR,72597.13,OPEN
PO-001311,SUP-0069,CON-0069,2026-04-01,EUR,109535.75,OPEN
PO-001312,SUP-0012,CON-0125,2026-07-22,USD,24797.52,OPEN
PO-001313,SUP-0078,CON-0078,2026-04-11,EUR,25951.02,OPEN
PO-001314,SUP-0118,CON-0118,2026-07-31,USD,125951.95,OPEN
PO-001315,SUP-0069,CON-0069,2026-02-04,EUR,24468.15,OPEN
PO-001316,SUP-0054,CON-0054,2026-08-27,INR,79567.05,OPEN
PO-001317,SUP-0042,CON-0042,2026-04-29,USD,26432.89,OPEN
PO-001318,SUP-0050,CON-0050,2026-03-12,USD,135039.26,OPEN
PO-001319,SUP-0085,CON-0132,2026-05-14,GBP,54620.83,OPEN
PO-001320,SUP-0024,CON-0024,2026-07-29,USD,41977.76,OPEN
PO-001321,SUP-0071,CON-0071,2026-01-06,INR,149701.81,OPEN
PO-001322,SUP-0099,CON-0099,2026-01-20,USD,115403.07,OPEN
PO-001323,SUP-0073,CON-0073,2026-02-12,GBP,54160.84,OPEN
PO-001324,SUP-0009,CON-0009,2026-01-01,EUR,89545.21,OPEN
PO-001325,SUP-0107,CON-0107,2026-05-29,EUR,117261.37,OPEN
PO-001326,SUP-0109,CON-0109,2026-07-08,EUR,14532.55,OPEN
PO-001327,SUP-0071,CON-0071,2026-04-05,INR,99038.67,OPEN
PO-001328,SUP-0084,CON-0084,2026-01-06,EUR,43863.36,OPEN
PO-001329,SUP-0062,CON-0062,2026-06-20,GBP,32043.06,OPEN
PO-001330,SUP-0098,CON-0098,2026-06-23,USD,89870.31,OPEN
PO-001331,SUP-0074,CON-0074,2026-02-05,EUR,124351.16,OPEN
PO-001332,SUP-0088,CON-0088,2026-01-08,EUR,61366.68,OPEN
PO-001333,SUP-0075,CON-0075,2026-07-16,GBP,125628.2,OPEN
PO-001334,SUP-0059,CON-0059,2026-05-17,GBP,63721.85,OPEN
PO-001335,SUP-0089,CON-0089,2026-01-29,INR,42700.41,OPEN
PO-001336,SUP-0096,CON-0096,2026-06-18,EUR,118059.28,OPEN
PO-001337,SUP-0050,CON-0050,2026-06-14,USD,41026.36,OPEN
PO-001338,SUP-0113,CON-0113,2026-08-19,INR,127563.25,OPEN
PO-001339,SUP-0015,CON-0015,2026-01-14,EUR,140568.9,OPEN
PO-001340,SUP-0023,CON-0023,2026-08-02,EUR,45222.53,OPEN
PO-001341,SUP-0065,CON-0122,2026-05-25,GBP,27985.68,OPEN
PO-001342,SUP-0002,CON-0002,2026-05-16,USD,20453.6,OPEN
PO-001343,SUP-0028,CON-0028,2026-07-25,INR,89431.89,OPEN
PO-001344,SUP-0003,CON-0003,2026-08-29,EUR,138942.02,OPEN
PO-001345,SUP-0109,CON-0109,2026-01-11,EUR,53113.62,OPEN
PO-001346,SUP-0036,CON-0148,2026-04-16,GBP,23264.39,OPEN
PO-001347,SUP-0017,CON-0017,2026-05-29,INR,46906.59,OPEN
PO-001348,SUP-0073,CON-0073,2026-01-03,GBP,57882.83,OPEN
PO-001349,SUP-0049,CON-0049,2026-05-31,INR,137264.57,OPEN
PO-001350,SUP-0048,CON-0048,2026-01-04,USD,45515.63,OPEN
PO-001351,SUP-0017,CON-0017,2026-01-03,INR,4884.98,OPEN
PO-001352,SUP-0039,CON-0039,2026-01-05,GBP,31016.72,OPEN
PO-001353,SUP-0043,CON-0131,2026-07-01,GBP,97520.2,OPEN
PO-001354,SUP-0080,CON-0080,2026-05-24,INR,135908.74,OPEN
PO-001355,SUP-0032,CON-0032,2026-04-25,USD,92545.21,OPEN
PO-001356,SUP-0020,CON-0020,2026-08-06,EUR,127070.47,OPEN
PO-001357,SUP-0062,CON-0062,2026-08-06,GBP,61003.28,OPEN
PO-001358,SUP-0010,CON-0010,2026-03-31,INR,9785.43,OPEN
PO-001359,SUP-0107,CON-0107,2026-06-01,EUR,30142.26,OPEN
PO-001360,SUP-0037,CON-0037,2026-07-19,EUR,41004.57,OPEN
PO-001361,SUP-0009,CON-0009,2026-06-27,EUR,125622.63,OPEN
PO-001362,SUP-0011,CON-0123,2026-04-01,USD,57837.24,OPEN
PO-001363,SUP-0001,CON-0001,2026-03-30,EUR,81919.05,OPEN
PO-001364,SUP-0051,CON-0051,2026-03-05,GBP,90540.46,OPEN
PO-001365,SUP-0020,CON-0020,2026-01-21,EUR,120738.65,OPEN
PO-001366,SUP-0088,CON-0088,2026-06-10,EUR,145829.23,OPEN
PO-001367,SUP-0120,CON-0120,2026-06-04,USD,147825.32,OPEN
PO-001368,SUP-0012,CON-0129,2026-08-10,INR,33742.5,OPEN
PO-001369,SUP-0044,CON-0044,2026-03-29,USD,24869.9,OPEN
PO-001370,SUP-0019,CON-0019,2026-03-22,EUR,34270.6,OPEN
PO-001371,SUP-0038,CON-0038,2026-07-05,INR,104884.48,OPEN
PO-001372,SUP-0044,CON-0044,2026-05-28,USD,41208.75,OPEN
PO-001373,SUP-0105,CON-0105,2026-01-02,GBP,32804.23,OPEN
PO-001374,SUP-0080,CON-0080,2026-01-03,INR,129007.38,OPEN
PO-001375,SUP-0019,CON-0019,2026-02-04,EUR,3984.17,OPEN
PO-001376,SUP-0080,CON-0080,2026-01-12,INR,20390.67,OPEN
PO-001377,SUP-0066,CON-0066,2026-02-01,GBP,83836.97,OPEN
PO-001378,SUP-0049,CON-0049,2026-03-02,INR,145441.37,OPEN
PO-001379,SUP-0004,CON-0140,2026-01-03,EUR,44801.74,OPEN
PO-001380,SUP-0055,CON-0055,2026-07-27,USD,14536.47,OPEN
PO-001381,SUP-0017,CON-0017,2026-03-07,INR,45682.21,OPEN
PO-001382,SUP-0028,CON-0028,2026-06-24,INR,121841.75,OPEN
PO-001383,SUP-0098,CON-0098,2026-04-22,USD,144681.36,OPEN
PO-001384,SUP-0007,CON-0007,2026-03-04,GBP,149076.14,OPEN
PO-001385,SUP-0028,CON-0028,2026-02-23,INR,85045.6,OPEN
PO-001386,SUP-0061,CON-0061,2026-06-09,EUR,139991.28,OPEN
PO-001387,SUP-0033,CON-0033,2026-01-17,USD,63780.34,OPEN
PO-001388,SUP-0068,CON-0068,2026-08-16,INR,91412.13,OPEN
PO-001389,SUP-0016,CON-0016,2026-01-01,USD,107634.84,OPEN
PO-001390,SUP-0054,CON-0054,2026-04-12,INR,60570.46,OPEN
PO-001391,SUP-0082,CON-0082,2026-07-22,GBP,106354.89,OPEN
PO-001392,SUP-0059,CON-0133,2026-02-05,INR,56001.92,OPEN
PO-001393,SUP-0067,CON-0067,2026-05-31,USD,104997.93,OPEN
PO-001394,SUP-0090,CON-0090,2026-02-06,USD,123620.14,OPEN
PO-001395,SUP-0104,CON-0104,2026-06-19,GBP,130120.08,OPEN
PO-001396,SUP-0018,CON-0018,2026-07-29,USD,88940.97,OPEN
PO-001397,SUP-0109,CON-0109,2026-01-18,EUR,58495.96,OPEN
PO-001398,SUP-0073,CON-0073,2026-02-19,GBP,132597.31,OPEN
PO-001399,SUP-0103,CON-0103,2026-01-13,GBP,125991.9,OPEN
PO-001400,SUP-0116,CON-0116,2026-07-07,EUR,67717.98,OPEN
PO-001401,SUP-0050,CON-0050,2026-03-28,USD,78392.42,OPEN
PO-001402,SUP-0020,CON-0020,2026-08-17,EUR,38874.83,OPEN
PO-001403,SUP-0106,CON-0106,2026-08-11,USD,6763.54,OPEN
PO-001404,SUP-0029,CON-0029,2026-06-05,USD,116640.43,OPEN
PO-001405,SUP-0099,CON-0099,2026-06-13,USD,10398.93,OPEN
PO-001406,SUP-0097,CON-0097,2026-07-12,GBP,103849.59,OPEN
PO-001407,SUP-0074,CON-0126,2026-06-23,EUR,3316.36,OPEN
PO-001408,SUP-0033,CON-0033,2026-02-07,USD,97775.7,OPEN
PO-001409,SUP-0109,CON-0109,2026-02-09,EUR,6609.92,OPEN
PO-001410,SUP-0067,CON-0067,2026-08-03,USD,91152.89,OPEN
PO-001411,SUP-0054,CON-0145,2026-03-16,GBP,139249.72,OPEN
PO-001412,SUP-0024,CON-0024,2026-06-18,USD,145007.66,OPEN
PO-001413,SUP-0076,CON-0076,2026-08-27,USD,63351.07,OPEN
PO-001414,SUP-0020,CON-0020,2026-02-28,EUR,70993.19,OPEN
PO-001415,SUP-0081,CON-0137,2026-01-15,USD,100829.27,OPEN
PO-001416,SUP-0060,CON-0060,2026-04-01,GBP,87686.24,OPEN
PO-001417,SUP-0003,CON-0003,2026-04-13,EUR,12351.4,OPEN
PO-001418,SUP-0105,CON-0105,2026-06-16,GBP,124214.22,OPEN
PO-001419,SUP-0085,CON-0132,2026-06-19,GBP,45916.33,OPEN
PO-001420,SUP-0042,CON-0134,2026-05-11,GBP,92320.42,OPEN
PO-001421,SUP-0013,CON-0013,2026-03-26,INR,51369.41,OPEN
PO-001422,SUP-0040,CON-0141,2026-05-11,USD,80840.54,OPEN
PO-001423,SUP-0084,CON-0084,2026-07-12,EUR,23281.47,OPEN
PO-001424,SUP-0113,CON-0113,2026-06-08,INR,67238.1,OPEN
PO-001425,SUP-0074,CON-0126,2026-01-07,EUR,137289.43,OPEN
PO-001426,SUP-0077,CON-0077,2026-06-19,EUR,66157.75,OPEN
PO-001427,SUP-0009,CON-0009,2026-06-10,EUR,110960.49,OPEN
PO-001428,SUP-0035,CON-0035,2026-04-19,GBP,10014.48,OPEN
PO-001429,SUP-0108,CON-0108,2026-06-20,USD,72187.15,OPEN
PO-001430,SUP-0026,CON-0026,2026-07-27,GBP,23158.62,OPEN
PO-001431,SUP-0115,CON-0115,2026-04-17,EUR,56878.18,OPEN
PO-001432,SUP-0010,CON-0010,2026-02-05,INR,149608.59,OPEN
PO-001433,SUP-0070,CON-0070,2026-01-19,INR,134996.83,OPEN
PO-001434,SUP-0004,CON-0004,2026-02-24,GBP,37174.33,OPEN
PO-001435,SUP-0113,CON-0113,2026-02-05,INR,130348.78,OPEN
PO-001436,SUP-0049,CON-0049,2026-01-18,INR,85357.94,OPEN
PO-001437,SUP-0001,CON-0001,2026-07-10,EUR,120336.45,OPEN
PO-001438,SUP-0113,CON-0113,2026-05-04,INR,21531.94,OPEN
PO-001439,SUP-0033,CON-0033,2026-03-12,USD,57006.6,OPEN
PO-001440,SUP-0076,CON-0076,2026-02-24,USD,9997.39,OPEN
PO-001441,SUP-0007,CON-0007,2026-01-26,GBP,108601.46,OPEN
PO-001442,SUP-0056,CON-0056,2026-05-17,GBP,62176.64,OPEN
PO-001443,SUP-0006,CON-0006,2026-06-11,GBP,78913.57,OPEN
PO-001444,SUP-0048,CON-0048,2026-02-15,USD,106155.95,OPEN
PO-001445,SUP-0007,CON-0007,2026-05-09,GBP,65044.71,OPEN
PO-001446,SUP-0041,CON-0041,2026-03-07,USD,48303.9,OPEN
PO-001447,SUP-0109,CON-0109,2026-02-02,EUR,20784.68,OPEN
PO-001448,SUP-0097,CON-0097,2026-08-06,GBP,11791.08,OPEN
PO-001449,SUP-0102,CON-0102,2026-02-10,GBP,36866.92,OPEN
PO-001450,SUP-0034,CON-0034,2026-04-20,GBP,29402.34,OPEN
PO-001451,SUP-0082,CON-0082,2026-06-10,GBP,135784.15,OPEN
PO-001452,SUP-0073,CON-0073,2026-03-10,GBP,73444.83,OPEN
PO-001453,SUP-0061,CON-0061,2026-02-26,EUR,37757.43,OPEN
PO-001454,SUP-0075,CON-0075,2026-02-02,GBP,114402.45,OPEN
PO-001455,SUP-0061,CON-0061,2026-02-10,EUR,96322.57,OPEN
PO-001456,SUP-0065,CON-0122,2026-03-05,GBP,100479.0,OPEN
PO-001457,SUP-0084,CON-0084,2026-06-27,EUR,69554.74,OPEN
PO-001458,SUP-0100,CON-0100,2026-01-25,EUR,41443.52,OPEN
PO-001459,SUP-0108,CON-0108,2026-07-11,USD,86933.82,OPEN
PO-001460,SUP-0086,CON-0086,2026-02-16,GBP,96483.65,OPEN
PO-001461,SUP-0015,CON-0015,2026-01-27,EUR,143411.92,OPEN
PO-001462,SUP-0025,CON-0025,2026-03-01,USD,41190.22,OPEN
PO-001463,SUP-0006,CON-0006,2026-01-23,GBP,109391.37,OPEN
PO-001464,SUP-0072,CON-0072,2026-08-07,EUR,62840.57,OPEN
PO-001465,SUP-0041,CON-0041,2026-01-20,USD,64107.33,OPEN
PO-001466,SUP-0008,CON-0008,2026-03-24,EUR,118187.06,OPEN
PO-001467,SUP-0075,CON-0075,2026-08-26,GBP,127215.58,OPEN
PO-001468,SUP-0017,CON-0017,2026-08-06,INR,94984.14,OPEN
PO-001469,SUP-0111,CON-0111,2026-02-18,GBP,90976.85,OPEN
PO-001470,SUP-0085,CON-0132,2026-02-01,GBP,117477.38,OPEN
PO-001471,SUP-0028,CON-0028,2026-01-14,INR,61939.21,OPEN
PO-001472,SUP-0097,CON-0097,2026-07-09,GBP,47127.24,OPEN
PO-001473,SUP-0120,CON-0149,2026-04-30,INR,87770.55,OPEN
PO-001474,SUP-0085,CON-0132,2026-02-23,GBP,55160.24,OPEN
PO-001475,SUP-0034,CON-0034,2026-08-12,GBP,1695.25,OPEN
PO-001476,SUP-0001,CON-0001,2026-05-11,EUR,97418.16,OPEN
PO-001477,SUP-0077,CON-0077,2026-06-22,EUR,41155.53,OPEN
PO-001478,SUP-0020,CON-0020,2026-01-04,EUR,80639.48,OPEN
PO-001479,SUP-0078,CON-0078,2026-02-28,EUR,56267.34,OPEN
PO-001480,SUP-0041,CON-0041,2026-08-26,USD,22270.03,OPEN
PO-001481,SUP-0063,CON-0063,2026-06-03,INR,113996.05,OPEN
PO-001482,SUP-0014,CON-0014,2026-08-21,INR,130074.93,OPEN
PO-001483,SUP-0053,CON-0053,2026-03-15,EUR,110048.2,OPEN
PO-001484,SUP-0119,CON-0119,2026-01-06,INR,58136.12,OPEN
PO-001485,SUP-0042,CON-0134,2026-08-23,GBP,74201.52,OPEN
PO-001486,SUP-0103,CON-0103,2026-01-04,GBP,56900.7,OPEN
PO-001487,SUP-0009,CON-0009,2026-05-31,EUR,134888.29,OPEN
PO-001488,SUP-0021,CON-0021,2026-03-17,GBP,40768.31,OPEN
PO-001489,SUP-0091,CON-0091,2026-03-20,USD,17036.34,OPEN
PO-001490,SUP-0073,CON-0073,2026-01-04,GBP,24741.65,OPEN
PO-001491,SUP-0042,CON-0042,2026-05-15,USD,58337.79,OPEN
PO-001492,SUP-0107,CON-0107,2026-01-07,EUR,45654.3,OPEN
PO-001493,SUP-0108,CON-0108,2026-05-31,USD,23955.27,OPEN
PO-001494,SUP-0028,CON-0028,2026-06-08,INR,34241.09,OPEN
PO-001495,SUP-0024,CON-0128,2026-04-21,GBP,15367.78,OPEN
PO-001496,SUP-0001,CON-0001,2026-05-29,EUR,149626.38,OPEN
PO-001497,SUP-0060,CON-0060,2026-03-14,GBP,50058.9,OPEN
PO-001498,SUP-0023,CON-0023,2026-06-15,EUR,134501.45,OPEN
PO-001499,SUP-0012,CON-0129,2026-05-03,INR,82342.28,OPEN
PO-001500,SUP-0009,CON-0009,2026-04-11,EUR,72029.83,OPEN
PO-001501,SUP-0032,CON-0032,2026-02-08,USD,30164.16,OPEN
PO-001502,SUP-0112,CON-0112,2026-04-07,EUR,122900.95,OPEN
PO-001503,SUP-0059,CON-0133,2026-07-17,INR,136295.42,OPEN
PO-001504,SUP-0017,CON-0017,2026-07-13,INR,144684.04,OPEN
PO-001505,SUP-0073,CON-0073,2026-08-14,GBP,147822.04,OPEN
PO-001506,SUP-0051,CON-0051,2026-02-17,GBP,64946.85,OPEN
PO-001507,SUP-0061,CON-0061,2026-03-08,EUR,79575.76,OPEN
PO-001508,SUP-0053,CON-0053,2026-05-26,EUR,63111.59,OPEN
PO-001509,SUP-0075,CON-0075,2026-03-07,GBP,102879.82,OPEN
PO-001510,SUP-0101,CON-0101,2026-03-16,EUR,134000.45,OPEN
PO-001511,SUP-0060,CON-0060,2026-04-06,GBP,17874.5,OPEN
PO-001512,SUP-0068,CON-0068,2026-01-24,INR,44244.44,OPEN
PO-001513,SUP-0063,CON-0063,2026-07-16,INR,109611.66,OPEN
PO-001514,SUP-0050,CON-0050,2026-07-17,USD,144721.1,OPEN
PO-001515,SUP-0078,CON-0078,2026-05-08,EUR,108705.36,OPEN
PO-001516,SUP-0004,CON-0140,2026-08-23,EUR,63186.32,OPEN
PO-001517,SUP-0098,CON-0098,2026-08-21,USD,84806.85,OPEN
PO-001518,SUP-0068,CON-0068,2026-03-15,INR,38664.49,OPEN
PO-001519,SUP-0045,CON-0045,2026-04-09,EUR,134096.91,OPEN
PO-001520,SUP-0082,CON-0082,2026-03-12,GBP,77500.21,OPEN
PO-001521,SUP-0071,CON-0071,2026-01-10,INR,14135.97,OPEN
PO-001522,SUP-0056,CON-0056,2026-01-28,GBP,55189.14,OPEN
PO-001523,SUP-0111,CON-0111,2026-03-27,GBP,145462.16,OPEN
PO-001524,SUP-0032,CON-0032,2026-03-14,USD,24303.74,OPEN
PO-001525,SUP-0119,CON-0119,2026-04-20,INR,82433.92,OPEN
PO-001526,SUP-0027,CON-0027,2026-08-19,EUR,123946.91,OPEN
PO-001527,SUP-0001,CON-0001,2026-07-29,EUR,28971.29,OPEN
PO-001528,SUP-0118,CON-0118,2026-02-20,USD,663.96,OPEN
PO-001529,SUP-0106,CON-0106,2026-07-03,USD,128703.65,OPEN
PO-001530,SUP-0097,CON-0097,2026-08-28,GBP,18486.27,OPEN
PO-001531,SUP-0099,CON-0099,2026-04-14,USD,115564.95,OPEN
PO-001532,SUP-0087,CON-0087,2026-06-24,INR,107040.65,OPEN
PO-001533,SUP-0043,CON-0130,2026-07-21,USD,96260.69,OPEN
PO-001534,SUP-0051,CON-0051,2026-04-18,GBP,1832.55,OPEN
PO-001535,SUP-0092,CON-0092,2026-06-21,INR,39617.3,OPEN
PO-001536,SUP-0014,CON-0014,2026-05-27,INR,60736.49,OPEN
PO-001537,SUP-0055,CON-0055,2026-02-07,USD,116912.69,OPEN
PO-001538,SUP-0086,CON-0086,2026-01-23,GBP,45977.03,OPEN
PO-001539,SUP-0099,CON-0099,2026-03-13,USD,31666.49,OPEN
PO-001540,SUP-0076,CON-0076,2026-05-15,USD,123202.93,OPEN
PO-001541,SUP-0104,CON-0104,2026-08-07,GBP,123680.48,OPEN
PO-001542,SUP-0080,CON-0080,2026-06-09,INR,111069.47,OPEN
PO-001543,SUP-0018,CON-0018,2026-05-14,USD,10483.58,OPEN
PO-001544,SUP-0065,CON-0122,2026-02-05,GBP,14652.34,OPEN
PO-001545,SUP-0066,CON-0066,2026-05-03,GBP,60020.21,OPEN
PO-001546,SUP-0113,CON-0113,2026-04-28,INR,138685.6,OPEN
PO-001547,SUP-0058,CON-0058,2026-01-22,GBP,142465.55,OPEN
PO-001548,SUP-0014,CON-0014,2026-03-24,INR,51539.06,OPEN
PO-001549,SUP-0014,CON-0014,2026-03-26,INR,72685.47,OPEN
PO-001550,SUP-0069,CON-0069,2026-01-21,EUR,97418.93,OPEN
PO-001551,SUP-0083,CON-0083,2026-07-18,INR,21623.74,OPEN
PO-001552,SUP-0009,CON-0009,2026-08-02,EUR,94021.83,OPEN
PO-001553,SUP-0082,CON-0082,2026-04-09,GBP,25638.15,OPEN
PO-001554,SUP-0101,CON-0101,2026-08-20,EUR,58041.76,OPEN
PO-001555,SUP-0064,CON-0064,2026-07-26,EUR,96479.15,OPEN
PO-001556,SUP-0029,CON-0029,2026-03-26,USD,108820.76,OPEN
PO-001557,SUP-0056,CON-0056,2026-08-01,GBP,45307.18,OPEN
PO-001558,SUP-0038,CON-0038,2026-02-10,INR,116084.37,OPEN
PO-001559,SUP-0004,CON-0140,2026-03-23,EUR,120056.62,OPEN
PO-001560,SUP-0060,CON-0060,2026-07-07,GBP,123498.39,OPEN
PO-001561,SUP-0119,CON-0119,2026-01-17,INR,63545.66,OPEN
PO-001562,SUP-0027,CON-0027,2026-02-28,EUR,132765.39,OPEN
PO-001563,SUP-0046,CON-0046,2026-08-15,USD,69377.5,OPEN
PO-001564,SUP-0029,CON-0029,2026-05-22,USD,107379.4,OPEN
PO-001565,SUP-0045,CON-0045,2026-03-22,EUR,113491.93,OPEN
PO-001566,SUP-0055,CON-0055,2026-07-14,USD,64097.6,OPEN
PO-001567,SUP-0076,CON-0076,2026-04-19,USD,85867.48,OPEN
PO-001568,SUP-0057,CON-0057,2026-06-23,INR,120672.44,OPEN
PO-001569,SUP-0085,CON-0132,2026-06-16,GBP,23261.92,OPEN
PO-001570,SUP-0047,CON-0047,2026-04-24,INR,57100.21,OPEN
PO-001571,SUP-0096,CON-0096,2026-06-10,EUR,39184.74,OPEN
PO-001572,SUP-0086,CON-0086,2026-05-04,GBP,18246.0,OPEN
PO-001573,SUP-0066,CON-0066,2026-08-04,GBP,64390.43,OPEN
PO-001574,SUP-0021,CON-0021,2026-06-01,GBP,82716.76,OPEN
PO-001575,SUP-0056,CON-0056,2026-01-30,GBP,116044.97,OPEN
PO-001576,SUP-0108,CON-0108,2026-04-06,USD,129576.62,OPEN
PO-001577,SUP-0114,CON-0114,2026-07-10,EUR,141049.74,OPEN
PO-001578,SUP-0098,CON-0098,2026-01-13,USD,36042.09,OPEN
PO-001579,SUP-0065,CON-0065,2026-01-12,GBP,11789.79,OPEN
PO-001580,SUP-0008,CON-0008,2026-05-20,EUR,46920.4,OPEN
PO-001581,SUP-0022,CON-0022,2026-07-23,GBP,35788.86,OPEN
PO-001582,SUP-0031,CON-0031,2026-06-16,GBP,140792.53,OPEN
PO-001583,SUP-0024,CON-0024,2026-01-11,USD,3958.65,OPEN
PO-001584,SUP-0059,CON-0059,2026-04-22,GBP,36595.91,OPEN
PO-001585,SUP-0059,CON-0059,2026-05-16,GBP,56011.5,OPEN
PO-001586,SUP-0120,CON-0144,2026-04-18,INR,91023.43,OPEN
PO-001587,SUP-0075,CON-0075,2026-04-13,GBP,16429.49,OPEN
PO-001588,SUP-0009,CON-0009,2026-03-18,EUR,118225.1,OPEN
PO-001589,SUP-0054,CON-0054,2026-06-25,INR,45079.45,OPEN
PO-001590,SUP-0108,CON-0108,2026-04-10,USD,47322.46,OPEN
PO-001591,SUP-0024,CON-0024,2026-07-19,USD,143264.55,OPEN
PO-001592,SUP-0007,CON-0136,2026-07-10,INR,140527.88,OPEN
PO-001593,SUP-0021,CON-0021,2026-05-03,GBP,19049.54,OPEN
PO-001594,SUP-0099,CON-0099,2026-06-16,USD,8487.53,OPEN
PO-001595,SUP-0021,CON-0021,2026-01-28,GBP,73804.71,OPEN
PO-001596,SUP-0064,CON-0064,2026-06-11,EUR,120217.91,OPEN
PO-001597,SUP-0065,CON-0065,2026-01-23,GBP,86306.83,OPEN
PO-001598,SUP-0083,CON-0083,2026-05-08,INR,11990.53,OPEN
PO-001599,SUP-0097,CON-0097,2026-03-21,GBP,103542.44,OPEN
PO-001600,SUP-0089,CON-0121,2026-08-20,GBP,145169.04,OPEN
PO-001601,SUP-0078,CON-0078,2026-02-07,EUR,136661.02,OPEN
PO-001602,SUP-0042,CON-0042,2026-06-11,USD,110988.57,OPEN
PO-001603,SUP-0033,CON-0033,2026-03-01,USD,14525.5,OPEN
PO-001604,SUP-0055,CON-0055,2026-04-03,USD,132348.43,OPEN
PO-001605,SUP-0082,CON-0082,2026-03-26,GBP,97802.15,OPEN
PO-001606,SUP-0040,CON-0040,2026-06-16,USD,26161.8,OPEN
PO-001607,SUP-0038,CON-0038,2026-02-13,INR,44831.37,OPEN
PO-001608,SUP-0040,CON-0141,2026-04-16,USD,52980.07,OPEN
PO-001609,SUP-0036,CON-0036,2026-06-06,INR,120504.64,OPEN
PO-001610,SUP-0070,CON-0070,2026-08-18,INR,29281.8,OPEN
PO-001611,SUP-0041,CON-0041,2026-03-23,USD,92667.18,OPEN
PO-001612,SUP-0077,CON-0077,2026-07-18,EUR,25598.2,OPEN
PO-001613,SUP-0087,CON-0087,2026-08-02,INR,93356.16,OPEN
PO-001614,SUP-0087,CON-0087,2026-03-02,INR,38974.46,OPEN
PO-001615,SUP-0080,CON-0080,2026-05-22,INR,49800.53,OPEN
PO-001616,SUP-0104,CON-0104,2026-03-14,GBP,49350.49,OPEN
PO-001617,SUP-0059,CON-0059,2026-07-25,GBP,82642.46,OPEN
PO-001618,SUP-0066,CON-0066,2026-02-24,GBP,140216.94,OPEN
PO-001619,SUP-0117,CON-0117,2026-01-21,INR,4434.37,OPEN
PO-001620,SUP-0055,CON-0055,2026-06-25,USD,14840.33,OPEN
PO-001621,SUP-0101,CON-0101,2026-04-15,EUR,128602.38,OPEN
PO-001622,SUP-0111,CON-0111,2026-05-18,GBP,48897.06,OPEN
PO-001623,SUP-0045,CON-0045,2026-01-05,EUR,108153.52,OPEN
PO-001624,SUP-0049,CON-0049,2026-01-22,INR,145042.28,OPEN
PO-001625,SUP-0059,CON-0133,2026-05-15,INR,56719.15,OPEN
PO-001626,SUP-0007,CON-0007,2026-07-11,GBP,63658.07,OPEN
PO-001627,SUP-0087,CON-0087,2026-02-20,INR,33741.37,OPEN
PO-001628,SUP-0069,CON-0069,2026-06-28,EUR,6650.45,OPEN
PO-001629,SUP-0061,CON-0061,2026-04-30,EUR,63273.79,OPEN
PO-001630,SUP-0012,CON-0012,2026-03-23,EUR,113279.98,OPEN
PO-001631,SUP-0051,CON-0051,2026-07-05,GBP,76182.98,OPEN
PO-001632,SUP-0005,CON-0005,2026-08-09,USD,143717.7,OPEN
PO-001633,SUP-0096,CON-0096,2026-07-21,EUR,139407.78,OPEN
PO-001634,SUP-0071,CON-0071,2026-07-01,INR,92309.46,OPEN
PO-001635,SUP-0009,CON-0009,2026-07-03,EUR,25028.65,OPEN
PO-001636,SUP-0036,CON-0148,2026-06-24,GBP,36674.39,OPEN
PO-001637,SUP-0049,CON-0049,2026-03-20,INR,72940.75,OPEN
PO-001638,SUP-0111,CON-0111,2026-07-31,GBP,19666.24,OPEN
PO-001639,SUP-0118,CON-0118,2026-04-16,USD,46859.02,OPEN
PO-001640,SUP-0105,CON-0105,2026-03-31,GBP,31900.59,OPEN
PO-001641,SUP-0091,CON-0091,2026-08-23,USD,26035.97,OPEN
PO-001642,SUP-0012,CON-0012,2026-07-07,EUR,8795.33,OPEN
PO-001643,SUP-0091,CON-0091,2026-03-21,USD,137251.82,OPEN
PO-001644,SUP-0012,CON-0129,2026-07-05,INR,60535.82,OPEN
PO-001645,SUP-0025,CON-0025,2026-07-26,USD,46443.12,OPEN
PO-001646,SUP-0101,CON-0101,2026-06-02,EUR,88856.32,OPEN
PO-001647,SUP-0115,CON-0115,2026-02-10,EUR,99790.99,OPEN
PO-001648,SUP-0020,CON-0020,2026-06-12,EUR,121677.56,OPEN
PO-001649,SUP-0098,CON-0098,2026-05-22,USD,94280.94,OPEN
PO-001650,SUP-0033,CON-0033,2026-05-23,USD,69730.56,OPEN
PO-001651,SUP-0114,CON-0114,2026-06-30,EUR,139497.28,OPEN
PO-001652,SUP-0023,CON-0023,2026-03-09,EUR,2412.66,OPEN
PO-001653,SUP-0027,CON-0027,2026-01-25,EUR,135136.72,OPEN
PO-001654,SUP-0085,CON-0085,2026-04-17,EUR,97249.57,OPEN
PO-001655,SUP-0002,CON-0002,2026-05-04,USD,124690.83,OPEN
PO-001656,SUP-0092,CON-0092,2026-03-08,INR,69210.42,OPEN
PO-001657,SUP-0094,CON-0094,2026-02-02,USD,98797.44,OPEN
PO-001658,SUP-0092,CON-0092,2026-07-14,INR,114709.29,OPEN
PO-001659,SUP-0088,CON-0088,2026-05-05,EUR,136043.86,OPEN
PO-001660,SUP-0029,CON-0029,2026-03-10,USD,110242.87,OPEN
PO-001661,SUP-0036,CON-0036,2026-06-25,INR,10123.32,OPEN
PO-001662,SUP-0040,CON-0040,2026-06-06,USD,60793.73,OPEN
PO-001663,SUP-0101,CON-0101,2026-08-03,EUR,6127.05,OPEN
PO-001664,SUP-0099,CON-0099,2026-04-22,USD,98408.57,OPEN
PO-001665,SUP-0026,CON-0026,2026-05-22,GBP,1248.7,OPEN
PO-001666,SUP-0034,CON-0034,2026-04-17,GBP,132172.3,OPEN
PO-001667,SUP-0082,CON-0082,2026-05-07,GBP,20836.94,OPEN
PO-001668,SUP-0057,CON-0057,2026-07-25,INR,75446.07,OPEN
PO-001669,SUP-0059,CON-0133,2026-08-12,INR,48343.83,OPEN
PO-001670,SUP-0028,CON-0028,2026-04-12,INR,71915.03,OPEN
PO-001671,SUP-0059,CON-0133,2026-04-06,INR,55863.63,OPEN
PO-001672,SUP-0067,CON-0127,2026-06-19,GBP,85769.5,OPEN
PO-001673,SUP-0061,CON-0061,2026-01-27,EUR,50774.7,OPEN
PO-001674,SUP-0039,CON-0039,2026-03-30,GBP,31971.1,OPEN
PO-001675,SUP-0023,CON-0023,2026-04-04,EUR,70510.61,OPEN
PO-001676,SUP-0080,CON-0080,2026-02-08,INR,36049.2,OPEN
PO-001677,SUP-0020,CON-0020,2026-06-10,EUR,96221.12,OPEN
PO-001678,SUP-0086,CON-0086,2026-07-04,GBP,121498.95,OPEN
PO-001679,SUP-0025,CON-0147,2026-01-26,EUR,3384.6,OPEN
PO-001680,SUP-0090,CON-0090,2026-05-16,USD,47233.86,OPEN
PO-001681,SUP-0006,CON-0006,2026-01-15,GBP,68440.96,OPEN
PO-001682,SUP-0025,CON-0025,2026-06-04,USD,70480.28,OPEN
PO-001683,SUP-0053,CON-0053,2026-07-16,EUR,123117.46,OPEN
PO-001684,SUP-0050,CON-0050,2026-05-12,USD,26528.89,OPEN
PO-001685,SUP-0111,CON-0111,2026-04-20,GBP,140876.66,OPEN
PO-001686,SUP-0034,CON-0034,2026-03-24,GBP,130077.21,OPEN
PO-001687,SUP-0108,CON-0108,2026-07-27,USD,92995.09,OPEN
PO-001688,SUP-0011,CON-0011,2026-04-08,GBP,138244.28,OPEN
PO-001689,SUP-0071,CON-0071,2026-06-26,INR,89170.25,OPEN
PO-001690,SUP-0008,CON-0008,2026-01-29,EUR,28095.32,OPEN
PO-001691,SUP-0006,CON-0006,2026-04-18,GBP,99379.34,OPEN
PO-001692,SUP-0037,CON-0150,2026-05-24,INR,7874.2,OPEN
PO-001693,SUP-0029,CON-0029,2026-04-10,USD,126820.12,OPEN
PO-001694,SUP-0093,CON-0093,2026-06-15,GBP,2812.14,OPEN
PO-001695,SUP-0013,CON-0013,2026-04-12,INR,149023.78,OPEN
PO-001696,SUP-0055,CON-0055,2026-05-21,USD,106321.93,OPEN
PO-001697,SUP-0047,CON-0047,2026-03-03,INR,132865.73,OPEN
PO-001698,SUP-0074,CON-0074,2026-07-17,EUR,103695.02,OPEN
PO-001699,SUP-0117,CON-0117,2026-02-08,INR,136676.88,OPEN
PO-001700,SUP-0059,CON-0059,2026-05-07,GBP,139377.59,OPEN
PO-001701,SUP-0070,CON-0070,2026-07-14,INR,95371.57,OPEN
PO-001702,SUP-0111,CON-0111,2026-08-08,GBP,9565.83,OPEN
PO-001703,SUP-0034,CON-0034,2026-07-11,GBP,124393.22,OPEN
PO-001704,SUP-0012,CON-0129,2026-04-10,INR,3420.29,OPEN
PO-001705,SUP-0007,CON-0136,2026-05-28,INR,71162.14,OPEN
PO-001706,SUP-0088,CON-0088,2026-07-14,EUR,30881.02,OPEN
PO-001707,SUP-0067,CON-0067,2026-08-27,USD,61760.18,OPEN
PO-001708,SUP-0077,CON-0077,2026-04-30,EUR,6611.59,OPEN
PO-001709,SUP-0053,CON-0053,2026-03-15,EUR,30656.58,OPEN
PO-001710,SUP-0003,CON-0003,2026-07-28,EUR,106401.18,OPEN
PO-001711,SUP-0032,CON-0146,2026-07-03,EUR,125279.32,OPEN
PO-001712,SUP-0042,CON-0042,2026-04-24,USD,61824.46,OPEN
PO-001713,SUP-0087,CON-0087,2026-01-11,INR,34688.39,OPEN
PO-001714,SUP-0119,CON-0119,2026-06-01,INR,116465.03,OPEN
PO-001715,SUP-0039,CON-0039,2026-04-20,GBP,1747.12,OPEN
PO-001716,SUP-0063,CON-0063,2026-03-28,INR,102873.82,OPEN
PO-001717,SUP-0047,CON-0047,2026-04-04,INR,142093.76,OPEN
PO-001718,SUP-0036,CON-0036,2026-07-31,INR,8094.72,OPEN
PO-001719,SUP-0120,CON-0120,2026-02-21,USD,2502.83,OPEN
PO-001720,SUP-0035,CON-0138,2026-05-09,EUR,105702.37,OPEN
PO-001721,SUP-0073,CON-0073,2026-05-08,GBP,91591.01,OPEN
PO-001722,SUP-0071,CON-0071,2026-02-02,INR,36122.1,OPEN
PO-001723,SUP-0103,CON-0103,2026-01-22,GBP,42722.15,OPEN
PO-001724,SUP-0102,CON-0102,2026-08-23,GBP,27936.02,OPEN
PO-001725,SUP-0089,CON-0089,2026-02-15,INR,45406.68,OPEN
PO-001726,SUP-0047,CON-0047,2026-01-29,INR,50964.99,OPEN
PO-001727,SUP-0075,CON-0075,2026-01-13,GBP,94159.39,OPEN
PO-001728,SUP-0017,CON-0017,2026-03-08,INR,89287.95,OPEN
PO-001729,SUP-0019,CON-0019,2026-03-03,EUR,16755.61,OPEN
PO-001730,SUP-0068,CON-0068,2026-04-25,INR,120268.54,OPEN
PO-001731,SUP-0046,CON-0046,2026-08-09,USD,89471.71,OPEN
PO-001732,SUP-0019,CON-0019,2026-05-28,EUR,6171.37,OPEN
PO-001733,SUP-0080,CON-0080,2026-06-03,INR,21969.43,OPEN
PO-001734,SUP-0061,CON-0061,2026-03-27,EUR,68772.7,OPEN
PO-001735,SUP-0036,CON-0148,2026-03-05,GBP,94546.16,OPEN
PO-001736,SUP-0109,CON-0109,2026-02-09,EUR,44321.48,OPEN
PO-001737,SUP-0017,CON-0017,2026-07-30,INR,20244.32,OPEN
PO-001738,SUP-0069,CON-0069,2026-01-14,EUR,120693.79,OPEN
PO-001739,SUP-0044,CON-0044,2026-03-20,USD,11145.36,OPEN
PO-001740,SUP-0116,CON-0116,2026-03-31,EUR,107466.78,OPEN
PO-001741,SUP-0023,CON-0023,2026-03-13,EUR,61732.15,OPEN
PO-001742,SUP-0008,CON-0008,2026-06-05,EUR,84575.36,OPEN
PO-001743,SUP-0005,CON-0005,2026-01-12,USD,12257.76,OPEN
PO-001744,SUP-0053,CON-0053,2026-07-01,EUR,80580.69,OPEN
PO-001745,SUP-0045,CON-0045,2026-06-19,EUR,88886.2,OPEN
PO-001746,SUP-0059,CON-0059,2026-04-01,GBP,63286.26,OPEN
PO-001747,SUP-0053,CON-0053,2026-08-17,EUR,12374.9,OPEN
PO-001748,SUP-0045,CON-0045,2026-07-30,EUR,60624.52,OPEN
PO-001749,SUP-0068,CON-0068,2026-04-20,INR,50025.84,OPEN
PO-001750,SUP-0089,CON-0121,2026-01-28,GBP,88989.45,OPEN
PO-001751,SUP-0044,CON-0044,2026-06-01,USD,148886.57,OPEN
PO-001752,SUP-0081,CON-0137,2026-03-02,USD,78304.04,OPEN
PO-001753,SUP-0029,CON-0029,2026-01-08,USD,4971.34,OPEN
PO-001754,SUP-0041,CON-0041,2026-04-16,USD,113311.93,OPEN
PO-001755,SUP-0029,CON-0029,2026-01-10,USD,56155.91,OPEN
PO-001756,SUP-0091,CON-0091,2026-08-06,USD,27364.08,OPEN
PO-001757,SUP-0002,CON-0002,2026-02-10,USD,119987.09,OPEN
PO-001758,SUP-0039,CON-0039,2026-01-11,GBP,34341.38,OPEN
PO-001759,SUP-0081,CON-0081,2026-08-24,INR,39903.75,OPEN
PO-001760,SUP-0073,CON-0073,2026-08-01,GBP,15739.39,OPEN
PO-001761,SUP-0026,CON-0026,2026-05-13,GBP,15994.87,OPEN
PO-001762,SUP-0005,CON-0005,2026-04-17,USD,703.85,OPEN
PO-001763,SUP-0059,CON-0059,2026-01-18,GBP,3756.25,OPEN
PO-001764,SUP-0004,CON-0004,2026-02-24,GBP,128748.79,OPEN
PO-001765,SUP-0039,CON-0039,2026-01-02,GBP,125101.62,OPEN
PO-001766,SUP-0031,CON-0031,2026-06-25,GBP,125559.13,OPEN
PO-001767,SUP-0101,CON-0101,2026-02-12,EUR,48656.81,OPEN
PO-001768,SUP-0057,CON-0139,2026-05-14,GBP,60300.85,OPEN
PO-001769,SUP-0098,CON-0098,2026-06-17,USD,72330.49,OPEN
PO-001770,SUP-0091,CON-0091,2026-08-02,USD,8284.59,OPEN
PO-001771,SUP-0030,CON-0030,2026-06-20,GBP,99465.93,OPEN
PO-001772,SUP-0045,CON-0045,2026-07-04,EUR,58194.57,OPEN
PO-001773,SUP-0107,CON-0107,2026-08-10,EUR,72134.78,OPEN
PO-001774,SUP-0062,CON-0062,2026-07-31,GBP,48254.79,OPEN
PO-001775,SUP-0051,CON-0051,2026-08-28,GBP,131597.72,OPEN
PO-001776,SUP-0061,CON-0061,2026-07-05,EUR,81380.46,OPEN
PO-001777,SUP-0011,CON-0123,2026-04-19,USD,11533.04,OPEN
PO-001778,SUP-0107,CON-0107,2026-07-15,EUR,102219.68,OPEN
PO-001779,SUP-0018,CON-0018,2026-01-19,USD,115928.96,OPEN
PO-001780,SUP-0009,CON-0009,2026-08-01,EUR,4843.84,OPEN
PO-001781,SUP-0101,CON-0101,2026-07-02,EUR,85948.99,OPEN
PO-001782,SUP-0031,CON-0031,2026-05-30,GBP,39375.49,OPEN
PO-001783,SUP-0036,CON-0036,2026-07-25,INR,138308.32,OPEN
PO-001784,SUP-0077,CON-0077,2026-07-17,EUR,96226.1,OPEN
PO-001785,SUP-0050,CON-0050,2026-04-30,USD,25660.68,OPEN
PO-001786,SUP-0069,CON-0069,2026-02-14,EUR,93562.07,OPEN
PO-001787,SUP-0010,CON-0010,2026-05-03,INR,101474.17,OPEN
PO-001788,SUP-0070,CON-0070,2026-04-03,INR,59989.45,OPEN
PO-001789,SUP-0082,CON-0082,2026-05-11,GBP,70217.48,OPEN
PO-001790,SUP-0011,CON-0011,2026-06-12,GBP,66485.82,OPEN
PO-001791,SUP-0070,CON-0070,2026-03-06,INR,124525.86,OPEN
PO-001792,SUP-0005,CON-0005,2026-06-08,USD,45884.4,OPEN
PO-001793,SUP-0018,CON-0018,2026-03-03,USD,48674.7,OPEN
PO-001794,SUP-0104,CON-0104,2026-05-28,GBP,17651.84,OPEN
PO-001795,SUP-0079,CON-0079,2026-08-03,INR,83943.69,OPEN
PO-001796,SUP-0036,CON-0148,2026-01-17,GBP,141458.67,OPEN
PO-001797,SUP-0001,CON-0001,2026-06-25,EUR,82216.03,OPEN
PO-001798,SUP-0017,CON-0017,2026-01-25,INR,18292.79,OPEN
PO-001799,SUP-0090,CON-0090,2026-02-04,USD,99268.51,OPEN
PO-001800,SUP-0044,CON-0044,2026-06-02,USD,54937.79,OPEN
PO-001801,SUP-0065,CON-0122,2026-08-02,GBP,27645.76,OPEN
PO-001802,SUP-0117,CON-0117,2026-07-25,INR,135410.23,OPEN
PO-001803,SUP-0009,CON-0009,2026-07-31,EUR,135213.17,OPEN
PO-001804,SUP-0073,CON-0073,2026-04-24,GBP,48515.69,OPEN
PO-001805,SUP-0029,CON-0029,2026-07-01,USD,46164.8,OPEN
PO-001806,SUP-0024,CON-0024,2026-07-18,USD,31163.35,OPEN
PO-001807,SUP-0096,CON-0096,2026-07-07,EUR,125646.68,OPEN
PO-001808,SUP-0096,CON-0096,2026-08-14,EUR,124395.04,OPEN
PO-001809,SUP-0002,CON-0002,2026-05-01,USD,35963.18,OPEN
PO-001810,SUP-0082,CON-0082,2026-03-14,GBP,98301.73,OPEN
PO-001811,SUP-0058,CON-0058,2026-08-25,GBP,100953.7,OPEN
PO-001812,SUP-0113,CON-0113,2026-03-22,INR,98809.55,OPEN
PO-001813,SUP-0088,CON-0088,2026-07-06,EUR,28499.41,OPEN
PO-001814,SUP-0104,CON-0104,2026-03-14,GBP,93648.81,OPEN
PO-001815,SUP-0032,CON-0146,2026-03-22,EUR,55537.59,OPEN
PO-001816,SUP-0061,CON-0061,2026-01-19,EUR,29586.96,OPEN
PO-001817,SUP-0108,CON-0108,2026-03-25,USD,4934.73,OPEN
PO-001818,SUP-0084,CON-0084,2026-04-04,EUR,58237.39,OPEN
PO-001819,SUP-0064,CON-0064,2026-07-16,EUR,81070.57,OPEN
PO-001820,SUP-0005,CON-0005,2026-05-14,USD,27102.51,OPEN
PO-001821,SUP-0056,CON-0056,2026-01-07,GBP,137694.2,OPEN
PO-001822,SUP-0115,CON-0115,2026-08-22,EUR,17618.53,OPEN
PO-001823,SUP-0076,CON-0076,2026-07-09,USD,89642.18,OPEN
PO-001824,SUP-0006,CON-0006,2026-08-18,GBP,84104.23,OPEN
PO-001825,SUP-0080,CON-0080,2026-05-06,INR,110433.05,OPEN
PO-001826,SUP-0011,CON-0011,2026-04-18,GBP,146418.01,OPEN
PO-001827,SUP-0105,CON-0105,2026-06-15,GBP,64274.75,OPEN
PO-001828,SUP-0035,CON-0138,2026-03-23,EUR,72043.42,OPEN
PO-001829,SUP-0065,CON-0122,2026-08-24,GBP,23396.4,OPEN
PO-001830,SUP-0033,CON-0033,2026-04-23,USD,4513.45,OPEN
PO-001831,SUP-0002,CON-0002,2026-01-20,USD,103651.07,OPEN
PO-001832,SUP-0011,CON-0123,2026-07-22,USD,3191.86,OPEN
PO-001833,SUP-0022,CON-0022,2026-05-03,GBP,70367.22,OPEN
PO-001834,SUP-0029,CON-0029,2026-05-21,USD,87057.68,OPEN
PO-001835,SUP-0004,CON-0004,2026-01-04,GBP,56147.49,OPEN
PO-001836,SUP-0102,CON-0102,2026-03-10,GBP,97439.12,OPEN
PO-001837,SUP-0050,CON-0050,2026-06-21,USD,97442.7,OPEN
PO-001838,SUP-0099,CON-0099,2026-08-11,USD,66898.71,OPEN
PO-001839,SUP-0079,CON-0079,2026-05-13,INR,76616.42,OPEN
PO-001840,SUP-0043,CON-0043,2026-05-25,USD,92771.8,OPEN
PO-001841,SUP-0116,CON-0116,2026-01-24,EUR,103875.43,OPEN
PO-001842,SUP-0016,CON-0016,2026-01-14,USD,122900.77,OPEN
PO-001843,SUP-0045,CON-0045,2026-06-19,EUR,139897.91,OPEN
PO-001844,SUP-0078,CON-0078,2026-04-25,EUR,46104.54,OPEN
PO-001845,SUP-0064,CON-0064,2026-05-18,EUR,7589.18,OPEN
PO-001846,SUP-0043,CON-0131,2026-03-08,GBP,132579.91,OPEN
PO-001847,SUP-0119,CON-0119,2026-07-04,INR,140375.2,OPEN
PO-001848,SUP-0108,CON-0108,2026-07-21,USD,44543.59,OPEN
PO-001849,SUP-0067,CON-0067,2026-08-10,USD,47752.88,OPEN
PO-001850,SUP-0058,CON-0058,2026-03-03,GBP,37587.33,OPEN
PO-001851,SUP-0063,CON-0063,2026-05-23,INR,135659.79,OPEN
PO-001852,SUP-0088,CON-0088,2026-03-28,EUR,21356.72,OPEN
PO-001853,SUP-0108,CON-0108,2026-07-28,USD,92725.62,OPEN
PO-001854,SUP-0112,CON-0112,2026-04-08,EUR,78681.67,OPEN
PO-001855,SUP-0068,CON-0068,2026-07-09,INR,57118.5,OPEN
PO-001856,SUP-0096,CON-0096,2026-04-15,EUR,27708.51,OPEN
PO-001857,SUP-0110,CON-0110,2026-05-08,USD,96825.34,OPEN
PO-001858,SUP-0046,CON-0046,2026-02-25,USD,9603.9,OPEN
PO-001859,SUP-0093,CON-0093,2026-05-29,GBP,119466.69,OPEN
PO-001860,SUP-0072,CON-0072,2026-04-03,EUR,118412.89,OPEN
PO-001861,SUP-0027,CON-0027,2026-07-02,EUR,27158.21,OPEN
PO-001862,SUP-0115,CON-0115,2026-03-03,EUR,101769.84,OPEN
PO-001863,SUP-0017,CON-0017,2026-02-27,INR,128988.47,OPEN
PO-001864,SUP-0111,CON-0111,2026-02-06,GBP,81873.11,OPEN
PO-001865,SUP-0052,CON-0052,2026-01-06,EUR,19830.41,OPEN
PO-001866,SUP-0004,CON-0140,2026-03-24,EUR,134534.36,OPEN
PO-001867,SUP-0115,CON-0115,2026-07-18,EUR,114016.46,OPEN
PO-001868,SUP-0006,CON-0006,2026-05-02,GBP,94785.92,OPEN
PO-001869,SUP-0075,CON-0075,2026-07-17,GBP,65757.95,OPEN
PO-001870,SUP-0106,CON-0106,2026-04-03,USD,107905.3,OPEN
PO-001871,SUP-0039,CON-0039,2026-01-03,GBP,13408.41,OPEN
PO-001872,SUP-0091,CON-0091,2026-05-02,USD,10764.27,OPEN
PO-001873,SUP-0029,CON-0029,2026-01-24,USD,43854.87,OPEN
PO-001874,SUP-0092,CON-0092,2026-05-29,INR,57287.0,OPEN
PO-001875,SUP-0072,CON-0072,2026-01-25,EUR,66619.16,OPEN
PO-001876,SUP-0089,CON-0089,2026-06-08,INR,17715.15,OPEN
PO-001877,SUP-0061,CON-0061,2026-03-30,EUR,9175.69,OPEN
PO-001878,SUP-0041,CON-0041,2026-08-05,USD,145671.15,OPEN
PO-001879,SUP-0089,CON-0121,2026-01-16,GBP,4877.09,OPEN
PO-001880,SUP-0028,CON-0028,2026-07-24,INR,113019.11,OPEN
PO-001881,SUP-0088,CON-0088,2026-05-21,EUR,141859.81,OPEN
PO-001882,SUP-0070,CON-0070,2026-05-21,INR,106709.98,OPEN
PO-001883,SUP-0056,CON-0056,2026-07-02,GBP,40229.47,OPEN
PO-001884,SUP-0114,CON-0114,2026-05-28,EUR,66618.61,OPEN
PO-001885,SUP-0001,CON-0001,2026-01-29,EUR,112519.86,OPEN
PO-001886,SUP-0016,CON-0016,2026-03-20,USD,58313.21,OPEN
PO-001887,SUP-0044,CON-0044,2026-04-08,USD,145716.46,OPEN
PO-001888,SUP-0104,CON-0104,2026-02-20,GBP,43865.14,OPEN
PO-001889,SUP-0020,CON-0020,2026-07-18,EUR,22900.45,OPEN
PO-001890,SUP-0034,CON-0034,2026-07-19,GBP,107562.33,OPEN
PO-001891,SUP-0105,CON-0105,2026-01-09,GBP,2831.56,OPEN
PO-001892,SUP-0037,CON-0150,2026-04-20,INR,86623.62,OPEN
PO-001893,SUP-0002,CON-0002,2026-04-17,USD,145043.11,OPEN
PO-001894,SUP-0117,CON-0117,2026-07-03,INR,14118.91,OPEN
PO-001895,SUP-0014,CON-0014,2026-06-24,INR,106959.37,OPEN
PO-001896,SUP-0041,CON-0041,2026-07-18,USD,22887.87,OPEN
PO-001897,SUP-0085,CON-0085,2026-01-13,EUR,137786.44,OPEN
PO-001898,SUP-0087,CON-0087,2026-01-19,INR,139887.82,OPEN
PO-001899,SUP-0103,CON-0103,2026-02-14,GBP,109852.44,OPEN
PO-001900,SUP-0023,CON-0023,2026-08-27,EUR,14673.62,OPEN
PO-001901,SUP-0074,CON-0074,2026-06-07,EUR,61660.38,OPEN
PO-001902,SUP-0107,CON-0107,2026-02-18,EUR,102588.41,OPEN
PO-001903,SUP-0063,CON-0063,2026-05-16,INR,94911.29,OPEN
PO-001904,SUP-0079,CON-0079,2026-03-30,INR,9360.14,OPEN
PO-001905,SUP-0021,CON-0021,2026-04-25,GBP,149691.38,OPEN
PO-001906,SUP-0085,CON-0132,2026-03-30,GBP,26188.66,OPEN
PO-001907,SUP-0052,CON-0052,2026-04-05,EUR,18764.66,OPEN
PO-001908,SUP-0025,CON-0025,2026-05-07,USD,65454.09,OPEN
PO-001909,SUP-0027,CON-0027,2026-01-10,EUR,35345.1,OPEN
PO-001910,SUP-0081,CON-0081,2026-05-17,INR,42499.15,OPEN
PO-001911,SUP-0035,CON-0138,2026-02-26,EUR,66263.28,OPEN
PO-001912,SUP-0070,CON-0070,2026-08-17,INR,146597.9,OPEN
PO-001913,SUP-0004,CON-0140,2026-02-22,EUR,107136.63,OPEN
PO-001914,SUP-0068,CON-0068,2026-06-12,INR,120516.94,OPEN
PO-001915,SUP-0003,CON-0003,2026-02-12,EUR,14643.16,OPEN
PO-001916,SUP-0052,CON-0052,2026-04-14,EUR,97111.74,OPEN
PO-001917,SUP-0030,CON-0030,2026-02-17,GBP,46907.72,OPEN
PO-001918,SUP-0001,CON-0001,2026-05-23,EUR,84650.89,OPEN
PO-001919,SUP-0095,CON-0095,2026-01-05,GBP,99496.89,OPEN
PO-001920,SUP-0022,CON-0022,2026-03-14,GBP,137759.56,OPEN
PO-001921,SUP-0071,CON-0071,2026-04-12,INR,108139.62,OPEN
PO-001922,SUP-0064,CON-0064,2026-08-24,EUR,62517.63,OPEN
PO-001923,SUP-0092,CON-0092,2026-04-18,INR,65581.7,OPEN
PO-001924,SUP-0045,CON-0045,2026-05-22,EUR,29111.68,OPEN
PO-001925,SUP-0051,CON-0051,2026-07-11,GBP,48843.83,OPEN
PO-001926,SUP-0100,CON-0100,2026-04-02,EUR,38044.73,OPEN
PO-001927,SUP-0027,CON-0027,2026-08-11,EUR,46896.03,OPEN
PO-001928,SUP-0023,CON-0023,2026-07-27,EUR,51035.37,OPEN
PO-001929,SUP-0105,CON-0105,2026-05-12,GBP,47412.4,OPEN
PO-001930,SUP-0002,CON-0002,2026-08-13,USD,132699.49,OPEN
PO-001931,SUP-0096,CON-0096,2026-06-03,EUR,44632.94,OPEN
PO-001932,SUP-0053,CON-0053,2026-01-21,EUR,75499.12,OPEN
PO-001933,SUP-0079,CON-0079,2026-06-02,INR,127678.12,OPEN
PO-001934,SUP-0046,CON-0046,2026-02-04,USD,6792.64,OPEN
PO-001935,SUP-0120,CON-0144,2026-05-07,INR,54800.71,OPEN
PO-001936,SUP-0055,CON-0055,2026-05-06,USD,101229.25,OPEN
PO-001937,SUP-0070,CON-0070,2026-08-19,INR,18655.1,OPEN
PO-001938,SUP-0099,CON-0099,2026-05-29,USD,108236.17,OPEN
PO-001939,SUP-0105,CON-0105,2026-06-03,GBP,64855.98,OPEN
PO-001940,SUP-0111,CON-0111,2026-03-15,GBP,54216.88,OPEN
PO-001941,SUP-0101,CON-0101,2026-07-18,EUR,15931.18,OPEN
PO-001942,SUP-0042,CON-0134,2026-03-13,GBP,85122.85,OPEN
PO-001943,SUP-0107,CON-0107,2026-04-16,EUR,124240.52,OPEN
PO-001944,SUP-0011,CON-0123,2026-02-06,USD,99940.76,OPEN
PO-001945,SUP-0011,CON-0123,2026-02-19,USD,7211.99,OPEN
PO-001946,SUP-0101,CON-0101,2026-02-03,EUR,91508.17,OPEN
PO-001947,SUP-0016,CON-0143,2026-04-05,EUR,57082.6,OPEN
PO-001948,SUP-0107,CON-0107,2026-01-01,EUR,78389.33,OPEN
PO-001949,SUP-0043,CON-0131,2026-08-01,GBP,93739.6,OPEN
PO-001950,SUP-0118,CON-0118,2026-08-16,USD,111753.46,OPEN
PO-001951,SUP-0020,CON-0020,2026-01-12,EUR,113570.58,OPEN
PO-001952,SUP-0063,CON-0063,2026-05-09,INR,16802.87,OPEN
PO-001953,SUP-0053,CON-0053,2026-04-29,EUR,78138.08,OPEN
PO-001954,SUP-0028,CON-0028,2026-05-09,INR,78640.43,OPEN
PO-001955,SUP-0015,CON-0015,2026-08-19,EUR,70158.19,OPEN
PO-001956,SUP-0047,CON-0047,2026-05-22,INR,110564.4,OPEN
PO-001957,SUP-0093,CON-0093,2026-01-15,GBP,94052.43,OPEN
PO-001958,SUP-0051,CON-0051,2026-01-25,GBP,98671.72,OPEN
PO-001959,SUP-0040,CON-0141,2026-08-27,USD,31108.88,OPEN
PO-001960,SUP-0029,CON-0029,2026-03-19,USD,90163.44,OPEN
PO-001961,SUP-0091,CON-0091,2026-01-30,USD,55270.23,OPEN
PO-001962,SUP-0034,CON-0034,2026-08-26,GBP,132034.52,OPEN
PO-001963,SUP-0059,CON-0059,2026-02-26,GBP,60702.05,OPEN
PO-001964,SUP-0075,CON-0075,2026-08-08,GBP,128531.55,OPEN
PO-001965,SUP-0109,CON-0109,2026-08-21,EUR,45254.97,OPEN
PO-001966,SUP-0104,CON-0104,2026-05-29,GBP,131803.08,OPEN
PO-001967,SUP-0020,CON-0020,2026-02-16,EUR,18193.58,OPEN
PO-001968,SUP-0013,CON-0013,2026-06-26,INR,61910.07,OPEN
PO-001969,SUP-0044,CON-0044,2026-02-15,USD,73584.74,OPEN
PO-001970,SUP-0100,CON-0100,2026-05-21,EUR,98027.41,OPEN
PO-001971,SUP-0047,CON-0047,2026-01-09,INR,14549.54,OPEN
PO-001972,SUP-0053,CON-0053,2026-05-08,EUR,92961.95,OPEN
PO-001973,SUP-0074,CON-0074,2026-03-29,EUR,147195.52,OPEN
PO-001974,SUP-0050,CON-0050,2026-02-16,USD,146682.34,OPEN
PO-001975,SUP-0056,CON-0056,2026-02-27,GBP,101356.7,OPEN
PO-001976,SUP-0080,CON-0080,2026-02-10,INR,115349.01,OPEN
PO-001977,SUP-0089,CON-0121,2026-07-13,GBP,9894.06,OPEN
PO-001978,SUP-0051,CON-0051,2026-06-18,GBP,63932.41,OPEN
PO-001979,SUP-0092,CON-0092,2026-03-06,INR,4015.93,OPEN
PO-001980,SUP-0041,CON-0041,2026-06-14,USD,93749.65,OPEN
PO-001981,SUP-0111,CON-0111,2026-07-17,GBP,145191.69,OPEN
PO-001982,SUP-0049,CON-0049,2026-07-09,INR,78966.82,OPEN
PO-001983,SUP-0103,CON-0103,2026-01-23,GBP,53086.35,OPEN
PO-001984,SUP-0030,CON-0030,2026-06-11,GBP,87423.17,OPEN
PO-001985,SUP-0032,CON-0032,2026-08-06,USD,128638.2,OPEN
PO-001986,SUP-0103,CON-0103,2026-06-24,GBP,131140.94,OPEN
PO-001987,SUP-0113,CON-0113,2026-05-02,INR,85084.33,OPEN
PO-001988,SUP-0058,CON-0058,2026-03-11,GBP,106019.27,OPEN
PO-001989,SUP-0093,CON-0093,2026-08-09,GBP,79414.67,OPEN
PO-001990,SUP-0033,CON-0033,2026-06-03,USD,96868.87,OPEN
PO-001991,SUP-0058,CON-0058,2026-03-27,GBP,137541.63,OPEN
PO-001992,SUP-0109,CON-0109,2026-01-31,EUR,133023.93,OPEN
PO-001993,SUP-0067,CON-0127,2026-04-29,GBP,32353.48,OPEN
PO-001994,SUP-0071,CON-0071,2026-07-22,INR,99651.43,OPEN
PO-001995,SUP-0026,CON-0026,2026-06-10,GBP,5534.31,OPEN
PO-001996,SUP-0003,CON-0003,2026-08-22,EUR,37260.21,OPEN
PO-001997,SUP-0016,CON-0016,2026-08-10,USD,146215.24,OPEN
PO-001998,SUP-0018,CON-0018,2026-07-14,USD,149508.2,OPEN
PO-001999,SUP-0068,CON-0068,2026-07-01,INR,67518.98,OPEN
PO-002000,SUP-0098,CON-0098,2026-04-22,USD,139803.75,OPEN
PO-002001,SUP-0006,CON-0006,2026-01-14,GBP,140560.61,OPEN
PO-002002,SUP-0066,CON-0066,2026-06-17,GBP,38668.5,OPEN
PO-002003,SUP-0010,CON-0010,2026-05-10,INR,113616.52,OPEN
PO-002004,SUP-0074,CON-0074,2026-04-05,EUR,42938.84,OPEN
PO-002005,SUP-0005,CON-0005,2026-05-07,USD,9787.57,OPEN
PO-002006,SUP-0044,CON-0044,2026-06-18,USD,126895.42,OPEN
PO-002007,SUP-0034,CON-0034,2026-04-07,GBP,45518.31,OPEN
PO-002008,SUP-0089,CON-0089,2026-03-12,INR,15931.24,OPEN
PO-002009,SUP-0031,CON-0031,2026-04-01,GBP,53669.14,OPEN
PO-002010,SUP-0106,CON-0106,2026-07-14,USD,1662.89,OPEN
PO-002011,SUP-0011,CON-0123,2026-01-23,USD,55898.24,OPEN
PO-002012,SUP-0048,CON-0048,2026-07-22,USD,114489.52,OPEN
PO-002013,SUP-0006,CON-0006,2026-04-14,GBP,43112.8,OPEN
PO-002014,SUP-0117,CON-0117,2026-06-20,INR,100532.13,OPEN
PO-002015,SUP-0070,CON-0070,2026-03-18,INR,77119.29,OPEN
PO-002016,SUP-0040,CON-0141,2026-08-06,USD,4982.92,OPEN
PO-002017,SUP-0067,CON-0067,2026-06-24,USD,104111.96,OPEN
PO-002018,SUP-0043,CON-0130,2026-04-14,USD,46987.38,OPEN
PO-002019,SUP-0035,CON-0138,2026-04-10,EUR,63035.77,OPEN
PO-002020,SUP-0032,CON-0032,2026-03-10,USD,57864.45,OPEN
PO-002021,SUP-0050,CON-0050,2026-02-22,USD,77444.83,OPEN
PO-002022,SUP-0084,CON-0084,2026-07-31,EUR,120270.71,OPEN
PO-002023,SUP-0022,CON-0022,2026-01-10,GBP,55462.94,OPEN
PO-002024,SUP-0092,CON-0092,2026-08-10,INR,55614.47,OPEN
PO-002025,SUP-0048,CON-0048,2026-03-02,USD,33957.82,OPEN
PO-002026,SUP-0107,CON-0107,2026-07-01,EUR,84616.87,OPEN
PO-002027,SUP-0047,CON-0047,2026-02-02,INR,90669.26,OPEN
PO-002028,SUP-0055,CON-0055,2026-01-29,USD,120365.09,OPEN
PO-002029,SUP-0002,CON-0002,2026-08-18,USD,133472.0,OPEN
PO-002030,SUP-0106,CON-0106,2026-01-29,USD,42736.18,OPEN
PO-002031,SUP-0103,CON-0103,2026-02-15,GBP,62358.28,OPEN
PO-002032,SUP-0059,CON-0133,2026-03-26,INR,51086.63,OPEN
PO-002033,SUP-0001,CON-0001,2026-04-29,EUR,143561.41,OPEN
PO-002034,SUP-0074,CON-0074,2026-07-14,EUR,104591.13,OPEN
PO-002035,SUP-0094,CON-0094,2026-01-21,USD,130695.49,OPEN
PO-002036,SUP-0051,CON-0051,2026-04-16,GBP,112606.49,OPEN
PO-002037,SUP-0078,CON-0078,2026-02-18,EUR,43022.76,OPEN
PO-002038,SUP-0025,CON-0147,2026-06-29,EUR,130641.29,OPEN
PO-002039,SUP-0105,CON-0105,2026-03-29,GBP,105712.67,OPEN
PO-002040,SUP-0049,CON-0049,2026-04-06,INR,6003.11,OPEN
PO-002041,SUP-0004,CON-0140,2026-07-05,EUR,45346.64,OPEN
PO-002042,SUP-0074,CON-0126,2026-04-11,EUR,27399.03,OPEN
PO-002043,SUP-0111,CON-0111,2026-07-09,GBP,18072.25,OPEN
PO-002044,SUP-0119,CON-0119,2026-04-30,INR,123580.45,OPEN
PO-002045,SUP-0090,CON-0090,2026-05-10,USD,19851.6,OPEN
PO-002046,SUP-0117,CON-0117,2026-03-20,INR,65385.11,OPEN
PO-002047,SUP-0103,CON-0103,2026-07-07,GBP,79831.7,OPEN
PO-002048,SUP-0016,CON-0016,2026-07-07,USD,17394.34,OPEN
PO-002049,SUP-0069,CON-0069,2026-04-06,EUR,58300.97,OPEN
PO-002050,SUP-0079,CON-0079,2026-01-16,INR,104705.73,OPEN
PO-002051,SUP-0032,CON-0146,2026-05-23,EUR,32904.06,OPEN
PO-002052,SUP-0062,CON-0062,2026-01-30,GBP,28351.34,OPEN
PO-002053,SUP-0116,CON-0116,2026-07-23,EUR,37022.11,OPEN
PO-002054,SUP-0027,CON-0027,2026-03-05,EUR,75684.19,OPEN
PO-002055,SUP-0019,CON-0019,2026-02-10,EUR,7999.49,OPEN
PO-002056,SUP-0058,CON-0058,2026-04-17,GBP,28374.77,OPEN
PO-002057,SUP-0042,CON-0042,2026-04-13,USD,86108.19,OPEN
PO-002058,SUP-0100,CON-0100,2026-03-08,EUR,93523.95,OPEN
PO-002059,SUP-0032,CON-0146,2026-04-25,EUR,145684.03,OPEN
PO-002060,SUP-0005,CON-0005,2026-03-18,USD,68979.31,OPEN
PO-002061,SUP-0050,CON-0050,2026-03-19,USD,124909.38,OPEN
PO-002062,SUP-0073,CON-0073,2026-01-02,GBP,73783.62,OPEN
PO-002063,SUP-0100,CON-0100,2026-01-28,EUR,58981.84,OPEN
PO-002064,SUP-0063,CON-0063,2026-04-13,INR,10572.56,OPEN
PO-002065,SUP-0068,CON-0068,2026-03-11,INR,18716.04,OPEN
PO-002066,SUP-0116,CON-0116,2026-06-28,EUR,113973.17,OPEN
PO-002067,SUP-0071,CON-0071,2026-05-25,INR,9401.9,OPEN
PO-002068,SUP-0075,CON-0075,2026-05-09,GBP,17379.01,OPEN
PO-002069,SUP-0116,CON-0116,2026-08-01,EUR,24762.35,OPEN
PO-002070,SUP-0080,CON-0080,2026-06-29,INR,46429.94,OPEN
PO-002071,SUP-0089,CON-0089,2026-08-21,INR,145016.19,OPEN
PO-002072,SUP-0046,CON-0046,2026-08-01,USD,131734.43,OPEN
PO-002073,SUP-0051,CON-0051,2026-08-02,GBP,12710.13,OPEN
PO-002074,SUP-0103,CON-0103,2026-07-28,GBP,67504.19,OPEN
PO-002075,SUP-0097,CON-0097,2026-06-13,GBP,106058.84,OPEN
PO-002076,SUP-0113,CON-0113,2026-08-07,INR,11419.86,OPEN
PO-002077,SUP-0056,CON-0056,2026-06-01,GBP,27093.33,OPEN
PO-002078,SUP-0074,CON-0074,2026-08-21,EUR,57508.35,OPEN
PO-002079,SUP-0046,CON-0046,2026-07-17,USD,97740.59,OPEN
PO-002080,SUP-0093,CON-0093,2026-03-30,GBP,1522.06,OPEN
PO-002081,SUP-0071,CON-0071,2026-05-25,INR,42741.62,OPEN
PO-002082,SUP-0120,CON-0120,2026-07-27,USD,49140.58,OPEN
PO-002083,SUP-0036,CON-0036,2026-02-11,INR,135083.6,OPEN
PO-002084,SUP-0015,CON-0015,2026-01-07,EUR,89699.23,OPEN
PO-002085,SUP-0064,CON-0064,2026-02-06,EUR,35970.05,OPEN
PO-002086,SUP-0095,CON-0124,2026-08-13,INR,21284.68,OPEN
PO-002087,SUP-0032,CON-0146,2026-08-17,EUR,122603.03,OPEN
PO-002088,SUP-0069,CON-0069,2026-02-11,EUR,146111.36,OPEN
PO-002089,SUP-0065,CON-0065,2026-03-19,GBP,11832.51,OPEN
PO-002090,SUP-0067,CON-0127,2026-04-19,GBP,9870.83,OPEN
PO-002091,SUP-0040,CON-0141,2026-02-03,USD,16118.79,OPEN
PO-002092,SUP-0047,CON-0047,2026-07-10,INR,68554.64,OPEN
PO-002093,SUP-0097,CON-0097,2026-02-03,GBP,98712.02,OPEN
PO-002094,SUP-0069,CON-0069,2026-06-07,EUR,68742.49,OPEN
PO-002095,SUP-0047,CON-0047,2026-05-31,INR,38310.44,OPEN
PO-002096,SUP-0066,CON-0066,2026-06-08,GBP,29309.51,OPEN
PO-002097,SUP-0041,CON-0041,2026-01-08,USD,141501.72,OPEN
PO-002098,SUP-0046,CON-0046,2026-07-04,USD,50818.07,OPEN
PO-002099,SUP-0095,CON-0095,2026-04-27,GBP,117054.09,OPEN
PO-002100,SUP-0115,CON-0115,2026-01-25,EUR,141420.31,OPEN
PO-002101,SUP-0008,CON-0008,2026-05-25,EUR,82517.79,OPEN
PO-002102,SUP-0060,CON-0060,2026-03-01,GBP,36707.03,OPEN
PO-002103,SUP-0097,CON-0097,2026-06-13,GBP,116481.91,OPEN
PO-002104,SUP-0021,CON-0021,2026-04-30,GBP,3838.52,OPEN
PO-002105,SUP-0055,CON-0055,2026-03-04,USD,20816.96,OPEN
PO-002106,SUP-0035,CON-0035,2026-08-20,GBP,113959.91,OPEN
PO-002107,SUP-0018,CON-0018,2026-01-24,USD,131363.21,OPEN
PO-002108,SUP-0082,CON-0082,2026-01-08,GBP,57187.53,OPEN
PO-002109,SUP-0101,CON-0101,2026-04-03,EUR,130735.92,OPEN
PO-002110,SUP-0101,CON-0101,2026-06-17,EUR,147956.76,OPEN
PO-002111,SUP-0053,CON-0053,2026-05-17,EUR,41644.22,OPEN
PO-002112,SUP-0005,CON-0005,2026-07-24,USD,29129.83,OPEN
PO-002113,SUP-0044,CON-0044,2026-08-26,USD,120976.82,OPEN
PO-002114,SUP-0104,CON-0104,2026-04-03,GBP,39257.43,OPEN
PO-002115,SUP-0100,CON-0100,2026-05-25,EUR,58882.49,OPEN
PO-002116,SUP-0056,CON-0056,2026-04-09,GBP,85460.86,OPEN
PO-002117,SUP-0064,CON-0064,2026-06-01,EUR,34566.56,OPEN
PO-002118,SUP-0094,CON-0094,2026-06-04,USD,65542.05,OPEN
PO-002119,SUP-0100,CON-0100,2026-02-25,EUR,20188.59,OPEN
PO-002120,SUP-0072,CON-0072,2026-02-09,EUR,103009.02,OPEN
PO-002121,SUP-0093,CON-0093,2026-05-07,GBP,106589.77,OPEN
PO-002122,SUP-0077,CON-0077,2026-04-11,EUR,129443.3,OPEN
PO-002123,SUP-0016,CON-0016,2026-03-31,USD,1479.19,OPEN
PO-002124,SUP-0102,CON-0102,2026-04-24,GBP,117086.64,OPEN
PO-002125,SUP-0024,CON-0024,2026-07-31,USD,143798.27,OPEN
PO-002126,SUP-0057,CON-0057,2026-01-18,INR,38990.22,OPEN
PO-002127,SUP-0029,CON-0029,2026-06-20,USD,121580.04,OPEN
PO-002128,SUP-0109,CON-0109,2026-01-27,EUR,147369.61,OPEN
PO-002129,SUP-0078,CON-0078,2026-05-15,EUR,22831.95,OPEN
PO-002130,SUP-0004,CON-0140,2026-01-22,EUR,130775.95,OPEN
PO-002131,SUP-0067,CON-0127,2026-03-31,GBP,17690.68,OPEN
PO-002132,SUP-0007,CON-0136,2026-05-12,INR,93978.38,OPEN
PO-002133,SUP-0023,CON-0023,2026-04-11,EUR,62139.07,OPEN
PO-002134,SUP-0117,CON-0117,2026-02-07,INR,16353.81,OPEN
PO-002135,SUP-0115,CON-0115,2026-05-25,EUR,76856.08,OPEN
PO-002136,SUP-0080,CON-0080,2026-06-17,INR,87070.02,OPEN
PO-002137,SUP-0046,CON-0046,2026-08-26,USD,134131.05,OPEN
PO-002138,SUP-0056,CON-0056,2026-07-13,GBP,8001.05,OPEN
PO-002139,SUP-0010,CON-0010,2026-08-07,INR,37750.63,OPEN
PO-002140,SUP-0070,CON-0070,2026-08-13,INR,130911.87,OPEN
PO-002141,SUP-0044,CON-0044,2026-02-02,USD,88451.87,OPEN
PO-002142,SUP-0007,CON-0136,2026-07-07,INR,88892.34,OPEN
PO-002143,SUP-0091,CON-0091,2026-07-24,USD,45507.09,OPEN
PO-002144,SUP-0065,CON-0122,2026-08-14,GBP,35463.05,OPEN
PO-002145,SUP-0107,CON-0107,2026-02-01,EUR,47449.47,OPEN
PO-002146,SUP-0038,CON-0038,2026-05-11,INR,39155.84,OPEN
PO-002147,SUP-0048,CON-0048,2026-06-17,USD,60400.41,OPEN
PO-002148,SUP-0043,CON-0130,2026-08-26,USD,28164.29,OPEN
PO-002149,SUP-0039,CON-0039,2026-02-06,GBP,25408.39,OPEN
PO-002150,SUP-0022,CON-0022,2026-07-20,GBP,102076.07,OPEN
PO-002151,SUP-0032,CON-0032,2026-02-19,USD,13799.82,OPEN
PO-002152,SUP-0033,CON-0033,2026-03-29,USD,78699.0,OPEN
PO-002153,SUP-0045,CON-0045,2026-07-01,EUR,143077.95,OPEN
PO-002154,SUP-0056,CON-0056,2026-06-18,GBP,148057.69,OPEN
PO-002155,SUP-0076,CON-0076,2026-04-11,USD,120355.29,OPEN
PO-002156,SUP-0094,CON-0094,2026-01-24,USD,121991.62,OPEN
PO-002157,SUP-0070,CON-0070,2026-02-10,INR,15578.46,OPEN
PO-002158,SUP-0116,CON-0116,2026-07-07,EUR,119578.2,OPEN
PO-002159,SUP-0005,CON-0005,2026-03-15,USD,28697.28,OPEN
PO-002160,SUP-0115,CON-0115,2026-01-16,EUR,21600.93,OPEN
PO-002161,SUP-0078,CON-0078,2026-01-07,EUR,21387.22,OPEN
PO-002162,SUP-0002,CON-0002,2026-05-04,USD,14880.79,OPEN
PO-002163,SUP-0044,CON-0044,2026-04-23,USD,59976.62,OPEN
PO-002164,SUP-0060,CON-0060,2026-02-16,GBP,136416.04,OPEN
PO-002165,SUP-0082,CON-0082,2026-05-26,GBP,8055.61,OPEN
PO-002166,SUP-0015,CON-0015,2026-04-24,EUR,52322.29,OPEN
PO-002167,SUP-0077,CON-0077,2026-01-12,EUR,1076.36,OPEN
PO-002168,SUP-0019,CON-0019,2026-06-26,EUR,114142.04,OPEN
PO-002169,SUP-0092,CON-0092,2026-03-23,INR,24002.98,OPEN
PO-002170,SUP-0014,CON-0014,2026-06-04,INR,137442.27,OPEN
PO-002171,SUP-0037,CON-0150,2026-04-05,INR,82953.56,OPEN
PO-002172,SUP-0043,CON-0130,2026-07-11,USD,61917.37,OPEN
PO-002173,SUP-0046,CON-0046,2026-08-22,USD,87197.42,OPEN
PO-002174,SUP-0114,CON-0114,2026-03-25,EUR,14340.89,OPEN
PO-002175,SUP-0037,CON-0037,2026-08-28,EUR,64731.74,OPEN
PO-002176,SUP-0029,CON-0029,2026-02-09,USD,27251.21,OPEN
PO-002177,SUP-0040,CON-0040,2026-06-05,USD,23347.94,OPEN
PO-002178,SUP-0072,CON-0072,2026-01-07,EUR,69399.36,OPEN
PO-002179,SUP-0020,CON-0020,2026-03-19,EUR,60186.17,OPEN
PO-002180,SUP-0043,CON-0131,2026-04-20,GBP,25192.52,OPEN
PO-002181,SUP-0063,CON-0063,2026-06-11,INR,141849.14,OPEN
PO-002182,SUP-0113,CON-0113,2026-04-17,INR,59964.76,OPEN
PO-002183,SUP-0061,CON-0061,2026-03-11,EUR,145793.57,OPEN
PO-002184,SUP-0080,CON-0080,2026-04-17,INR,120100.31,OPEN
PO-002185,SUP-0095,CON-0095,2026-03-10,GBP,70602.94,OPEN
PO-002186,SUP-0021,CON-0021,2026-01-20,GBP,58140.58,OPEN
PO-002187,SUP-0087,CON-0087,2026-03-16,INR,115319.49,OPEN
PO-002188,SUP-0016,CON-0143,2026-05-04,EUR,28501.01,OPEN
PO-002189,SUP-0052,CON-0052,2026-01-02,EUR,105023.86,OPEN
PO-002190,SUP-0038,CON-0038,2026-05-16,INR,36149.47,OPEN
PO-002191,SUP-0069,CON-0069,2026-08-20,EUR,5460.22,OPEN
PO-002192,SUP-0120,CON-0149,2026-02-21,INR,42813.32,OPEN
PO-002193,SUP-0023,CON-0023,2026-06-28,EUR,11873.94,OPEN
PO-002194,SUP-0114,CON-0114,2026-01-23,EUR,33426.26,OPEN
PO-002195,SUP-0053,CON-0053,2026-06-03,EUR,1555.37,OPEN
PO-002196,SUP-0097,CON-0097,2026-04-21,GBP,66642.31,OPEN
PO-002197,SUP-0037,CON-0037,2026-04-03,EUR,118895.16,OPEN
PO-002198,SUP-0053,CON-0053,2026-04-25,EUR,9811.57,OPEN
PO-002199,SUP-0120,CON-0149,2026-03-01,INR,48628.64,OPEN
PO-002200,SUP-0083,CON-0083,2026-03-04,INR,139512.18,OPEN
PO-002201,SUP-0012,CON-0125,2026-01-17,USD,124049.35,OPEN
PO-002202,SUP-0010,CON-0010,2026-04-04,INR,4905.8,OPEN
PO-002203,SUP-0082,CON-0082,2026-08-08,GBP,142669.06,OPEN
PO-002204,SUP-0046,CON-0046,2026-05-26,USD,65626.72,OPEN
PO-002205,SUP-0106,CON-0106,2026-06-28,USD,61327.72,OPEN
PO-002206,SUP-0010,CON-0010,2026-08-11,INR,142170.66,OPEN
PO-002207,SUP-0112,CON-0112,2026-04-23,EUR,69337.1,OPEN
PO-002208,SUP-0064,CON-0064,2026-04-28,EUR,143618.86,OPEN
PO-002209,SUP-0074,CON-0126,2026-06-20,EUR,63841.35,OPEN
PO-002210,SUP-0054,CON-0145,2026-04-14,GBP,25320.23,OPEN
PO-002211,SUP-0012,CON-0129,2026-04-12,INR,103612.16,OPEN
PO-002212,SUP-0035,CON-0138,2026-04-03,EUR,119982.29,OPEN
PO-002213,SUP-0062,CON-0062,2026-02-12,GBP,114913.73,OPEN
PO-002214,SUP-0083,CON-0083,2026-08-19,INR,38125.46,OPEN
PO-002215,SUP-0104,CON-0104,2026-04-03,GBP,36359.89,OPEN
PO-002216,SUP-0084,CON-0084,2026-07-24,EUR,79590.32,OPEN
PO-002217,SUP-0069,CON-0069,2026-08-29,EUR,25614.67,OPEN
PO-002218,SUP-0002,CON-0002,2026-04-18,USD,110589.01,OPEN
PO-002219,SUP-0032,CON-0146,2026-08-22,EUR,46771.97,OPEN
PO-002220,SUP-0109,CON-0109,2026-04-23,EUR,12986.93,OPEN
PO-002221,SUP-0094,CON-0094,2026-01-21,USD,62589.58,OPEN
PO-002222,SUP-0114,CON-0114,2026-03-09,EUR,112256.16,OPEN
PO-002223,SUP-0005,CON-0005,2026-06-15,USD,10583.6,OPEN
PO-002224,SUP-0075,CON-0075,2026-02-13,GBP,78063.45,OPEN
PO-002225,SUP-0064,CON-0064,2026-05-28,EUR,70649.72,OPEN
PO-002226,SUP-0031,CON-0031,2026-07-26,GBP,65330.77,OPEN
PO-002227,SUP-0110,CON-0110,2026-02-24,USD,53905.34,OPEN
PO-002228,SUP-0003,CON-0003,2026-08-07,EUR,41974.75,OPEN
PO-002229,SUP-0042,CON-0134,2026-04-06,GBP,36440.21,OPEN
PO-002230,SUP-0063,CON-0063,2026-05-24,INR,121956.47,OPEN
PO-002231,SUP-0109,CON-0109,2026-01-22,EUR,99120.91,OPEN
PO-002232,SUP-0042,CON-0042,2026-02-23,USD,118087.45,OPEN
PO-002233,SUP-0054,CON-0145,2026-05-01,GBP,133396.9,OPEN
PO-002234,SUP-0096,CON-0096,2026-01-06,EUR,41032.37,OPEN
PO-002235,SUP-0058,CON-0058,2026-05-14,GBP,27343.94,OPEN
PO-002236,SUP-0032,CON-0032,2026-08-01,USD,110828.77,OPEN
PO-002237,SUP-0068,CON-0068,2026-03-05,INR,63236.06,OPEN
PO-002238,SUP-0118,CON-0118,2026-01-23,USD,33766.46,OPEN
PO-002239,SUP-0101,CON-0101,2026-04-27,EUR,36405.13,OPEN
PO-002240,SUP-0026,CON-0026,2026-07-17,GBP,110992.27,OPEN
PO-002241,SUP-0074,CON-0126,2026-04-06,EUR,31210.82,OPEN
PO-002242,SUP-0041,CON-0041,2026-07-11,USD,117927.15,OPEN
PO-002243,SUP-0018,CON-0018,2026-01-04,USD,58133.33,OPEN
PO-002244,SUP-0062,CON-0062,2026-02-10,GBP,16550.68,OPEN
PO-002245,SUP-0042,CON-0134,2026-08-24,GBP,25746.79,OPEN
PO-002246,SUP-0027,CON-0027,2026-04-29,EUR,115377.35,OPEN
PO-002247,SUP-0080,CON-0080,2026-07-11,INR,106176.94,OPEN
PO-002248,SUP-0039,CON-0039,2026-08-13,GBP,131889.14,OPEN
PO-002249,SUP-0087,CON-0087,2026-04-19,INR,73768.84,OPEN
PO-002250,SUP-0086,CON-0086,2026-04-29,GBP,72791.89,OPEN
PO-002251,SUP-0062,CON-0062,2026-08-04,GBP,27034.3,OPEN
PO-002252,SUP-0055,CON-0055,2026-05-14,USD,140362.77,OPEN
PO-002253,SUP-0054,CON-0054,2026-04-10,INR,38007.18,OPEN
PO-002254,SUP-0034,CON-0034,2026-08-27,GBP,11658.63,OPEN
PO-002255,SUP-0039,CON-0039,2026-05-27,GBP,113172.81,OPEN
PO-002256,SUP-0055,CON-0055,2026-02-04,USD,35641.57,OPEN
PO-002257,SUP-0097,CON-0097,2026-05-27,GBP,123911.55,OPEN
PO-002258,SUP-0023,CON-0023,2026-01-04,EUR,62277.59,OPEN
PO-002259,SUP-0061,CON-0061,2026-01-05,EUR,33091.24,OPEN
PO-002260,SUP-0066,CON-0066,2026-01-04,GBP,144818.59,OPEN
PO-002261,SUP-0004,CON-0004,2026-06-13,GBP,59000.39,OPEN
PO-002262,SUP-0086,CON-0086,2026-01-08,GBP,124974.14,OPEN
PO-002263,SUP-0054,CON-0145,2026-08-01,GBP,15172.48,OPEN
PO-002264,SUP-0059,CON-0059,2026-04-27,GBP,118558.11,OPEN
PO-002265,SUP-0076,CON-0076,2026-04-24,USD,74749.43,OPEN
PO-002266,SUP-0057,CON-0139,2026-08-03,GBP,52283.65,OPEN
PO-002267,SUP-0114,CON-0114,2026-05-25,EUR,46085.73,OPEN
PO-002268,SUP-0003,CON-0003,2026-07-01,EUR,134271.53,OPEN
PO-002269,SUP-0104,CON-0104,2026-08-25,GBP,17994.84,OPEN
PO-002270,SUP-0014,CON-0014,2026-06-21,INR,34846.22,OPEN
PO-002271,SUP-0029,CON-0029,2026-02-11,USD,141666.59,OPEN
PO-002272,SUP-0108,CON-0108,2026-05-31,USD,61501.74,OPEN
PO-002273,SUP-0077,CON-0077,2026-01-20,EUR,59174.28,OPEN
PO-002274,SUP-0109,CON-0109,2026-03-26,EUR,32245.61,OPEN
PO-002275,SUP-0088,CON-0088,2026-05-25,EUR,49502.99,OPEN
PO-002276,SUP-0067,CON-0127,2026-03-07,GBP,59177.0,OPEN
PO-002277,SUP-0041,CON-0041,2026-05-08,USD,10618.69,OPEN
PO-002278,SUP-0014,CON-0014,2026-08-20,INR,87647.23,OPEN
PO-002279,SUP-0073,CON-0073,2026-06-09,GBP,93915.88,OPEN
PO-002280,SUP-0005,CON-0005,2026-08-01,USD,25215.14,OPEN
PO-002281,SUP-0073,CON-0073,2026-05-21,GBP,33071.19,OPEN
PO-002282,SUP-0024,CON-0128,2026-07-12,GBP,57590.95,OPEN
PO-002283,SUP-0029,CON-0029,2026-07-31,USD,130134.73,OPEN
PO-002284,SUP-0068,CON-0068,2026-03-23,INR,120672.15,OPEN
PO-002285,SUP-0027,CON-0027,2026-01-04,EUR,57021.68,OPEN
PO-002286,SUP-0013,CON-0013,2026-03-22,INR,34717.48,OPEN
PO-002287,SUP-0084,CON-0084,2026-07-01,EUR,17319.03,OPEN
PO-002288,SUP-0061,CON-0061,2026-07-21,EUR,35217.41,OPEN
PO-002289,SUP-0064,CON-0064,2026-06-16,EUR,55556.26,OPEN
PO-002290,SUP-0009,CON-0009,2026-03-08,EUR,65370.73,OPEN
PO-002291,SUP-0089,CON-0089,2026-08-07,INR,31382.03,OPEN
PO-002292,SUP-0111,CON-0111,2026-07-04,GBP,70841.07,OPEN
PO-002293,SUP-0062,CON-0062,2026-07-05,GBP,120912.2,OPEN
PO-002294,SUP-0120,CON-0149,2026-02-27,INR,21354.94,OPEN
PO-002295,SUP-0114,CON-0114,2026-01-22,EUR,39561.19,OPEN
PO-002296,SUP-0026,CON-0026,2026-05-10,GBP,23024.06,OPEN
PO-002297,SUP-0055,CON-0055,2026-06-17,USD,21322.62,OPEN
PO-002298,SUP-0038,CON-0038,2026-03-18,INR,66018.97,OPEN
PO-002299,SUP-0102,CON-0102,2026-04-12,GBP,70291.19,OPEN
PO-002300,SUP-0040,CON-0040,2026-05-12,USD,123893.02,OPEN
PO-002301,SUP-0036,CON-0148,2026-08-03,GBP,48063.99,OPEN
PO-002302,SUP-0055,CON-0055,2026-01-10,USD,57706.14,OPEN
PO-002303,SUP-0038,CON-0038,2026-06-01,INR,3129.33,OPEN
PO-002304,SUP-0109,CON-0109,2026-08-21,EUR,11884.87,OPEN
PO-002305,SUP-0074,CON-0074,2026-03-30,EUR,40278.48,OPEN
PO-002306,SUP-0088,CON-0088,2026-07-13,EUR,26144.69,OPEN
PO-002307,SUP-0108,CON-0108,2026-04-22,USD,66953.73,OPEN
PO-002308,SUP-0118,CON-0118,2026-03-16,USD,113184.58,OPEN
PO-002309,SUP-0076,CON-0076,2026-02-05,USD,17044.07,OPEN
PO-002310,SUP-0114,CON-0114,2026-03-03,EUR,8599.45,OPEN
PO-002311,SUP-0062,CON-0062,2026-04-01,GBP,38905.16,OPEN
PO-002312,SUP-0106,CON-0106,2026-03-15,USD,83715.45,OPEN
PO-002313,SUP-0110,CON-0110,2026-06-19,USD,16318.24,OPEN
PO-002314,SUP-0074,CON-0074,2026-05-26,EUR,16529.62,OPEN
PO-002315,SUP-0100,CON-0100,2026-06-03,EUR,57064.91,OPEN
PO-002316,SUP-0094,CON-0094,2026-07-16,USD,44181.58,OPEN
PO-002317,SUP-0046,CON-0046,2026-07-22,USD,80255.02,OPEN
PO-002318,SUP-0015,CON-0015,2026-01-05,EUR,20941.49,OPEN
PO-002319,SUP-0034,CON-0034,2026-03-05,GBP,51076.3,OPEN
PO-002320,SUP-0045,CON-0045,2026-02-16,EUR,90213.17,OPEN
PO-002321,SUP-0035,CON-0138,2026-02-21,EUR,100958.36,OPEN
PO-002322,SUP-0050,CON-0050,2026-07-19,USD,139454.79,OPEN
PO-002323,SUP-0080,CON-0080,2026-08-16,INR,32579.26,OPEN
PO-002324,SUP-0060,CON-0060,2026-03-01,GBP,61821.93,OPEN
PO-002325,SUP-0057,CON-0139,2026-04-26,GBP,139990.17,OPEN
PO-002326,SUP-0108,CON-0108,2026-02-12,USD,127499.68,OPEN
PO-002327,SUP-0100,CON-0100,2026-08-13,EUR,55502.52,OPEN
PO-002328,SUP-0073,CON-0073,2026-05-07,GBP,3758.89,OPEN
PO-002329,SUP-0094,CON-0094,2026-03-21,USD,145364.2,OPEN
PO-002330,SUP-0074,CON-0074,2026-08-18,EUR,129637.34,OPEN
PO-002331,SUP-0046,CON-0046,2026-07-23,USD,64809.56,OPEN
PO-002332,SUP-0026,CON-0026,2026-04-15,GBP,102470.56,OPEN
PO-002333,SUP-0021,CON-0021,2026-06-26,GBP,44469.36,OPEN
PO-002334,SUP-0120,CON-0120,2026-08-06,USD,132632.16,OPEN
PO-002335,SUP-0066,CON-0066,2026-04-18,GBP,41270.02,OPEN
PO-002336,SUP-0056,CON-0056,2026-04-11,GBP,104208.85,OPEN
PO-002337,SUP-0102,CON-0102,2026-07-28,GBP,122184.18,OPEN
PO-002338,SUP-0090,CON-0090,2026-05-09,USD,111939.41,OPEN
PO-002339,SUP-0107,CON-0107,2026-02-04,EUR,61609.9,OPEN
PO-002340,SUP-0086,CON-0086,2026-05-08,GBP,1755.62,OPEN
PO-002341,SUP-0051,CON-0051,2026-08-12,GBP,60175.62,OPEN
PO-002342,SUP-0043,CON-0043,2026-01-18,USD,125349.09,OPEN
PO-002343,SUP-0010,CON-0010,2026-02-08,INR,140807.01,OPEN
PO-002344,SUP-0022,CON-0022,2026-01-19,GBP,92505.82,OPEN
PO-002345,SUP-0071,CON-0071,2026-07-27,INR,20796.1,OPEN
PO-002346,SUP-0067,CON-0067,2026-03-24,USD,77490.27,OPEN
PO-002347,SUP-0089,CON-0089,2026-03-28,INR,56809.91,OPEN
PO-002348,SUP-0054,CON-0054,2026-08-16,INR,20995.96,OPEN
PO-002349,SUP-0073,CON-0073,2026-04-12,GBP,116710.19,OPEN
PO-002350,SUP-0088,CON-0088,2026-05-07,EUR,107457.37,OPEN
PO-002351,SUP-0051,CON-0051,2026-04-01,GBP,6399.97,OPEN
PO-002352,SUP-0115,CON-0115,2026-04-09,EUR,38573.64,OPEN
PO-002353,SUP-0029,CON-0029,2026-03-11,USD,95206.64,OPEN
PO-002354,SUP-0056,CON-0056,2026-04-06,GBP,57443.13,OPEN
PO-002355,SUP-0031,CON-0031,2026-07-26,GBP,26515.57,OPEN
PO-002356,SUP-0107,CON-0107,2026-02-11,EUR,135810.23,OPEN
PO-002357,SUP-0054,CON-0054,2026-05-25,INR,44781.98,OPEN
PO-002358,SUP-0090,CON-0090,2026-06-09,USD,11446.9,OPEN
PO-002359,SUP-0096,CON-0096,2026-05-01,EUR,72569.52,OPEN
PO-002360,SUP-0071,CON-0071,2026-05-11,INR,37923.26,OPEN
PO-002361,SUP-0083,CON-0083,2026-02-18,INR,130039.03,OPEN
PO-002362,SUP-0047,CON-0047,2026-05-03,INR,67926.3,OPEN
PO-002363,SUP-0092,CON-0092,2026-02-18,INR,79921.1,OPEN
PO-002364,SUP-0044,CON-0044,2026-02-03,USD,96959.5,OPEN
PO-002365,SUP-0096,CON-0096,2026-06-15,EUR,68112.26,OPEN
PO-002366,SUP-0012,CON-0129,2026-04-28,INR,32457.74,OPEN
PO-002367,SUP-0071,CON-0071,2026-01-06,INR,118454.65,OPEN
PO-002368,SUP-0033,CON-0033,2026-05-25,USD,105043.08,OPEN
PO-002369,SUP-0092,CON-0092,2026-06-11,INR,141040.61,OPEN
PO-002370,SUP-0076,CON-0076,2026-02-09,USD,111569.87,OPEN
PO-002371,SUP-0087,CON-0087,2026-06-24,INR,72867.22,OPEN
PO-002372,SUP-0002,CON-0002,2026-07-01,USD,97234.84,OPEN
PO-002373,SUP-0081,CON-0081,2026-08-11,INR,76745.69,OPEN
PO-002374,SUP-0051,CON-0051,2026-06-04,GBP,114560.35,OPEN
PO-002375,SUP-0092,CON-0092,2026-08-15,INR,54679.85,OPEN
PO-002376,SUP-0024,CON-0128,2026-01-23,GBP,39416.06,OPEN
PO-002377,SUP-0114,CON-0114,2026-02-25,EUR,149826.16,OPEN
PO-002378,SUP-0098,CON-0098,2026-08-12,USD,139862.22,OPEN
PO-002379,SUP-0096,CON-0096,2026-04-23,EUR,69391.23,OPEN
PO-002380,SUP-0042,CON-0134,2026-06-30,GBP,82589.4,OPEN
PO-002381,SUP-0100,CON-0100,2026-02-24,EUR,147101.11,OPEN
PO-002382,SUP-0037,CON-0037,2026-04-03,EUR,75208.46,OPEN
PO-002383,SUP-0046,CON-0046,2026-07-12,USD,13203.53,OPEN
PO-002384,SUP-0101,CON-0101,2026-07-16,EUR,22602.42,OPEN
PO-002385,SUP-0045,CON-0045,2026-03-18,EUR,72921.43,OPEN
PO-002386,SUP-0068,CON-0068,2026-08-28,INR,81206.36,OPEN
PO-002387,SUP-0103,CON-0103,2026-03-06,GBP,75182.47,OPEN
PO-002388,SUP-0120,CON-0120,2026-03-01,USD,45402.12,OPEN
PO-002389,SUP-0071,CON-0071,2026-03-04,INR,43600.76,OPEN
PO-002390,SUP-0002,CON-0002,2026-08-21,USD,95192.56,OPEN
PO-002391,SUP-0069,CON-0069,2026-05-29,EUR,17670.3,OPEN
PO-002392,SUP-0032,CON-0032,2026-07-24,USD,94946.34,OPEN
PO-002393,SUP-0031,CON-0031,2026-06-13,GBP,24092.73,OPEN
PO-002394,SUP-0119,CON-0119,2026-03-27,INR,56310.27,OPEN
PO-002395,SUP-0095,CON-0095,2026-04-23,GBP,34902.15,OPEN
PO-002396,SUP-0014,CON-0014,2026-02-18,INR,91705.12,OPEN
PO-002397,SUP-0113,CON-0113,2026-08-13,INR,107195.28,OPEN
PO-002398,SUP-0082,CON-0082,2026-05-10,GBP,97920.28,OPEN
PO-002399,SUP-0104,CON-0104,2026-08-27,GBP,50579.01,OPEN
PO-002400,SUP-0057,CON-0057,2026-06-03,INR,60259.61,OPEN
PO-002401,SUP-0089,CON-0089,2026-04-14,INR,53676.01,OPEN
PO-002402,SUP-0055,CON-0055,2026-01-31,USD,10619.32,OPEN
PO-002403,SUP-0039,CON-0039,2026-05-07,GBP,49734.96,OPEN
PO-002404,SUP-0028,CON-0028,2026-01-09,INR,115528.81,OPEN
PO-002405,SUP-0032,CON-0146,2026-07-20,EUR,4699.99,OPEN
PO-002406,SUP-0089,CON-0089,2026-05-25,INR,5783.36,OPEN
PO-002407,SUP-0057,CON-0057,2026-02-20,INR,80591.67,OPEN
PO-002408,SUP-0104,CON-0104,2026-03-23,GBP,141544.56,OPEN
PO-002409,SUP-0028,CON-0028,2026-05-05,INR,75825.68,OPEN
PO-002410,SUP-0002,CON-0002,2026-04-20,USD,115095.75,OPEN
PO-002411,SUP-0030,CON-0030,2026-01-05,GBP,105841.89,OPEN
PO-002412,SUP-0003,CON-0003,2026-08-12,EUR,133829.5,OPEN
PO-002413,SUP-0039,CON-0039,2026-03-25,GBP,115796.71,OPEN
PO-002414,SUP-0034,CON-0034,2026-02-24,GBP,88958.81,OPEN
PO-002415,SUP-0075,CON-0075,2026-02-23,GBP,11490.67,OPEN
PO-002416,SUP-0029,CON-0029,2026-02-28,USD,128760.64,OPEN
PO-002417,SUP-0111,CON-0111,2026-02-26,GBP,63544.71,OPEN
PO-002418,SUP-0079,CON-0079,2026-01-31,INR,70203.97,OPEN
PO-002419,SUP-0034,CON-0034,2026-04-25,GBP,13590.74,OPEN
PO-002420,SUP-0037,CON-0150,2026-03-07,INR,13403.51,OPEN
PO-002421,SUP-0025,CON-0025,2026-04-24,USD,37356.31,OPEN
PO-002422,SUP-0102,CON-0102,2026-04-22,GBP,104221.77,OPEN
PO-002423,SUP-0069,CON-0069,2026-08-29,EUR,18870.71,OPEN
PO-002424,SUP-0065,CON-0065,2026-05-11,GBP,135758.29,OPEN
PO-002425,SUP-0051,CON-0051,2026-02-22,GBP,46374.53,OPEN
PO-002426,SUP-0020,CON-0020,2026-02-02,EUR,67599.38,OPEN
PO-002427,SUP-0025,CON-0025,2026-02-21,USD,62853.7,OPEN
PO-002428,SUP-0051,CON-0051,2026-08-19,GBP,107118.15,OPEN
PO-002429,SUP-0032,CON-0146,2026-01-11,EUR,137313.28,OPEN
PO-002430,SUP-0036,CON-0036,2026-02-10,INR,37804.86,OPEN
PO-002431,SUP-0083,CON-0083,2026-02-19,INR,11258.42,OPEN
PO-002432,SUP-0087,CON-0087,2026-07-18,INR,64232.89,OPEN
PO-002433,SUP-0082,CON-0082,2026-08-11,GBP,143763.96,OPEN
PO-002434,SUP-0009,CON-0009,2026-05-16,EUR,43719.04,OPEN
PO-002435,SUP-0051,CON-0051,2026-08-27,GBP,56438.29,OPEN
PO-002436,SUP-0025,CON-0025,2026-06-04,USD,134102.23,OPEN
PO-002437,SUP-0102,CON-0102,2026-05-04,GBP,1587.16,OPEN
PO-002438,SUP-0023,CON-0023,2026-06-02,EUR,117808.19,OPEN
PO-002439,SUP-0071,CON-0071,2026-05-06,INR,115742.95,OPEN
PO-002440,SUP-0023,CON-0023,2026-07-12,EUR,64561.26,OPEN
PO-002441,SUP-0005,CON-0005,2026-07-07,USD,28648.61,OPEN
PO-002442,SUP-0031,CON-0031,2026-07-26,GBP,113725.69,OPEN
PO-002443,SUP-0007,CON-0007,2026-01-20,GBP,148459.01,OPEN
PO-002444,SUP-0020,CON-0020,2026-01-27,EUR,1666.34,OPEN
PO-002445,SUP-0041,CON-0041,2026-08-24,USD,110901.5,OPEN
PO-002446,SUP-0029,CON-0029,2026-06-03,USD,55677.5,OPEN
PO-002447,SUP-0003,CON-0003,2026-03-17,EUR,87377.37,OPEN
PO-002448,SUP-0020,CON-0020,2026-07-02,EUR,74650.52,OPEN
PO-002449,SUP-0111,CON-0111,2026-01-24,GBP,10470.35,OPEN
PO-002450,SUP-0119,CON-0119,2026-08-18,INR,126312.55,OPEN
PO-002451,SUP-0042,CON-0134,2026-08-20,GBP,141617.72,OPEN
PO-002452,SUP-0084,CON-0084,2026-01-30,EUR,15977.54,OPEN
PO-002453,SUP-0009,CON-0009,2026-06-20,EUR,116301.78,OPEN
PO-002454,SUP-0039,CON-0039,2026-08-03,GBP,18754.64,OPEN
PO-002455,SUP-0102,CON-0102,2026-04-19,GBP,138124.51,OPEN
PO-002456,SUP-0025,CON-0025,2026-01-26,USD,142010.99,OPEN
PO-002457,SUP-0081,CON-0081,2026-07-13,INR,102697.63,OPEN
PO-002458,SUP-0107,CON-0107,2026-04-26,EUR,112279.94,OPEN
PO-002459,SUP-0090,CON-0090,2026-06-12,USD,128870.58,OPEN
PO-002460,SUP-0005,CON-0005,2026-06-20,USD,64272.4,OPEN
PO-002461,SUP-0028,CON-0028,2026-01-05,INR,12849.66,OPEN
PO-002462,SUP-0045,CON-0045,2026-08-24,EUR,85792.34,OPEN
PO-002463,SUP-0050,CON-0050,2026-05-10,USD,7919.28,OPEN
PO-002464,SUP-0023,CON-0023,2026-05-12,EUR,97089.08,OPEN
PO-002465,SUP-0086,CON-0086,2026-04-28,GBP,140514.39,OPEN
PO-002466,SUP-0064,CON-0064,2026-03-30,EUR,845.22,OPEN
PO-002467,SUP-0026,CON-0026,2026-06-16,GBP,74038.72,OPEN
PO-002468,SUP-0048,CON-0048,2026-01-17,USD,92833.22,OPEN
PO-002469,SUP-0111,CON-0111,2026-04-02,GBP,103518.53,OPEN
PO-002470,SUP-0011,CON-0011,2026-03-24,GBP,15998.48,OPEN
PO-002471,SUP-0023,CON-0023,2026-04-14,EUR,146164.72,OPEN
PO-002472,SUP-0008,CON-0008,2026-02-23,EUR,87922.62,OPEN
PO-002473,SUP-0016,CON-0016,2026-01-29,USD,63925.51,OPEN
PO-002474,SUP-0014,CON-0014,2026-01-20,INR,138848.52,OPEN
PO-002475,SUP-0058,CON-0058,2026-06-21,GBP,37906.0,OPEN
PO-002476,SUP-0093,CON-0093,2026-06-20,GBP,19085.67,OPEN
PO-002477,SUP-0067,CON-0127,2026-01-15,GBP,120992.83,OPEN
PO-002478,SUP-0042,CON-0042,2026-02-25,USD,111654.0,OPEN
PO-002479,SUP-0008,CON-0008,2026-02-24,EUR,114949.82,OPEN
PO-002480,SUP-0014,CON-0014,2026-03-28,INR,111662.71,OPEN
PO-002481,SUP-0080,CON-0080,2026-04-30,INR,1758.98,OPEN
PO-002482,SUP-0089,CON-0121,2026-02-02,GBP,45133.85,OPEN
PO-002483,SUP-0021,CON-0021,2026-06-09,GBP,52164.76,OPEN
PO-002484,SUP-0036,CON-0148,2026-04-22,GBP,49332.97,OPEN
PO-002485,SUP-0041,CON-0041,2026-01-15,USD,139018.81,OPEN
PO-002486,SUP-0002,CON-0002,2026-01-13,USD,17997.97,OPEN
PO-002487,SUP-0046,CON-0046,2026-05-13,USD,38978.74,OPEN
PO-002488,SUP-0092,CON-0092,2026-03-07,INR,127463.59,OPEN
PO-002489,SUP-0041,CON-0041,2026-04-19,USD,9547.56,OPEN
PO-002490,SUP-0015,CON-0015,2026-06-20,EUR,133921.47,OPEN
PO-002491,SUP-0112,CON-0112,2026-07-18,EUR,74840.23,OPEN
PO-002492,SUP-0040,CON-0141,2026-01-26,USD,62287.58,OPEN
PO-002493,SUP-0111,CON-0111,2026-08-08,GBP,119955.11,OPEN
PO-002494,SUP-0085,CON-0132,2026-04-09,GBP,51293.67,OPEN
PO-002495,SUP-0042,CON-0042,2026-03-12,USD,128542.13,OPEN
PO-002496,SUP-0055,CON-0055,2026-08-05,USD,80965.21,OPEN
PO-002497,SUP-0108,CON-0108,2026-02-02,USD,51705.48,OPEN
PO-002498,SUP-0068,CON-0068,2026-04-18,INR,112927.71,OPEN
PO-002499,SUP-0110,CON-0110,2026-07-20,USD,67077.25,OPEN
PO-002500,SUP-0119,CON-0119,2026-02-04,INR,145404.87,OPEN
PO-002501,SUP-0037,CON-0037,2026-06-13,EUR,124693.2,OPEN
PO-002502,SUP-0027,CON-0027,2026-07-31,EUR,51070.47,OPEN
PO-002503,SUP-0119,CON-0119,2026-02-03,INR,79431.85,OPEN
PO-002504,SUP-0088,CON-0088,2026-03-09,EUR,81373.13,OPEN
PO-002505,SUP-0062,CON-0062,2026-08-11,GBP,117248.92,OPEN
PO-002506,SUP-0025,CON-0147,2026-05-29,EUR,50384.1,OPEN
PO-002507,SUP-0061,CON-0061,2026-05-03,EUR,93919.92,OPEN
PO-002508,SUP-0106,CON-0106,2026-02-06,USD,31670.79,OPEN
PO-002509,SUP-0117,CON-0117,2026-01-31,INR,96906.78,OPEN
PO-002510,SUP-0045,CON-0045,2026-01-22,EUR,98201.9,OPEN
PO-002511,SUP-0028,CON-0028,2026-07-31,INR,28738.28,OPEN
PO-002512,SUP-0112,CON-0112,2026-05-02,EUR,118656.16,OPEN
PO-002513,SUP-0032,CON-0146,2026-02-06,EUR,59488.96,OPEN
PO-002514,SUP-0050,CON-0050,2026-01-14,USD,44537.33,OPEN
PO-002515,SUP-0059,CON-0059,2026-05-26,GBP,10824.66,OPEN
PO-002516,SUP-0080,CON-0080,2026-02-26,INR,120154.42,OPEN
PO-002517,SUP-0085,CON-0085,2026-01-08,EUR,132397.77,OPEN
PO-002518,SUP-0012,CON-0142,2026-04-03,USD,62520.5,OPEN
PO-002519,SUP-0021,CON-0021,2026-07-31,GBP,119935.4,OPEN
PO-002520,SUP-0035,CON-0138,2026-08-26,EUR,60727.57,OPEN
PO-002521,SUP-0007,CON-0007,2026-08-17,GBP,47716.71,OPEN
PO-002522,SUP-0062,CON-0062,2026-06-03,GBP,117178.65,OPEN
PO-002523,SUP-0050,CON-0050,2026-06-19,USD,112051.23,OPEN
PO-002524,SUP-0010,CON-0010,2026-06-21,INR,117958.41,OPEN
PO-002525,SUP-0096,CON-0096,2026-06-09,EUR,145951.85,OPEN
PO-002526,SUP-0105,CON-0105,2026-02-28,GBP,66019.11,OPEN
PO-002527,SUP-0049,CON-0049,2026-04-23,INR,98180.49,OPEN
PO-002528,SUP-0111,CON-0111,2026-07-20,GBP,12989.3,OPEN
PO-002529,SUP-0045,CON-0045,2026-07-01,EUR,111516.97,OPEN
PO-002530,SUP-0065,CON-0122,2026-04-05,GBP,54707.14,OPEN
PO-002531,SUP-0056,CON-0056,2026-05-05,GBP,20118.43,OPEN
PO-002532,SUP-0102,CON-0102,2026-01-29,GBP,54675.86,OPEN
PO-002533,SUP-0115,CON-0115,2026-02-13,EUR,103202.62,OPEN
PO-002534,SUP-0044,CON-0044,2026-07-24,USD,19793.35,OPEN
PO-002535,SUP-0029,CON-0029,2026-08-26,USD,50889.12,OPEN
PO-002536,SUP-0097,CON-0097,2026-04-22,GBP,105939.66,OPEN
PO-002537,SUP-0006,CON-0006,2026-04-10,GBP,92359.44,OPEN
PO-002538,SUP-0066,CON-0066,2026-03-03,GBP,127821.68,OPEN
PO-002539,SUP-0090,CON-0090,2026-08-03,USD,97690.98,OPEN
PO-002540,SUP-0073,CON-0073,2026-05-01,GBP,56257.97,OPEN
PO-002541,SUP-0074,CON-0074,2026-02-10,EUR,127389.96,OPEN
PO-002542,SUP-0027,CON-0027,2026-05-19,EUR,42771.06,OPEN
PO-002543,SUP-0048,CON-0048,2026-05-18,USD,54428.9,OPEN
PO-002544,SUP-0016,CON-0016,2026-08-10,USD,93543.11,OPEN
PO-002545,SUP-0009,CON-0009,2026-04-20,EUR,87281.34,OPEN
PO-002546,SUP-0034,CON-0034,2026-02-27,GBP,76883.79,OPEN
PO-002547,SUP-0078,CON-0078,2026-04-07,EUR,146824.65,OPEN
PO-002548,SUP-0050,CON-0050,2026-08-11,USD,28859.13,OPEN
PO-002549,SUP-0098,CON-0098,2026-04-05,USD,5243.28,OPEN
PO-002550,SUP-0069,CON-0069,2026-06-08,EUR,82813.42,OPEN
PO-002551,SUP-0079,CON-0079,2026-05-07,INR,2915.12,OPEN
PO-002552,SUP-0055,CON-0055,2026-04-30,USD,6495.63,OPEN
PO-002553,SUP-0065,CON-0065,2026-04-02,GBP,31171.25,OPEN
PO-002554,SUP-0004,CON-0004,2026-06-05,GBP,119672.79,OPEN
PO-002555,SUP-0085,CON-0135,2026-08-13,GBP,119513.05,OPEN
PO-002556,SUP-0050,CON-0050,2026-01-04,USD,57071.03,OPEN
PO-002557,SUP-0094,CON-0094,2026-04-05,USD,26192.81,OPEN
PO-002558,SUP-0028,CON-0028,2026-01-11,INR,83862.63,OPEN
PO-002559,SUP-0116,CON-0116,2026-05-19,EUR,56883.43,OPEN
PO-002560,SUP-0096,CON-0096,2026-03-18,EUR,8888.82,OPEN
PO-002561,SUP-0017,CON-0017,2026-07-08,INR,131589.99,OPEN
PO-002562,SUP-0070,CON-0070,2026-03-02,INR,94945.14,OPEN
PO-002563,SUP-0062,CON-0062,2026-07-04,GBP,38178.66,OPEN
PO-002564,SUP-0046,CON-0046,2026-04-15,USD,65487.71,OPEN
PO-002565,SUP-0015,CON-0015,2026-05-11,EUR,99499.5,OPEN
PO-002566,SUP-0074,CON-0074,2026-04-29,EUR,24721.57,OPEN
PO-002567,SUP-0031,CON-0031,2026-07-25,GBP,30831.86,OPEN
PO-002568,SUP-0012,CON-0012,2026-02-28,EUR,54380.15,OPEN
PO-002569,SUP-0020,CON-0020,2026-04-16,EUR,129335.3,OPEN
PO-002570,SUP-0101,CON-0101,2026-05-26,EUR,136107.64,OPEN
PO-002571,SUP-0107,CON-0107,2026-03-21,EUR,51302.87,OPEN
PO-002572,SUP-0094,CON-0094,2026-08-09,USD,114047.8,OPEN
PO-002573,SUP-0044,CON-0044,2026-06-25,USD,139632.19,OPEN
PO-002574,SUP-0051,CON-0051,2026-07-30,GBP,116232.11,OPEN
PO-002575,SUP-0087,CON-0087,2026-07-12,INR,136197.64,OPEN
PO-002576,SUP-0098,CON-0098,2026-03-28,USD,21452.2,OPEN
PO-002577,SUP-0113,CON-0113,2026-02-19,INR,107698.78,OPEN
PO-002578,SUP-0098,CON-0098,2026-01-13,USD,120970.62,OPEN
PO-002579,SUP-0068,CON-0068,2026-08-24,INR,137319.34,OPEN
PO-002580,SUP-0082,CON-0082,2026-07-04,GBP,41455.18,OPEN
PO-002581,SUP-0003,CON-0003,2026-06-02,EUR,86059.71,OPEN
PO-002582,SUP-0045,CON-0045,2026-07-18,EUR,8021.74,OPEN
PO-002583,SUP-0015,CON-0015,2026-07-17,EUR,33831.67,OPEN
PO-002584,SUP-0084,CON-0084,2026-03-03,EUR,48740.38,OPEN
PO-002585,SUP-0013,CON-0013,2026-03-23,INR,38776.11,OPEN
PO-002586,SUP-0048,CON-0048,2026-06-13,USD,60626.0,OPEN
PO-002587,SUP-0006,CON-0006,2026-05-12,GBP,93416.02,OPEN
PO-002588,SUP-0111,CON-0111,2026-05-10,GBP,137214.83,OPEN
PO-002589,SUP-0041,CON-0041,2026-02-12,USD,72510.16,OPEN
PO-002590,SUP-0113,CON-0113,2026-06-07,INR,124861.01,OPEN
PO-002591,SUP-0008,CON-0008,2026-03-31,EUR,18533.37,OPEN
PO-002592,SUP-0060,CON-0060,2026-07-01,GBP,130713.48,OPEN
PO-002593,SUP-0098,CON-0098,2026-05-18,USD,74053.92,OPEN
PO-002594,SUP-0098,CON-0098,2026-02-15,USD,95132.74,OPEN
PO-002595,SUP-0008,CON-0008,2026-06-22,EUR,16916.31,OPEN
PO-002596,SUP-0036,CON-0148,2026-04-17,GBP,64730.31,OPEN
PO-002597,SUP-0089,CON-0121,2026-04-29,GBP,55836.23,OPEN
PO-002598,SUP-0003,CON-0003,2026-03-03,EUR,36927.59,OPEN
PO-002599,SUP-0077,CON-0077,2026-05-06,EUR,106546.57,OPEN
PO-002600,SUP-0008,CON-0008,2026-05-28,EUR,9261.29,OPEN
PO-002601,SUP-0087,CON-0087,2026-01-27,INR,89366.13,OPEN
PO-002602,SUP-0070,CON-0070,2026-07-02,INR,70629.14,OPEN
PO-002603,SUP-0023,CON-0023,2026-03-06,EUR,138129.21,OPEN
PO-002604,SUP-0076,CON-0076,2026-01-05,USD,17791.27,OPEN
PO-002605,SUP-0009,CON-0009,2026-01-05,EUR,80587.38,OPEN
PO-002606,SUP-0085,CON-0085,2026-06-19,EUR,16322.01,OPEN
PO-002607,SUP-0091,CON-0091,2026-04-08,USD,121168.78,OPEN
PO-002608,SUP-0056,CON-0056,2026-03-14,GBP,89964.56,OPEN
PO-002609,SUP-0056,CON-0056,2026-01-06,GBP,93732.82,OPEN
PO-002610,SUP-0040,CON-0040,2026-04-20,USD,134523.74,OPEN
PO-002611,SUP-0087,CON-0087,2026-03-07,INR,93649.89,OPEN
PO-002612,SUP-0072,CON-0072,2026-02-15,EUR,116089.78,OPEN
PO-002613,SUP-0074,CON-0074,2026-01-22,EUR,1998.33,OPEN
PO-002614,SUP-0074,CON-0126,2026-08-06,EUR,102009.49,OPEN
PO-002615,SUP-0031,CON-0031,2026-01-31,GBP,18546.89,OPEN
PO-002616,SUP-0016,CON-0143,2026-03-23,EUR,134635.62,OPEN
PO-002617,SUP-0073,CON-0073,2026-07-24,GBP,111453.58,OPEN
PO-002618,SUP-0006,CON-0006,2026-07-20,GBP,78019.36,OPEN
PO-002619,SUP-0047,CON-0047,2026-05-14,INR,66382.48,OPEN
PO-002620,SUP-0068,CON-0068,2026-04-05,INR,53133.0,OPEN
PO-002621,SUP-0011,CON-0123,2026-02-20,USD,127592.09,OPEN
PO-002622,SUP-0062,CON-0062,2026-07-13,GBP,57269.56,OPEN
PO-002623,SUP-0084,CON-0084,2026-06-18,EUR,130398.01,OPEN
PO-002624,SUP-0020,CON-0020,2026-05-19,EUR,144723.14,OPEN
PO-002625,SUP-0006,CON-0006,2026-05-26,GBP,89096.89,OPEN
PO-002626,SUP-0063,CON-0063,2026-06-29,INR,74557.06,OPEN
PO-002627,SUP-0047,CON-0047,2026-06-03,INR,50291.71,OPEN
PO-002628,SUP-0022,CON-0022,2026-06-23,GBP,144948.3,OPEN
PO-002629,SUP-0072,CON-0072,2026-03-08,EUR,117416.9,OPEN
PO-002630,SUP-0111,CON-0111,2026-07-18,GBP,141439.95,OPEN
PO-002631,SUP-0006,CON-0006,2026-05-26,GBP,145300.32,OPEN
PO-002632,SUP-0046,CON-0046,2026-03-21,USD,58453.46,OPEN
PO-002633,SUP-0063,CON-0063,2026-04-25,INR,118089.4,OPEN
PO-002634,SUP-0004,CON-0140,2026-01-30,EUR,57467.7,OPEN
PO-002635,SUP-0051,CON-0051,2026-02-09,GBP,29647.77,OPEN
PO-002636,SUP-0109,CON-0109,2026-08-02,EUR,89714.74,OPEN
PO-002637,SUP-0105,CON-0105,2026-01-10,GBP,140382.84,OPEN
PO-002638,SUP-0056,CON-0056,2026-06-26,GBP,102936.95,OPEN
PO-002639,SUP-0009,CON-0009,2026-03-21,EUR,126540.9,OPEN
PO-002640,SUP-0038,CON-0038,2026-05-03,INR,46755.21,OPEN
PO-002641,SUP-0029,CON-0029,2026-05-31,USD,48352.64,OPEN
PO-002642,SUP-0051,CON-0051,2026-06-24,GBP,56890.48,OPEN
PO-002643,SUP-0083,CON-0083,2026-03-10,INR,59003.63,OPEN
PO-002644,SUP-0092,CON-0092,2026-04-10,INR,129122.02,OPEN
PO-002645,SUP-0013,CON-0013,2026-03-31,INR,16221.51,OPEN
PO-002646,SUP-0083,CON-0083,2026-06-19,INR,22232.39,OPEN
PO-002647,SUP-0114,CON-0114,2026-08-01,EUR,34491.59,OPEN
PO-002648,SUP-0015,CON-0015,2026-08-29,EUR,44667.42,OPEN
PO-002649,SUP-0002,CON-0002,2026-01-13,USD,22199.53,OPEN
PO-002650,SUP-0034,CON-0034,2026-01-15,GBP,96924.12,OPEN
PO-002651,SUP-0022,CON-0022,2026-04-03,GBP,25885.06,OPEN
PO-002652,SUP-0004,CON-0140,2026-03-18,EUR,138952.72,OPEN
PO-002653,SUP-0025,CON-0025,2026-02-24,USD,113393.81,OPEN
PO-002654,SUP-0056,CON-0056,2026-02-04,GBP,121921.87,OPEN
PO-002655,SUP-0118,CON-0118,2026-01-15,USD,111829.49,OPEN
PO-002656,SUP-0098,CON-0098,2026-03-06,USD,36143.38,OPEN
PO-002657,SUP-0100,CON-0100,2026-02-17,EUR,79747.47,OPEN
PO-002658,SUP-0029,CON-0029,2026-07-07,USD,100776.25,OPEN
PO-002659,SUP-0082,CON-0082,2026-04-29,GBP,118866.28,OPEN
PO-002660,SUP-0109,CON-0109,2026-08-14,EUR,15681.68,OPEN
PO-002661,SUP-0045,CON-0045,2026-01-07,EUR,127524.47,OPEN
PO-002662,SUP-0041,CON-0041,2026-06-09,USD,24943.11,OPEN
PO-002663,SUP-0097,CON-0097,2026-02-18,GBP,101620.23,OPEN
PO-002664,SUP-0119,CON-0119,2026-01-17,INR,102941.58,OPEN
PO-002665,SUP-0011,CON-0123,2026-01-09,USD,139924.8,OPEN
PO-002666,SUP-0024,CON-0024,2026-04-20,USD,112528.23,OPEN
PO-002667,SUP-0045,CON-0045,2026-07-03,EUR,18338.3,OPEN
PO-002668,SUP-0027,CON-0027,2026-04-29,EUR,81032.31,OPEN
PO-002669,SUP-0042,CON-0042,2026-04-14,USD,60662.32,OPEN
PO-002670,SUP-0006,CON-0006,2026-03-18,GBP,82277.68,OPEN
PO-002671,SUP-0056,CON-0056,2026-04-30,GBP,31181.2,OPEN
PO-002672,SUP-0011,CON-0123,2026-05-25,USD,29674.44,OPEN
PO-002673,SUP-0095,CON-0095,2026-05-14,GBP,111791.69,OPEN
PO-002674,SUP-0075,CON-0075,2026-07-05,GBP,71852.95,OPEN
PO-002675,SUP-0114,CON-0114,2026-06-12,EUR,73363.65,OPEN
PO-002676,SUP-0024,CON-0128,2026-06-26,GBP,75826.04,OPEN
PO-002677,SUP-0009,CON-0009,2026-01-14,EUR,97923.7,OPEN
PO-002678,SUP-0117,CON-0117,2026-05-16,INR,76567.41,OPEN
PO-002679,SUP-0078,CON-0078,2026-08-20,EUR,95313.3,OPEN
PO-002680,SUP-0013,CON-0013,2026-04-19,INR,86039.84,OPEN
PO-002681,SUP-0111,CON-0111,2026-03-29,GBP,65056.35,OPEN
PO-002682,SUP-0011,CON-0123,2026-06-30,USD,147551.9,OPEN
PO-002683,SUP-0005,CON-0005,2026-07-13,USD,63264.36,OPEN
PO-002684,SUP-0091,CON-0091,2026-04-15,USD,83821.1,OPEN
PO-002685,SUP-0029,CON-0029,2026-05-04,USD,68206.56,OPEN
PO-002686,SUP-0070,CON-0070,2026-02-18,INR,113908.2,OPEN
PO-002687,SUP-0001,CON-0001,2026-03-31,EUR,124974.34,OPEN
PO-002688,SUP-0076,CON-0076,2026-01-01,USD,33807.62,OPEN
PO-002689,SUP-0081,CON-0081,2026-04-22,INR,91836.41,OPEN
PO-002690,SUP-0087,CON-0087,2026-07-23,INR,55387.73,OPEN
PO-002691,SUP-0039,CON-0039,2026-02-24,GBP,95372.96,OPEN
PO-002692,SUP-0008,CON-0008,2026-03-22,EUR,72087.32,OPEN
PO-002693,SUP-0119,CON-0119,2026-07-31,INR,17907.23,OPEN
PO-002694,SUP-0011,CON-0123,2026-02-24,USD,34906.4,OPEN
PO-002695,SUP-0105,CON-0105,2026-06-05,GBP,105812.25,OPEN
PO-002696,SUP-0057,CON-0139,2026-03-27,GBP,16242.06,OPEN
PO-002697,SUP-0111,CON-0111,2026-02-10,GBP,98415.73,OPEN
PO-002698,SUP-0088,CON-0088,2026-01-22,EUR,118766.49,OPEN
PO-002699,SUP-0032,CON-0032,2026-04-08,USD,96274.93,OPEN
PO-002700,SUP-0062,CON-0062,2026-05-05,GBP,91127.79,OPEN
PO-002701,SUP-0061,CON-0061,2026-03-26,EUR,117029.86,OPEN
PO-002702,SUP-0119,CON-0119,2026-04-07,INR,126148.03,OPEN
PO-002703,SUP-0039,CON-0039,2026-05-19,GBP,104058.87,OPEN
PO-002704,SUP-0102,CON-0102,2026-03-08,GBP,70236.49,OPEN
PO-002705,SUP-0036,CON-0036,2026-04-27,INR,47982.06,OPEN
PO-002706,SUP-0113,CON-0113,2026-02-28,INR,47464.85,OPEN
PO-002707,SUP-0059,CON-0059,2026-08-17,GBP,108077.1,OPEN
PO-002708,SUP-0028,CON-0028,2026-03-24,INR,59356.61,OPEN
PO-002709,SUP-0098,CON-0098,2026-02-23,USD,118772.51,OPEN
PO-002710,SUP-0004,CON-0140,2026-04-14,EUR,59777.79,OPEN
PO-002711,SUP-0116,CON-0116,2026-08-06,EUR,11900.39,OPEN
PO-002712,SUP-0110,CON-0110,2026-03-24,USD,4369.55,OPEN
PO-002713,SUP-0042,CON-0134,2026-06-27,GBP,120327.78,OPEN
PO-002714,SUP-0071,CON-0071,2026-03-07,INR,119580.38,OPEN
PO-002715,SUP-0114,CON-0114,2026-06-21,EUR,27499.46,OPEN
PO-002716,SUP-0095,CON-0124,2026-04-27,INR,101474.92,OPEN
PO-002717,SUP-0113,CON-0113,2026-07-31,INR,27435.09,OPEN
PO-002718,SUP-0102,CON-0102,2026-08-05,GBP,11411.1,OPEN
PO-002719,SUP-0003,CON-0003,2026-06-28,EUR,131602.14,OPEN
PO-002720,SUP-0080,CON-0080,2026-07-17,INR,88984.5,OPEN
PO-002721,SUP-0008,CON-0008,2026-07-19,EUR,136696.67,OPEN
PO-002722,SUP-0064,CON-0064,2026-01-04,EUR,132137.12,OPEN
PO-002723,SUP-0021,CON-0021,2026-02-06,GBP,4253.67,OPEN
PO-002724,SUP-0078,CON-0078,2026-02-23,EUR,11210.2,OPEN
PO-002725,SUP-0068,CON-0068,2026-07-21,INR,132162.95,OPEN
PO-002726,SUP-0110,CON-0110,2026-04-14,USD,113502.89,OPEN
PO-002727,SUP-0007,CON-0007,2026-06-20,GBP,20257.56,OPEN
PO-002728,SUP-0033,CON-0033,2026-05-07,USD,28926.43,OPEN
PO-002729,SUP-0088,CON-0088,2026-03-02,EUR,95499.91,OPEN
PO-002730,SUP-0008,CON-0008,2026-07-13,EUR,59935.79,OPEN
PO-002731,SUP-0082,CON-0082,2026-04-17,GBP,99511.94,OPEN
PO-002732,SUP-0002,CON-0002,2026-01-20,USD,110608.33,OPEN
PO-002733,SUP-0104,CON-0104,2026-08-13,GBP,56943.74,OPEN
PO-002734,SUP-0018,CON-0018,2026-02-03,USD,127769.76,OPEN
PO-002735,SUP-0070,CON-0070,2026-01-11,INR,9464.47,OPEN
PO-002736,SUP-0093,CON-0093,2026-07-05,GBP,16157.51,OPEN
PO-002737,SUP-0112,CON-0112,2026-06-12,EUR,88566.01,OPEN
PO-002738,SUP-0025,CON-0147,2026-08-13,EUR,32199.01,OPEN
PO-002739,SUP-0034,CON-0034,2026-03-30,GBP,30746.93,OPEN
PO-002740,SUP-0065,CON-0065,2026-01-23,GBP,71467.66,OPEN
PO-002741,SUP-0008,CON-0008,2026-03-23,EUR,102372.05,OPEN
PO-002742,SUP-0020,CON-0020,2026-05-04,EUR,30695.49,OPEN
PO-002743,SUP-0069,CON-0069,2026-05-15,EUR,96894.38,OPEN
PO-002744,SUP-0119,CON-0119,2026-05-18,INR,87649.76,OPEN
PO-002745,SUP-0087,CON-0087,2026-07-23,INR,97090.82,OPEN
PO-002746,SUP-0054,CON-0054,2026-06-29,INR,14174.0,OPEN
PO-002747,SUP-0095,CON-0095,2026-03-24,GBP,108086.11,OPEN
PO-002748,SUP-0068,CON-0068,2026-06-27,INR,149439.11,OPEN
PO-002749,SUP-0053,CON-0053,2026-05-08,EUR,45562.48,OPEN
PO-002750,SUP-0054,CON-0054,2026-05-24,INR,106578.77,OPEN
PO-002751,SUP-0017,CON-0017,2026-04-11,INR,147429.11,OPEN
PO-002752,SUP-0052,CON-0052,2026-08-29,EUR,114499.91,OPEN
PO-002753,SUP-0081,CON-0137,2026-03-25,USD,39452.31,OPEN
PO-002754,SUP-0046,CON-0046,2026-03-08,USD,102601.07,OPEN
PO-002755,SUP-0026,CON-0026,2026-06-05,GBP,43279.52,OPEN
PO-002756,SUP-0113,CON-0113,2026-07-26,INR,37623.61,OPEN
PO-002757,SUP-0081,CON-0081,2026-08-01,INR,86757.73,OPEN
PO-002758,SUP-0118,CON-0118,2026-04-09,USD,97252.62,OPEN
PO-002759,SUP-0002,CON-0002,2026-06-18,USD,29248.72,OPEN
PO-002760,SUP-0005,CON-0005,2026-06-27,USD,84974.24,OPEN
PO-002761,SUP-0071,CON-0071,2026-04-04,INR,87152.35,OPEN
PO-002762,SUP-0001,CON-0001,2026-03-27,EUR,139197.46,OPEN
PO-002763,SUP-0002,CON-0002,2026-01-19,USD,9681.41,OPEN
PO-002764,SUP-0059,CON-0059,2026-06-08,GBP,99641.42,OPEN
PO-002765,SUP-0026,CON-0026,2026-06-15,GBP,98423.8,OPEN
PO-002766,SUP-0084,CON-0084,2026-03-09,EUR,60300.35,OPEN
PO-002767,SUP-0042,CON-0134,2026-04-04,GBP,31589.47,OPEN
PO-002768,SUP-0088,CON-0088,2026-03-12,EUR,49580.65,OPEN
PO-002769,SUP-0066,CON-0066,2026-03-28,GBP,117588.71,OPEN
PO-002770,SUP-0082,CON-0082,2026-04-02,GBP,68796.27,OPEN
PO-002771,SUP-0058,CON-0058,2026-06-25,GBP,22455.48,OPEN
PO-002772,SUP-0015,CON-0015,2026-07-19,EUR,32054.05,OPEN
PO-002773,SUP-0089,CON-0121,2026-07-19,GBP,64032.98,OPEN
PO-002774,SUP-0005,CON-0005,2026-03-05,USD,40421.68,OPEN
PO-002775,SUP-0059,CON-0059,2026-02-24,GBP,147621.05,OPEN
PO-002776,SUP-0066,CON-0066,2026-05-23,GBP,48904.13,OPEN
PO-002777,SUP-0007,CON-0007,2026-03-29,GBP,53176.42,OPEN
PO-002778,SUP-0037,CON-0037,2026-06-26,EUR,105022.88,OPEN
PO-002779,SUP-0006,CON-0006,2026-06-04,GBP,136472.18,OPEN
PO-002780,SUP-0026,CON-0026,2026-08-08,GBP,131265.51,OPEN
PO-002781,SUP-0011,CON-0011,2026-08-09,GBP,16637.71,OPEN
PO-002782,SUP-0033,CON-0033,2026-06-12,USD,46212.1,OPEN
PO-002783,SUP-0011,CON-0123,2026-06-12,USD,48051.04,OPEN
PO-002784,SUP-0069,CON-0069,2026-04-19,EUR,86197.23,OPEN
PO-002785,SUP-0030,CON-0030,2026-05-07,GBP,78005.15,OPEN
PO-002786,SUP-0042,CON-0042,2026-02-21,USD,26877.94,OPEN
PO-002787,SUP-0010,CON-0010,2026-07-16,INR,57789.85,OPEN
PO-002788,SUP-0017,CON-0017,2026-01-12,INR,144362.51,OPEN
PO-002789,SUP-0082,CON-0082,2026-06-01,GBP,120801.52,OPEN
PO-002790,SUP-0093,CON-0093,2026-03-10,GBP,101862.43,OPEN
PO-002791,SUP-0050,CON-0050,2026-06-12,USD,132601.74,OPEN
PO-002792,SUP-0103,CON-0103,2026-01-12,GBP,114694.58,OPEN
PO-002793,SUP-0084,CON-0084,2026-05-02,EUR,54886.69,OPEN
PO-002794,SUP-0029,CON-0029,2026-04-04,USD,142528.38,OPEN
PO-002795,SUP-0079,CON-0079,2026-03-18,INR,79716.3,OPEN
PO-002796,SUP-0106,CON-0106,2026-08-21,USD,78931.52,OPEN
PO-002797,SUP-0004,CON-0004,2026-04-27,GBP,121192.08,OPEN
PO-002798,SUP-0022,CON-0022,2026-02-16,GBP,6798.56,OPEN
PO-002799,SUP-0074,CON-0074,2026-08-11,EUR,6058.19,OPEN
PO-002800,SUP-0053,CON-0053,2026-03-11,EUR,795.84,OPEN
PO-002801,SUP-0100,CON-0100,2026-01-04,EUR,4570.79,OPEN
PO-002802,SUP-0108,CON-0108,2026-05-26,USD,14834.47,OPEN
PO-002803,SUP-0103,CON-0103,2026-03-15,GBP,8872.68,OPEN
PO-002804,SUP-0017,CON-0017,2026-02-18,INR,136529.62,OPEN
PO-002805,SUP-0070,CON-0070,2026-06-26,INR,45458.37,OPEN
PO-002806,SUP-0110,CON-0110,2026-02-20,USD,78545.55,OPEN
PO-002807,SUP-0019,CON-0019,2026-06-24,EUR,4597.27,OPEN
PO-002808,SUP-0022,CON-0022,2026-03-28,GBP,138704.08,OPEN
PO-002809,SUP-0116,CON-0116,2026-01-09,EUR,42291.52,OPEN
PO-002810,SUP-0027,CON-0027,2026-05-11,EUR,96767.92,OPEN
PO-002811,SUP-0075,CON-0075,2026-03-29,GBP,84428.23,OPEN
PO-002812,SUP-0072,CON-0072,2026-06-04,EUR,122101.44,OPEN
PO-002813,SUP-0082,CON-0082,2026-05-27,GBP,20888.6,OPEN
PO-002814,SUP-0085,CON-0132,2026-04-25,GBP,63421.69,OPEN
PO-002815,SUP-0073,CON-0073,2026-03-19,GBP,72838.98,OPEN
PO-002816,SUP-0035,CON-0035,2026-02-05,GBP,146758.45,OPEN
PO-002817,SUP-0043,CON-0131,2026-08-04,GBP,140414.05,OPEN
PO-002818,SUP-0096,CON-0096,2026-02-11,EUR,148713.83,OPEN
PO-002819,SUP-0059,CON-0059,2026-07-08,GBP,6449.08,OPEN
PO-002820,SUP-0099,CON-0099,2026-04-06,USD,59063.46,OPEN
PO-002821,SUP-0075,CON-0075,2026-07-31,GBP,8669.41,OPEN
PO-002822,SUP-0010,CON-0010,2026-04-28,INR,6495.08,OPEN
PO-002823,SUP-0066,CON-0066,2026-05-21,GBP,47816.36,OPEN
PO-002824,SUP-0120,CON-0144,2026-05-02,INR,8236.69,OPEN
PO-002825,SUP-0014,CON-0014,2026-02-01,INR,18063.53,OPEN
PO-002826,SUP-0051,CON-0051,2026-06-15,GBP,128622.6,OPEN
PO-002827,SUP-0045,CON-0045,2026-02-01,EUR,127479.08,OPEN
PO-002828,SUP-0093,CON-0093,2026-07-09,GBP,91651.6,OPEN
PO-002829,SUP-0099,CON-0099,2026-07-17,USD,9308.78,OPEN
PO-002830,SUP-0085,CON-0135,2026-08-05,GBP,118971.86,OPEN
PO-002831,SUP-0069,CON-0069,2026-06-10,EUR,89485.01,OPEN
PO-002832,SUP-0067,CON-0067,2026-06-19,USD,58119.36,OPEN
PO-002833,SUP-0033,CON-0033,2026-05-09,USD,91647.09,OPEN
PO-002834,SUP-0011,CON-0123,2026-06-14,USD,25014.35,OPEN
PO-002835,SUP-0080,CON-0080,2026-07-10,INR,85413.94,OPEN
PO-002836,SUP-0046,CON-0046,2026-05-15,USD,97015.93,OPEN
PO-002837,SUP-0119,CON-0119,2026-03-21,INR,120097.77,OPEN
PO-002838,SUP-0051,CON-0051,2026-04-06,GBP,2421.3,OPEN
PO-002839,SUP-0098,CON-0098,2026-07-09,USD,134789.2,OPEN
PO-002840,SUP-0057,CON-0139,2026-05-25,GBP,125111.8,OPEN
PO-002841,SUP-0003,CON-0003,2026-03-13,EUR,28647.13,OPEN
PO-002842,SUP-0117,CON-0117,2026-05-30,INR,9303.74,OPEN
PO-002843,SUP-0001,CON-0001,2026-02-13,EUR,8979.81,OPEN
PO-002844,SUP-0015,CON-0015,2026-03-05,EUR,95284.89,OPEN
PO-002845,SUP-0063,CON-0063,2026-01-30,INR,133050.38,OPEN
PO-002846,SUP-0040,CON-0141,2026-08-18,USD,90083.91,OPEN
PO-002847,SUP-0060,CON-0060,2026-02-03,GBP,65013.35,OPEN
PO-002848,SUP-0116,CON-0116,2026-07-01,EUR,79794.99,OPEN
PO-002849,SUP-0072,CON-0072,2026-04-16,EUR,13096.66,OPEN
PO-002850,SUP-0100,CON-0100,2026-06-04,EUR,46241.06,OPEN
PO-002851,SUP-0022,CON-0022,2026-05-18,GBP,140556.63,OPEN
PO-002852,SUP-0063,CON-0063,2026-07-08,INR,1177.13,OPEN
PO-002853,SUP-0065,CON-0122,2026-05-09,GBP,101812.2,OPEN
PO-002854,SUP-0090,CON-0090,2026-06-10,USD,99024.95,OPEN
PO-002855,SUP-0038,CON-0038,2026-01-12,INR,21048.17,OPEN
PO-002856,SUP-0006,CON-0006,2026-06-30,GBP,79265.27,OPEN
PO-002857,SUP-0066,CON-0066,2026-02-21,GBP,116921.57,OPEN
PO-002858,SUP-0106,CON-0106,2026-06-16,USD,106792.78,OPEN
PO-002859,SUP-0028,CON-0028,2026-01-18,INR,40733.96,OPEN
PO-002860,SUP-0044,CON-0044,2026-04-24,USD,79360.42,OPEN
PO-002861,SUP-0040,CON-0040,2026-08-18,USD,108991.87,OPEN
PO-002862,SUP-0032,CON-0146,2026-05-03,EUR,72041.87,OPEN
PO-002863,SUP-0083,CON-0083,2026-04-18,INR,122858.27,OPEN
PO-002864,SUP-0075,CON-0075,2026-06-04,GBP,67616.68,OPEN
PO-002865,SUP-0111,CON-0111,2026-04-02,GBP,75896.92,OPEN
PO-002866,SUP-0022,CON-0022,2026-01-16,GBP,41247.66,OPEN
PO-002867,SUP-0040,CON-0141,2026-08-12,USD,127163.93,OPEN
PO-002868,SUP-0090,CON-0090,2026-05-12,USD,79011.1,OPEN
PO-002869,SUP-0044,CON-0044,2026-02-01,USD,125915.02,OPEN
PO-002870,SUP-0026,CON-0026,2026-03-16,GBP,3497.85,OPEN
PO-002871,SUP-0111,CON-0111,2026-04-19,GBP,25857.6,OPEN
PO-002872,SUP-0014,CON-0014,2026-08-04,INR,66746.8,OPEN
PO-002873,SUP-0038,CON-0038,2026-02-27,INR,116708.55,OPEN
PO-002874,SUP-0106,CON-0106,2026-01-22,USD,66970.04,OPEN
PO-002875,SUP-0045,CON-0045,2026-01-03,EUR,128359.83,OPEN
PO-002876,SUP-0058,CON-0058,2026-07-16,GBP,128445.56,OPEN
PO-002877,SUP-0048,CON-0048,2026-02-17,USD,6646.35,OPEN
PO-002878,SUP-0056,CON-0056,2026-03-02,GBP,63193.83,OPEN
PO-002879,SUP-0036,CON-0036,2026-08-11,INR,148841.36,OPEN
PO-002880,SUP-0083,CON-0083,2026-01-13,INR,64914.56,OPEN
PO-002881,SUP-0066,CON-0066,2026-07-05,GBP,89010.79,OPEN
PO-002882,SUP-0055,CON-0055,2026-04-22,USD,84042.26,OPEN
PO-002883,SUP-0001,CON-0001,2026-05-07,EUR,39667.5,OPEN
PO-002884,SUP-0043,CON-0131,2026-06-11,GBP,111001.71,OPEN
PO-002885,SUP-0077,CON-0077,2026-08-04,EUR,148683.18,OPEN
PO-002886,SUP-0083,CON-0083,2026-03-23,INR,143162.37,OPEN
PO-002887,SUP-0101,CON-0101,2026-01-07,EUR,135205.8,OPEN
PO-002888,SUP-0115,CON-0115,2026-07-09,EUR,62744.8,OPEN
PO-002889,SUP-0005,CON-0005,2026-04-06,USD,29868.88,OPEN
PO-002890,SUP-0096,CON-0096,2026-08-26,EUR,46585.52,OPEN
PO-002891,SUP-0021,CON-0021,2026-01-09,GBP,126587.26,OPEN
PO-002892,SUP-0057,CON-0057,2026-06-09,INR,130172.87,OPEN
PO-002893,SUP-0019,CON-0019,2026-01-09,EUR,149494.37,OPEN
PO-002894,SUP-0028,CON-0028,2026-05-01,INR,31319.46,OPEN
PO-002895,SUP-0089,CON-0089,2026-04-27,INR,38175.34,OPEN
PO-002896,SUP-0045,CON-0045,2026-08-25,EUR,41433.13,OPEN
PO-002897,SUP-0010,CON-0010,2026-08-13,INR,5505.49,OPEN
PO-002898,SUP-0042,CON-0042,2026-06-29,USD,86041.67,OPEN
PO-002899,SUP-0085,CON-0085,2026-02-01,EUR,50332.37,OPEN
PO-002900,SUP-0114,CON-0114,2026-05-12,EUR,145443.53,OPEN
PO-002901,SUP-0001,CON-0001,2026-01-17,EUR,25122.2,OPEN
PO-002902,SUP-0084,CON-0084,2026-08-20,EUR,37237.72,OPEN
PO-002903,SUP-0103,CON-0103,2026-07-11,GBP,73256.6,OPEN
PO-002904,SUP-0051,CON-0051,2026-03-26,GBP,142917.4,OPEN
PO-002905,SUP-0075,CON-0075,2026-08-23,GBP,143642.79,OPEN
PO-002906,SUP-0017,CON-0017,2026-02-06,INR,40041.09,OPEN
PO-002907,SUP-0041,CON-0041,2026-06-17,USD,97354.99,OPEN
PO-002908,SUP-0098,CON-0098,2026-02-05,USD,108389.16,OPEN
PO-002909,SUP-0029,CON-0029,2026-01-04,USD,17777.4,OPEN
PO-002910,SUP-0011,CON-0123,2026-03-05,USD,70013.38,OPEN
PO-002911,SUP-0115,CON-0115,2026-05-02,EUR,4018.81,OPEN
PO-002912,SUP-0045,CON-0045,2026-08-07,EUR,67451.17,OPEN
PO-002913,SUP-0117,CON-0117,2026-06-07,INR,129605.28,OPEN
PO-002914,SUP-0120,CON-0149,2026-07-05,INR,33898.26,OPEN
PO-002915,SUP-0095,CON-0124,2026-03-20,INR,101892.18,OPEN
PO-002916,SUP-0042,CON-0134,2026-08-28,GBP,138390.87,OPEN
PO-002917,SUP-0052,CON-0052,2026-07-05,EUR,126158.71,OPEN
PO-002918,SUP-0081,CON-0081,2026-01-18,INR,133401.28,OPEN
PO-002919,SUP-0057,CON-0057,2026-04-14,INR,58764.7,OPEN
PO-002920,SUP-0038,CON-0038,2026-04-29,INR,43589.5,OPEN
PO-002921,SUP-0036,CON-0148,2026-03-29,GBP,99450.44,OPEN
PO-002922,SUP-0107,CON-0107,2026-06-11,EUR,96165.0,OPEN
PO-002923,SUP-0023,CON-0023,2026-05-31,EUR,26723.76,OPEN
PO-002924,SUP-0082,CON-0082,2026-04-21,GBP,48447.2,OPEN
PO-002925,SUP-0054,CON-0145,2026-08-20,GBP,85840.01,OPEN
PO-002926,SUP-0074,CON-0074,2026-02-11,EUR,146149.27,OPEN
PO-002927,SUP-0017,CON-0017,2026-04-12,INR,37881.73,OPEN
PO-002928,SUP-0005,CON-0005,2026-05-06,USD,60884.74,OPEN
PO-002929,SUP-0076,CON-0076,2026-08-16,USD,86698.63,OPEN
PO-002930,SUP-0011,CON-0011,2026-08-27,GBP,68586.83,OPEN
PO-002931,SUP-0022,CON-0022,2026-01-09,GBP,12765.2,OPEN
PO-002932,SUP-0119,CON-0119,2026-02-07,INR,31950.91,OPEN
PO-002933,SUP-0005,CON-0005,2026-08-05,USD,16891.85,OPEN
PO-002934,SUP-0079,CON-0079,2026-03-21,INR,71300.35,OPEN
PO-002935,SUP-0034,CON-0034,2026-01-22,GBP,88256.61,OPEN
PO-002936,SUP-0031,CON-0031,2026-07-29,GBP,28433.21,OPEN
PO-002937,SUP-0063,CON-0063,2026-07-14,INR,17746.09,OPEN
PO-002938,SUP-0113,CON-0113,2026-08-25,INR,52548.58,OPEN
PO-002939,SUP-0012,CON-0142,2026-04-14,USD,56467.83,OPEN
PO-002940,SUP-0075,CON-0075,2026-03-02,GBP,149563.54,OPEN
PO-002941,SUP-0028,CON-0028,2026-08-06,INR,95508.69,OPEN
PO-002942,SUP-0076,CON-0076,2026-04-17,USD,50717.28,OPEN
PO-002943,SUP-0002,CON-0002,2026-06-27,USD,61670.25,OPEN
PO-002944,SUP-0058,CON-0058,2026-05-08,GBP,124261.06,OPEN
PO-002945,SUP-0021,CON-0021,2026-07-30,GBP,62779.87,OPEN
PO-002946,SUP-0023,CON-0023,2026-07-20,EUR,148824.15,OPEN
PO-002947,SUP-0004,CON-0004,2026-06-03,GBP,80371.84,OPEN
PO-002948,SUP-0034,CON-0034,2026-04-10,GBP,73534.63,OPEN
PO-002949,SUP-0011,CON-0123,2026-03-28,USD,122314.55,OPEN
PO-002950,SUP-0052,CON-0052,2026-07-10,EUR,46071.46,OPEN
PO-002951,SUP-0117,CON-0117,2026-06-18,INR,1070.91,OPEN
PO-002952,SUP-0111,CON-0111,2026-07-18,GBP,61913.08,OPEN
PO-002953,SUP-0018,CON-0018,2026-04-07,USD,41573.45,OPEN
PO-002954,SUP-0020,CON-0020,2026-02-20,EUR,18386.31,OPEN
PO-002955,SUP-0027,CON-0027,2026-04-27,EUR,49336.13,OPEN
PO-002956,SUP-0031,CON-0031,2026-05-02,GBP,15617.67,OPEN
PO-002957,SUP-0087,CON-0087,2026-08-17,INR,149999.17,OPEN
PO-002958,SUP-0116,CON-0116,2026-03-24,EUR,45752.67,OPEN
PO-002959,SUP-0087,CON-0087,2026-05-27,INR,143145.87,OPEN
PO-002960,SUP-0078,CON-0078,2026-01-28,EUR,138082.01,OPEN
PO-002961,SUP-0060,CON-0060,2026-08-06,GBP,58211.45,OPEN
PO-002962,SUP-0029,CON-0029,2026-06-24,USD,3465.87,OPEN
PO-002963,SUP-0080,CON-0080,2026-02-05,INR,148097.8,OPEN
PO-002964,SUP-0002,CON-0002,2026-06-05,USD,123189.68,OPEN
PO-002965,SUP-0007,CON-0007,2026-06-04,GBP,131020.39,OPEN
PO-002966,SUP-0087,CON-0087,2026-02-25,INR,76663.19,OPEN
PO-002967,SUP-0115,CON-0115,2026-02-21,EUR,140054.77,OPEN
PO-002968,SUP-0066,CON-0066,2026-05-12,GBP,139710.29,OPEN
PO-002969,SUP-0064,CON-0064,2026-01-20,EUR,69488.1,OPEN
PO-002970,SUP-0053,CON-0053,2026-07-20,EUR,120416.6,OPEN
PO-002971,SUP-0039,CON-0039,2026-01-22,GBP,47178.66,OPEN
PO-002972,SUP-0034,CON-0034,2026-03-21,GBP,3877.22,OPEN
PO-002973,SUP-0120,CON-0120,2026-01-13,USD,144726.52,OPEN
PO-002974,SUP-0035,CON-0035,2026-07-02,GBP,111194.28,OPEN
PO-002975,SUP-0007,CON-0007,2026-07-30,GBP,47997.58,OPEN
PO-002976,SUP-0006,CON-0006,2026-07-20,GBP,110544.7,OPEN
PO-002977,SUP-0090,CON-0090,2026-03-22,USD,56823.15,OPEN
PO-002978,SUP-0072,CON-0072,2026-07-22,EUR,8433.63,OPEN
PO-002979,SUP-0032,CON-0146,2026-08-26,EUR,139931.97,OPEN
PO-002980,SUP-0073,CON-0073,2026-02-26,GBP,10520.78,OPEN
PO-002981,SUP-0113,CON-0113,2026-03-03,INR,117459.42,OPEN
PO-002982,SUP-0090,CON-0090,2026-02-11,USD,46271.65,OPEN
PO-002983,SUP-0034,CON-0034,2026-01-03,GBP,91277.1,OPEN
PO-002984,SUP-0082,CON-0082,2026-01-07,GBP,57750.38,OPEN
PO-002985,SUP-0086,CON-0086,2026-08-08,GBP,27111.76,OPEN
PO-002986,SUP-0071,CON-0071,2026-05-06,INR,89397.75,OPEN
PO-002987,SUP-0096,CON-0096,2026-05-27,EUR,11628.78,OPEN
PO-002988,SUP-0008,CON-0008,2026-08-21,EUR,112981.45,OPEN
PO-002989,SUP-0008,CON-0008,2026-05-07,EUR,114513.61,OPEN
PO-002990,SUP-0107,CON-0107,2026-01-31,EUR,135962.14,OPEN
PO-002991,SUP-0051,CON-0051,2026-01-17,GBP,87218.01,OPEN
PO-002992,SUP-0097,CON-0097,2026-07-14,GBP,83568.35,OPEN
PO-002993,SUP-0063,CON-0063,2026-03-24,INR,18082.92,OPEN
PO-002994,SUP-0112,CON-0112,2026-04-16,EUR,75710.39,OPEN
PO-002995,SUP-0089,CON-0121,2026-02-26,GBP,76329.1,OPEN
PO-002996,SUP-0015,CON-0015,2026-07-16,EUR,116423.93,OPEN
PO-002997,SUP-0113,CON-0113,2026-08-18,INR,74145.1,OPEN
PO-002998,SUP-0077,CON-0077,2026-07-06,EUR,147732.97,OPEN
PO-002999,SUP-0029,CON-0029,2026-08-25,USD,114389.88,OPEN
PO-003000,SUP-0064,CON-0064,2026-07-13,EUR,86487.26,OPEN
PO-003001,SUP-0031,CON-0031,2026-04-19,GBP,127666.28,OPEN
PO-003002,SUP-0078,CON-0078,2026-06-12,EUR,127515.23,OPEN
PO-003003,SUP-0092,CON-0092,2026-02-11,INR,2995.99,OPEN
PO-003004,SUP-0005,CON-0005,2026-03-21,USD,18354.9,OPEN
PO-003005,SUP-0098,CON-0098,2026-01-01,USD,147354.56,OPEN
PO-003006,SUP-0076,CON-0076,2026-05-18,USD,145425.48,OPEN
PO-003007,SUP-0083,CON-0083,2026-05-08,INR,63995.25,OPEN
PO-003008,SUP-0004,CON-0140,2026-04-04,EUR,148907.73,OPEN
PO-003009,SUP-0077,CON-0077,2026-08-14,EUR,29603.56,OPEN
PO-003010,SUP-0030,CON-0030,2026-06-06,GBP,49207.11,OPEN
PO-003011,SUP-0113,CON-0113,2026-02-07,INR,73705.98,OPEN
PO-003012,SUP-0037,CON-0150,2026-06-18,INR,122211.03,OPEN
PO-003013,SUP-0080,CON-0080,2026-01-04,INR,105643.77,OPEN
PO-003014,SUP-0087,CON-0087,2026-02-23,INR,38987.98,OPEN
PO-003015,SUP-0091,CON-0091,2026-05-08,USD,33873.05,OPEN
PO-003016,SUP-0037,CON-0150,2026-02-14,INR,12659.31,OPEN
PO-003017,SUP-0107,CON-0107,2026-01-30,EUR,113575.21,OPEN
PO-003018,SUP-0011,CON-0123,2026-05-11,USD,141104.51,OPEN
PO-003019,SUP-0087,CON-0087,2026-04-25,INR,125576.69,OPEN
PO-003020,SUP-0034,CON-0034,2026-04-18,GBP,104217.93,OPEN
PO-003021,SUP-0011,CON-0123,2026-08-26,USD,83936.73,OPEN
PO-003022,SUP-0080,CON-0080,2026-03-29,INR,39464.56,OPEN
PO-003023,SUP-0033,CON-0033,2026-02-12,USD,149332.35,OPEN
PO-003024,SUP-0111,CON-0111,2026-08-22,GBP,22362.6,OPEN
PO-003025,SUP-0048,CON-0048,2026-01-25,USD,148838.75,OPEN
PO-003026,SUP-0068,CON-0068,2026-07-24,INR,148177.42,OPEN
PO-003027,SUP-0067,CON-0067,2026-05-16,USD,18808.7,OPEN
PO-003028,SUP-0096,CON-0096,2026-03-28,EUR,28617.09,OPEN
PO-003029,SUP-0035,CON-0035,2026-08-01,GBP,138876.17,OPEN
PO-003030,SUP-0049,CON-0049,2026-02-26,INR,20499.72,OPEN
PO-003031,SUP-0062,CON-0062,2026-08-03,GBP,86139.09,OPEN
PO-003032,SUP-0038,CON-0038,2026-02-15,INR,149936.47,OPEN
PO-003033,SUP-0007,CON-0136,2026-03-12,INR,44865.38,OPEN
PO-003034,SUP-0018,CON-0018,2026-08-04,USD,70966.86,OPEN
PO-003035,SUP-0097,CON-0097,2026-05-01,GBP,129210.71,OPEN
PO-003036,SUP-0069,CON-0069,2026-02-19,EUR,61353.63,OPEN
PO-003037,SUP-0007,CON-0007,2026-04-08,GBP,23356.34,OPEN
PO-003038,SUP-0072,CON-0072,2026-06-23,EUR,52889.72,OPEN
PO-003039,SUP-0078,CON-0078,2026-03-18,EUR,55902.18,OPEN
PO-003040,SUP-0056,CON-0056,2026-04-26,GBP,130105.01,OPEN
PO-003041,SUP-0104,CON-0104,2026-07-12,GBP,50632.51,OPEN
PO-003042,SUP-0078,CON-0078,2026-05-17,EUR,8363.51,OPEN
PO-003043,SUP-0055,CON-0055,2026-02-01,USD,52522.6,OPEN
PO-003044,SUP-0001,CON-0001,2026-03-30,EUR,3925.68,OPEN
PO-003045,SUP-0044,CON-0044,2026-08-17,USD,53167.71,OPEN
PO-003046,SUP-0099,CON-0099,2026-03-08,USD,20381.38,OPEN
PO-003047,SUP-0066,CON-0066,2026-05-30,GBP,146942.89,OPEN
PO-003048,SUP-0030,CON-0030,2026-07-14,GBP,76981.71,OPEN
PO-003049,SUP-0034,CON-0034,2026-01-28,GBP,16574.28,OPEN
PO-003050,SUP-0028,CON-0028,2026-08-19,INR,16272.43,OPEN
PO-003051,SUP-0047,CON-0047,2026-07-28,INR,27579.27,OPEN
PO-003052,SUP-0042,CON-0042,2026-04-10,USD,85459.42,OPEN
PO-003053,SUP-0091,CON-0091,2026-01-08,USD,93056.77,OPEN
PO-003054,SUP-0058,CON-0058,2026-06-06,GBP,25824.25,OPEN
PO-003055,SUP-0049,CON-0049,2026-05-20,INR,1798.49,OPEN
PO-003056,SUP-0001,CON-0001,2026-01-16,EUR,124487.35,OPEN
PO-003057,SUP-0022,CON-0022,2026-05-24,GBP,124400.56,OPEN
PO-003058,SUP-0056,CON-0056,2026-08-04,GBP,10184.16,OPEN
PO-003059,SUP-0099,CON-0099,2026-08-22,USD,145506.14,OPEN
PO-003060,SUP-0119,CON-0119,2026-08-19,INR,107542.43,OPEN
PO-003061,SUP-0032,CON-0146,2026-02-15,EUR,34458.22,OPEN
PO-003062,SUP-0014,CON-0014,2026-04-26,INR,64084.07,OPEN
PO-003063,SUP-0030,CON-0030,2026-06-28,GBP,87002.19,OPEN
PO-003064,SUP-0016,CON-0143,2026-03-18,EUR,123350.03,OPEN
PO-003065,SUP-0060,CON-0060,2026-06-12,GBP,126427.17,OPEN
PO-003066,SUP-0017,CON-0017,2026-08-09,INR,46115.29,OPEN
PO-003067,SUP-0071,CON-0071,2026-02-25,INR,20899.32,OPEN
PO-003068,SUP-0039,CON-0039,2026-06-20,GBP,1291.94,OPEN
PO-003069,SUP-0082,CON-0082,2026-01-19,GBP,118954.51,OPEN
PO-003070,SUP-0009,CON-0009,2026-03-04,EUR,91628.34,OPEN
PO-003071,SUP-0044,CON-0044,2026-05-28,USD,116479.42,OPEN
PO-003072,SUP-0005,CON-0005,2026-01-16,USD,5048.92,OPEN
PO-003073,SUP-0058,CON-0058,2026-06-10,GBP,28710.15,OPEN
PO-003074,SUP-0032,CON-0032,2026-07-11,USD,9680.06,OPEN
PO-003075,SUP-0018,CON-0018,2026-01-08,USD,119220.52,OPEN
PO-003076,SUP-0072,CON-0072,2026-05-06,EUR,131629.63,OPEN
PO-003077,SUP-0039,CON-0039,2026-01-31,GBP,16872.61,OPEN
PO-003078,SUP-0044,CON-0044,2026-08-26,USD,139454.08,OPEN
PO-003079,SUP-0026,CON-0026,2026-08-09,GBP,98985.64,OPEN
PO-003080,SUP-0016,CON-0143,2026-03-02,EUR,100221.78,OPEN
PO-003081,SUP-0075,CON-0075,2026-03-21,GBP,33431.61,OPEN
PO-003082,SUP-0093,CON-0093,2026-02-24,GBP,91831.35,OPEN
PO-003083,SUP-0120,CON-0149,2026-04-18,INR,99310.12,OPEN
PO-003084,SUP-0005,CON-0005,2026-04-07,USD,92585.67,OPEN
PO-003085,SUP-0037,CON-0037,2026-02-22,EUR,15352.73,OPEN
PO-003086,SUP-0004,CON-0004,2026-04-10,GBP,112403.42,OPEN
PO-003087,SUP-0092,CON-0092,2026-07-12,INR,146552.56,OPEN
PO-003088,SUP-0055,CON-0055,2026-04-13,USD,14444.36,OPEN
PO-003089,SUP-0016,CON-0143,2026-08-19,EUR,63306.23,OPEN
PO-003090,SUP-0026,CON-0026,2026-08-15,GBP,55349.68,OPEN
PO-003091,SUP-0074,CON-0126,2026-01-05,EUR,77583.1,OPEN
PO-003092,SUP-0018,CON-0018,2026-07-15,USD,146702.22,OPEN
PO-003093,SUP-0075,CON-0075,2026-01-13,GBP,1564.95,OPEN
PO-003094,SUP-0081,CON-0081,2026-05-03,INR,12642.93,OPEN
PO-003095,SUP-0013,CON-0013,2026-04-30,INR,110684.71,OPEN
PO-003096,SUP-0079,CON-0079,2026-02-13,INR,76799.68,OPEN
PO-003097,SUP-0044,CON-0044,2026-05-06,USD,63749.47,OPEN
PO-003098,SUP-0081,CON-0137,2026-01-29,USD,57814.23,OPEN
PO-003099,SUP-0052,CON-0052,2026-07-02,EUR,71271.81,OPEN
PO-003100,SUP-0116,CON-0116,2026-05-11,EUR,81723.47,OPEN
PO-003101,SUP-0080,CON-0080,2026-06-26,INR,111890.76,OPEN
PO-003102,SUP-0055,CON-0055,2026-07-18,USD,69079.44,OPEN
PO-003103,SUP-0109,CON-0109,2026-01-09,EUR,129419.14,OPEN
PO-003104,SUP-0086,CON-0086,2026-01-10,GBP,93529.35,OPEN
PO-003105,SUP-0037,CON-0150,2026-06-29,INR,54265.94,OPEN
PO-003106,SUP-0062,CON-0062,2026-01-26,GBP,44194.79,OPEN
PO-003107,SUP-0051,CON-0051,2026-05-14,GBP,128568.13,OPEN
PO-003108,SUP-0118,CON-0118,2026-03-08,USD,14520.47,OPEN
PO-003109,SUP-0037,CON-0150,2026-05-02,INR,65867.78,OPEN
PO-003110,SUP-0063,CON-0063,2026-02-08,INR,17473.37,OPEN
PO-003111,SUP-0112,CON-0112,2026-03-04,EUR,146989.13,OPEN
PO-003112,SUP-0036,CON-0036,2026-06-23,INR,67948.93,OPEN
PO-003113,SUP-0098,CON-0098,2026-07-20,USD,132414.69,OPEN
PO-003114,SUP-0099,CON-0099,2026-01-21,USD,106426.24,OPEN
PO-003115,SUP-0051,CON-0051,2026-02-13,GBP,72472.81,OPEN
PO-003116,SUP-0087,CON-0087,2026-02-01,INR,27101.35,OPEN
PO-003117,SUP-0082,CON-0082,2026-01-01,GBP,19480.19,OPEN
PO-003118,SUP-0040,CON-0040,2026-06-18,USD,114538.09,OPEN
PO-003119,SUP-0065,CON-0122,2026-01-07,GBP,97401.76,OPEN
PO-003120,SUP-0117,CON-0117,2026-02-26,INR,19780.4,OPEN
PO-003121,SUP-0108,CON-0108,2026-04-05,USD,145171.1,OPEN
PO-003122,SUP-0063,CON-0063,2026-04-20,INR,864.91,OPEN
PO-003123,SUP-0033,CON-0033,2026-05-15,USD,115993.3,OPEN
PO-003124,SUP-0026,CON-0026,2026-05-15,GBP,67193.11,OPEN
PO-003125,SUP-0027,CON-0027,2026-05-18,EUR,15823.19,OPEN
PO-003126,SUP-0078,CON-0078,2026-04-07,EUR,141328.09,OPEN
PO-003127,SUP-0057,CON-0139,2026-07-09,GBP,147149.3,OPEN
PO-003128,SUP-0028,CON-0028,2026-03-13,INR,6914.03,OPEN
PO-003129,SUP-0089,CON-0121,2026-05-08,GBP,28576.93,OPEN
PO-003130,SUP-0069,CON-0069,2026-07-13,EUR,59321.44,OPEN
PO-003131,SUP-0052,CON-0052,2026-06-03,EUR,82834.5,OPEN
PO-003132,SUP-0068,CON-0068,2026-01-07,INR,87051.89,OPEN
PO-003133,SUP-0108,CON-0108,2026-07-23,USD,48578.2,OPEN
PO-003134,SUP-0090,CON-0090,2026-03-20,USD,130602.98,OPEN
PO-003135,SUP-0019,CON-0019,2026-01-03,EUR,20803.78,OPEN
PO-003136,SUP-0089,CON-0089,2026-08-08,INR,80859.65,OPEN
PO-003137,SUP-0112,CON-0112,2026-01-14,EUR,4281.95,OPEN
PO-003138,SUP-0028,CON-0028,2026-02-02,INR,14839.52,OPEN
PO-003139,SUP-0071,CON-0071,2026-03-23,INR,65375.79,OPEN
PO-003140,SUP-0077,CON-0077,2026-07-01,EUR,10242.25,OPEN
PO-003141,SUP-0083,CON-0083,2026-01-17,INR,68279.96,OPEN
PO-003142,SUP-0107,CON-0107,2026-01-18,EUR,41671.57,OPEN
PO-003143,SUP-0072,CON-0072,2026-07-10,EUR,16471.85,OPEN
PO-003144,SUP-0120,CON-0149,2026-01-18,INR,82415.39,OPEN
PO-003145,SUP-0059,CON-0133,2026-05-16,INR,71052.8,OPEN
PO-003146,SUP-0054,CON-0145,2026-06-10,GBP,56558.72,OPEN
PO-003147,SUP-0075,CON-0075,2026-08-26,GBP,90475.18,OPEN
PO-003148,SUP-0004,CON-0004,2026-04-27,GBP,63676.8,OPEN
PO-003149,SUP-0025,CON-0025,2026-07-20,USD,33271.54,OPEN
PO-003150,SUP-0021,CON-0021,2026-05-06,GBP,80334.67,OPEN
PO-003151,SUP-0103,CON-0103,2026-04-17,GBP,48323.59,OPEN
PO-003152,SUP-0110,CON-0110,2026-03-11,USD,33520.29,OPEN
PO-003153,SUP-0114,CON-0114,2026-03-06,EUR,17023.0,OPEN
PO-003154,SUP-0117,CON-0117,2026-04-11,INR,64515.29,OPEN
PO-003155,SUP-0085,CON-0085,2026-03-12,EUR,42595.14,OPEN
PO-003156,SUP-0079,CON-0079,2026-05-15,INR,97395.35,OPEN
PO-003157,SUP-0085,CON-0132,2026-01-22,GBP,94677.26,OPEN
PO-003158,SUP-0061,CON-0061,2026-03-18,EUR,46354.21,OPEN
PO-003159,SUP-0016,CON-0016,2026-06-12,USD,105922.26,OPEN
PO-003160,SUP-0057,CON-0139,2026-05-31,GBP,85974.74,OPEN
PO-003161,SUP-0119,CON-0119,2026-05-12,INR,143749.39,OPEN
PO-003162,SUP-0028,CON-0028,2026-05-07,INR,103519.72,OPEN
PO-003163,SUP-0049,CON-0049,2026-01-20,INR,52930.12,OPEN
PO-003164,SUP-0081,CON-0137,2026-05-10,USD,10785.44,OPEN
PO-003165,SUP-0070,CON-0070,2026-08-08,INR,32295.51,OPEN
PO-003166,SUP-0026,CON-0026,2026-07-30,GBP,89379.84,OPEN
PO-003167,SUP-0062,CON-0062,2026-02-24,GBP,8387.53,OPEN
PO-003168,SUP-0075,CON-0075,2026-03-08,GBP,69916.88,OPEN
PO-003169,SUP-0073,CON-0073,2026-08-16,GBP,28880.17,OPEN
PO-003170,SUP-0079,CON-0079,2026-02-10,INR,70324.29,OPEN
PO-003171,SUP-0040,CON-0040,2026-06-14,USD,146716.49,OPEN
PO-003172,SUP-0034,CON-0034,2026-04-03,GBP,127715.04,OPEN
PO-003173,SUP-0035,CON-0138,2026-04-28,EUR,53627.51,OPEN
PO-003174,SUP-0045,CON-0045,2026-01-15,EUR,31921.27,OPEN
PO-003175,SUP-0083,CON-0083,2026-04-02,INR,118010.92,OPEN
PO-003176,SUP-0097,CON-0097,2026-03-15,GBP,84802.75,OPEN
PO-003177,SUP-0063,CON-0063,2026-06-24,INR,147756.51,OPEN
PO-003178,SUP-0105,CON-0105,2026-02-11,GBP,27336.84,OPEN
PO-003179,SUP-0018,CON-0018,2026-02-09,USD,83545.3,OPEN
PO-003180,SUP-0081,CON-0081,2026-04-16,INR,111701.12,OPEN
PO-003181,SUP-0014,CON-0014,2026-06-15,INR,5934.14,OPEN
PO-003182,SUP-0064,CON-0064,2026-07-16,EUR,124526.23,OPEN
PO-003183,SUP-0023,CON-0023,2026-05-18,EUR,45127.73,OPEN
PO-003184,SUP-0092,CON-0092,2026-07-30,INR,110546.61,OPEN
PO-003185,SUP-0059,CON-0059,2026-02-15,GBP,30437.87,OPEN
PO-003186,SUP-0043,CON-0130,2026-03-14,USD,3774.23,OPEN
PO-003187,SUP-0077,CON-0077,2026-01-04,EUR,72514.57,OPEN
PO-003188,SUP-0023,CON-0023,2026-06-18,EUR,12978.98,OPEN
PO-003189,SUP-0015,CON-0015,2026-08-06,EUR,136965.05,OPEN
PO-003190,SUP-0100,CON-0100,2026-04-15,EUR,144437.55,OPEN
PO-003191,SUP-0120,CON-0144,2026-07-07,INR,54867.49,OPEN
PO-003192,SUP-0085,CON-0085,2026-04-29,EUR,49915.12,OPEN
PO-003193,SUP-0058,CON-0058,2026-03-26,GBP,130213.62,OPEN
PO-003194,SUP-0022,CON-0022,2026-07-01,GBP,130538.08,OPEN
PO-003195,SUP-0014,CON-0014,2026-06-24,INR,41244.16,OPEN
PO-003196,SUP-0062,CON-0062,2026-07-03,GBP,24651.37,OPEN
PO-003197,SUP-0089,CON-0121,2026-06-26,GBP,33271.92,OPEN
PO-003198,SUP-0018,CON-0018,2026-06-22,USD,35974.9,OPEN
PO-003199,SUP-0101,CON-0101,2026-04-10,EUR,18877.99,OPEN
PO-003200,SUP-0091,CON-0091,2026-06-05,USD,65580.61,OPEN
PO-003201,SUP-0064,CON-0064,2026-01-01,EUR,79941.89,OPEN
PO-003202,SUP-0088,CON-0088,2026-03-24,EUR,34947.35,OPEN
PO-003203,SUP-0074,CON-0126,2026-03-11,EUR,67033.38,OPEN
PO-003204,SUP-0012,CON-0142,2026-05-09,USD,34406.97,OPEN
PO-003205,SUP-0089,CON-0089,2026-03-05,INR,11873.09,OPEN
PO-003206,SUP-0024,CON-0024,2026-02-24,USD,21311.26,OPEN
PO-003207,SUP-0046,CON-0046,2026-04-27,USD,47634.98,OPEN
PO-003208,SUP-0056,CON-0056,2026-01-23,GBP,21978.16,OPEN
PO-003209,SUP-0064,CON-0064,2026-02-18,EUR,97785.84,OPEN
PO-003210,SUP-0024,CON-0128,2026-03-08,GBP,102789.72,OPEN
PO-003211,SUP-0050,CON-0050,2026-06-11,USD,128398.43,OPEN
PO-003212,SUP-0073,CON-0073,2026-01-19,GBP,44843.25,OPEN
PO-003213,SUP-0046,CON-0046,2026-02-01,USD,146213.43,OPEN
PO-003214,SUP-0108,CON-0108,2026-05-09,USD,69033.72,OPEN
PO-003215,SUP-0102,CON-0102,2026-04-19,GBP,85483.9,OPEN
PO-003216,SUP-0011,CON-0011,2026-01-13,GBP,21029.2,OPEN
PO-003217,SUP-0082,CON-0082,2026-06-29,GBP,130888.16,OPEN
PO-003218,SUP-0048,CON-0048,2026-02-26,USD,34034.19,OPEN
PO-003219,SUP-0075,CON-0075,2026-07-15,GBP,111339.23,OPEN
PO-003220,SUP-0043,CON-0043,2026-03-19,USD,38731.95,OPEN
PO-003221,SUP-0019,CON-0019,2026-02-14,EUR,126523.14,OPEN
PO-003222,SUP-0035,CON-0035,2026-08-25,GBP,97208.5,OPEN
PO-003223,SUP-0074,CON-0126,2026-01-14,EUR,130267.29,OPEN
PO-003224,SUP-0036,CON-0148,2026-07-15,GBP,138938.69,OPEN
PO-003225,SUP-0104,CON-0104,2026-03-11,GBP,124714.59,OPEN
PO-003226,SUP-0065,CON-0065,2026-02-20,GBP,73757.18,OPEN
PO-003227,SUP-0045,CON-0045,2026-07-25,EUR,65029.97,OPEN
PO-003228,SUP-0084,CON-0084,2026-08-29,EUR,51095.89,OPEN
PO-003229,SUP-0106,CON-0106,2026-01-25,USD,43142.91,OPEN
PO-003230,SUP-0013,CON-0013,2026-01-13,INR,80908.69,OPEN
PO-003231,SUP-0058,CON-0058,2026-04-12,GBP,84366.57,OPEN
PO-003232,SUP-0061,CON-0061,2026-01-01,EUR,148483.84,OPEN
PO-003233,SUP-0081,CON-0081,2026-08-01,INR,111046.5,OPEN
PO-003234,SUP-0060,CON-0060,2026-02-07,GBP,119562.86,OPEN
PO-003235,SUP-0029,CON-0029,2026-03-12,USD,54275.43,OPEN
PO-003236,SUP-0050,CON-0050,2026-04-10,USD,102949.05,OPEN
PO-003237,SUP-0014,CON-0014,2026-05-27,INR,59282.78,OPEN
PO-003238,SUP-0097,CON-0097,2026-02-13,GBP,12899.8,OPEN
PO-003239,SUP-0008,CON-0008,2026-04-19,EUR,148304.07,OPEN
PO-003240,SUP-0094,CON-0094,2026-07-26,USD,120725.03,OPEN
PO-003241,SUP-0041,CON-0041,2026-03-30,USD,57922.74,OPEN
PO-003242,SUP-0054,CON-0145,2026-01-25,GBP,50608.08,OPEN
PO-003243,SUP-0014,CON-0014,2026-06-27,INR,50970.79,OPEN
PO-003244,SUP-0045,CON-0045,2026-07-02,EUR,106999.19,OPEN
PO-003245,SUP-0095,CON-0095,2026-07-12,GBP,2001.26,OPEN
PO-003246,SUP-0017,CON-0017,2026-06-26,INR,103645.02,OPEN
PO-003247,SUP-0120,CON-0144,2026-03-30,INR,83344.66,OPEN
PO-003248,SUP-0095,CON-0095,2026-02-07,GBP,125196.7,OPEN
PO-003249,SUP-0054,CON-0145,2026-05-16,GBP,113249.28,OPEN
PO-003250,SUP-0120,CON-0149,2026-07-21,INR,27398.06,OPEN
PO-003251,SUP-0060,CON-0060,2026-06-21,GBP,95661.43,OPEN
PO-003252,SUP-0044,CON-0044,2026-01-11,USD,48654.92,OPEN
PO-003253,SUP-0015,CON-0015,2026-05-15,EUR,69464.5,OPEN
PO-003254,SUP-0120,CON-0144,2026-01-05,INR,44297.36,OPEN
PO-003255,SUP-0085,CON-0135,2026-01-03,GBP,36663.83,OPEN
PO-003256,SUP-0063,CON-0063,2026-07-25,INR,107833.75,OPEN
PO-003257,SUP-0089,CON-0121,2026-04-12,GBP,67164.42,OPEN
PO-003258,SUP-0045,CON-0045,2026-07-14,EUR,137342.73,OPEN
PO-003259,SUP-0115,CON-0115,2026-05-08,EUR,56257.55,OPEN
PO-003260,SUP-0090,CON-0090,2026-03-24,USD,29485.69,OPEN
PO-003261,SUP-0086,CON-0086,2026-02-17,GBP,1219.03,OPEN
PO-003262,SUP-0079,CON-0079,2026-08-28,INR,56695.88,OPEN
PO-003263,SUP-0078,CON-0078,2026-08-16,EUR,73263.24,OPEN
PO-003264,SUP-0031,CON-0031,2026-04-09,GBP,80954.98,OPEN
PO-003265,SUP-0031,CON-0031,2026-06-10,GBP,10659.97,OPEN
PO-003266,SUP-0054,CON-0054,2026-08-12,INR,61766.63,OPEN
PO-003267,SUP-0012,CON-0142,2026-08-08,USD,48039.6,OPEN
PO-003268,SUP-0085,CON-0135,2026-04-20,GBP,47581.48,OPEN
PO-003269,SUP-0048,CON-0048,2026-02-17,USD,58454.88,OPEN
PO-003270,SUP-0102,CON-0102,2026-08-24,GBP,47916.46,OPEN
PO-003271,SUP-0065,CON-0065,2026-01-16,GBP,21897.29,OPEN
PO-003272,SUP-0105,CON-0105,2026-04-03,GBP,67274.0,OPEN
PO-003273,SUP-0071,CON-0071,2026-04-17,INR,58838.94,OPEN
PO-003274,SUP-0101,CON-0101,2026-08-17,EUR,47688.15,OPEN
PO-003275,SUP-0079,CON-0079,2026-06-04,INR,9662.03,OPEN
PO-003276,SUP-0007,CON-0136,2026-02-07,INR,138326.62,OPEN
PO-003277,SUP-0094,CON-0094,2026-07-23,USD,21398.76,OPEN
PO-003278,SUP-0005,CON-0005,2026-07-12,USD,11561.09,OPEN
PO-003279,SUP-0108,CON-0108,2026-07-03,USD,58462.09,OPEN
PO-003280,SUP-0079,CON-0079,2026-07-12,INR,7413.02,OPEN
PO-003281,SUP-0060,CON-0060,2026-08-14,GBP,80024.65,OPEN
PO-003282,SUP-0114,CON-0114,2026-03-02,EUR,8741.21,OPEN
PO-003283,SUP-0012,CON-0125,2026-06-24,USD,99962.84,OPEN
PO-003284,SUP-0003,CON-0003,2026-05-20,EUR,18363.38,OPEN
PO-003285,SUP-0091,CON-0091,2026-08-04,USD,126354.16,OPEN
PO-003286,SUP-0015,CON-0015,2026-02-03,EUR,45123.14,OPEN
PO-003287,SUP-0110,CON-0110,2026-05-23,USD,102054.94,OPEN
PO-003288,SUP-0023,CON-0023,2026-05-21,EUR,117296.22,OPEN
PO-003289,SUP-0073,CON-0073,2026-01-11,GBP,57124.57,OPEN
PO-003290,SUP-0029,CON-0029,2026-03-30,USD,62400.1,OPEN
PO-003291,SUP-0017,CON-0017,2026-04-02,INR,35750.5,OPEN
PO-003292,SUP-0050,CON-0050,2026-05-16,USD,85901.48,OPEN
PO-003293,SUP-0079,CON-0079,2026-07-16,INR,18705.42,OPEN
PO-003294,SUP-0047,CON-0047,2026-07-03,INR,64726.49,OPEN
PO-003295,SUP-0116,CON-0116,2026-01-04,EUR,59391.13,OPEN
PO-003296,SUP-0056,CON-0056,2026-04-08,GBP,80760.54,OPEN
PO-003297,SUP-0066,CON-0066,2026-05-06,GBP,109883.66,OPEN
PO-003298,SUP-0036,CON-0036,2026-05-01,INR,74324.83,OPEN
PO-003299,SUP-0080,CON-0080,2026-06-10,INR,143208.91,OPEN
PO-003300,SUP-0083,CON-0083,2026-08-24,INR,134358.0,OPEN
PO-003301,SUP-0015,CON-0015,2026-07-08,EUR,108826.33,OPEN
PO-003302,SUP-0003,CON-0003,2026-06-20,EUR,30106.95,OPEN
PO-003303,SUP-0095,CON-0124,2026-03-24,INR,68308.78,OPEN
PO-003304,SUP-0030,CON-0030,2026-06-10,GBP,6190.78,OPEN
PO-003305,SUP-0111,CON-0111,2026-01-22,GBP,123068.99,OPEN
PO-003306,SUP-0104,CON-0104,2026-01-06,GBP,87981.55,OPEN
PO-003307,SUP-0053,CON-0053,2026-05-13,EUR,103063.49,OPEN
PO-003308,SUP-0100,CON-0100,2026-01-14,EUR,2121.13,OPEN
PO-003309,SUP-0033,CON-0033,2026-06-07,USD,14981.87,OPEN
PO-003310,SUP-0007,CON-0136,2026-05-30,INR,125380.21,OPEN
PO-003311,SUP-0086,CON-0086,2026-01-31,GBP,1511.62,OPEN
PO-003312,SUP-0009,CON-0009,2026-03-21,EUR,48242.24,OPEN
PO-003313,SUP-0001,CON-0001,2026-07-22,EUR,9794.34,OPEN
PO-003314,SUP-0093,CON-0093,2026-03-12,GBP,123770.56,OPEN
PO-003315,SUP-0035,CON-0138,2026-03-05,EUR,96942.5,OPEN
PO-003316,SUP-0098,CON-0098,2026-03-21,USD,73364.36,OPEN
PO-003317,SUP-0090,CON-0090,2026-08-10,USD,76879.94,OPEN
PO-003318,SUP-0049,CON-0049,2026-02-04,INR,56860.97,OPEN
PO-003319,SUP-0087,CON-0087,2026-06-28,INR,117819.55,OPEN
PO-003320,SUP-0094,CON-0094,2026-05-15,USD,20399.58,OPEN
PO-003321,SUP-0083,CON-0083,2026-03-08,INR,126097.22,OPEN
PO-003322,SUP-0103,CON-0103,2026-02-12,GBP,147485.93,OPEN
PO-003323,SUP-0054,CON-0054,2026-02-18,INR,102905.78,OPEN
PO-003324,SUP-0063,CON-0063,2026-01-29,INR,105637.54,OPEN
PO-003325,SUP-0081,CON-0137,2026-04-27,USD,27185.66,OPEN
PO-003326,SUP-0001,CON-0001,2026-07-21,EUR,50374.97,OPEN
PO-003327,SUP-0120,CON-0149,2026-01-06,INR,22902.47,OPEN
PO-003328,SUP-0061,CON-0061,2026-03-17,EUR,13939.66,OPEN
PO-003329,SUP-0054,CON-0145,2026-07-10,GBP,93145.01,OPEN
PO-003330,SUP-0023,CON-0023,2026-08-05,EUR,97895.24,OPEN
PO-003331,SUP-0060,CON-0060,2026-07-26,GBP,59228.61,OPEN
PO-003332,SUP-0118,CON-0118,2026-05-27,USD,3087.91,OPEN
PO-003333,SUP-0092,CON-0092,2026-06-13,INR,109905.12,OPEN
PO-003334,SUP-0005,CON-0005,2026-06-08,USD,98495.47,OPEN
PO-003335,SUP-0074,CON-0074,2026-06-15,EUR,3070.15,OPEN
PO-003336,SUP-0085,CON-0085,2026-07-29,EUR,142571.71,OPEN
PO-003337,SUP-0022,CON-0022,2026-05-27,GBP,111617.78,OPEN
PO-003338,SUP-0022,CON-0022,2026-04-04,GBP,17832.74,OPEN
PO-003339,SUP-0056,CON-0056,2026-05-06,GBP,93215.41,OPEN
PO-003340,SUP-0091,CON-0091,2026-05-25,USD,18869.07,OPEN
PO-003341,SUP-0074,CON-0126,2026-01-27,EUR,40335.58,OPEN
PO-003342,SUP-0077,CON-0077,2026-01-02,EUR,32184.1,OPEN
PO-003343,SUP-0051,CON-0051,2026-02-10,GBP,51390.63,OPEN
PO-003344,SUP-0057,CON-0139,2026-03-21,GBP,32617.07,OPEN
PO-003345,SUP-0086,CON-0086,2026-04-09,GBP,103864.02,OPEN
PO-003346,SUP-0076,CON-0076,2026-03-23,USD,137900.23,OPEN
PO-003347,SUP-0039,CON-0039,2026-06-18,GBP,124995.27,OPEN
PO-003348,SUP-0037,CON-0150,2026-05-30,INR,145006.99,OPEN
PO-003349,SUP-0001,CON-0001,2026-07-12,EUR,64034.15,OPEN
PO-003350,SUP-0093,CON-0093,2026-06-14,GBP,75583.1,OPEN
PO-003351,SUP-0036,CON-0036,2026-02-20,INR,95464.39,OPEN
PO-003352,SUP-0072,CON-0072,2026-08-05,EUR,54487.01,OPEN
PO-003353,SUP-0007,CON-0007,2026-08-08,GBP,97495.37,OPEN
PO-003354,SUP-0063,CON-0063,2026-07-21,INR,52400.29,OPEN
PO-003355,SUP-0100,CON-0100,2026-02-05,EUR,97094.43,OPEN
PO-003356,SUP-0107,CON-0107,2026-03-05,EUR,70949.35,OPEN
PO-003357,SUP-0055,CON-0055,2026-05-14,USD,103592.16,OPEN
PO-003358,SUP-0085,CON-0085,2026-07-27,EUR,123488.42,OPEN
PO-003359,SUP-0025,CON-0025,2026-04-13,USD,122307.72,OPEN
PO-003360,SUP-0069,CON-0069,2026-04-18,EUR,37516.67,OPEN
PO-003361,SUP-0098,CON-0098,2026-06-06,USD,38890.06,OPEN
PO-003362,SUP-0055,CON-0055,2026-05-21,USD,18437.61,OPEN
PO-003363,SUP-0090,CON-0090,2026-05-26,USD,82249.23,OPEN
PO-003364,SUP-0024,CON-0128,2026-08-03,GBP,41071.0,OPEN
PO-003365,SUP-0052,CON-0052,2026-08-17,EUR,96398.68,OPEN
PO-003366,SUP-0076,CON-0076,2026-04-13,USD,92177.09,OPEN
PO-003367,SUP-0003,CON-0003,2026-07-01,EUR,7703.59,OPEN
PO-003368,SUP-0067,CON-0067,2026-01-16,USD,56638.71,OPEN
PO-003369,SUP-0048,CON-0048,2026-01-05,USD,120773.39,OPEN
PO-003370,SUP-0092,CON-0092,2026-06-02,INR,28637.48,OPEN
PO-003371,SUP-0077,CON-0077,2026-01-11,EUR,94412.68,OPEN
PO-003372,SUP-0017,CON-0017,2026-07-03,INR,26333.92,OPEN
PO-003373,SUP-0060,CON-0060,2026-01-26,GBP,132463.1,OPEN
PO-003374,SUP-0050,CON-0050,2026-04-22,USD,117586.88,OPEN
PO-003375,SUP-0113,CON-0113,2026-03-22,INR,74794.78,OPEN
PO-003376,SUP-0109,CON-0109,2026-08-01,EUR,99058.51,OPEN
PO-003377,SUP-0040,CON-0141,2026-02-13,USD,97550.25,OPEN
PO-003378,SUP-0059,CON-0133,2026-04-10,INR,111583.82,OPEN
PO-003379,SUP-0101,CON-0101,2026-01-27,EUR,149696.08,OPEN
PO-003380,SUP-0019,CON-0019,2026-01-31,EUR,114720.6,OPEN
PO-003381,SUP-0013,CON-0013,2026-03-27,INR,98524.94,OPEN
PO-003382,SUP-0083,CON-0083,2026-01-14,INR,25327.67,OPEN
PO-003383,SUP-0003,CON-0003,2026-01-25,EUR,81909.16,OPEN
PO-003384,SUP-0108,CON-0108,2026-03-28,USD,29402.34,OPEN
PO-003385,SUP-0060,CON-0060,2026-04-07,GBP,57907.72,OPEN
PO-003386,SUP-0098,CON-0098,2026-04-30,USD,967.05,OPEN
PO-003387,SUP-0023,CON-0023,2026-05-20,EUR,82148.4,OPEN
PO-003388,SUP-0119,CON-0119,2026-02-08,INR,51901.51,OPEN
PO-003389,SUP-0120,CON-0120,2026-02-17,USD,44236.37,OPEN
PO-003390,SUP-0095,CON-0124,2026-08-23,INR,13128.81,OPEN
PO-003391,SUP-0120,CON-0149,2026-05-29,INR,32241.46,OPEN
PO-003392,SUP-0007,CON-0136,2026-02-17,INR,97420.81,OPEN
PO-003393,SUP-0018,CON-0018,2026-07-17,USD,106050.2,OPEN
PO-003394,SUP-0070,CON-0070,2026-05-06,INR,116056.4,OPEN
PO-003395,SUP-0034,CON-0034,2026-03-08,GBP,87503.88,OPEN
PO-003396,SUP-0070,CON-0070,2026-05-23,INR,24141.09,OPEN
PO-003397,SUP-0069,CON-0069,2026-05-15,EUR,53587.82,OPEN
PO-003398,SUP-0092,CON-0092,2026-05-03,INR,10100.24,OPEN
PO-003399,SUP-0052,CON-0052,2026-06-19,EUR,59785.34,OPEN
PO-003400,SUP-0100,CON-0100,2026-08-03,EUR,31595.84,OPEN
PO-003401,SUP-0008,CON-0008,2026-05-24,EUR,4445.35,OPEN
PO-003402,SUP-0120,CON-0149,2026-05-25,INR,123559.38,OPEN
PO-003403,SUP-0044,CON-0044,2026-04-03,USD,6002.6,OPEN
PO-003404,SUP-0018,CON-0018,2026-05-09,USD,50383.48,OPEN
PO-003405,SUP-0116,CON-0116,2026-03-10,EUR,130825.94,OPEN
PO-003406,SUP-0034,CON-0034,2026-03-25,GBP,42945.78,OPEN
PO-003407,SUP-0088,CON-0088,2026-05-24,EUR,15469.79,OPEN
PO-003408,SUP-0084,CON-0084,2026-02-08,EUR,106981.61,OPEN
PO-003409,SUP-0091,CON-0091,2026-04-25,USD,43783.65,OPEN
PO-003410,SUP-0089,CON-0121,2026-05-29,GBP,98961.11,OPEN
PO-003411,SUP-0029,CON-0029,2026-06-25,USD,149383.05,OPEN
PO-003412,SUP-0081,CON-0081,2026-03-10,INR,77495.55,OPEN
PO-003413,SUP-0024,CON-0024,2026-08-16,USD,129216.7,OPEN
PO-003414,SUP-0067,CON-0067,2026-07-06,USD,59076.25,OPEN
PO-003415,SUP-0094,CON-0094,2026-08-13,USD,58527.04,OPEN
PO-003416,SUP-0068,CON-0068,2026-03-14,INR,143280.26,OPEN
PO-003417,SUP-0014,CON-0014,2026-08-11,INR,142001.18,OPEN
PO-003418,SUP-0030,CON-0030,2026-05-02,GBP,110261.02,OPEN
PO-003419,SUP-0013,CON-0013,2026-07-17,INR,89836.79,OPEN
PO-003420,SUP-0111,CON-0111,2026-05-05,GBP,122313.13,OPEN
PO-003421,SUP-0018,CON-0018,2026-08-28,USD,97047.04,OPEN
PO-003422,SUP-0037,CON-0037,2026-03-20,EUR,104966.03,OPEN
PO-003423,SUP-0084,CON-0084,2026-07-16,EUR,143204.62,OPEN
PO-003424,SUP-0098,CON-0098,2026-05-23,USD,51858.18,OPEN
PO-003425,SUP-0013,CON-0013,2026-07-26,INR,77929.5,OPEN
PO-003426,SUP-0021,CON-0021,2026-04-15,GBP,95895.89,OPEN
PO-003427,SUP-0067,CON-0067,2026-06-27,USD,18024.85,OPEN
PO-003428,SUP-0095,CON-0095,2026-01-12,GBP,121089.48,OPEN
PO-003429,SUP-0008,CON-0008,2026-07-09,EUR,10626.89,OPEN
PO-003430,SUP-0058,CON-0058,2026-07-07,GBP,29364.9,OPEN
PO-003431,SUP-0080,CON-0080,2026-06-11,INR,48101.54,OPEN
PO-003432,SUP-0089,CON-0089,2026-02-23,INR,124251.81,OPEN
PO-003433,SUP-0065,CON-0065,2026-02-05,GBP,83790.14,OPEN
PO-003434,SUP-0089,CON-0089,2026-06-18,INR,57091.1,OPEN
PO-003435,SUP-0022,CON-0022,2026-08-17,GBP,95881.35,OPEN
PO-003436,SUP-0019,CON-0019,2026-06-24,EUR,2933.89,OPEN
PO-003437,SUP-0017,CON-0017,2026-04-13,INR,93702.82,OPEN
PO-003438,SUP-0116,CON-0116,2026-08-06,EUR,9156.13,OPEN
PO-003439,SUP-0086,CON-0086,2026-02-24,GBP,103021.71,OPEN
PO-003440,SUP-0091,CON-0091,2026-07-16,USD,76599.54,OPEN
PO-003441,SUP-0085,CON-0132,2026-07-31,GBP,45637.07,OPEN
PO-003442,SUP-0117,CON-0117,2026-06-18,INR,51813.8,OPEN
PO-003443,SUP-0108,CON-0108,2026-08-05,USD,33736.48,OPEN
PO-003444,SUP-0082,CON-0082,2026-05-05,GBP,36853.04,OPEN
PO-003445,SUP-0024,CON-0024,2026-05-17,USD,108643.36,OPEN
PO-003446,SUP-0087,CON-0087,2026-04-08,INR,114428.25,OPEN
PO-003447,SUP-0015,CON-0015,2026-07-03,EUR,37194.51,OPEN
PO-003448,SUP-0043,CON-0131,2026-04-11,GBP,68473.51,OPEN
PO-003449,SUP-0007,CON-0007,2026-01-05,GBP,121609.11,OPEN
PO-003450,SUP-0104,CON-0104,2026-07-19,GBP,48361.81,OPEN
PO-003451,SUP-0110,CON-0110,2026-02-18,USD,112849.59,OPEN
PO-003452,SUP-0102,CON-0102,2026-05-22,GBP,134943.71,OPEN
PO-003453,SUP-0081,CON-0081,2026-04-18,INR,27188.63,OPEN
PO-003454,SUP-0069,CON-0069,2026-08-05,EUR,131059.66,OPEN
PO-003455,SUP-0043,CON-0130,2026-02-28,USD,2702.58,OPEN
PO-003456,SUP-0039,CON-0039,2026-08-07,GBP,34025.82,OPEN
PO-003457,SUP-0100,CON-0100,2026-03-03,EUR,10821.6,OPEN
PO-003458,SUP-0017,CON-0017,2026-04-23,INR,70190.71,OPEN
PO-003459,SUP-0089,CON-0121,2026-07-20,GBP,94043.52,OPEN
PO-003460,SUP-0101,CON-0101,2026-01-06,EUR,5277.82,OPEN
PO-003461,SUP-0063,CON-0063,2026-02-23,INR,136777.31,OPEN
PO-003462,SUP-0093,CON-0093,2026-07-16,GBP,42838.05,OPEN
PO-003463,SUP-0040,CON-0040,2026-04-15,USD,138848.51,OPEN
PO-003464,SUP-0110,CON-0110,2026-08-22,USD,4943.68,OPEN
PO-003465,SUP-0005,CON-0005,2026-08-20,USD,58621.65,OPEN
PO-003466,SUP-0033,CON-0033,2026-07-05,USD,134241.18,OPEN
PO-003467,SUP-0118,CON-0118,2026-06-18,USD,63126.77,OPEN
PO-003468,SUP-0028,CON-0028,2026-03-31,INR,12515.47,OPEN
PO-003469,SUP-0080,CON-0080,2026-03-31,INR,37835.87,OPEN
PO-003470,SUP-0107,CON-0107,2026-04-04,EUR,129751.73,OPEN
PO-003471,SUP-0104,CON-0104,2026-08-26,GBP,47570.04,OPEN
PO-003472,SUP-0061,CON-0061,2026-02-08,EUR,36039.04,OPEN
PO-003473,SUP-0089,CON-0089,2026-04-28,INR,31689.42,OPEN
PO-003474,SUP-0037,CON-0150,2026-03-19,INR,38000.07,OPEN
PO-003475,SUP-0086,CON-0086,2026-07-11,GBP,78626.74,OPEN
PO-003476,SUP-0069,CON-0069,2026-08-03,EUR,49538.6,OPEN
PO-003477,SUP-0116,CON-0116,2026-01-21,EUR,99644.42,OPEN
PO-003478,SUP-0057,CON-0057,2026-04-19,INR,139426.05,OPEN
PO-003479,SUP-0119,CON-0119,2026-07-13,INR,132730.09,OPEN
PO-003480,SUP-0055,CON-0055,2026-05-12,USD,95423.88,OPEN
PO-003481,SUP-0082,CON-0082,2026-05-11,GBP,114824.27,OPEN
PO-003482,SUP-0111,CON-0111,2026-03-14,GBP,113041.81,OPEN
PO-003483,SUP-0059,CON-0059,2026-08-22,GBP,13124.33,OPEN
PO-003484,SUP-0105,CON-0105,2026-04-19,GBP,107998.06,OPEN
PO-003485,SUP-0034,CON-0034,2026-06-16,GBP,23622.74,OPEN
PO-003486,SUP-0118,CON-0118,2026-01-09,USD,85325.67,OPEN
PO-003487,SUP-0109,CON-0109,2026-04-30,EUR,84328.63,OPEN
PO-003488,SUP-0105,CON-0105,2026-04-03,GBP,143516.84,OPEN
PO-003489,SUP-0117,CON-0117,2026-04-07,INR,25499.42,OPEN
PO-003490,SUP-0097,CON-0097,2026-03-20,GBP,59738.35,OPEN
PO-003491,SUP-0015,CON-0015,2026-08-07,EUR,102546.82,OPEN
PO-003492,SUP-0072,CON-0072,2026-08-24,EUR,142745.21,OPEN
PO-003493,SUP-0108,CON-0108,2026-02-25,USD,133123.08,OPEN
PO-003494,SUP-0114,CON-0114,2026-05-28,EUR,55116.23,OPEN
PO-003495,SUP-0094,CON-0094,2026-01-15,USD,50842.08,OPEN
PO-003496,SUP-0010,CON-0010,2026-08-03,INR,111987.01,OPEN
PO-003497,SUP-0103,CON-0103,2026-01-09,GBP,43302.03,OPEN
PO-003498,SUP-0080,CON-0080,2026-07-11,INR,96681.58,OPEN
PO-003499,SUP-0060,CON-0060,2026-08-02,GBP,57293.58,OPEN
PO-003500,SUP-0082,CON-0082,2026-01-14,GBP,45972.76,OPEN
PO-003501,SUP-0088,CON-0088,2026-04-11,EUR,19898.83,OPEN
PO-003502,SUP-0020,CON-0020,2026-07-15,EUR,119676.32,OPEN
PO-003503,SUP-0033,CON-0033,2026-05-04,USD,54838.79,OPEN
PO-003504,SUP-0075,CON-0075,2026-01-27,GBP,126794.7,OPEN
PO-003505,SUP-0047,CON-0047,2026-05-30,INR,81140.83,OPEN
PO-003506,SUP-0020,CON-0020,2026-03-31,EUR,28166.8,OPEN
PO-003507,SUP-0091,CON-0091,2026-07-31,USD,66463.07,OPEN
PO-003508,SUP-0102,CON-0102,2026-03-12,GBP,91557.68,OPEN
PO-003509,SUP-0086,CON-0086,2026-04-27,GBP,132236.97,OPEN
PO-003510,SUP-0049,CON-0049,2026-07-13,INR,34741.34,OPEN
PO-003511,SUP-0039,CON-0039,2026-08-08,GBP,145159.76,OPEN
PO-003512,SUP-0082,CON-0082,2026-05-26,GBP,78840.55,OPEN
PO-003513,SUP-0120,CON-0144,2026-07-26,INR,89476.54,OPEN
PO-003514,SUP-0028,CON-0028,2026-04-02,INR,113870.06,OPEN
PO-003515,SUP-0035,CON-0035,2026-03-27,GBP,114692.28,OPEN
PO-003516,SUP-0091,CON-0091,2026-01-09,USD,141136.41,OPEN
PO-003517,SUP-0104,CON-0104,2026-08-09,GBP,45245.91,OPEN
PO-003518,SUP-0089,CON-0121,2026-07-15,GBP,133297.61,OPEN
PO-003519,SUP-0069,CON-0069,2026-03-31,EUR,3489.43,OPEN
PO-003520,SUP-0064,CON-0064,2026-03-07,EUR,123551.27,OPEN
PO-003521,SUP-0035,CON-0035,2026-04-15,GBP,82474.97,OPEN
PO-003522,SUP-0105,CON-0105,2026-07-15,GBP,80030.37,OPEN
PO-003523,SUP-0071,CON-0071,2026-04-19,INR,113752.58,OPEN
PO-003524,SUP-0092,CON-0092,2026-04-14,INR,66287.96,OPEN
PO-003525,SUP-0107,CON-0107,2026-01-27,EUR,3398.97,OPEN
PO-003526,SUP-0089,CON-0121,2026-05-25,GBP,128058.27,OPEN
PO-003527,SUP-0058,CON-0058,2026-03-08,GBP,97831.2,OPEN
PO-003528,SUP-0113,CON-0113,2026-07-06,INR,50577.8,OPEN
PO-003529,SUP-0018,CON-0018,2026-02-18,USD,34300.96,OPEN
PO-003530,SUP-0085,CON-0135,2026-04-16,GBP,36362.58,OPEN
PO-003531,SUP-0038,CON-0038,2026-07-05,INR,48450.65,OPEN
PO-003532,SUP-0102,CON-0102,2026-06-04,GBP,12716.27,OPEN
PO-003533,SUP-0119,CON-0119,2026-08-15,INR,5225.38,OPEN
PO-003534,SUP-0045,CON-0045,2026-02-21,EUR,77268.33,OPEN
PO-003535,SUP-0109,CON-0109,2026-06-02,EUR,123455.64,OPEN
PO-003536,SUP-0013,CON-0013,2026-04-08,INR,73120.9,OPEN
PO-003537,SUP-0029,CON-0029,2026-02-24,USD,113154.37,OPEN
PO-003538,SUP-0090,CON-0090,2026-06-26,USD,99065.96,OPEN
PO-003539,SUP-0019,CON-0019,2026-07-12,EUR,90622.07,OPEN
PO-003540,SUP-0085,CON-0085,2026-08-05,EUR,18762.15,OPEN
PO-003541,SUP-0088,CON-0088,2026-08-07,EUR,126457.54,OPEN
PO-003542,SUP-0029,CON-0029,2026-05-23,USD,85194.76,OPEN
PO-003543,SUP-0052,CON-0052,2026-08-02,EUR,113794.64,OPEN
PO-003544,SUP-0035,CON-0035,2026-07-08,GBP,86932.67,OPEN
PO-003545,SUP-0107,CON-0107,2026-03-11,EUR,22881.81,OPEN
PO-003546,SUP-0037,CON-0150,2026-01-20,INR,148608.98,OPEN
PO-003547,SUP-0019,CON-0019,2026-02-06,EUR,34257.56,OPEN
PO-003548,SUP-0118,CON-0118,2026-05-09,USD,74186.49,OPEN
PO-003549,SUP-0035,CON-0138,2026-05-27,EUR,91677.08,OPEN
PO-003550,SUP-0071,CON-0071,2026-04-27,INR,146947.7,OPEN
PO-003551,SUP-0073,CON-0073,2026-02-02,GBP,57021.83,OPEN
PO-003552,SUP-0111,CON-0111,2026-05-17,GBP,30354.9,OPEN
PO-003553,SUP-0059,CON-0133,2026-04-14,INR,117546.61,OPEN
PO-003554,SUP-0049,CON-0049,2026-04-22,INR,58779.88,OPEN
PO-003555,SUP-0111,CON-0111,2026-08-20,GBP,42982.59,OPEN
PO-003556,SUP-0071,CON-0071,2026-08-20,INR,5084.53,OPEN
PO-003557,SUP-0104,CON-0104,2026-07-09,GBP,74401.07,OPEN
PO-003558,SUP-0042,CON-0134,2026-08-14,GBP,40435.63,OPEN
PO-003559,SUP-0096,CON-0096,2026-06-09,EUR,36311.44,OPEN
PO-003560,SUP-0037,CON-0150,2026-06-22,INR,62400.22,OPEN
PO-003561,SUP-0022,CON-0022,2026-01-17,GBP,111500.15,OPEN
PO-003562,SUP-0039,CON-0039,2026-05-13,GBP,35932.74,OPEN
PO-003563,SUP-0066,CON-0066,2026-03-20,GBP,114367.04,OPEN
PO-003564,SUP-0096,CON-0096,2026-01-12,EUR,23716.77,OPEN
PO-003565,SUP-0038,CON-0038,2026-07-09,INR,89117.82,OPEN
PO-003566,SUP-0078,CON-0078,2026-02-22,EUR,16404.64,OPEN
PO-003567,SUP-0079,CON-0079,2026-01-23,INR,103622.54,OPEN
PO-003568,SUP-0045,CON-0045,2026-02-24,EUR,7576.56,OPEN
PO-003569,SUP-0109,CON-0109,2026-08-18,EUR,18270.76,OPEN
PO-003570,SUP-0106,CON-0106,2026-03-12,USD,63127.03,OPEN
PO-003571,SUP-0027,CON-0027,2026-08-16,EUR,78795.91,OPEN
PO-003572,SUP-0096,CON-0096,2026-01-04,EUR,4700.35,OPEN
PO-003573,SUP-0095,CON-0124,2026-05-02,INR,134657.63,OPEN
PO-003574,SUP-0108,CON-0108,2026-02-26,USD,121390.58,OPEN
PO-003575,SUP-0058,CON-0058,2026-06-16,GBP,63397.26,OPEN
PO-003576,SUP-0065,CON-0065,2026-04-03,GBP,99564.91,OPEN
PO-003577,SUP-0094,CON-0094,2026-06-06,USD,9920.07,OPEN
PO-003578,SUP-0044,CON-0044,2026-07-18,USD,82936.28,OPEN
PO-003579,SUP-0113,CON-0113,2026-04-26,INR,89310.84,OPEN
PO-003580,SUP-0033,CON-0033,2026-01-30,USD,94599.02,OPEN
PO-003581,SUP-0119,CON-0119,2026-03-12,INR,3224.72,OPEN
PO-003582,SUP-0109,CON-0109,2026-08-10,EUR,139044.96,OPEN
PO-003583,SUP-0013,CON-0013,2026-08-28,INR,99298.5,OPEN
PO-003584,SUP-0074,CON-0074,2026-05-07,EUR,125954.14,OPEN
PO-003585,SUP-0024,CON-0024,2026-05-24,USD,71205.55,OPEN
PO-003586,SUP-0091,CON-0091,2026-08-11,USD,20885.02,OPEN
PO-003587,SUP-0115,CON-0115,2026-08-13,EUR,43175.88,OPEN
PO-003588,SUP-0095,CON-0124,2026-01-02,INR,118647.52,OPEN
PO-003589,SUP-0116,CON-0116,2026-06-26,EUR,58678.92,OPEN
PO-003590,SUP-0070,CON-0070,2026-07-22,INR,103218.92,OPEN
PO-003591,SUP-0060,CON-0060,2026-02-13,GBP,11242.33,OPEN
PO-003592,SUP-0044,CON-0044,2026-01-06,USD,119020.02,OPEN
PO-003593,SUP-0059,CON-0059,2026-05-29,GBP,132762.33,OPEN
PO-003594,SUP-0040,CON-0141,2026-02-27,USD,52629.44,OPEN
PO-003595,SUP-0111,CON-0111,2026-02-21,GBP,79028.34,OPEN
PO-003596,SUP-0004,CON-0004,2026-04-08,GBP,53208.94,OPEN
PO-003597,SUP-0013,CON-0013,2026-06-15,INR,42270.54,OPEN
PO-003598,SUP-0074,CON-0126,2026-06-18,EUR,42371.27,OPEN
PO-003599,SUP-0020,CON-0020,2026-07-04,EUR,43110.96,OPEN
PO-003600,SUP-0025,CON-0025,2026-05-01,USD,9292.87,OPEN
PO-003601,SUP-0096,CON-0096,2026-08-23,EUR,38131.43,OPEN
PO-003602,SUP-0014,CON-0014,2026-05-12,INR,113733.72,OPEN
PO-003603,SUP-0054,CON-0145,2026-08-05,GBP,116238.24,OPEN
PO-003604,SUP-0084,CON-0084,2026-06-05,EUR,148132.53,OPEN
PO-003605,SUP-0020,CON-0020,2026-01-17,EUR,7929.67,OPEN
PO-003606,SUP-0013,CON-0013,2026-01-05,INR,78284.99,OPEN
PO-003607,SUP-0028,CON-0028,2026-03-10,INR,136512.48,OPEN
PO-003608,SUP-0059,CON-0059,2026-05-15,GBP,81018.43,OPEN
PO-003609,SUP-0104,CON-0104,2026-03-18,GBP,40168.37,OPEN
PO-003610,SUP-0013,CON-0013,2026-02-05,INR,69298.83,OPEN
PO-003611,SUP-0075,CON-0075,2026-05-02,GBP,75267.25,OPEN
PO-003612,SUP-0057,CON-0057,2026-03-26,INR,111104.79,OPEN
PO-003613,SUP-0100,CON-0100,2026-05-14,EUR,51805.2,OPEN
PO-003614,SUP-0059,CON-0059,2026-05-30,GBP,35496.34,OPEN
PO-003615,SUP-0006,CON-0006,2026-05-27,GBP,133165.05,OPEN
PO-003616,SUP-0102,CON-0102,2026-04-03,GBP,55483.95,OPEN
PO-003617,SUP-0066,CON-0066,2026-07-19,GBP,75325.8,OPEN
PO-003618,SUP-0083,CON-0083,2026-01-02,INR,121677.29,OPEN
PO-003619,SUP-0093,CON-0093,2026-02-01,GBP,137555.33,OPEN
PO-003620,SUP-0087,CON-0087,2026-03-17,INR,126222.33,OPEN
PO-003621,SUP-0072,CON-0072,2026-04-12,EUR,61680.82,OPEN
PO-003622,SUP-0059,CON-0133,2026-07-16,INR,38597.99,OPEN
PO-003623,SUP-0089,CON-0121,2026-07-26,GBP,21680.45,OPEN
PO-003624,SUP-0061,CON-0061,2026-04-13,EUR,57773.31,OPEN
PO-003625,SUP-0089,CON-0121,2026-03-20,GBP,116059.35,OPEN
PO-003626,SUP-0022,CON-0022,2026-03-28,GBP,98366.01,OPEN
PO-003627,SUP-0074,CON-0126,2026-01-28,EUR,12418.27,OPEN
PO-003628,SUP-0053,CON-0053,2026-05-11,EUR,139190.14,OPEN
PO-003629,SUP-0065,CON-0122,2026-08-29,GBP,79517.7,OPEN
PO-003630,SUP-0029,CON-0029,2026-03-06,USD,63873.34,OPEN
PO-003631,SUP-0043,CON-0043,2026-07-04,USD,104046.31,OPEN
PO-003632,SUP-0066,CON-0066,2026-08-10,GBP,5063.89,OPEN
PO-003633,SUP-0005,CON-0005,2026-04-04,USD,82185.84,OPEN
PO-003634,SUP-0009,CON-0009,2026-04-23,EUR,96891.9,OPEN
PO-003635,SUP-0059,CON-0059,2026-03-06,GBP,147190.48,OPEN
PO-003636,SUP-0082,CON-0082,2026-07-01,GBP,6095.83,OPEN
PO-003637,SUP-0117,CON-0117,2026-07-25,INR,118512.66,OPEN
PO-003638,SUP-0026,CON-0026,2026-06-01,GBP,23172.85,OPEN
PO-003639,SUP-0064,CON-0064,2026-06-08,EUR,45159.85,OPEN
PO-003640,SUP-0016,CON-0143,2026-08-20,EUR,131299.36,OPEN
PO-003641,SUP-0014,CON-0014,2026-06-28,INR,123562.94,OPEN
PO-003642,SUP-0079,CON-0079,2026-07-13,INR,16130.8,OPEN
PO-003643,SUP-0088,CON-0088,2026-01-03,EUR,40869.03,OPEN
PO-003644,SUP-0067,CON-0127,2026-06-03,GBP,77382.91,OPEN
PO-003645,SUP-0075,CON-0075,2026-05-27,GBP,95542.5,OPEN
PO-003646,SUP-0074,CON-0074,2026-02-17,EUR,137257.2,OPEN
PO-003647,SUP-0073,CON-0073,2026-05-29,GBP,20938.3,OPEN
PO-003648,SUP-0101,CON-0101,2026-07-17,EUR,96924.45,OPEN
PO-003649,SUP-0040,CON-0141,2026-01-04,USD,22284.83,OPEN
PO-003650,SUP-0082,CON-0082,2026-01-03,GBP,67304.97,OPEN
PO-003651,SUP-0119,CON-0119,2026-01-27,INR,24151.54,OPEN
PO-003652,SUP-0031,CON-0031,2026-08-22,GBP,24339.82,OPEN
PO-003653,SUP-0053,CON-0053,2026-02-18,EUR,13266.12,OPEN
PO-003654,SUP-0036,CON-0036,2026-03-27,INR,115860.31,OPEN
PO-003655,SUP-0092,CON-0092,2026-06-23,INR,123302.92,OPEN
PO-003656,SUP-0018,CON-0018,2026-01-02,USD,139020.41,OPEN
PO-003657,SUP-0095,CON-0095,2026-02-21,GBP,41840.41,OPEN
PO-003658,SUP-0041,CON-0041,2026-02-13,USD,12963.83,OPEN
PO-003659,SUP-0020,CON-0020,2026-01-19,EUR,130693.56,OPEN
PO-003660,SUP-0010,CON-0010,2026-06-07,INR,105618.31,OPEN
PO-003661,SUP-0086,CON-0086,2026-06-13,GBP,62127.36,OPEN
PO-003662,SUP-0077,CON-0077,2026-06-18,EUR,148599.05,OPEN
PO-003663,SUP-0016,CON-0016,2026-08-05,USD,68986.6,OPEN
PO-003664,SUP-0061,CON-0061,2026-02-06,EUR,48881.66,OPEN
PO-003665,SUP-0115,CON-0115,2026-01-18,EUR,139521.92,OPEN
PO-003666,SUP-0075,CON-0075,2026-02-05,GBP,137946.05,OPEN
PO-003667,SUP-0010,CON-0010,2026-07-27,INR,71097.51,OPEN
PO-003668,SUP-0038,CON-0038,2026-03-28,INR,127536.23,OPEN
PO-003669,SUP-0021,CON-0021,2026-02-24,GBP,87088.25,OPEN
PO-003670,SUP-0106,CON-0106,2026-01-15,USD,25699.74,OPEN
PO-003671,SUP-0098,CON-0098,2026-03-08,USD,101524.69,OPEN
PO-003672,SUP-0056,CON-0056,2026-05-21,GBP,112201.97,OPEN
PO-003673,SUP-0086,CON-0086,2026-04-05,GBP,66090.91,OPEN
PO-003674,SUP-0094,CON-0094,2026-08-20,USD,74685.2,OPEN
PO-003675,SUP-0108,CON-0108,2026-07-23,USD,117451.06,OPEN
PO-003676,SUP-0041,CON-0041,2026-02-20,USD,120554.83,OPEN
PO-003677,SUP-0026,CON-0026,2026-03-29,GBP,95172.2,OPEN
PO-003678,SUP-0037,CON-0150,2026-02-22,INR,145813.38,OPEN
PO-003679,SUP-0116,CON-0116,2026-07-17,EUR,94794.76,OPEN
PO-003680,SUP-0106,CON-0106,2026-07-30,USD,42260.97,OPEN
PO-003681,SUP-0114,CON-0114,2026-07-28,EUR,118293.27,OPEN
PO-003682,SUP-0025,CON-0147,2026-05-29,EUR,75268.64,OPEN
PO-003683,SUP-0016,CON-0143,2026-04-19,EUR,87938.82,OPEN
PO-003684,SUP-0056,CON-0056,2026-03-30,GBP,137068.44,OPEN
PO-003685,SUP-0024,CON-0024,2026-02-08,USD,129414.51,OPEN
PO-003686,SUP-0040,CON-0040,2026-03-18,USD,41184.79,OPEN
PO-003687,SUP-0001,CON-0001,2026-07-07,EUR,139544.46,OPEN
PO-003688,SUP-0016,CON-0143,2026-06-06,EUR,58474.94,OPEN
PO-003689,SUP-0006,CON-0006,2026-04-10,GBP,104622.04,OPEN
PO-003690,SUP-0046,CON-0046,2026-08-01,USD,34085.88,OPEN
PO-003691,SUP-0110,CON-0110,2026-07-01,USD,104873.37,OPEN
PO-003692,SUP-0119,CON-0119,2026-03-21,INR,47092.93,OPEN
PO-003693,SUP-0062,CON-0062,2026-01-22,GBP,6458.67,OPEN
PO-003694,SUP-0087,CON-0087,2026-08-12,INR,104331.03,OPEN
PO-003695,SUP-0120,CON-0149,2026-01-16,INR,90603.56,OPEN
PO-003696,SUP-0047,CON-0047,2026-07-17,INR,52795.44,OPEN
PO-003697,SUP-0036,CON-0036,2026-02-10,INR,76838.58,OPEN
PO-003698,SUP-0087,CON-0087,2026-07-26,INR,132090.89,OPEN
PO-003699,SUP-0056,CON-0056,2026-08-07,GBP,52167.0,OPEN
PO-003700,SUP-0071,CON-0071,2026-07-11,INR,140730.04,OPEN
PO-003701,SUP-0066,CON-0066,2026-01-15,GBP,79312.07,OPEN
PO-003702,SUP-0060,CON-0060,2026-07-11,GBP,33879.59,OPEN
PO-003703,SUP-0096,CON-0096,2026-08-18,EUR,132893.51,OPEN
PO-003704,SUP-0011,CON-0011,2026-07-21,GBP,25261.24,OPEN
PO-003705,SUP-0107,CON-0107,2026-01-05,EUR,114752.13,OPEN
PO-003706,SUP-0030,CON-0030,2026-05-04,GBP,123395.32,OPEN
PO-003707,SUP-0120,CON-0144,2026-01-19,INR,31951.86,OPEN
PO-003708,SUP-0092,CON-0092,2026-08-13,INR,68783.36,OPEN
PO-003709,SUP-0104,CON-0104,2026-07-23,GBP,87571.5,OPEN
PO-003710,SUP-0068,CON-0068,2026-06-12,INR,122439.6,OPEN
PO-003711,SUP-0032,CON-0032,2026-03-28,USD,90471.89,OPEN
PO-003712,SUP-0098,CON-0098,2026-07-10,USD,67766.97,OPEN
PO-003713,SUP-0102,CON-0102,2026-02-08,GBP,17570.32,OPEN
PO-003714,SUP-0003,CON-0003,2026-01-13,EUR,95031.66,OPEN
PO-003715,SUP-0101,CON-0101,2026-02-11,EUR,145559.97,OPEN
PO-003716,SUP-0025,CON-0147,2026-05-17,EUR,98262.36,OPEN
PO-003717,SUP-0009,CON-0009,2026-07-10,EUR,89842.03,OPEN
PO-003718,SUP-0054,CON-0145,2026-05-22,GBP,77715.75,OPEN
PO-003719,SUP-0119,CON-0119,2026-04-03,INR,110202.88,OPEN
PO-003720,SUP-0067,CON-0127,2026-02-08,GBP,51340.0,OPEN
PO-003721,SUP-0063,CON-0063,2026-01-30,INR,97795.0,OPEN
PO-003722,SUP-0081,CON-0137,2026-04-25,USD,132983.63,OPEN
PO-003723,SUP-0114,CON-0114,2026-07-31,EUR,115372.71,OPEN
PO-003724,SUP-0046,CON-0046,2026-03-02,USD,121217.9,OPEN
PO-003725,SUP-0053,CON-0053,2026-07-28,EUR,131559.11,OPEN
PO-003726,SUP-0010,CON-0010,2026-02-09,INR,68279.61,OPEN
PO-003727,SUP-0059,CON-0133,2026-04-14,INR,142402.92,OPEN
PO-003728,SUP-0120,CON-0120,2026-01-11,USD,33797.66,OPEN
PO-003729,SUP-0082,CON-0082,2026-06-01,GBP,43574.76,OPEN
PO-003730,SUP-0007,CON-0136,2026-06-19,INR,108512.52,OPEN
PO-003731,SUP-0011,CON-0123,2026-03-02,USD,56373.87,OPEN
PO-003732,SUP-0079,CON-0079,2026-03-20,INR,117450.97,OPEN
PO-003733,SUP-0029,CON-0029,2026-05-23,USD,15174.11,OPEN
PO-003734,SUP-0035,CON-0138,2026-06-02,EUR,128866.3,OPEN
PO-003735,SUP-0046,CON-0046,2026-05-04,USD,64852.71,OPEN
PO-003736,SUP-0039,CON-0039,2026-03-07,GBP,26521.72,OPEN
PO-003737,SUP-0037,CON-0037,2026-06-21,EUR,107428.57,OPEN
PO-003738,SUP-0065,CON-0122,2026-04-30,GBP,38481.64,OPEN
PO-003739,SUP-0014,CON-0014,2026-03-05,INR,63440.11,OPEN
PO-003740,SUP-0095,CON-0095,2026-04-03,GBP,112096.04,OPEN
PO-003741,SUP-0001,CON-0001,2026-08-18,EUR,106121.72,OPEN
PO-003742,SUP-0031,CON-0031,2026-03-20,GBP,149855.29,OPEN
PO-003743,SUP-0039,CON-0039,2026-02-09,GBP,131509.4,OPEN
PO-003744,SUP-0006,CON-0006,2026-04-10,GBP,4432.84,OPEN
PO-003745,SUP-0016,CON-0143,2026-04-07,EUR,129964.7,OPEN
PO-003746,SUP-0011,CON-0011,2026-01-19,GBP,104859.68,OPEN
PO-003747,SUP-0028,CON-0028,2026-05-01,INR,29078.92,OPEN
PO-003748,SUP-0013,CON-0013,2026-05-22,INR,116352.17,OPEN
PO-003749,SUP-0039,CON-0039,2026-07-30,GBP,29838.38,OPEN
PO-003750,SUP-0036,CON-0148,2026-06-09,GBP,77741.19,OPEN
PO-003751,SUP-0053,CON-0053,2026-08-10,EUR,3148.09,OPEN
PO-003752,SUP-0116,CON-0116,2026-01-16,EUR,126850.94,OPEN
PO-003753,SUP-0081,CON-0081,2026-07-31,INR,105757.07,OPEN
PO-003754,SUP-0081,CON-0081,2026-06-14,INR,130112.37,OPEN
PO-003755,SUP-0109,CON-0109,2026-04-14,EUR,40253.91,OPEN
PO-003756,SUP-0057,CON-0057,2026-04-02,INR,61807.96,OPEN
PO-003757,SUP-0119,CON-0119,2026-02-13,INR,37987.66,OPEN
PO-003758,SUP-0050,CON-0050,2026-08-14,USD,20361.11,OPEN
PO-003759,SUP-0033,CON-0033,2026-06-18,USD,111369.56,OPEN
PO-003760,SUP-0089,CON-0089,2026-04-26,INR,132033.33,OPEN
PO-003761,SUP-0060,CON-0060,2026-08-12,GBP,114870.16,OPEN
PO-003762,SUP-0021,CON-0021,2026-08-04,GBP,25905.6,OPEN
PO-003763,SUP-0106,CON-0106,2026-08-14,USD,31825.91,OPEN
PO-003764,SUP-0070,CON-0070,2026-02-11,INR,29713.6,OPEN
PO-003765,SUP-0027,CON-0027,2026-05-01,EUR,60618.21,OPEN
PO-003766,SUP-0007,CON-0136,2026-02-18,INR,8969.1,OPEN
PO-003767,SUP-0057,CON-0057,2026-07-13,INR,96378.84,OPEN
PO-003768,SUP-0051,CON-0051,2026-04-25,GBP,79837.74,OPEN
PO-003769,SUP-0102,CON-0102,2026-02-07,GBP,117578.8,OPEN
PO-003770,SUP-0043,CON-0043,2026-01-26,USD,84853.2,OPEN
PO-003771,SUP-0085,CON-0085,2026-07-20,EUR,50343.74,OPEN
PO-003772,SUP-0086,CON-0086,2026-07-16,GBP,24345.84,OPEN
PO-003773,SUP-0095,CON-0095,2026-03-27,GBP,67425.07,OPEN
PO-003774,SUP-0056,CON-0056,2026-01-13,GBP,101489.17,OPEN
PO-003775,SUP-0118,CON-0118,2026-08-27,USD,105080.38,OPEN
PO-003776,SUP-0071,CON-0071,2026-01-21,INR,57387.79,OPEN
PO-003777,SUP-0025,CON-0025,2026-07-20,USD,146049.51,OPEN
PO-003778,SUP-0060,CON-0060,2026-02-26,GBP,122068.67,OPEN
PO-003779,SUP-0006,CON-0006,2026-05-18,GBP,17735.77,OPEN
PO-003780,SUP-0110,CON-0110,2026-07-05,USD,85028.08,OPEN
PO-003781,SUP-0036,CON-0036,2026-04-04,INR,140747.29,OPEN
PO-003782,SUP-0065,CON-0065,2026-01-02,GBP,107844.41,OPEN
PO-003783,SUP-0098,CON-0098,2026-08-21,USD,87858.67,OPEN
PO-003784,SUP-0061,CON-0061,2026-08-09,EUR,10829.25,OPEN
PO-003785,SUP-0052,CON-0052,2026-06-17,EUR,128082.55,OPEN
PO-003786,SUP-0019,CON-0019,2026-01-07,EUR,119115.91,OPEN
PO-003787,SUP-0039,CON-0039,2026-08-14,GBP,6764.81,OPEN
PO-003788,SUP-0064,CON-0064,2026-05-10,EUR,82969.1,OPEN
PO-003789,SUP-0038,CON-0038,2026-04-10,INR,54592.06,OPEN
PO-003790,SUP-0045,CON-0045,2026-01-22,EUR,10992.97,OPEN
PO-003791,SUP-0013,CON-0013,2026-01-14,INR,68717.14,OPEN
PO-003792,SUP-0012,CON-0142,2026-05-24,USD,41051.33,OPEN
PO-003793,SUP-0101,CON-0101,2026-01-18,EUR,120890.44,OPEN
PO-003794,SUP-0096,CON-0096,2026-07-01,EUR,138773.22,OPEN
PO-003795,SUP-0027,CON-0027,2026-03-14,EUR,139699.2,OPEN
PO-003796,SUP-0056,CON-0056,2026-07-30,GBP,47204.65,OPEN
PO-003797,SUP-0109,CON-0109,2026-02-14,EUR,69613.03,OPEN
PO-003798,SUP-0093,CON-0093,2026-01-13,GBP,119154.13,OPEN
PO-003799,SUP-0011,CON-0011,2026-08-04,GBP,13954.94,OPEN
PO-003800,SUP-0051,CON-0051,2026-07-25,GBP,38708.3,OPEN
PO-003801,SUP-0021,CON-0021,2026-04-19,GBP,149058.06,OPEN
PO-003802,SUP-0066,CON-0066,2026-03-22,GBP,141679.08,OPEN
PO-003803,SUP-0047,CON-0047,2026-07-15,INR,44277.7,OPEN
PO-003804,SUP-0069,CON-0069,2026-07-15,EUR,38702.65,OPEN
PO-003805,SUP-0008,CON-0008,2026-03-24,EUR,41221.71,OPEN
PO-003806,SUP-0093,CON-0093,2026-02-14,GBP,145314.18,OPEN
PO-003807,SUP-0025,CON-0025,2026-02-07,USD,118916.41,OPEN
PO-003808,SUP-0042,CON-0042,2026-04-08,USD,121612.97,OPEN
PO-003809,SUP-0071,CON-0071,2026-06-21,INR,37706.19,OPEN
PO-003810,SUP-0106,CON-0106,2026-06-17,USD,63053.78,OPEN
PO-003811,SUP-0023,CON-0023,2026-04-06,EUR,31742.31,OPEN
PO-003812,SUP-0103,CON-0103,2026-07-04,GBP,134683.37,OPEN
PO-003813,SUP-0036,CON-0148,2026-01-04,GBP,114577.69,OPEN
PO-003814,SUP-0002,CON-0002,2026-07-03,USD,147816.12,OPEN
PO-003815,SUP-0048,CON-0048,2026-02-24,USD,144124.92,OPEN
PO-003816,SUP-0065,CON-0122,2026-05-23,GBP,112033.14,OPEN
PO-003817,SUP-0079,CON-0079,2026-08-25,INR,51041.93,OPEN
PO-003818,SUP-0055,CON-0055,2026-04-24,USD,29469.49,OPEN
PO-003819,SUP-0115,CON-0115,2026-05-26,EUR,39305.76,OPEN
PO-003820,SUP-0098,CON-0098,2026-01-04,USD,44434.25,OPEN
PO-003821,SUP-0119,CON-0119,2026-03-01,INR,133606.76,OPEN
PO-003822,SUP-0038,CON-0038,2026-08-25,INR,104896.91,OPEN
PO-003823,SUP-0113,CON-0113,2026-08-26,INR,77676.41,OPEN
PO-003824,SUP-0040,CON-0141,2026-05-01,USD,24537.93,OPEN
PO-003825,SUP-0103,CON-0103,2026-04-25,GBP,117016.6,OPEN
PO-003826,SUP-0018,CON-0018,2026-06-26,USD,39724.7,OPEN
PO-003827,SUP-0104,CON-0104,2026-08-27,GBP,56446.33,OPEN
PO-003828,SUP-0091,CON-0091,2026-02-19,USD,129576.17,OPEN
PO-003829,SUP-0066,CON-0066,2026-07-19,GBP,36415.73,OPEN
PO-003830,SUP-0077,CON-0077,2026-07-22,EUR,138432.52,OPEN
PO-003831,SUP-0117,CON-0117,2026-08-04,INR,43090.24,OPEN
PO-003832,SUP-0120,CON-0120,2026-08-04,USD,117792.19,OPEN
PO-003833,SUP-0109,CON-0109,2026-07-11,EUR,32718.31,OPEN
PO-003834,SUP-0111,CON-0111,2026-04-02,GBP,131357.12,OPEN
PO-003835,SUP-0031,CON-0031,2026-02-24,GBP,62365.88,OPEN
PO-003836,SUP-0024,CON-0024,2026-05-10,USD,77378.6,OPEN
PO-003837,SUP-0012,CON-0142,2026-01-23,USD,88536.28,OPEN
PO-003838,SUP-0014,CON-0014,2026-03-25,INR,126940.15,OPEN
PO-003839,SUP-0115,CON-0115,2026-06-02,EUR,52937.07,OPEN
PO-003840,SUP-0019,CON-0019,2026-03-09,EUR,49448.81,OPEN
PO-003841,SUP-0038,CON-0038,2026-04-01,INR,14775.87,OPEN
PO-003842,SUP-0080,CON-0080,2026-03-11,INR,30720.11,OPEN
PO-003843,SUP-0009,CON-0009,2026-08-27,EUR,39446.21,OPEN
PO-003844,SUP-0112,CON-0112,2026-04-05,EUR,81159.5,OPEN
PO-003845,SUP-0042,CON-0134,2026-05-11,GBP,94586.02,OPEN
PO-003846,SUP-0084,CON-0084,2026-03-26,EUR,68458.41,OPEN
PO-003847,SUP-0002,CON-0002,2026-01-20,USD,76394.59,OPEN
PO-003848,SUP-0036,CON-0148,2026-03-07,GBP,47730.82,OPEN
PO-003849,SUP-0073,CON-0073,2026-04-03,GBP,109103.19,OPEN
PO-003850,SUP-0040,CON-0040,2026-04-28,USD,134535.09,OPEN
PO-003851,SUP-0030,CON-0030,2026-03-15,GBP,80675.69,OPEN
PO-003852,SUP-0111,CON-0111,2026-06-01,GBP,101452.27,OPEN
PO-003853,SUP-0101,CON-0101,2026-06-18,EUR,48101.26,OPEN
PO-003854,SUP-0006,CON-0006,2026-05-07,GBP,40088.24,OPEN
PO-003855,SUP-0118,CON-0118,2026-08-17,USD,48059.86,OPEN
PO-003856,SUP-0117,CON-0117,2026-04-15,INR,89186.07,OPEN
PO-003857,SUP-0020,CON-0020,2026-04-14,EUR,127930.69,OPEN
PO-003858,SUP-0073,CON-0073,2026-06-17,GBP,121298.6,OPEN
PO-003859,SUP-0118,CON-0118,2026-03-18,USD,19408.19,OPEN
PO-003860,SUP-0088,CON-0088,2026-08-19,EUR,14932.73,OPEN
PO-003861,SUP-0008,CON-0008,2026-01-16,EUR,33502.74,OPEN
PO-003862,SUP-0017,CON-0017,2026-04-19,INR,120634.14,OPEN
PO-003863,SUP-0076,CON-0076,2026-07-12,USD,20199.4,OPEN
PO-003864,SUP-0036,CON-0148,2026-08-16,GBP,129190.43,OPEN
PO-003865,SUP-0048,CON-0048,2026-07-14,USD,41019.49,OPEN
PO-003866,SUP-0062,CON-0062,2026-05-12,GBP,63133.17,OPEN
PO-003867,SUP-0091,CON-0091,2026-02-23,USD,38421.65,OPEN
PO-003868,SUP-0073,CON-0073,2026-06-21,GBP,50299.28,OPEN
PO-003869,SUP-0022,CON-0022,2026-01-01,GBP,42472.17,OPEN
PO-003870,SUP-0056,CON-0056,2026-02-19,GBP,149619.46,OPEN
PO-003871,SUP-0071,CON-0071,2026-05-24,INR,72197.35,OPEN
PO-003872,SUP-0050,CON-0050,2026-02-15,USD,51234.2,OPEN
PO-003873,SUP-0042,CON-0042,2026-01-18,USD,23756.42,OPEN
PO-003874,SUP-0105,CON-0105,2026-06-04,GBP,117468.81,OPEN
PO-003875,SUP-0096,CON-0096,2026-02-19,EUR,74544.31,OPEN
PO-003876,SUP-0091,CON-0091,2026-07-27,USD,19227.66,OPEN
PO-003877,SUP-0119,CON-0119,2026-01-03,INR,52494.12,OPEN
PO-003878,SUP-0061,CON-0061,2026-05-11,EUR,27471.24,OPEN
PO-003879,SUP-0074,CON-0074,2026-06-19,EUR,109762.14,OPEN
PO-003880,SUP-0085,CON-0135,2026-07-07,GBP,76216.43,OPEN
PO-003881,SUP-0054,CON-0054,2026-05-19,INR,37597.71,OPEN
PO-003882,SUP-0056,CON-0056,2026-04-28,GBP,61474.34,OPEN
PO-003883,SUP-0035,CON-0035,2026-08-26,GBP,30345.25,OPEN
PO-003884,SUP-0005,CON-0005,2026-03-19,USD,69813.63,OPEN
PO-003885,SUP-0031,CON-0031,2026-04-27,GBP,85219.63,OPEN
PO-003886,SUP-0010,CON-0010,2026-04-02,INR,147078.45,OPEN
PO-003887,SUP-0006,CON-0006,2026-01-30,GBP,14838.98,OPEN
PO-003888,SUP-0110,CON-0110,2026-02-14,USD,27074.29,OPEN
PO-003889,SUP-0003,CON-0003,2026-05-17,EUR,77366.31,OPEN
PO-003890,SUP-0085,CON-0132,2026-08-29,GBP,142824.65,OPEN
PO-003891,SUP-0025,CON-0147,2026-08-27,EUR,1469.93,OPEN
PO-003892,SUP-0089,CON-0089,2026-02-22,INR,29605.86,OPEN
PO-003893,SUP-0065,CON-0122,2026-03-02,GBP,111876.18,OPEN
PO-003894,SUP-0116,CON-0116,2026-02-23,EUR,138025.12,OPEN
PO-003895,SUP-0061,CON-0061,2026-04-13,EUR,34415.15,OPEN
PO-003896,SUP-0104,CON-0104,2026-07-05,GBP,38791.16,OPEN
PO-003897,SUP-0022,CON-0022,2026-04-30,GBP,62535.47,OPEN
PO-003898,SUP-0030,CON-0030,2026-03-15,GBP,50265.95,OPEN
PO-003899,SUP-0032,CON-0032,2026-04-19,USD,66761.77,OPEN
PO-003900,SUP-0058,CON-0058,2026-06-19,GBP,105365.07,OPEN
PO-003901,SUP-0073,CON-0073,2026-04-13,GBP,36725.98,OPEN
PO-003902,SUP-0009,CON-0009,2026-07-03,EUR,62951.93,OPEN
PO-003903,SUP-0066,CON-0066,2026-06-29,GBP,36875.45,OPEN
PO-003904,SUP-0001,CON-0001,2026-01-21,EUR,91627.11,OPEN
PO-003905,SUP-0111,CON-0111,2026-05-09,GBP,130966.74,OPEN
PO-003906,SUP-0085,CON-0132,2026-08-10,GBP,146297.17,OPEN
PO-003907,SUP-0111,CON-0111,2026-06-18,GBP,41245.61,OPEN
PO-003908,SUP-0120,CON-0120,2026-01-04,USD,72974.12,OPEN
PO-003909,SUP-0031,CON-0031,2026-04-29,GBP,80403.83,OPEN
PO-003910,SUP-0036,CON-0036,2026-05-27,INR,123234.45,OPEN
PO-003911,SUP-0016,CON-0016,2026-01-11,USD,94394.76,OPEN
PO-003912,SUP-0008,CON-0008,2026-02-01,EUR,87025.0,OPEN
PO-003913,SUP-0096,CON-0096,2026-01-16,EUR,12147.96,OPEN
PO-003914,SUP-0115,CON-0115,2026-03-14,EUR,147166.99,OPEN
PO-003915,SUP-0089,CON-0089,2026-06-03,INR,123521.73,OPEN
PO-003916,SUP-0085,CON-0085,2026-07-28,EUR,129483.88,OPEN
PO-003917,SUP-0003,CON-0003,2026-06-02,EUR,122346.31,OPEN
PO-003918,SUP-0105,CON-0105,2026-06-26,GBP,67157.77,OPEN
PO-003919,SUP-0087,CON-0087,2026-07-28,INR,4593.02,OPEN
PO-003920,SUP-0027,CON-0027,2026-02-03,EUR,56300.93,OPEN
PO-003921,SUP-0089,CON-0121,2026-06-08,GBP,107657.61,OPEN
PO-003922,SUP-0059,CON-0059,2026-04-28,GBP,100313.14,OPEN
PO-003923,SUP-0052,CON-0052,2026-04-20,EUR,129668.38,OPEN
PO-003924,SUP-0038,CON-0038,2026-08-01,INR,96910.07,OPEN
PO-003925,SUP-0013,CON-0013,2026-07-30,INR,36952.03,OPEN
PO-003926,SUP-0092,CON-0092,2026-08-21,INR,115428.07,OPEN
PO-003927,SUP-0046,CON-0046,2026-01-21,USD,87797.42,OPEN
PO-003928,SUP-0041,CON-0041,2026-03-11,USD,141122.28,OPEN
PO-003929,SUP-0117,CON-0117,2026-02-17,INR,126029.53,OPEN
PO-003930,SUP-0001,CON-0001,2026-06-07,EUR,128771.88,OPEN
PO-003931,SUP-0091,CON-0091,2026-01-18,USD,132297.85,OPEN
PO-003932,SUP-0014,CON-0014,2026-08-11,INR,136531.49,OPEN
PO-003933,SUP-0075,CON-0075,2026-01-21,GBP,52586.93,OPEN
PO-003934,SUP-0073,CON-0073,2026-08-06,GBP,14218.77,OPEN
PO-003935,SUP-0097,CON-0097,2026-08-19,GBP,69724.11,OPEN
PO-003936,SUP-0044,CON-0044,2026-01-30,USD,67418.53,OPEN
PO-003937,SUP-0077,CON-0077,2026-06-07,EUR,132862.83,OPEN
PO-003938,SUP-0024,CON-0024,2026-05-08,USD,89974.44,OPEN
PO-003939,SUP-0037,CON-0150,2026-01-10,INR,31133.69,OPEN
PO-003940,SUP-0110,CON-0110,2026-08-19,USD,58989.81,OPEN
PO-003941,SUP-0113,CON-0113,2026-02-03,INR,80834.63,OPEN
PO-003942,SUP-0117,CON-0117,2026-08-27,INR,73542.84,OPEN
PO-003943,SUP-0115,CON-0115,2026-02-10,EUR,59545.79,OPEN
PO-003944,SUP-0059,CON-0133,2026-03-11,INR,80933.59,OPEN
PO-003945,SUP-0096,CON-0096,2026-03-31,EUR,59365.65,OPEN
PO-003946,SUP-0078,CON-0078,2026-04-17,EUR,111314.16,OPEN
PO-003947,SUP-0057,CON-0139,2026-05-16,GBP,58043.86,OPEN
PO-003948,SUP-0037,CON-0150,2026-02-19,INR,86224.96,OPEN
PO-003949,SUP-0066,CON-0066,2026-03-22,GBP,126835.35,OPEN
PO-003950,SUP-0077,CON-0077,2026-04-28,EUR,85427.78,OPEN
PO-003951,SUP-0042,CON-0042,2026-04-12,USD,11703.85,OPEN
PO-003952,SUP-0067,CON-0067,2026-04-16,USD,29712.57,OPEN
PO-003953,SUP-0035,CON-0035,2026-01-31,GBP,149274.77,OPEN
PO-003954,SUP-0105,CON-0105,2026-03-03,GBP,55760.65,OPEN
PO-003955,SUP-0079,CON-0079,2026-07-29,INR,10794.7,OPEN
PO-003956,SUP-0099,CON-0099,2026-07-21,USD,100206.29,OPEN
PO-003957,SUP-0050,CON-0050,2026-05-21,USD,86318.78,OPEN
PO-003958,SUP-0027,CON-0027,2026-04-10,EUR,3323.79,OPEN
PO-003959,SUP-0028,CON-0028,2026-02-16,INR,28895.44,OPEN
PO-003960,SUP-0019,CON-0019,2026-07-06,EUR,79324.08,OPEN
PO-003961,SUP-0102,CON-0102,2026-06-12,GBP,56931.58,OPEN
PO-003962,SUP-0058,CON-0058,2026-03-16,GBP,127156.65,OPEN
PO-003963,SUP-0035,CON-0138,2026-07-19,EUR,52583.08,OPEN
PO-003964,SUP-0045,CON-0045,2026-06-25,EUR,117992.56,OPEN
PO-003965,SUP-0074,CON-0074,2026-06-18,EUR,105621.65,OPEN
PO-003966,SUP-0101,CON-0101,2026-08-23,EUR,109810.92,OPEN
PO-003967,SUP-0048,CON-0048,2026-03-09,USD,87260.61,OPEN
PO-003968,SUP-0023,CON-0023,2026-06-16,EUR,76250.93,OPEN
PO-003969,SUP-0099,CON-0099,2026-07-26,USD,90407.48,OPEN
PO-003970,SUP-0113,CON-0113,2026-04-16,INR,135700.8,OPEN
PO-003971,SUP-0111,CON-0111,2026-01-29,GBP,95937.57,OPEN
PO-003972,SUP-0053,CON-0053,2026-06-26,EUR,24222.28,OPEN
PO-003973,SUP-0054,CON-0054,2026-02-12,INR,30000.98,OPEN
PO-003974,SUP-0101,CON-0101,2026-02-02,EUR,41263.23,OPEN
PO-003975,SUP-0057,CON-0139,2026-08-02,GBP,18320.88,OPEN
PO-003976,SUP-0102,CON-0102,2026-02-06,GBP,97778.51,OPEN
PO-003977,SUP-0085,CON-0135,2026-08-18,GBP,110052.58,OPEN
PO-003978,SUP-0119,CON-0119,2026-05-09,INR,74556.64,OPEN
PO-003979,SUP-0087,CON-0087,2026-07-28,INR,13526.23,OPEN
PO-003980,SUP-0077,CON-0077,2026-03-21,EUR,43339.2,OPEN
PO-003981,SUP-0041,CON-0041,2026-06-21,USD,76272.95,OPEN
PO-003982,SUP-0007,CON-0136,2026-02-10,INR,148414.73,OPEN
PO-003983,SUP-0093,CON-0093,2026-04-19,GBP,63088.93,OPEN
PO-003984,SUP-0062,CON-0062,2026-03-01,GBP,136320.29,OPEN
PO-003985,SUP-0092,CON-0092,2026-08-04,INR,123172.94,OPEN
PO-003986,SUP-0062,CON-0062,2026-03-30,GBP,128774.99,OPEN
PO-003987,SUP-0091,CON-0091,2026-07-21,USD,85905.97,OPEN
PO-003988,SUP-0103,CON-0103,2026-07-27,GBP,8733.64,OPEN
PO-003989,SUP-0109,CON-0109,2026-05-31,EUR,12802.41,OPEN
PO-003990,SUP-0088,CON-0088,2026-07-11,EUR,55845.15,OPEN
PO-003991,SUP-0013,CON-0013,2026-03-16,INR,21649.42,OPEN
PO-003992,SUP-0051,CON-0051,2026-02-19,GBP,55025.16,OPEN
PO-003993,SUP-0116,CON-0116,2026-03-18,EUR,50025.47,OPEN
PO-003994,SUP-0113,CON-0113,2026-01-13,INR,56181.61,OPEN
PO-003995,SUP-0006,CON-0006,2026-01-09,GBP,119583.74,OPEN
PO-003996,SUP-0089,CON-0121,2026-08-23,GBP,2041.46,OPEN
PO-003997,SUP-0109,CON-0109,2026-02-21,EUR,67927.11,OPEN
PO-003998,SUP-0013,CON-0013,2026-03-30,INR,107913.69,OPEN
PO-003999,SUP-0005,CON-0005,2026-02-22,USD,148510.72,OPEN
PO-004000,SUP-0043,CON-0131,2026-08-23,GBP,85934.47,OPEN
PO-004001,SUP-0100,CON-0100,2026-06-05,EUR,43105.86,OPEN
PO-004002,SUP-0115,CON-0115,2026-01-20,EUR,3151.84,OPEN
PO-004003,SUP-0081,CON-0137,2026-03-04,USD,66404.79,OPEN
PO-004004,SUP-0054,CON-0145,2026-02-24,GBP,111948.13,OPEN
PO-004005,SUP-0054,CON-0054,2026-07-16,INR,83054.12,OPEN
PO-004006,SUP-0107,CON-0107,2026-08-01,EUR,82611.3,OPEN
PO-004007,SUP-0079,CON-0079,2026-04-17,INR,117146.72,OPEN
PO-004008,SUP-0077,CON-0077,2026-02-21,EUR,108414.54,OPEN
PO-004009,SUP-0107,CON-0107,2026-03-01,EUR,11642.0,OPEN
PO-004010,SUP-0083,CON-0083,2026-03-30,INR,70500.42,OPEN
PO-004011,SUP-0114,CON-0114,2026-08-23,EUR,135325.57,OPEN
PO-004012,SUP-0043,CON-0043,2026-08-21,USD,129608.37,OPEN
PO-004013,SUP-0015,CON-0015,2026-05-10,EUR,4705.25,OPEN
PO-004014,SUP-0014,CON-0014,2026-07-31,INR,24659.29,OPEN
PO-004015,SUP-0100,CON-0100,2026-01-16,EUR,148288.36,OPEN
PO-004016,SUP-0036,CON-0148,2026-01-29,GBP,45797.22,OPEN
PO-004017,SUP-0113,CON-0113,2026-04-17,INR,111884.13,OPEN
PO-004018,SUP-0120,CON-0144,2026-08-04,INR,5746.39,OPEN
PO-004019,SUP-0055,CON-0055,2026-08-21,USD,20202.07,OPEN
PO-004020,SUP-0023,CON-0023,2026-03-05,EUR,3634.22,OPEN
PO-004021,SUP-0118,CON-0118,2026-06-04,USD,600.62,OPEN
PO-004022,SUP-0039,CON-0039,2026-03-02,GBP,114525.71,OPEN
PO-004023,SUP-0025,CON-0147,2026-08-23,EUR,105236.91,OPEN
PO-004024,SUP-0021,CON-0021,2026-04-29,GBP,70912.86,OPEN
PO-004025,SUP-0106,CON-0106,2026-01-31,USD,137641.36,OPEN
PO-004026,SUP-0032,CON-0146,2026-05-09,EUR,67009.69,OPEN
PO-004027,SUP-0004,CON-0140,2026-04-15,EUR,105865.89,OPEN
PO-004028,SUP-0004,CON-0004,2026-07-28,GBP,54824.41,OPEN
PO-004029,SUP-0034,CON-0034,2026-05-29,GBP,4509.66,OPEN
PO-004030,SUP-0025,CON-0147,2026-05-26,EUR,95149.46,OPEN
PO-004031,SUP-0098,CON-0098,2026-01-30,USD,101444.6,OPEN
PO-004032,SUP-0091,CON-0091,2026-08-03,USD,73530.0,OPEN
PO-004033,SUP-0005,CON-0005,2026-07-03,USD,146973.84,OPEN
PO-004034,SUP-0056,CON-0056,2026-02-06,GBP,55423.72,OPEN
PO-004035,SUP-0011,CON-0123,2026-05-12,USD,30095.1,OPEN
PO-004036,SUP-0103,CON-0103,2026-08-02,GBP,56965.26,OPEN
PO-004037,SUP-0101,CON-0101,2026-03-11,EUR,139699.51,OPEN
PO-004038,SUP-0014,CON-0014,2026-03-22,INR,124479.9,OPEN
PO-004039,SUP-0026,CON-0026,2026-01-16,GBP,1926.29,OPEN
PO-004040,SUP-0118,CON-0118,2026-04-15,USD,13968.2,OPEN
PO-004041,SUP-0026,CON-0026,2026-08-24,GBP,18932.15,OPEN
PO-004042,SUP-0005,CON-0005,2026-02-17,USD,95632.32,OPEN
PO-004043,SUP-0025,CON-0147,2026-03-18,EUR,54786.67,OPEN
PO-004044,SUP-0071,CON-0071,2026-04-21,INR,96170.08,OPEN
PO-004045,SUP-0016,CON-0016,2026-08-25,USD,146457.37,OPEN
PO-004046,SUP-0058,CON-0058,2026-05-05,GBP,108871.36,OPEN
PO-004047,SUP-0004,CON-0004,2026-02-18,GBP,61316.32,OPEN
PO-004048,SUP-0058,CON-0058,2026-08-26,GBP,86057.33,OPEN
PO-004049,SUP-0064,CON-0064,2026-05-05,EUR,13977.65,OPEN
PO-004050,SUP-0088,CON-0088,2026-03-24,EUR,140967.34,OPEN
PO-004051,SUP-0061,CON-0061,2026-04-11,EUR,104175.46,OPEN
PO-004052,SUP-0047,CON-0047,2026-08-29,INR,18008.87,OPEN
PO-004053,SUP-0052,CON-0052,2026-01-12,EUR,105475.55,OPEN
PO-004054,SUP-0031,CON-0031,2026-01-08,GBP,114206.33,OPEN
PO-004055,SUP-0018,CON-0018,2026-01-17,USD,60248.45,OPEN
PO-004056,SUP-0065,CON-0122,2026-06-07,GBP,3532.26,OPEN
PO-004057,SUP-0063,CON-0063,2026-01-20,INR,125982.78,OPEN
PO-004058,SUP-0106,CON-0106,2026-05-09,USD,100979.63,OPEN
PO-004059,SUP-0041,CON-0041,2026-05-02,USD,144940.95,OPEN
PO-004060,SUP-0096,CON-0096,2026-02-10,EUR,95097.12,OPEN
PO-004061,SUP-0068,CON-0068,2026-03-20,INR,102426.57,OPEN
PO-004062,SUP-0064,CON-0064,2026-02-11,EUR,21036.09,OPEN
PO-004063,SUP-0079,CON-0079,2026-04-15,INR,66684.37,OPEN
PO-004064,SUP-0040,CON-0141,2026-03-11,USD,110109.3,OPEN
PO-004065,SUP-0044,CON-0044,2026-03-01,USD,145384.17,OPEN
PO-004066,SUP-0019,CON-0019,2026-03-06,EUR,52278.75,OPEN
PO-004067,SUP-0099,CON-0099,2026-03-28,USD,3058.43,OPEN
PO-004068,SUP-0017,CON-0017,2026-01-22,INR,146446.06,OPEN
PO-004069,SUP-0090,CON-0090,2026-04-18,USD,34939.28,OPEN
PO-004070,SUP-0053,CON-0053,2026-08-25,EUR,89443.61,OPEN
PO-004071,SUP-0002,CON-0002,2026-02-07,USD,140081.0,OPEN
PO-004072,SUP-0109,CON-0109,2026-07-05,EUR,140780.53,OPEN
PO-004073,SUP-0038,CON-0038,2026-08-25,INR,62220.32,OPEN
PO-004074,SUP-0007,CON-0007,2026-01-01,GBP,42630.86,OPEN
PO-004075,SUP-0026,CON-0026,2026-06-08,GBP,69197.67,OPEN
PO-004076,SUP-0083,CON-0083,2026-01-26,INR,114500.56,OPEN
PO-004077,SUP-0080,CON-0080,2026-07-02,INR,79980.0,OPEN
PO-004078,SUP-0063,CON-0063,2026-05-25,INR,72581.84,OPEN
PO-004079,SUP-0043,CON-0043,2026-01-20,USD,89725.97,OPEN
PO-004080,SUP-0100,CON-0100,2026-06-14,EUR,101928.8,OPEN
PO-004081,SUP-0002,CON-0002,2026-04-12,USD,12716.27,OPEN
PO-004082,SUP-0057,CON-0057,2026-01-27,INR,123444.96,OPEN
PO-004083,SUP-0072,CON-0072,2026-02-14,EUR,148394.76,OPEN
PO-004084,SUP-0030,CON-0030,2026-08-21,GBP,114349.98,OPEN
PO-004085,SUP-0014,CON-0014,2026-04-02,INR,147533.8,OPEN
PO-004086,SUP-0091,CON-0091,2026-04-22,USD,90898.82,OPEN
PO-004087,SUP-0118,CON-0118,2026-07-21,USD,103770.82,OPEN
PO-004088,SUP-0092,CON-0092,2026-07-25,INR,47357.97,OPEN
PO-004089,SUP-0063,CON-0063,2026-05-11,INR,37450.57,OPEN
PO-004090,SUP-0023,CON-0023,2026-03-15,EUR,63220.36,OPEN
PO-004091,SUP-0049,CON-0049,2026-04-27,INR,86064.22,OPEN
PO-004092,SUP-0035,CON-0035,2026-02-21,GBP,7789.25,OPEN
PO-004093,SUP-0107,CON-0107,2026-05-05,EUR,18850.13,OPEN
PO-004094,SUP-0047,CON-0047,2026-03-12,INR,112001.45,OPEN
PO-004095,SUP-0005,CON-0005,2026-02-12,USD,117831.29,OPEN
PO-004096,SUP-0035,CON-0138,2026-01-15,EUR,61322.99,OPEN
PO-004097,SUP-0051,CON-0051,2026-01-02,GBP,31378.58,OPEN
PO-004098,SUP-0032,CON-0146,2026-03-02,EUR,135107.02,OPEN
PO-004099,SUP-0056,CON-0056,2026-04-25,GBP,107338.99,OPEN
PO-004100,SUP-0091,CON-0091,2026-06-17,USD,97804.49,OPEN
PO-004101,SUP-0114,CON-0114,2026-08-14,EUR,116873.06,OPEN
PO-004102,SUP-0083,CON-0083,2026-07-01,INR,113502.61,OPEN
PO-004103,SUP-0035,CON-0138,2026-07-20,EUR,76849.16,OPEN
PO-004104,SUP-0039,CON-0039,2026-06-11,GBP,73264.65,OPEN
PO-004105,SUP-0013,CON-0013,2026-03-30,INR,66227.67,OPEN
PO-004106,SUP-0005,CON-0005,2026-07-18,USD,101263.48,OPEN
PO-004107,SUP-0089,CON-0121,2026-06-19,GBP,4792.8,OPEN
PO-004108,SUP-0055,CON-0055,2026-05-09,USD,108867.0,OPEN
PO-004109,SUP-0076,CON-0076,2026-05-14,USD,51900.95,OPEN
PO-004110,SUP-0030,CON-0030,2026-06-25,GBP,82755.18,OPEN
PO-004111,SUP-0012,CON-0142,2026-01-27,USD,40359.5,OPEN
PO-004112,SUP-0051,CON-0051,2026-04-07,GBP,94710.22,OPEN
PO-004113,SUP-0004,CON-0140,2026-05-12,EUR,10809.03,OPEN
PO-004114,SUP-0018,CON-0018,2026-08-25,USD,92494.24,OPEN
PO-004115,SUP-0047,CON-0047,2026-05-04,INR,122746.9,OPEN
PO-004116,SUP-0003,CON-0003,2026-06-19,EUR,5827.02,OPEN
PO-004117,SUP-0026,CON-0026,2026-01-01,GBP,66011.67,OPEN
PO-004118,SUP-0113,CON-0113,2026-01-16,INR,132383.61,OPEN
PO-004119,SUP-0012,CON-0142,2026-05-19,USD,119355.94,OPEN
PO-004120,SUP-0010,CON-0010,2026-04-21,INR,63170.94,OPEN
PO-004121,SUP-0030,CON-0030,2026-08-18,GBP,139168.56,OPEN
PO-004122,SUP-0030,CON-0030,2026-03-08,GBP,131705.23,OPEN
PO-004123,SUP-0087,CON-0087,2026-06-05,INR,22145.82,OPEN
PO-004124,SUP-0120,CON-0144,2026-03-01,INR,66744.69,OPEN
PO-004125,SUP-0050,CON-0050,2026-06-23,USD,136440.02,OPEN
PO-004126,SUP-0078,CON-0078,2026-02-14,EUR,93890.73,OPEN
PO-004127,SUP-0008,CON-0008,2026-02-12,EUR,9151.17,OPEN
PO-004128,SUP-0111,CON-0111,2026-05-20,GBP,139306.28,OPEN
PO-004129,SUP-0107,CON-0107,2026-08-29,EUR,109744.04,OPEN
PO-004130,SUP-0120,CON-0120,2026-04-16,USD,129989.75,OPEN
PO-004131,SUP-0101,CON-0101,2026-05-26,EUR,37895.68,OPEN
PO-004132,SUP-0112,CON-0112,2026-08-03,EUR,121950.21,OPEN
PO-004133,SUP-0005,CON-0005,2026-01-13,USD,22707.3,OPEN
PO-004134,SUP-0080,CON-0080,2026-05-26,INR,26652.35,OPEN
PO-004135,SUP-0114,CON-0114,2026-01-08,EUR,102606.5,OPEN
PO-004136,SUP-0078,CON-0078,2026-03-11,EUR,112000.23,OPEN
PO-004137,SUP-0109,CON-0109,2026-03-16,EUR,27066.48,OPEN
PO-004138,SUP-0025,CON-0025,2026-01-23,USD,13271.11,OPEN
PO-004139,SUP-0117,CON-0117,2026-08-12,INR,111958.45,OPEN
PO-004140,SUP-0113,CON-0113,2026-06-19,INR,108867.49,OPEN
PO-004141,SUP-0066,CON-0066,2026-06-09,GBP,93396.62,OPEN
PO-004142,SUP-0011,CON-0123,2026-08-27,USD,104978.47,OPEN
PO-004143,SUP-0108,CON-0108,2026-02-19,USD,58398.18,OPEN
PO-004144,SUP-0103,CON-0103,2026-07-22,GBP,12767.91,OPEN
PO-004145,SUP-0063,CON-0063,2026-07-13,INR,40990.71,OPEN
PO-004146,SUP-0104,CON-0104,2026-04-26,GBP,11441.74,OPEN
PO-004147,SUP-0078,CON-0078,2026-07-13,EUR,23478.59,OPEN
PO-004148,SUP-0080,CON-0080,2026-05-22,INR,125904.04,OPEN
PO-004149,SUP-0113,CON-0113,2026-05-01,INR,2388.45,OPEN
PO-004150,SUP-0028,CON-0028,2026-06-01,INR,73978.62,OPEN
PO-004151,SUP-0049,CON-0049,2026-02-18,INR,91231.83,OPEN
PO-004152,SUP-0063,CON-0063,2026-03-03,INR,42753.81,OPEN
PO-004153,SUP-0034,CON-0034,2026-05-16,GBP,107201.42,OPEN
PO-004154,SUP-0094,CON-0094,2026-08-11,USD,61892.75,OPEN
PO-004155,SUP-0071,CON-0071,2026-01-15,INR,132663.69,OPEN
PO-004156,SUP-0027,CON-0027,2026-02-17,EUR,108136.32,OPEN
PO-004157,SUP-0027,CON-0027,2026-07-28,EUR,50710.74,OPEN
PO-004158,SUP-0053,CON-0053,2026-03-20,EUR,16342.9,OPEN
PO-004159,SUP-0049,CON-0049,2026-08-10,INR,116508.57,OPEN
PO-004160,SUP-0022,CON-0022,2026-07-03,GBP,133703.17,OPEN
PO-004161,SUP-0082,CON-0082,2026-07-01,GBP,21130.36,OPEN
PO-004162,SUP-0109,CON-0109,2026-05-14,EUR,101760.32,OPEN
PO-004163,SUP-0117,CON-0117,2026-07-02,INR,76490.44,OPEN
PO-004164,SUP-0098,CON-0098,2026-03-23,USD,109331.83,OPEN
PO-004165,SUP-0093,CON-0093,2026-01-31,GBP,25101.35,OPEN
PO-004166,SUP-0082,CON-0082,2026-01-08,GBP,13935.08,OPEN
PO-004167,SUP-0083,CON-0083,2026-01-17,INR,134024.02,OPEN
PO-004168,SUP-0043,CON-0131,2026-08-13,GBP,16837.22,OPEN
PO-004169,SUP-0034,CON-0034,2026-02-28,GBP,62590.83,OPEN
PO-004170,SUP-0044,CON-0044,2026-03-26,USD,123349.7,OPEN
PO-004171,SUP-0092,CON-0092,2026-02-15,INR,92425.48,OPEN
PO-004172,SUP-0088,CON-0088,2026-02-01,EUR,119841.99,OPEN
PO-004173,SUP-0115,CON-0115,2026-08-05,EUR,149883.53,OPEN
PO-004174,SUP-0080,CON-0080,2026-04-02,INR,56726.93,OPEN
PO-004175,SUP-0110,CON-0110,2026-01-07,USD,76622.98,OPEN
PO-004176,SUP-0096,CON-0096,2026-05-22,EUR,98065.0,OPEN
PO-004177,SUP-0007,CON-0007,2026-01-02,GBP,70742.21,OPEN
PO-004178,SUP-0007,CON-0007,2026-06-17,GBP,94191.22,OPEN
PO-004179,SUP-0044,CON-0044,2026-05-25,USD,93717.76,OPEN
PO-004180,SUP-0091,CON-0091,2026-08-01,USD,144067.47,OPEN
PO-004181,SUP-0053,CON-0053,2026-08-23,EUR,93881.04,OPEN
PO-004182,SUP-0012,CON-0142,2026-05-02,USD,18174.25,OPEN
PO-004183,SUP-0017,CON-0017,2026-07-16,INR,104361.28,OPEN
PO-004184,SUP-0069,CON-0069,2026-07-17,EUR,81410.25,OPEN
PO-004185,SUP-0039,CON-0039,2026-03-05,GBP,70092.51,OPEN
PO-004186,SUP-0047,CON-0047,2026-02-23,INR,76485.67,OPEN
PO-004187,SUP-0009,CON-0009,2026-03-18,EUR,40087.63,OPEN
PO-004188,SUP-0018,CON-0018,2026-07-02,USD,41138.57,OPEN
PO-004189,SUP-0036,CON-0036,2026-06-21,INR,16278.43,OPEN
PO-004190,SUP-0015,CON-0015,2026-07-15,EUR,86039.78,OPEN
PO-004191,SUP-0097,CON-0097,2026-03-08,GBP,119419.26,OPEN
PO-004192,SUP-0086,CON-0086,2026-02-02,GBP,24921.8,OPEN
PO-004193,SUP-0039,CON-0039,2026-04-19,GBP,98235.43,OPEN
PO-004194,SUP-0098,CON-0098,2026-01-17,USD,57361.94,OPEN
PO-004195,SUP-0042,CON-0134,2026-02-28,GBP,75734.03,OPEN
PO-004196,SUP-0074,CON-0126,2026-07-21,EUR,129951.0,OPEN
PO-004197,SUP-0116,CON-0116,2026-01-27,EUR,128337.02,OPEN
PO-004198,SUP-0012,CON-0142,2026-02-22,USD,126068.39,OPEN
PO-004199,SUP-0056,CON-0056,2026-08-27,GBP,121131.58,OPEN
PO-004200,SUP-0070,CON-0070,2026-01-20,INR,135006.86,OPEN
PO-004201,SUP-0041,CON-0041,2026-06-09,USD,37595.21,OPEN
PO-004202,SUP-0035,CON-0138,2026-04-21,EUR,139046.82,OPEN
PO-004203,SUP-0047,CON-0047,2026-04-30,INR,135311.43,OPEN
PO-004204,SUP-0119,CON-0119,2026-01-11,INR,90502.52,OPEN
PO-004205,SUP-0017,CON-0017,2026-05-12,INR,48464.27,OPEN
PO-004206,SUP-0106,CON-0106,2026-02-22,USD,41330.12,OPEN
PO-004207,SUP-0112,CON-0112,2026-08-16,EUR,94609.53,OPEN
PO-004208,SUP-0062,CON-0062,2026-02-14,GBP,29947.73,OPEN
PO-004209,SUP-0057,CON-0139,2026-03-28,GBP,85726.69,OPEN
PO-004210,SUP-0070,CON-0070,2026-05-31,INR,114181.85,OPEN
PO-004211,SUP-0098,CON-0098,2026-05-02,USD,124798.11,OPEN
PO-004212,SUP-0116,CON-0116,2026-07-14,EUR,130165.06,OPEN
PO-004213,SUP-0091,CON-0091,2026-05-11,USD,123733.83,OPEN
PO-004214,SUP-0038,CON-0038,2026-01-17,INR,80390.65,OPEN
PO-004215,SUP-0011,CON-0011,2026-08-15,GBP,115478.8,OPEN
PO-004216,SUP-0109,CON-0109,2026-06-08,EUR,18800.13,OPEN
PO-004217,SUP-0067,CON-0127,2026-04-17,GBP,127092.52,OPEN
PO-004218,SUP-0018,CON-0018,2026-06-14,USD,73953.94,OPEN
PO-004219,SUP-0079,CON-0079,2026-06-13,INR,3511.9,OPEN
PO-004220,SUP-0101,CON-0101,2026-02-07,EUR,109244.77,OPEN
PO-004221,SUP-0115,CON-0115,2026-01-23,EUR,44140.11,OPEN
PO-004222,SUP-0108,CON-0108,2026-01-19,USD,70278.44,OPEN
PO-004223,SUP-0036,CON-0148,2026-03-07,GBP,21061.38,OPEN
PO-004224,SUP-0094,CON-0094,2026-02-10,USD,71530.57,OPEN
PO-004225,SUP-0049,CON-0049,2026-02-01,INR,127910.85,OPEN
PO-004226,SUP-0024,CON-0024,2026-01-07,USD,102594.55,OPEN
PO-004227,SUP-0049,CON-0049,2026-06-02,INR,46435.52,OPEN
PO-004228,SUP-0092,CON-0092,2026-04-23,INR,66199.31,OPEN
PO-004229,SUP-0048,CON-0048,2026-02-04,USD,39981.98,OPEN
PO-004230,SUP-0098,CON-0098,2026-04-14,USD,14210.87,OPEN
PO-004231,SUP-0093,CON-0093,2026-05-01,GBP,40487.18,OPEN
PO-004232,SUP-0070,CON-0070,2026-04-23,INR,45313.37,OPEN
PO-004233,SUP-0053,CON-0053,2026-05-14,EUR,86499.98,OPEN
PO-004234,SUP-0079,CON-0079,2026-01-01,INR,88171.78,OPEN
PO-004235,SUP-0105,CON-0105,2026-05-12,GBP,20684.4,OPEN
PO-004236,SUP-0070,CON-0070,2026-01-13,INR,10583.59,OPEN
PO-004237,SUP-0079,CON-0079,2026-07-16,INR,71599.38,OPEN
PO-004238,SUP-0100,CON-0100,2026-08-03,EUR,78264.68,OPEN
PO-004239,SUP-0036,CON-0148,2026-06-08,GBP,145335.21,OPEN
PO-004240,SUP-0089,CON-0089,2026-04-17,INR,116826.5,OPEN
PO-004241,SUP-0115,CON-0115,2026-04-05,EUR,33497.0,OPEN
PO-004242,SUP-0115,CON-0115,2026-04-13,EUR,27204.19,OPEN
PO-004243,SUP-0002,CON-0002,2026-01-17,USD,65047.32,OPEN
PO-004244,SUP-0044,CON-0044,2026-04-15,USD,133605.76,OPEN
PO-004245,SUP-0054,CON-0145,2026-06-25,GBP,47821.3,OPEN
PO-004246,SUP-0026,CON-0026,2026-05-16,GBP,69066.72,OPEN
PO-004247,SUP-0030,CON-0030,2026-06-08,GBP,98188.75,OPEN
PO-004248,SUP-0009,CON-0009,2026-04-12,EUR,30596.98,OPEN
PO-004249,SUP-0070,CON-0070,2026-05-30,INR,102941.64,OPEN
PO-004250,SUP-0060,CON-0060,2026-03-06,GBP,130374.95,OPEN
PO-004251,SUP-0007,CON-0136,2026-02-05,INR,28756.17,OPEN
PO-004252,SUP-0058,CON-0058,2026-02-22,GBP,100449.53,OPEN
PO-004253,SUP-0042,CON-0134,2026-01-18,GBP,52823.83,OPEN
PO-004254,SUP-0068,CON-0068,2026-03-11,INR,139071.73,OPEN
PO-004255,SUP-0074,CON-0074,2026-05-11,EUR,3331.2,OPEN
PO-004256,SUP-0115,CON-0115,2026-02-25,EUR,15404.19,OPEN
PO-004257,SUP-0022,CON-0022,2026-08-21,GBP,47979.99,OPEN
PO-004258,SUP-0056,CON-0056,2026-08-14,GBP,71103.54,OPEN
PO-004259,SUP-0012,CON-0142,2026-05-23,USD,51418.98,OPEN
PO-004260,SUP-0064,CON-0064,2026-05-26,EUR,27812.94,OPEN
PO-004261,SUP-0075,CON-0075,2026-03-11,GBP,53436.04,OPEN
PO-004262,SUP-0050,CON-0050,2026-08-01,USD,45421.67,OPEN
PO-004263,SUP-0084,CON-0084,2026-05-04,EUR,15214.8,OPEN
PO-004264,SUP-0015,CON-0015,2026-01-29,EUR,57356.63,OPEN
PO-004265,SUP-0039,CON-0039,2026-01-04,GBP,28604.23,OPEN
PO-004266,SUP-0012,CON-0129,2026-03-09,INR,44865.25,OPEN
PO-004267,SUP-0040,CON-0141,2026-03-31,USD,51478.27,OPEN
PO-004268,SUP-0021,CON-0021,2026-08-15,GBP,42139.52,OPEN
PO-004269,SUP-0031,CON-0031,2026-07-04,GBP,8485.61,OPEN
PO-004270,SUP-0013,CON-0013,2026-02-02,INR,88481.61,OPEN
PO-004271,SUP-0118,CON-0118,2026-06-11,USD,54160.19,OPEN
PO-004272,SUP-0034,CON-0034,2026-04-13,GBP,75667.16,OPEN
PO-004273,SUP-0062,CON-0062,2026-03-13,GBP,67989.92,OPEN
PO-004274,SUP-0016,CON-0143,2026-04-28,EUR,29096.17,OPEN
PO-004275,SUP-0086,CON-0086,2026-04-24,GBP,61184.59,OPEN
PO-004276,SUP-0040,CON-0040,2026-05-23,USD,118300.01,OPEN
PO-004277,SUP-0030,CON-0030,2026-02-26,GBP,21255.55,OPEN
PO-004278,SUP-0099,CON-0099,2026-05-02,USD,46409.38,OPEN
PO-004279,SUP-0004,CON-0140,2026-08-22,EUR,51997.58,OPEN
PO-004280,SUP-0112,CON-0112,2026-03-05,EUR,19562.1,OPEN
PO-004281,SUP-0085,CON-0085,2026-02-09,EUR,95381.76,OPEN
PO-004282,SUP-0061,CON-0061,2026-03-28,EUR,28625.12,OPEN
PO-004283,SUP-0019,CON-0019,2026-04-24,EUR,82190.17,OPEN
PO-004284,SUP-0107,CON-0107,2026-07-08,EUR,32188.34,OPEN
PO-004285,SUP-0118,CON-0118,2026-02-14,USD,110358.79,OPEN
PO-004286,SUP-0104,CON-0104,2026-04-21,GBP,106933.22,OPEN
PO-004287,SUP-0010,CON-0010,2026-01-20,INR,6329.46,OPEN
PO-004288,SUP-0105,CON-0105,2026-05-04,GBP,43985.92,OPEN
PO-004289,SUP-0090,CON-0090,2026-02-12,USD,58187.91,OPEN
PO-004290,SUP-0048,CON-0048,2026-06-03,USD,54039.01,OPEN
PO-004291,SUP-0075,CON-0075,2026-06-01,GBP,124981.94,OPEN
PO-004292,SUP-0109,CON-0109,2026-03-20,EUR,50924.55,OPEN
PO-004293,SUP-0071,CON-0071,2026-05-08,INR,47886.05,OPEN
PO-004294,SUP-0039,CON-0039,2026-02-04,GBP,20461.48,OPEN
PO-004295,SUP-0067,CON-0067,2026-06-26,USD,31392.74,OPEN
PO-004296,SUP-0116,CON-0116,2026-01-31,EUR,27677.51,OPEN
PO-004297,SUP-0022,CON-0022,2026-08-01,GBP,13218.9,OPEN
PO-004298,SUP-0079,CON-0079,2026-04-27,INR,100442.17,OPEN
PO-004299,SUP-0118,CON-0118,2026-08-19,USD,30258.56,OPEN
PO-004300,SUP-0025,CON-0147,2026-05-15,EUR,146020.05,OPEN
PO-004301,SUP-0010,CON-0010,2026-04-09,INR,74305.69,OPEN
PO-004302,SUP-0015,CON-0015,2026-03-29,EUR,79951.28,OPEN
PO-004303,SUP-0090,CON-0090,2026-06-07,USD,79990.38,OPEN
PO-004304,SUP-0025,CON-0025,2026-01-11,USD,70713.04,OPEN
PO-004305,SUP-0012,CON-0125,2026-05-04,USD,118726.38,OPEN
PO-004306,SUP-0064,CON-0064,2026-01-03,EUR,43286.95,OPEN
PO-004307,SUP-0068,CON-0068,2026-01-14,INR,15945.91,OPEN
PO-004308,SUP-0011,CON-0123,2026-02-05,USD,130409.34,OPEN
PO-004309,SUP-0050,CON-0050,2026-07-05,USD,54276.54,OPEN
PO-004310,SUP-0114,CON-0114,2026-02-20,EUR,79565.63,OPEN
PO-004311,SUP-0052,CON-0052,2026-01-26,EUR,81813.31,OPEN
PO-004312,SUP-0094,CON-0094,2026-07-09,USD,103365.23,OPEN
PO-004313,SUP-0065,CON-0122,2026-07-24,GBP,138887.8,OPEN
PO-004314,SUP-0090,CON-0090,2026-03-30,USD,20543.2,OPEN
PO-004315,SUP-0080,CON-0080,2026-06-05,INR,119542.45,OPEN
PO-004316,SUP-0095,CON-0095,2026-04-21,GBP,73794.63,OPEN
PO-004317,SUP-0063,CON-0063,2026-06-21,INR,101695.73,OPEN
PO-004318,SUP-0069,CON-0069,2026-03-04,EUR,48372.26,OPEN
PO-004319,SUP-0112,CON-0112,2026-08-17,EUR,145768.2,OPEN
PO-004320,SUP-0055,CON-0055,2026-02-23,USD,75517.02,OPEN
PO-004321,SUP-0003,CON-0003,2026-01-19,EUR,43230.25,OPEN
PO-004322,SUP-0071,CON-0071,2026-03-29,INR,149635.9,OPEN
PO-004323,SUP-0058,CON-0058,2026-05-29,GBP,2914.75,OPEN
PO-004324,SUP-0118,CON-0118,2026-06-04,USD,1992.9,OPEN
PO-004325,SUP-0002,CON-0002,2026-02-14,USD,149947.68,OPEN
PO-004326,SUP-0009,CON-0009,2026-03-14,EUR,61548.04,OPEN
PO-004327,SUP-0070,CON-0070,2026-05-08,INR,22795.61,OPEN
PO-004328,SUP-0083,CON-0083,2026-01-27,INR,80843.0,OPEN
PO-004329,SUP-0032,CON-0146,2026-02-04,EUR,102141.12,OPEN
PO-004330,SUP-0116,CON-0116,2026-04-06,EUR,36805.03,OPEN
PO-004331,SUP-0014,CON-0014,2026-08-29,INR,3936.31,OPEN
PO-004332,SUP-0112,CON-0112,2026-02-06,EUR,67727.26,OPEN
PO-004333,SUP-0020,CON-0020,2026-05-19,EUR,88438.33,OPEN
PO-004334,SUP-0066,CON-0066,2026-06-21,GBP,80459.76,OPEN
PO-004335,SUP-0013,CON-0013,2026-02-19,INR,148885.35,OPEN
PO-004336,SUP-0074,CON-0074,2026-05-19,EUR,72010.74,OPEN
PO-004337,SUP-0009,CON-0009,2026-01-31,EUR,97754.57,OPEN
PO-004338,SUP-0009,CON-0009,2026-04-28,EUR,85403.25,OPEN
PO-004339,SUP-0050,CON-0050,2026-03-07,USD,50569.01,OPEN
PO-004340,SUP-0106,CON-0106,2026-08-23,USD,54249.63,OPEN
PO-004341,SUP-0060,CON-0060,2026-05-12,GBP,102498.77,OPEN
PO-004342,SUP-0037,CON-0037,2026-08-13,EUR,8196.97,OPEN
PO-004343,SUP-0104,CON-0104,2026-07-27,GBP,130918.43,OPEN
PO-004344,SUP-0039,CON-0039,2026-06-09,GBP,16727.4,OPEN
PO-004345,SUP-0100,CON-0100,2026-05-21,EUR,80202.92,OPEN
PO-004346,SUP-0061,CON-0061,2026-03-26,EUR,70588.61,OPEN
PO-004347,SUP-0088,CON-0088,2026-07-29,EUR,2337.71,OPEN
PO-004348,SUP-0075,CON-0075,2026-03-22,GBP,10566.46,OPEN
PO-004349,SUP-0035,CON-0138,2026-01-30,EUR,54987.5,OPEN
PO-004350,SUP-0033,CON-0033,2026-03-25,USD,127509.77,OPEN
PO-004351,SUP-0056,CON-0056,2026-03-28,GBP,122366.94,OPEN
PO-004352,SUP-0029,CON-0029,2026-03-30,USD,96572.61,OPEN
PO-004353,SUP-0004,CON-0140,2026-07-08,EUR,61569.55,OPEN
PO-004354,SUP-0011,CON-0011,2026-07-11,GBP,119065.12,OPEN
PO-004355,SUP-0120,CON-0120,2026-03-13,USD,32779.34,OPEN
PO-004356,SUP-0069,CON-0069,2026-02-18,EUR,71989.46,OPEN
PO-004357,SUP-0042,CON-0042,2026-07-05,USD,50062.86,OPEN
PO-004358,SUP-0005,CON-0005,2026-06-15,USD,94942.99,OPEN
PO-004359,SUP-0009,CON-0009,2026-01-23,EUR,125647.48,OPEN
PO-004360,SUP-0059,CON-0133,2026-06-13,INR,94982.3,OPEN
PO-004361,SUP-0005,CON-0005,2026-05-05,USD,95217.53,OPEN
PO-004362,SUP-0086,CON-0086,2026-04-26,GBP,47654.62,OPEN
PO-004363,SUP-0058,CON-0058,2026-04-13,GBP,139848.66,OPEN
PO-004364,SUP-0093,CON-0093,2026-08-11,GBP,63701.65,OPEN
PO-004365,SUP-0087,CON-0087,2026-02-18,INR,16033.73,OPEN
PO-004366,SUP-0118,CON-0118,2026-06-23,USD,15991.25,OPEN
PO-004367,SUP-0012,CON-0129,2026-06-11,INR,117156.8,OPEN
PO-004368,SUP-0020,CON-0020,2026-08-25,EUR,91902.21,OPEN
PO-004369,SUP-0061,CON-0061,2026-01-04,EUR,115930.86,OPEN
PO-004370,SUP-0095,CON-0124,2026-02-27,INR,65102.56,OPEN
PO-004371,SUP-0119,CON-0119,2026-05-29,INR,28275.21,OPEN
PO-004372,SUP-0081,CON-0081,2026-08-29,INR,2425.36,OPEN
PO-004373,SUP-0090,CON-0090,2026-08-13,USD,4827.68,OPEN
PO-004374,SUP-0083,CON-0083,2026-04-08,INR,9465.56,OPEN
PO-004375,SUP-0089,CON-0121,2026-03-28,GBP,116725.75,OPEN
PO-004376,SUP-0009,CON-0009,2026-01-03,EUR,106187.9,OPEN
PO-004377,SUP-0060,CON-0060,2026-05-21,GBP,74120.59,OPEN
PO-004378,SUP-0053,CON-0053,2026-05-23,EUR,64162.18,OPEN
PO-004379,SUP-0034,CON-0034,2026-01-14,GBP,38709.36,OPEN
PO-004380,SUP-0077,CON-0077,2026-07-20,EUR,141334.68,OPEN
PO-004381,SUP-0093,CON-0093,2026-04-10,GBP,72680.83,OPEN
PO-004382,SUP-0114,CON-0114,2026-01-04,EUR,82788.7,OPEN
PO-004383,SUP-0082,CON-0082,2026-08-13,GBP,73461.8,OPEN
PO-004384,SUP-0058,CON-0058,2026-03-30,GBP,55690.66,OPEN
PO-004385,SUP-0109,CON-0109,2026-04-29,EUR,100700.83,OPEN
PO-004386,SUP-0060,CON-0060,2026-06-06,GBP,47542.25,OPEN
PO-004387,SUP-0004,CON-0140,2026-08-21,EUR,17069.21,OPEN
PO-004388,SUP-0103,CON-0103,2026-04-12,GBP,10708.86,OPEN
PO-004389,SUP-0034,CON-0034,2026-03-29,GBP,44974.0,OPEN
PO-004390,SUP-0085,CON-0085,2026-01-23,EUR,42711.44,OPEN
PO-004391,SUP-0002,CON-0002,2026-04-17,USD,4320.56,OPEN
PO-004392,SUP-0084,CON-0084,2026-04-02,EUR,63798.22,OPEN
PO-004393,SUP-0100,CON-0100,2026-04-19,EUR,87965.67,OPEN
PO-004394,SUP-0107,CON-0107,2026-05-28,EUR,15381.73,OPEN
PO-004395,SUP-0035,CON-0138,2026-02-17,EUR,15711.87,OPEN
PO-004396,SUP-0042,CON-0134,2026-01-04,GBP,98070.35,OPEN
PO-004397,SUP-0119,CON-0119,2026-06-23,INR,45699.48,OPEN
PO-004398,SUP-0018,CON-0018,2026-08-17,USD,63671.21,OPEN
PO-004399,SUP-0117,CON-0117,2026-07-26,INR,109351.05,OPEN
PO-004400,SUP-0065,CON-0065,2026-02-20,GBP,30069.63,OPEN
PO-004401,SUP-0004,CON-0140,2026-01-06,EUR,47272.5,OPEN
PO-004402,SUP-0088,CON-0088,2026-06-10,EUR,143272.11,OPEN
PO-004403,SUP-0057,CON-0057,2026-02-17,INR,138753.04,OPEN
PO-004404,SUP-0003,CON-0003,2026-03-26,EUR,12654.11,OPEN
PO-004405,SUP-0002,CON-0002,2026-04-01,USD,62989.77,OPEN
PO-004406,SUP-0014,CON-0014,2026-05-20,INR,44212.99,OPEN
PO-004407,SUP-0080,CON-0080,2026-04-07,INR,718.49,OPEN
PO-004408,SUP-0004,CON-0140,2026-04-02,EUR,23402.82,OPEN
PO-004409,SUP-0029,CON-0029,2026-03-10,USD,36647.33,OPEN
PO-004410,SUP-0005,CON-0005,2026-04-08,USD,114782.79,OPEN
PO-004411,SUP-0019,CON-0019,2026-03-01,EUR,145821.05,OPEN
PO-004412,SUP-0093,CON-0093,2026-01-27,GBP,77408.08,OPEN
PO-004413,SUP-0065,CON-0065,2026-02-16,GBP,98980.05,OPEN
PO-004414,SUP-0114,CON-0114,2026-07-01,EUR,14396.99,OPEN
PO-004415,SUP-0094,CON-0094,2026-07-05,USD,100185.99,OPEN
PO-004416,SUP-0116,CON-0116,2026-05-22,EUR,10879.54,OPEN
PO-004417,SUP-0044,CON-0044,2026-08-06,USD,13059.7,OPEN
PO-004418,SUP-0075,CON-0075,2026-08-25,GBP,131524.05,OPEN
PO-004419,SUP-0095,CON-0095,2026-06-25,GBP,23953.26,OPEN
PO-004420,SUP-0066,CON-0066,2026-08-17,GBP,114705.86,OPEN
PO-004421,SUP-0037,CON-0150,2026-05-19,INR,95537.6,OPEN
PO-004422,SUP-0095,CON-0124,2026-07-30,INR,22065.87,OPEN
PO-004423,SUP-0061,CON-0061,2026-03-27,EUR,88667.2,OPEN
PO-004424,SUP-0115,CON-0115,2026-05-16,EUR,109907.93,OPEN
PO-004425,SUP-0085,CON-0135,2026-06-07,GBP,33718.45,OPEN
PO-004426,SUP-0087,CON-0087,2026-07-31,INR,107068.57,OPEN
PO-004427,SUP-0037,CON-0037,2026-03-11,EUR,25822.25,OPEN
PO-004428,SUP-0120,CON-0120,2026-03-30,USD,9607.76,OPEN
PO-004429,SUP-0097,CON-0097,2026-07-03,GBP,148555.29,OPEN
PO-004430,SUP-0036,CON-0148,2026-04-12,GBP,44073.11,OPEN
PO-004431,SUP-0059,CON-0059,2026-01-10,GBP,55087.82,OPEN
PO-004432,SUP-0037,CON-0037,2026-02-10,EUR,66995.05,OPEN
PO-004433,SUP-0089,CON-0089,2026-04-05,INR,61429.58,OPEN
PO-004434,SUP-0022,CON-0022,2026-05-16,GBP,149726.74,OPEN
PO-004435,SUP-0099,CON-0099,2026-02-18,USD,145773.14,OPEN
PO-004436,SUP-0062,CON-0062,2026-08-18,GBP,120293.44,OPEN
PO-004437,SUP-0052,CON-0052,2026-05-12,EUR,50567.08,OPEN
PO-004438,SUP-0027,CON-0027,2026-06-29,EUR,113245.92,OPEN
PO-004439,SUP-0105,CON-0105,2026-01-28,GBP,66760.46,OPEN
PO-004440,SUP-0030,CON-0030,2026-02-22,GBP,37176.21,OPEN
PO-004441,SUP-0004,CON-0140,2026-07-20,EUR,60731.46,OPEN
PO-004442,SUP-0060,CON-0060,2026-08-09,GBP,99177.81,OPEN
PO-004443,SUP-0072,CON-0072,2026-08-14,EUR,3893.77,OPEN
PO-004444,SUP-0055,CON-0055,2026-02-26,USD,134457.55,OPEN
PO-004445,SUP-0041,CON-0041,2026-06-23,USD,74771.98,OPEN
PO-004446,SUP-0063,CON-0063,2026-05-20,INR,137066.81,OPEN
PO-004447,SUP-0073,CON-0073,2026-04-01,GBP,66180.13,OPEN
PO-004448,SUP-0028,CON-0028,2026-07-27,INR,108150.18,OPEN
PO-004449,SUP-0012,CON-0129,2026-08-06,INR,31075.33,OPEN
PO-004450,SUP-0086,CON-0086,2026-03-19,GBP,103282.15,OPEN
PO-004451,SUP-0100,CON-0100,2026-02-17,EUR,116964.28,OPEN
PO-004452,SUP-0020,CON-0020,2026-06-22,EUR,109053.6,OPEN
PO-004453,SUP-0031,CON-0031,2026-03-13,GBP,122423.18,OPEN
PO-004454,SUP-0075,CON-0075,2026-08-12,GBP,110863.77,OPEN
PO-004455,SUP-0006,CON-0006,2026-02-27,GBP,50759.92,OPEN
PO-004456,SUP-0083,CON-0083,2026-03-15,INR,119854.54,OPEN
PO-004457,SUP-0077,CON-0077,2026-06-05,EUR,73502.71,OPEN
PO-004458,SUP-0103,CON-0103,2026-04-15,GBP,90510.42,OPEN
PO-004459,SUP-0061,CON-0061,2026-02-21,EUR,70485.63,OPEN
PO-004460,SUP-0069,CON-0069,2026-04-02,EUR,22945.78,OPEN
PO-004461,SUP-0015,CON-0015,2026-01-06,EUR,27292.65,OPEN
PO-004462,SUP-0100,CON-0100,2026-07-25,EUR,145904.08,OPEN
PO-004463,SUP-0069,CON-0069,2026-04-01,EUR,76112.54,OPEN
PO-004464,SUP-0052,CON-0052,2026-03-08,EUR,80879.41,OPEN
PO-004465,SUP-0077,CON-0077,2026-04-23,EUR,72611.45,OPEN
PO-004466,SUP-0103,CON-0103,2026-06-03,GBP,139328.08,OPEN
PO-004467,SUP-0054,CON-0145,2026-01-14,GBP,109238.07,OPEN
PO-004468,SUP-0069,CON-0069,2026-07-22,EUR,1771.62,OPEN
PO-004469,SUP-0028,CON-0028,2026-01-04,INR,36928.17,OPEN
PO-004470,SUP-0078,CON-0078,2026-08-08,EUR,84603.72,OPEN
PO-004471,SUP-0079,CON-0079,2026-05-09,INR,140681.66,OPEN
PO-004472,SUP-0025,CON-0025,2026-06-12,USD,149240.79,OPEN
PO-004473,SUP-0103,CON-0103,2026-01-04,GBP,48522.43,OPEN
PO-004474,SUP-0049,CON-0049,2026-01-09,INR,31867.01,OPEN
PO-004475,SUP-0102,CON-0102,2026-06-22,GBP,19666.49,OPEN
PO-004476,SUP-0080,CON-0080,2026-07-30,INR,26288.39,OPEN
PO-004477,SUP-0028,CON-0028,2026-03-28,INR,56990.14,OPEN
PO-004478,SUP-0101,CON-0101,2026-01-30,EUR,99603.94,OPEN
PO-004479,SUP-0065,CON-0122,2026-07-24,GBP,64417.94,OPEN
PO-004480,SUP-0035,CON-0035,2026-01-04,GBP,62624.19,OPEN
PO-004481,SUP-0015,CON-0015,2026-02-20,EUR,55433.24,OPEN
PO-004482,SUP-0031,CON-0031,2026-05-06,GBP,141653.58,OPEN
PO-004483,SUP-0103,CON-0103,2026-01-04,GBP,2154.3,OPEN
PO-004484,SUP-0092,CON-0092,2026-02-26,INR,76900.01,OPEN
PO-004485,SUP-0056,CON-0056,2026-06-05,GBP,4308.43,OPEN
PO-004486,SUP-0028,CON-0028,2026-01-25,INR,37444.66,OPEN
PO-004487,SUP-0052,CON-0052,2026-01-07,EUR,118305.19,OPEN
PO-004488,SUP-0068,CON-0068,2026-07-27,INR,87316.86,OPEN
PO-004489,SUP-0043,CON-0131,2026-04-13,GBP,93467.82,OPEN
PO-004490,SUP-0011,CON-0123,2026-05-01,USD,104802.46,OPEN
PO-004491,SUP-0082,CON-0082,2026-07-29,GBP,59814.15,OPEN
PO-004492,SUP-0047,CON-0047,2026-03-15,INR,32543.31,OPEN
PO-004493,SUP-0046,CON-0046,2026-06-20,USD,41563.97,OPEN
PO-004494,SUP-0011,CON-0011,2026-01-28,GBP,6705.81,OPEN
PO-004495,SUP-0031,CON-0031,2026-04-19,GBP,48205.11,OPEN
PO-004496,SUP-0009,CON-0009,2026-07-31,EUR,102580.71,OPEN
PO-004497,SUP-0045,CON-0045,2026-01-23,EUR,136535.14,OPEN
PO-004498,SUP-0026,CON-0026,2026-08-24,GBP,133278.67,OPEN
PO-004499,SUP-0040,CON-0040,2026-04-13,USD,22200.99,OPEN
PO-004500,SUP-0105,CON-0105,2026-06-17,GBP,129273.58,OPEN
PO-004501,SUP-0007,CON-0007,2026-02-27,GBP,93182.33,OPEN
PO-004502,SUP-0066,CON-0066,2026-04-06,GBP,20783.95,OPEN
PO-004503,SUP-0109,CON-0109,2026-07-16,EUR,142396.76,OPEN
PO-004504,SUP-0009,CON-0009,2026-04-09,EUR,148668.36,OPEN
PO-004505,SUP-0065,CON-0122,2026-05-24,GBP,148343.79,OPEN
PO-004506,SUP-0108,CON-0108,2026-01-24,USD,104433.65,OPEN
PO-004507,SUP-0109,CON-0109,2026-02-24,EUR,45083.72,OPEN
PO-004508,SUP-0024,CON-0128,2026-01-03,GBP,136703.15,OPEN
PO-004509,SUP-0016,CON-0016,2026-01-26,USD,10241.84,OPEN
PO-004510,SUP-0020,CON-0020,2026-01-30,EUR,52371.0,OPEN
PO-004511,SUP-0079,CON-0079,2026-08-28,INR,23741.48,OPEN
PO-004512,SUP-0031,CON-0031,2026-06-20,GBP,98446.2,OPEN
PO-004513,SUP-0117,CON-0117,2026-08-07,INR,95241.1,OPEN
PO-004514,SUP-0027,CON-0027,2026-03-04,EUR,118917.92,OPEN
PO-004515,SUP-0080,CON-0080,2026-05-08,INR,146485.56,OPEN
PO-004516,SUP-0068,CON-0068,2026-04-26,INR,112295.18,OPEN
PO-004517,SUP-0081,CON-0137,2026-02-04,USD,13028.57,OPEN
PO-004518,SUP-0097,CON-0097,2026-05-26,GBP,100707.4,OPEN
PO-004519,SUP-0083,CON-0083,2026-06-26,INR,119906.3,OPEN
PO-004520,SUP-0067,CON-0127,2026-07-08,GBP,51210.22,OPEN
PO-004521,SUP-0006,CON-0006,2026-04-12,GBP,71392.8,OPEN
PO-004522,SUP-0054,CON-0054,2026-01-04,INR,111694.1,OPEN
PO-004523,SUP-0033,CON-0033,2026-05-26,USD,48218.98,OPEN
PO-004524,SUP-0057,CON-0139,2026-03-12,GBP,58824.88,OPEN
PO-004525,SUP-0018,CON-0018,2026-03-09,USD,19586.35,OPEN
PO-004526,SUP-0060,CON-0060,2026-02-17,GBP,59171.06,OPEN
PO-004527,SUP-0051,CON-0051,2026-08-28,GBP,122576.35,OPEN
PO-004528,SUP-0023,CON-0023,2026-05-04,EUR,46084.44,OPEN
PO-004529,SUP-0035,CON-0035,2026-01-09,GBP,116207.58,OPEN
PO-004530,SUP-0099,CON-0099,2026-04-13,USD,15151.71,OPEN
PO-004531,SUP-0008,CON-0008,2026-02-11,EUR,39231.73,OPEN
PO-004532,SUP-0032,CON-0146,2026-05-21,EUR,15593.72,OPEN
PO-004533,SUP-0054,CON-0054,2026-08-13,INR,141610.15,OPEN
PO-004534,SUP-0073,CON-0073,2026-05-10,GBP,25983.86,OPEN
PO-004535,SUP-0077,CON-0077,2026-07-08,EUR,135948.42,OPEN
PO-004536,SUP-0040,CON-0141,2026-08-23,USD,79275.35,OPEN
PO-004537,SUP-0090,CON-0090,2026-07-01,USD,121199.95,OPEN
PO-004538,SUP-0076,CON-0076,2026-07-27,USD,74014.01,OPEN
PO-004539,SUP-0107,CON-0107,2026-08-27,EUR,62900.88,OPEN
PO-004540,SUP-0074,CON-0074,2026-02-25,EUR,118974.59,OPEN
PO-004541,SUP-0084,CON-0084,2026-08-28,EUR,117956.52,OPEN
PO-004542,SUP-0014,CON-0014,2026-06-15,INR,77128.62,OPEN
PO-004543,SUP-0120,CON-0144,2026-01-17,INR,79456.56,OPEN
PO-004544,SUP-0086,CON-0086,2026-03-29,GBP,123359.97,OPEN
PO-004545,SUP-0108,CON-0108,2026-03-08,USD,87936.31,OPEN
PO-004546,SUP-0106,CON-0106,2026-07-17,USD,125388.37,OPEN
PO-004547,SUP-0061,CON-0061,2026-06-22,EUR,38168.48,OPEN
PO-004548,SUP-0091,CON-0091,2026-08-19,USD,130999.53,OPEN
PO-004549,SUP-0014,CON-0014,2026-05-31,INR,29826.4,OPEN
PO-004550,SUP-0033,CON-0033,2026-03-02,USD,7555.43,OPEN
PO-004551,SUP-0026,CON-0026,2026-06-01,GBP,119150.37,OPEN
PO-004552,SUP-0020,CON-0020,2026-01-13,EUR,2390.6,OPEN
PO-004553,SUP-0108,CON-0108,2026-07-29,USD,92883.79,OPEN
PO-004554,SUP-0002,CON-0002,2026-01-01,USD,132667.41,OPEN
PO-004555,SUP-0078,CON-0078,2026-06-27,EUR,75255.78,OPEN
PO-004556,SUP-0089,CON-0121,2026-06-01,GBP,43217.03,OPEN
PO-004557,SUP-0048,CON-0048,2026-03-02,USD,71773.47,OPEN
PO-004558,SUP-0022,CON-0022,2026-08-07,GBP,96688.8,OPEN
PO-004559,SUP-0024,CON-0024,2026-06-29,USD,20671.36,OPEN
PO-004560,SUP-0080,CON-0080,2026-02-12,INR,9523.9,OPEN
PO-004561,SUP-0035,CON-0138,2026-04-14,EUR,104454.96,OPEN
PO-004562,SUP-0038,CON-0038,2026-06-28,INR,66563.32,OPEN
PO-004563,SUP-0056,CON-0056,2026-06-13,GBP,129580.14,OPEN
PO-004564,SUP-0019,CON-0019,2026-05-11,EUR,60486.74,OPEN
PO-004565,SUP-0004,CON-0140,2026-03-19,EUR,138010.87,OPEN
PO-004566,SUP-0042,CON-0134,2026-06-01,GBP,90747.72,OPEN
PO-004567,SUP-0091,CON-0091,2026-08-06,USD,21431.02,OPEN
PO-004568,SUP-0050,CON-0050,2026-08-28,USD,15408.72,OPEN
PO-004569,SUP-0029,CON-0029,2026-06-26,USD,74349.66,OPEN
PO-004570,SUP-0066,CON-0066,2026-03-06,GBP,47481.24,OPEN
PO-004571,SUP-0093,CON-0093,2026-06-02,GBP,135474.68,OPEN
PO-004572,SUP-0045,CON-0045,2026-04-01,EUR,94683.89,OPEN
PO-004573,SUP-0097,CON-0097,2026-02-21,GBP,103851.4,OPEN
PO-004574,SUP-0020,CON-0020,2026-06-13,EUR,90740.01,OPEN
PO-004575,SUP-0094,CON-0094,2026-03-09,USD,125568.0,OPEN
PO-004576,SUP-0102,CON-0102,2026-08-20,GBP,128223.89,OPEN
PO-004577,SUP-0024,CON-0128,2026-04-07,GBP,85736.27,OPEN
PO-004578,SUP-0036,CON-0036,2026-07-09,INR,43533.42,OPEN
PO-004579,SUP-0009,CON-0009,2026-06-15,EUR,80738.45,OPEN
PO-004580,SUP-0003,CON-0003,2026-02-03,EUR,88126.3,OPEN
PO-004581,SUP-0036,CON-0036,2026-03-17,INR,146941.04,OPEN
PO-004582,SUP-0062,CON-0062,2026-08-04,GBP,93703.45,OPEN
PO-004583,SUP-0047,CON-0047,2026-03-05,INR,2548.61,OPEN
PO-004584,SUP-0016,CON-0143,2026-07-27,EUR,138986.54,OPEN
PO-004585,SUP-0111,CON-0111,2026-07-05,GBP,56528.46,OPEN
PO-004586,SUP-0026,CON-0026,2026-03-09,GBP,133274.37,OPEN
PO-004587,SUP-0018,CON-0018,2026-02-20,USD,32005.28,OPEN
PO-004588,SUP-0075,CON-0075,2026-04-14,GBP,105516.16,OPEN
PO-004589,SUP-0051,CON-0051,2026-07-21,GBP,98977.1,OPEN
PO-004590,SUP-0047,CON-0047,2026-02-25,INR,53026.49,OPEN
PO-004591,SUP-0083,CON-0083,2026-06-23,INR,94276.17,OPEN
PO-004592,SUP-0080,CON-0080,2026-02-11,INR,48928.39,OPEN
PO-004593,SUP-0046,CON-0046,2026-01-29,USD,22541.16,OPEN
PO-004594,SUP-0029,CON-0029,2026-01-04,USD,118060.65,OPEN
PO-004595,SUP-0054,CON-0054,2026-03-20,INR,47599.64,OPEN
PO-004596,SUP-0009,CON-0009,2026-07-02,EUR,5538.73,OPEN
PO-004597,SUP-0005,CON-0005,2026-07-06,USD,46542.64,OPEN
PO-004598,SUP-0084,CON-0084,2026-01-09,EUR,95119.39,OPEN
PO-004599,SUP-0046,CON-0046,2026-04-17,USD,56106.73,OPEN
PO-004600,SUP-0016,CON-0016,2026-04-09,USD,3739.88,OPEN
PO-004601,SUP-0044,CON-0044,2026-08-02,USD,54511.43,OPEN
PO-004602,SUP-0018,CON-0018,2026-07-15,USD,84039.99,OPEN
PO-004603,SUP-0044,CON-0044,2026-06-10,USD,68380.47,OPEN
PO-004604,SUP-0082,CON-0082,2026-04-24,GBP,88011.41,OPEN
PO-004605,SUP-0089,CON-0089,2026-06-15,INR,122720.99,OPEN
PO-004606,SUP-0093,CON-0093,2026-04-12,GBP,143360.98,OPEN
PO-004607,SUP-0086,CON-0086,2026-08-23,GBP,135245.44,OPEN
PO-004608,SUP-0011,CON-0123,2026-06-26,USD,66056.17,OPEN
PO-004609,SUP-0068,CON-0068,2026-01-31,INR,103585.52,OPEN
PO-004610,SUP-0002,CON-0002,2026-03-14,USD,142285.67,OPEN
PO-004611,SUP-0081,CON-0137,2026-01-07,USD,37327.76,OPEN
PO-004612,SUP-0095,CON-0095,2026-02-06,GBP,80843.8,OPEN
PO-004613,SUP-0099,CON-0099,2026-04-27,USD,145954.21,OPEN
PO-004614,SUP-0050,CON-0050,2026-07-30,USD,78556.06,OPEN
PO-004615,SUP-0108,CON-0108,2026-07-12,USD,84401.68,OPEN
PO-004616,SUP-0109,CON-0109,2026-03-01,EUR,1736.63,OPEN
PO-004617,SUP-0078,CON-0078,2026-07-02,EUR,45004.24,OPEN
PO-004618,SUP-0107,CON-0107,2026-02-23,EUR,75687.61,OPEN
PO-004619,SUP-0053,CON-0053,2026-01-01,EUR,64131.77,OPEN
PO-004620,SUP-0026,CON-0026,2026-07-22,GBP,63430.3,OPEN
PO-004621,SUP-0008,CON-0008,2026-04-07,EUR,37179.05,OPEN
PO-004622,SUP-0058,CON-0058,2026-05-26,GBP,142461.31,OPEN
PO-004623,SUP-0007,CON-0007,2026-03-08,GBP,47503.97,OPEN
PO-004624,SUP-0038,CON-0038,2026-02-08,INR,48994.39,OPEN
PO-004625,SUP-0031,CON-0031,2026-01-24,GBP,32806.68,OPEN
PO-004626,SUP-0100,CON-0100,2026-02-04,EUR,59891.67,OPEN
PO-004627,SUP-0063,CON-0063,2026-04-10,INR,21106.66,OPEN
PO-004628,SUP-0077,CON-0077,2026-03-18,EUR,77424.88,OPEN
PO-004629,SUP-0077,CON-0077,2026-04-04,EUR,39418.88,OPEN
PO-004630,SUP-0011,CON-0011,2026-03-23,GBP,46467.72,OPEN
PO-004631,SUP-0091,CON-0091,2026-08-17,USD,136858.29,OPEN
PO-004632,SUP-0114,CON-0114,2026-06-06,EUR,120373.8,OPEN
PO-004633,SUP-0112,CON-0112,2026-03-08,EUR,73904.15,OPEN
PO-004634,SUP-0053,CON-0053,2026-03-28,EUR,2429.11,OPEN
PO-004635,SUP-0009,CON-0009,2026-06-28,EUR,144092.77,OPEN
PO-004636,SUP-0030,CON-0030,2026-06-18,GBP,69991.14,OPEN
PO-004637,SUP-0006,CON-0006,2026-03-08,GBP,68860.67,OPEN
PO-004638,SUP-0096,CON-0096,2026-05-27,EUR,34813.57,OPEN
PO-004639,SUP-0112,CON-0112,2026-03-15,EUR,27107.52,OPEN
PO-004640,SUP-0012,CON-0125,2026-04-17,USD,11807.59,OPEN
PO-004641,SUP-0001,CON-0001,2026-06-01,EUR,132154.83,OPEN
PO-004642,SUP-0082,CON-0082,2026-02-23,GBP,115410.31,OPEN
PO-004643,SUP-0019,CON-0019,2026-04-21,EUR,54619.55,OPEN
PO-004644,SUP-0026,CON-0026,2026-08-02,GBP,101363.77,OPEN
PO-004645,SUP-0067,CON-0067,2026-05-07,USD,121774.99,OPEN
PO-004646,SUP-0111,CON-0111,2026-05-18,GBP,78995.52,OPEN
PO-004647,SUP-0083,CON-0083,2026-08-24,INR,143349.1,OPEN
PO-004648,SUP-0038,CON-0038,2026-07-09,INR,91658.83,OPEN
PO-004649,SUP-0108,CON-0108,2026-07-07,USD,110509.55,OPEN
PO-004650,SUP-0047,CON-0047,2026-05-03,INR,133405.49,OPEN
PO-004651,SUP-0054,CON-0054,2026-04-24,INR,41893.88,OPEN
PO-004652,SUP-0103,CON-0103,2026-02-14,GBP,131880.12,OPEN
PO-004653,SUP-0091,CON-0091,2026-06-14,USD,95246.21,OPEN
PO-004654,SUP-0104,CON-0104,2026-06-07,GBP,35751.51,OPEN
PO-004655,SUP-0044,CON-0044,2026-04-10,USD,61371.58,OPEN
PO-004656,SUP-0039,CON-0039,2026-02-03,GBP,133664.18,OPEN
PO-004657,SUP-0034,CON-0034,2026-07-05,GBP,2945.44,OPEN
PO-004658,SUP-0016,CON-0143,2026-01-08,EUR,7580.37,OPEN
PO-004659,SUP-0097,CON-0097,2026-03-18,GBP,16972.33,OPEN
PO-004660,SUP-0026,CON-0026,2026-01-03,GBP,143983.79,OPEN
PO-004661,SUP-0119,CON-0119,2026-04-09,INR,21820.25,OPEN
PO-004662,SUP-0094,CON-0094,2026-02-07,USD,131767.61,OPEN
PO-004663,SUP-0029,CON-0029,2026-01-06,USD,19961.18,OPEN
PO-004664,SUP-0021,CON-0021,2026-05-15,GBP,41026.34,OPEN
PO-004665,SUP-0007,CON-0007,2026-04-01,GBP,112729.58,OPEN
PO-004666,SUP-0113,CON-0113,2026-03-10,INR,83613.0,OPEN
PO-004667,SUP-0054,CON-0054,2026-06-03,INR,79426.93,OPEN
PO-004668,SUP-0019,CON-0019,2026-07-29,EUR,129447.14,OPEN
PO-004669,SUP-0046,CON-0046,2026-08-26,USD,18992.45,OPEN
PO-004670,SUP-0056,CON-0056,2026-06-05,GBP,88358.68,OPEN
PO-004671,SUP-0045,CON-0045,2026-02-10,EUR,15866.63,OPEN
PO-004672,SUP-0086,CON-0086,2026-07-16,GBP,119471.1,OPEN
PO-004673,SUP-0047,CON-0047,2026-05-12,INR,128812.57,OPEN
PO-004674,SUP-0030,CON-0030,2026-08-26,GBP,70839.38,OPEN
PO-004675,SUP-0109,CON-0109,2026-06-11,EUR,8875.05,OPEN
PO-004676,SUP-0067,CON-0127,2026-03-03,GBP,113540.72,OPEN
PO-004677,SUP-0119,CON-0119,2026-05-19,INR,106700.15,OPEN
PO-004678,SUP-0036,CON-0036,2026-01-29,INR,76199.36,OPEN
PO-004679,SUP-0119,CON-0119,2026-05-02,INR,93063.34,OPEN
PO-004680,SUP-0005,CON-0005,2026-05-16,USD,98262.84,OPEN
PO-004681,SUP-0079,CON-0079,2026-07-22,INR,57806.53,OPEN
PO-004682,SUP-0021,CON-0021,2026-02-08,GBP,142719.22,OPEN
PO-004683,SUP-0076,CON-0076,2026-07-25,USD,22523.85,OPEN
PO-004684,SUP-0106,CON-0106,2026-08-19,USD,39668.25,OPEN
PO-004685,SUP-0011,CON-0123,2026-08-23,USD,132771.13,OPEN
PO-004686,SUP-0087,CON-0087,2026-05-03,INR,97065.35,OPEN
PO-004687,SUP-0113,CON-0113,2026-06-21,INR,18001.27,OPEN
PO-004688,SUP-0083,CON-0083,2026-04-28,INR,50448.44,OPEN
PO-004689,SUP-0090,CON-0090,2026-02-28,USD,18390.48,OPEN
PO-004690,SUP-0045,CON-0045,2026-03-25,EUR,112908.04,OPEN
PO-004691,SUP-0084,CON-0084,2026-03-12,EUR,1044.91,OPEN
PO-004692,SUP-0090,CON-0090,2026-05-03,USD,20939.99,OPEN
PO-004693,SUP-0043,CON-0043,2026-03-19,USD,122643.97,OPEN
PO-004694,SUP-0095,CON-0124,2026-03-15,INR,89032.24,OPEN
PO-004695,SUP-0004,CON-0004,2026-04-25,GBP,5495.59,OPEN
PO-004696,SUP-0120,CON-0144,2026-04-07,INR,78902.52,OPEN
PO-004697,SUP-0063,CON-0063,2026-02-27,INR,58000.76,OPEN
PO-004698,SUP-0047,CON-0047,2026-06-27,INR,69040.25,OPEN
PO-004699,SUP-0105,CON-0105,2026-05-15,GBP,111235.23,OPEN
PO-004700,SUP-0116,CON-0116,2026-03-04,EUR,51472.19,OPEN
PO-004701,SUP-0115,CON-0115,2026-06-05,EUR,76030.67,OPEN
PO-004702,SUP-0015,CON-0015,2026-05-12,EUR,83867.66,OPEN
PO-004703,SUP-0001,CON-0001,2026-06-05,EUR,57301.33,OPEN
PO-004704,SUP-0036,CON-0036,2026-04-29,INR,146677.03,OPEN
PO-004705,SUP-0104,CON-0104,2026-01-05,GBP,24845.26,OPEN
PO-004706,SUP-0091,CON-0091,2026-03-31,USD,8998.46,OPEN
PO-004707,SUP-0055,CON-0055,2026-05-01,USD,56040.42,OPEN
PO-004708,SUP-0075,CON-0075,2026-02-23,GBP,23668.53,OPEN
PO-004709,SUP-0098,CON-0098,2026-08-22,USD,68351.85,OPEN
PO-004710,SUP-0026,CON-0026,2026-08-13,GBP,15610.85,OPEN
PO-004711,SUP-0073,CON-0073,2026-03-01,GBP,38550.2,OPEN
PO-004712,SUP-0111,CON-0111,2026-06-25,GBP,44776.1,OPEN
PO-004713,SUP-0054,CON-0054,2026-02-13,INR,85657.65,OPEN
PO-004714,SUP-0058,CON-0058,2026-08-26,GBP,31459.73,OPEN
PO-004715,SUP-0088,CON-0088,2026-08-03,EUR,65218.79,OPEN
PO-004716,SUP-0032,CON-0146,2026-06-29,EUR,99010.81,OPEN
PO-004717,SUP-0045,CON-0045,2026-06-21,EUR,52047.63,OPEN
PO-004718,SUP-0068,CON-0068,2026-02-14,INR,109756.31,OPEN
PO-004719,SUP-0083,CON-0083,2026-08-09,INR,90608.4,OPEN
PO-004720,SUP-0063,CON-0063,2026-04-09,INR,87595.89,OPEN
PO-004721,SUP-0059,CON-0059,2026-07-09,GBP,1698.77,OPEN
PO-004722,SUP-0001,CON-0001,2026-01-19,EUR,95679.91,OPEN
PO-004723,SUP-0086,CON-0086,2026-02-01,GBP,132232.49,OPEN
PO-004724,SUP-0116,CON-0116,2026-05-09,EUR,125719.68,OPEN
PO-004725,SUP-0004,CON-0004,2026-04-12,GBP,131113.37,OPEN
PO-004726,SUP-0116,CON-0116,2026-03-20,EUR,71095.52,OPEN
PO-004727,SUP-0063,CON-0063,2026-05-17,INR,58039.51,OPEN
PO-004728,SUP-0037,CON-0150,2026-03-08,INR,53220.16,OPEN
PO-004729,SUP-0034,CON-0034,2026-08-19,GBP,102165.32,OPEN
PO-004730,SUP-0115,CON-0115,2026-07-25,EUR,72616.01,OPEN
PO-004731,SUP-0002,CON-0002,2026-01-06,USD,59485.69,OPEN
PO-004732,SUP-0108,CON-0108,2026-08-05,USD,47876.67,OPEN
PO-004733,SUP-0058,CON-0058,2026-03-01,GBP,108647.29,OPEN
PO-004734,SUP-0079,CON-0079,2026-05-18,INR,25293.51,OPEN
PO-004735,SUP-0027,CON-0027,2026-01-14,EUR,103983.69,OPEN
PO-004736,SUP-0116,CON-0116,2026-08-23,EUR,102716.33,OPEN
PO-004737,SUP-0117,CON-0117,2026-03-25,INR,106098.96,OPEN
PO-004738,SUP-0037,CON-0150,2026-03-01,INR,146587.25,OPEN
PO-004739,SUP-0107,CON-0107,2026-04-15,EUR,14757.95,OPEN
PO-004740,SUP-0096,CON-0096,2026-05-01,EUR,16652.11,OPEN
PO-004741,SUP-0093,CON-0093,2026-05-25,GBP,111902.52,OPEN
PO-004742,SUP-0063,CON-0063,2026-07-12,INR,145062.97,OPEN
PO-004743,SUP-0074,CON-0074,2026-08-06,EUR,67242.93,OPEN
PO-004744,SUP-0061,CON-0061,2026-07-26,EUR,96978.86,OPEN
PO-004745,SUP-0095,CON-0095,2026-04-30,GBP,26364.67,OPEN
PO-004746,SUP-0079,CON-0079,2026-06-18,INR,16244.63,OPEN
PO-004747,SUP-0076,CON-0076,2026-06-15,USD,145524.15,OPEN
PO-004748,SUP-0034,CON-0034,2026-04-23,GBP,145062.92,OPEN
PO-004749,SUP-0068,CON-0068,2026-06-11,INR,64966.83,OPEN
PO-004750,SUP-0050,CON-0050,2026-06-29,USD,149482.54,OPEN
PO-004751,SUP-0078,CON-0078,2026-08-01,EUR,137567.52,OPEN
PO-004752,SUP-0116,CON-0116,2026-03-02,EUR,97451.22,OPEN
PO-004753,SUP-0078,CON-0078,2026-08-28,EUR,122265.53,OPEN
PO-004754,SUP-0094,CON-0094,2026-08-28,USD,144830.42,OPEN
PO-004755,SUP-0104,CON-0104,2026-02-03,GBP,5700.46,OPEN
PO-004756,SUP-0034,CON-0034,2026-04-16,GBP,41832.18,OPEN
PO-004757,SUP-0097,CON-0097,2026-08-22,GBP,37853.14,OPEN
PO-004758,SUP-0120,CON-0120,2026-02-08,USD,137902.95,OPEN
PO-004759,SUP-0035,CON-0035,2026-01-11,GBP,58684.09,OPEN
PO-004760,SUP-0103,CON-0103,2026-03-06,GBP,68259.13,OPEN
PO-004761,SUP-0060,CON-0060,2026-05-30,GBP,106243.5,OPEN
PO-004762,SUP-0063,CON-0063,2026-08-10,INR,110313.97,OPEN
PO-004763,SUP-0096,CON-0096,2026-04-09,EUR,81592.88,OPEN
PO-004764,SUP-0078,CON-0078,2026-04-10,EUR,94745.2,OPEN
PO-004765,SUP-0024,CON-0128,2026-02-16,GBP,33888.8,OPEN
PO-004766,SUP-0026,CON-0026,2026-06-15,GBP,68006.6,OPEN
PO-004767,SUP-0030,CON-0030,2026-03-16,GBP,107763.58,OPEN
PO-004768,SUP-0021,CON-0021,2026-07-08,GBP,143453.39,OPEN
PO-004769,SUP-0028,CON-0028,2026-08-04,INR,13845.55,OPEN
PO-004770,SUP-0099,CON-0099,2026-02-20,USD,127893.97,OPEN
PO-004771,SUP-0065,CON-0065,2026-04-19,GBP,55365.8,OPEN
PO-004772,SUP-0046,CON-0046,2026-04-05,USD,137485.28,OPEN
PO-004773,SUP-0120,CON-0149,2026-08-23,INR,72571.06,OPEN
PO-004774,SUP-0066,CON-0066,2026-02-09,GBP,27969.26,OPEN
PO-004775,SUP-0006,CON-0006,2026-04-22,GBP,96307.74,OPEN
PO-004776,SUP-0002,CON-0002,2026-03-11,USD,16839.43,OPEN
PO-004777,SUP-0097,CON-0097,2026-08-28,GBP,123188.13,OPEN
PO-004778,SUP-0073,CON-0073,2026-03-25,GBP,33932.68,OPEN
PO-004779,SUP-0024,CON-0128,2026-01-30,GBP,121373.18,OPEN
PO-004780,SUP-0035,CON-0035,2026-03-27,GBP,109389.65,OPEN
PO-004781,SUP-0082,CON-0082,2026-05-07,GBP,90388.17,OPEN
PO-004782,SUP-0116,CON-0116,2026-07-29,EUR,117599.74,OPEN
PO-004783,SUP-0101,CON-0101,2026-02-26,EUR,90813.27,OPEN
PO-004784,SUP-0043,CON-0131,2026-05-04,GBP,146564.33,OPEN
PO-004785,SUP-0039,CON-0039,2026-03-24,GBP,138071.84,OPEN
PO-004786,SUP-0082,CON-0082,2026-01-31,GBP,96925.45,OPEN
PO-004787,SUP-0007,CON-0007,2026-08-09,GBP,125997.38,OPEN
PO-004788,SUP-0040,CON-0040,2026-08-21,USD,147620.21,OPEN
PO-004789,SUP-0056,CON-0056,2026-04-22,GBP,31863.89,OPEN
PO-004790,SUP-0051,CON-0051,2026-03-24,GBP,97622.18,OPEN
PO-004791,SUP-0033,CON-0033,2026-07-18,USD,33603.44,OPEN
PO-004792,SUP-0066,CON-0066,2026-01-18,GBP,13569.88,OPEN
PO-004793,SUP-0015,CON-0015,2026-05-04,EUR,114823.62,OPEN
PO-004794,SUP-0026,CON-0026,2026-01-04,GBP,1556.15,OPEN
PO-004795,SUP-0046,CON-0046,2026-06-29,USD,23290.12,OPEN
PO-004796,SUP-0076,CON-0076,2026-08-12,USD,2480.7,OPEN
PO-004797,SUP-0063,CON-0063,2026-08-18,INR,27294.75,OPEN
PO-004798,SUP-0007,CON-0136,2026-07-31,INR,49889.85,OPEN
PO-004799,SUP-0092,CON-0092,2026-05-27,INR,16278.32,OPEN
PO-004800,SUP-0093,CON-0093,2026-03-05,GBP,76479.39,OPEN
PO-004801,SUP-0031,CON-0031,2026-06-27,GBP,38043.35,OPEN
PO-004802,SUP-0097,CON-0097,2026-01-31,GBP,96757.32,OPEN
PO-004803,SUP-0083,CON-0083,2026-06-02,INR,59524.3,OPEN
PO-004804,SUP-0019,CON-0019,2026-04-12,EUR,148900.42,OPEN
PO-004805,SUP-0028,CON-0028,2026-08-23,INR,67874.87,OPEN
PO-004806,SUP-0091,CON-0091,2026-08-17,USD,112701.5,OPEN
PO-004807,SUP-0019,CON-0019,2026-04-05,EUR,26420.49,OPEN
PO-004808,SUP-0028,CON-0028,2026-05-10,INR,3486.88,OPEN
PO-004809,SUP-0038,CON-0038,2026-03-08,INR,107467.54,OPEN
PO-004810,SUP-0024,CON-0128,2026-01-26,GBP,84189.91,OPEN
PO-004811,SUP-0015,CON-0015,2026-08-10,EUR,64399.52,OPEN
PO-004812,SUP-0102,CON-0102,2026-07-17,GBP,125701.93,OPEN
PO-004813,SUP-0113,CON-0113,2026-03-03,INR,85499.07,OPEN
PO-004814,SUP-0054,CON-0054,2026-06-20,INR,87547.0,OPEN
PO-004815,SUP-0093,CON-0093,2026-03-01,GBP,87730.11,OPEN
PO-004816,SUP-0114,CON-0114,2026-03-01,EUR,94384.34,OPEN
PO-004817,SUP-0041,CON-0041,2026-04-04,USD,116204.0,OPEN
PO-004818,SUP-0059,CON-0059,2026-05-29,GBP,132957.77,OPEN
PO-004819,SUP-0049,CON-0049,2026-01-28,INR,146114.08,OPEN
PO-004820,SUP-0095,CON-0124,2026-06-11,INR,9115.76,OPEN
PO-004821,SUP-0072,CON-0072,2026-01-07,EUR,30133.06,OPEN
PO-004822,SUP-0117,CON-0117,2026-02-24,INR,28395.23,OPEN
PO-004823,SUP-0044,CON-0044,2026-05-02,USD,19864.76,OPEN
PO-004824,SUP-0019,CON-0019,2026-01-05,EUR,140736.44,OPEN
PO-004825,SUP-0036,CON-0036,2026-07-23,INR,136973.74,OPEN
PO-004826,SUP-0065,CON-0122,2026-04-05,GBP,61758.7,OPEN
PO-004827,SUP-0004,CON-0004,2026-03-18,GBP,88776.78,OPEN
PO-004828,SUP-0032,CON-0146,2026-07-06,EUR,83064.68,OPEN
PO-004829,SUP-0097,CON-0097,2026-08-12,GBP,29809.14,OPEN
PO-004830,SUP-0034,CON-0034,2026-07-16,GBP,8577.13,OPEN
PO-004831,SUP-0113,CON-0113,2026-06-04,INR,21163.44,OPEN
PO-004832,SUP-0074,CON-0126,2026-04-28,EUR,1134.87,OPEN
PO-004833,SUP-0062,CON-0062,2026-06-25,GBP,145204.51,OPEN
PO-004834,SUP-0077,CON-0077,2026-05-10,EUR,75070.64,OPEN
PO-004835,SUP-0107,CON-0107,2026-03-10,EUR,33548.43,OPEN
PO-004836,SUP-0060,CON-0060,2026-03-09,GBP,103730.31,OPEN
PO-004837,SUP-0056,CON-0056,2026-07-05,GBP,116475.46,OPEN
PO-004838,SUP-0035,CON-0035,2026-05-22,GBP,101734.2,OPEN
PO-004839,SUP-0026,CON-0026,2026-06-06,GBP,142519.48,OPEN
PO-004840,SUP-0003,CON-0003,2026-08-13,EUR,20587.18,OPEN
PO-004841,SUP-0087,CON-0087,2026-04-05,INR,37255.48,OPEN
PO-004842,SUP-0006,CON-0006,2026-02-27,GBP,51558.59,OPEN
PO-004843,SUP-0072,CON-0072,2026-06-23,EUR,66127.38,OPEN
PO-004844,SUP-0032,CON-0146,2026-04-25,EUR,125182.3,OPEN
PO-004845,SUP-0046,CON-0046,2026-03-05,USD,5069.9,OPEN
PO-004846,SUP-0049,CON-0049,2026-03-15,INR,75368.16,OPEN
PO-004847,SUP-0106,CON-0106,2026-06-15,USD,66035.59,OPEN
PO-004848,SUP-0064,CON-0064,2026-08-20,EUR,52885.21,OPEN
PO-004849,SUP-0049,CON-0049,2026-06-19,INR,130389.58,OPEN
PO-004850,SUP-0069,CON-0069,2026-08-10,EUR,133570.97,OPEN
PO-004851,SUP-0012,CON-0125,2026-04-30,USD,139745.53,OPEN
PO-004852,SUP-0080,CON-0080,2026-08-25,INR,121185.56,OPEN
PO-004853,SUP-0104,CON-0104,2026-01-09,GBP,131017.11,OPEN
PO-004854,SUP-0070,CON-0070,2026-07-21,INR,119727.62,OPEN
PO-004855,SUP-0002,CON-0002,2026-02-12,USD,50736.02,OPEN
PO-004856,SUP-0100,CON-0100,2026-02-25,EUR,70755.5,OPEN
PO-004857,SUP-0097,CON-0097,2026-04-14,GBP,119892.29,OPEN
PO-004858,SUP-0090,CON-0090,2026-05-27,USD,117100.64,OPEN
PO-004859,SUP-0022,CON-0022,2026-03-22,GBP,55839.34,OPEN
PO-004860,SUP-0038,CON-0038,2026-04-13,INR,25601.67,OPEN
PO-004861,SUP-0059,CON-0059,2026-04-21,GBP,31457.14,OPEN
PO-004862,SUP-0070,CON-0070,2026-04-07,INR,12358.7,OPEN
PO-004863,SUP-0111,CON-0111,2026-07-24,GBP,42732.22,OPEN
PO-004864,SUP-0050,CON-0050,2026-03-05,USD,89859.04,OPEN
PO-004865,SUP-0024,CON-0024,2026-08-18,USD,137970.35,OPEN
PO-004866,SUP-0097,CON-0097,2026-03-19,GBP,21080.04,OPEN
PO-004867,SUP-0079,CON-0079,2026-04-03,INR,31710.69,OPEN
PO-004868,SUP-0003,CON-0003,2026-03-12,EUR,139516.78,OPEN
PO-004869,SUP-0008,CON-0008,2026-03-10,EUR,16886.48,OPEN
PO-004870,SUP-0098,CON-0098,2026-04-16,USD,98945.15,OPEN
PO-004871,SUP-0042,CON-0042,2026-07-01,USD,62779.66,OPEN
PO-004872,SUP-0046,CON-0046,2026-07-18,USD,32625.32,OPEN
PO-004873,SUP-0075,CON-0075,2026-03-14,GBP,88516.42,OPEN
PO-004874,SUP-0008,CON-0008,2026-08-09,EUR,89588.15,OPEN
PO-004875,SUP-0054,CON-0054,2026-01-15,INR,62440.76,OPEN
PO-004876,SUP-0008,CON-0008,2026-07-08,EUR,19747.42,OPEN
PO-004877,SUP-0046,CON-0046,2026-02-02,USD,99547.13,OPEN
PO-004878,SUP-0037,CON-0037,2026-06-13,EUR,146892.48,OPEN
PO-004879,SUP-0067,CON-0127,2026-06-07,GBP,118028.08,OPEN
PO-004880,SUP-0106,CON-0106,2026-03-08,USD,17599.0,OPEN
PO-004881,SUP-0063,CON-0063,2026-01-14,INR,10899.95,OPEN
PO-004882,SUP-0118,CON-0118,2026-05-10,USD,27538.12,OPEN
PO-004883,SUP-0084,CON-0084,2026-03-11,EUR,8190.46,OPEN
PO-004884,SUP-0118,CON-0118,2026-03-24,USD,98709.08,OPEN
PO-004885,SUP-0038,CON-0038,2026-03-29,INR,16527.06,OPEN
PO-004886,SUP-0067,CON-0067,2026-07-29,USD,107710.76,OPEN
PO-004887,SUP-0010,CON-0010,2026-08-05,INR,104713.66,OPEN
PO-004888,SUP-0119,CON-0119,2026-08-05,INR,7590.21,OPEN
PO-004889,SUP-0105,CON-0105,2026-06-24,GBP,90405.75,OPEN
PO-004890,SUP-0082,CON-0082,2026-05-17,GBP,1387.71,OPEN
PO-004891,SUP-0002,CON-0002,2026-04-18,USD,30731.42,OPEN
PO-004892,SUP-0116,CON-0116,2026-02-23,EUR,115022.46,OPEN
PO-004893,SUP-0033,CON-0033,2026-04-12,USD,132623.51,OPEN
PO-004894,SUP-0083,CON-0083,2026-01-06,INR,81552.11,OPEN
PO-004895,SUP-0060,CON-0060,2026-02-26,GBP,52061.92,OPEN
PO-004896,SUP-0061,CON-0061,2026-05-11,EUR,45539.45,OPEN
PO-004897,SUP-0106,CON-0106,2026-05-18,USD,126550.67,OPEN
PO-004898,SUP-0046,CON-0046,2026-02-03,USD,106121.24,OPEN
PO-004899,SUP-0069,CON-0069,2026-05-22,EUR,51983.53,OPEN
PO-004900,SUP-0071,CON-0071,2026-02-26,INR,105805.8,OPEN
PO-004901,SUP-0039,CON-0039,2026-04-05,GBP,21176.73,OPEN
PO-004902,SUP-0064,CON-0064,2026-05-08,EUR,140080.73,OPEN
PO-004903,SUP-0072,CON-0072,2026-05-13,EUR,103964.5,OPEN
PO-004904,SUP-0038,CON-0038,2026-04-21,INR,106918.18,OPEN
PO-004905,SUP-0082,CON-0082,2026-02-17,GBP,67466.37,OPEN
PO-004906,SUP-0005,CON-0005,2026-03-12,USD,32552.41,OPEN
PO-004907,SUP-0018,CON-0018,2026-04-30,USD,99044.45,OPEN
PO-004908,SUP-0043,CON-0043,2026-07-04,USD,116906.37,OPEN
PO-004909,SUP-0084,CON-0084,2026-06-16,EUR,125843.9,OPEN
PO-004910,SUP-0027,CON-0027,2026-02-02,EUR,117476.93,OPEN
PO-004911,SUP-0064,CON-0064,2026-05-09,EUR,11159.34,OPEN
PO-004912,SUP-0087,CON-0087,2026-05-27,INR,90813.25,OPEN
PO-004913,SUP-0033,CON-0033,2026-03-02,USD,140466.85,OPEN
PO-004914,SUP-0113,CON-0113,2026-06-21,INR,99774.84,OPEN
PO-004915,SUP-0038,CON-0038,2026-07-31,INR,72374.67,OPEN
PO-004916,SUP-0113,CON-0113,2026-03-11,INR,92997.88,OPEN
PO-004917,SUP-0095,CON-0124,2026-06-19,INR,146331.86,OPEN
PO-004918,SUP-0071,CON-0071,2026-01-16,INR,45676.63,OPEN
PO-004919,SUP-0035,CON-0138,2026-05-10,EUR,44697.65,OPEN
PO-004920,SUP-0079,CON-0079,2026-07-09,INR,73673.0,OPEN
PO-004921,SUP-0110,CON-0110,2026-07-11,USD,129362.92,OPEN
PO-004922,SUP-0095,CON-0095,2026-07-29,GBP,85553.51,OPEN
PO-004923,SUP-0065,CON-0122,2026-04-16,GBP,109038.99,OPEN
PO-004924,SUP-0047,CON-0047,2026-01-13,INR,66857.6,OPEN
PO-004925,SUP-0019,CON-0019,2026-03-12,EUR,19330.11,OPEN
PO-004926,SUP-0050,CON-0050,2026-07-07,USD,67870.34,OPEN
PO-004927,SUP-0048,CON-0048,2026-07-04,USD,106435.94,OPEN
PO-004928,SUP-0084,CON-0084,2026-01-01,EUR,20889.69,OPEN
PO-004929,SUP-0063,CON-0063,2026-02-02,INR,107584.88,OPEN
PO-004930,SUP-0058,CON-0058,2026-05-17,GBP,129911.22,OPEN
PO-004931,SUP-0075,CON-0075,2026-02-07,GBP,51657.92,OPEN
PO-004932,SUP-0099,CON-0099,2026-03-12,USD,112210.18,OPEN
PO-004933,SUP-0086,CON-0086,2026-02-17,GBP,65601.97,OPEN
PO-004934,SUP-0106,CON-0106,2026-04-08,USD,81688.17,OPEN
PO-004935,SUP-0098,CON-0098,2026-03-26,USD,26362.51,OPEN
PO-004936,SUP-0103,CON-0103,2026-08-10,GBP,28940.92,OPEN
PO-004937,SUP-0022,CON-0022,2026-03-17,GBP,136374.03,OPEN
PO-004938,SUP-0079,CON-0079,2026-06-15,INR,39494.65,OPEN
PO-004939,SUP-0001,CON-0001,2026-06-28,EUR,102864.01,OPEN
PO-004940,SUP-0095,CON-0124,2026-05-12,INR,51074.4,OPEN
PO-004941,SUP-0028,CON-0028,2026-07-25,INR,37271.69,OPEN
PO-004942,SUP-0036,CON-0036,2026-01-26,INR,3439.94,OPEN
PO-004943,SUP-0082,CON-0082,2026-06-26,GBP,683.25,OPEN
PO-004944,SUP-0023,CON-0023,2026-03-01,EUR,119668.76,OPEN
PO-004945,SUP-0088,CON-0088,2026-07-08,EUR,139537.92,OPEN
PO-004946,SUP-0090,CON-0090,2026-04-26,USD,35244.95,OPEN
PO-004947,SUP-0087,CON-0087,2026-06-07,INR,140808.64,OPEN
PO-004948,SUP-0097,CON-0097,2026-08-07,GBP,50634.04,OPEN
PO-004949,SUP-0093,CON-0093,2026-05-19,GBP,116869.55,OPEN
PO-004950,SUP-0066,CON-0066,2026-04-22,GBP,63476.88,OPEN
PO-004951,SUP-0026,CON-0026,2026-02-07,GBP,11066.22,OPEN
PO-004952,SUP-0006,CON-0006,2026-07-20,GBP,85261.79,OPEN
PO-004953,SUP-0057,CON-0057,2026-08-16,INR,77795.03,OPEN
PO-004954,SUP-0107,CON-0107,2026-01-26,EUR,111766.94,OPEN
PO-004955,SUP-0036,CON-0148,2026-08-09,GBP,11199.57,OPEN
PO-004956,SUP-0011,CON-0011,2026-04-24,GBP,87378.81,OPEN
PO-004957,SUP-0064,CON-0064,2026-08-14,EUR,90879.6,OPEN
PO-004958,SUP-0097,CON-0097,2026-05-16,GBP,128424.5,OPEN
PO-004959,SUP-0088,CON-0088,2026-01-15,EUR,71385.35,OPEN
PO-004960,SUP-0078,CON-0078,2026-02-02,EUR,95505.72,OPEN
PO-004961,SUP-0071,CON-0071,2026-06-16,INR,2773.94,OPEN
PO-004962,SUP-0024,CON-0128,2026-02-03,GBP,137023.0,OPEN
PO-004963,SUP-0069,CON-0069,2026-02-22,EUR,22168.17,OPEN
PO-004964,SUP-0019,CON-0019,2026-08-02,EUR,106826.63,OPEN
PO-004965,SUP-0036,CON-0036,2026-07-04,INR,80070.43,OPEN
PO-004966,SUP-0061,CON-0061,2026-03-17,EUR,21336.19,OPEN
PO-004967,SUP-0036,CON-0036,2026-08-17,INR,131599.1,OPEN
PO-004968,SUP-0096,CON-0096,2026-04-30,EUR,137142.67,OPEN
PO-004969,SUP-0120,CON-0144,2026-05-28,INR,124321.32,OPEN
PO-004970,SUP-0036,CON-0036,2026-08-15,INR,132816.1,OPEN
PO-004971,SUP-0054,CON-0054,2026-06-23,INR,17274.01,OPEN
PO-004972,SUP-0102,CON-0102,2026-02-01,GBP,110536.34,OPEN
PO-004973,SUP-0095,CON-0124,2026-01-06,INR,125891.52,OPEN
PO-004974,SUP-0090,CON-0090,2026-01-16,USD,93267.23,OPEN
PO-004975,SUP-0073,CON-0073,2026-01-14,GBP,91767.24,OPEN
PO-004976,SUP-0087,CON-0087,2026-06-08,INR,42716.3,OPEN
PO-004977,SUP-0086,CON-0086,2026-04-24,GBP,122500.84,OPEN
PO-004978,SUP-0043,CON-0130,2026-07-03,USD,59309.86,OPEN
PO-004979,SUP-0088,CON-0088,2026-02-04,EUR,105131.41,OPEN
PO-004980,SUP-0113,CON-0113,2026-03-26,INR,24559.8,OPEN
PO-004981,SUP-0091,CON-0091,2026-08-10,USD,24645.2,OPEN
PO-004982,SUP-0041,CON-0041,2026-04-13,USD,73680.99,OPEN
PO-004983,SUP-0024,CON-0128,2026-05-01,GBP,7557.61,OPEN
PO-004984,SUP-0104,CON-0104,2026-03-29,GBP,132307.23,OPEN
PO-004985,SUP-0059,CON-0059,2026-07-15,GBP,123564.58,OPEN
PO-004986,SUP-0073,CON-0073,2026-03-12,GBP,90968.54,OPEN
PO-004987,SUP-0001,CON-0001,2026-07-28,EUR,96833.31,OPEN
PO-004988,SUP-0064,CON-0064,2026-06-01,EUR,19446.88,OPEN
PO-004989,SUP-0006,CON-0006,2026-03-31,GBP,14775.94,OPEN
PO-004990,SUP-0069,CON-0069,2026-08-06,EUR,51095.75,OPEN
PO-004991,SUP-0069,CON-0069,2026-01-09,EUR,38609.65,OPEN
PO-004992,SUP-0003,CON-0003,2026-05-03,EUR,104595.74,OPEN
PO-004993,SUP-0036,CON-0148,2026-03-09,GBP,107327.48,OPEN
PO-004994,SUP-0018,CON-0018,2026-05-29,USD,103306.82,OPEN
PO-004995,SUP-0081,CON-0081,2026-05-11,INR,78797.63,OPEN
PO-004996,SUP-0103,CON-0103,2026-08-25,GBP,101956.11,OPEN
PO-004997,SUP-0039,CON-0039,2026-02-22,GBP,32500.88,OPEN
PO-004998,SUP-0064,CON-0064,2026-03-27,EUR,46784.97,OPEN
PO-004999,SUP-0056,CON-0056,2026-05-04,GBP,104155.1,OPEN
PO-005000,SUP-0085,CON-0135,2026-05-11,GBP,72062.23,OPEN
