SHIPMENT_ID,ORDER_ID,SUPPLIER_ID,PROMISED_DATE,ACTUAL_DATE,STATUS
SHP-000001-1,ORD-000001-1,SUP-0111,2026-05-20,2026-05-20,DELIVERED
SHP-000001-2,ORD-000001-2,SUP-0111,2026-05-18,2026-05-18,DELIVERED
SHP-000001-3,ORD-000001-3,SUP-0111,2026-05-19,2026-05-19,DELIVERED
SHP-000002-1,ORD-000002-1,SUP-0064,2026-03-02,2026-03-02,DELIVERED
SHP-000003-1,ORD-000003-1,SUP-0093,2026-05-18,2026-05-19,DELIVERED
SHP-000004-1,ORD-000004-1,SUP-0084,2026-08-25,2026-08-27,DELIVERED
SHP-000004-2,ORD-000004-2,SUP-0084,2026-08-22,2026-08-22,DELIVERED
SHP-000004-3,ORD-000004-3,SUP-0084,2026-09-03,2026-09-03,IN_TRANSIT
SHP-000005-1,ORD-000005-1,SUP-0089,2026-09-13,2026-09-13,IN_TRANSIT
SHP-000006-1,ORD-000006-1,SUP-0032,2026-06-15,2026-06-17,DELIVERED
SHP-000006-2,ORD-000006-2,SUP-0032,2026-06-29,2026-06-29,DELIVERED
SHP-000007-1,ORD-000007-1,SUP-0030,2026-07-02,2026-07-02,DELIVERED
SHP-000008-1,ORD-000008-1,SUP-0057,2026-06-26,2026-06-27,DELIVERED
SHP-000008-2,ORD-000008-2,SUP-0057,2026-06-26,2026-06-26,DELIVERED
SHP-000008-3,ORD-000008-3,SUP-0057,2026-06-16,2026-06-17,DELIVERED
SHP-000009-1,ORD-000009-1,SUP-0036,2026-06-16,2026-06-16,DELIVERED
SHP-000009-2,ORD-000009-2,SUP-0036,2026-07-02,2026-07-02,DELIVERED
SHP-000009-3,ORD-000009-3,SUP-0036,2026-06-20,2026-06-21,DELIVERED
SHP-000009-4,ORD-000009-4,SUP-0036,2026-06-03,2026-06-03,DELIVERED
SHP-000010-1,ORD-000010-1,SUP-0042,2026-03-04,2026-03-04,DELIVERED
SHP-000010-2,ORD-000010-2,SUP-0042,2026-02-26,2026-02-26,DELIVERED
SHP-000010-3,ORD-000010-3,SUP-0042,2026-03-14,2026-03-14,DELIVERED
SHP-000011-1,ORD-000011-1,SUP-0102,2026-01-28,2026-01-28,DELIVERED
SHP-000011-2,ORD-000011-2,SUP-0102,2026-01-12,2026-01-14,DELIVERED
SHP-000011-3,ORD-000011-3,SUP-0102,2026-01-26,2026-01-26,DELIVERED
SHP-000011-4,ORD-000011-4,SUP-0102,2026-02-10,2026-02-11,DELIVERED
SHP-000012-1,ORD-000012-1,SUP-0015,2026-02-06,2026-02-06,DELIVERED
SHP-000012-2,ORD-000012-2,SUP-0015,2026-02-15,2026-02-17,DELIVERED
SHP-000012-3,ORD-000012-3,SUP-0015,2026-02-14,2026-02-14,DELIVERED
SHP-000012-4,ORD-000012-4,SUP-0015,2026-01-27,2026-01-27,DELIVERED
SHP-000013-1,ORD-000013-1,SUP-0028,2026-05-31,2026-05-31,DELIVERED
SHP-000014-1,ORD-000014-1,SUP-0008,2026-03-20,2026-03-20,DELIVERED
SHP-000014-2,ORD-000014-2,SUP-0008,2026-04-11,2026-04-11,DELIVERED
SHP-000014-3,ORD-000014-3,SUP-0008,2026-03-26,2026-03-26,DELIVERED
SHP-000014-4,ORD-000014-4,SUP-0008,2026-03-24,2026-03-24,DELIVERED
SHP-000015-1,ORD-000015-1,SUP-0110,2026-02-20,2026-02-20,DELIVERED
SHP-000016-1,ORD-000016-1,SUP-0102,2026-06-23,2026-06-23,DELIVERED
SHP-000016-2,ORD-000016-2,SUP-0102,2026-06-19,2026-06-21,DELIVERED
SHP-000016-3,ORD-000016-3,SUP-0102,2026-07-02,2026-07-02,DELIVERED
SHP-000017-1,ORD-000017-1,SUP-0079,2026-08-07,2026-08-08,DELIVERED
SHP-000017-2,ORD-000017-2,SUP-0079,2026-08-10,2026-08-11,DELIVERED
SHP-000017-3,ORD-000017-3,SUP-0079,2026-08-02,2026-08-02,DELIVERED
SHP-000017-4,ORD-000017-4,SUP-0079,2026-08-02,2026-08-04,DELIVERED
SHP-000018-1,ORD-000018-1,SUP-0071,2026-05-15,2026-05-15,DELIVERED
SHP-000018-2,ORD-000018-2,SUP-0071,2026-05-09,2026-05-09,DELIVERED
SHP-000018-3,ORD-000018-3,SUP-0071,2026-05-03,2026-05-04,DELIVERED
SHP-000018-4,ORD-000018-4,SUP-0071,2026-04-26,2026-04-26,DELIVERED
SHP-000019-1,ORD-000019-1,SUP-0048,2026-07-06,2026-07-06,DELIVERED
SHP-000020-1,ORD-000020-1,SUP-0104,2026-06-28,2026-06-28,DELIVERED
SHP-000021-1,ORD-000021-1,SUP-0037,2026-04-13,2026-04-13,DELIVERED
SHP-000021-2,ORD-000021-2,SUP-0037,2026-04-24,2026-04-26,DELIVERED
SHP-000022-1,ORD-000022-1,SUP-0029,2026-09-03,2026-09-03,IN_TRANSIT
SHP-000022-2,ORD-000022-2,SUP-0029,2026-08-22,2026-08-22,DELIVERED
SHP-000022-3,ORD-000022-3,SUP-0029,2026-08-25,2026-08-25,DELIVERED
SHP-000023-1,ORD-000023-1,SUP-0012,2026-05-07,2026-05-09,DELIVERED
SHP-000023-2,ORD-000023-2,SUP-0012,2026-04-20,2026-04-22,DELIVERED
SHP-000024-1,ORD-000024-1,SUP-0007,2026-04-04,2026-04-04,DELIVERED
SHP-000024-2,ORD-000024-2,SUP-0007,2026-04-08,2026-04-08,DELIVERED
SHP-000024-3,ORD-000024-3,SUP-0007,2026-04-12,2026-04-12,DELIVERED
SHP-000024-4,ORD-000024-4,SUP-0007,2026-04-06,2026-04-06,DELIVERED
SHP-000025-1,ORD-000025-1,SUP-0001,2026-03-30,2026-03-31,DELIVERED
SHP-000025-2,ORD-000025-2,SUP-0001,2026-04-13,2026-04-15,DELIVERED
SHP-000025-3,ORD-000025-3,SUP-0001,2026-04-10,2026-04-10,DELIVERED
SHP-000026-1,ORD-000026-1,SUP-0056,2026-05-23,2026-05-23,DELIVERED
SHP-000026-2,ORD-000026-2,SUP-0056,2026-05-16,2026-05-18,DELIVERED
SHP-000026-3,ORD-000026-3,SUP-0056,2026-05-25,2026-05-25,DELIVERED
SHP-000026-4,ORD-000026-4,SUP-0056,2026-05-20,2026-05-22,DELIVERED
SHP-000027-1,ORD-000027-1,SUP-0011,2026-09-08,2026-09-08,IN_TRANSIT
SHP-000027-2,ORD-000027-2,SUP-0011,2026-09-06,2026-09-06,IN_TRANSIT
SHP-000028-1,ORD-000028-1,SUP-0031,2026-03-16,2026-03-17,DELIVERED
SHP-000028-2,ORD-000028-2,SUP-0031,2026-03-13,2026-03-15,DELIVERED
SHP-000029-1,ORD-000029-1,SUP-0042,2026-03-15,2026-03-15,DELIVERED
SHP-000029-2,ORD-000029-2,SUP-0042,2026-03-06,2026-03-07,DELIVERED
SHP-000029-3,ORD-000029-3,SUP-0042,2026-02-24,2026-02-24,DELIVERED
SHP-000029-4,ORD-000029-4,SUP-0042,2026-03-13,2026-03-14,DELIVERED
SHP-000030-1,ORD-000030-1,SUP-0060,2026-05-16,2026-05-16,DELIVERED
SHP-000030-2,ORD-000030-2,SUP-0060,2026-06-01,2026-06-01,DELIVERED
SHP-000030-3,ORD-000030-3,SUP-0060,2026-05-18,2026-05-19,DELIVERED
SHP-000031-1,ORD-000031-1,SUP-0057,2026-04-18,2026-04-18,DELIVERED
SHP-000031-2,ORD-000031-2,SUP-0057,2026-04-29,2026-04-30,DELIVERED
SHP-000031-3,ORD-000031-3,SUP-0057,2026-04-19,2026-04-19,DELIVERED
SHP-000031-4,ORD-000031-4,SUP-0057,2026-04-21,2026-04-22,DELIVERED
SHP-000032-1,ORD-000032-1,SUP-0017,2026-04-23,2026-04-23,DELIVERED
SHP-000032-2,ORD-000032-2,SUP-0017,2026-04-02,2026-04-02,DELIVERED
SHP-000033-1,ORD-000033-1,SUP-0044,2026-03-15,2026-03-17,DELIVERED
SHP-000033-2,ORD-000033-2,SUP-0044,2026-03-25,2026-03-25,DELIVERED
SHP-000034-1,ORD-000034-1,SUP-0077,2026-03-09,2026-03-09,DELIVERED
SHP-000034-2,ORD-000034-2,SUP-0077,2026-03-02,2026-03-04,DELIVERED
SHP-000034-3,ORD-000034-3,SUP-0077,2026-02-25,2026-02-25,DELIVERED
SHP-000034-4,ORD-000034-4,SUP-0077,2026-03-07,2026-03-08,DELIVERED
SHP-000035-1,ORD-000035-1,SUP-0065,2026-03-07,2026-03-07,DELIVERED
SHP-000035-2,ORD-000035-2,SUP-0065,2026-02-28,2026-02-28,DELIVERED
SHP-000035-3,ORD-000035-3,SUP-0065,2026-02-26,2026-02-27,DELIVERED
SHP-000036-1,ORD-000036-1,SUP-0012,2026-08-27,2026-08-27,DELIVERED
SHP-000037-1,ORD-000037-1,SUP-0031,2026-02-02,2026-02-02,DELIVERED
SHP-000037-2,ORD-000037-2,SUP-0031,2026-02-23,2026-02-24,DELIVERED
SHP-000037-3,ORD-000037-3,SUP-0031,2026-02-04,2026-02-04,DELIVERED
SHP-000038-1,ORD-000038-1,SUP-0028,2026-06-04,2026-06-04,DELIVERED
SHP-000039-1,ORD-000039-1,SUP-0031,2026-07-08,2026-07-08,DELIVERED
SHP-000040-1,ORD-000040-1,SUP-0081,2026-08-06,2026-08-07,DELIVERED
SHP-000041-1,ORD-000041-1,SUP-0024,2026-06-17,2026-06-22,DELIVERED
SHP-000042-1,ORD-000042-1,SUP-0048,2026-08-13,2026-08-13,DELIVERED
SHP-000042-2,ORD-000042-2,SUP-0048,2026-08-06,2026-08-06,DELIVERED
SHP-000042-3,ORD-000042-3,SUP-0048,2026-08-19,2026-08-20,DELIVERED
SHP-000043-1,ORD-000043-1,SUP-0081,2026-08-13,2026-08-13,DELIVERED
SHP-000044-1,ORD-000044-1,SUP-0041,2026-05-30,2026-05-30,DELIVERED
SHP-000044-2,ORD-000044-2,SUP-0041,2026-06-01,2026-06-01,DELIVERED
SHP-000044-3,ORD-000044-3,SUP-0041,2026-06-06,2026-06-06,DELIVERED
SHP-000045-1,ORD-000045-1,SUP-0024,2026-07-29,2026-07-29,DELIVERED
SHP-000046-1,ORD-000046-1,SUP-0070,2026-04-26,2026-04-27,DELIVERED
SHP-000046-2,ORD-000046-2,SUP-0070,2026-04-16,2026-04-16,DELIVERED
SHP-000046-3,ORD-000046-3,SUP-0070,2026-04-25,2026-04-25,DELIVERED
SHP-000047-1,ORD-000047-1,SUP-0010,2026-04-17,2026-04-17,DELIVERED
SHP-000048-1,ORD-000048-1,SUP-0031,2026-05-01,2026-05-02,DELIVERED
SHP-000048-2,ORD-000048-2,SUP-0031,2026-04-22,2026-04-23,DELIVERED
SHP-000049-1,ORD-000049-1,SUP-0041,2026-03-22,2026-03-22,DELIVERED
SHP-000049-2,ORD-000049-2,SUP-0041,2026-04-04,2026-04-04,DELIVERED
SHP-000050-1,ORD-000050-1,SUP-0089,2026-03-23,2026-03-23,DELIVERED
SHP-000050-2,ORD-000050-2,SUP-0089,2026-03-27,2026-03-29,DELIVERED
SHP-000050-3,ORD-000050-3,SUP-0089,2026-03-26,2026-03-26,DELIVERED
SHP-000050-4,ORD-000050-4,SUP-0089,2026-03-11,2026-03-11,DELIVERED
SHP-000051-1,ORD-000051-1,SUP-0031,2026-01-24,2026-01-24,DELIVERED
SHP-000051-2,ORD-000051-2,SUP-0031,2026-02-02,2026-02-03,DELIVERED
SHP-000051-3,ORD-000051-3,SUP-0031,2026-02-02,2026-02-02,DELIVERED
SHP-000051-4,ORD-000051-4,SUP-0031,2026-02-01,2026-02-01,DELIVERED
SHP-000052-1,ORD-000052-1,SUP-0113,2026-07-29,2026-07-29,DELIVERED
SHP-000053-1,ORD-000053-1,SUP-0042,2026-04-18,2026-04-18,DELIVERED
SHP-000054-1,ORD-000054-1,SUP-0081,2026-07-14,2026-07-16,DELIVERED
SHP-000054-2,ORD-000054-2,SUP-0081,2026-06-24,2026-06-24,DELIVERED
SHP-000055-1,ORD-000055-1,SUP-0011,2026-07-15,2026-07-17,DELIVERED
SHP-000055-2,ORD-000055-2,SUP-0011,2026-07-02,2026-07-03,DELIVERED
SHP-000056-1,ORD-000056-1,SUP-0039,2026-02-07,2026-02-07,DELIVERED
SHP-000056-2,ORD-000056-2,SUP-0039,2026-02-26,2026-02-26,DELIVERED
SHP-000056-3,ORD-000056-3,SUP-0039,2026-02-11,2026-02-13,DELIVERED
SHP-000056-4,ORD-000056-4,SUP-0039,2026-02-10,2026-02-11,DELIVERED
SHP-000057-1,ORD-000057-1,SUP-0016,2026-05-14,2026-05-14,DELIVERED
SHP-000058-1,ORD-000058-1,SUP-0105,2026-09-20,2026-09-21,IN_TRANSIT
SHP-000058-2,ORD-000058-2,SUP-0105,2026-09-10,2026-09-11,IN_TRANSIT
SHP-000059-1,ORD-000059-1,SUP-0065,2026-03-29,2026-03-30,DELIVERED
SHP-000060-1,ORD-000060-1,SUP-0037,2026-08-18,2026-08-19,DELIVERED
SHP-000060-2,ORD-000060-2,SUP-0037,2026-08-29,2026-08-29,DELIVERED
SHP-000060-3,ORD-000060-3,SUP-0037,2026-08-27,2026-08-29,DELIVERED
SHP-000061-1,ORD-000061-1,SUP-0036,2026-02-20,2026-02-22,DELIVERED
SHP-000061-2,ORD-000061-2,SUP-0036,2026-02-18,2026-02-18,DELIVERED
SHP-000061-3,ORD-000061-3,SUP-0036,2026-02-24,2026-02-26,DELIVERED
SHP-000062-1,ORD-000062-1,SUP-0059,2026-07-03,2026-07-05,DELIVERED
SHP-000062-2,ORD-000062-2,SUP-0059,2026-07-02,2026-07-04,DELIVERED
SHP-000062-3,ORD-000062-3,SUP-0059,2026-06-19,2026-06-19,DELIVERED
SHP-000063-1,ORD-000063-1,SUP-0043,2026-03-06,2026-03-08,DELIVERED
SHP-000064-1,ORD-000064-1,SUP-0074,2026-08-09,2026-08-09,DELIVERED
SHP-000064-2,ORD-000064-2,SUP-0074,2026-07-11,2026-07-12,DELIVERED
SHP-000065-1,ORD-000065-1,SUP-0041,2026-03-17,2026-03-17,DELIVERED
SHP-000065-2,ORD-000065-2,SUP-0041,2026-03-05,2026-03-06,DELIVERED
SHP-000065-3,ORD-000065-3,SUP-0041,2026-02-28,2026-03-01,DELIVERED
SHP-000065-4,ORD-000065-4,SUP-0041,2026-03-06,2026-03-06,DELIVERED
SHP-000066-1,ORD-000066-1,SUP-0079,2026-03-23,2026-03-23,DELIVERED
SHP-000066-2,ORD-000066-2,SUP-0079,2026-03-16,2026-03-18,DELIVERED
SHP-000066-3,ORD-000066-3,SUP-0079,2026-03-20,2026-03-22,DELIVERED
SHP-000067-1,ORD-000067-1,SUP-0049,2026-08-16,2026-08-17,DELIVERED
SHP-000067-2,ORD-000067-2,SUP-0049,2026-08-21,2026-08-21,DELIVERED
SHP-000067-3,ORD-000067-3,SUP-0049,2026-09-04,2026-09-04,IN_TRANSIT
SHP-000068-1,ORD-000068-1,SUP-0018,2026-06-15,2026-06-15,DELIVERED
SHP-000068-2,ORD-000068-2,SUP-0018,2026-06-23,2026-06-23,DELIVERED
SHP-000069-1,ORD-000069-1,SUP-0001,2026-05-12,2026-05-12,DELIVERED
SHP-000069-2,ORD-000069-2,SUP-0001,2026-05-22,2026-05-24,DELIVERED
SHP-000069-3,ORD-000069-3,SUP-0001,2026-05-08,2026-05-08,DELIVERED
SHP-000069-4,ORD-000069-4,SUP-0001,2026-04-27,2026-04-27,DELIVERED
SHP-000070-1,ORD-000070-1,SUP-0113,2026-01-30,2026-01-31,DELIVERED
SHP-000070-2,ORD-000070-2,SUP-0113,2026-01-18,2026-01-18,DELIVERED
SHP-000070-3,ORD-000070-3,SUP-0113,2026-02-04,2026-02-04,DELIVERED
SHP-000071-1,ORD-000071-1,SUP-0092,2026-01-29,2026-01-29,DELIVERED
SHP-000071-2,ORD-000071-2,SUP-0092,2026-01-17,2026-01-17,DELIVERED
SHP-000072-1,ORD-000072-1,SUP-0062,2026-09-17,2026-09-17,IN_TRANSIT
SHP-000072-2,ORD-000072-2,SUP-0062,2026-10-03,2026-10-03,IN_TRANSIT
SHP-000072-3,ORD-000072-3,SUP-0062,2026-09-21,2026-09-21,IN_TRANSIT
SHP-000072-4,ORD-000072-4,SUP-0062,2026-09-28,2026-09-28,IN_TRANSIT
SHP-000073-1,ORD-000073-1,SUP-0089,2026-07-03,2026-07-04,DELIVERED
SHP-000073-2,ORD-000073-2,SUP-0089,2026-07-03,2026-07-04,DELIVERED
SHP-000073-3,ORD-000073-3,SUP-0089,2026-07-19,2026-07-19,DELIVERED
SHP-000074-1,ORD-000074-1,SUP-0098,2026-07-27,2026-07-27,DELIVERED
SHP-000074-2,ORD-000074-2,SUP-0098,2026-07-18,2026-07-18,DELIVERED
SHP-000074-3,ORD-000074-3,SUP-0098,2026-07-17,2026-07-17,DELIVERED
SHP-000074-4,ORD-000074-4,SUP-0098,2026-07-26,2026-07-26,DELIVERED
SHP-000075-1,ORD-000075-1,SUP-0116,2026-08-24,2026-08-24,DELIVERED
SHP-000075-2,ORD-000075-2,SUP-0116,2026-08-03,2026-08-03,DELIVERED
SHP-000075-3,ORD-000075-3,SUP-0116,2026-08-25,2026-08-25,DELIVERED
SHP-000075-4,ORD-000075-4,SUP-0116,2026-08-19,2026-08-19,DELIVERED
SHP-000076-1,ORD-000076-1,SUP-0037,2026-03-13,2026-03-13,DELIVERED
SHP-000076-2,ORD-000076-2,SUP-0037,2026-03-08,2026-03-08,DELIVERED
SHP-000076-3,ORD-000076-3,SUP-0037,2026-03-07,2026-03-07,DELIVERED
SHP-000077-1,ORD-000077-1,SUP-0107,2026-08-11,2026-08-11,DELIVERED
SHP-000077-2,ORD-000077-2,SUP-0107,2026-07-27,2026-07-27,DELIVERED
SHP-000077-3,ORD-000077-3,SUP-0107,2026-08-13,2026-08-14,DELIVERED
SHP-000077-4,ORD-000077-4,SUP-0107,2026-08-04,2026-08-04,DELIVERED
SHP-000078-1,ORD-000078-1,SUP-0013,2026-05-09,2026-05-11,DELIVERED
SHP-000078-2,ORD-000078-2,SUP-0013,2026-05-21,2026-05-21,DELIVERED
SHP-000079-1,ORD-000079-1,SUP-0030,2026-06-15,2026-06-16,DELIVERED
SHP-000079-2,ORD-000079-2,SUP-0030,2026-06-25,2026-06-27,DELIVERED
SHP-000080-1,ORD-000080-1,SUP-0113,2026-07-02,2026-07-03,DELIVERED
SHP-000081-1,ORD-000081-1,SUP-0053,2026-04-11,2026-04-11,DELIVERED
SHP-000081-2,ORD-000081-2,SUP-0053,2026-04-19,2026-05-07,DELIVERED
SHP-000082-1,ORD-000082-1,SUP-0018,2026-04-04,2026-04-04,DELIVERED
SHP-000083-1,ORD-000083-1,SUP-0007,2026-04-23,2026-04-23,DELIVERED
SHP-000084-1,ORD-000084-1,SUP-0039,2026-03-13,2026-03-15,DELIVERED
SHP-000084-2,ORD-000084-2,SUP-0039,2026-03-22,2026-03-24,DELIVERED
SHP-000084-3,ORD-000084-3,SUP-0039,2026-03-21,2026-03-21,DELIVERED
SHP-000084-4,ORD-000084-4,SUP-0039,2026-03-14,2026-03-15,DELIVERED
SHP-000085-1,ORD-000085-1,SUP-0098,2026-08-30,2026-08-30,DELIVERED
SHP-000085-2,ORD-000085-2,SUP-0098,2026-09-11,2026-09-11,IN_TRANSIT
SHP-000085-3,ORD-000085-3,SUP-0098,2026-09-22,2026-09-22,IN_TRANSIT
SHP-000085-4,ORD-000085-4,SUP-0098,2026-09-21,2026-09-22,IN_TRANSIT
SHP-000086-1,ORD-000086-1,SUP-0059,2026-08-08,2026-08-08,DELIVERED
SHP-000086-2,ORD-000086-2,SUP-0059,2026-08-12,2026-08-12,DELIVERED
SHP-000087-1,ORD-000087-1,SUP-0098,2026-05-11,2026-05-12,DELIVERED
SHP-000088-1,ORD-000088-1,SUP-0048,2026-07-02,2026-07-03,DELIVERED
SHP-000088-2,ORD-000088-2,SUP-0048,2026-07-08,2026-07-08,DELIVERED
SHP-000088-3,ORD-000088-3,SUP-0048,2026-07-09,2026-07-10,DELIVERED
SHP-000088-4,ORD-000088-4,SUP-0048,2026-07-03,2026-07-03,DELIVERED
SHP-000089-1,ORD-000089-1,SUP-0031,2026-07-03,2026-07-04,DELIVERED
SHP-000089-2,ORD-000089-2,SUP-0031,2026-07-03,2026-07-03,DELIVERED
SHP-000089-3,ORD-000089-3,SUP-0031,2026-07-07,2026-07-08,DELIVERED
SHP-000090-1,ORD-000090-1,SUP-0049,2026-02-16,2026-02-16,DELIVERED
SHP-000091-1,ORD-000091-1,SUP-0115,2026-03-24,2026-03-26,DELIVERED
SHP-000091-2,ORD-000091-2,SUP-0115,2026-03-27,2026-03-27,DELIVERED
SHP-000091-3,ORD-000091-3,SUP-0115,2026-03-12,2026-03-12,DELIVERED
SHP-000092-1,ORD-000092-1,SUP-0021,2026-06-24,2026-06-24,DELIVERED
SHP-000092-2,ORD-000092-2,SUP-0021,2026-06-09,2026-06-09,DELIVERED
SHP-000092-3,ORD-000092-3,SUP-0021,2026-06-07,2026-06-07,DELIVERED
SHP-000093-1,ORD-000093-1,SUP-0101,2026-06-03,2026-06-03,DELIVERED
SHP-000093-2,ORD-000093-2,SUP-0101,2026-05-24,2026-05-24,DELIVERED
SHP-000093-3,ORD-000093-3,SUP-0101,2026-05-29,2026-05-29,DELIVERED
SHP-000093-4,ORD-000093-4,SUP-0101,2026-05-23,2026-05-24,DELIVERED
SHP-000094-1,ORD-000094-1,SUP-0047,2026-02-10,2026-02-10,DELIVERED
SHP-000094-2,ORD-000094-2,SUP-0047,2026-02-27,2026-02-27,DELIVERED
SHP-000094-3,ORD-000094-3,SUP-0047,2026-02-22,2026-02-23,DELIVERED
SHP-000094-4,ORD-000094-4,SUP-0047,2026-02-20,2026-02-20,DELIVERED
SHP-000095-1,ORD-000095-1,SUP-0088,2026-03-04,2026-03-05,DELIVERED
SHP-000095-2,ORD-000095-2,SUP-0088,2026-03-11,2026-03-11,DELIVERED
SHP-000095-3,ORD-000095-3,SUP-0088,2026-03-20,2026-03-21,DELIVERED
SHP-000096-1,ORD-000096-1,SUP-0077,2026-05-21,2026-05-22,DELIVERED
SHP-000097-1,ORD-000097-1,SUP-0043,2026-08-19,2026-08-19,DELIVERED
SHP-000097-2,ORD-000097-2,SUP-0043,2026-09-02,2026-09-03,IN_TRANSIT
SHP-000097-3,ORD-000097-3,SUP-0043,2026-08-25,2026-08-25,DELIVERED
SHP-000098-1,ORD-000098-1,SUP-0105,2026-05-13,2026-05-13,DELIVERED
SHP-000098-2,ORD-000098-2,SUP-0105,2026-05-01,2026-05-02,DELIVERED
SHP-000099-1,ORD-000099-1,SUP-0018,2026-04-04,2026-04-05,DELIVERED
SHP-000099-2,ORD-000099-2,SUP-0018,2026-04-04,2026-04-05,DELIVERED
SHP-000099-3,ORD-000099-3,SUP-0018,2026-04-09,2026-04-11,DELIVERED
SHP-000099-4,ORD-000099-4,SUP-0018,2026-03-26,2026-03-26,DELIVERED
SHP-000100-1,ORD-000100-1,SUP-0022,2026-06-10,2026-06-10,DELIVERED
SHP-000100-2,ORD-000100-2,SUP-0022,2026-06-15,2026-06-16,DELIVERED
SHP-000100-3,ORD-000100-3,SUP-0022,2026-06-08,2026-06-09,DELIVERED
SHP-000101-1,ORD-000101-1,SUP-0014,2026-05-06,2026-05-07,DELIVERED
SHP-000102-1,ORD-000102-1,SUP-0101,2026-05-30,2026-05-30,DELIVERED
SHP-000103-1,ORD-000103-1,SUP-0006,2026-01-21,2026-01-21,DELIVERED
SHP-000103-2,ORD-000103-2,SUP-0006,2026-01-28,2026-01-29,DELIVERED
SHP-000104-1,ORD-000104-1,SUP-0081,2026-03-14,2026-03-15,DELIVERED
SHP-000104-2,ORD-000104-2,SUP-0081,2026-03-08,2026-03-08,DELIVERED
SHP-000104-3,ORD-000104-3,SUP-0081,2026-03-02,2026-03-02,DELIVERED
SHP-000104-4,ORD-000104-4,SUP-0081,2026-03-04,2026-03-04,DELIVERED
SHP-000105-1,ORD-000105-1,SUP-0086,2026-06-04,2026-06-04,DELIVERED
SHP-000105-2,ORD-000105-2,SUP-0086,2026-06-18,2026-06-18,DELIVERED
SHP-000105-3,ORD-000105-3,SUP-0086,2026-06-11,2026-06-11,DELIVERED
SHP-000105-4,ORD-000105-4,SUP-0086,2026-05-31,2026-05-31,DELIVERED
SHP-000106-1,ORD-000106-1,SUP-0089,2026-06-13,2026-06-15,DELIVERED
SHP-000106-2,ORD-000106-2,SUP-0089,2026-06-02,2026-06-03,DELIVERED
SHP-000106-3,ORD-000106-3,SUP-0089,2026-06-01,2026-06-02,DELIVERED
SHP-000106-4,ORD-000106-4,SUP-0089,2026-05-27,2026-05-28,DELIVERED
SHP-000107-1,ORD-000107-1,SUP-0018,2026-09-01,2026-09-02,IN_TRANSIT
SHP-000107-2,ORD-000107-2,SUP-0018,2026-08-29,2026-08-29,DELIVERED
SHP-000107-3,ORD-000107-3,SUP-0018,2026-08-15,2026-08-15,DELIVERED
SHP-000107-4,ORD-000107-4,SUP-0018,2026-08-26,2026-08-28,DELIVERED
SHP-000108-1,ORD-000108-1,SUP-0096,2026-06-06,2026-06-07,DELIVERED
SHP-000108-2,ORD-000108-2,SUP-0096,2026-06-08,2026-06-08,DELIVERED
SHP-000108-3,ORD-000108-3,SUP-0096,2026-06-09,2026-06-09,DELIVERED
SHP-000109-1,ORD-000109-1,SUP-0111,2026-05-23,2026-05-24,DELIVERED
SHP-000109-2,ORD-000109-2,SUP-0111,2026-05-08,2026-05-08,DELIVERED
SHP-000110-1,ORD-000110-1,SUP-0073,2026-06-05,2026-06-07,DELIVERED
SHP-000110-2,ORD-000110-2,SUP-0073,2026-06-16,2026-06-16,DELIVERED
SHP-000110-3,ORD-000110-3,SUP-0073,2026-06-04,2026-06-04,DELIVERED
SHP-000111-1,ORD-000111-1,SUP-0092,2026-08-22,2026-08-23,DELIVERED
SHP-000111-2,ORD-000111-2,SUP-0092,2026-08-25,2026-08-25,DELIVERED
SHP-000111-3,ORD-000111-3,SUP-0092,2026-08-23,2026-08-25,DELIVERED
SHP-000111-4,ORD-000111-4,SUP-0092,2026-08-28,2026-08-28,DELIVERED
SHP-000112-1,ORD-000112-1,SUP-0109,2026-08-12,2026-08-12,DELIVERED
SHP-000112-2,ORD-000112-2,SUP-0109,2026-08-19,2026-08-19,DELIVERED
SHP-000112-3,ORD-000112-3,SUP-0109,2026-08-12,2026-08-13,DELIVERED
SHP-000112-4,ORD-000112-4,SUP-0109,2026-08-13,2026-08-14,DELIVERED
SHP-000113-1,ORD-000113-1,SUP-0001,2026-03-22,2026-03-22,DELIVERED
SHP-000113-2,ORD-000113-2,SUP-0001,2026-03-25,2026-03-25,DELIVERED
SHP-000113-3,ORD-000113-3,SUP-0001,2026-03-23,2026-03-23,DELIVERED
SHP-000114-1,ORD-000114-1,SUP-0055,2026-07-15,2026-07-17,DELIVERED
SHP-000114-2,ORD-000114-2,SUP-0055,2026-07-17,2026-07-17,DELIVERED
SHP-000114-3,ORD-000114-3,SUP-0055,2026-07-23,2026-07-23,DELIVERED
SHP-000114-4,ORD-000114-4,SUP-0055,2026-08-02,2026-08-02,DELIVERED
SHP-000115-1,ORD-000115-1,SUP-0014,2026-04-30,2026-05-02,DELIVERED
SHP-000115-2,ORD-000115-2,SUP-0014,2026-04-23,2026-04-23,DELIVERED
SHP-000115-3,ORD-000115-3,SUP-0014,2026-05-11,2026-05-12,DELIVERED
SHP-000115-4,ORD-000115-4,SUP-0014,2026-04-19,2026-04-19,DELIVERED
SHP-000116-1,ORD-000116-1,SUP-0076,2026-04-17,2026-04-19,DELIVERED
SHP-000116-2,ORD-000116-2,SUP-0076,2026-05-07,2026-05-07,DELIVERED
SHP-000117-1,ORD-000117-1,SUP-0027,2026-08-01,2026-08-02,DELIVERED
SHP-000117-2,ORD-000117-2,SUP-0027,2026-07-28,2026-07-28,DELIVERED
SHP-000118-1,ORD-000118-1,SUP-0120,2026-02-20,2026-02-20,DELIVERED
SHP-000118-2,ORD-000118-2,SUP-0120,2026-02-27,2026-02-27,DELIVERED
SHP-000118-3,ORD-000118-3,SUP-0120,2026-02-26,2026-02-26,DELIVERED
SHP-000119-1,ORD-000119-1,SUP-0081,2026-05-02,2026-05-04,DELIVERED
SHP-000119-2,ORD-000119-2,SUP-0081,2026-05-09,2026-05-10,DELIVERED
SHP-000120-1,ORD-000120-1,SUP-0076,2026-04-03,2026-04-04,DELIVERED
SHP-000121-1,ORD-000121-1,SUP-0079,2026-04-02,2026-04-03,DELIVERED
SHP-000122-1,ORD-000122-1,SUP-0045,2026-02-27,2026-03-01,DELIVERED
SHP-000123-1,ORD-000123-1,SUP-0009,2026-07-31,2026-08-02,DELIVERED
SHP-000123-2,ORD-000123-2,SUP-0009,2026-07-19,2026-07-19,DELIVERED
SHP-000123-3,ORD-000123-3,SUP-0009,2026-08-10,2026-08-12,DELIVERED
SHP-000123-4,ORD-000123-4,SUP-0009,2026-07-16,2026-07-16,DELIVERED
SHP-000124-1,ORD-000124-1,SUP-0061,2026-05-04,2026-05-04,DELIVERED
SHP-000125-1,ORD-000125-1,SUP-0054,2026-04-02,2026-04-04,DELIVERED
SHP-000126-1,ORD-000126-1,SUP-0006,2026-02-13,2026-02-13,DELIVERED
SHP-000126-2,ORD-000126-2,SUP-0006,2026-02-17,2026-02-17,DELIVERED
SHP-000126-3,ORD-000126-3,SUP-0006,2026-02-14,2026-02-16,DELIVERED
SHP-000127-1,ORD-000127-1,SUP-0064,2026-07-21,2026-07-23,DELIVERED
SHP-000127-2,ORD-000127-2,SUP-0064,2026-07-19,2026-07-20,DELIVERED
SHP-000128-1,ORD-000128-1,SUP-0109,2026-03-04,2026-03-04,DELIVERED
SHP-000128-2,ORD-000128-2,SUP-0109,2026-02-20,2026-02-21,DELIVERED
SHP-000128-3,ORD-000128-3,SUP-0109,2026-02-26,2026-02-26,DELIVERED
SHP-000128-4,ORD-000128-4,SUP-0109,2026-02-13,2026-02-15,DELIVERED
SHP-000129-1,ORD-000129-1,SUP-0073,2026-05-15,2026-05-15,DELIVERED
SHP-000129-2,ORD-000129-2,SUP-0073,2026-05-11,2026-05-11,DELIVERED
SHP-000130-1,ORD-000130-1,SUP-0026,2026-08-10,2026-08-10,DELIVERED
SHP-000130-2,ORD-000130-2,SUP-0026,2026-08-12,2026-08-12,DELIVERED
SHP-000131-1,ORD-000131-1,SUP-0058,2026-05-09,2026-05-09,DELIVERED
SHP-000132-1,ORD-000132-1,SUP-0107,2026-02-28,2026-02-28,DELIVERED
SHP-000132-2,ORD-000132-2,SUP-0107,2026-03-03,2026-03-05,DELIVERED
SHP-000132-3,ORD-000132-3,SUP-0107,2026-02-20,2026-02-20,DELIVERED
SHP-000133-1,ORD-000133-1,SUP-0016,2026-02-16,2026-02-16,DELIVERED
SHP-000133-2,ORD-000133-2,SUP-0016,2026-02-01,2026-02-01,DELIVERED
SHP-000134-1,ORD-000134-1,SUP-0026,2026-08-08,2026-08-10,DELIVERED
SHP-000135-1,ORD-000135-1,SUP-0056,2026-05-28,2026-05-28,DELIVERED
SHP-000135-2,ORD-000135-2,SUP-0056,2026-06-10,2026-06-12,DELIVERED
SHP-000136-1,ORD-000136-1,SUP-0079,2026-07-04,2026-07-04,DELIVERED
SHP-000136-2,ORD-000136-2,SUP-0079,2026-07-05,2026-07-07,DELIVERED
SHP-000136-3,ORD-000136-3,SUP-0079,2026-07-07,2026-07-09,DELIVERED
SHP-000136-4,ORD-000136-4,SUP-0079,2026-07-15,2026-07-15,DELIVERED
SHP-000137-1,ORD-000137-1,SUP-0050,2026-03-15,2026-03-15,DELIVERED
SHP-000138-1,ORD-000138-1,SUP-0099,2026-03-15,2026-03-16,DELIVERED
SHP-000138-2,ORD-000138-2,SUP-0099,2026-03-01,2026-03-03,DELIVERED
SHP-000138-3,ORD-000138-3,SUP-0099,2026-02-22,2026-02-22,DELIVERED
SHP-000139-1,ORD-000139-1,SUP-0073,2026-06-05,2026-06-05,DELIVERED
SHP-000139-2,ORD-000139-2,SUP-0073,2026-06-20,2026-06-21,DELIVERED
SHP-000139-3,ORD-000139-3,SUP-0073,2026-06-05,2026-06-05,DELIVERED
SHP-000140-1,ORD-000140-1,SUP-0092,2026-09-22,2026-09-22,IN_TRANSIT
SHP-000141-1,ORD-000141-1,SUP-0100,2026-08-20,2026-08-20,DELIVERED
SHP-000142-1,ORD-000142-1,SUP-0039,2026-03-15,2026-03-17,DELIVERED
SHP-000142-2,ORD-000142-2,SUP-0039,2026-03-13,2026-03-15,DELIVERED
SHP-000142-3,ORD-000142-3,SUP-0039,2026-03-08,2026-03-08,DELIVERED
SHP-000142-4,ORD-000142-4,SUP-0039,2026-03-07,2026-03-09,DELIVERED
SHP-000143-1,ORD-000143-1,SUP-0051,2026-03-25,2026-03-25,DELIVERED
SHP-000144-1,ORD-000144-1,SUP-0031,2026-04-12,2026-04-12,DELIVERED
SHP-000144-2,ORD-000144-2,SUP-0031,2026-04-03,2026-04-03,DELIVERED
SHP-000144-3,ORD-000144-3,SUP-0031,2026-04-22,2026-04-23,DELIVERED
SHP-000145-1,ORD-000145-1,SUP-0022,2026-06-04,2026-06-04,DELIVERED
SHP-000145-2,ORD-000145-2,SUP-0022,2026-05-17,2026-05-17,DELIVERED
SHP-000145-3,ORD-000145-3,SUP-0022,2026-05-17,2026-05-17,DELIVERED
SHP-000145-4,ORD-000145-4,SUP-0022,2026-05-24,2026-05-24,DELIVERED
SHP-000146-1,ORD-000146-1,SUP-0071,2026-04-23,2026-04-23,DELIVERED
SHP-000147-1,ORD-000147-1,SUP-0007,2026-04-19,2026-04-19,DELIVERED
SHP-000147-2,ORD-000147-2,SUP-0007,2026-04-21,2026-04-23,DELIVERED
SHP-000147-3,ORD-000147-3,SUP-0007,2026-04-20,2026-04-20,DELIVERED
SHP-000147-4,ORD-000147-4,SUP-0007,2026-04-29,2026-05-01,DELIVERED
SHP-000148-1,ORD-000148-1,SUP-0062,2026-02-11,2026-02-12,DELIVERED
SHP-000148-2,ORD-000148-2,SUP-0062,2026-02-10,2026-02-12,DELIVERED
SHP-000148-3,ORD-000148-3,SUP-0062,2026-02-19,2026-02-19,DELIVERED
SHP-000149-1,ORD-000149-1,SUP-0024,2026-01-23,2026-01-23,DELIVERED
SHP-000149-2,ORD-000149-2,SUP-0024,2026-02-19,2026-02-19,DELIVERED
SHP-000149-3,ORD-000149-3,SUP-0024,2026-02-03,2026-02-05,DELIVERED
SHP-000150-1,ORD-000150-1,SUP-0008,2026-08-24,2026-08-24,DELIVERED
SHP-000150-2,ORD-000150-2,SUP-0008,2026-08-27,2026-08-27,DELIVERED
SHP-000151-1,ORD-000151-1,SUP-0022,2026-08-23,2026-08-23,DELIVERED
SHP-000151-2,ORD-000151-2,SUP-0022,2026-09-03,2026-09-03,IN_TRANSIT
SHP-000151-3,ORD-000151-3,SUP-0022,2026-08-15,2026-08-17,DELIVERED
SHP-000151-4,ORD-000151-4,SUP-0022,2026-08-21,2026-08-21,DELIVERED
SHP-000152-1,ORD-000152-1,SUP-0101,2026-02-23,2026-02-23,DELIVERED
SHP-000153-1,ORD-000153-1,SUP-0113,2026-03-28,2026-03-28,DELIVERED
SHP-000153-2,ORD-000153-2,SUP-0113,2026-04-06,2026-04-06,DELIVERED
SHP-000153-3,ORD-000153-3,SUP-0113,2026-03-27,2026-03-27,DELIVERED
SHP-000153-4,ORD-000153-4,SUP-0113,2026-03-25,2026-03-25,DELIVERED
SHP-000154-1,ORD-000154-1,SUP-0108,2026-08-27,2026-08-27,DELIVERED
SHP-000154-2,ORD-000154-2,SUP-0108,2026-09-04,2026-09-04,IN_TRANSIT
SHP-000155-1,ORD-000155-1,SUP-0117,2026-08-02,2026-08-04,DELIVERED
SHP-000156-1,ORD-000156-1,SUP-0052,2026-08-05,2026-08-05,DELIVERED
SHP-000156-2,ORD-000156-2,SUP-0052,2026-08-24,2026-08-24,DELIVERED
SHP-000157-1,ORD-000157-1,SUP-0036,2026-08-27,2026-08-28,DELIVERED
SHP-000158-1,ORD-000158-1,SUP-0077,2026-03-22,2026-03-22,DELIVERED
SHP-000158-2,ORD-000158-2,SUP-0077,2026-02-27,2026-02-27,DELIVERED
SHP-000158-3,ORD-000158-3,SUP-0077,2026-03-23,2026-03-23,DELIVERED
SHP-000159-1,ORD-000159-1,SUP-0087,2026-03-31,2026-03-31,DELIVERED
SHP-000160-1,ORD-000160-1,SUP-0077,2026-03-26,2026-03-26,DELIVERED
SHP-000160-2,ORD-000160-2,SUP-0077,2026-03-30,2026-04-01,DELIVERED
SHP-000160-3,ORD-000160-3,SUP-0077,2026-03-18,2026-03-18,DELIVERED
SHP-000161-1,ORD-000161-1,SUP-0066,2026-06-12,2026-06-12,DELIVERED
SHP-000161-2,ORD-000161-2,SUP-0066,2026-06-12,2026-06-12,DELIVERED
SHP-000161-3,ORD-000161-3,SUP-0066,2026-06-10,2026-06-10,DELIVERED
SHP-000162-1,ORD-000162-1,SUP-0104,2026-07-14,2026-07-15,DELIVERED
SHP-000163-1,ORD-000163-1,SUP-0052,2026-08-03,2026-08-03,DELIVERED
SHP-000163-2,ORD-000163-2,SUP-0052,2026-07-20,2026-07-21,DELIVERED
SHP-000163-3,ORD-000163-3,SUP-0052,2026-07-22,2026-07-22,DELIVERED
SHP-000164-1,ORD-000164-1,SUP-0084,2026-03-28,2026-03-28,DELIVERED
SHP-000164-2,ORD-000164-2,SUP-0084,2026-03-13,2026-03-15,DELIVERED
SHP-000164-3,ORD-000164-3,SUP-0084,2026-03-20,2026-03-22,DELIVERED
SHP-000164-4,ORD-000164-4,SUP-0084,2026-03-15,2026-03-16,DELIVERED
SHP-000165-1,ORD-000165-1,SUP-0007,2026-03-03,2026-03-03,DELIVERED
SHP-000165-2,ORD-000165-2,SUP-0007,2026-03-05,2026-03-05,DELIVERED
SHP-000165-3,ORD-000165-3,SUP-0007,2026-03-03,2026-03-03,DELIVERED
SHP-000165-4,ORD-000165-4,SUP-0007,2026-02-20,2026-02-21,DELIVERED
SHP-000166-1,ORD-000166-1,SUP-0101,2026-02-16,2026-02-16,DELIVERED
SHP-000166-2,ORD-000166-2,SUP-0101,2026-02-18,2026-02-18,DELIVERED
SHP-000166-3,ORD-000166-3,SUP-0101,2026-03-11,2026-03-11,DELIVERED
SHP-000166-4,ORD-000166-4,SUP-0101,2026-03-14,2026-03-14,DELIVERED
SHP-000167-1,ORD-000167-1,SUP-0040,2026-02-13,2026-02-14,DELIVERED
SHP-000167-2,ORD-000167-2,SUP-0040,2026-03-04,2026-03-04,DELIVERED
SHP-000168-1,ORD-000168-1,SUP-0044,2026-05-02,2026-05-02,DELIVERED
SHP-000168-2,ORD-000168-2,SUP-0044,2026-04-28,2026-04-28,DELIVERED
SHP-000168-3,ORD-000168-3,SUP-0044,2026-04-22,2026-04-22,DELIVERED
SHP-000168-4,ORD-000168-4,SUP-0044,2026-04-18,2026-04-18,DELIVERED
SHP-000169-1,ORD-000169-1,SUP-0084,2026-02-03,2026-02-04,DELIVERED
SHP-000169-2,ORD-000169-2,SUP-0084,2026-01-31,2026-02-01,DELIVERED
SHP-000169-3,ORD-000169-3,SUP-0084,2026-02-07,2026-02-09,DELIVERED
SHP-000169-4,ORD-000169-4,SUP-0084,2026-02-01,2026-02-03,DELIVERED
SHP-000170-1,ORD-000170-1,SUP-0093,2026-04-09,2026-04-09,DELIVERED
SHP-000170-2,ORD-000170-2,SUP-0093,2026-03-31,2026-03-31,DELIVERED
SHP-000170-3,ORD-000170-3,SUP-0093,2026-04-20,2026-04-21,DELIVERED
SHP-000170-4,ORD-000170-4,SUP-0093,2026-03-26,2026-03-26,DELIVERED
SHP-000171-1,ORD-000171-1,SUP-0117,2026-08-18,2026-08-18,DELIVERED
SHP-000171-2,ORD-000171-2,SUP-0117,2026-08-30,2026-08-30,DELIVERED
SHP-000172-1,ORD-000172-1,SUP-0013,2026-09-21,2026-09-21,IN_TRANSIT
SHP-000172-2,ORD-000172-2,SUP-0013,2026-08-24,2026-08-24,DELIVERED
SHP-000172-3,ORD-000172-3,SUP-0013,2026-09-12,2026-09-12,IN_TRANSIT
SHP-000173-1,ORD-000173-1,SUP-0113,2026-04-27,2026-04-28,DELIVERED
SHP-000174-1,ORD-000174-1,SUP-0089,2026-08-05,2026-08-06,DELIVERED
SHP-000175-1,ORD-000175-1,SUP-0117,2026-08-29,2026-08-29,DELIVERED
SHP-000175-2,ORD-000175-2,SUP-0117,2026-08-26,2026-08-26,DELIVERED
SHP-000176-1,ORD-000176-1,SUP-0114,2026-05-16,2026-05-18,DELIVERED
SHP-000176-2,ORD-000176-2,SUP-0114,2026-05-30,2026-05-30,DELIVERED
SHP-000176-3,ORD-000176-3,SUP-0114,2026-05-11,2026-05-13,DELIVERED
SHP-000177-1,ORD-000177-1,SUP-0115,2026-02-01,2026-02-01,DELIVERED
SHP-000177-2,ORD-000177-2,SUP-0115,2026-01-14,2026-01-16,DELIVERED
SHP-000177-3,ORD-000177-3,SUP-0115,2026-01-20,2026-01-20,DELIVERED
SHP-000177-4,ORD-000177-4,SUP-0115,2026-01-31,2026-01-31,DELIVERED
SHP-000178-1,ORD-000178-1,SUP-0110,2026-05-04,2026-05-06,DELIVERED
SHP-000179-1,ORD-000179-1,SUP-0071,2026-08-28,2026-08-28,DELIVERED
SHP-000179-2,ORD-000179-2,SUP-0071,2026-08-27,2026-08-29,DELIVERED
SHP-000180-1,ORD-000180-1,SUP-0077,2026-07-21,2026-07-21,DELIVERED
SHP-000181-1,ORD-000181-1,SUP-0107,2026-06-21,2026-06-22,DELIVERED
SHP-000182-1,ORD-000182-1,SUP-0014,2026-07-08,2026-07-08,DELIVERED
SHP-000182-2,ORD-000182-2,SUP-0014,2026-07-04,2026-07-06,DELIVERED
SHP-000182-3,ORD-000182-3,SUP-0014,2026-07-05,2026-07-07,DELIVERED
SHP-000182-4,ORD-000182-4,SUP-0014,2026-06-21,2026-06-23,DELIVERED
SHP-000183-1,ORD-000183-1,SUP-0095,2026-06-10,2026-06-11,DELIVERED
SHP-000183-2,ORD-000183-2,SUP-0095,2026-06-20,2026-06-21,DELIVERED
SHP-000184-1,ORD-000184-1,SUP-0078,2026-04-08,2026-04-10,DELIVERED
SHP-000184-2,ORD-000184-2,SUP-0078,2026-04-06,2026-04-08,DELIVERED
SHP-000184-3,ORD-000184-3,SUP-0078,2026-04-04,2026-04-06,DELIVERED
SHP-000185-1,ORD-000185-1,SUP-0092,2026-07-21,2026-07-23,DELIVERED
SHP-000185-2,ORD-000185-2,SUP-0092,2026-07-18,2026-07-19,DELIVERED
SHP-000186-1,ORD-000186-1,SUP-0104,2026-05-29,2026-05-29,DELIVERED
SHP-000186-2,ORD-000186-2,SUP-0104,2026-05-26,2026-05-26,DELIVERED
SHP-000187-1,ORD-000187-1,SUP-0027,2026-05-05,2026-05-05,DELIVERED
SHP-000187-2,ORD-000187-2,SUP-0027,2026-05-01,2026-05-02,DELIVERED
SHP-000188-1,ORD-000188-1,SUP-0101,2026-06-27,2026-06-27,DELIVERED
SHP-000188-2,ORD-000188-2,SUP-0101,2026-06-16,2026-06-17,DELIVERED
SHP-000189-1,ORD-000189-1,SUP-0023,2026-03-10,2026-03-12,DELIVERED
SHP-000190-1,ORD-000190-1,SUP-0034,2026-02-24,2026-02-24,DELIVERED
SHP-000191-1,ORD-000191-1,SUP-0119,2026-07-10,2026-07-10,DELIVERED
SHP-000191-2,ORD-000191-2,SUP-0119,2026-07-03,2026-07-03,DELIVERED
SHP-000191-3,ORD-000191-3,SUP-0119,2026-07-04,2026-07-06,DELIVERED
SHP-000191-4,ORD-000191-4,SUP-0119,2026-06-22,2026-06-22,DELIVERED
SHP-000192-1,ORD-000192-1,SUP-0085,2026-05-01,2026-05-01,DELIVERED
SHP-000192-2,ORD-000192-2,SUP-0085,2026-04-10,2026-04-10,DELIVERED
SHP-000192-3,ORD-000192-3,SUP-0085,2026-04-16,2026-04-18,DELIVERED
SHP-000192-4,ORD-000192-4,SUP-0085,2026-04-17,2026-04-19,DELIVERED
SHP-000193-1,ORD-000193-1,SUP-0103,2026-05-25,2026-05-27,DELIVERED
SHP-000193-2,ORD-000193-2,SUP-0103,2026-05-26,2026-05-26,DELIVERED
SHP-000193-3,ORD-000193-3,SUP-0103,2026-05-28,2026-05-30,DELIVERED
SHP-000194-1,ORD-000194-1,SUP-0107,2026-06-23,2026-06-23,DELIVERED
SHP-000194-2,ORD-000194-2,SUP-0107,2026-07-01,2026-07-03,DELIVERED
SHP-000195-1,ORD-000195-1,SUP-0010,2026-09-18,2026-09-18,IN_TRANSIT
SHP-000195-2,ORD-000195-2,SUP-0010,2026-09-04,2026-09-06,IN_TRANSIT
SHP-000195-3,ORD-000195-3,SUP-0010,2026-09-10,2026-09-12,IN_TRANSIT
SHP-000195-4,ORD-000195-4,SUP-0010,2026-09-18,2026-09-18,IN_TRANSIT
SHP-000196-1,ORD-000196-1,SUP-0037,2026-05-10,2026-05-11,DELIVERED
SHP-000196-2,ORD-000196-2,SUP-0037,2026-05-02,2026-05-02,DELIVERED
SHP-000196-3,ORD-000196-3,SUP-0037,2026-04-16,2026-04-16,DELIVERED
SHP-000196-4,ORD-000196-4,SUP-0037,2026-05-11,2026-05-11,DELIVERED
SHP-000197-1,ORD-000197-1,SUP-0040,2026-07-29,2026-07-29,DELIVERED
SHP-000197-2,ORD-000197-2,SUP-0040,2026-07-30,2026-07-30,DELIVERED
SHP-000198-1,ORD-000198-1,SUP-0086,2026-08-20,2026-08-20,DELIVERED
SHP-000199-1,ORD-000199-1,SUP-0093,2026-04-16,2026-04-17,DELIVERED
SHP-000200-1,ORD-000200-1,SUP-0058,2026-06-19,2026-06-19,DELIVERED
SHP-000200-2,ORD-000200-2,SUP-0058,2026-06-25,2026-06-25,DELIVERED
SHP-000200-3,ORD-000200-3,SUP-0058,2026-06-30,2026-07-01,DELIVERED
SHP-000201-1,ORD-000201-1,SUP-0046,2026-05-22,2026-05-22,DELIVERED
SHP-000202-1,ORD-000202-1,SUP-0094,2026-07-28,2026-07-28,DELIVERED
SHP-000203-1,ORD-000203-1,SUP-0071,2026-06-19,2026-06-19,DELIVERED
SHP-000203-2,ORD-000203-2,SUP-0071,2026-06-14,2026-06-14,DELIVERED
SHP-000204-1,ORD-000204-1,SUP-0051,2026-05-29,2026-05-29,DELIVERED
SHP-000204-2,ORD-000204-2,SUP-0051,2026-06-05,2026-06-05,DELIVERED
SHP-000205-1,ORD-000205-1,SUP-0029,2026-03-19,2026-03-20,DELIVERED
SHP-000205-2,ORD-000205-2,SUP-0029,2026-03-16,2026-03-16,DELIVERED
SHP-000206-1,ORD-000206-1,SUP-0014,2026-09-06,2026-09-06,IN_TRANSIT
SHP-000206-2,ORD-000206-2,SUP-0014,2026-08-24,2026-08-26,DELIVERED
SHP-000206-3,ORD-000206-3,SUP-0014,2026-08-30,2026-08-31,DELIVERED
SHP-000206-4,ORD-000206-4,SUP-0014,2026-08-22,2026-08-23,DELIVERED
SHP-000207-1,ORD-000207-1,SUP-0022,2026-02-09,2026-02-11,DELIVERED
SHP-000207-2,ORD-000207-2,SUP-0022,2026-02-07,2026-02-07,DELIVERED
SHP-000208-1,ORD-000208-1,SUP-0062,2026-05-14,2026-05-16,DELIVERED
SHP-000208-2,ORD-000208-2,SUP-0062,2026-06-08,2026-06-10,DELIVERED
SHP-000208-3,ORD-000208-3,SUP-0062,2026-05-15,2026-05-15,DELIVERED
SHP-000208-4,ORD-000208-4,SUP-0062,2026-05-30,2026-05-30,DELIVERED
SHP-000209-1,ORD-000209-1,SUP-0113,2026-02-19,2026-02-19,DELIVERED
SHP-000209-2,ORD-000209-2,SUP-0113,2026-02-15,2026-02-15,DELIVERED
SHP-000209-3,ORD-000209-3,SUP-0113,2026-02-27,2026-03-01,DELIVERED
SHP-000209-4,ORD-000209-4,SUP-0113,2026-02-11,2026-02-11,DELIVERED
SHP-000210-1,ORD-000210-1,SUP-0014,2026-03-17,2026-03-19,DELIVERED
SHP-000210-2,ORD-000210-2,SUP-0014,2026-03-25,2026-03-25,DELIVERED
SHP-000210-3,ORD-000210-3,SUP-0014,2026-03-20,2026-03-22,DELIVERED
SHP-000210-4,ORD-000210-4,SUP-0014,2026-03-13,2026-03-13,DELIVERED
SHP-000211-1,ORD-000211-1,SUP-0112,2026-08-03,2026-08-05,DELIVERED
SHP-000211-2,ORD-000211-2,SUP-0112,2026-07-14,2026-07-15,DELIVERED
SHP-000211-3,ORD-000211-3,SUP-0112,2026-07-27,2026-07-29,DELIVERED
SHP-000211-4,ORD-000211-4,SUP-0112,2026-07-11,2026-07-11,DELIVERED
SHP-000212-1,ORD-000212-1,SUP-0074,2026-05-31,2026-06-01,DELIVERED
SHP-000212-2,ORD-000212-2,SUP-0074,2026-06-17,2026-06-18,DELIVERED
SHP-000212-3,ORD-000212-3,SUP-0074,2026-06-20,2026-06-21,DELIVERED
SHP-000213-1,ORD-000213-1,SUP-0097,2026-05-07,2026-05-09,DELIVERED
SHP-000213-2,ORD-000213-2,SUP-0097,2026-05-19,2026-05-19,DELIVERED
SHP-000214-1,ORD-000214-1,SUP-0096,2026-05-22,2026-05-24,DELIVERED
SHP-000215-1,ORD-000215-1,SUP-0090,2026-03-05,2026-03-05,DELIVERED
SHP-000216-1,ORD-000216-1,SUP-0009,2026-03-12,2026-03-12,DELIVERED
SHP-000216-2,ORD-000216-2,SUP-0009,2026-03-15,2026-03-15,DELIVERED
SHP-000216-3,ORD-000216-3,SUP-0009,2026-03-16,2026-03-18,DELIVERED
SHP-000216-4,ORD-000216-4,SUP-0009,2026-04-03,2026-04-03,DELIVERED
SHP-000217-1,ORD-000217-1,SUP-0047,2026-07-19,2026-07-20,DELIVERED
SHP-000218-1,ORD-000218-1,SUP-0052,2026-06-15,2026-06-15,DELIVERED
SHP-000219-1,ORD-000219-1,SUP-0045,2026-03-17,2026-03-18,DELIVERED
SHP-000219-2,ORD-000219-2,SUP-0045,2026-03-16,2026-03-18,DELIVERED
SHP-000219-3,ORD-000219-3,SUP-0045,2026-03-26,2026-03-26,DELIVERED
SHP-000219-4,ORD-000219-4,SUP-0045,2026-03-26,2026-03-28,DELIVERED
SHP-000220-1,ORD-000220-1,SUP-0062,2026-08-01,2026-08-01,DELIVERED
SHP-000220-2,ORD-000220-2,SUP-0062,2026-08-11,2026-08-11,DELIVERED
SHP-000220-3,ORD-000220-3,SUP-0062,2026-08-10,2026-08-12,DELIVERED
SHP-000220-4,ORD-000220-4,SUP-0062,2026-07-29,2026-07-29,DELIVERED
SHP-000221-1,ORD-000221-1,SUP-0052,2026-02-19,2026-02-19,DELIVERED
SHP-000221-2,ORD-000221-2,SUP-0052,2026-02-21,2026-02-21,DELIVERED
SHP-000221-3,ORD-000221-3,SUP-0052,2026-02-05,2026-02-05,DELIVERED
SHP-000221-4,ORD-000221-4,SUP-0052,2026-02-03,2026-02-03,DELIVERED
SHP-000222-1,ORD-000222-1,SUP-0016,2026-07-19,2026-07-21,DELIVERED
SHP-000223-1,ORD-000223-1,SUP-0041,2026-09-03,2026-09-05,IN_TRANSIT
SHP-000223-2,ORD-000223-2,SUP-0041,2026-09-09,2026-09-10,IN_TRANSIT
SHP-000223-3,ORD-000223-3,SUP-0041,2026-09-13,2026-09-14,IN_TRANSIT
SHP-000223-4,ORD-000223-4,SUP-0041,2026-09-07,2026-09-09,IN_TRANSIT
SHP-000224-1,ORD-000224-1,SUP-0059,2026-07-23,2026-07-25,DELIVERED
SHP-000224-2,ORD-000224-2,SUP-0059,2026-07-15,2026-07-15,DELIVERED
SHP-000224-3,ORD-000224-3,SUP-0059,2026-07-18,2026-07-18,DELIVERED
SHP-000224-4,ORD-000224-4,SUP-0059,2026-07-23,2026-07-23,DELIVERED
SHP-000225-1,ORD-000225-1,SUP-0047,2026-04-07,2026-04-08,DELIVERED
SHP-000225-2,ORD-000225-2,SUP-0047,2026-04-18,2026-04-18,DELIVERED
SHP-000226-1,ORD-000226-1,SUP-0061,2026-03-18,2026-03-20,DELIVERED
SHP-000226-2,ORD-000226-2,SUP-0061,2026-03-16,2026-03-16,DELIVERED
SHP-000226-3,ORD-000226-3,SUP-0061,2026-03-09,2026-03-09,DELIVERED
SHP-000227-1,ORD-000227-1,SUP-0058,2026-03-26,2026-03-28,DELIVERED
SHP-000227-2,ORD-000227-2,SUP-0058,2026-03-29,2026-03-29,DELIVERED
SHP-000227-3,ORD-000227-3,SUP-0058,2026-03-27,2026-03-28,DELIVERED
SHP-000228-1,ORD-000228-1,SUP-0079,2026-06-05,2026-06-07,DELIVERED
SHP-000228-2,ORD-000228-2,SUP-0079,2026-05-17,2026-05-17,DELIVERED
SHP-000229-1,ORD-000229-1,SUP-0044,2026-04-21,2026-04-21,DELIVERED
SHP-000229-2,ORD-000229-2,SUP-0044,2026-04-12,2026-04-12,DELIVERED
SHP-000229-3,ORD-000229-3,SUP-0044,2026-04-19,2026-04-19,DELIVERED
SHP-000230-1,ORD-000230-1,SUP-0096,2026-03-04,2026-03-04,DELIVERED
SHP-000231-1,ORD-000231-1,SUP-0099,2026-06-15,2026-06-16,DELIVERED
SHP-000232-1,ORD-000232-1,SUP-0040,2026-03-15,2026-03-15,DELIVERED
SHP-000232-2,ORD-000232-2,SUP-0040,2026-04-03,2026-04-03,DELIVERED
SHP-000233-1,ORD-000233-1,SUP-0071,2026-03-13,2026-03-15,DELIVERED
SHP-000233-2,ORD-000233-2,SUP-0071,2026-03-04,2026-03-04,DELIVERED
SHP-000233-3,ORD-000233-3,SUP-0071,2026-02-23,2026-02-24,DELIVERED
SHP-000233-4,ORD-000233-4,SUP-0071,2026-02-15,2026-02-15,DELIVERED
SHP-000234-1,ORD-000234-1,SUP-0067,2026-04-26,2026-04-26,DELIVERED
SHP-000234-2,ORD-000234-2,SUP-0067,2026-05-02,2026-05-02,DELIVERED
SHP-000234-3,ORD-000234-3,SUP-0067,2026-04-22,2026-04-23,DELIVERED
SHP-000234-4,ORD-000234-4,SUP-0067,2026-04-21,2026-04-21,DELIVERED
SHP-000235-1,ORD-000235-1,SUP-0034,2026-05-12,2026-05-12,DELIVERED
SHP-000235-2,ORD-000235-2,SUP-0034,2026-05-01,2026-05-02,DELIVERED
SHP-000235-3,ORD-000235-3,SUP-0034,2026-05-27,2026-05-29,DELIVERED
SHP-000236-1,ORD-000236-1,SUP-0063,2026-04-10,2026-04-10,DELIVERED
SHP-000237-1,ORD-000237-1,SUP-0092,2026-07-23,2026-07-24,DELIVERED
SHP-000237-2,ORD-000237-2,SUP-0092,2026-07-31,2026-07-31,DELIVERED
SHP-000238-1,ORD-000238-1,SUP-0043,2026-09-01,2026-09-02,IN_TRANSIT
SHP-000239-1,ORD-000239-1,SUP-0024,2026-09-09,2026-09-09,IN_TRANSIT
SHP-000240-1,ORD-000240-1,SUP-0095,2026-03-16,2026-03-16,DELIVERED
SHP-000240-2,ORD-000240-2,SUP-0095,2026-03-25,2026-03-25,DELIVERED
SHP-000241-1,ORD-000241-1,SUP-0033,2026-07-07,2026-07-08,DELIVERED
SHP-000242-1,ORD-000242-1,SUP-0042,2026-03-12,2026-03-13,DELIVERED
SHP-000242-2,ORD-000242-2,SUP-0042,2026-03-02,2026-03-02,DELIVERED
SHP-000242-3,ORD-000242-3,SUP-0042,2026-03-14,2026-03-16,DELIVERED
SHP-000242-4,ORD-000242-4,SUP-0042,2026-03-07,2026-03-07,DELIVERED
SHP-000243-1,ORD-000243-1,SUP-0090,2026-03-10,2026-03-11,DELIVERED
SHP-000243-2,ORD-000243-2,SUP-0090,2026-02-15,2026-02-16,DELIVERED
SHP-000243-3,ORD-000243-3,SUP-0090,2026-03-10,2026-03-11,DELIVERED
SHP-000244-1,ORD-000244-1,SUP-0025,2026-06-21,2026-06-21,DELIVERED
SHP-000244-2,ORD-000244-2,SUP-0025,2026-06-20,2026-06-20,DELIVERED
SHP-000244-3,ORD-000244-3,SUP-0025,2026-06-15,2026-06-15,DELIVERED
SHP-000245-1,ORD-000245-1,SUP-0114,2026-07-02,2026-07-03,DELIVERED
SHP-000245-2,ORD-000245-2,SUP-0114,2026-07-03,2026-07-04,DELIVERED
SHP-000245-3,ORD-000245-3,SUP-0114,2026-06-28,2026-06-30,DELIVERED
SHP-000246-1,ORD-000246-1,SUP-0085,2026-02-03,2026-02-03,DELIVERED
SHP-000246-2,ORD-000246-2,SUP-0085,2026-02-09,2026-02-10,DELIVERED
SHP-000247-1,ORD-000247-1,SUP-0085,2026-06-18,2026-06-18,DELIVERED
SHP-000248-1,ORD-000248-1,SUP-0002,2026-07-21,2026-07-22,DELIVERED
SHP-000248-2,ORD-000248-2,SUP-0002,2026-07-15,2026-07-15,DELIVERED
SHP-000248-3,ORD-000248-3,SUP-0002,2026-07-01,2026-07-03,DELIVERED
SHP-000248-4,ORD-000248-4,SUP-0002,2026-07-12,2026-07-13,DELIVERED
SHP-000249-1,ORD-000249-1,SUP-0025,2026-06-14,2026-06-15,DELIVERED
SHP-000249-2,ORD-000249-2,SUP-0025,2026-06-09,2026-06-10,DELIVERED
SHP-000249-3,ORD-000249-3,SUP-0025,2026-06-16,2026-06-18,DELIVERED
SHP-000249-4,ORD-000249-4,SUP-0025,2026-06-15,2026-06-15,DELIVERED
SHP-000250-1,ORD-000250-1,SUP-0109,2026-05-19,2026-05-19,DELIVERED
SHP-000250-2,ORD-000250-2,SUP-0109,2026-05-13,2026-05-14,DELIVERED
SHP-000250-3,ORD-000250-3,SUP-0109,2026-05-08,2026-05-10,DELIVERED
SHP-000251-1,ORD-000251-1,SUP-0003,2026-09-17,2026-09-17,IN_TRANSIT
SHP-000251-2,ORD-000251-2,SUP-0003,2026-09-01,2026-09-02,IN_TRANSIT
SHP-000252-1,ORD-000252-1,SUP-0046,2026-03-06,2026-03-07,DELIVERED
SHP-000252-2,ORD-000252-2,SUP-0046,2026-03-16,2026-03-16,DELIVERED
SHP-000253-1,ORD-000253-1,SUP-0102,2026-02-22,2026-02-22,DELIVERED
SHP-000253-2,ORD-000253-2,SUP-0102,2026-03-01,2026-03-01,DELIVERED
SHP-000253-3,ORD-000253-3,SUP-0102,2026-03-04,2026-03-04,DELIVERED
SHP-000254-1,ORD-000254-1,SUP-0068,2026-04-08,2026-04-09,DELIVERED
SHP-000254-2,ORD-000254-2,SUP-0068,2026-04-19,2026-04-19,DELIVERED
SHP-000254-3,ORD-000254-3,SUP-0068,2026-04-15,2026-04-15,DELIVERED
SHP-000255-1,ORD-000255-1,SUP-0061,2026-06-09,2026-06-10,DELIVERED
SHP-000255-2,ORD-000255-2,SUP-0061,2026-06-17,2026-06-19,DELIVERED
SHP-000255-3,ORD-000255-3,SUP-0061,2026-06-02,2026-06-02,DELIVERED
SHP-000255-4,ORD-000255-4,SUP-0061,2026-06-05,2026-06-05,DELIVERED
SHP-000256-1,ORD-000256-1,SUP-0086,2026-05-06,2026-05-06,DELIVERED
SHP-000256-2,ORD-000256-2,SUP-0086,2026-05-19,2026-05-19,DELIVERED
SHP-000256-3,ORD-000256-3,SUP-0086,2026-05-03,2026-05-03,DELIVERED
SHP-000257-1,ORD-000257-1,SUP-0015,2026-03-20,2026-03-21,DELIVERED
SHP-000257-2,ORD-000257-2,SUP-0015,2026-03-24,2026-03-26,DELIVERED
SHP-000257-3,ORD-000257-3,SUP-0015,2026-03-30,2026-03-30,DELIVERED
SHP-000258-1,ORD-000258-1,SUP-0071,2026-06-27,2026-06-27,DELIVERED
SHP-000259-1,ORD-000259-1,SUP-0037,2026-08-17,2026-08-17,DELIVERED
SHP-000260-1,ORD-000260-1,SUP-0085,2026-05-02,2026-05-04,DELIVERED
SHP-000260-2,ORD-000260-2,SUP-0085,2026-04-30,2026-05-02,DELIVERED
SHP-000260-3,ORD-000260-3,SUP-0085,2026-04-27,2026-04-28,DELIVERED
SHP-000261-1,ORD-000261-1,SUP-0072,2026-01-25,2026-01-25,DELIVERED
SHP-000261-2,ORD-000261-2,SUP-0072,2026-02-17,2026-02-17,DELIVERED
SHP-000261-3,ORD-000261-3,SUP-0072,2026-02-10,2026-02-10,DELIVERED
SHP-000262-1,ORD-000262-1,SUP-0113,2026-09-07,2026-09-07,IN_TRANSIT
SHP-000262-2,ORD-000262-2,SUP-0113,2026-09-14,2026-09-16,IN_TRANSIT
SHP-000262-3,ORD-000262-3,SUP-0113,2026-09-09,2026-09-11,IN_TRANSIT
SHP-000263-1,ORD-000263-1,SUP-0020,2026-04-25,2026-04-25,DELIVERED
SHP-000263-2,ORD-000263-2,SUP-0020,2026-04-15,2026-04-17,DELIVERED
SHP-000263-3,ORD-000263-3,SUP-0020,2026-04-19,2026-04-21,DELIVERED
SHP-000263-4,ORD-000263-4,SUP-0020,2026-04-16,2026-04-18,DELIVERED
SHP-000264-1,ORD-000264-1,SUP-0093,2026-03-10,2026-03-11,DELIVERED
SHP-000265-1,ORD-000265-1,SUP-0096,2026-03-08,2026-03-10,DELIVERED
SHP-000265-2,ORD-000265-2,SUP-0096,2026-03-03,2026-03-03,DELIVERED
SHP-000266-1,ORD-000266-1,SUP-0088,2026-04-22,2026-04-23,DELIVERED
SHP-000266-2,ORD-000266-2,SUP-0088,2026-04-21,2026-04-21,DELIVERED
SHP-000267-1,ORD-000267-1,SUP-0029,2026-05-04,2026-05-04,DELIVERED
SHP-000267-2,ORD-000267-2,SUP-0029,2026-05-16,2026-05-16,DELIVERED
SHP-000267-3,ORD-000267-3,SUP-0029,2026-05-11,2026-05-11,DELIVERED
SHP-000268-1,ORD-000268-1,SUP-0078,2026-07-25,2026-07-27,DELIVERED
SHP-000269-1,ORD-000269-1,SUP-0069,2026-07-30,2026-07-30,DELIVERED
SHP-000270-1,ORD-000270-1,SUP-0100,2026-06-03,2026-06-04,DELIVERED
SHP-000271-1,ORD-000271-1,SUP-0012,2026-03-01,2026-03-01,DELIVERED
SHP-000271-2,ORD-000271-2,SUP-0012,2026-03-04,2026-03-04,DELIVERED
SHP-000271-3,ORD-000271-3,SUP-0012,2026-03-02,2026-03-02,DELIVERED
SHP-000271-4,ORD-000271-4,SUP-0012,2026-03-18,2026-03-19,DELIVERED
SHP-000272-1,ORD-000272-1,SUP-0094,2026-04-23,2026-04-23,DELIVERED
SHP-000272-2,ORD-000272-2,SUP-0094,2026-04-23,2026-04-24,DELIVERED
SHP-000273-1,ORD-000273-1,SUP-0037,2026-03-02,2026-03-03,DELIVERED
SHP-000274-1,ORD-000274-1,SUP-0110,2026-06-12,2026-06-13,DELIVERED
SHP-000274-2,ORD-000274-2,SUP-0110,2026-06-14,2026-06-14,DELIVERED
SHP-000275-1,ORD-000275-1,SUP-0080,2026-02-10,2026-02-12,DELIVERED
SHP-000275-2,ORD-000275-2,SUP-0080,2026-01-31,2026-01-31,DELIVERED
SHP-000275-3,ORD-000275-3,SUP-0080,2026-01-26,2026-01-26,DELIVERED
SHP-000276-1,ORD-000276-1,SUP-0079,2026-05-16,2026-05-17,DELIVERED
SHP-000277-1,ORD-000277-1,SUP-0105,2026-08-19,2026-08-19,DELIVERED
SHP-000277-2,ORD-000277-2,SUP-0105,2026-08-01,2026-08-01,DELIVERED
SHP-000277-3,ORD-000277-3,SUP-0105,2026-08-17,2026-08-19,DELIVERED
SHP-000278-1,ORD-000278-1,SUP-0012,2026-08-06,2026-08-08,DELIVERED
SHP-000278-2,ORD-000278-2,SUP-0012,2026-08-09,2026-08-11,DELIVERED
SHP-000278-3,ORD-000278-3,SUP-0012,2026-07-24,2026-07-26,DELIVERED
SHP-000278-4,ORD-000278-4,SUP-0012,2026-07-15,2026-07-15,DELIVERED
SHP-000279-1,ORD-000279-1,SUP-0004,2026-07-04,2026-07-06,DELIVERED
SHP-000279-2,ORD-000279-2,SUP-0004,2026-07-17,2026-07-17,DELIVERED
SHP-000279-3,ORD-000279-3,SUP-0004,2026-06-30,2026-06-30,DELIVERED
SHP-000279-4,ORD-000279-4,SUP-0004,2026-06-28,2026-06-28,DELIVERED
SHP-000280-1,ORD-000280-1,SUP-0044,2026-08-05,2026-08-06,DELIVERED
SHP-000280-2,ORD-000280-2,SUP-0044,2026-08-03,2026-08-03,DELIVERED
SHP-000281-1,ORD-000281-1,SUP-0081,2026-09-08,2026-09-10,IN_TRANSIT
SHP-000281-2,ORD-000281-2,SUP-0081,2026-09-20,2026-09-20,IN_TRANSIT
SHP-000281-3,ORD-000281-3,SUP-0081,2026-08-29,2026-08-29,DELIVERED
SHP-000281-4,ORD-000281-4,SUP-0081,2026-09-09,2026-09-11,IN_TRANSIT
SHP-000282-1,ORD-000282-1,SUP-0108,2026-06-15,2026-06-16,DELIVERED
SHP-000283-1,ORD-000283-1,SUP-0012,2026-08-26,2026-08-26,DELIVERED
SHP-000283-2,ORD-000283-2,SUP-0012,2026-09-03,2026-09-05,IN_TRANSIT
SHP-000283-3,ORD-000283-3,SUP-0012,2026-08-24,2026-08-24,DELIVERED
SHP-000284-1,ORD-000284-1,SUP-0044,2026-08-06,2026-08-06,DELIVERED
SHP-000284-2,ORD-000284-2,SUP-0044,2026-07-29,2026-07-31,DELIVERED
SHP-000284-3,ORD-000284-3,SUP-0044,2026-07-16,2026-07-18,DELIVERED
SHP-000285-1,ORD-000285-1,SUP-0112,2026-04-29,2026-04-29,DELIVERED
SHP-000286-1,ORD-000286-1,SUP-0082,2026-04-29,2026-04-29,DELIVERED
SHP-000286-2,ORD-000286-2,SUP-0082,2026-04-12,2026-04-12,DELIVERED
SHP-000286-3,ORD-000286-3,SUP-0082,2026-04-17,2026-04-17,DELIVERED
SHP-000287-1,ORD-000287-1,SUP-0071,2026-04-08,2026-04-08,DELIVERED
SHP-000287-2,ORD-000287-2,SUP-0071,2026-03-30,2026-03-30,DELIVERED
SHP-000288-1,ORD-000288-1,SUP-0061,2026-02-28,2026-03-01,DELIVERED
SHP-000288-2,ORD-000288-2,SUP-0061,2026-02-23,2026-02-23,DELIVERED
SHP-000288-3,ORD-000288-3,SUP-0061,2026-03-04,2026-03-04,DELIVERED
SHP-000288-4,ORD-000288-4,SUP-0061,2026-02-19,2026-02-19,DELIVERED
SHP-000289-1,ORD-000289-1,SUP-0088,2026-05-29,2026-05-29,DELIVERED
SHP-000289-2,ORD-000289-2,SUP-0088,2026-06-01,2026-06-02,DELIVERED
SHP-000290-1,ORD-000290-1,SUP-0004,2026-05-30,2026-06-01,DELIVERED
SHP-000290-2,ORD-000290-2,SUP-0004,2026-06-02,2026-06-02,DELIVERED
SHP-000290-3,ORD-000290-3,SUP-0004,2026-05-31,2026-06-01,DELIVERED
SHP-000290-4,ORD-000290-4,SUP-0004,2026-06-03,2026-06-03,DELIVERED
SHP-000291-1,ORD-000291-1,SUP-0071,2026-06-07,2026-06-07,DELIVERED
SHP-000291-2,ORD-000291-2,SUP-0071,2026-06-09,2026-06-09,DELIVERED
SHP-000292-1,ORD-000292-1,SUP-0095,2026-02-19,2026-02-19,DELIVERED
SHP-000292-2,ORD-000292-2,SUP-0095,2026-02-15,2026-02-17,DELIVERED
SHP-000292-3,ORD-000292-3,SUP-0095,2026-03-04,2026-03-04,DELIVERED
SHP-000293-1,ORD-000293-1,SUP-0012,2026-09-01,2026-09-01,DELIVERED
SHP-000293-2,ORD-000293-2,SUP-0012,2026-08-17,2026-08-17,DELIVERED
SHP-000294-1,ORD-000294-1,SUP-0039,2026-09-13,2026-09-13,IN_TRANSIT
SHP-000294-2,ORD-000294-2,SUP-0039,2026-09-21,2026-09-21,IN_TRANSIT
SHP-000294-3,ORD-000294-3,SUP-0039,2026-09-09,2026-09-09,IN_TRANSIT
SHP-000295-1,ORD-000295-1,SUP-0031,2026-07-29,2026-07-29,DELIVERED
SHP-000295-2,ORD-000295-2,SUP-0031,2026-07-20,2026-07-20,DELIVERED
SHP-000295-3,ORD-000295-3,SUP-0031,2026-07-27,2026-07-27,DELIVERED
SHP-000295-4,ORD-000295-4,SUP-0031,2026-07-10,2026-07-10,DELIVERED
SHP-000296-1,ORD-000296-1,SUP-0083,2026-03-07,2026-03-08,DELIVERED
SHP-000296-2,ORD-000296-2,SUP-0083,2026-03-06,2026-03-08,DELIVERED
SHP-000296-3,ORD-000296-3,SUP-0083,2026-03-02,2026-03-02,DELIVERED
SHP-000296-4,ORD-000296-4,SUP-0083,2026-02-15,2026-02-17,DELIVERED
SHP-000297-1,ORD-000297-1,SUP-0064,2026-07-24,2026-07-24,DELIVERED
SHP-000297-2,ORD-000297-2,SUP-0064,2026-07-14,2026-07-16,DELIVERED
SHP-000297-3,ORD-000297-3,SUP-0064,2026-07-15,2026-07-17,DELIVERED
SHP-000298-1,ORD-000298-1,SUP-0114,2026-04-06,2026-04-06,DELIVERED
SHP-000298-2,ORD-000298-2,SUP-0114,2026-04-02,2026-04-04,DELIVERED
SHP-000298-3,ORD-000298-3,SUP-0114,2026-03-25,2026-03-25,DELIVERED
SHP-000299-1,ORD-000299-1,SUP-0022,2026-07-09,2026-07-11,DELIVERED
SHP-000299-2,ORD-000299-2,SUP-0022,2026-07-13,2026-07-14,DELIVERED
SHP-000299-3,ORD-000299-3,SUP-0022,2026-07-07,2026-07-07,DELIVERED
SHP-000300-1,ORD-000300-1,SUP-0033,2026-07-08,2026-07-08,DELIVERED
SHP-000301-1,ORD-000301-1,SUP-0085,2026-04-20,2026-04-20,DELIVERED
SHP-000301-2,ORD-000301-2,SUP-0085,2026-04-17,2026-04-18,DELIVERED
SHP-000302-1,ORD-000302-1,SUP-0097,2026-08-16,2026-08-16,DELIVERED
SHP-000302-2,ORD-000302-2,SUP-0097,2026-08-08,2026-08-09,DELIVERED
SHP-000303-1,ORD-000303-1,SUP-0061,2026-05-27,2026-05-27,DELIVERED
SHP-000303-2,ORD-000303-2,SUP-0061,2026-05-26,2026-05-27,DELIVERED
SHP-000303-3,ORD-000303-3,SUP-0061,2026-06-05,2026-06-05,DELIVERED
SHP-000303-4,ORD-000303-4,SUP-0061,2026-05-29,2026-05-29,DELIVERED
SHP-000304-1,ORD-000304-1,SUP-0043,2026-03-30,2026-04-01,DELIVERED
SHP-000304-2,ORD-000304-2,SUP-0043,2026-04-08,2026-04-08,DELIVERED
SHP-000304-3,ORD-000304-3,SUP-0043,2026-03-27,2026-03-28,DELIVERED
SHP-000304-4,ORD-000304-4,SUP-0043,2026-03-29,2026-03-29,DELIVERED
SHP-000305-1,ORD-000305-1,SUP-0093,2026-04-02,2026-04-02,DELIVERED
SHP-000306-1,ORD-000306-1,SUP-0091,2026-03-03,2026-03-03,DELIVERED
SHP-000306-2,ORD-000306-2,SUP-0091,2026-02-24,2026-02-24,DELIVERED
SHP-000306-3,ORD-000306-3,SUP-0091,2026-02-22,2026-02-22,DELIVERED
SHP-000306-4,ORD-000306-4,SUP-0091,2026-02-11,2026-02-11,DELIVERED
SHP-000307-1,ORD-000307-1,SUP-0049,2026-04-20,2026-04-20,DELIVERED
SHP-000307-2,ORD-000307-2,SUP-0049,2026-05-02,2026-05-03,DELIVERED
SHP-000307-3,ORD-000307-3,SUP-0049,2026-04-17,2026-04-17,DELIVERED
SHP-000308-1,ORD-000308-1,SUP-0079,2026-09-16,2026-09-16,IN_TRANSIT
SHP-000309-1,ORD-000309-1,SUP-0100,2026-01-16,2026-01-16,DELIVERED
SHP-000310-1,ORD-000310-1,SUP-0116,2026-06-27,2026-06-27,DELIVERED
SHP-000310-2,ORD-000310-2,SUP-0116,2026-06-07,2026-06-09,DELIVERED
SHP-000310-3,ORD-000310-3,SUP-0116,2026-07-03,2026-07-03,DELIVERED
SHP-000310-4,ORD-000310-4,SUP-0116,2026-06-21,2026-06-23,DELIVERED
SHP-000311-1,ORD-000311-1,SUP-0110,2026-02-20,2026-02-20,DELIVERED
SHP-000311-2,ORD-000311-2,SUP-0110,2026-02-21,2026-02-21,DELIVERED
SHP-000312-1,ORD-000312-1,SUP-0063,2026-09-14,2026-09-16,IN_TRANSIT
SHP-000312-2,ORD-000312-2,SUP-0063,2026-08-27,2026-08-29,DELIVERED
SHP-000313-1,ORD-000313-1,SUP-0083,2026-05-25,2026-05-25,DELIVERED
SHP-000314-1,ORD-000314-1,SUP-0052,2026-03-13,2026-03-13,DELIVERED
SHP-000314-2,ORD-000314-2,SUP-0052,2026-03-29,2026-03-29,DELIVERED
SHP-000315-1,ORD-000315-1,SUP-0032,2026-01-30,2026-01-30,DELIVERED
SHP-000315-2,ORD-000315-2,SUP-0032,2026-01-31,2026-02-02,DELIVERED
SHP-000315-3,ORD-000315-3,SUP-0032,2026-01-27,2026-01-27,DELIVERED
SHP-000316-1,ORD-000316-1,SUP-0104,2026-04-09,2026-04-09,DELIVERED
SHP-000316-2,ORD-000316-2,SUP-0104,2026-04-06,2026-04-07,DELIVERED
SHP-000316-3,ORD-000316-3,SUP-0104,2026-04-08,2026-04-09,DELIVERED
SHP-000317-1,ORD-000317-1,SUP-0032,2026-02-11,2026-02-11,DELIVERED
SHP-000317-2,ORD-000317-2,SUP-0032,2026-02-22,2026-02-23,DELIVERED
SHP-000318-1,ORD-000318-1,SUP-0089,2026-07-19,2026-07-19,DELIVERED
SHP-000318-2,ORD-000318-2,SUP-0089,2026-07-18,2026-07-19,DELIVERED
SHP-000318-3,ORD-000318-3,SUP-0089,2026-07-24,2026-07-25,DELIVERED
SHP-000319-1,ORD-000319-1,SUP-0001,2026-03-26,2026-03-26,DELIVERED
SHP-000319-2,ORD-000319-2,SUP-0001,2026-03-05,2026-03-05,DELIVERED
SHP-000319-3,ORD-000319-3,SUP-0001,2026-03-13,2026-03-13,DELIVERED
SHP-000320-1,ORD-000320-1,SUP-0086,2026-02-15,2026-02-16,DELIVERED
SHP-000320-2,ORD-000320-2,SUP-0086,2026-02-07,2026-02-07,DELIVERED
SHP-000321-1,ORD-000321-1,SUP-0021,2026-05-25,2026-05-25,DELIVERED
SHP-000321-2,ORD-000321-2,SUP-0021,2026-05-22,2026-05-22,DELIVERED
SHP-000322-1,ORD-000322-1,SUP-0031,2026-09-07,2026-09-07,IN_TRANSIT
SHP-000323-1,ORD-000323-1,SUP-0028,2026-03-03,2026-03-03,DELIVERED
SHP-000323-2,ORD-000323-2,SUP-0028,2026-02-25,2026-02-25,DELIVERED
SHP-000323-3,ORD-000323-3,SUP-0028,2026-03-10,2026-03-11,DELIVERED
SHP-000323-4,ORD-000323-4,SUP-0028,2026-03-05,2026-03-07,DELIVERED
SHP-000324-1,ORD-000324-1,SUP-0021,2026-06-28,2026-06-29,DELIVERED
SHP-000325-1,ORD-000325-1,SUP-0108,2026-04-10,2026-04-10,DELIVERED
SHP-000325-2,ORD-000325-2,SUP-0108,2026-03-29,2026-03-30,DELIVERED
SHP-000326-1,ORD-000326-1,SUP-0006,2026-06-05,2026-06-05,DELIVERED
SHP-000327-1,ORD-000327-1,SUP-0058,2026-03-22,2026-03-22,DELIVERED
SHP-000327-2,ORD-000327-2,SUP-0058,2026-04-04,2026-04-04,DELIVERED
SHP-000327-3,ORD-000327-3,SUP-0058,2026-04-04,2026-04-06,DELIVERED
SHP-000327-4,ORD-000327-4,SUP-0058,2026-03-14,2026-03-15,DELIVERED
SHP-000328-1,ORD-000328-1,SUP-0024,2026-06-24,2026-06-24,DELIVERED
SHP-000329-1,ORD-000329-1,SUP-0055,2026-07-30,2026-07-30,DELIVERED
SHP-000330-1,ORD-000330-1,SUP-0114,2026-03-02,2026-03-04,DELIVERED
SHP-000331-1,ORD-000331-1,SUP-0091,2026-06-08,2026-06-09,DELIVERED
SHP-000331-2,ORD-000331-2,SUP-0091,2026-06-19,2026-06-19,DELIVERED
SHP-000332-1,ORD-000332-1,SUP-0115,2026-05-31,2026-06-01,DELIVERED
SHP-000333-1,ORD-000333-1,SUP-0065,2026-05-23,2026-05-24,DELIVERED
SHP-000333-2,ORD-000333-2,SUP-0065,2026-05-14,2026-05-14,DELIVERED
SHP-000333-3,ORD-000333-3,SUP-0065,2026-05-17,2026-05-17,DELIVERED
SHP-000333-4,ORD-000333-4,SUP-0065,2026-05-16,2026-05-18,DELIVERED
SHP-000334-1,ORD-000334-1,SUP-0081,2026-04-21,2026-04-21,DELIVERED
SHP-000334-2,ORD-000334-2,SUP-0081,2026-03-28,2026-03-28,DELIVERED
SHP-000334-3,ORD-000334-3,SUP-0081,2026-04-19,2026-04-19,DELIVERED
SHP-000334-4,ORD-000334-4,SUP-0081,2026-04-21,2026-04-23,DELIVERED
SHP-000335-1,ORD-000335-1,SUP-0108,2026-05-22,2026-05-22,DELIVERED
SHP-000335-2,ORD-000335-2,SUP-0108,2026-05-20,2026-05-20,DELIVERED
SHP-000335-3,ORD-000335-3,SUP-0108,2026-06-03,2026-06-05,DELIVERED
SHP-000336-1,ORD-000336-1,SUP-0037,2026-03-06,2026-03-08,DELIVERED
SHP-000336-2,ORD-000336-2,SUP-0037,2026-03-06,2026-03-06,DELIVERED
SHP-000337-1,ORD-000337-1,SUP-0027,2026-07-07,2026-07-09,DELIVERED
SHP-000337-2,ORD-000337-2,SUP-0027,2026-07-13,2026-07-14,DELIVERED
SHP-000338-1,ORD-000338-1,SUP-0099,2026-05-28,2026-05-28,DELIVERED
SHP-000339-1,ORD-000339-1,SUP-0097,2026-08-05,2026-08-07,DELIVERED
SHP-000339-2,ORD-000339-2,SUP-0097,2026-08-13,2026-08-15,DELIVERED
SHP-000339-3,ORD-000339-3,SUP-0097,2026-08-05,2026-08-05,DELIVERED
SHP-000340-1,ORD-000340-1,SUP-0008,2026-06-20,2026-06-20,DELIVERED
SHP-000340-2,ORD-000340-2,SUP-0008,2026-06-29,2026-06-29,DELIVERED
SHP-000341-1,ORD-000341-1,SUP-0078,2026-09-14,2026-09-14,IN_TRANSIT
SHP-000341-2,ORD-000341-2,SUP-0078,2026-09-10,2026-09-11,IN_TRANSIT
SHP-000342-1,ORD-000342-1,SUP-0112,2026-04-03,2026-04-04,DELIVERED
SHP-000342-2,ORD-000342-2,SUP-0112,2026-03-29,2026-03-29,DELIVERED
SHP-000342-3,ORD-000342-3,SUP-0112,2026-03-21,2026-03-23,DELIVERED
SHP-000342-4,ORD-000342-4,SUP-0112,2026-03-21,2026-03-21,DELIVERED
SHP-000343-1,ORD-000343-1,SUP-0001,2026-07-02,2026-07-02,DELIVERED
SHP-000343-2,ORD-000343-2,SUP-0001,2026-07-09,2026-07-10,DELIVERED
SHP-000344-1,ORD-000344-1,SUP-0006,2026-08-16,2026-08-16,DELIVERED
SHP-000344-2,ORD-000344-2,SUP-0006,2026-09-02,2026-09-02,IN_TRANSIT
SHP-000344-3,ORD-000344-3,SUP-0006,2026-09-06,2026-09-06,IN_TRANSIT
SHP-000344-4,ORD-000344-4,SUP-0006,2026-08-24,2026-08-24,DELIVERED
SHP-000345-1,ORD-000345-1,SUP-0077,2026-06-26,2026-06-28,DELIVERED
SHP-000345-2,ORD-000345-2,SUP-0077,2026-06-19,2026-06-21,DELIVERED
SHP-000345-3,ORD-000345-3,SUP-0077,2026-06-19,2026-06-19,DELIVERED
SHP-000346-1,ORD-000346-1,SUP-0046,2026-02-06,2026-02-06,DELIVERED
SHP-000346-2,ORD-000346-2,SUP-0046,2026-02-01,2026-02-03,DELIVERED
SHP-000346-3,ORD-000346-3,SUP-0046,2026-02-13,2026-02-13,DELIVERED
SHP-000347-1,ORD-000347-1,SUP-0035,2026-02-10,2026-02-10,DELIVERED
SHP-000347-2,ORD-000347-2,SUP-0035,2026-02-13,2026-02-13,DELIVERED
SHP-000348-1,ORD-000348-1,SUP-0028,2026-05-25,2026-05-25,DELIVERED
SHP-000349-1,ORD-000349-1,SUP-0119,2026-06-08,2026-06-08,DELIVERED
SHP-000349-2,ORD-000349-2,SUP-0119,2026-05-14,2026-05-14,DELIVERED
SHP-000350-1,ORD-000350-1,SUP-0089,2026-04-02,2026-04-03,DELIVERED
SHP-000351-1,ORD-000351-1,SUP-0097,2026-01-26,2026-01-26,DELIVERED
SHP-000352-1,ORD-000352-1,SUP-0039,2026-08-19,2026-08-19,DELIVERED
SHP-000352-2,ORD-000352-2,SUP-0039,2026-08-12,2026-08-12,DELIVERED
SHP-000353-1,ORD-000353-1,SUP-0075,2026-05-04,2026-05-04,DELIVERED
SHP-000353-2,ORD-000353-2,SUP-0075,2026-04-25,2026-04-25,DELIVERED
SHP-000354-1,ORD-000354-1,SUP-0116,2026-08-07,2026-08-07,DELIVERED
SHP-000354-2,ORD-000354-2,SUP-0116,2026-07-27,2026-07-27,DELIVERED
SHP-000354-3,ORD-000354-3,SUP-0116,2026-07-23,2026-07-23,DELIVERED
SHP-000354-4,ORD-000354-4,SUP-0116,2026-07-29,2026-07-29,DELIVERED
SHP-000355-1,ORD-000355-1,SUP-0064,2026-07-24,2026-07-24,DELIVERED
SHP-000356-1,ORD-000356-1,SUP-0059,2026-07-23,2026-07-23,DELIVERED
SHP-000356-2,ORD-000356-2,SUP-0059,2026-07-08,2026-07-08,DELIVERED
SHP-000357-1,ORD-000357-1,SUP-0087,2026-07-12,2026-07-14,DELIVERED
SHP-000358-1,ORD-000358-1,SUP-0014,2026-02-03,2026-02-04,DELIVERED
SHP-000358-2,ORD-000358-2,SUP-0014,2026-02-18,2026-02-18,DELIVERED
SHP-000358-3,ORD-000358-3,SUP-0014,2026-02-18,2026-02-20,DELIVERED
SHP-000359-1,ORD-000359-1,SUP-0052,2026-06-03,2026-06-03,DELIVERED
SHP-000360-1,ORD-000360-1,SUP-0081,2026-02-03,2026-02-05,DELIVERED
SHP-000361-1,ORD-000361-1,SUP-0087,2026-03-04,2026-03-04,DELIVERED
SHP-000362-1,ORD-000362-1,SUP-0085,2026-05-25,2026-05-26,DELIVERED
SHP-000363-1,ORD-000363-1,SUP-0041,2026-05-24,2026-05-25,DELIVERED
SHP-000363-2,ORD-000363-2,SUP-0041,2026-05-18,2026-05-18,DELIVERED
SHP-000364-1,ORD-000364-1,SUP-0073,2026-07-04,2026-07-05,DELIVERED
SHP-000364-2,ORD-000364-2,SUP-0073,2026-07-11,2026-07-13,DELIVERED
SHP-000364-3,ORD-000364-3,SUP-0073,2026-07-15,2026-07-15,DELIVERED
SHP-000364-4,ORD-000364-4,SUP-0073,2026-07-06,2026-07-06,DELIVERED
SHP-000365-1,ORD-000365-1,SUP-0104,2026-08-03,2026-08-04,DELIVERED
SHP-000365-2,ORD-000365-2,SUP-0104,2026-08-03,2026-08-03,DELIVERED
SHP-000365-3,ORD-000365-3,SUP-0104,2026-08-03,2026-08-03,DELIVERED
SHP-000365-4,ORD-000365-4,SUP-0104,2026-07-31,2026-07-31,DELIVERED
SHP-000366-1,ORD-000366-1,SUP-0069,2026-02-08,2026-02-08,DELIVERED
SHP-000366-2,ORD-000366-2,SUP-0069,2026-02-03,2026-02-03,DELIVERED
SHP-000366-3,ORD-000366-3,SUP-0069,2026-01-29,2026-01-29,DELIVERED
SHP-000366-4,ORD-000366-4,SUP-0069,2026-02-12,2026-02-12,DELIVERED
SHP-000367-1,ORD-000367-1,SUP-0022,2026-04-27,2026-04-27,DELIVERED
SHP-000367-2,ORD-000367-2,SUP-0022,2026-05-03,2026-05-04,DELIVERED
SHP-000367-3,ORD-000367-3,SUP-0022,2026-04-17,2026-04-19,DELIVERED
SHP-000367-4,ORD-000367-4,SUP-0022,2026-05-04,2026-05-06,DELIVERED
SHP-000368-1,ORD-000368-1,SUP-0061,2026-03-31,2026-04-02,DELIVERED
SHP-000368-2,ORD-000368-2,SUP-0061,2026-03-19,2026-03-19,DELIVERED
SHP-000368-3,ORD-000368-3,SUP-0061,2026-03-16,2026-03-16,DELIVERED
SHP-000369-1,ORD-000369-1,SUP-0081,2026-07-07,2026-07-07,DELIVERED
SHP-000369-2,ORD-000369-2,SUP-0081,2026-06-26,2026-06-26,DELIVERED
SHP-000369-3,ORD-000369-3,SUP-0081,2026-06-20,2026-06-21,DELIVERED
SHP-000370-1,ORD-000370-1,SUP-0041,2026-07-14,2026-07-16,DELIVERED
SHP-000370-2,ORD-000370-2,SUP-0041,2026-06-25,2026-06-25,DELIVERED
SHP-000370-3,ORD-000370-3,SUP-0041,2026-07-01,2026-07-02,DELIVERED
SHP-000371-1,ORD-000371-1,SUP-0063,2026-04-28,2026-04-28,DELIVERED
SHP-000371-2,ORD-000371-2,SUP-0063,2026-05-23,2026-05-24,DELIVERED
SHP-000372-1,ORD-000372-1,SUP-0101,2026-02-13,2026-02-13,DELIVERED
SHP-000372-2,ORD-000372-2,SUP-0101,2026-02-24,2026-02-24,DELIVERED
SHP-000372-3,ORD-000372-3,SUP-0101,2026-02-17,2026-02-19,DELIVERED
SHP-000373-1,ORD-000373-1,SUP-0120,2026-05-25,2026-05-25,DELIVERED
SHP-000373-2,ORD-000373-2,SUP-0120,2026-06-08,2026-06-08,DELIVERED
SHP-000373-3,ORD-000373-3,SUP-0120,2026-05-29,2026-05-29,DELIVERED
SHP-000373-4,ORD-000373-4,SUP-0120,2026-06-15,2026-06-15,DELIVERED
SHP-000374-1,ORD-000374-1,SUP-0063,2026-07-17,2026-07-17,DELIVERED
SHP-000374-2,ORD-000374-2,SUP-0063,2026-07-13,2026-07-15,DELIVERED
SHP-000374-3,ORD-000374-3,SUP-0063,2026-07-14,2026-07-16,DELIVERED
SHP-000374-4,ORD-000374-4,SUP-0063,2026-08-02,2026-08-02,DELIVERED
SHP-000375-1,ORD-000375-1,SUP-0069,2026-08-26,2026-08-26,DELIVERED
SHP-000375-2,ORD-000375-2,SUP-0069,2026-09-07,2026-09-07,IN_TRANSIT
SHP-000375-3,ORD-000375-3,SUP-0069,2026-09-02,2026-09-02,IN_TRANSIT
SHP-000375-4,ORD-000375-4,SUP-0069,2026-09-01,2026-09-02,IN_TRANSIT
SHP-000376-1,ORD-000376-1,SUP-0113,2026-09-04,2026-09-06,IN_TRANSIT
SHP-000377-1,ORD-000377-1,SUP-0095,2026-05-14,2026-05-15,DELIVERED
SHP-000377-2,ORD-000377-2,SUP-0095,2026-05-25,2026-05-25,DELIVERED
SHP-000378-1,ORD-000378-1,SUP-0015,2026-04-09,2026-04-09,DELIVERED
SHP-000378-2,ORD-000378-2,SUP-0015,2026-03-26,2026-03-26,DELIVERED
SHP-000378-3,ORD-000378-3,SUP-0015,2026-03-26,2026-03-26,DELIVERED
SHP-000378-4,ORD-000378-4,SUP-0015,2026-03-25,2026-03-25,DELIVERED
SHP-000379-1,ORD-000379-1,SUP-0003,2026-09-13,2026-09-15,IN_TRANSIT
SHP-000379-2,ORD-000379-2,SUP-0003,2026-09-05,2026-09-05,IN_TRANSIT
SHP-000380-1,ORD-000380-1,SUP-0022,2026-01-28,2026-01-28,DELIVERED
SHP-000380-2,ORD-000380-2,SUP-0022,2026-02-06,2026-02-07,DELIVERED
SHP-000380-3,ORD-000380-3,SUP-0022,2026-01-23,2026-01-25,DELIVERED
SHP-000380-4,ORD-000380-4,SUP-0022,2026-01-27,2026-01-27,DELIVERED
SHP-000381-1,ORD-000381-1,SUP-0053,2026-02-04,2026-02-06,DELIVERED
SHP-000381-2,ORD-000381-2,SUP-0053,2026-01-25,2026-01-26,DELIVERED
SHP-000382-1,ORD-000382-1,SUP-0018,2026-07-13,2026-07-15,DELIVERED
SHP-000382-2,ORD-000382-2,SUP-0018,2026-07-11,2026-07-12,DELIVERED
SHP-000382-3,ORD-000382-3,SUP-0018,2026-07-17,2026-07-19,DELIVERED
SHP-000382-4,ORD-000382-4,SUP-0018,2026-07-25,2026-07-25,DELIVERED
SHP-000383-1,ORD-000383-1,SUP-0017,2026-06-12,2026-06-12,DELIVERED
SHP-000383-2,ORD-000383-2,SUP-0017,2026-06-21,2026-06-21,DELIVERED
SHP-000383-3,ORD-000383-3,SUP-0017,2026-06-25,2026-06-25,DELIVERED
SHP-000383-4,ORD-000383-4,SUP-0017,2026-06-18,2026-06-20,DELIVERED
SHP-000384-1,ORD-000384-1,SUP-0107,2026-06-17,2026-06-18,DELIVERED
SHP-000384-2,ORD-000384-2,SUP-0107,2026-05-21,2026-05-21,DELIVERED
SHP-000384-3,ORD-000384-3,SUP-0107,2026-05-30,2026-05-30,DELIVERED
SHP-000385-1,ORD-000385-1,SUP-0091,2026-05-21,2026-05-22,DELIVERED
SHP-000386-1,ORD-000386-1,SUP-0064,2026-08-26,2026-08-26,DELIVERED
SHP-000387-1,ORD-000387-1,SUP-0107,2026-08-14,2026-08-14,DELIVERED
SHP-000387-2,ORD-000387-2,SUP-0107,2026-08-08,2026-08-08,DELIVERED
SHP-000388-1,ORD-000388-1,SUP-0114,2026-01-23,2026-01-23,DELIVERED
SHP-000388-2,ORD-000388-2,SUP-0114,2026-01-29,2026-01-29,DELIVERED
SHP-000388-3,ORD-000388-3,SUP-0114,2026-01-24,2026-01-26,DELIVERED
SHP-000388-4,ORD-000388-4,SUP-0114,2026-01-25,2026-01-25,DELIVERED
SHP-000389-1,ORD-000389-1,SUP-0111,2026-08-14,2026-08-14,DELIVERED
SHP-000390-1,ORD-000390-1,SUP-0023,2026-08-08,2026-08-08,DELIVERED
SHP-000391-1,ORD-000391-1,SUP-0083,2026-03-10,2026-03-10,DELIVERED
SHP-000391-2,ORD-000391-2,SUP-0083,2026-02-26,2026-02-27,DELIVERED
SHP-000391-3,ORD-000391-3,SUP-0083,2026-03-05,2026-03-06,DELIVERED
SHP-000392-1,ORD-000392-1,SUP-0012,2026-08-14,2026-08-16,DELIVERED
SHP-000392-2,ORD-000392-2,SUP-0012,2026-08-28,2026-08-28,DELIVERED
SHP-000392-3,ORD-000392-3,SUP-0012,2026-08-24,2026-08-25,DELIVERED
SHP-000392-4,ORD-000392-4,SUP-0012,2026-08-08,2026-08-08,DELIVERED
SHP-000393-1,ORD-000393-1,SUP-0088,2026-08-22,2026-08-22,DELIVERED
SHP-000393-2,ORD-000393-2,SUP-0088,2026-09-01,2026-09-02,IN_TRANSIT
SHP-000393-3,ORD-000393-3,SUP-0088,2026-08-20,2026-08-20,DELIVERED
SHP-000394-1,ORD-000394-1,SUP-0033,2026-07-26,2026-07-26,DELIVERED
SHP-000394-2,ORD-000394-2,SUP-0033,2026-08-16,2026-08-17,DELIVERED
SHP-000394-3,ORD-000394-3,SUP-0033,2026-08-12,2026-08-12,DELIVERED
SHP-000394-4,ORD-000394-4,SUP-0033,2026-08-18,2026-08-20,DELIVERED
SHP-000395-1,ORD-000395-1,SUP-0034,2026-05-20,2026-05-21,DELIVERED
SHP-000395-2,ORD-000395-2,SUP-0034,2026-05-29,2026-05-30,DELIVERED
SHP-000395-3,ORD-000395-3,SUP-0034,2026-05-12,2026-05-12,DELIVERED
SHP-000395-4,ORD-000395-4,SUP-0034,2026-05-07,2026-05-07,DELIVERED
SHP-000396-1,ORD-000396-1,SUP-0105,2026-07-25,2026-07-27,DELIVERED
SHP-000396-2,ORD-000396-2,SUP-0105,2026-07-22,2026-07-22,DELIVERED
SHP-000397-1,ORD-000397-1,SUP-0061,2026-02-03,2026-02-05,DELIVERED
SHP-000397-2,ORD-000397-2,SUP-0061,2026-02-03,2026-02-04,DELIVERED
SHP-000397-3,ORD-000397-3,SUP-0061,2026-01-16,2026-01-17,DELIVERED
SHP-000397-4,ORD-000397-4,SUP-0061,2026-02-07,2026-02-09,DELIVERED
SHP-000398-1,ORD-000398-1,SUP-0038,2026-05-15,2026-05-16,DELIVERED
SHP-000398-2,ORD-000398-2,SUP-0038,2026-05-23,2026-05-23,DELIVERED
SHP-000398-3,ORD-000398-3,SUP-0038,2026-05-25,2026-05-26,DELIVERED
SHP-000398-4,ORD-000398-4,SUP-0038,2026-06-12,2026-06-13,DELIVERED
SHP-000399-1,ORD-000399-1,SUP-0003,2026-04-05,2026-04-07,DELIVERED
SHP-000399-2,ORD-000399-2,SUP-0003,2026-04-23,2026-04-24,DELIVERED
SHP-000399-3,ORD-000399-3,SUP-0003,2026-04-06,2026-04-06,DELIVERED
SHP-000400-1,ORD-000400-1,SUP-0102,2026-08-08,2026-08-08,DELIVERED
SHP-000400-2,ORD-000400-2,SUP-0102,2026-08-18,2026-08-18,DELIVERED
SHP-000401-1,ORD-000401-1,SUP-0102,2026-05-25,2026-05-25,DELIVERED
SHP-000402-1,ORD-000402-1,SUP-0023,2026-08-28,2026-08-28,DELIVERED
SHP-000403-1,ORD-000403-1,SUP-0063,2026-04-21,2026-04-22,DELIVERED
SHP-000403-2,ORD-000403-2,SUP-0063,2026-04-09,2026-04-11,DELIVERED
SHP-000403-3,ORD-000403-3,SUP-0063,2026-04-25,2026-04-25,DELIVERED
SHP-000404-1,ORD-000404-1,SUP-0112,2026-09-10,2026-09-10,IN_TRANSIT
SHP-000404-2,ORD-000404-2,SUP-0112,2026-09-09,2026-09-10,IN_TRANSIT
SHP-000404-3,ORD-000404-3,SUP-0112,2026-09-19,2026-09-19,IN_TRANSIT
SHP-000404-4,ORD-000404-4,SUP-0112,2026-09-10,2026-09-10,IN_TRANSIT
SHP-000405-1,ORD-000405-1,SUP-0092,2026-04-22,2026-04-23,DELIVERED
SHP-000405-2,ORD-000405-2,SUP-0092,2026-05-02,2026-05-02,DELIVERED
SHP-000406-1,ORD-000406-1,SUP-0004,2026-02-24,2026-02-25,DELIVERED
SHP-000407-1,ORD-000407-1,SUP-0008,2026-08-12,2026-08-14,DELIVERED
SHP-000408-1,ORD-000408-1,SUP-0112,2026-07-29,2026-07-29,DELIVERED
SHP-000409-1,ORD-000409-1,SUP-0114,2026-07-26,2026-07-26,DELIVERED
SHP-000409-2,ORD-000409-2,SUP-0114,2026-07-28,2026-07-28,DELIVERED
SHP-000410-1,ORD-000410-1,SUP-0028,2026-06-05,2026-06-05,DELIVERED
SHP-000410-2,ORD-000410-2,SUP-0028,2026-06-06,2026-06-06,DELIVERED
SHP-000411-1,ORD-000411-1,SUP-0094,2026-08-26,2026-08-26,DELIVERED
SHP-000411-2,ORD-000411-2,SUP-0094,2026-08-30,2026-08-30,DELIVERED
SHP-000411-3,ORD-000411-3,SUP-0094,2026-08-29,2026-08-29,DELIVERED
SHP-000412-1,ORD-000412-1,SUP-0086,2026-07-28,2026-07-28,DELIVERED
SHP-000413-1,ORD-000413-1,SUP-0019,2026-08-20,2026-08-21,DELIVERED
SHP-000414-1,ORD-000414-1,SUP-0010,2026-07-23,2026-07-24,DELIVERED
SHP-000414-2,ORD-000414-2,SUP-0010,2026-07-22,2026-07-22,DELIVERED
SHP-000414-3,ORD-000414-3,SUP-0010,2026-07-29,2026-07-31,DELIVERED
SHP-000415-1,ORD-000415-1,SUP-0111,2026-07-25,2026-07-26,DELIVERED
SHP-000416-1,ORD-000416-1,SUP-0015,2026-04-24,2026-04-24,DELIVERED
SHP-000416-2,ORD-000416-2,SUP-0015,2026-04-20,2026-04-20,DELIVERED
SHP-000417-1,ORD-000417-1,SUP-0101,2026-01-23,2026-01-23,DELIVERED
SHP-000417-2,ORD-000417-2,SUP-0101,2026-01-29,2026-01-30,DELIVERED
SHP-000417-3,ORD-000417-3,SUP-0101,2026-02-10,2026-02-10,DELIVERED
SHP-000418-1,ORD-000418-1,SUP-0101,2026-06-07,2026-06-08,DELIVERED
SHP-000418-2,ORD-000418-2,SUP-0101,2026-05-30,2026-06-01,DELIVERED
SHP-000419-1,ORD-000419-1,SUP-0053,2026-04-07,2026-04-07,DELIVERED
SHP-000420-1,ORD-000420-1,SUP-0111,2026-08-06,2026-08-08,DELIVERED
SHP-000421-1,ORD-000421-1,SUP-0074,2026-06-11,2026-06-11,DELIVERED
SHP-000422-1,ORD-000422-1,SUP-0032,2026-02-07,2026-02-07,DELIVERED
SHP-000422-2,ORD-000422-2,SUP-0032,2026-02-04,2026-02-06,DELIVERED
SHP-000422-3,ORD-000422-3,SUP-0032,2026-02-05,2026-02-05,DELIVERED
SHP-000422-4,ORD-000422-4,SUP-0032,2026-02-03,2026-02-03,DELIVERED
SHP-000423-1,ORD-000423-1,SUP-0033,2026-02-16,2026-02-16,DELIVERED
SHP-000423-2,ORD-000423-2,SUP-0033,2026-03-02,2026-03-02,DELIVERED
SHP-000424-1,ORD-000424-1,SUP-0053,2026-04-05,2026-04-05,DELIVERED
SHP-000425-1,ORD-000425-1,SUP-0064,2026-03-01,2026-03-01,DELIVERED
SHP-000425-2,ORD-000425-2,SUP-0064,2026-02-20,2026-02-22,DELIVERED
SHP-000425-3,ORD-000425-3,SUP-0064,2026-03-04,2026-03-04,DELIVERED
SHP-000425-4,ORD-000425-4,SUP-0064,2026-02-12,2026-02-14,DELIVERED
SHP-000426-1,ORD-000426-1,SUP-0027,2026-05-05,2026-05-05,DELIVERED
SHP-000426-2,ORD-000426-2,SUP-0027,2026-05-03,2026-05-03,DELIVERED
SHP-000427-1,ORD-000427-1,SUP-0001,2026-10-03,2026-10-03,IN_TRANSIT
SHP-000427-2,ORD-000427-2,SUP-0001,2026-09-17,2026-09-19,IN_TRANSIT
SHP-000427-3,ORD-000427-3,SUP-0001,2026-09-14,2026-09-15,IN_TRANSIT
SHP-000428-1,ORD-000428-1,SUP-0090,2026-08-31,2026-08-31,DELIVERED
SHP-000428-2,ORD-000428-2,SUP-0090,2026-09-05,2026-09-05,IN_TRANSIT
SHP-000428-3,ORD-000428-3,SUP-0090,2026-09-01,2026-09-01,DELIVERED
SHP-000428-4,ORD-000428-4,SUP-0090,2026-08-27,2026-08-28,DELIVERED
SHP-000429-1,ORD-000429-1,SUP-0001,2026-07-24,2026-07-24,DELIVERED
SHP-000429-2,ORD-000429-2,SUP-0001,2026-07-20,2026-07-21,DELIVERED
SHP-000429-3,ORD-000429-3,SUP-0001,2026-07-13,2026-07-13,DELIVERED
SHP-000429-4,ORD-000429-4,SUP-0001,2026-07-06,2026-07-07,DELIVERED
SHP-000430-1,ORD-000430-1,SUP-0002,2026-08-11,2026-08-11,DELIVERED
SHP-000430-2,ORD-000430-2,SUP-0002,2026-07-21,2026-07-21,DELIVERED
SHP-000430-3,ORD-000430-3,SUP-0002,2026-07-30,2026-07-31,DELIVERED
SHP-000431-1,ORD-000431-1,SUP-0015,2026-06-30,2026-06-30,DELIVERED
SHP-000431-2,ORD-000431-2,SUP-0015,2026-06-21,2026-06-21,DELIVERED
SHP-000432-1,ORD-000432-1,SUP-0113,2026-03-21,2026-03-21,DELIVERED
SHP-000432-2,ORD-000432-2,SUP-0113,2026-03-11,2026-03-11,DELIVERED
SHP-000432-3,ORD-000432-3,SUP-0113,2026-03-19,2026-03-21,DELIVERED
SHP-000433-1,ORD-000433-1,SUP-0098,2026-08-28,2026-08-29,DELIVERED
SHP-000433-2,ORD-000433-2,SUP-0098,2026-09-12,2026-09-12,IN_TRANSIT
SHP-000433-3,ORD-000433-3,SUP-0098,2026-09-01,2026-09-01,DELIVERED
SHP-000434-1,ORD-000434-1,SUP-0022,2026-04-22,2026-04-22,DELIVERED
SHP-000435-1,ORD-000435-1,SUP-0108,2026-03-19,2026-03-19,DELIVERED
SHP-000435-2,ORD-000435-2,SUP-0108,2026-04-10,2026-04-11,DELIVERED
SHP-000435-3,ORD-000435-3,SUP-0108,2026-03-22,2026-03-22,DELIVERED
SHP-000436-1,ORD-000436-1,SUP-0049,2026-09-01,2026-09-03,IN_TRANSIT
SHP-000436-2,ORD-000436-2,SUP-0049,2026-09-05,2026-09-05,IN_TRANSIT
SHP-000437-1,ORD-000437-1,SUP-0072,2026-04-21,2026-04-23,DELIVERED
SHP-000438-1,ORD-000438-1,SUP-0002,2026-05-07,2026-05-07,DELIVERED
SHP-000439-1,ORD-000439-1,SUP-0076,2026-02-21,2026-02-21,DELIVERED
SHP-000439-2,ORD-000439-2,SUP-0076,2026-02-15,2026-02-15,DELIVERED
SHP-000440-1,ORD-000440-1,SUP-0018,2026-02-11,2026-02-11,DELIVERED
SHP-000440-2,ORD-000440-2,SUP-0018,2026-02-12,2026-02-12,DELIVERED
SHP-000440-3,ORD-000440-3,SUP-0018,2026-02-07,2026-02-09,DELIVERED
SHP-000441-1,ORD-000441-1,SUP-0105,2026-05-18,2026-05-19,DELIVERED
SHP-000441-2,ORD-000441-2,SUP-0105,2026-05-21,2026-05-21,DELIVERED
SHP-000442-1,ORD-000442-1,SUP-0079,2026-04-25,2026-04-25,DELIVERED
SHP-000442-2,ORD-000442-2,SUP-0079,2026-05-05,2026-05-06,DELIVERED
SHP-000442-3,ORD-000442-3,SUP-0079,2026-05-12,2026-05-12,DELIVERED
SHP-000442-4,ORD-000442-4,SUP-0079,2026-04-27,2026-04-27,DELIVERED
SHP-000443-1,ORD-000443-1,SUP-0004,2026-02-19,2026-02-19,DELIVERED
SHP-000443-2,ORD-000443-2,SUP-0004,2026-03-10,2026-03-10,DELIVERED
SHP-000443-3,ORD-000443-3,SUP-0004,2026-02-24,2026-02-24,DELIVERED
SHP-000444-1,ORD-000444-1,SUP-0023,2026-09-14,2026-09-14,IN_TRANSIT
SHP-000444-2,ORD-000444-2,SUP-0023,2026-09-16,2026-09-16,IN_TRANSIT
SHP-000444-3,ORD-000444-3,SUP-0023,2026-09-09,2026-09-09,IN_TRANSIT
SHP-000444-4,ORD-000444-4,SUP-0023,2026-09-17,2026-09-18,IN_TRANSIT
SHP-000445-1,ORD-000445-1,SUP-0089,2026-04-17,2026-04-17,DELIVERED
SHP-000446-1,ORD-000446-1,SUP-0042,2026-02-21,2026-02-21,DELIVERED
SHP-000446-2,ORD-000446-2,SUP-0042,2026-02-13,2026-02-14,DELIVERED
SHP-000447-1,ORD-000447-1,SUP-0097,2026-06-04,2026-06-04,DELIVERED
SHP-000447-2,ORD-000447-2,SUP-0097,2026-06-13,2026-06-13,DELIVERED
SHP-000447-3,ORD-000447-3,SUP-0097,2026-06-01,2026-06-01,DELIVERED
SHP-000448-1,ORD-000448-1,SUP-0051,2026-04-03,2026-04-03,DELIVERED
SHP-000448-2,ORD-000448-2,SUP-0051,2026-04-13,2026-04-13,DELIVERED
SHP-000449-1,ORD-000449-1,SUP-0030,2026-05-27,2026-05-27,DELIVERED
SHP-000449-2,ORD-000449-2,SUP-0030,2026-05-26,2026-05-26,DELIVERED
SHP-000449-3,ORD-000449-3,SUP-0030,2026-05-17,2026-05-17,DELIVERED
SHP-000449-4,ORD-000449-4,SUP-0030,2026-05-28,2026-05-30,DELIVERED
SHP-000450-1,ORD-000450-1,SUP-0070,2026-07-30,2026-08-01,DELIVERED
SHP-000451-1,ORD-000451-1,SUP-0026,2026-03-31,2026-04-02,DELIVERED
SHP-000451-2,ORD-000451-2,SUP-0026,2026-03-10,2026-03-10,DELIVERED
SHP-000451-3,ORD-000451-3,SUP-0026,2026-03-22,2026-03-22,DELIVERED
SHP-000452-1,ORD-000452-1,SUP-0061,2026-09-11,2026-09-13,IN_TRANSIT
SHP-000452-2,ORD-000452-2,SUP-0061,2026-08-26,2026-08-26,DELIVERED
SHP-000453-1,ORD-000453-1,SUP-0109,2026-05-04,2026-05-04,DELIVERED
SHP-000453-2,ORD-000453-2,SUP-0109,2026-05-22,2026-05-22,DELIVERED
SHP-000454-1,ORD-000454-1,SUP-0064,2026-04-30,2026-04-30,DELIVERED
SHP-000454-2,ORD-000454-2,SUP-0064,2026-04-17,2026-04-17,DELIVERED
SHP-000454-3,ORD-000454-3,SUP-0064,2026-04-19,2026-04-20,DELIVERED
SHP-000454-4,ORD-000454-4,SUP-0064,2026-04-20,2026-04-20,DELIVERED
SHP-000455-1,ORD-000455-1,SUP-0043,2026-05-10,2026-05-10,DELIVERED
SHP-000456-1,ORD-000456-1,SUP-0106,2026-01-27,2026-01-29,DELIVERED
SHP-000456-2,ORD-000456-2,SUP-0106,2026-01-26,2026-01-28,DELIVERED
SHP-000456-3,ORD-000456-3,SUP-0106,2026-01-27,2026-01-28,DELIVERED
SHP-000456-4,ORD-000456-4,SUP-0106,2026-02-02,2026-02-03,DELIVERED
SHP-000457-1,ORD-000457-1,SUP-0062,2026-05-12,2026-05-13,DELIVERED
SHP-000457-2,ORD-000457-2,SUP-0062,2026-04-25,2026-04-27,DELIVERED
SHP-000458-1,ORD-000458-1,SUP-0092,2026-03-27,2026-03-29,DELIVERED
SHP-000458-2,ORD-000458-2,SUP-0092,2026-04-07,2026-04-09,DELIVERED
SHP-000458-3,ORD-000458-3,SUP-0092,2026-04-08,2026-04-09,DELIVERED
SHP-000458-4,ORD-000458-4,SUP-0092,2026-04-12,2026-04-12,DELIVERED
SHP-000459-1,ORD-000459-1,SUP-0054,2026-03-03,2026-03-04,DELIVERED
SHP-000459-2,ORD-000459-2,SUP-0054,2026-03-02,2026-03-04,DELIVERED
SHP-000459-3,ORD-000459-3,SUP-0054,2026-03-13,2026-03-14,DELIVERED
SHP-000459-4,ORD-000459-4,SUP-0054,2026-03-04,2026-03-04,DELIVERED
SHP-000460-1,ORD-000460-1,SUP-0065,2026-04-30,2026-04-30,DELIVERED
SHP-000460-2,ORD-000460-2,SUP-0065,2026-05-12,2026-05-13,DELIVERED
SHP-000461-1,ORD-000461-1,SUP-0110,2026-05-06,2026-05-07,DELIVERED
SHP-000462-1,ORD-000462-1,SUP-0009,2026-06-09,2026-06-09,DELIVERED
SHP-000462-2,ORD-000462-2,SUP-0009,2026-06-15,2026-06-15,DELIVERED
SHP-000463-1,ORD-000463-1,SUP-0069,2026-02-27,2026-02-27,DELIVERED
SHP-000463-2,ORD-000463-2,SUP-0069,2026-03-14,2026-03-14,DELIVERED
SHP-000463-3,ORD-000463-3,SUP-0069,2026-03-24,2026-03-24,DELIVERED
SHP-000464-1,ORD-000464-1,SUP-0057,2026-06-19,2026-06-19,DELIVERED
SHP-000464-2,ORD-000464-2,SUP-0057,2026-06-10,2026-06-10,DELIVERED
SHP-000465-1,ORD-000465-1,SUP-0106,2026-07-12,2026-07-13,DELIVERED
SHP-000466-1,ORD-000466-1,SUP-0066,2026-08-15,2026-08-15,DELIVERED
SHP-000466-2,ORD-000466-2,SUP-0066,2026-08-17,2026-08-17,DELIVERED
SHP-000467-1,ORD-000467-1,SUP-0002,2026-07-22,2026-07-22,DELIVERED
SHP-000467-2,ORD-000467-2,SUP-0002,2026-07-06,2026-07-06,DELIVERED
SHP-000468-1,ORD-000468-1,SUP-0053,2026-08-06,2026-08-07,DELIVERED
SHP-000468-2,ORD-000468-2,SUP-0053,2026-08-07,2026-08-07,DELIVERED
SHP-000469-1,ORD-000469-1,SUP-0109,2026-02-20,2026-02-20,DELIVERED
SHP-000469-2,ORD-000469-2,SUP-0109,2026-02-06,2026-02-06,DELIVERED
SHP-000469-3,ORD-000469-3,SUP-0109,2026-02-01,2026-02-01,DELIVERED
SHP-000469-4,ORD-000469-4,SUP-0109,2026-02-05,2026-02-05,DELIVERED
SHP-000470-1,ORD-000470-1,SUP-0049,2026-07-13,2026-07-13,DELIVERED
SHP-000470-2,ORD-000470-2,SUP-0049,2026-06-29,2026-06-29,DELIVERED
SHP-000470-3,ORD-000470-3,SUP-0049,2026-07-02,2026-07-04,DELIVERED
SHP-000471-1,ORD-000471-1,SUP-0007,2026-08-23,2026-08-23,DELIVERED
SHP-000471-2,ORD-000471-2,SUP-0007,2026-08-08,2026-08-08,DELIVERED
SHP-000471-3,ORD-000471-3,SUP-0007,2026-08-15,2026-08-15,DELIVERED
SHP-000471-4,ORD-000471-4,SUP-0007,2026-08-19,2026-08-19,DELIVERED
SHP-000472-1,ORD-000472-1,SUP-0055,2026-04-10,2026-04-10,DELIVERED
SHP-000472-2,ORD-000472-2,SUP-0055,2026-04-09,2026-04-10,DELIVERED
SHP-000473-1,ORD-000473-1,SUP-0011,2026-05-10,2026-05-10,DELIVERED
SHP-000473-2,ORD-000473-2,SUP-0011,2026-05-04,2026-05-06,DELIVERED
SHP-000473-3,ORD-000473-3,SUP-0011,2026-05-20,2026-05-20,DELIVERED
SHP-000473-4,ORD-000473-4,SUP-0011,2026-05-02,2026-05-03,DELIVERED
SHP-000474-1,ORD-000474-1,SUP-0037,2026-06-06,2026-06-06,DELIVERED
SHP-000474-2,ORD-000474-2,SUP-0037,2026-06-23,2026-06-23,DELIVERED
SHP-000474-3,ORD-000474-3,SUP-0037,2026-06-19,2026-06-19,DELIVERED
SHP-000475-1,ORD-000475-1,SUP-0050,2026-04-14,2026-04-14,DELIVERED
SHP-000475-2,ORD-000475-2,SUP-0050,2026-04-22,2026-04-22,DELIVERED
SHP-000475-3,ORD-000475-3,SUP-0050,2026-04-26,2026-04-26,DELIVERED
SHP-000475-4,ORD-000475-4,SUP-0050,2026-04-29,2026-04-29,DELIVERED
SHP-000476-1,ORD-000476-1,SUP-0032,2026-02-14,2026-02-15,DELIVERED
SHP-000477-1,ORD-000477-1,SUP-0088,2026-03-27,2026-03-29,DELIVERED
SHP-000478-1,ORD-000478-1,SUP-0116,2026-06-11,2026-06-13,DELIVERED
SHP-000478-2,ORD-000478-2,SUP-0116,2026-06-08,2026-06-09,DELIVERED
SHP-000479-1,ORD-000479-1,SUP-0097,2026-03-02,2026-03-02,DELIVERED
SHP-000479-2,ORD-000479-2,SUP-0097,2026-02-04,2026-02-04,DELIVERED
SHP-000480-1,ORD-000480-1,SUP-0009,2026-05-29,2026-05-29,DELIVERED
SHP-000480-2,ORD-000480-2,SUP-0009,2026-06-10,2026-06-10,DELIVERED
SHP-000480-3,ORD-000480-3,SUP-0009,2026-06-04,2026-06-04,DELIVERED
SHP-000480-4,ORD-000480-4,SUP-0009,2026-06-06,2026-06-07,DELIVERED
SHP-000481-1,ORD-000481-1,SUP-0081,2026-08-27,2026-08-27,DELIVERED
SHP-000481-2,ORD-000481-2,SUP-0081,2026-08-30,2026-08-31,DELIVERED
SHP-000481-3,ORD-000481-3,SUP-0081,2026-08-26,2026-08-26,DELIVERED
SHP-000482-1,ORD-000482-1,SUP-0097,2026-07-19,2026-07-21,DELIVERED
SHP-000483-1,ORD-000483-1,SUP-0098,2026-09-18,2026-09-18,IN_TRANSIT
SHP-000483-2,ORD-000483-2,SUP-0098,2026-09-27,2026-09-27,IN_TRANSIT
SHP-000483-3,ORD-000483-3,SUP-0098,2026-09-08,2026-09-09,IN_TRANSIT
SHP-000483-4,ORD-000483-4,SUP-0098,2026-09-28,2026-09-28,IN_TRANSIT
SHP-000484-1,ORD-000484-1,SUP-0112,2026-07-26,2026-07-26,DELIVERED
SHP-000484-2,ORD-000484-2,SUP-0112,2026-07-26,2026-07-26,DELIVERED
SHP-000484-3,ORD-000484-3,SUP-0112,2026-07-13,2026-07-15,DELIVERED
SHP-000485-1,ORD-000485-1,SUP-0063,2026-08-14,2026-08-15,DELIVERED
SHP-000485-2,ORD-000485-2,SUP-0063,2026-08-05,2026-08-07,DELIVERED
SHP-000485-3,ORD-000485-3,SUP-0063,2026-08-08,2026-08-08,DELIVERED
SHP-000486-1,ORD-000486-1,SUP-0039,2026-03-08,2026-03-08,DELIVERED
SHP-000486-2,ORD-000486-2,SUP-0039,2026-03-15,2026-03-15,DELIVERED
SHP-000486-3,ORD-000486-3,SUP-0039,2026-03-02,2026-03-02,DELIVERED
SHP-000486-4,ORD-000486-4,SUP-0039,2026-03-17,2026-03-17,DELIVERED
SHP-000487-1,ORD-000487-1,SUP-0119,2026-02-21,2026-02-22,DELIVERED
SHP-000487-2,ORD-000487-2,SUP-0119,2026-02-17,2026-02-17,DELIVERED
SHP-000488-1,ORD-000488-1,SUP-0015,2026-02-10,2026-02-11,DELIVERED
SHP-000488-2,ORD-000488-2,SUP-0015,2026-02-09,2026-02-11,DELIVERED
SHP-000489-1,ORD-000489-1,SUP-0069,2026-09-07,2026-09-09,IN_TRANSIT
SHP-000489-2,ORD-000489-2,SUP-0069,2026-09-02,2026-09-02,IN_TRANSIT
SHP-000489-3,ORD-000489-3,SUP-0069,2026-08-24,2026-08-24,DELIVERED
SHP-000490-1,ORD-000490-1,SUP-0108,2026-05-27,2026-05-27,DELIVERED
SHP-000490-2,ORD-000490-2,SUP-0108,2026-06-14,2026-06-16,DELIVERED
SHP-000490-3,ORD-000490-3,SUP-0108,2026-05-31,2026-06-01,DELIVERED
SHP-000491-1,ORD-000491-1,SUP-0008,2026-03-11,2026-03-12,DELIVERED
SHP-000491-2,ORD-000491-2,SUP-0008,2026-03-09,2026-03-10,DELIVERED
SHP-000492-1,ORD-000492-1,SUP-0044,2026-07-29,2026-07-29,DELIVERED
SHP-000492-2,ORD-000492-2,SUP-0044,2026-07-16,2026-07-16,DELIVERED
SHP-000492-3,ORD-000492-3,SUP-0044,2026-07-03,2026-07-03,DELIVERED
SHP-000492-4,ORD-000492-4,SUP-0044,2026-07-11,2026-07-12,DELIVERED
SHP-000493-1,ORD-000493-1,SUP-0090,2026-04-18,2026-04-20,DELIVERED
SHP-000493-2,ORD-000493-2,SUP-0090,2026-04-06,2026-04-06,DELIVERED
SHP-000494-1,ORD-000494-1,SUP-0119,2026-02-21,2026-02-21,DELIVERED
SHP-000494-2,ORD-000494-2,SUP-0119,2026-03-02,2026-03-03,DELIVERED
SHP-000495-1,ORD-000495-1,SUP-0032,2026-03-10,2026-03-10,DELIVERED
SHP-000495-2,ORD-000495-2,SUP-0032,2026-03-06,2026-03-07,DELIVERED
SHP-000495-3,ORD-000495-3,SUP-0032,2026-02-15,2026-02-15,DELIVERED
SHP-000496-1,ORD-000496-1,SUP-0016,2026-07-13,2026-07-13,DELIVERED
SHP-000496-2,ORD-000496-2,SUP-0016,2026-07-15,2026-07-16,DELIVERED
SHP-000497-1,ORD-000497-1,SUP-0039,2026-02-19,2026-02-21,DELIVERED
SHP-000497-2,ORD-000497-2,SUP-0039,2026-02-27,2026-03-01,DELIVERED
SHP-000497-3,ORD-000497-3,SUP-0039,2026-03-05,2026-03-05,DELIVERED
SHP-000497-4,ORD-000497-4,SUP-0039,2026-02-21,2026-02-22,DELIVERED
SHP-000498-1,ORD-000498-1,SUP-0103,2026-02-11,2026-02-11,DELIVERED
SHP-000498-2,ORD-000498-2,SUP-0103,2026-03-05,2026-03-05,DELIVERED
SHP-000499-1,ORD-000499-1,SUP-0055,2026-03-30,2026-03-30,DELIVERED
SHP-000499-2,ORD-000499-2,SUP-0055,2026-04-11,2026-04-11,DELIVERED
SHP-000499-3,ORD-000499-3,SUP-0055,2026-03-19,2026-03-19,DELIVERED
SHP-000499-4,ORD-000499-4,SUP-0055,2026-04-01,2026-04-01,DELIVERED
SHP-000500-1,ORD-000500-1,SUP-0076,2026-04-09,2026-04-09,DELIVERED
SHP-000501-1,ORD-000501-1,SUP-0052,2026-02-26,2026-02-26,DELIVERED
SHP-000501-2,ORD-000501-2,SUP-0052,2026-02-26,2026-02-28,DELIVERED
SHP-000502-1,ORD-000502-1,SUP-0078,2026-05-08,2026-05-08,DELIVERED
SHP-000502-2,ORD-000502-2,SUP-0078,2026-05-02,2026-05-04,DELIVERED
SHP-000502-3,ORD-000502-3,SUP-0078,2026-05-21,2026-05-21,DELIVERED
SHP-000502-4,ORD-000502-4,SUP-0078,2026-05-04,2026-05-04,DELIVERED
SHP-000503-1,ORD-000503-1,SUP-0036,2026-02-19,2026-02-19,DELIVERED
SHP-000503-2,ORD-000503-2,SUP-0036,2026-02-27,2026-02-27,DELIVERED
SHP-000503-3,ORD-000503-3,SUP-0036,2026-02-19,2026-02-21,DELIVERED
SHP-000503-4,ORD-000503-4,SUP-0036,2026-02-13,2026-02-14,DELIVERED
SHP-000504-1,ORD-000504-1,SUP-0024,2026-08-11,2026-08-13,DELIVERED
SHP-000504-2,ORD-000504-2,SUP-0024,2026-08-16,2026-08-18,DELIVERED
SHP-000504-3,ORD-000504-3,SUP-0024,2026-08-28,2026-08-28,DELIVERED
SHP-000504-4,ORD-000504-4,SUP-0024,2026-08-17,2026-08-18,DELIVERED
SHP-000505-1,ORD-000505-1,SUP-0046,2026-06-02,2026-06-02,DELIVERED
SHP-000505-2,ORD-000505-2,SUP-0046,2026-06-09,2026-06-09,DELIVERED
SHP-000506-1,ORD-000506-1,SUP-0012,2026-06-27,2026-06-27,DELIVERED
SHP-000506-2,ORD-000506-2,SUP-0012,2026-07-02,2026-07-04,DELIVERED
SHP-000506-3,ORD-000506-3,SUP-0012,2026-06-24,2026-06-24,DELIVERED
SHP-000506-4,ORD-000506-4,SUP-0012,2026-06-27,2026-06-27,DELIVERED
SHP-000507-1,ORD-000507-1,SUP-0032,2026-06-18,2026-06-20,DELIVERED
SHP-000507-2,ORD-000507-2,SUP-0032,2026-07-02,2026-07-03,DELIVERED
SHP-000508-1,ORD-000508-1,SUP-0022,2026-02-18,2026-02-18,DELIVERED
SHP-000509-1,ORD-000509-1,SUP-0028,2026-08-07,2026-08-08,DELIVERED
SHP-000509-2,ORD-000509-2,SUP-0028,2026-08-03,2026-08-04,DELIVERED
SHP-000510-1,ORD-000510-1,SUP-0043,2026-04-17,2026-04-18,DELIVERED
SHP-000510-2,ORD-000510-2,SUP-0043,2026-05-01,2026-05-03,DELIVERED
SHP-000511-1,ORD-000511-1,SUP-0116,2026-05-10,2026-05-11,DELIVERED
SHP-000512-1,ORD-000512-1,SUP-0048,2026-04-17,2026-04-17,DELIVERED
SHP-000512-2,ORD-000512-2,SUP-0048,2026-04-27,2026-04-27,DELIVERED
SHP-000512-3,ORD-000512-3,SUP-0048,2026-04-13,2026-04-13,DELIVERED
SHP-000513-1,ORD-000513-1,SUP-0051,2026-08-17,2026-08-17,DELIVERED
SHP-000513-2,ORD-000513-2,SUP-0051,2026-08-04,2026-08-05,DELIVERED
SHP-000514-1,ORD-000514-1,SUP-0103,2026-04-03,2026-04-03,DELIVERED
SHP-000514-2,ORD-000514-2,SUP-0103,2026-04-03,2026-04-03,DELIVERED
SHP-000514-3,ORD-000514-3,SUP-0103,2026-04-20,2026-04-20,DELIVERED
SHP-000514-4,ORD-000514-4,SUP-0103,2026-04-16,2026-04-17,DELIVERED
SHP-000515-1,ORD-000515-1,SUP-0011,2026-03-23,2026-03-23,DELIVERED
SHP-000515-2,ORD-000515-2,SUP-0011,2026-04-06,2026-04-06,DELIVERED
SHP-000516-1,ORD-000516-1,SUP-0090,2026-02-27,2026-02-27,DELIVERED
SHP-000516-2,ORD-000516-2,SUP-0090,2026-02-28,2026-03-02,DELIVERED
SHP-000517-1,ORD-000517-1,SUP-0026,2026-09-06,2026-09-07,IN_TRANSIT
SHP-000517-2,ORD-000517-2,SUP-0026,2026-09-06,2026-09-06,IN_TRANSIT
SHP-000517-3,ORD-000517-3,SUP-0026,2026-09-01,2026-09-01,DELIVERED
SHP-000518-1,ORD-000518-1,SUP-0045,2026-04-02,2026-04-02,DELIVERED
SHP-000518-2,ORD-000518-2,SUP-0045,2026-03-23,2026-03-25,DELIVERED
SHP-000519-1,ORD-000519-1,SUP-0013,2026-03-04,2026-03-04,DELIVERED
SHP-000519-2,ORD-000519-2,SUP-0013,2026-03-17,2026-03-17,DELIVERED
SHP-000519-3,ORD-000519-3,SUP-0013,2026-03-25,2026-03-25,DELIVERED
SHP-000520-1,ORD-000520-1,SUP-0027,2026-02-21,2026-02-22,DELIVERED
SHP-000521-1,ORD-000521-1,SUP-0119,2026-02-26,2026-02-26,DELIVERED
SHP-000521-2,ORD-000521-2,SUP-0119,2026-02-09,2026-02-11,DELIVERED
SHP-000521-3,ORD-000521-3,SUP-0119,2026-02-14,2026-02-14,DELIVERED
SHP-000522-1,ORD-000522-1,SUP-0117,2026-02-05,2026-02-05,DELIVERED
SHP-000523-1,ORD-000523-1,SUP-0073,2026-08-20,2026-08-22,DELIVERED
SHP-000523-2,ORD-000523-2,SUP-0073,2026-08-24,2026-08-24,DELIVERED
SHP-000523-3,ORD-000523-3,SUP-0073,2026-08-07,2026-08-09,DELIVERED
SHP-000523-4,ORD-000523-4,SUP-0073,2026-08-16,2026-08-18,DELIVERED
SHP-000524-1,ORD-000524-1,SUP-0091,2026-04-10,2026-04-10,DELIVERED
SHP-000524-2,ORD-000524-2,SUP-0091,2026-04-04,2026-04-04,DELIVERED
SHP-000524-3,ORD-000524-3,SUP-0091,2026-03-31,2026-03-31,DELIVERED
SHP-000525-1,ORD-000525-1,SUP-0106,2026-06-06,2026-06-06,DELIVERED
SHP-000525-2,ORD-000525-2,SUP-0106,2026-05-31,2026-05-31,DELIVERED
SHP-000525-3,ORD-000525-3,SUP-0106,2026-06-03,2026-06-03,DELIVERED
SHP-000526-1,ORD-000526-1,SUP-0003,2026-07-28,2026-07-28,DELIVERED
SHP-000526-2,ORD-000526-2,SUP-0003,2026-08-04,2026-08-05,DELIVERED
SHP-000526-3,ORD-000526-3,SUP-0003,2026-08-05,2026-08-06,DELIVERED
SHP-000527-1,ORD-000527-1,SUP-0048,2026-09-08,2026-09-10,IN_TRANSIT
SHP-000527-2,ORD-000527-2,SUP-0048,2026-09-02,2026-09-02,IN_TRANSIT
SHP-000528-1,ORD-000528-1,SUP-0021,2026-08-14,2026-08-15,DELIVERED
SHP-000529-1,ORD-000529-1,SUP-0117,2026-02-23,2026-02-23,DELIVERED
SHP-000530-1,ORD-000530-1,SUP-0015,2026-07-29,2026-07-31,DELIVERED
SHP-000530-2,ORD-000530-2,SUP-0015,2026-08-08,2026-08-08,DELIVERED
SHP-000531-1,ORD-000531-1,SUP-0110,2026-03-08,2026-03-08,DELIVERED
SHP-000531-2,ORD-000531-2,SUP-0110,2026-03-03,2026-03-03,DELIVERED
SHP-000532-1,ORD-000532-1,SUP-0106,2026-02-05,2026-02-05,DELIVERED
SHP-000532-2,ORD-000532-2,SUP-0106,2026-02-20,2026-02-20,DELIVERED
SHP-000532-3,ORD-000532-3,SUP-0106,2026-02-21,2026-02-21,DELIVERED
SHP-000532-4,ORD-000532-4,SUP-0106,2026-02-13,2026-02-13,DELIVERED
SHP-000533-1,ORD-000533-1,SUP-0010,2026-03-01,2026-03-03,DELIVERED
SHP-000534-1,ORD-000534-1,SUP-0043,2026-03-07,2026-03-07,DELIVERED
SHP-000534-2,ORD-000534-2,SUP-0043,2026-03-24,2026-03-24,DELIVERED
SHP-000534-3,ORD-000534-3,SUP-0043,2026-03-05,2026-03-05,DELIVERED
SHP-000535-1,ORD-000535-1,SUP-0050,2026-07-16,2026-07-16,DELIVERED
SHP-000536-1,ORD-000536-1,SUP-0042,2026-03-24,2026-03-25,DELIVERED
SHP-000536-2,ORD-000536-2,SUP-0042,2026-03-24,2026-03-24,DELIVERED
SHP-000536-3,ORD-000536-3,SUP-0042,2026-03-16,2026-03-18,DELIVERED
SHP-000537-1,ORD-000537-1,SUP-0069,2026-06-12,2026-06-12,DELIVERED
SHP-000537-2,ORD-000537-2,SUP-0069,2026-05-25,2026-05-25,DELIVERED
SHP-000537-3,ORD-000537-3,SUP-0069,2026-06-08,2026-06-08,DELIVERED
SHP-000537-4,ORD-000537-4,SUP-0069,2026-06-05,2026-06-05,DELIVERED
SHP-000538-1,ORD-000538-1,SUP-0038,2026-03-11,2026-03-11,DELIVERED
SHP-000538-2,ORD-000538-2,SUP-0038,2026-03-09,2026-03-09,DELIVERED
SHP-000539-1,ORD-000539-1,SUP-0090,2026-04-24,2026-04-24,DELIVERED
SHP-000540-1,ORD-000540-1,SUP-0019,2026-04-05,2026-04-07,DELIVERED
SHP-000540-2,ORD-000540-2,SUP-0019,2026-04-07,2026-04-07,DELIVERED
SHP-000541-1,ORD-000541-1,SUP-0057,2026-04-05,2026-04-05,DELIVERED
SHP-000542-1,ORD-000542-1,SUP-0051,2026-07-23,2026-07-23,DELIVERED
SHP-000542-2,ORD-000542-2,SUP-0051,2026-07-17,2026-07-17,DELIVERED
SHP-000542-3,ORD-000542-3,SUP-0051,2026-07-11,2026-07-12,DELIVERED
SHP-000543-1,ORD-000543-1,SUP-0024,2026-08-20,2026-08-20,DELIVERED
SHP-000543-2,ORD-000543-2,SUP-0024,2026-08-18,2026-08-18,DELIVERED
SHP-000543-3,ORD-000543-3,SUP-0024,2026-08-25,2026-08-25,DELIVERED
SHP-000544-1,ORD-000544-1,SUP-0004,2026-03-30,2026-04-01,DELIVERED
SHP-000545-1,ORD-000545-1,SUP-0026,2026-03-12,2026-03-12,DELIVERED
SHP-000545-2,ORD-000545-2,SUP-0026,2026-03-22,2026-03-24,DELIVERED
SHP-000545-3,ORD-000545-3,SUP-0026,2026-04-05,2026-04-05,DELIVERED
SHP-000545-4,ORD-000545-4,SUP-0026,2026-03-25,2026-03-27,DELIVERED
SHP-000546-1,ORD-000546-1,SUP-0013,2026-01-28,2026-01-28,DELIVERED
SHP-000546-2,ORD-000546-2,SUP-0013,2026-02-13,2026-02-13,DELIVERED
SHP-000546-3,ORD-000546-3,SUP-0013,2026-02-08,2026-02-08,DELIVERED
SHP-000546-4,ORD-000546-4,SUP-0013,2026-01-26,2026-01-26,DELIVERED
SHP-000547-1,ORD-000547-1,SUP-0038,2026-07-02,2026-07-04,DELIVERED
SHP-000548-1,ORD-000548-1,SUP-0078,2026-03-05,2026-03-05,DELIVERED
SHP-000549-1,ORD-000549-1,SUP-0064,2026-05-16,2026-05-16,DELIVERED
SHP-000549-2,ORD-000549-2,SUP-0064,2026-05-27,2026-05-28,DELIVERED
SHP-000550-1,ORD-000550-1,SUP-0034,2026-03-26,2026-03-26,DELIVERED
SHP-000550-2,ORD-000550-2,SUP-0034,2026-04-03,2026-04-03,DELIVERED
SHP-000551-1,ORD-000551-1,SUP-0066,2026-05-10,2026-05-10,DELIVERED
SHP-000551-2,ORD-000551-2,SUP-0066,2026-04-24,2026-04-24,DELIVERED
SHP-000551-3,ORD-000551-3,SUP-0066,2026-05-01,2026-05-01,DELIVERED
SHP-000551-4,ORD-000551-4,SUP-0066,2026-05-07,2026-05-07,DELIVERED
SHP-000552-1,ORD-000552-1,SUP-0045,2026-05-20,2026-05-21,DELIVERED
SHP-000553-1,ORD-000553-1,SUP-0026,2026-04-13,2026-04-14,DELIVERED
SHP-000553-2,ORD-000553-2,SUP-0026,2026-04-06,2026-04-06,DELIVERED
SHP-000553-3,ORD-000553-3,SUP-0026,2026-04-19,2026-04-19,DELIVERED
SHP-000553-4,ORD-000553-4,SUP-0026,2026-04-13,2026-04-13,DELIVERED
SHP-000554-1,ORD-000554-1,SUP-0028,2026-08-04,2026-08-04,DELIVERED
SHP-000554-2,ORD-000554-2,SUP-0028,2026-08-03,2026-08-04,DELIVERED
SHP-000554-3,ORD-000554-3,SUP-0028,2026-08-01,2026-08-01,DELIVERED
SHP-000555-1,ORD-000555-1,SUP-0012,2026-04-23,2026-04-24,DELIVERED
SHP-000555-2,ORD-000555-2,SUP-0012,2026-04-24,2026-04-26,DELIVERED
SHP-000556-1,ORD-000556-1,SUP-0050,2026-07-01,2026-07-01,DELIVERED
SHP-000557-1,ORD-000557-1,SUP-0002,2026-09-07,2026-09-09,IN_TRANSIT
SHP-000557-2,ORD-000557-2,SUP-0002,2026-09-14,2026-09-15,IN_TRANSIT
SHP-000557-3,ORD-000557-3,SUP-0002,2026-09-10,2026-09-10,IN_TRANSIT
SHP-000557-4,ORD-000557-4,SUP-0002,2026-09-12,2026-09-12,IN_TRANSIT
SHP-000558-1,ORD-000558-1,SUP-0045,2026-03-11,2026-03-13,DELIVERED
SHP-000558-2,ORD-000558-2,SUP-0045,2026-03-11,2026-03-12,DELIVERED
SHP-000558-3,ORD-000558-3,SUP-0045,2026-03-15,2026-03-17,DELIVERED
SHP-000559-1,ORD-000559-1,SUP-0098,2026-03-02,2026-03-02,DELIVERED
SHP-000559-2,ORD-000559-2,SUP-0098,2026-02-23,2026-02-24,DELIVERED
SHP-000559-3,ORD-000559-3,SUP-0098,2026-02-18,2026-02-18,DELIVERED
SHP-000559-4,ORD-000559-4,SUP-0098,2026-02-10,2026-02-11,DELIVERED
SHP-000560-1,ORD-000560-1,SUP-0096,2026-07-09,2026-07-11,DELIVERED
SHP-000560-2,ORD-000560-2,SUP-0096,2026-07-10,2026-07-10,DELIVERED
SHP-000560-3,ORD-000560-3,SUP-0096,2026-07-14,2026-07-15,DELIVERED
SHP-000561-1,ORD-000561-1,SUP-0001,2026-08-19,2026-08-19,DELIVERED
SHP-000561-2,ORD-000561-2,SUP-0001,2026-07-27,2026-07-27,DELIVERED
SHP-000561-3,ORD-000561-3,SUP-0001,2026-08-21,2026-08-23,DELIVERED
SHP-000562-1,ORD-000562-1,SUP-0041,2026-03-19,2026-03-20,DELIVERED
SHP-000562-2,ORD-000562-2,SUP-0041,2026-03-12,2026-03-13,DELIVERED
SHP-000563-1,ORD-000563-1,SUP-0094,2026-05-10,2026-05-10,DELIVERED
SHP-000563-2,ORD-000563-2,SUP-0094,2026-05-18,2026-05-18,DELIVERED
SHP-000563-3,ORD-000563-3,SUP-0094,2026-04-28,2026-04-28,DELIVERED
SHP-000563-4,ORD-000563-4,SUP-0094,2026-05-01,2026-05-01,DELIVERED
SHP-000564-1,ORD-000564-1,SUP-0080,2026-06-20,2026-06-20,DELIVERED
SHP-000564-2,ORD-000564-2,SUP-0080,2026-06-14,2026-06-15,DELIVERED
SHP-000564-3,ORD-000564-3,SUP-0080,2026-06-09,2026-06-09,DELIVERED
SHP-000564-4,ORD-000564-4,SUP-0080,2026-06-16,2026-06-16,DELIVERED
SHP-000565-1,ORD-000565-1,SUP-0059,2026-02-16,2026-02-16,DELIVERED
SHP-000565-2,ORD-000565-2,SUP-0059,2026-02-10,2026-02-11,DELIVERED
SHP-000566-1,ORD-000566-1,SUP-0010,2026-06-27,2026-06-27,DELIVERED
SHP-000566-2,ORD-000566-2,SUP-0010,2026-07-07,2026-07-09,DELIVERED
SHP-000566-3,ORD-000566-3,SUP-0010,2026-06-28,2026-06-29,DELIVERED
SHP-000566-4,ORD-000566-4,SUP-0010,2026-07-12,2026-07-12,DELIVERED
SHP-000567-1,ORD-000567-1,SUP-0119,2026-03-07,2026-03-07,DELIVERED
SHP-000567-2,ORD-000567-2,SUP-0119,2026-03-05,2026-03-05,DELIVERED
SHP-000568-1,ORD-000568-1,SUP-0035,2026-06-11,2026-06-12,DELIVERED
SHP-000568-2,ORD-000568-2,SUP-0035,2026-05-25,2026-05-25,DELIVERED
SHP-000568-3,ORD-000568-3,SUP-0035,2026-05-17,2026-05-19,DELIVERED
SHP-000569-1,ORD-000569-1,SUP-0102,2026-03-21,2026-03-21,DELIVERED
SHP-000569-2,ORD-000569-2,SUP-0102,2026-03-08,2026-03-09,DELIVERED
SHP-000569-3,ORD-000569-3,SUP-0102,2026-03-14,2026-03-14,DELIVERED
SHP-000569-4,ORD-000569-4,SUP-0102,2026-03-14,2026-03-14,DELIVERED
SHP-000570-1,ORD-000570-1,SUP-0076,2026-04-03,2026-04-04,DELIVERED
SHP-000570-2,ORD-000570-2,SUP-0076,2026-03-28,2026-03-28,DELIVERED
SHP-000570-3,ORD-000570-3,SUP-0076,2026-04-07,2026-04-07,DELIVERED
SHP-000570-4,ORD-000570-4,SUP-0076,2026-04-16,2026-04-16,DELIVERED
SHP-000571-1,ORD-000571-1,SUP-0092,2026-03-20,2026-03-22,DELIVERED
SHP-000571-2,ORD-000571-2,SUP-0092,2026-03-23,2026-03-23,DELIVERED
SHP-000572-1,ORD-000572-1,SUP-0092,2026-06-14,2026-06-14,DELIVERED
SHP-000572-2,ORD-000572-2,SUP-0092,2026-06-18,2026-06-19,DELIVERED
SHP-000572-3,ORD-000572-3,SUP-0092,2026-06-09,2026-06-11,DELIVERED
SHP-000572-4,ORD-000572-4,SUP-0092,2026-06-26,2026-06-26,DELIVERED
SHP-000573-1,ORD-000573-1,SUP-0037,2026-06-26,2026-06-28,DELIVERED
SHP-000573-2,ORD-000573-2,SUP-0037,2026-07-19,2026-07-19,DELIVERED
SHP-000573-3,ORD-000573-3,SUP-0037,2026-07-05,2026-07-05,DELIVERED
SHP-000573-4,ORD-000573-4,SUP-0037,2026-07-07,2026-07-07,DELIVERED
SHP-000574-1,ORD-000574-1,SUP-0072,2026-06-01,2026-06-03,DELIVERED
SHP-000574-2,ORD-000574-2,SUP-0072,2026-05-16,2026-05-16,DELIVERED
SHP-000574-3,ORD-000574-3,SUP-0072,2026-06-07,2026-06-08,DELIVERED
SHP-000575-1,ORD-000575-1,SUP-0029,2026-02-02,2026-02-02,DELIVERED
SHP-000576-1,ORD-000576-1,SUP-0039,2026-04-01,2026-04-01,DELIVERED
SHP-000576-2,ORD-000576-2,SUP-0039,2026-04-05,2026-04-06,DELIVERED
SHP-000576-3,ORD-000576-3,SUP-0039,2026-04-11,2026-04-13,DELIVERED
SHP-000577-1,ORD-000577-1,SUP-0031,2026-07-11,2026-07-11,DELIVERED
SHP-000577-2,ORD-000577-2,SUP-0031,2026-07-04,2026-07-04,DELIVERED
SHP-000577-3,ORD-000577-3,SUP-0031,2026-06-28,2026-06-28,DELIVERED
SHP-000578-1,ORD-000578-1,SUP-0002,2026-05-26,2026-05-28,DELIVERED
SHP-000578-2,ORD-000578-2,SUP-0002,2026-06-06,2026-06-07,DELIVERED
SHP-000578-3,ORD-000578-3,SUP-0002,2026-05-20,2026-05-20,DELIVERED
SHP-000578-4,ORD-000578-4,SUP-0002,2026-05-24,2026-05-26,DELIVERED
SHP-000579-1,ORD-000579-1,SUP-0066,2026-08-19,2026-08-19,DELIVERED
SHP-000579-2,ORD-000579-2,SUP-0066,2026-08-20,2026-08-20,DELIVERED
SHP-000579-3,ORD-000579-3,SUP-0066,2026-08-03,2026-08-03,DELIVERED
SHP-000580-1,ORD-000580-1,SUP-0004,2026-07-10,2026-07-10,DELIVERED
SHP-000580-2,ORD-000580-2,SUP-0004,2026-07-11,2026-07-13,DELIVERED
SHP-000580-3,ORD-000580-3,SUP-0004,2026-07-09,2026-07-09,DELIVERED
SHP-000581-1,ORD-000581-1,SUP-0013,2026-07-02,2026-07-04,DELIVERED
SHP-000581-2,ORD-000581-2,SUP-0013,2026-07-10,2026-07-10,DELIVERED
SHP-000582-1,ORD-000582-1,SUP-0088,2026-07-11,2026-07-11,DELIVERED
SHP-000582-2,ORD-000582-2,SUP-0088,2026-06-28,2026-06-28,DELIVERED
SHP-000583-1,ORD-000583-1,SUP-0029,2026-05-01,2026-05-01,DELIVERED
SHP-000583-2,ORD-000583-2,SUP-0029,2026-05-07,2026-05-07,DELIVERED
SHP-000583-3,ORD-000583-3,SUP-0029,2026-05-11,2026-05-13,DELIVERED
SHP-000584-1,ORD-000584-1,SUP-0062,2026-08-24,2026-08-24,DELIVERED
SHP-000584-2,ORD-000584-2,SUP-0062,2026-09-11,2026-09-12,IN_TRANSIT
SHP-000585-1,ORD-000585-1,SUP-0055,2026-01-26,2026-01-27,DELIVERED
SHP-000586-1,ORD-000586-1,SUP-0075,2026-06-03,2026-06-03,DELIVERED
SHP-000587-1,ORD-000587-1,SUP-0107,2026-06-06,2026-06-07,DELIVERED
SHP-000588-1,ORD-000588-1,SUP-0095,2026-06-12,2026-06-12,DELIVERED
SHP-000588-2,ORD-000588-2,SUP-0095,2026-06-09,2026-06-11,DELIVERED
SHP-000588-3,ORD-000588-3,SUP-0095,2026-06-19,2026-06-19,DELIVERED
SHP-000589-1,ORD-000589-1,SUP-0085,2026-04-20,2026-04-21,DELIVERED
SHP-000589-2,ORD-000589-2,SUP-0085,2026-05-09,2026-05-11,DELIVERED
SHP-000589-3,ORD-000589-3,SUP-0085,2026-05-07,2026-05-07,DELIVERED
SHP-000589-4,ORD-000589-4,SUP-0085,2026-04-27,2026-04-27,DELIVERED
SHP-000590-1,ORD-000590-1,SUP-0040,2026-02-04,2026-02-04,DELIVERED
SHP-000591-1,ORD-000591-1,SUP-0015,2026-06-03,2026-06-05,DELIVERED
SHP-000591-2,ORD-000591-2,SUP-0015,2026-06-07,2026-06-07,DELIVERED
SHP-000591-3,ORD-000591-3,SUP-0015,2026-05-30,2026-05-30,DELIVERED
SHP-000591-4,ORD-000591-4,SUP-0015,2026-05-21,2026-05-21,DELIVERED
SHP-000592-1,ORD-000592-1,SUP-0063,2026-01-22,2026-01-24,DELIVERED
SHP-000593-1,ORD-000593-1,SUP-0086,2026-02-12,2026-02-12,DELIVERED
SHP-000593-2,ORD-000593-2,SUP-0086,2026-02-27,2026-02-28,DELIVERED
SHP-000594-1,ORD-000594-1,SUP-0055,2026-09-23,2026-09-24,IN_TRANSIT
SHP-000594-2,ORD-000594-2,SUP-0055,2026-09-10,2026-09-10,IN_TRANSIT
SHP-000594-3,ORD-000594-3,SUP-0055,2026-09-17,2026-09-17,IN_TRANSIT
SHP-000595-1,ORD-000595-1,SUP-0039,2026-02-08,2026-02-10,DELIVERED
SHP-000595-2,ORD-000595-2,SUP-0039,2026-02-26,2026-02-26,DELIVERED
SHP-000596-1,ORD-000596-1,SUP-0060,2026-04-29,2026-04-29,DELIVERED
SHP-000596-2,ORD-000596-2,SUP-0060,2026-05-24,2026-05-26,DELIVERED
SHP-000596-3,ORD-000596-3,SUP-0060,2026-05-20,2026-05-20,DELIVERED
SHP-000596-4,ORD-000596-4,SUP-0060,2026-05-09,2026-05-09,DELIVERED
SHP-000597-1,ORD-000597-1,SUP-0060,2026-09-08,2026-09-08,IN_TRANSIT
SHP-000597-2,ORD-000597-2,SUP-0060,2026-08-15,2026-08-15,DELIVERED
SHP-000597-3,ORD-000597-3,SUP-0060,2026-09-04,2026-09-04,IN_TRANSIT
SHP-000598-1,ORD-000598-1,SUP-0072,2026-03-08,2026-03-10,DELIVERED
SHP-000598-2,ORD-000598-2,SUP-0072,2026-02-14,2026-02-14,DELIVERED
SHP-000598-3,ORD-000598-3,SUP-0072,2026-02-23,2026-02-23,DELIVERED
SHP-000599-1,ORD-000599-1,SUP-0027,2026-05-24,2026-05-25,DELIVERED
SHP-000599-2,ORD-000599-2,SUP-0027,2026-06-02,2026-06-02,DELIVERED
SHP-000599-3,ORD-000599-3,SUP-0027,2026-05-31,2026-05-31,DELIVERED
SHP-000599-4,ORD-000599-4,SUP-0027,2026-05-23,2026-05-23,DELIVERED
SHP-000600-1,ORD-000600-1,SUP-0022,2026-06-08,2026-06-08,DELIVERED
SHP-000601-1,ORD-000601-1,SUP-0051,2026-07-20,2026-07-21,DELIVERED
SHP-000601-2,ORD-000601-2,SUP-0051,2026-07-24,2026-07-24,DELIVERED
SHP-000601-3,ORD-000601-3,SUP-0051,2026-07-16,2026-07-16,DELIVERED
SHP-000601-4,ORD-000601-4,SUP-0051,2026-07-12,2026-07-12,DELIVERED
SHP-000602-1,ORD-000602-1,SUP-0046,2026-04-29,2026-05-01,DELIVERED
SHP-000603-1,ORD-000603-1,SUP-0044,2026-07-22,2026-07-23,DELIVERED
SHP-000603-2,ORD-000603-2,SUP-0044,2026-08-06,2026-08-06,DELIVERED
SHP-000603-3,ORD-000603-3,SUP-0044,2026-08-10,2026-08-10,DELIVERED
SHP-000604-1,ORD-000604-1,SUP-0076,2026-06-13,2026-06-13,DELIVERED
SHP-000605-1,ORD-000605-1,SUP-0086,2026-05-23,2026-05-24,DELIVERED
SHP-000605-2,ORD-000605-2,SUP-0086,2026-06-09,2026-06-09,DELIVERED
SHP-000605-3,ORD-000605-3,SUP-0086,2026-05-30,2026-05-30,DELIVERED
SHP-000606-1,ORD-000606-1,SUP-0078,2026-09-24,2026-09-24,IN_TRANSIT
SHP-000606-2,ORD-000606-2,SUP-0078,2026-09-18,2026-09-18,IN_TRANSIT
SHP-000606-3,ORD-000606-3,SUP-0078,2026-09-17,2026-09-19,IN_TRANSIT
SHP-000606-4,ORD-000606-4,SUP-0078,2026-09-04,2026-09-04,IN_TRANSIT
SHP-000607-1,ORD-000607-1,SUP-0027,2026-08-14,2026-08-16,DELIVERED
SHP-000607-2,ORD-000607-2,SUP-0027,2026-08-28,2026-08-29,DELIVERED
SHP-000607-3,ORD-000607-3,SUP-0027,2026-08-30,2026-09-01,DELIVERED
SHP-000608-1,ORD-000608-1,SUP-0110,2026-08-18,2026-08-18,DELIVERED
SHP-000608-2,ORD-000608-2,SUP-0110,2026-08-09,2026-08-09,DELIVERED
SHP-000608-3,ORD-000608-3,SUP-0110,2026-08-17,2026-08-17,DELIVERED
SHP-000608-4,ORD-000608-4,SUP-0110,2026-08-07,2026-08-07,DELIVERED
SHP-000609-1,ORD-000609-1,SUP-0037,2026-06-21,2026-06-21,DELIVERED
SHP-000609-2,ORD-000609-2,SUP-0037,2026-06-22,2026-06-22,DELIVERED
SHP-000609-3,ORD-000609-3,SUP-0037,2026-06-01,2026-06-01,DELIVERED
SHP-000610-1,ORD-000610-1,SUP-0043,2026-03-05,2026-03-07,DELIVERED
SHP-000611-1,ORD-000611-1,SUP-0090,2026-04-22,2026-04-22,DELIVERED
SHP-000612-1,ORD-000612-1,SUP-0014,2026-05-22,2026-05-22,DELIVERED
SHP-000612-2,ORD-000612-2,SUP-0014,2026-06-03,2026-06-04,DELIVERED
SHP-000612-3,ORD-000612-3,SUP-0014,2026-06-09,2026-06-09,DELIVERED
SHP-000612-4,ORD-000612-4,SUP-0014,2026-06-03,2026-06-04,DELIVERED
SHP-000613-1,ORD-000613-1,SUP-0071,2026-02-10,2026-02-10,DELIVERED
SHP-000613-2,ORD-000613-2,SUP-0071,2026-02-09,2026-02-09,DELIVERED
SHP-000613-3,ORD-000613-3,SUP-0071,2026-03-07,2026-03-07,DELIVERED
SHP-000614-1,ORD-000614-1,SUP-0105,2026-02-11,2026-02-13,DELIVERED
SHP-000614-2,ORD-000614-2,SUP-0105,2026-02-10,2026-02-12,DELIVERED
SHP-000615-1,ORD-000615-1,SUP-0051,2026-07-21,2026-07-21,DELIVERED
SHP-000616-1,ORD-000616-1,SUP-0115,2026-05-19,2026-05-19,DELIVERED
SHP-000616-2,ORD-000616-2,SUP-0115,2026-05-20,2026-05-21,DELIVERED
SHP-000616-3,ORD-000616-3,SUP-0115,2026-05-12,2026-05-12,DELIVERED
SHP-000617-1,ORD-000617-1,SUP-0117,2026-08-30,2026-08-30,DELIVERED
SHP-000617-2,ORD-000617-2,SUP-0117,2026-08-31,2026-09-01,DELIVERED
SHP-000617-3,ORD-000617-3,SUP-0117,2026-08-13,2026-08-13,DELIVERED
SHP-000618-1,ORD-000618-1,SUP-0036,2026-03-29,2026-03-30,DELIVERED
SHP-000619-1,ORD-000619-1,SUP-0050,2026-01-30,2026-01-30,DELIVERED
SHP-000619-2,ORD-000619-2,SUP-0050,2026-02-07,2026-02-07,DELIVERED
SHP-000620-1,ORD-000620-1,SUP-0119,2026-08-31,2026-08-31,DELIVERED
SHP-000621-1,ORD-000621-1,SUP-0104,2026-06-16,2026-06-17,DELIVERED
SHP-000621-2,ORD-000621-2,SUP-0104,2026-06-09,2026-06-09,DELIVERED
SHP-000621-3,ORD-000621-3,SUP-0104,2026-06-08,2026-06-08,DELIVERED
SHP-000621-4,ORD-000621-4,SUP-0104,2026-06-26,2026-06-26,DELIVERED
SHP-000622-1,ORD-000622-1,SUP-0047,2026-07-04,2026-07-05,DELIVERED
SHP-000623-1,ORD-000623-1,SUP-0060,2026-05-08,2026-05-10,DELIVERED
SHP-000623-2,ORD-000623-2,SUP-0060,2026-05-18,2026-05-18,DELIVERED
SHP-000623-3,ORD-000623-3,SUP-0060,2026-05-09,2026-05-09,DELIVERED
SHP-000624-1,ORD-000624-1,SUP-0034,2026-02-21,2026-02-21,DELIVERED
SHP-000624-2,ORD-000624-2,SUP-0034,2026-02-21,2026-02-21,DELIVERED
SHP-000625-1,ORD-000625-1,SUP-0071,2026-02-14,2026-02-14,DELIVERED
SHP-000625-2,ORD-000625-2,SUP-0071,2026-02-04,2026-02-04,DELIVERED
SHP-000625-3,ORD-000625-3,SUP-0071,2026-02-16,2026-02-16,DELIVERED
SHP-000626-1,ORD-000626-1,SUP-0031,2026-04-15,2026-04-15,DELIVERED
SHP-000627-1,ORD-000627-1,SUP-0042,2026-04-18,2026-04-18,DELIVERED
SHP-000627-2,ORD-000627-2,SUP-0042,2026-04-07,2026-04-07,DELIVERED
SHP-000627-3,ORD-000627-3,SUP-0042,2026-04-28,2026-04-30,DELIVERED
SHP-000627-4,ORD-000627-4,SUP-0042,2026-04-24,2026-04-26,DELIVERED
SHP-000628-1,ORD-000628-1,SUP-0005,2026-05-11,2026-05-11,DELIVERED
SHP-000629-1,ORD-000629-1,SUP-0109,2026-06-25,2026-06-25,DELIVERED
SHP-000629-2,ORD-000629-2,SUP-0109,2026-06-24,2026-06-25,DELIVERED
SHP-000629-3,ORD-000629-3,SUP-0109,2026-07-01,2026-07-02,DELIVERED
SHP-000630-1,ORD-000630-1,SUP-0047,2026-04-25,2026-04-26,DELIVERED
SHP-000630-2,ORD-000630-2,SUP-0047,2026-04-18,2026-04-20,DELIVERED
SHP-000630-3,ORD-000630-3,SUP-0047,2026-05-02,2026-05-02,DELIVERED
SHP-000631-1,ORD-000631-1,SUP-0078,2026-08-16,2026-08-16,DELIVERED
SHP-000632-1,ORD-000632-1,SUP-0074,2026-06-28,2026-06-29,DELIVERED
SHP-000632-2,ORD-000632-2,SUP-0074,2026-06-26,2026-06-26,DELIVERED
SHP-000633-1,ORD-000633-1,SUP-0107,2026-02-02,2026-02-02,DELIVERED
SHP-000633-2,ORD-000633-2,SUP-0107,2026-01-23,2026-01-23,DELIVERED
SHP-000634-1,ORD-000634-1,SUP-0115,2026-06-22,2026-06-23,DELIVERED
SHP-000635-1,ORD-000635-1,SUP-0095,2026-04-01,2026-04-03,DELIVERED
SHP-000635-2,ORD-000635-2,SUP-0095,2026-04-13,2026-04-13,DELIVERED
SHP-000636-1,ORD-000636-1,SUP-0057,2026-05-31,2026-05-31,DELIVERED
SHP-000637-1,ORD-000637-1,SUP-0073,2026-04-06,2026-04-08,DELIVERED
SHP-000637-2,ORD-000637-2,SUP-0073,2026-04-06,2026-04-06,DELIVERED
SHP-000638-1,ORD-000638-1,SUP-0022,2026-04-12,2026-04-12,DELIVERED
SHP-000638-2,ORD-000638-2,SUP-0022,2026-03-28,2026-03-28,DELIVERED
SHP-000639-1,ORD-000639-1,SUP-0071,2026-01-26,2026-01-26,DELIVERED
SHP-000639-2,ORD-000639-2,SUP-0071,2026-02-04,2026-02-04,DELIVERED
SHP-000640-1,ORD-000640-1,SUP-0107,2026-04-01,2026-04-01,DELIVERED
SHP-000640-2,ORD-000640-2,SUP-0107,2026-03-30,2026-03-30,DELIVERED
SHP-000640-3,ORD-000640-3,SUP-0107,2026-04-10,2026-04-10,DELIVERED
SHP-000640-4,ORD-000640-4,SUP-0107,2026-04-18,2026-04-18,DELIVERED
SHP-000641-1,ORD-000641-1,SUP-0091,2026-09-18,2026-09-18,IN_TRANSIT
SHP-000642-1,ORD-000642-1,SUP-0082,2026-04-05,2026-04-05,DELIVERED
SHP-000642-2,ORD-000642-2,SUP-0082,2026-03-27,2026-03-27,DELIVERED
SHP-000643-1,ORD-000643-1,SUP-0026,2026-06-12,2026-06-14,DELIVERED
SHP-000644-1,ORD-000644-1,SUP-0027,2026-02-11,2026-02-13,DELIVERED
SHP-000644-2,ORD-000644-2,SUP-0027,2026-02-03,2026-02-03,DELIVERED
SHP-000644-3,ORD-000644-3,SUP-0027,2026-02-16,2026-02-17,DELIVERED
SHP-000644-4,ORD-000644-4,SUP-0027,2026-02-10,2026-02-10,DELIVERED
SHP-000645-1,ORD-000645-1,SUP-0013,2026-03-05,2026-03-06,DELIVERED
SHP-000645-2,ORD-000645-2,SUP-0013,2026-02-16,2026-02-16,DELIVERED
SHP-000645-3,ORD-000645-3,SUP-0013,2026-02-25,2026-02-26,DELIVERED
SHP-000645-4,ORD-000645-4,SUP-0013,2026-02-14,2026-02-14,DELIVERED
SHP-000646-1,ORD-000646-1,SUP-0035,2026-09-21,2026-09-21,IN_TRANSIT
SHP-000647-1,ORD-000647-1,SUP-0053,2026-08-26,2026-08-26,DELIVERED
SHP-000647-2,ORD-000647-2,SUP-0053,2026-08-22,2026-08-23,DELIVERED
SHP-000647-3,ORD-000647-3,SUP-0053,2026-08-12,2026-08-12,DELIVERED
SHP-000648-1,ORD-000648-1,SUP-0079,2026-02-27,2026-03-01,DELIVERED
SHP-000649-1,ORD-000649-1,SUP-0009,2026-06-06,2026-06-06,DELIVERED
SHP-000649-2,ORD-000649-2,SUP-0009,2026-05-31,2026-06-02,DELIVERED
SHP-000650-1,ORD-000650-1,SUP-0094,2026-09-14,2026-09-14,IN_TRANSIT
SHP-000651-1,ORD-000651-1,SUP-0037,2026-02-07,2026-02-08,DELIVERED
SHP-000652-1,ORD-000652-1,SUP-0017,2026-09-04,2026-09-04,IN_TRANSIT
SHP-000652-2,ORD-000652-2,SUP-0017,2026-09-05,2026-09-05,IN_TRANSIT
SHP-000652-3,ORD-000652-3,SUP-0017,2026-09-13,2026-09-13,IN_TRANSIT
SHP-000652-4,ORD-000652-4,SUP-0017,2026-08-26,2026-08-26,DELIVERED
SHP-000653-1,ORD-000653-1,SUP-0034,2026-04-29,2026-05-01,DELIVERED
SHP-000653-2,ORD-000653-2,SUP-0034,2026-04-22,2026-04-23,DELIVERED
SHP-000654-1,ORD-000654-1,SUP-0094,2026-04-23,2026-04-24,DELIVERED
SHP-000654-2,ORD-000654-2,SUP-0094,2026-04-21,2026-04-21,DELIVERED
SHP-000654-3,ORD-000654-3,SUP-0094,2026-04-21,2026-04-23,DELIVERED
SHP-000654-4,ORD-000654-4,SUP-0094,2026-05-03,2026-05-03,DELIVERED
SHP-000655-1,ORD-000655-1,SUP-0011,2026-05-04,2026-05-04,DELIVERED
SHP-000655-2,ORD-000655-2,SUP-0011,2026-05-06,2026-05-08,DELIVERED
SHP-000656-1,ORD-000656-1,SUP-0077,2026-09-16,2026-09-16,IN_TRANSIT
SHP-000656-2,ORD-000656-2,SUP-0077,2026-09-09,2026-09-11,IN_TRANSIT
SHP-000656-3,ORD-000656-3,SUP-0077,2026-09-11,2026-09-11,IN_TRANSIT
SHP-000656-4,ORD-000656-4,SUP-0077,2026-08-30,2026-09-01,DELIVERED
SHP-000657-1,ORD-000657-1,SUP-0096,2026-03-17,2026-03-19,DELIVERED
SHP-000658-1,ORD-000658-1,SUP-0063,2026-07-31,2026-07-31,DELIVERED
SHP-000658-2,ORD-000658-2,SUP-0063,2026-08-07,2026-08-09,DELIVERED
SHP-000658-3,ORD-000658-3,SUP-0063,2026-08-01,2026-08-03,DELIVERED
SHP-000658-4,ORD-000658-4,SUP-0063,2026-08-13,2026-08-15,DELIVERED
SHP-000659-1,ORD-000659-1,SUP-0033,2026-05-18,2026-05-19,DELIVERED
SHP-000659-2,ORD-000659-2,SUP-0033,2026-05-10,2026-05-10,DELIVERED
SHP-000660-1,ORD-000660-1,SUP-0040,2026-03-20,2026-03-20,DELIVERED
SHP-000660-2,ORD-000660-2,SUP-0040,2026-03-08,2026-03-08,DELIVERED
SHP-000660-3,ORD-000660-3,SUP-0040,2026-03-18,2026-03-18,DELIVERED
SHP-000661-1,ORD-000661-1,SUP-0106,2026-06-28,2026-06-28,DELIVERED
SHP-000661-2,ORD-000661-2,SUP-0106,2026-06-12,2026-06-12,DELIVERED
SHP-000661-3,ORD-000661-3,SUP-0106,2026-07-01,2026-07-03,DELIVERED
SHP-000661-4,ORD-000661-4,SUP-0106,2026-07-04,2026-07-06,DELIVERED
SHP-000662-1,ORD-000662-1,SUP-0078,2026-08-10,2026-08-10,DELIVERED
SHP-000662-2,ORD-000662-2,SUP-0078,2026-08-16,2026-08-17,DELIVERED
SHP-000663-1,ORD-000663-1,SUP-0112,2026-04-29,2026-04-30,DELIVERED
SHP-000663-2,ORD-000663-2,SUP-0112,2026-04-08,2026-04-08,DELIVERED
SHP-000664-1,ORD-000664-1,SUP-0072,2026-04-20,2026-04-22,DELIVERED
SHP-000664-2,ORD-000664-2,SUP-0072,2026-05-09,2026-05-09,DELIVERED
SHP-000664-3,ORD-000664-3,SUP-0072,2026-05-12,2026-05-12,DELIVERED
SHP-000665-1,ORD-000665-1,SUP-0088,2026-06-20,2026-06-20,DELIVERED
SHP-000665-2,ORD-000665-2,SUP-0088,2026-06-11,2026-06-12,DELIVERED
SHP-000666-1,ORD-000666-1,SUP-0048,2026-09-16,2026-09-16,IN_TRANSIT
SHP-000666-2,ORD-000666-2,SUP-0048,2026-09-15,2026-09-15,IN_TRANSIT
SHP-000667-1,ORD-000667-1,SUP-0118,2026-06-07,2026-06-07,DELIVERED
SHP-000668-1,ORD-000668-1,SUP-0090,2026-04-02,2026-04-03,DELIVERED
SHP-000668-2,ORD-000668-2,SUP-0090,2026-04-09,2026-04-09,DELIVERED
SHP-000668-3,ORD-000668-3,SUP-0090,2026-04-01,2026-04-01,DELIVERED
SHP-000668-4,ORD-000668-4,SUP-0090,2026-04-08,2026-04-08,DELIVERED
SHP-000669-1,ORD-000669-1,SUP-0041,2026-09-07,2026-09-07,IN_TRANSIT
SHP-000670-1,ORD-000670-1,SUP-0067,2026-09-10,2026-09-10,IN_TRANSIT
SHP-000671-1,ORD-000671-1,SUP-0011,2026-05-11,2026-05-13,DELIVERED
SHP-000671-2,ORD-000671-2,SUP-0011,2026-05-20,2026-05-22,DELIVERED
SHP-000671-3,ORD-000671-3,SUP-0011,2026-05-05,2026-05-05,DELIVERED
SHP-000671-4,ORD-000671-4,SUP-0011,2026-05-13,2026-05-15,DELIVERED
SHP-000672-1,ORD-000672-1,SUP-0081,2026-08-04,2026-08-04,DELIVERED
SHP-000672-2,ORD-000672-2,SUP-0081,2026-08-05,2026-08-05,DELIVERED
SHP-000673-1,ORD-000673-1,SUP-0049,2026-03-03,2026-03-03,DELIVERED
SHP-000673-2,ORD-000673-2,SUP-0049,2026-03-06,2026-03-06,DELIVERED
SHP-000673-3,ORD-000673-3,SUP-0049,2026-03-12,2026-03-12,DELIVERED
SHP-000673-4,ORD-000673-4,SUP-0049,2026-03-05,2026-03-07,DELIVERED
SHP-000674-1,ORD-000674-1,SUP-0050,2026-06-14,2026-06-16,DELIVERED
SHP-000674-2,ORD-000674-2,SUP-0050,2026-06-18,2026-06-18,DELIVERED
SHP-000674-3,ORD-000674-3,SUP-0050,2026-06-06,2026-06-06,DELIVERED
SHP-000675-1,ORD-000675-1,SUP-0119,2026-06-01,2026-06-01,DELIVERED
SHP-000675-2,ORD-000675-2,SUP-0119,2026-05-30,2026-05-30,DELIVERED
SHP-000675-3,ORD-000675-3,SUP-0119,2026-05-26,2026-05-27,DELIVERED
SHP-000675-4,ORD-000675-4,SUP-0119,2026-06-16,2026-06-16,DELIVERED
SHP-000676-1,ORD-000676-1,SUP-0024,2026-04-21,2026-04-22,DELIVERED
SHP-000677-1,ORD-000677-1,SUP-0094,2026-06-08,2026-06-09,DELIVERED
SHP-000677-2,ORD-000677-2,SUP-0094,2026-05-29,2026-05-29,DELIVERED
SHP-000677-3,ORD-000677-3,SUP-0094,2026-06-02,2026-06-03,DELIVERED
SHP-000678-1,ORD-000678-1,SUP-0076,2026-03-20,2026-03-20,DELIVERED
SHP-000678-2,ORD-000678-2,SUP-0076,2026-02-22,2026-02-22,DELIVERED
SHP-000679-1,ORD-000679-1,SUP-0059,2026-02-23,2026-02-23,DELIVERED
SHP-000679-2,ORD-000679-2,SUP-0059,2026-02-24,2026-02-24,DELIVERED
SHP-000680-1,ORD-000680-1,SUP-0020,2026-01-31,2026-02-01,DELIVERED
SHP-000681-1,ORD-000681-1,SUP-0107,2026-07-21,2026-07-21,DELIVERED
SHP-000681-2,ORD-000681-2,SUP-0107,2026-07-23,2026-07-25,DELIVERED
SHP-000681-3,ORD-000681-3,SUP-0107,2026-07-29,2026-07-31,DELIVERED
SHP-000681-4,ORD-000681-4,SUP-0107,2026-07-12,2026-07-12,DELIVERED
SHP-000682-1,ORD-000682-1,SUP-0048,2026-04-21,2026-04-21,DELIVERED
SHP-000682-2,ORD-000682-2,SUP-0048,2026-04-18,2026-04-18,DELIVERED
SHP-000682-3,ORD-000682-3,SUP-0048,2026-04-23,2026-04-23,DELIVERED
SHP-000682-4,ORD-000682-4,SUP-0048,2026-04-30,2026-05-01,DELIVERED
SHP-000683-1,ORD-000683-1,SUP-0005,2026-05-23,2026-05-23,DELIVERED
SHP-000684-1,ORD-000684-1,SUP-0084,2026-08-03,2026-08-04,DELIVERED
SHP-000684-2,ORD-000684-2,SUP-0084,2026-08-12,2026-08-12,DELIVERED
SHP-000684-3,ORD-000684-3,SUP-0084,2026-08-26,2026-08-27,DELIVERED
SHP-000685-1,ORD-000685-1,SUP-0065,2026-08-13,2026-08-14,DELIVERED
SHP-000685-2,ORD-000685-2,SUP-0065,2026-08-05,2026-08-05,DELIVERED
SHP-000685-3,ORD-000685-3,SUP-0065,2026-08-20,2026-08-22,DELIVERED
SHP-000686-1,ORD-000686-1,SUP-0094,2026-05-11,2026-05-11,DELIVERED
SHP-000687-1,ORD-000687-1,SUP-0114,2026-03-30,2026-03-30,DELIVERED
SHP-000688-1,ORD-000688-1,SUP-0054,2026-05-30,2026-05-31,DELIVERED
SHP-000689-1,ORD-000689-1,SUP-0032,2026-02-16,2026-02-16,DELIVERED
SHP-000689-2,ORD-000689-2,SUP-0032,2026-02-23,2026-02-24,DELIVERED
SHP-000690-1,ORD-000690-1,SUP-0006,2026-04-27,2026-04-27,DELIVERED
SHP-000691-1,ORD-000691-1,SUP-0055,2026-02-06,2026-02-06,DELIVERED
SHP-000692-1,ORD-000692-1,SUP-0039,2026-07-30,2026-07-30,DELIVERED
SHP-000692-2,ORD-000692-2,SUP-0039,2026-07-20,2026-07-20,DELIVERED
SHP-000692-3,ORD-000692-3,SUP-0039,2026-07-14,2026-07-15,DELIVERED
SHP-000692-4,ORD-000692-4,SUP-0039,2026-07-28,2026-07-28,DELIVERED
SHP-000693-1,ORD-000693-1,SUP-0036,2026-05-31,2026-05-31,DELIVERED
SHP-000694-1,ORD-000694-1,SUP-0029,2026-07-05,2026-07-06,DELIVERED
SHP-000694-2,ORD-000694-2,SUP-0029,2026-07-01,2026-07-01,DELIVERED
SHP-000694-3,ORD-000694-3,SUP-0029,2026-07-02,2026-07-03,DELIVERED
SHP-000694-4,ORD-000694-4,SUP-0029,2026-06-24,2026-06-25,DELIVERED
SHP-000695-1,ORD-000695-1,SUP-0005,2026-06-30,2026-06-30,DELIVERED
SHP-000696-1,ORD-000696-1,SUP-0058,2026-01-24,2026-01-24,DELIVERED
SHP-000696-2,ORD-000696-2,SUP-0058,2026-02-04,2026-02-06,DELIVERED
SHP-000696-3,ORD-000696-3,SUP-0058,2026-01-20,2026-01-20,DELIVERED
SHP-000697-1,ORD-000697-1,SUP-0051,2026-03-18,2026-03-18,DELIVERED
SHP-000697-2,ORD-000697-2,SUP-0051,2026-03-14,2026-03-14,DELIVERED
SHP-000698-1,ORD-000698-1,SUP-0099,2026-07-05,2026-07-05,DELIVERED
SHP-000698-2,ORD-000698-2,SUP-0099,2026-07-07,2026-07-07,DELIVERED
SHP-000698-3,ORD-000698-3,SUP-0099,2026-07-08,2026-07-08,DELIVERED
SHP-000698-4,ORD-000698-4,SUP-0099,2026-07-16,2026-07-17,DELIVERED
SHP-000699-1,ORD-000699-1,SUP-0054,2026-03-24,2026-03-25,DELIVERED
SHP-000699-2,ORD-000699-2,SUP-0054,2026-03-04,2026-03-04,DELIVERED
SHP-000700-1,ORD-000700-1,SUP-0073,2026-07-27,2026-07-27,DELIVERED
SHP-000701-1,ORD-000701-1,SUP-0109,2026-05-16,2026-05-16,DELIVERED
SHP-000701-2,ORD-000701-2,SUP-0109,2026-05-24,2026-05-25,DELIVERED
SHP-000702-1,ORD-000702-1,SUP-0059,2026-07-19,2026-07-19,DELIVERED
SHP-000702-2,ORD-000702-2,SUP-0059,2026-07-05,2026-07-05,DELIVERED
SHP-000703-1,ORD-000703-1,SUP-0088,2026-09-09,2026-09-11,IN_TRANSIT
SHP-000703-2,ORD-000703-2,SUP-0088,2026-09-02,2026-09-02,IN_TRANSIT
SHP-000703-3,ORD-000703-3,SUP-0088,2026-09-01,2026-09-02,IN_TRANSIT
SHP-000703-4,ORD-000703-4,SUP-0088,2026-08-28,2026-08-28,DELIVERED
SHP-000704-1,ORD-000704-1,SUP-0019,2026-07-30,2026-07-30,DELIVERED
SHP-000704-2,ORD-000704-2,SUP-0019,2026-07-31,2026-07-31,DELIVERED
SHP-000705-1,ORD-000705-1,SUP-0083,2026-05-31,2026-06-01,DELIVERED
SHP-000705-2,ORD-000705-2,SUP-0083,2026-05-28,2026-05-28,DELIVERED
SHP-000706-1,ORD-000706-1,SUP-0077,2026-08-04,2026-08-04,DELIVERED
SHP-000707-1,ORD-000707-1,SUP-0040,2026-07-05,2026-07-05,DELIVERED
SHP-000707-2,ORD-000707-2,SUP-0040,2026-06-12,2026-06-12,DELIVERED
SHP-000707-3,ORD-000707-3,SUP-0040,2026-06-11,2026-06-11,DELIVERED
SHP-000707-4,ORD-000707-4,SUP-0040,2026-06-22,2026-06-24,DELIVERED
SHP-000708-1,ORD-000708-1,SUP-0096,2026-06-05,2026-06-05,DELIVERED
SHP-000708-2,ORD-000708-2,SUP-0096,2026-06-02,2026-06-02,DELIVERED
SHP-000708-3,ORD-000708-3,SUP-0096,2026-06-02,2026-06-03,DELIVERED
SHP-000709-1,ORD-000709-1,SUP-0002,2026-04-30,2026-04-30,DELIVERED
SHP-000709-2,ORD-000709-2,SUP-0002,2026-04-30,2026-05-01,DELIVERED
SHP-000710-1,ORD-000710-1,SUP-0073,2026-09-05,2026-09-05,IN_TRANSIT
SHP-000710-2,ORD-000710-2,SUP-0073,2026-09-02,2026-09-04,IN_TRANSIT
SHP-000711-1,ORD-000711-1,SUP-0109,2026-08-11,2026-08-12,DELIVERED
SHP-000711-2,ORD-000711-2,SUP-0109,2026-08-10,2026-08-12,DELIVERED
SHP-000712-1,ORD-000712-1,SUP-0036,2026-07-31,2026-07-31,DELIVERED
SHP-000712-2,ORD-000712-2,SUP-0036,2026-07-23,2026-07-25,DELIVERED
SHP-000713-1,ORD-000713-1,SUP-0113,2026-04-08,2026-04-09,DELIVERED
SHP-000713-2,ORD-000713-2,SUP-0113,2026-04-20,2026-04-20,DELIVERED
SHP-000714-1,ORD-000714-1,SUP-0077,2026-04-21,2026-04-23,DELIVERED
SHP-000715-1,ORD-000715-1,SUP-0097,2026-01-31,2026-02-01,DELIVERED
SHP-000715-2,ORD-000715-2,SUP-0097,2026-01-24,2026-01-26,DELIVERED
SHP-000715-3,ORD-000715-3,SUP-0097,2026-02-01,2026-02-03,DELIVERED
SHP-000716-1,ORD-000716-1,SUP-0065,2026-07-02,2026-07-03,DELIVERED
SHP-000716-2,ORD-000716-2,SUP-0065,2026-07-02,2026-07-02,DELIVERED
SHP-000716-3,ORD-000716-3,SUP-0065,2026-07-08,2026-07-10,DELIVERED
SHP-000716-4,ORD-000716-4,SUP-0065,2026-06-26,2026-06-26,DELIVERED
SHP-000717-1,ORD-000717-1,SUP-0040,2026-04-15,2026-04-17,DELIVERED
SHP-000718-1,ORD-000718-1,SUP-0087,2026-04-18,2026-04-19,DELIVERED
SHP-000718-2,ORD-000718-2,SUP-0087,2026-04-17,2026-04-17,DELIVERED
SHP-000719-1,ORD-000719-1,SUP-0061,2026-04-30,2026-05-02,DELIVERED
SHP-000719-2,ORD-000719-2,SUP-0061,2026-04-30,2026-04-30,DELIVERED
SHP-000719-3,ORD-000719-3,SUP-0061,2026-05-02,2026-05-02,DELIVERED
SHP-000720-1,ORD-000720-1,SUP-0003,2026-03-20,2026-03-21,DELIVERED
SHP-000720-2,ORD-000720-2,SUP-0003,2026-03-26,2026-03-28,DELIVERED
SHP-000720-3,ORD-000720-3,SUP-0003,2026-03-11,2026-03-11,DELIVERED
SHP-000721-1,ORD-000721-1,SUP-0021,2026-07-29,2026-07-29,DELIVERED
SHP-000722-1,ORD-000722-1,SUP-0078,2026-02-09,2026-02-09,DELIVERED
SHP-000722-2,ORD-000722-2,SUP-0078,2026-02-09,2026-02-10,DELIVERED
SHP-000722-3,ORD-000722-3,SUP-0078,2026-02-03,2026-02-05,DELIVERED
SHP-000723-1,ORD-000723-1,SUP-0026,2026-05-22,2026-05-22,DELIVERED
SHP-000723-2,ORD-000723-2,SUP-0026,2026-05-10,2026-05-10,DELIVERED
SHP-000723-3,ORD-000723-3,SUP-0026,2026-05-18,2026-05-18,DELIVERED
SHP-000724-1,ORD-000724-1,SUP-0026,2026-03-27,2026-03-28,DELIVERED
SHP-000724-2,ORD-000724-2,SUP-0026,2026-03-25,2026-03-25,DELIVERED
SHP-000725-1,ORD-000725-1,SUP-0073,2026-02-12,2026-02-12,DELIVERED
SHP-000725-2,ORD-000725-2,SUP-0073,2026-01-28,2026-01-30,DELIVERED
SHP-000725-3,ORD-000725-3,SUP-0073,2026-02-01,2026-02-03,DELIVERED
SHP-000725-4,ORD-000725-4,SUP-0073,2026-02-16,2026-02-17,DELIVERED
SHP-000726-1,ORD-000726-1,SUP-0105,2026-05-18,2026-05-19,DELIVERED
SHP-000726-2,ORD-000726-2,SUP-0105,2026-05-27,2026-05-29,DELIVERED
SHP-000726-3,ORD-000726-3,SUP-0105,2026-05-11,2026-05-11,DELIVERED
SHP-000727-1,ORD-000727-1,SUP-0029,2026-05-23,2026-05-23,DELIVERED
SHP-000727-2,ORD-000727-2,SUP-0029,2026-05-10,2026-05-10,DELIVERED
SHP-000727-3,ORD-000727-3,SUP-0029,2026-05-01,2026-05-03,DELIVERED
SHP-000728-1,ORD-000728-1,SUP-0078,2026-08-21,2026-08-21,DELIVERED
SHP-000729-1,ORD-000729-1,SUP-0026,2026-02-25,2026-02-26,DELIVERED
SHP-000729-2,ORD-000729-2,SUP-0026,2026-03-05,2026-03-05,DELIVERED
SHP-000730-1,ORD-000730-1,SUP-0049,2026-05-13,2026-05-15,DELIVERED
SHP-000730-2,ORD-000730-2,SUP-0049,2026-05-17,2026-05-17,DELIVERED
SHP-000731-1,ORD-000731-1,SUP-0063,2026-08-01,2026-08-02,DELIVERED
SHP-000731-2,ORD-000731-2,SUP-0063,2026-07-22,2026-07-22,DELIVERED
SHP-000732-1,ORD-000732-1,SUP-0049,2026-05-08,2026-05-08,DELIVERED
SHP-000732-2,ORD-000732-2,SUP-0049,2026-05-08,2026-05-08,DELIVERED
SHP-000732-3,ORD-000732-3,SUP-0049,2026-04-28,2026-04-28,DELIVERED
SHP-000733-1,ORD-000733-1,SUP-0023,2026-02-15,2026-02-15,DELIVERED
SHP-000733-2,ORD-000733-2,SUP-0023,2026-02-27,2026-02-27,DELIVERED
SHP-000733-3,ORD-000733-3,SUP-0023,2026-02-22,2026-02-22,DELIVERED
SHP-000733-4,ORD-000733-4,SUP-0023,2026-02-17,2026-02-17,DELIVERED
SHP-000734-1,ORD-000734-1,SUP-0052,2026-09-12,2026-09-12,IN_TRANSIT
SHP-000735-1,ORD-000735-1,SUP-0095,2026-09-11,2026-09-11,IN_TRANSIT
SHP-000735-2,ORD-000735-2,SUP-0095,2026-09-02,2026-09-03,IN_TRANSIT
SHP-000736-1,ORD-000736-1,SUP-0060,2026-09-08,2026-09-09,IN_TRANSIT
SHP-000736-2,ORD-000736-2,SUP-0060,2026-09-09,2026-09-11,IN_TRANSIT
SHP-000737-1,ORD-000737-1,SUP-0047,2026-05-20,2026-05-20,DELIVERED
SHP-000737-2,ORD-000737-2,SUP-0047,2026-05-30,2026-05-30,DELIVERED
SHP-000738-1,ORD-000738-1,SUP-0032,2026-03-30,2026-03-31,DELIVERED
SHP-000738-2,ORD-000738-2,SUP-0032,2026-04-10,2026-04-10,DELIVERED
SHP-000738-3,ORD-000738-3,SUP-0032,2026-03-24,2026-03-24,DELIVERED
SHP-000739-1,ORD-000739-1,SUP-0019,2026-08-29,2026-08-30,DELIVERED
SHP-000739-2,ORD-000739-2,SUP-0019,2026-08-26,2026-08-27,DELIVERED
SHP-000739-3,ORD-000739-3,SUP-0019,2026-08-29,2026-08-30,DELIVERED
SHP-000739-4,ORD-000739-4,SUP-0019,2026-08-20,2026-08-20,DELIVERED
SHP-000740-1,ORD-000740-1,SUP-0115,2026-04-09,2026-04-09,DELIVERED
SHP-000740-2,ORD-000740-2,SUP-0115,2026-04-04,2026-04-04,DELIVERED
SHP-000740-3,ORD-000740-3,SUP-0115,2026-03-29,2026-03-30,DELIVERED
SHP-000740-4,ORD-000740-4,SUP-0115,2026-04-06,2026-04-06,DELIVERED
SHP-000741-1,ORD-000741-1,SUP-0017,2026-04-23,2026-04-23,DELIVERED
SHP-000741-2,ORD-000741-2,SUP-0017,2026-04-12,2026-04-14,DELIVERED
SHP-000742-1,ORD-000742-1,SUP-0100,2026-06-14,2026-06-14,DELIVERED
SHP-000742-2,ORD-000742-2,SUP-0100,2026-06-23,2026-06-25,DELIVERED
SHP-000742-3,ORD-000742-3,SUP-0100,2026-06-23,2026-06-24,DELIVERED
SHP-000743-1,ORD-000743-1,SUP-0110,2026-04-09,2026-04-09,DELIVERED
SHP-000743-2,ORD-000743-2,SUP-0110,2026-03-24,2026-03-24,DELIVERED
SHP-000743-3,ORD-000743-3,SUP-0110,2026-04-20,2026-04-22,DELIVERED
SHP-000744-1,ORD-000744-1,SUP-0077,2026-02-11,2026-02-11,DELIVERED
SHP-000744-2,ORD-000744-2,SUP-0077,2026-02-20,2026-02-20,DELIVERED
SHP-000745-1,ORD-000745-1,SUP-0032,2026-02-22,2026-02-22,DELIVERED
SHP-000745-2,ORD-000745-2,SUP-0032,2026-02-19,2026-02-19,DELIVERED
SHP-000746-1,ORD-000746-1,SUP-0098,2026-02-10,2026-02-11,DELIVERED
SHP-000747-1,ORD-000747-1,SUP-0039,2026-05-28,2026-05-29,DELIVERED
SHP-000747-2,ORD-000747-2,SUP-0039,2026-06-12,2026-06-14,DELIVERED
SHP-000748-1,ORD-000748-1,SUP-0022,2026-08-20,2026-08-21,DELIVERED
SHP-000749-1,ORD-000749-1,SUP-0108,2026-05-09,2026-05-10,DELIVERED
SHP-000749-2,ORD-000749-2,SUP-0108,2026-05-07,2026-05-07,DELIVERED
SHP-000749-3,ORD-000749-3,SUP-0108,2026-05-14,2026-05-15,DELIVERED
SHP-000750-1,ORD-000750-1,SUP-0029,2026-07-25,2026-07-25,DELIVERED
SHP-000750-2,ORD-000750-2,SUP-0029,2026-07-09,2026-07-09,DELIVERED
SHP-000750-3,ORD-000750-3,SUP-0029,2026-07-21,2026-07-23,DELIVERED
SHP-000750-4,ORD-000750-4,SUP-0029,2026-07-14,2026-07-15,DELIVERED
SHP-000751-1,ORD-000751-1,SUP-0110,2026-06-19,2026-06-21,DELIVERED
SHP-000751-2,ORD-000751-2,SUP-0110,2026-06-08,2026-06-08,DELIVERED
SHP-000751-3,ORD-000751-3,SUP-0110,2026-06-17,2026-06-17,DELIVERED
SHP-000751-4,ORD-000751-4,SUP-0110,2026-06-20,2026-06-20,DELIVERED
SHP-000752-1,ORD-000752-1,SUP-0058,2026-04-15,2026-04-15,DELIVERED
SHP-000752-2,ORD-000752-2,SUP-0058,2026-04-19,2026-04-21,DELIVERED
SHP-000753-1,ORD-000753-1,SUP-0069,2026-04-28,2026-04-29,DELIVERED
SHP-000754-1,ORD-000754-1,SUP-0082,2026-08-05,2026-08-05,DELIVERED
SHP-000754-2,ORD-000754-2,SUP-0082,2026-07-25,2026-07-25,DELIVERED
SHP-000754-3,ORD-000754-3,SUP-0082,2026-08-20,2026-08-22,DELIVERED
SHP-000754-4,ORD-000754-4,SUP-0082,2026-08-12,2026-08-12,DELIVERED
SHP-000755-1,ORD-000755-1,SUP-0026,2026-02-13,2026-02-14,DELIVERED
SHP-000755-2,ORD-000755-2,SUP-0026,2026-02-25,2026-02-25,DELIVERED
SHP-000755-3,ORD-000755-3,SUP-0026,2026-02-16,2026-02-17,DELIVERED
SHP-000756-1,ORD-000756-1,SUP-0106,2026-03-25,2026-03-25,DELIVERED
SHP-000757-1,ORD-000757-1,SUP-0057,2026-03-08,2026-03-10,DELIVERED
SHP-000758-1,ORD-000758-1,SUP-0071,2026-05-10,2026-05-10,DELIVERED
SHP-000758-2,ORD-000758-2,SUP-0071,2026-05-15,2026-05-15,DELIVERED
SHP-000758-3,ORD-000758-3,SUP-0071,2026-05-16,2026-05-16,DELIVERED
SHP-000758-4,ORD-000758-4,SUP-0071,2026-05-17,2026-05-18,DELIVERED
SHP-000759-1,ORD-000759-1,SUP-0069,2026-02-21,2026-02-23,DELIVERED
SHP-000759-2,ORD-000759-2,SUP-0069,2026-02-18,2026-02-20,DELIVERED
SHP-000759-3,ORD-000759-3,SUP-0069,2026-02-09,2026-02-11,DELIVERED
SHP-000760-1,ORD-000760-1,SUP-0058,2026-09-27,2026-09-27,IN_TRANSIT
SHP-000761-1,ORD-000761-1,SUP-0073,2026-09-17,2026-09-18,IN_TRANSIT
SHP-000761-2,ORD-000761-2,SUP-0073,2026-09-05,2026-09-07,IN_TRANSIT
SHP-000761-3,ORD-000761-3,SUP-0073,2026-09-19,2026-09-21,IN_TRANSIT
SHP-000761-4,ORD-000761-4,SUP-0073,2026-08-31,2026-08-31,DELIVERED
SHP-000762-1,ORD-000762-1,SUP-0076,2026-08-15,2026-08-15,DELIVERED
SHP-000762-2,ORD-000762-2,SUP-0076,2026-08-19,2026-08-19,DELIVERED
SHP-000762-3,ORD-000762-3,SUP-0076,2026-08-11,2026-08-13,DELIVERED
SHP-000762-4,ORD-000762-4,SUP-0076,2026-08-16,2026-08-17,DELIVERED
SHP-000763-1,ORD-000763-1,SUP-0018,2026-03-03,2026-03-03,DELIVERED
SHP-000763-2,ORD-000763-2,SUP-0018,2026-03-06,2026-03-06,DELIVERED
SHP-000764-1,ORD-000764-1,SUP-0083,2026-04-05,2026-04-05,DELIVERED
SHP-000764-2,ORD-000764-2,SUP-0083,2026-04-21,2026-04-21,DELIVERED
SHP-000764-3,ORD-000764-3,SUP-0083,2026-04-13,2026-04-13,DELIVERED
SHP-000765-1,ORD-000765-1,SUP-0103,2026-09-11,2026-09-11,IN_TRANSIT
SHP-000765-2,ORD-000765-2,SUP-0103,2026-09-08,2026-09-08,IN_TRANSIT
SHP-000766-1,ORD-000766-1,SUP-0074,2026-09-17,2026-09-17,IN_TRANSIT
SHP-000766-2,ORD-000766-2,SUP-0074,2026-09-08,2026-09-08,IN_TRANSIT
SHP-000767-1,ORD-000767-1,SUP-0076,2026-09-25,2026-09-27,IN_TRANSIT
SHP-000767-2,ORD-000767-2,SUP-0076,2026-09-22,2026-09-24,IN_TRANSIT
SHP-000768-1,ORD-000768-1,SUP-0009,2026-03-26,2026-03-26,DELIVERED
SHP-000768-2,ORD-000768-2,SUP-0009,2026-03-21,2026-03-21,DELIVERED
SHP-000768-3,ORD-000768-3,SUP-0009,2026-04-09,2026-04-09,DELIVERED
SHP-000768-4,ORD-000768-4,SUP-0009,2026-03-30,2026-03-30,DELIVERED
SHP-000769-1,ORD-000769-1,SUP-0038,2026-05-01,2026-05-03,DELIVERED
SHP-000769-2,ORD-000769-2,SUP-0038,2026-05-13,2026-05-13,DELIVERED
SHP-000769-3,ORD-000769-3,SUP-0038,2026-05-02,2026-05-02,DELIVERED
SHP-000769-4,ORD-000769-4,SUP-0038,2026-05-15,2026-05-17,DELIVERED
SHP-000770-1,ORD-000770-1,SUP-0070,2026-06-27,2026-06-27,DELIVERED
SHP-000771-1,ORD-000771-1,SUP-0069,2026-08-20,2026-08-20,DELIVERED
SHP-000771-2,ORD-000771-2,SUP-0069,2026-09-04,2026-09-04,IN_TRANSIT
SHP-000772-1,ORD-000772-1,SUP-0010,2026-05-29,2026-05-29,DELIVERED
SHP-000773-1,ORD-000773-1,SUP-0116,2026-07-13,2026-07-13,DELIVERED
SHP-000773-2,ORD-000773-2,SUP-0116,2026-07-04,2026-07-06,DELIVERED
SHP-000774-1,ORD-000774-1,SUP-0086,2026-09-22,2026-09-22,IN_TRANSIT
SHP-000774-2,ORD-000774-2,SUP-0086,2026-09-04,2026-09-04,IN_TRANSIT
SHP-000775-1,ORD-000775-1,SUP-0105,2026-03-22,2026-03-22,DELIVERED
SHP-000776-1,ORD-000776-1,SUP-0015,2026-09-26,2026-09-26,IN_TRANSIT
SHP-000776-2,ORD-000776-2,SUP-0015,2026-09-22,2026-09-22,IN_TRANSIT
SHP-000777-1,ORD-000777-1,SUP-0037,2026-02-09,2026-02-11,DELIVERED
SHP-000777-2,ORD-000777-2,SUP-0037,2026-02-07,2026-02-07,DELIVERED
SHP-000778-1,ORD-000778-1,SUP-0030,2026-08-26,2026-08-26,DELIVERED
SHP-000779-1,ORD-000779-1,SUP-0057,2026-07-01,2026-07-01,DELIVERED
SHP-000779-2,ORD-000779-2,SUP-0057,2026-07-12,2026-07-13,DELIVERED
SHP-000780-1,ORD-000780-1,SUP-0026,2026-05-01,2026-05-02,DELIVERED
SHP-000781-1,ORD-000781-1,SUP-0004,2026-01-30,2026-01-30,DELIVERED
SHP-000781-2,ORD-000781-2,SUP-0004,2026-02-23,2026-02-23,DELIVERED
SHP-000782-1,ORD-000782-1,SUP-0048,2026-02-20,2026-02-21,DELIVERED
SHP-000783-1,ORD-000783-1,SUP-0099,2026-09-04,2026-09-05,IN_TRANSIT
SHP-000784-1,ORD-000784-1,SUP-0037,2026-06-01,2026-06-02,DELIVERED
SHP-000784-2,ORD-000784-2,SUP-0037,2026-05-27,2026-05-27,DELIVERED
SHP-000784-3,ORD-000784-3,SUP-0037,2026-05-26,2026-05-26,DELIVERED
SHP-000784-4,ORD-000784-4,SUP-0037,2026-05-20,2026-05-20,DELIVERED
SHP-000785-1,ORD-000785-1,SUP-0056,2026-02-25,2026-02-26,DELIVERED
SHP-000785-2,ORD-000785-2,SUP-0056,2026-03-14,2026-03-15,DELIVERED
SHP-000786-1,ORD-000786-1,SUP-0057,2026-05-14,2026-05-14,DELIVERED
SHP-000786-2,ORD-000786-2,SUP-0057,2026-05-29,2026-05-31,DELIVERED
SHP-000786-3,ORD-000786-3,SUP-0057,2026-05-18,2026-05-19,DELIVERED
SHP-000786-4,ORD-000786-4,SUP-0057,2026-05-25,2026-05-26,DELIVERED
SHP-000787-1,ORD-000787-1,SUP-0039,2026-02-13,2026-02-13,DELIVERED
SHP-000787-2,ORD-000787-2,SUP-0039,2026-02-09,2026-02-11,DELIVERED
SHP-000788-1,ORD-000788-1,SUP-0086,2026-04-09,2026-04-09,DELIVERED
SHP-000788-2,ORD-000788-2,SUP-0086,2026-04-09,2026-04-09,DELIVERED
SHP-000788-3,ORD-000788-3,SUP-0086,2026-03-29,2026-03-29,DELIVERED
SHP-000788-4,ORD-000788-4,SUP-0086,2026-03-28,2026-03-28,DELIVERED
SHP-000789-1,ORD-000789-1,SUP-0041,2026-03-19,2026-03-20,DELIVERED
SHP-000789-2,ORD-000789-2,SUP-0041,2026-03-16,2026-03-16,DELIVERED
SHP-000789-3,ORD-000789-3,SUP-0041,2026-03-06,2026-03-07,DELIVERED
SHP-000790-1,ORD-000790-1,SUP-0016,2026-03-06,2026-03-06,DELIVERED
SHP-000790-2,ORD-000790-2,SUP-0016,2026-03-04,2026-03-05,DELIVERED
SHP-000790-3,ORD-000790-3,SUP-0016,2026-03-14,2026-03-14,DELIVERED
SHP-000791-1,ORD-000791-1,SUP-0120,2026-06-15,2026-06-15,DELIVERED
SHP-000792-1,ORD-000792-1,SUP-0009,2026-02-21,2026-02-21,DELIVERED
SHP-000792-2,ORD-000792-2,SUP-0009,2026-03-07,2026-03-09,DELIVERED
SHP-000793-1,ORD-000793-1,SUP-0054,2026-04-29,2026-04-29,DELIVERED
SHP-000793-2,ORD-000793-2,SUP-0054,2026-04-19,2026-04-20,DELIVERED
SHP-000793-3,ORD-000793-3,SUP-0054,2026-04-25,2026-04-26,DELIVERED
SHP-000794-1,ORD-000794-1,SUP-0085,2026-04-24,2026-04-24,DELIVERED
SHP-000795-1,ORD-000795-1,SUP-0116,2026-05-03,2026-05-04,DELIVERED
SHP-000795-2,ORD-000795-2,SUP-0116,2026-05-13,2026-05-13,DELIVERED
SHP-000795-3,ORD-000795-3,SUP-0116,2026-05-02,2026-05-02,DELIVERED
SHP-000795-4,ORD-000795-4,SUP-0116,2026-05-07,2026-05-07,DELIVERED
SHP-000796-1,ORD-000796-1,SUP-0111,2026-01-16,2026-01-16,DELIVERED
SHP-000796-2,ORD-000796-2,SUP-0111,2026-01-24,2026-01-24,DELIVERED
SHP-000797-1,ORD-000797-1,SUP-0093,2026-08-14,2026-08-14,DELIVERED
SHP-000797-2,ORD-000797-2,SUP-0093,2026-08-15,2026-08-15,DELIVERED
SHP-000798-1,ORD-000798-1,SUP-0026,2026-03-03,2026-03-03,DELIVERED
SHP-000799-1,ORD-000799-1,SUP-0050,2026-07-03,2026-07-05,DELIVERED
SHP-000799-2,ORD-000799-2,SUP-0050,2026-07-03,2026-07-03,DELIVERED
SHP-000800-1,ORD-000800-1,SUP-0011,2026-03-10,2026-03-10,DELIVERED
SHP-000801-1,ORD-000801-1,SUP-0021,2026-07-10,2026-07-10,DELIVERED
SHP-000801-2,ORD-000801-2,SUP-0021,2026-06-24,2026-06-24,DELIVERED
SHP-000801-3,ORD-000801-3,SUP-0021,2026-06-24,2026-06-24,DELIVERED
SHP-000801-4,ORD-000801-4,SUP-0021,2026-07-15,2026-07-16,DELIVERED
SHP-000802-1,ORD-000802-1,SUP-0011,2026-02-10,2026-02-10,DELIVERED
SHP-000802-2,ORD-000802-2,SUP-0011,2026-02-03,2026-02-03,DELIVERED
SHP-000802-3,ORD-000802-3,SUP-0011,2026-01-27,2026-01-28,DELIVERED
SHP-000803-1,ORD-000803-1,SUP-0041,2026-03-23,2026-03-24,DELIVERED
SHP-000803-2,ORD-000803-2,SUP-0041,2026-03-18,2026-03-18,DELIVERED
SHP-000803-3,ORD-000803-3,SUP-0041,2026-03-17,2026-03-17,DELIVERED
SHP-000804-1,ORD-000804-1,SUP-0049,2026-04-25,2026-04-25,DELIVERED
SHP-000804-2,ORD-000804-2,SUP-0049,2026-05-04,2026-05-04,DELIVERED
SHP-000805-1,ORD-000805-1,SUP-0026,2026-06-06,2026-06-07,DELIVERED
SHP-000805-2,ORD-000805-2,SUP-0026,2026-06-05,2026-06-05,DELIVERED
SHP-000805-3,ORD-000805-3,SUP-0026,2026-05-30,2026-05-31,DELIVERED
SHP-000806-1,ORD-000806-1,SUP-0078,2026-02-28,2026-02-28,DELIVERED
SHP-000806-2,ORD-000806-2,SUP-0078,2026-03-09,2026-03-09,DELIVERED
SHP-000807-1,ORD-000807-1,SUP-0077,2026-05-28,2026-05-29,DELIVERED
SHP-000807-2,ORD-000807-2,SUP-0077,2026-06-03,2026-06-03,DELIVERED
SHP-000808-1,ORD-000808-1,SUP-0089,2026-09-11,2026-09-11,IN_TRANSIT
SHP-000808-2,ORD-000808-2,SUP-0089,2026-09-06,2026-09-08,IN_TRANSIT
SHP-000808-3,ORD-000808-3,SUP-0089,2026-09-21,2026-09-23,IN_TRANSIT
SHP-000808-4,ORD-000808-4,SUP-0089,2026-09-20,2026-09-20,IN_TRANSIT
SHP-000809-1,ORD-000809-1,SUP-0050,2026-07-09,2026-07-10,DELIVERED
SHP-000809-2,ORD-000809-2,SUP-0050,2026-06-30,2026-06-30,DELIVERED
SHP-000809-3,ORD-000809-3,SUP-0050,2026-07-13,2026-07-13,DELIVERED
SHP-000809-4,ORD-000809-4,SUP-0050,2026-07-08,2026-07-08,DELIVERED
SHP-000810-1,ORD-000810-1,SUP-0101,2026-04-28,2026-04-28,DELIVERED
SHP-000810-2,ORD-000810-2,SUP-0101,2026-04-19,2026-04-21,DELIVERED
SHP-000811-1,ORD-000811-1,SUP-0037,2026-08-11,2026-08-11,DELIVERED
SHP-000811-2,ORD-000811-2,SUP-0037,2026-08-09,2026-08-10,DELIVERED
SHP-000811-3,ORD-000811-3,SUP-0037,2026-08-17,2026-08-17,DELIVERED
SHP-000812-1,ORD-000812-1,SUP-0077,2026-08-08,2026-08-08,DELIVERED
SHP-000812-2,ORD-000812-2,SUP-0077,2026-07-23,2026-07-23,DELIVERED
SHP-000812-3,ORD-000812-3,SUP-0077,2026-08-05,2026-08-05,DELIVERED
SHP-000812-4,ORD-000812-4,SUP-0077,2026-08-09,2026-08-09,DELIVERED
SHP-000813-1,ORD-000813-1,SUP-0081,2026-07-11,2026-07-13,DELIVERED
SHP-000813-2,ORD-000813-2,SUP-0081,2026-07-02,2026-07-02,DELIVERED
SHP-000813-3,ORD-000813-3,SUP-0081,2026-07-03,2026-07-03,DELIVERED
SHP-000814-1,ORD-000814-1,SUP-0014,2026-09-23,2026-09-23,IN_TRANSIT
SHP-000814-2,ORD-000814-2,SUP-0014,2026-09-23,2026-09-23,IN_TRANSIT
SHP-000814-3,ORD-000814-3,SUP-0014,2026-10-05,2026-10-05,IN_TRANSIT
SHP-000815-1,ORD-000815-1,SUP-0071,2026-08-09,2026-08-11,DELIVERED
SHP-000816-1,ORD-000816-1,SUP-0004,2026-06-28,2026-06-28,DELIVERED
SHP-000816-2,ORD-000816-2,SUP-0004,2026-07-05,2026-07-06,DELIVERED
SHP-000816-3,ORD-000816-3,SUP-0004,2026-06-21,2026-06-22,DELIVERED
SHP-000816-4,ORD-000816-4,SUP-0004,2026-07-05,2026-07-07,DELIVERED
SHP-000817-1,ORD-000817-1,SUP-0005,2026-03-13,2026-03-14,DELIVERED
SHP-000817-2,ORD-000817-2,SUP-0005,2026-03-10,2026-03-12,DELIVERED
SHP-000817-3,ORD-000817-3,SUP-0005,2026-03-22,2026-03-24,DELIVERED
SHP-000818-1,ORD-000818-1,SUP-0050,2026-08-24,2026-08-24,DELIVERED
SHP-000818-2,ORD-000818-2,SUP-0050,2026-08-19,2026-08-20,DELIVERED
SHP-000818-3,ORD-000818-3,SUP-0050,2026-08-23,2026-08-23,DELIVERED
SHP-000819-1,ORD-000819-1,SUP-0006,2026-08-28,2026-08-28,DELIVERED
SHP-000819-2,ORD-000819-2,SUP-0006,2026-08-26,2026-08-26,DELIVERED
SHP-000820-1,ORD-000820-1,SUP-0073,2026-03-13,2026-03-14,DELIVERED
SHP-000821-1,ORD-000821-1,SUP-0093,2026-08-06,2026-08-06,DELIVERED
SHP-000821-2,ORD-000821-2,SUP-0093,2026-08-09,2026-08-09,DELIVERED
SHP-000822-1,ORD-000822-1,SUP-0114,2026-09-01,2026-09-02,IN_TRANSIT
SHP-000823-1,ORD-000823-1,SUP-0094,2026-02-15,2026-02-16,DELIVERED
SHP-000823-2,ORD-000823-2,SUP-0094,2026-02-12,2026-02-12,DELIVERED
SHP-000824-1,ORD-000824-1,SUP-0039,2026-03-31,2026-03-31,DELIVERED
SHP-000825-1,ORD-000825-1,SUP-0015,2026-08-04,2026-08-04,DELIVERED
SHP-000825-2,ORD-000825-2,SUP-0015,2026-08-05,2026-08-06,DELIVERED
SHP-000825-3,ORD-000825-3,SUP-0015,2026-07-25,2026-07-26,DELIVERED
SHP-000826-1,ORD-000826-1,SUP-0053,2026-01-21,2026-01-21,DELIVERED
SHP-000827-1,ORD-000827-1,SUP-0004,2026-09-11,2026-09-13,IN_TRANSIT
SHP-000828-1,ORD-000828-1,SUP-0090,2026-08-14,2026-08-15,DELIVERED
SHP-000828-2,ORD-000828-2,SUP-0090,2026-08-26,2026-08-26,DELIVERED
SHP-000828-3,ORD-000828-3,SUP-0090,2026-08-29,2026-08-29,DELIVERED
SHP-000829-1,ORD-000829-1,SUP-0053,2026-06-30,2026-07-02,DELIVERED
SHP-000829-2,ORD-000829-2,SUP-0053,2026-06-13,2026-06-15,DELIVERED
SHP-000829-3,ORD-000829-3,SUP-0053,2026-06-20,2026-06-21,DELIVERED
SHP-000830-1,ORD-000830-1,SUP-0058,2026-09-21,2026-09-21,IN_TRANSIT
SHP-000830-2,ORD-000830-2,SUP-0058,2026-09-23,2026-09-24,IN_TRANSIT
SHP-000831-1,ORD-000831-1,SUP-0011,2026-08-29,2026-08-29,DELIVERED
SHP-000832-1,ORD-000832-1,SUP-0120,2026-07-27,2026-07-27,DELIVERED
SHP-000832-2,ORD-000832-2,SUP-0120,2026-07-26,2026-07-27,DELIVERED
SHP-000832-3,ORD-000832-3,SUP-0120,2026-07-22,2026-07-22,DELIVERED
SHP-000833-1,ORD-000833-1,SUP-0029,2026-02-28,2026-02-28,DELIVERED
SHP-000834-1,ORD-000834-1,SUP-0089,2026-03-18,2026-03-18,DELIVERED
SHP-000834-2,ORD-000834-2,SUP-0089,2026-03-16,2026-03-16,DELIVERED
SHP-000835-1,ORD-000835-1,SUP-0106,2026-02-21,2026-02-23,DELIVERED
SHP-000835-2,ORD-000835-2,SUP-0106,2026-02-09,2026-02-09,DELIVERED
SHP-000835-3,ORD-000835-3,SUP-0106,2026-02-13,2026-02-15,DELIVERED
SHP-000835-4,ORD-000835-4,SUP-0106,2026-02-04,2026-02-05,DELIVERED
SHP-000836-1,ORD-000836-1,SUP-0041,2026-02-14,2026-02-16,DELIVERED
SHP-000836-2,ORD-000836-2,SUP-0041,2026-01-24,2026-01-25,DELIVERED
SHP-000836-3,ORD-000836-3,SUP-0041,2026-01-30,2026-01-30,DELIVERED
SHP-000836-4,ORD-000836-4,SUP-0041,2026-01-30,2026-01-30,DELIVERED
SHP-000837-1,ORD-000837-1,SUP-0059,2026-08-14,2026-08-15,DELIVERED
SHP-000838-1,ORD-000838-1,SUP-0028,2026-02-25,2026-02-25,DELIVERED
SHP-000839-1,ORD-000839-1,SUP-0060,2026-07-29,2026-07-29,DELIVERED
SHP-000839-2,ORD-000839-2,SUP-0060,2026-07-13,2026-07-13,DELIVERED
SHP-000839-3,ORD-000839-3,SUP-0060,2026-07-17,2026-07-17,DELIVERED
SHP-000840-1,ORD-000840-1,SUP-0108,2026-03-06,2026-03-06,DELIVERED
SHP-000841-1,ORD-000841-1,SUP-0024,2026-04-17,2026-04-17,DELIVERED
SHP-000841-2,ORD-000841-2,SUP-0024,2026-04-22,2026-04-22,DELIVERED
SHP-000842-1,ORD-000842-1,SUP-0102,2026-01-27,2026-01-28,DELIVERED
SHP-000843-1,ORD-000843-1,SUP-0072,2026-02-08,2026-02-08,DELIVERED
SHP-000843-2,ORD-000843-2,SUP-0072,2026-01-28,2026-01-30,DELIVERED
SHP-000843-3,ORD-000843-3,SUP-0072,2026-02-17,2026-02-19,DELIVERED
SHP-000844-1,ORD-000844-1,SUP-0048,2026-05-17,2026-05-17,DELIVERED
SHP-000844-2,ORD-000844-2,SUP-0048,2026-05-14,2026-05-14,DELIVERED
SHP-000844-3,ORD-000844-3,SUP-0048,2026-05-26,2026-05-26,DELIVERED
SHP-000844-4,ORD-000844-4,SUP-0048,2026-05-23,2026-05-23,DELIVERED
SHP-000845-1,ORD-000845-1,SUP-0118,2026-09-10,2026-09-10,IN_TRANSIT
SHP-000845-2,ORD-000845-2,SUP-0118,2026-09-03,2026-09-05,IN_TRANSIT
SHP-000846-1,ORD-000846-1,SUP-0110,2026-02-17,2026-02-19,DELIVERED
SHP-000846-2,ORD-000846-2,SUP-0110,2026-03-08,2026-03-08,DELIVERED
SHP-000847-1,ORD-000847-1,SUP-0029,2026-05-03,2026-05-03,DELIVERED
SHP-000848-1,ORD-000848-1,SUP-0051,2026-06-26,2026-06-28,DELIVERED
SHP-000848-2,ORD-000848-2,SUP-0051,2026-06-22,2026-06-23,DELIVERED
SHP-000849-1,ORD-000849-1,SUP-0077,2026-05-12,2026-05-13,DELIVERED
SHP-000849-2,ORD-000849-2,SUP-0077,2026-05-07,2026-05-09,DELIVERED
SHP-000850-1,ORD-000850-1,SUP-0078,2026-09-16,2026-09-16,IN_TRANSIT
SHP-000850-2,ORD-000850-2,SUP-0078,2026-09-23,2026-09-25,IN_TRANSIT
SHP-000850-3,ORD-000850-3,SUP-0078,2026-09-30,2026-09-30,IN_TRANSIT
SHP-000850-4,ORD-000850-4,SUP-0078,2026-09-20,2026-09-20,IN_TRANSIT
SHP-000851-1,ORD-000851-1,SUP-0041,2026-09-17,2026-09-18,IN_TRANSIT
SHP-000851-2,ORD-000851-2,SUP-0041,2026-09-14,2026-09-14,IN_TRANSIT
SHP-000851-3,ORD-000851-3,SUP-0041,2026-09-12,2026-09-12,IN_TRANSIT
SHP-000852-1,ORD-000852-1,SUP-0092,2026-03-24,2026-03-24,DELIVERED
SHP-000853-1,ORD-000853-1,SUP-0024,2026-05-02,2026-05-02,DELIVERED
SHP-000853-2,ORD-000853-2,SUP-0024,2026-04-20,2026-04-21,DELIVERED
SHP-000853-3,ORD-000853-3,SUP-0024,2026-04-23,2026-04-23,DELIVERED
SHP-000854-1,ORD-000854-1,SUP-0104,2026-09-18,2026-09-19,IN_TRANSIT
SHP-000854-2,ORD-000854-2,SUP-0104,2026-09-24,2026-09-25,IN_TRANSIT
SHP-000854-3,ORD-000854-3,SUP-0104,2026-09-12,2026-09-12,IN_TRANSIT
SHP-000854-4,ORD-000854-4,SUP-0104,2026-09-09,2026-09-09,IN_TRANSIT
SHP-000855-1,ORD-000855-1,SUP-0014,2026-02-12,2026-02-12,DELIVERED
SHP-000855-2,ORD-000855-2,SUP-0014,2026-03-03,2026-03-03,DELIVERED
SHP-000856-1,ORD-000856-1,SUP-0030,2026-07-05,2026-07-07,DELIVERED
SHP-000856-2,ORD-000856-2,SUP-0030,2026-07-02,2026-07-02,DELIVERED
SHP-000856-3,ORD-000856-3,SUP-0030,2026-06-25,2026-06-27,DELIVERED
SHP-000857-1,ORD-000857-1,SUP-0095,2026-08-23,2026-08-25,DELIVERED
SHP-000857-2,ORD-000857-2,SUP-0095,2026-08-13,2026-08-13,DELIVERED
SHP-000858-1,ORD-000858-1,SUP-0001,2026-07-03,2026-07-04,DELIVERED
SHP-000858-2,ORD-000858-2,SUP-0001,2026-07-28,2026-07-29,DELIVERED
SHP-000858-3,ORD-000858-3,SUP-0001,2026-07-24,2026-07-24,DELIVERED
SHP-000858-4,ORD-000858-4,SUP-0001,2026-07-17,2026-07-17,DELIVERED
SHP-000859-1,ORD-000859-1,SUP-0042,2026-05-28,2026-05-28,DELIVERED
SHP-000859-2,ORD-000859-2,SUP-0042,2026-06-05,2026-06-05,DELIVERED
SHP-000859-3,ORD-000859-3,SUP-0042,2026-05-30,2026-05-30,DELIVERED
SHP-000859-4,ORD-000859-4,SUP-0042,2026-05-30,2026-06-01,DELIVERED
SHP-000860-1,ORD-000860-1,SUP-0113,2026-02-08,2026-02-08,DELIVERED
SHP-000861-1,ORD-000861-1,SUP-0047,2026-01-25,2026-01-25,DELIVERED
SHP-000861-2,ORD-000861-2,SUP-0047,2026-02-01,2026-02-01,DELIVERED
SHP-000861-3,ORD-000861-3,SUP-0047,2026-02-04,2026-02-06,DELIVERED
SHP-000861-4,ORD-000861-4,SUP-0047,2026-02-03,2026-02-03,DELIVERED
SHP-000862-1,ORD-000862-1,SUP-0007,2026-02-11,2026-02-13,DELIVERED
SHP-000863-1,ORD-000863-1,SUP-0120,2026-05-20,2026-05-20,DELIVERED
SHP-000863-2,ORD-000863-2,SUP-0120,2026-05-07,2026-05-09,DELIVERED
SHP-000863-3,ORD-000863-3,SUP-0120,2026-05-20,2026-05-21,DELIVERED
SHP-000863-4,ORD-000863-4,SUP-0120,2026-05-09,2026-05-09,DELIVERED
SHP-000864-1,ORD-000864-1,SUP-0078,2026-02-19,2026-02-19,DELIVERED
SHP-000864-2,ORD-000864-2,SUP-0078,2026-02-01,2026-02-01,DELIVERED
SHP-000865-1,ORD-000865-1,SUP-0101,2026-04-13,2026-04-13,DELIVERED
SHP-000866-1,ORD-000866-1,SUP-0007,2026-03-04,2026-03-05,DELIVERED
SHP-000866-2,ORD-000866-2,SUP-0007,2026-02-23,2026-02-25,DELIVERED
SHP-000866-3,ORD-000866-3,SUP-0007,2026-02-20,2026-02-20,DELIVERED
SHP-000867-1,ORD-000867-1,SUP-0037,2026-06-11,2026-06-13,DELIVERED
SHP-000867-2,ORD-000867-2,SUP-0037,2026-06-17,2026-06-18,DELIVERED
SHP-000867-3,ORD-000867-3,SUP-0037,2026-05-26,2026-05-26,DELIVERED
SHP-000867-4,ORD-000867-4,SUP-0037,2026-05-27,2026-05-29,DELIVERED
SHP-000868-1,ORD-000868-1,SUP-0116,2026-04-20,2026-04-20,DELIVERED
SHP-000869-1,ORD-000869-1,SUP-0056,2026-05-09,2026-05-09,DELIVERED
SHP-000869-2,ORD-000869-2,SUP-0056,2026-05-22,2026-05-23,DELIVERED
SHP-000869-3,ORD-000869-3,SUP-0056,2026-05-24,2026-05-24,DELIVERED
SHP-000870-1,ORD-000870-1,SUP-0054,2026-03-30,2026-03-31,DELIVERED
SHP-000870-2,ORD-000870-2,SUP-0054,2026-04-09,2026-04-09,DELIVERED
SHP-000870-3,ORD-000870-3,SUP-0054,2026-03-31,2026-03-31,DELIVERED
SHP-000871-1,ORD-000871-1,SUP-0046,2026-03-21,2026-03-23,DELIVERED
SHP-000871-2,ORD-000871-2,SUP-0046,2026-03-18,2026-03-18,DELIVERED
SHP-000872-1,ORD-000872-1,SUP-0081,2026-01-30,2026-01-30,DELIVERED
SHP-000872-2,ORD-000872-2,SUP-0081,2026-02-06,2026-02-07,DELIVERED
SHP-000872-3,ORD-000872-3,SUP-0081,2026-02-14,2026-02-16,DELIVERED
SHP-000872-4,ORD-000872-4,SUP-0081,2026-02-03,2026-02-03,DELIVERED
SHP-000873-1,ORD-000873-1,SUP-0085,2026-05-21,2026-05-22,DELIVERED
SHP-000873-2,ORD-000873-2,SUP-0085,2026-05-05,2026-05-05,DELIVERED
SHP-000874-1,ORD-000874-1,SUP-0039,2026-03-03,2026-03-03,DELIVERED
SHP-000874-2,ORD-000874-2,SUP-0039,2026-02-19,2026-02-19,DELIVERED
SHP-000874-3,ORD-000874-3,SUP-0039,2026-02-22,2026-02-23,DELIVERED
SHP-000874-4,ORD-000874-4,SUP-0039,2026-02-15,2026-02-16,DELIVERED
SHP-000875-1,ORD-000875-1,SUP-0104,2026-07-04,2026-07-04,DELIVERED
SHP-000875-2,ORD-000875-2,SUP-0104,2026-07-01,2026-07-01,DELIVERED
SHP-000875-3,ORD-000875-3,SUP-0104,2026-06-22,2026-06-22,DELIVERED
SHP-000875-4,ORD-000875-4,SUP-0104,2026-07-15,2026-07-16,DELIVERED
SHP-000876-1,ORD-000876-1,SUP-0007,2026-08-16,2026-08-17,DELIVERED
SHP-000876-2,ORD-000876-2,SUP-0007,2026-08-19,2026-08-19,DELIVERED
SHP-000877-1,ORD-000877-1,SUP-0053,2026-05-19,2026-05-19,DELIVERED
SHP-000878-1,ORD-000878-1,SUP-0100,2026-09-23,2026-09-23,IN_TRANSIT
SHP-000878-2,ORD-000878-2,SUP-0100,2026-09-16,2026-09-16,IN_TRANSIT
SHP-000878-3,ORD-000878-3,SUP-0100,2026-09-27,2026-09-27,IN_TRANSIT
SHP-000878-4,ORD-000878-4,SUP-0100,2026-09-17,2026-09-17,IN_TRANSIT
SHP-000879-1,ORD-000879-1,SUP-0079,2026-04-07,2026-04-07,DELIVERED
SHP-000879-2,ORD-000879-2,SUP-0079,2026-04-08,2026-04-08,DELIVERED
SHP-000879-3,ORD-000879-3,SUP-0079,2026-04-09,2026-04-09,DELIVERED
SHP-000879-4,ORD-000879-4,SUP-0079,2026-04-27,2026-04-27,DELIVERED
SHP-000880-1,ORD-000880-1,SUP-0086,2026-01-21,2026-01-21,DELIVERED
SHP-000880-2,ORD-000880-2,SUP-0086,2026-02-01,2026-02-02,DELIVERED
SHP-000880-3,ORD-000880-3,SUP-0086,2026-02-12,2026-02-12,DELIVERED
SHP-000881-1,ORD-000881-1,SUP-0079,2026-09-04,2026-09-06,IN_TRANSIT
SHP-000882-1,ORD-000882-1,SUP-0013,2026-07-10,2026-07-11,DELIVERED
SHP-000883-1,ORD-000883-1,SUP-0104,2026-04-26,2026-04-26,DELIVERED
SHP-000883-2,ORD-000883-2,SUP-0104,2026-04-26,2026-04-27,DELIVERED
SHP-000883-3,ORD-000883-3,SUP-0104,2026-04-13,2026-04-13,DELIVERED
SHP-000884-1,ORD-000884-1,SUP-0076,2026-02-26,2026-02-26,DELIVERED
SHP-000884-2,ORD-000884-2,SUP-0076,2026-03-08,2026-03-09,DELIVERED
SHP-000885-1,ORD-000885-1,SUP-0016,2026-09-15,2026-09-15,IN_TRANSIT
SHP-000886-1,ORD-000886-1,SUP-0009,2026-02-08,2026-02-09,DELIVERED
SHP-000886-2,ORD-000886-2,SUP-0009,2026-01-31,2026-02-01,DELIVERED
SHP-000886-3,ORD-000886-3,SUP-0009,2026-02-17,2026-02-17,DELIVERED
SHP-000886-4,ORD-000886-4,SUP-0009,2026-01-29,2026-01-29,DELIVERED
SHP-000887-1,ORD-000887-1,SUP-0063,2026-02-28,2026-02-28,DELIVERED
SHP-000887-2,ORD-000887-2,SUP-0063,2026-03-12,2026-03-12,DELIVERED
SHP-000888-1,ORD-000888-1,SUP-0092,2026-08-07,2026-08-07,DELIVERED
SHP-000889-1,ORD-000889-1,SUP-0019,2026-07-27,2026-07-29,DELIVERED
SHP-000889-2,ORD-000889-2,SUP-0019,2026-08-02,2026-08-02,DELIVERED
SHP-000889-3,ORD-000889-3,SUP-0019,2026-07-22,2026-07-22,DELIVERED
SHP-000890-1,ORD-000890-1,SUP-0037,2026-02-05,2026-02-05,DELIVERED
SHP-000890-2,ORD-000890-2,SUP-0037,2026-01-25,2026-01-25,DELIVERED
SHP-000890-3,ORD-000890-3,SUP-0037,2026-02-12,2026-02-14,DELIVERED
SHP-000890-4,ORD-000890-4,SUP-0037,2026-01-16,2026-01-18,DELIVERED
SHP-000891-1,ORD-000891-1,SUP-0030,2026-03-12,2026-03-12,DELIVERED
SHP-000891-2,ORD-000891-2,SUP-0030,2026-03-25,2026-03-25,DELIVERED
SHP-000892-1,ORD-000892-1,SUP-0099,2026-06-02,2026-06-02,DELIVERED
SHP-000892-2,ORD-000892-2,SUP-0099,2026-06-07,2026-06-08,DELIVERED
SHP-000892-3,ORD-000892-3,SUP-0099,2026-05-31,2026-05-31,DELIVERED
SHP-000893-1,ORD-000893-1,SUP-0013,2026-09-26,2026-09-26,IN_TRANSIT
SHP-000893-2,ORD-000893-2,SUP-0013,2026-09-20,2026-09-20,IN_TRANSIT
SHP-000894-1,ORD-000894-1,SUP-0098,2026-04-06,2026-04-06,DELIVERED
SHP-000895-1,ORD-000895-1,SUP-0100,2026-02-26,2026-02-27,DELIVERED
SHP-000895-2,ORD-000895-2,SUP-0100,2026-03-15,2026-03-15,DELIVERED
SHP-000895-3,ORD-000895-3,SUP-0100,2026-03-05,2026-03-07,DELIVERED
SHP-000896-1,ORD-000896-1,SUP-0033,2026-09-05,2026-09-07,IN_TRANSIT
SHP-000897-1,ORD-000897-1,SUP-0105,2026-05-18,2026-05-20,DELIVERED
SHP-000898-1,ORD-000898-1,SUP-0100,2026-03-20,2026-03-21,DELIVERED
SHP-000899-1,ORD-000899-1,SUP-0042,2026-03-13,2026-03-13,DELIVERED
SHP-000899-2,ORD-000899-2,SUP-0042,2026-03-22,2026-03-22,DELIVERED
SHP-000899-3,ORD-000899-3,SUP-0042,2026-03-08,2026-03-08,DELIVERED
SHP-000899-4,ORD-000899-4,SUP-0042,2026-03-12,2026-03-13,DELIVERED
SHP-000900-1,ORD-000900-1,SUP-0064,2026-02-23,2026-02-23,DELIVERED
SHP-000900-2,ORD-000900-2,SUP-0064,2026-02-16,2026-02-16,DELIVERED
SHP-000900-3,ORD-000900-3,SUP-0064,2026-02-19,2026-02-19,DELIVERED
SHP-000901-1,ORD-000901-1,SUP-0109,2026-02-16,2026-02-16,DELIVERED
SHP-000902-1,ORD-000902-1,SUP-0004,2026-04-12,2026-04-12,DELIVERED
SHP-000902-2,ORD-000902-2,SUP-0004,2026-04-08,2026-04-08,DELIVERED
SHP-000903-1,ORD-000903-1,SUP-0074,2026-06-27,2026-06-27,DELIVERED
SHP-000904-1,ORD-000904-1,SUP-0104,2026-09-16,2026-09-16,IN_TRANSIT
SHP-000905-1,ORD-000905-1,SUP-0085,2026-04-02,2026-04-02,DELIVERED
SHP-000906-1,ORD-000906-1,SUP-0061,2026-05-10,2026-05-10,DELIVERED
SHP-000906-2,ORD-000906-2,SUP-0061,2026-05-08,2026-05-08,DELIVERED
SHP-000907-1,ORD-000907-1,SUP-0094,2026-03-06,2026-03-08,DELIVERED
SHP-000907-2,ORD-000907-2,SUP-0094,2026-03-02,2026-03-02,DELIVERED
SHP-000908-1,ORD-000908-1,SUP-0056,2026-07-06,2026-07-07,DELIVERED
SHP-000908-2,ORD-000908-2,SUP-0056,2026-06-29,2026-07-01,DELIVERED
SHP-000908-3,ORD-000908-3,SUP-0056,2026-07-04,2026-07-06,DELIVERED
SHP-000909-1,ORD-000909-1,SUP-0064,2026-02-11,2026-02-11,DELIVERED
SHP-000909-2,ORD-000909-2,SUP-0064,2026-02-15,2026-02-15,DELIVERED
SHP-000909-3,ORD-000909-3,SUP-0064,2026-02-13,2026-02-13,DELIVERED
SHP-000910-1,ORD-000910-1,SUP-0015,2026-07-05,2026-07-06,DELIVERED
SHP-000911-1,ORD-000911-1,SUP-0019,2026-08-07,2026-08-09,DELIVERED
SHP-000911-2,ORD-000911-2,SUP-0019,2026-08-12,2026-08-12,DELIVERED
SHP-000911-3,ORD-000911-3,SUP-0019,2026-08-03,2026-08-03,DELIVERED
SHP-000912-1,ORD-000912-1,SUP-0025,2026-05-26,2026-05-27,DELIVERED
SHP-000912-2,ORD-000912-2,SUP-0025,2026-06-07,2026-06-08,DELIVERED
SHP-000912-3,ORD-000912-3,SUP-0025,2026-06-03,2026-06-03,DELIVERED
SHP-000912-4,ORD-000912-4,SUP-0025,2026-05-25,2026-05-25,DELIVERED
SHP-000913-1,ORD-000913-1,SUP-0055,2026-05-28,2026-05-28,DELIVERED
SHP-000913-2,ORD-000913-2,SUP-0055,2026-05-21,2026-05-21,DELIVERED
SHP-000913-3,ORD-000913-3,SUP-0055,2026-05-20,2026-05-20,DELIVERED
SHP-000913-4,ORD-000913-4,SUP-0055,2026-05-19,2026-05-21,DELIVERED
SHP-000914-1,ORD-000914-1,SUP-0066,2026-02-15,2026-02-16,DELIVERED
SHP-000914-2,ORD-000914-2,SUP-0066,2026-02-08,2026-02-08,DELIVERED
SHP-000914-3,ORD-000914-3,SUP-0066,2026-03-02,2026-03-04,DELIVERED
SHP-000915-1,ORD-000915-1,SUP-0110,2026-06-30,2026-07-02,DELIVERED
SHP-000915-2,ORD-000915-2,SUP-0110,2026-06-28,2026-06-28,DELIVERED
SHP-000916-1,ORD-000916-1,SUP-0014,2026-08-10,2026-08-12,DELIVERED
SHP-000916-2,ORD-000916-2,SUP-0014,2026-08-01,2026-08-02,DELIVERED
SHP-000916-3,ORD-000916-3,SUP-0014,2026-07-30,2026-07-30,DELIVERED
SHP-000917-1,ORD-000917-1,SUP-0110,2026-05-03,2026-05-03,DELIVERED
SHP-000917-2,ORD-000917-2,SUP-0110,2026-04-14,2026-04-14,DELIVERED
SHP-000917-3,ORD-000917-3,SUP-0110,2026-04-29,2026-04-30,DELIVERED
SHP-000918-1,ORD-000918-1,SUP-0069,2026-02-17,2026-02-17,DELIVERED
SHP-000918-2,ORD-000918-2,SUP-0069,2026-02-21,2026-02-22,DELIVERED
SHP-000919-1,ORD-000919-1,SUP-0016,2026-07-11,2026-07-11,DELIVERED
SHP-000919-2,ORD-000919-2,SUP-0016,2026-07-09,2026-07-09,DELIVERED
SHP-000920-1,ORD-000920-1,SUP-0006,2026-07-20,2026-07-20,DELIVERED
SHP-000921-1,ORD-000921-1,SUP-0012,2026-09-23,2026-09-23,IN_TRANSIT
SHP-000921-2,ORD-000921-2,SUP-0012,2026-09-01,2026-09-01,DELIVERED
SHP-000921-3,ORD-000921-3,SUP-0012,2026-09-11,2026-09-11,IN_TRANSIT
SHP-000921-4,ORD-000921-4,SUP-0012,2026-09-09,2026-09-09,IN_TRANSIT
SHP-000922-1,ORD-000922-1,SUP-0038,2026-02-03,2026-02-03,DELIVERED
SHP-000922-2,ORD-000922-2,SUP-0038,2026-02-24,2026-02-24,DELIVERED
SHP-000923-1,ORD-000923-1,SUP-0107,2026-05-12,2026-05-12,DELIVERED
SHP-000923-2,ORD-000923-2,SUP-0107,2026-05-15,2026-05-16,DELIVERED
SHP-000923-3,ORD-000923-3,SUP-0107,2026-06-01,2026-06-01,DELIVERED
SHP-000924-1,ORD-000924-1,SUP-0035,2026-09-05,2026-09-05,IN_TRANSIT
SHP-000924-2,ORD-000924-2,SUP-0035,2026-09-01,2026-09-02,IN_TRANSIT
SHP-000924-3,ORD-000924-3,SUP-0035,2026-09-09,2026-09-09,IN_TRANSIT
SHP-000924-4,ORD-000924-4,SUP-0035,2026-09-01,2026-09-01,DELIVERED
SHP-000925-1,ORD-000925-1,SUP-0095,2026-06-15,2026-06-15,DELIVERED
SHP-000926-1,ORD-000926-1,SUP-0031,2026-06-11,2026-06-13,DELIVERED
SHP-000926-2,ORD-000926-2,SUP-0031,2026-05-29,2026-05-31,DELIVERED
SHP-000927-1,ORD-000927-1,SUP-0018,2026-01-26,2026-01-28,DELIVERED
SHP-000927-2,ORD-000927-2,SUP-0018,2026-02-18,2026-02-20,DELIVERED
SHP-000928-1,ORD-000928-1,SUP-0011,2026-05-05,2026-05-05,DELIVERED
SHP-000928-2,ORD-000928-2,SUP-0011,2026-05-10,2026-05-12,DELIVERED
SHP-000928-3,ORD-000928-3,SUP-0011,2026-05-21,2026-05-21,DELIVERED
SHP-000929-1,ORD-000929-1,SUP-0057,2026-02-17,2026-02-17,DELIVERED
SHP-000929-2,ORD-000929-2,SUP-0057,2026-02-07,2026-02-07,DELIVERED
SHP-000930-1,ORD-000930-1,SUP-0011,2026-06-22,2026-06-22,DELIVERED
SHP-000930-2,ORD-000930-2,SUP-0011,2026-06-30,2026-07-01,DELIVERED
SHP-000930-3,ORD-000930-3,SUP-0011,2026-06-10,2026-06-10,DELIVERED
SHP-000931-1,ORD-000931-1,SUP-0077,2026-01-24,2026-01-26,DELIVERED
SHP-000931-2,ORD-000931-2,SUP-0077,2026-01-24,2026-01-26,DELIVERED
SHP-000931-3,ORD-000931-3,SUP-0077,2026-01-13,2026-01-13,DELIVERED
SHP-000931-4,ORD-000931-4,SUP-0077,2026-01-27,2026-01-27,DELIVERED
SHP-000932-1,ORD-000932-1,SUP-0047,2026-08-15,2026-08-16,DELIVERED
SHP-000933-1,ORD-000933-1,SUP-0027,2026-04-25,2026-04-25,DELIVERED
SHP-000933-2,ORD-000933-2,SUP-0027,2026-05-09,2026-05-09,DELIVERED
SHP-000933-3,ORD-000933-3,SUP-0027,2026-05-17,2026-05-17,DELIVERED
SHP-000934-1,ORD-000934-1,SUP-0034,2026-09-09,2026-09-09,IN_TRANSIT
SHP-000934-2,ORD-000934-2,SUP-0034,2026-08-31,2026-08-31,DELIVERED
SHP-000934-3,ORD-000934-3,SUP-0034,2026-09-08,2026-09-09,IN_TRANSIT
SHP-000934-4,ORD-000934-4,SUP-0034,2026-09-09,2026-09-11,IN_TRANSIT
SHP-000935-1,ORD-000935-1,SUP-0083,2026-05-21,2026-05-23,DELIVERED
SHP-000935-2,ORD-000935-2,SUP-0083,2026-05-07,2026-05-07,DELIVERED
SHP-000936-1,ORD-000936-1,SUP-0011,2026-09-09,2026-09-09,IN_TRANSIT
SHP-000936-2,ORD-000936-2,SUP-0011,2026-09-04,2026-09-04,IN_TRANSIT
SHP-000936-3,ORD-000936-3,SUP-0011,2026-09-15,2026-09-15,IN_TRANSIT
SHP-000937-1,ORD-000937-1,SUP-0038,2026-09-06,2026-09-06,IN_TRANSIT
SHP-000938-1,ORD-000938-1,SUP-0111,2026-05-29,2026-05-31,DELIVERED
SHP-000939-1,ORD-000939-1,SUP-0090,2026-08-16,2026-08-16,DELIVERED
SHP-000939-2,ORD-000939-2,SUP-0090,2026-08-25,2026-08-25,DELIVERED
SHP-000940-1,ORD-000940-1,SUP-0118,2026-03-20,2026-03-20,DELIVERED
SHP-000940-2,ORD-000940-2,SUP-0118,2026-03-11,2026-03-11,DELIVERED
SHP-000941-1,ORD-000941-1,SUP-0013,2026-06-18,2026-06-18,DELIVERED
SHP-000942-1,ORD-000942-1,SUP-0081,2026-05-18,2026-05-18,DELIVERED
SHP-000942-2,ORD-000942-2,SUP-0081,2026-05-27,2026-05-27,DELIVERED
SHP-000942-3,ORD-000942-3,SUP-0081,2026-06-13,2026-06-15,DELIVERED
SHP-000943-1,ORD-000943-1,SUP-0115,2026-01-23,2026-01-23,DELIVERED
SHP-000944-1,ORD-000944-1,SUP-0071,2026-09-05,2026-09-06,IN_TRANSIT
SHP-000944-2,ORD-000944-2,SUP-0071,2026-08-17,2026-08-18,DELIVERED
SHP-000945-1,ORD-000945-1,SUP-0118,2026-08-27,2026-08-27,DELIVERED
SHP-000945-2,ORD-000945-2,SUP-0118,2026-09-10,2026-09-12,IN_TRANSIT
SHP-000945-3,ORD-000945-3,SUP-0118,2026-09-03,2026-09-03,IN_TRANSIT
SHP-000945-4,ORD-000945-4,SUP-0118,2026-09-08,2026-09-08,IN_TRANSIT
SHP-000946-1,ORD-000946-1,SUP-0108,2026-06-28,2026-06-30,DELIVERED
SHP-000946-2,ORD-000946-2,SUP-0108,2026-06-22,2026-06-23,DELIVERED
SHP-000947-1,ORD-000947-1,SUP-0036,2026-04-20,2026-04-22,DELIVERED
SHP-000947-2,ORD-000947-2,SUP-0036,2026-04-30,2026-04-30,DELIVERED
SHP-000947-3,ORD-000947-3,SUP-0036,2026-04-21,2026-04-22,DELIVERED
SHP-000948-1,ORD-000948-1,SUP-0056,2026-06-01,2026-06-01,DELIVERED
SHP-000948-2,ORD-000948-2,SUP-0056,2026-06-09,2026-06-10,DELIVERED
SHP-000949-1,ORD-000949-1,SUP-0114,2026-08-17,2026-08-17,DELIVERED
SHP-000949-2,ORD-000949-2,SUP-0114,2026-08-14,2026-08-14,DELIVERED
SHP-000949-3,ORD-000949-3,SUP-0114,2026-08-26,2026-08-28,DELIVERED
SHP-000949-4,ORD-000949-4,SUP-0114,2026-08-10,2026-08-11,DELIVERED
SHP-000950-1,ORD-000950-1,SUP-0081,2026-05-27,2026-05-27,DELIVERED
SHP-000950-2,ORD-000950-2,SUP-0081,2026-05-14,2026-05-14,DELIVERED
SHP-000951-1,ORD-000951-1,SUP-0102,2026-08-03,2026-08-03,DELIVERED
SHP-000951-2,ORD-000951-2,SUP-0102,2026-07-30,2026-07-30,DELIVERED
SHP-000952-1,ORD-000952-1,SUP-0086,2026-05-29,2026-05-29,DELIVERED
SHP-000953-1,ORD-000953-1,SUP-0103,2026-04-14,2026-04-16,DELIVERED
SHP-000953-2,ORD-000953-2,SUP-0103,2026-04-12,2026-04-12,DELIVERED
SHP-000953-3,ORD-000953-3,SUP-0103,2026-04-15,2026-04-15,DELIVERED
SHP-000953-4,ORD-000953-4,SUP-0103,2026-04-05,2026-04-07,DELIVERED
SHP-000954-1,ORD-000954-1,SUP-0032,2026-04-29,2026-04-29,DELIVERED
SHP-000955-1,ORD-000955-1,SUP-0023,2026-02-24,2026-02-26,DELIVERED
SHP-000955-2,ORD-000955-2,SUP-0023,2026-02-21,2026-02-22,DELIVERED
SHP-000955-3,ORD-000955-3,SUP-0023,2026-02-20,2026-02-21,DELIVERED
SHP-000956-1,ORD-000956-1,SUP-0115,2026-07-18,2026-07-18,DELIVERED
SHP-000956-2,ORD-000956-2,SUP-0115,2026-07-12,2026-07-12,DELIVERED
SHP-000956-3,ORD-000956-3,SUP-0115,2026-07-01,2026-07-01,DELIVERED
SHP-000957-1,ORD-000957-1,SUP-0053,2026-03-03,2026-03-03,DELIVERED
SHP-000957-2,ORD-000957-2,SUP-0053,2026-03-14,2026-03-14,DELIVERED
SHP-000957-3,ORD-000957-3,SUP-0053,2026-02-26,2026-02-26,DELIVERED
SHP-000958-1,ORD-000958-1,SUP-0053,2026-09-13,2026-09-15,IN_TRANSIT
SHP-000958-2,ORD-000958-2,SUP-0053,2026-09-14,2026-09-14,IN_TRANSIT
SHP-000958-3,ORD-000958-3,SUP-0053,2026-09-09,2026-09-09,IN_TRANSIT
SHP-000958-4,ORD-000958-4,SUP-0053,2026-09-18,2026-09-18,IN_TRANSIT
SHP-000959-1,ORD-000959-1,SUP-0110,2026-08-22,2026-08-24,DELIVERED
SHP-000959-2,ORD-000959-2,SUP-0110,2026-08-16,2026-08-16,DELIVERED
SHP-000960-1,ORD-000960-1,SUP-0107,2026-05-26,2026-05-26,DELIVERED
SHP-000960-2,ORD-000960-2,SUP-0107,2026-05-24,2026-05-24,DELIVERED
SHP-000961-1,ORD-000961-1,SUP-0081,2026-08-27,2026-08-29,DELIVERED
SHP-000961-2,ORD-000961-2,SUP-0081,2026-08-23,2026-08-23,DELIVERED
SHP-000961-3,ORD-000961-3,SUP-0081,2026-08-18,2026-08-19,DELIVERED
SHP-000961-4,ORD-000961-4,SUP-0081,2026-08-31,2026-09-01,DELIVERED
SHP-000962-1,ORD-000962-1,SUP-0021,2026-07-19,2026-07-19,DELIVERED
SHP-000962-2,ORD-000962-2,SUP-0021,2026-08-01,2026-08-02,DELIVERED
SHP-000962-3,ORD-000962-3,SUP-0021,2026-08-02,2026-08-04,DELIVERED
SHP-000962-4,ORD-000962-4,SUP-0021,2026-07-22,2026-07-24,DELIVERED
SHP-000963-1,ORD-000963-1,SUP-0087,2026-02-05,2026-02-05,DELIVERED
SHP-000963-2,ORD-000963-2,SUP-0087,2026-02-10,2026-02-11,DELIVERED
SHP-000964-1,ORD-000964-1,SUP-0014,2026-06-01,2026-06-03,DELIVERED
SHP-000965-1,ORD-000965-1,SUP-0021,2026-05-07,2026-05-08,DELIVERED
SHP-000965-2,ORD-000965-2,SUP-0021,2026-04-26,2026-04-26,DELIVERED
SHP-000966-1,ORD-000966-1,SUP-0028,2026-02-18,2026-02-18,DELIVERED
SHP-000966-2,ORD-000966-2,SUP-0028,2026-02-05,2026-02-07,DELIVERED
SHP-000966-3,ORD-000966-3,SUP-0028,2026-02-04,2026-02-04,DELIVERED
SHP-000967-1,ORD-000967-1,SUP-0007,2026-05-12,2026-05-12,DELIVERED
SHP-000968-1,ORD-000968-1,SUP-0116,2026-07-23,2026-07-23,DELIVERED
SHP-000968-2,ORD-000968-2,SUP-0116,2026-08-12,2026-08-12,DELIVERED
SHP-000969-1,ORD-000969-1,SUP-0034,2026-03-15,2026-03-15,DELIVERED
SHP-000969-2,ORD-000969-2,SUP-0034,2026-03-16,2026-03-16,DELIVERED
SHP-000969-3,ORD-000969-3,SUP-0034,2026-02-28,2026-02-28,DELIVERED
SHP-000969-4,ORD-000969-4,SUP-0034,2026-03-10,2026-03-12,DELIVERED
SHP-000970-1,ORD-000970-1,SUP-0070,2026-05-13,2026-05-13,DELIVERED
SHP-000970-2,ORD-000970-2,SUP-0070,2026-05-08,2026-05-08,DELIVERED
SHP-000970-3,ORD-000970-3,SUP-0070,2026-05-18,2026-05-18,DELIVERED
SHP-000970-4,ORD-000970-4,SUP-0070,2026-05-03,2026-05-03,DELIVERED
SHP-000971-1,ORD-000971-1,SUP-0012,2026-07-26,2026-07-26,DELIVERED
SHP-000972-1,ORD-000972-1,SUP-0052,2026-08-10,2026-08-11,DELIVERED
SHP-000973-1,ORD-000973-1,SUP-0059,2026-06-05,2026-06-05,DELIVERED
SHP-000973-2,ORD-000973-2,SUP-0059,2026-06-02,2026-06-04,DELIVERED
SHP-000974-1,ORD-000974-1,SUP-0089,2026-07-13,2026-07-15,DELIVERED
SHP-000974-2,ORD-000974-2,SUP-0089,2026-07-10,2026-07-10,DELIVERED
SHP-000974-3,ORD-000974-3,SUP-0089,2026-07-25,2026-07-26,DELIVERED
SHP-000975-1,ORD-000975-1,SUP-0012,2026-09-24,2026-09-24,IN_TRANSIT
SHP-000975-2,ORD-000975-2,SUP-0012,2026-09-13,2026-09-13,IN_TRANSIT
SHP-000975-3,ORD-000975-3,SUP-0012,2026-09-25,2026-09-27,IN_TRANSIT
SHP-000975-4,ORD-000975-4,SUP-0012,2026-09-26,2026-09-26,IN_TRANSIT
SHP-000976-1,ORD-000976-1,SUP-0110,2026-06-14,2026-06-14,DELIVERED
SHP-000976-2,ORD-000976-2,SUP-0110,2026-05-27,2026-05-28,DELIVERED
SHP-000977-1,ORD-000977-1,SUP-0083,2026-07-22,2026-07-22,DELIVERED
SHP-000977-2,ORD-000977-2,SUP-0083,2026-07-28,2026-07-29,DELIVERED
SHP-000977-3,ORD-000977-3,SUP-0083,2026-07-31,2026-07-31,DELIVERED
SHP-000978-1,ORD-000978-1,SUP-0022,2026-09-15,2026-09-16,IN_TRANSIT
SHP-000978-2,ORD-000978-2,SUP-0022,2026-09-06,2026-09-06,IN_TRANSIT
SHP-000978-3,ORD-000978-3,SUP-0022,2026-09-24,2026-09-24,IN_TRANSIT
SHP-000979-1,ORD-000979-1,SUP-0082,2026-07-22,2026-07-22,DELIVERED
SHP-000979-2,ORD-000979-2,SUP-0082,2026-07-14,2026-07-14,DELIVERED
SHP-000979-3,ORD-000979-3,SUP-0082,2026-07-28,2026-07-28,DELIVERED
SHP-000979-4,ORD-000979-4,SUP-0082,2026-07-20,2026-07-20,DELIVERED
SHP-000980-1,ORD-000980-1,SUP-0074,2026-05-03,2026-05-05,DELIVERED
SHP-000980-2,ORD-000980-2,SUP-0074,2026-05-03,2026-05-03,DELIVERED
SHP-000981-1,ORD-000981-1,SUP-0083,2026-06-10,2026-06-10,DELIVERED
SHP-000981-2,ORD-000981-2,SUP-0083,2026-05-30,2026-05-30,DELIVERED
SHP-000981-3,ORD-000981-3,SUP-0083,2026-06-17,2026-06-17,DELIVERED
SHP-000982-1,ORD-000982-1,SUP-0119,2026-09-20,2026-09-20,IN_TRANSIT
SHP-000982-2,ORD-000982-2,SUP-0119,2026-09-08,2026-09-08,IN_TRANSIT
SHP-000983-1,ORD-000983-1,SUP-0108,2026-03-16,2026-03-16,DELIVERED
SHP-000983-2,ORD-000983-2,SUP-0108,2026-03-28,2026-03-28,DELIVERED
SHP-000983-3,ORD-000983-3,SUP-0108,2026-03-22,2026-03-24,DELIVERED
SHP-000984-1,ORD-000984-1,SUP-0013,2026-08-22,2026-08-22,DELIVERED
SHP-000985-1,ORD-000985-1,SUP-0037,2026-02-08,2026-02-09,DELIVERED
SHP-000985-2,ORD-000985-2,SUP-0037,2026-02-17,2026-02-17,DELIVERED
SHP-000985-3,ORD-000985-3,SUP-0037,2026-02-04,2026-02-04,DELIVERED
SHP-000985-4,ORD-000985-4,SUP-0037,2026-01-25,2026-01-25,DELIVERED
SHP-000986-1,ORD-000986-1,SUP-0120,2026-06-15,2026-06-16,DELIVERED
SHP-000986-2,ORD-000986-2,SUP-0120,2026-06-15,2026-06-15,DELIVERED
SHP-000986-3,ORD-000986-3,SUP-0120,2026-06-17,2026-06-17,DELIVERED
SHP-000986-4,ORD-000986-4,SUP-0120,2026-06-29,2026-06-29,DELIVERED
SHP-000987-1,ORD-000987-1,SUP-0094,2026-05-02,2026-05-02,DELIVERED
SHP-000987-2,ORD-000987-2,SUP-0094,2026-04-12,2026-04-12,DELIVERED
SHP-000987-3,ORD-000987-3,SUP-0094,2026-04-15,2026-04-15,DELIVERED
SHP-000988-1,ORD-000988-1,SUP-0048,2026-06-20,2026-06-20,DELIVERED
SHP-000989-1,ORD-000989-1,SUP-0009,2026-02-03,2026-02-03,DELIVERED
SHP-000990-1,ORD-000990-1,SUP-0088,2026-04-14,2026-04-14,DELIVERED
SHP-000990-2,ORD-000990-2,SUP-0088,2026-04-19,2026-04-19,DELIVERED
SHP-000990-3,ORD-000990-3,SUP-0088,2026-04-23,2026-04-23,DELIVERED
SHP-000990-4,ORD-000990-4,SUP-0088,2026-04-15,2026-04-15,DELIVERED
SHP-000991-1,ORD-000991-1,SUP-0118,2026-03-30,2026-03-30,DELIVERED
SHP-000991-2,ORD-000991-2,SUP-0118,2026-03-28,2026-03-28,DELIVERED
SHP-000992-1,ORD-000992-1,SUP-0081,2026-06-25,2026-06-26,DELIVERED
SHP-000993-1,ORD-000993-1,SUP-0021,2026-07-30,2026-08-01,DELIVERED
SHP-000994-1,ORD-000994-1,SUP-0091,2026-07-12,2026-07-12,DELIVERED
SHP-000994-2,ORD-000994-2,SUP-0091,2026-07-09,2026-07-10,DELIVERED
SHP-000994-3,ORD-000994-3,SUP-0091,2026-07-03,2026-07-05,DELIVERED
SHP-000995-1,ORD-000995-1,SUP-0012,2026-04-26,2026-04-27,DELIVERED
SHP-000996-1,ORD-000996-1,SUP-0016,2026-03-20,2026-03-22,DELIVERED
SHP-000996-2,ORD-000996-2,SUP-0016,2026-02-28,2026-02-28,DELIVERED
SHP-000997-1,ORD-000997-1,SUP-0020,2026-07-24,2026-07-24,DELIVERED
SHP-000998-1,ORD-000998-1,SUP-0031,2026-03-29,2026-03-29,DELIVERED
SHP-000998-2,ORD-000998-2,SUP-0031,2026-03-28,2026-03-29,DELIVERED
SHP-000998-3,ORD-000998-3,SUP-0031,2026-03-28,2026-03-28,DELIVERED
SHP-000999-1,ORD-000999-1,SUP-0032,2026-06-26,2026-06-28,DELIVERED
SHP-000999-2,ORD-000999-2,SUP-0032,2026-06-17,2026-06-19,DELIVERED
SHP-000999-3,ORD-000999-3,SUP-0032,2026-06-10,2026-06-10,DELIVERED
SHP-000999-4,ORD-000999-4,SUP-0032,2026-06-22,2026-06-24,DELIVERED
SHP-001000-1,ORD-001000-1,SUP-0117,2026-07-17,2026-07-17,DELIVERED
SHP-001000-2,ORD-001000-2,SUP-0117,2026-08-01,2026-08-02,DELIVERED
SHP-001000-3,ORD-001000-3,SUP-0117,2026-07-12,2026-07-12,DELIVERED
SHP-001001-1,ORD-001001-1,SUP-0034,2026-07-08,2026-07-10,DELIVERED
SHP-001001-2,ORD-001001-2,SUP-0034,2026-07-07,2026-07-09,DELIVERED
SHP-001001-3,ORD-001001-3,SUP-0034,2026-06-24,2026-06-24,DELIVERED
SHP-001001-4,ORD-001001-4,SUP-0034,2026-06-28,2026-06-28,DELIVERED
SHP-001002-1,ORD-001002-1,SUP-0105,2026-02-12,2026-02-14,DELIVERED
SHP-001002-2,ORD-001002-2,SUP-0105,2026-02-09,2026-02-09,DELIVERED
SHP-001003-1,ORD-001003-1,SUP-0026,2026-04-06,2026-04-07,DELIVERED
SHP-001003-2,ORD-001003-2,SUP-0026,2026-04-16,2026-04-18,DELIVERED
SHP-001004-1,ORD-001004-1,SUP-0064,2026-06-15,2026-06-15,DELIVERED
SHP-001004-2,ORD-001004-2,SUP-0064,2026-06-27,2026-06-28,DELIVERED
SHP-001004-3,ORD-001004-3,SUP-0064,2026-06-25,2026-06-27,DELIVERED
SHP-001004-4,ORD-001004-4,SUP-0064,2026-06-25,2026-06-26,DELIVERED
SHP-001005-1,ORD-001005-1,SUP-0052,2026-02-23,2026-02-23,DELIVERED
SHP-001006-1,ORD-001006-1,SUP-0085,2026-09-13,2026-09-15,IN_TRANSIT
SHP-001006-2,ORD-001006-2,SUP-0085,2026-09-14,2026-09-14,IN_TRANSIT
SHP-001007-1,ORD-001007-1,SUP-0069,2026-07-01,2026-07-01,DELIVERED
SHP-001008-1,ORD-001008-1,SUP-0037,2026-08-24,2026-08-24,DELIVERED
SHP-001008-2,ORD-001008-2,SUP-0037,2026-08-09,2026-08-10,DELIVERED
SHP-001009-1,ORD-001009-1,SUP-0017,2026-09-08,2026-09-08,IN_TRANSIT
SHP-001009-2,ORD-001009-2,SUP-0017,2026-09-05,2026-09-07,IN_TRANSIT
SHP-001009-3,ORD-001009-3,SUP-0017,2026-08-25,2026-08-26,DELIVERED
SHP-001010-1,ORD-001010-1,SUP-0016,2026-04-05,2026-04-05,DELIVERED
SHP-001010-2,ORD-001010-2,SUP-0016,2026-03-24,2026-03-24,DELIVERED
SHP-001010-3,ORD-001010-3,SUP-0016,2026-03-20,2026-03-21,DELIVERED
SHP-001011-1,ORD-001011-1,SUP-0016,2026-07-07,2026-07-09,DELIVERED
SHP-001011-2,ORD-001011-2,SUP-0016,2026-06-27,2026-06-28,DELIVERED
SHP-001011-3,ORD-001011-3,SUP-0016,2026-06-30,2026-06-30,DELIVERED
SHP-001011-4,ORD-001011-4,SUP-0016,2026-07-06,2026-07-06,DELIVERED
SHP-001012-1,ORD-001012-1,SUP-0044,2026-03-25,2026-03-25,DELIVERED
SHP-001013-1,ORD-001013-1,SUP-0016,2026-07-06,2026-07-06,DELIVERED
SHP-001013-2,ORD-001013-2,SUP-0016,2026-07-07,2026-07-09,DELIVERED
SHP-001013-3,ORD-001013-3,SUP-0016,2026-07-03,2026-07-04,DELIVERED
SHP-001013-4,ORD-001013-4,SUP-0016,2026-07-01,2026-07-01,DELIVERED
SHP-001014-1,ORD-001014-1,SUP-0018,2026-05-30,2026-05-30,DELIVERED
SHP-001015-1,ORD-001015-1,SUP-0005,2026-01-23,2026-01-23,DELIVERED
SHP-001015-2,ORD-001015-2,SUP-0005,2026-02-06,2026-02-06,DELIVERED
SHP-001016-1,ORD-001016-1,SUP-0070,2026-05-21,2026-05-21,DELIVERED
SHP-001016-2,ORD-001016-2,SUP-0070,2026-05-27,2026-05-27,DELIVERED
SHP-001016-3,ORD-001016-3,SUP-0070,2026-06-11,2026-06-11,DELIVERED
SHP-001016-4,ORD-001016-4,SUP-0070,2026-06-14,2026-06-14,DELIVERED
SHP-001017-1,ORD-001017-1,SUP-0043,2026-02-06,2026-02-06,DELIVERED
SHP-001017-2,ORD-001017-2,SUP-0043,2026-02-17,2026-02-17,DELIVERED
SHP-001017-3,ORD-001017-3,SUP-0043,2026-02-02,2026-02-02,DELIVERED
SHP-001018-1,ORD-001018-1,SUP-0045,2026-05-12,2026-05-14,DELIVERED
SHP-001018-2,ORD-001018-2,SUP-0045,2026-05-23,2026-05-23,DELIVERED
SHP-001018-3,ORD-001018-3,SUP-0045,2026-05-25,2026-05-25,DELIVERED
SHP-001019-1,ORD-001019-1,SUP-0108,2026-09-04,2026-09-04,IN_TRANSIT
SHP-001020-1,ORD-001020-1,SUP-0090,2026-01-27,2026-01-27,DELIVERED
SHP-001020-2,ORD-001020-2,SUP-0090,2026-01-25,2026-01-25,DELIVERED
SHP-001020-3,ORD-001020-3,SUP-0090,2026-01-22,2026-01-22,DELIVERED
SHP-001020-4,ORD-001020-4,SUP-0090,2026-01-30,2026-01-30,DELIVERED
SHP-001021-1,ORD-001021-1,SUP-0070,2026-08-21,2026-08-21,DELIVERED
SHP-001022-1,ORD-001022-1,SUP-0006,2026-07-12,2026-07-14,DELIVERED
SHP-001022-2,ORD-001022-2,SUP-0006,2026-06-26,2026-06-27,DELIVERED
SHP-001022-3,ORD-001022-3,SUP-0006,2026-07-05,2026-07-06,DELIVERED
SHP-001023-1,ORD-001023-1,SUP-0078,2026-02-14,2026-02-14,DELIVERED
SHP-001024-1,ORD-001024-1,SUP-0063,2026-06-14,2026-06-16,DELIVERED
SHP-001024-2,ORD-001024-2,SUP-0063,2026-07-01,2026-07-01,DELIVERED
SHP-001025-1,ORD-001025-1,SUP-0079,2026-08-14,2026-08-15,DELIVERED
SHP-001025-2,ORD-001025-2,SUP-0079,2026-08-07,2026-08-07,DELIVERED
SHP-001026-1,ORD-001026-1,SUP-0012,2026-02-03,2026-02-05,DELIVERED
SHP-001026-2,ORD-001026-2,SUP-0012,2026-02-03,2026-02-03,DELIVERED
SHP-001026-3,ORD-001026-3,SUP-0012,2026-02-14,2026-02-16,DELIVERED
SHP-001027-1,ORD-001027-1,SUP-0038,2026-08-12,2026-08-12,DELIVERED
SHP-001027-2,ORD-001027-2,SUP-0038,2026-08-21,2026-08-23,DELIVERED
SHP-001027-3,ORD-001027-3,SUP-0038,2026-08-18,2026-08-19,DELIVERED
SHP-001027-4,ORD-001027-4,SUP-0038,2026-08-04,2026-08-04,DELIVERED
SHP-001028-1,ORD-001028-1,SUP-0070,2026-05-15,2026-05-15,DELIVERED
SHP-001029-1,ORD-001029-1,SUP-0039,2026-02-16,2026-02-16,DELIVERED
SHP-001029-2,ORD-001029-2,SUP-0039,2026-02-25,2026-02-25,DELIVERED
SHP-001030-1,ORD-001030-1,SUP-0060,2026-06-20,2026-06-20,DELIVERED
SHP-001031-1,ORD-001031-1,SUP-0092,2026-03-17,2026-03-18,DELIVERED
SHP-001031-2,ORD-001031-2,SUP-0092,2026-04-07,2026-04-07,DELIVERED
SHP-001031-3,ORD-001031-3,SUP-0092,2026-04-17,2026-04-18,DELIVERED
SHP-001031-4,ORD-001031-4,SUP-0092,2026-04-07,2026-04-08,DELIVERED
SHP-001032-1,ORD-001032-1,SUP-0024,2026-07-16,2026-07-16,DELIVERED
SHP-001032-2,ORD-001032-2,SUP-0024,2026-07-02,2026-07-03,DELIVERED
SHP-001032-3,ORD-001032-3,SUP-0024,2026-06-30,2026-07-01,DELIVERED
SHP-001033-1,ORD-001033-1,SUP-0002,2026-06-09,2026-06-10,DELIVERED
SHP-001033-2,ORD-001033-2,SUP-0002,2026-06-20,2026-06-22,DELIVERED
SHP-001034-1,ORD-001034-1,SUP-0102,2026-03-30,2026-03-30,DELIVERED
SHP-001034-2,ORD-001034-2,SUP-0102,2026-04-08,2026-04-09,DELIVERED
SHP-001035-1,ORD-001035-1,SUP-0078,2026-05-03,2026-05-05,DELIVERED
SHP-001036-1,ORD-001036-1,SUP-0115,2026-04-21,2026-04-22,DELIVERED
SHP-001036-2,ORD-001036-2,SUP-0115,2026-04-20,2026-04-20,DELIVERED
SHP-001037-1,ORD-001037-1,SUP-0006,2026-04-16,2026-04-16,DELIVERED
SHP-001037-2,ORD-001037-2,SUP-0006,2026-04-12,2026-04-12,DELIVERED
SHP-001037-3,ORD-001037-3,SUP-0006,2026-04-19,2026-04-19,DELIVERED
SHP-001037-4,ORD-001037-4,SUP-0006,2026-04-03,2026-04-05,DELIVERED
SHP-001038-1,ORD-001038-1,SUP-0054,2026-09-08,2026-09-10,IN_TRANSIT
SHP-001039-1,ORD-001039-1,SUP-0074,2026-06-11,2026-06-11,DELIVERED
SHP-001039-2,ORD-001039-2,SUP-0074,2026-06-19,2026-06-19,DELIVERED
SHP-001039-3,ORD-001039-3,SUP-0074,2026-06-11,2026-06-12,DELIVERED
SHP-001039-4,ORD-001039-4,SUP-0074,2026-06-19,2026-06-19,DELIVERED
SHP-001040-1,ORD-001040-1,SUP-0090,2026-07-22,2026-07-22,DELIVERED
SHP-001040-2,ORD-001040-2,SUP-0090,2026-07-18,2026-07-18,DELIVERED
SHP-001040-3,ORD-001040-3,SUP-0090,2026-07-18,2026-07-20,DELIVERED
SHP-001041-1,ORD-001041-1,SUP-0018,2026-02-05,2026-02-05,DELIVERED
SHP-001041-2,ORD-001041-2,SUP-0018,2026-02-05,2026-02-05,DELIVERED
SHP-001041-3,ORD-001041-3,SUP-0018,2026-02-07,2026-02-07,DELIVERED
SHP-001042-1,ORD-001042-1,SUP-0032,2026-07-14,2026-07-15,DELIVERED
SHP-001042-2,ORD-001042-2,SUP-0032,2026-07-15,2026-07-17,DELIVERED
SHP-001042-3,ORD-001042-3,SUP-0032,2026-07-27,2026-07-29,DELIVERED
SHP-001043-1,ORD-001043-1,SUP-0075,2026-03-23,2026-03-24,DELIVERED
SHP-001043-2,ORD-001043-2,SUP-0075,2026-03-01,2026-03-01,DELIVERED
SHP-001043-3,ORD-001043-3,SUP-0075,2026-02-28,2026-02-28,DELIVERED
SHP-001043-4,ORD-001043-4,SUP-0075,2026-03-14,2026-03-15,DELIVERED
SHP-001044-1,ORD-001044-1,SUP-0044,2026-06-25,2026-06-25,DELIVERED
SHP-001044-2,ORD-001044-2,SUP-0044,2026-06-20,2026-06-20,DELIVERED
SHP-001044-3,ORD-001044-3,SUP-0044,2026-06-29,2026-06-29,DELIVERED
SHP-001045-1,ORD-001045-1,SUP-0099,2026-04-29,2026-04-29,DELIVERED
SHP-001046-1,ORD-001046-1,SUP-0030,2026-01-16,2026-01-16,DELIVERED
SHP-001046-2,ORD-001046-2,SUP-0030,2026-01-27,2026-01-28,DELIVERED
SHP-001047-1,ORD-001047-1,SUP-0040,2026-02-16,2026-02-16,DELIVERED
SHP-001047-2,ORD-001047-2,SUP-0040,2026-02-28,2026-02-28,DELIVERED
SHP-001047-3,ORD-001047-3,SUP-0040,2026-02-19,2026-02-21,DELIVERED
SHP-001047-4,ORD-001047-4,SUP-0040,2026-03-01,2026-03-03,DELIVERED
SHP-001048-1,ORD-001048-1,SUP-0051,2026-07-29,2026-07-29,DELIVERED
SHP-001048-2,ORD-001048-2,SUP-0051,2026-07-30,2026-07-30,DELIVERED
SHP-001049-1,ORD-001049-1,SUP-0092,2026-08-04,2026-08-04,DELIVERED
SHP-001049-2,ORD-001049-2,SUP-0092,2026-08-24,2026-08-25,DELIVERED
SHP-001049-3,ORD-001049-3,SUP-0092,2026-08-14,2026-08-16,DELIVERED
SHP-001049-4,ORD-001049-4,SUP-0092,2026-08-21,2026-08-21,DELIVERED
SHP-001050-1,ORD-001050-1,SUP-0105,2026-05-07,2026-05-09,DELIVERED
SHP-001050-2,ORD-001050-2,SUP-0105,2026-04-26,2026-04-26,DELIVERED
SHP-001051-1,ORD-001051-1,SUP-0007,2026-07-30,2026-07-31,DELIVERED
SHP-001051-2,ORD-001051-2,SUP-0007,2026-07-07,2026-07-07,DELIVERED
SHP-001051-3,ORD-001051-3,SUP-0007,2026-07-24,2026-07-25,DELIVERED
SHP-001052-1,ORD-001052-1,SUP-0037,2026-07-15,2026-07-15,DELIVERED
SHP-001052-2,ORD-001052-2,SUP-0037,2026-07-16,2026-07-16,DELIVERED
SHP-001052-3,ORD-001052-3,SUP-0037,2026-07-06,2026-07-07,DELIVERED
SHP-001052-4,ORD-001052-4,SUP-0037,2026-07-07,2026-07-07,DELIVERED
SHP-001053-1,ORD-001053-1,SUP-0078,2026-04-03,2026-04-05,DELIVERED
SHP-001053-2,ORD-001053-2,SUP-0078,2026-03-31,2026-03-31,DELIVERED
SHP-001053-3,ORD-001053-3,SUP-0078,2026-03-23,2026-03-23,DELIVERED
SHP-001054-1,ORD-001054-1,SUP-0002,2026-09-06,2026-09-06,IN_TRANSIT
SHP-001055-1,ORD-001055-1,SUP-0066,2026-08-23,2026-08-23,DELIVERED
SHP-001055-2,ORD-001055-2,SUP-0066,2026-08-23,2026-08-25,DELIVERED
SHP-001055-3,ORD-001055-3,SUP-0066,2026-09-04,2026-09-06,IN_TRANSIT
SHP-001056-1,ORD-001056-1,SUP-0028,2026-08-06,2026-08-08,DELIVERED
SHP-001057-1,ORD-001057-1,SUP-0016,2026-06-20,2026-06-21,DELIVERED
SHP-001057-2,ORD-001057-2,SUP-0016,2026-06-04,2026-06-04,DELIVERED
SHP-001057-3,ORD-001057-3,SUP-0016,2026-06-21,2026-06-21,DELIVERED
SHP-001058-1,ORD-001058-1,SUP-0108,2026-02-08,2026-02-08,DELIVERED
SHP-001058-2,ORD-001058-2,SUP-0108,2026-02-17,2026-02-17,DELIVERED
SHP-001059-1,ORD-001059-1,SUP-0017,2026-08-28,2026-08-28,DELIVERED
SHP-001059-2,ORD-001059-2,SUP-0017,2026-08-25,2026-08-25,DELIVERED
SHP-001059-3,ORD-001059-3,SUP-0017,2026-08-20,2026-08-20,DELIVERED
SHP-001059-4,ORD-001059-4,SUP-0017,2026-09-02,2026-09-02,IN_TRANSIT
SHP-001060-1,ORD-001060-1,SUP-0022,2026-02-10,2026-02-10,DELIVERED
SHP-001061-1,ORD-001061-1,SUP-0009,2026-05-09,2026-05-09,DELIVERED
SHP-001062-1,ORD-001062-1,SUP-0071,2026-08-29,2026-08-29,DELIVERED
SHP-001062-2,ORD-001062-2,SUP-0071,2026-09-02,2026-09-02,IN_TRANSIT
SHP-001062-3,ORD-001062-3,SUP-0071,2026-08-31,2026-08-31,DELIVERED
SHP-001062-4,ORD-001062-4,SUP-0071,2026-08-29,2026-08-29,DELIVERED
SHP-001063-1,ORD-001063-1,SUP-0025,2026-04-20,2026-04-20,DELIVERED
SHP-001064-1,ORD-001064-1,SUP-0059,2026-09-06,2026-09-06,IN_TRANSIT
SHP-001064-2,ORD-001064-2,SUP-0059,2026-09-12,2026-09-13,IN_TRANSIT
SHP-001064-3,ORD-001064-3,SUP-0059,2026-09-07,2026-09-07,IN_TRANSIT
SHP-001065-1,ORD-001065-1,SUP-0116,2026-09-16,2026-09-18,IN_TRANSIT
SHP-001066-1,ORD-001066-1,SUP-0042,2026-05-07,2026-05-07,DELIVERED
SHP-001066-2,ORD-001066-2,SUP-0042,2026-05-02,2026-05-02,DELIVERED
SHP-001066-3,ORD-001066-3,SUP-0042,2026-05-15,2026-05-17,DELIVERED
SHP-001066-4,ORD-001066-4,SUP-0042,2026-05-11,2026-05-13,DELIVERED
SHP-001067-1,ORD-001067-1,SUP-0059,2026-06-10,2026-06-10,DELIVERED
SHP-001068-1,ORD-001068-1,SUP-0048,2026-03-08,2026-03-08,DELIVERED
SHP-001068-2,ORD-001068-2,SUP-0048,2026-03-08,2026-03-08,DELIVERED
SHP-001068-3,ORD-001068-3,SUP-0048,2026-03-02,2026-03-02,DELIVERED
SHP-001068-4,ORD-001068-4,SUP-0048,2026-03-07,2026-03-07,DELIVERED
SHP-001069-1,ORD-001069-1,SUP-0010,2026-04-26,2026-04-26,DELIVERED
SHP-001070-1,ORD-001070-1,SUP-0086,2026-05-15,2026-05-17,DELIVERED
SHP-001071-1,ORD-001071-1,SUP-0092,2026-09-22,2026-09-22,IN_TRANSIT
SHP-001071-2,ORD-001071-2,SUP-0092,2026-09-14,2026-09-14,IN_TRANSIT
SHP-001072-1,ORD-001072-1,SUP-0093,2026-04-11,2026-04-11,DELIVERED
SHP-001072-2,ORD-001072-2,SUP-0093,2026-03-26,2026-03-26,DELIVERED
SHP-001072-3,ORD-001072-3,SUP-0093,2026-04-06,2026-04-07,DELIVERED
SHP-001073-1,ORD-001073-1,SUP-0107,2026-08-09,2026-08-09,DELIVERED
SHP-001074-1,ORD-001074-1,SUP-0053,2026-02-10,2026-02-10,DELIVERED
SHP-001074-2,ORD-001074-2,SUP-0053,2026-01-29,2026-01-29,DELIVERED
SHP-001075-1,ORD-001075-1,SUP-0012,2026-05-27,2026-05-27,DELIVERED
SHP-001075-2,ORD-001075-2,SUP-0012,2026-06-13,2026-06-13,DELIVERED
SHP-001076-1,ORD-001076-1,SUP-0001,2026-02-05,2026-02-05,DELIVERED
SHP-001077-1,ORD-001077-1,SUP-0079,2026-08-19,2026-08-19,DELIVERED
SHP-001078-1,ORD-001078-1,SUP-0096,2026-03-17,2026-03-17,DELIVERED
SHP-001079-1,ORD-001079-1,SUP-0060,2026-08-25,2026-08-25,DELIVERED
SHP-001080-1,ORD-001080-1,SUP-0113,2026-06-26,2026-06-27,DELIVERED
SHP-001080-2,ORD-001080-2,SUP-0113,2026-06-17,2026-06-17,DELIVERED
SHP-001081-1,ORD-001081-1,SUP-0077,2026-03-27,2026-03-27,DELIVERED
SHP-001081-2,ORD-001081-2,SUP-0077,2026-04-20,2026-04-20,DELIVERED
SHP-001081-3,ORD-001081-3,SUP-0077,2026-03-21,2026-03-21,DELIVERED
SHP-001081-4,ORD-001081-4,SUP-0077,2026-04-15,2026-04-15,DELIVERED
SHP-001082-1,ORD-001082-1,SUP-0009,2026-09-01,2026-09-02,IN_TRANSIT
SHP-001082-2,ORD-001082-2,SUP-0009,2026-09-09,2026-09-11,IN_TRANSIT
SHP-001082-3,ORD-001082-3,SUP-0009,2026-09-13,2026-09-13,IN_TRANSIT
SHP-001082-4,ORD-001082-4,SUP-0009,2026-09-11,2026-09-13,IN_TRANSIT
SHP-001083-1,ORD-001083-1,SUP-0065,2026-06-12,2026-06-12,DELIVERED
SHP-001083-2,ORD-001083-2,SUP-0065,2026-06-15,2026-06-15,DELIVERED
SHP-001083-3,ORD-001083-3,SUP-0065,2026-06-26,2026-06-26,DELIVERED
SHP-001084-1,ORD-001084-1,SUP-0051,2026-05-13,2026-05-15,DELIVERED
SHP-001085-1,ORD-001085-1,SUP-0024,2026-06-30,2026-06-30,DELIVERED
SHP-001085-2,ORD-001085-2,SUP-0024,2026-06-12,2026-06-12,DELIVERED
SHP-001085-3,ORD-001085-3,SUP-0024,2026-06-22,2026-06-22,DELIVERED
SHP-001086-1,ORD-001086-1,SUP-0077,2026-03-16,2026-03-16,DELIVERED
SHP-001086-2,ORD-001086-2,SUP-0077,2026-03-09,2026-03-11,DELIVERED
SHP-001086-3,ORD-001086-3,SUP-0077,2026-02-26,2026-02-26,DELIVERED
SHP-001086-4,ORD-001086-4,SUP-0077,2026-02-25,2026-02-25,DELIVERED
SHP-001087-1,ORD-001087-1,SUP-0024,2026-09-17,2026-09-17,IN_TRANSIT
SHP-001088-1,ORD-001088-1,SUP-0011,2026-03-07,2026-03-09,DELIVERED
SHP-001088-2,ORD-001088-2,SUP-0011,2026-02-19,2026-02-19,DELIVERED
SHP-001088-3,ORD-001088-3,SUP-0011,2026-03-06,2026-03-06,DELIVERED
SHP-001089-1,ORD-001089-1,SUP-0109,2026-05-22,2026-05-22,DELIVERED
SHP-001089-2,ORD-001089-2,SUP-0109,2026-05-15,2026-05-17,DELIVERED
SHP-001089-3,ORD-001089-3,SUP-0109,2026-05-15,2026-05-17,DELIVERED
SHP-001090-1,ORD-001090-1,SUP-0016,2026-04-14,2026-04-14,DELIVERED
SHP-001090-2,ORD-001090-2,SUP-0016,2026-03-30,2026-04-01,DELIVERED
SHP-001091-1,ORD-001091-1,SUP-0117,2026-03-20,2026-03-20,DELIVERED
SHP-001091-2,ORD-001091-2,SUP-0117,2026-03-16,2026-03-16,DELIVERED
SHP-001092-1,ORD-001092-1,SUP-0050,2026-02-13,2026-02-14,DELIVERED
SHP-001093-1,ORD-001093-1,SUP-0117,2026-02-14,2026-02-16,DELIVERED
SHP-001093-2,ORD-001093-2,SUP-0117,2026-02-20,2026-02-20,DELIVERED
SHP-001093-3,ORD-001093-3,SUP-0117,2026-02-22,2026-02-22,DELIVERED
SHP-001093-4,ORD-001093-4,SUP-0117,2026-02-10,2026-02-11,DELIVERED
SHP-001094-1,ORD-001094-1,SUP-0059,2026-07-31,2026-07-31,DELIVERED
SHP-001094-2,ORD-001094-2,SUP-0059,2026-07-27,2026-07-28,DELIVERED
SHP-001094-3,ORD-001094-3,SUP-0059,2026-08-07,2026-08-07,DELIVERED
SHP-001095-1,ORD-001095-1,SUP-0037,2026-06-06,2026-06-06,DELIVERED
SHP-001096-1,ORD-001096-1,SUP-0029,2026-03-28,2026-03-29,DELIVERED
SHP-001097-1,ORD-001097-1,SUP-0108,2026-04-15,2026-04-15,DELIVERED
SHP-001097-2,ORD-001097-2,SUP-0108,2026-04-22,2026-04-22,DELIVERED
SHP-001097-3,ORD-001097-3,SUP-0108,2026-05-09,2026-05-09,DELIVERED
SHP-001098-1,ORD-001098-1,SUP-0119,2026-04-17,2026-04-19,DELIVERED
SHP-001098-2,ORD-001098-2,SUP-0119,2026-04-17,2026-04-18,DELIVERED
SHP-001098-3,ORD-001098-3,SUP-0119,2026-04-16,2026-04-16,DELIVERED
SHP-001099-1,ORD-001099-1,SUP-0103,2026-09-04,2026-09-05,IN_TRANSIT
SHP-001099-2,ORD-001099-2,SUP-0103,2026-09-02,2026-09-02,IN_TRANSIT
SHP-001099-3,ORD-001099-3,SUP-0103,2026-09-09,2026-09-09,IN_TRANSIT
SHP-001100-1,ORD-001100-1,SUP-0029,2026-03-16,2026-03-18,DELIVERED
SHP-001101-1,ORD-001101-1,SUP-0101,2026-06-03,2026-06-04,DELIVERED
SHP-001102-1,ORD-001102-1,SUP-0014,2026-06-03,2026-06-05,DELIVERED
SHP-001102-2,ORD-001102-2,SUP-0014,2026-06-14,2026-06-14,DELIVERED
SHP-001102-3,ORD-001102-3,SUP-0014,2026-06-01,2026-06-01,DELIVERED
SHP-001103-1,ORD-001103-1,SUP-0062,2026-02-18,2026-02-18,DELIVERED
SHP-001103-2,ORD-001103-2,SUP-0062,2026-02-20,2026-02-20,DELIVERED
SHP-001104-1,ORD-001104-1,SUP-0066,2026-03-09,2026-03-09,DELIVERED
SHP-001104-2,ORD-001104-2,SUP-0066,2026-03-05,2026-03-05,DELIVERED
SHP-001105-1,ORD-001105-1,SUP-0018,2026-02-22,2026-02-22,DELIVERED
SHP-001105-2,ORD-001105-2,SUP-0018,2026-02-13,2026-02-13,DELIVERED
SHP-001105-3,ORD-001105-3,SUP-0018,2026-02-22,2026-02-22,DELIVERED
SHP-001106-1,ORD-001106-1,SUP-0095,2026-02-17,2026-02-17,DELIVERED
SHP-001107-1,ORD-001107-1,SUP-0092,2026-05-19,2026-05-19,DELIVERED
SHP-001108-1,ORD-001108-1,SUP-0065,2026-04-28,2026-04-28,DELIVERED
SHP-001108-2,ORD-001108-2,SUP-0065,2026-05-13,2026-05-14,DELIVERED
SHP-001108-3,ORD-001108-3,SUP-0065,2026-05-02,2026-05-04,DELIVERED
SHP-001108-4,ORD-001108-4,SUP-0065,2026-05-04,2026-05-04,DELIVERED
SHP-001109-1,ORD-001109-1,SUP-0084,2026-06-15,2026-06-15,DELIVERED
SHP-001109-2,ORD-001109-2,SUP-0084,2026-06-19,2026-06-19,DELIVERED
SHP-001109-3,ORD-001109-3,SUP-0084,2026-07-02,2026-07-03,DELIVERED
SHP-001109-4,ORD-001109-4,SUP-0084,2026-07-04,2026-07-04,DELIVERED
SHP-001110-1,ORD-001110-1,SUP-0103,2026-09-25,2026-09-27,IN_TRANSIT
SHP-001111-1,ORD-001111-1,SUP-0114,2026-09-02,2026-09-03,IN_TRANSIT
SHP-001111-2,ORD-001111-2,SUP-0114,2026-08-29,2026-08-30,DELIVERED
SHP-001111-3,ORD-001111-3,SUP-0114,2026-08-25,2026-08-27,DELIVERED
SHP-001111-4,ORD-001111-4,SUP-0114,2026-09-04,2026-09-04,IN_TRANSIT
SHP-001112-1,ORD-001112-1,SUP-0057,2026-04-21,2026-04-21,DELIVERED
SHP-001112-2,ORD-001112-2,SUP-0057,2026-05-12,2026-05-12,DELIVERED
SHP-001113-1,ORD-001113-1,SUP-0017,2026-04-26,2026-04-27,DELIVERED
SHP-001114-1,ORD-001114-1,SUP-0086,2026-09-25,2026-09-27,IN_TRANSIT
SHP-001114-2,ORD-001114-2,SUP-0086,2026-10-01,2026-10-02,IN_TRANSIT
SHP-001114-3,ORD-001114-3,SUP-0086,2026-09-13,2026-09-13,IN_TRANSIT
SHP-001115-1,ORD-001115-1,SUP-0093,2026-09-18,2026-09-18,IN_TRANSIT
SHP-001115-2,ORD-001115-2,SUP-0093,2026-09-14,2026-09-14,IN_TRANSIT
SHP-001115-3,ORD-001115-3,SUP-0093,2026-09-19,2026-09-19,IN_TRANSIT
SHP-001115-4,ORD-001115-4,SUP-0093,2026-09-06,2026-09-06,IN_TRANSIT
SHP-001116-1,ORD-001116-1,SUP-0104,2026-02-25,2026-02-25,DELIVERED
SHP-001116-2,ORD-001116-2,SUP-0104,2026-02-23,2026-02-25,DELIVERED
SHP-001116-3,ORD-001116-3,SUP-0104,2026-02-16,2026-02-17,DELIVERED
SHP-001116-4,ORD-001116-4,SUP-0104,2026-02-08,2026-02-08,DELIVERED
SHP-001117-1,ORD-001117-1,SUP-0031,2026-05-01,2026-05-01,DELIVERED
SHP-001117-2,ORD-001117-2,SUP-0031,2026-04-21,2026-04-21,DELIVERED
SHP-001117-3,ORD-001117-3,SUP-0031,2026-05-03,2026-05-03,DELIVERED
SHP-001117-4,ORD-001117-4,SUP-0031,2026-05-07,2026-05-07,DELIVERED
SHP-001118-1,ORD-001118-1,SUP-0105,2026-03-10,2026-03-11,DELIVERED
SHP-001118-2,ORD-001118-2,SUP-0105,2026-02-26,2026-02-27,DELIVERED
SHP-001118-3,ORD-001118-3,SUP-0105,2026-03-11,2026-03-13,DELIVERED
SHP-001119-1,ORD-001119-1,SUP-0016,2026-03-23,2026-03-23,DELIVERED
SHP-001120-1,ORD-001120-1,SUP-0032,2026-10-02,2026-10-02,IN_TRANSIT
SHP-001120-2,ORD-001120-2,SUP-0032,2026-10-03,2026-10-04,IN_TRANSIT
SHP-001120-3,ORD-001120-3,SUP-0032,2026-09-08,2026-09-10,IN_TRANSIT
SHP-001121-1,ORD-001121-1,SUP-0083,2026-05-27,2026-05-29,DELIVERED
SHP-001121-2,ORD-001121-2,SUP-0083,2026-05-29,2026-05-29,DELIVERED
SHP-001122-1,ORD-001122-1,SUP-0021,2026-04-24,2026-04-25,DELIVERED
SHP-001122-2,ORD-001122-2,SUP-0021,2026-04-16,2026-04-16,DELIVERED
SHP-001123-1,ORD-001123-1,SUP-0112,2026-07-21,2026-07-21,DELIVERED
SHP-001123-2,ORD-001123-2,SUP-0112,2026-08-03,2026-08-03,DELIVERED
SHP-001124-1,ORD-001124-1,SUP-0053,2026-03-02,2026-03-03,DELIVERED
SHP-001124-2,ORD-001124-2,SUP-0053,2026-03-17,2026-03-17,DELIVERED
SHP-001124-3,ORD-001124-3,SUP-0053,2026-03-08,2026-03-08,DELIVERED
SHP-001125-1,ORD-001125-1,SUP-0062,2026-07-21,2026-07-22,DELIVERED
SHP-001125-2,ORD-001125-2,SUP-0062,2026-07-31,2026-07-31,DELIVERED
SHP-001126-1,ORD-001126-1,SUP-0099,2026-07-27,2026-07-27,DELIVERED
SHP-001126-2,ORD-001126-2,SUP-0099,2026-08-19,2026-08-19,DELIVERED
SHP-001126-3,ORD-001126-3,SUP-0099,2026-08-22,2026-08-22,DELIVERED
SHP-001126-4,ORD-001126-4,SUP-0099,2026-08-23,2026-08-24,DELIVERED
SHP-001127-1,ORD-001127-1,SUP-0101,2026-04-20,2026-04-20,DELIVERED
SHP-001127-2,ORD-001127-2,SUP-0101,2026-04-30,2026-05-02,DELIVERED
SHP-001127-3,ORD-001127-3,SUP-0101,2026-04-18,2026-04-18,DELIVERED
SHP-001128-1,ORD-001128-1,SUP-0110,2026-07-19,2026-07-20,DELIVERED
SHP-001128-2,ORD-001128-2,SUP-0110,2026-07-19,2026-07-20,DELIVERED
SHP-001128-3,ORD-001128-3,SUP-0110,2026-07-18,2026-07-18,DELIVERED
SHP-001129-1,ORD-001129-1,SUP-0066,2026-04-23,2026-04-23,DELIVERED
SHP-001129-2,ORD-001129-2,SUP-0066,2026-05-06,2026-05-06,DELIVERED
SHP-001130-1,ORD-001130-1,SUP-0046,2026-09-17,2026-09-17,IN_TRANSIT
SHP-001131-1,ORD-001131-1,SUP-0100,2026-05-18,2026-05-18,DELIVERED
SHP-001131-2,ORD-001131-2,SUP-0100,2026-05-12,2026-05-12,DELIVERED
SHP-001131-3,ORD-001131-3,SUP-0100,2026-05-23,2026-05-23,DELIVERED
SHP-001132-1,ORD-001132-1,SUP-0072,2026-07-27,2026-07-27,DELIVERED
SHP-001132-2,ORD-001132-2,SUP-0072,2026-07-30,2026-07-30,DELIVERED
SHP-001133-1,ORD-001133-1,SUP-0116,2026-03-13,2026-03-13,DELIVERED
SHP-001133-2,ORD-001133-2,SUP-0116,2026-03-20,2026-03-20,DELIVERED
SHP-001134-1,ORD-001134-1,SUP-0001,2026-07-08,2026-07-08,DELIVERED
SHP-001135-1,ORD-001135-1,SUP-0029,2026-03-21,2026-03-22,DELIVERED
SHP-001135-2,ORD-001135-2,SUP-0029,2026-03-05,2026-03-05,DELIVERED
SHP-001135-3,ORD-001135-3,SUP-0029,2026-03-08,2026-03-08,DELIVERED
SHP-001136-1,ORD-001136-1,SUP-0033,2026-08-03,2026-08-03,DELIVERED
SHP-001136-2,ORD-001136-2,SUP-0033,2026-08-22,2026-08-22,DELIVERED
SHP-001136-3,ORD-001136-3,SUP-0033,2026-08-23,2026-08-24,DELIVERED
SHP-001137-1,ORD-001137-1,SUP-0076,2026-06-10,2026-06-10,DELIVERED
SHP-001137-2,ORD-001137-2,SUP-0076,2026-06-21,2026-06-21,DELIVERED
SHP-001137-3,ORD-001137-3,SUP-0076,2026-07-07,2026-07-08,DELIVERED
SHP-001138-1,ORD-001138-1,SUP-0013,2026-07-21,2026-07-22,DELIVERED
SHP-001138-2,ORD-001138-2,SUP-0013,2026-08-08,2026-08-10,DELIVERED
SHP-001138-3,ORD-001138-3,SUP-0013,2026-07-24,2026-07-26,DELIVERED
SHP-001139-1,ORD-001139-1,SUP-0067,2026-03-30,2026-03-30,DELIVERED
SHP-001139-2,ORD-001139-2,SUP-0067,2026-03-27,2026-03-27,DELIVERED
SHP-001139-3,ORD-001139-3,SUP-0067,2026-03-27,2026-03-29,DELIVERED
SHP-001139-4,ORD-001139-4,SUP-0067,2026-03-26,2026-03-26,DELIVERED
SHP-001140-1,ORD-001140-1,SUP-0031,2026-09-16,2026-09-16,IN_TRANSIT
SHP-001140-2,ORD-001140-2,SUP-0031,2026-09-29,2026-10-01,IN_TRANSIT
SHP-001141-1,ORD-001141-1,SUP-0082,2026-02-27,2026-02-27,DELIVERED
SHP-001142-1,ORD-001142-1,SUP-0108,2026-08-13,2026-08-13,DELIVERED
SHP-001142-2,ORD-001142-2,SUP-0108,2026-08-07,2026-08-09,DELIVERED
SHP-001142-3,ORD-001142-3,SUP-0108,2026-08-10,2026-08-12,DELIVERED
SHP-001143-1,ORD-001143-1,SUP-0086,2026-05-25,2026-05-26,DELIVERED
SHP-001143-2,ORD-001143-2,SUP-0086,2026-05-28,2026-05-28,DELIVERED
SHP-001143-3,ORD-001143-3,SUP-0086,2026-05-22,2026-05-22,DELIVERED
SHP-001143-4,ORD-001143-4,SUP-0086,2026-05-26,2026-05-26,DELIVERED
SHP-001144-1,ORD-001144-1,SUP-0076,2026-04-14,2026-04-16,DELIVERED
SHP-001144-2,ORD-001144-2,SUP-0076,2026-04-15,2026-04-16,DELIVERED
SHP-001144-3,ORD-001144-3,SUP-0076,2026-03-22,2026-03-22,DELIVERED
SHP-001144-4,ORD-001144-4,SUP-0076,2026-04-01,2026-04-01,DELIVERED
SHP-001145-1,ORD-001145-1,SUP-0045,2026-03-09,2026-03-09,DELIVERED
SHP-001145-2,ORD-001145-2,SUP-0045,2026-03-07,2026-03-09,DELIVERED
SHP-001145-3,ORD-001145-3,SUP-0045,2026-03-09,2026-03-09,DELIVERED
SHP-001145-4,ORD-001145-4,SUP-0045,2026-03-05,2026-03-05,DELIVERED
SHP-001146-1,ORD-001146-1,SUP-0097,2026-09-01,2026-09-03,IN_TRANSIT
SHP-001146-2,ORD-001146-2,SUP-0097,2026-09-08,2026-09-10,IN_TRANSIT
SHP-001147-1,ORD-001147-1,SUP-0032,2026-08-25,2026-08-27,DELIVERED
SHP-001147-2,ORD-001147-2,SUP-0032,2026-08-13,2026-08-15,DELIVERED
SHP-001147-3,ORD-001147-3,SUP-0032,2026-08-26,2026-08-26,DELIVERED
SHP-001148-1,ORD-001148-1,SUP-0076,2026-06-01,2026-06-01,DELIVERED
SHP-001148-2,ORD-001148-2,SUP-0076,2026-05-31,2026-05-31,DELIVERED
SHP-001149-1,ORD-001149-1,SUP-0008,2026-02-22,2026-02-22,DELIVERED
SHP-001149-2,ORD-001149-2,SUP-0008,2026-02-20,2026-02-21,DELIVERED
SHP-001149-3,ORD-001149-3,SUP-0008,2026-02-16,2026-02-16,DELIVERED
SHP-001149-4,ORD-001149-4,SUP-0008,2026-02-14,2026-02-16,DELIVERED
SHP-001150-1,ORD-001150-1,SUP-0056,2026-04-28,2026-04-28,DELIVERED
SHP-001150-2,ORD-001150-2,SUP-0056,2026-04-22,2026-04-23,DELIVERED
SHP-001151-1,ORD-001151-1,SUP-0043,2026-08-22,2026-08-24,DELIVERED
SHP-001151-2,ORD-001151-2,SUP-0043,2026-09-11,2026-09-11,IN_TRANSIT
SHP-001152-1,ORD-001152-1,SUP-0009,2026-07-23,2026-07-23,DELIVERED
SHP-001152-2,ORD-001152-2,SUP-0009,2026-07-25,2026-07-27,DELIVERED
SHP-001153-1,ORD-001153-1,SUP-0048,2026-08-29,2026-08-29,DELIVERED
SHP-001153-2,ORD-001153-2,SUP-0048,2026-09-03,2026-09-03,IN_TRANSIT
SHP-001154-1,ORD-001154-1,SUP-0034,2026-03-18,2026-03-20,DELIVERED
SHP-001154-2,ORD-001154-2,SUP-0034,2026-03-12,2026-03-12,DELIVERED
SHP-001154-3,ORD-001154-3,SUP-0034,2026-03-28,2026-03-28,DELIVERED
SHP-001155-1,ORD-001155-1,SUP-0049,2026-03-09,2026-03-09,DELIVERED
SHP-001155-2,ORD-001155-2,SUP-0049,2026-02-25,2026-02-25,DELIVERED
SHP-001155-3,ORD-001155-3,SUP-0049,2026-03-05,2026-03-05,DELIVERED
SHP-001155-4,ORD-001155-4,SUP-0049,2026-03-05,2026-03-07,DELIVERED
SHP-001156-1,ORD-001156-1,SUP-0036,2026-04-24,2026-04-26,DELIVERED
SHP-001156-2,ORD-001156-2,SUP-0036,2026-04-24,2026-04-24,DELIVERED
SHP-001156-3,ORD-001156-3,SUP-0036,2026-05-08,2026-05-08,DELIVERED
SHP-001157-1,ORD-001157-1,SUP-0028,2026-09-06,2026-09-07,IN_TRANSIT
SHP-001157-2,ORD-001157-2,SUP-0028,2026-09-04,2026-09-04,IN_TRANSIT
SHP-001158-1,ORD-001158-1,SUP-0120,2026-05-16,2026-05-16,DELIVERED
SHP-001158-2,ORD-001158-2,SUP-0120,2026-05-08,2026-05-08,DELIVERED
SHP-001158-3,ORD-001158-3,SUP-0120,2026-05-24,2026-05-26,DELIVERED
SHP-001158-4,ORD-001158-4,SUP-0120,2026-05-13,2026-05-13,DELIVERED
SHP-001159-1,ORD-001159-1,SUP-0004,2026-03-22,2026-03-24,DELIVERED
SHP-001160-1,ORD-001160-1,SUP-0104,2026-02-11,2026-02-11,DELIVERED
SHP-001160-2,ORD-001160-2,SUP-0104,2026-02-08,2026-02-10,DELIVERED
SHP-001161-1,ORD-001161-1,SUP-0060,2026-08-31,2026-09-02,IN_TRANSIT
SHP-001161-2,ORD-001161-2,SUP-0060,2026-08-22,2026-08-22,DELIVERED
SHP-001161-3,ORD-001161-3,SUP-0060,2026-09-01,2026-09-01,DELIVERED
SHP-001162-1,ORD-001162-1,SUP-0101,2026-07-09,2026-07-09,DELIVERED
SHP-001163-1,ORD-001163-1,SUP-0103,2026-05-09,2026-05-09,DELIVERED
SHP-001163-2,ORD-001163-2,SUP-0103,2026-05-14,2026-05-14,DELIVERED
SHP-001163-3,ORD-001163-3,SUP-0103,2026-04-20,2026-04-20,DELIVERED
SHP-001164-1,ORD-001164-1,SUP-0007,2026-06-08,2026-06-10,DELIVERED
SHP-001165-1,ORD-001165-1,SUP-0007,2026-05-08,2026-05-08,DELIVERED
SHP-001165-2,ORD-001165-2,SUP-0007,2026-05-10,2026-05-12,DELIVERED
SHP-001165-3,ORD-001165-3,SUP-0007,2026-05-12,2026-05-12,DELIVERED
SHP-001166-1,ORD-001166-1,SUP-0023,2026-09-13,2026-09-13,IN_TRANSIT
SHP-001166-2,ORD-001166-2,SUP-0023,2026-09-07,2026-09-07,IN_TRANSIT
SHP-001166-3,ORD-001166-3,SUP-0023,2026-09-03,2026-09-04,IN_TRANSIT
SHP-001167-1,ORD-001167-1,SUP-0087,2026-07-11,2026-07-11,DELIVERED
SHP-001167-2,ORD-001167-2,SUP-0087,2026-07-20,2026-07-20,DELIVERED
SHP-001168-1,ORD-001168-1,SUP-0040,2026-05-27,2026-05-27,DELIVERED
SHP-001169-1,ORD-001169-1,SUP-0111,2026-07-06,2026-07-07,DELIVERED
SHP-001169-2,ORD-001169-2,SUP-0111,2026-07-03,2026-07-04,DELIVERED
SHP-001169-3,ORD-001169-3,SUP-0111,2026-07-13,2026-07-13,DELIVERED
SHP-001170-1,ORD-001170-1,SUP-0054,2026-04-02,2026-04-04,DELIVERED
SHP-001170-2,ORD-001170-2,SUP-0054,2026-03-21,2026-03-22,DELIVERED
SHP-001170-3,ORD-001170-3,SUP-0054,2026-04-10,2026-04-10,DELIVERED
SHP-001170-4,ORD-001170-4,SUP-0054,2026-04-09,2026-04-09,DELIVERED
SHP-001171-1,ORD-001171-1,SUP-0020,2026-02-16,2026-02-16,DELIVERED
SHP-001171-2,ORD-001171-2,SUP-0020,2026-03-01,2026-03-01,DELIVERED
SHP-001172-1,ORD-001172-1,SUP-0060,2026-06-24,2026-06-24,DELIVERED
SHP-001172-2,ORD-001172-2,SUP-0060,2026-07-02,2026-07-04,DELIVERED
SHP-001173-1,ORD-001173-1,SUP-0044,2026-03-16,2026-03-18,DELIVERED
SHP-001173-2,ORD-001173-2,SUP-0044,2026-03-08,2026-03-08,DELIVERED
SHP-001174-1,ORD-001174-1,SUP-0023,2026-02-27,2026-02-27,DELIVERED
SHP-001175-1,ORD-001175-1,SUP-0092,2026-06-11,2026-06-11,DELIVERED
SHP-001175-2,ORD-001175-2,SUP-0092,2026-06-05,2026-06-05,DELIVERED
SHP-001175-3,ORD-001175-3,SUP-0092,2026-06-11,2026-06-11,DELIVERED
SHP-001175-4,ORD-001175-4,SUP-0092,2026-06-08,2026-06-08,DELIVERED
SHP-001176-1,ORD-001176-1,SUP-0073,2026-05-26,2026-05-27,DELIVERED
SHP-001176-2,ORD-001176-2,SUP-0073,2026-05-28,2026-05-28,DELIVERED
SHP-001177-1,ORD-001177-1,SUP-0077,2026-07-17,2026-07-17,DELIVERED
SHP-001177-2,ORD-001177-2,SUP-0077,2026-07-13,2026-07-13,DELIVERED
SHP-001178-1,ORD-001178-1,SUP-0089,2026-02-05,2026-02-07,DELIVERED
SHP-001178-2,ORD-001178-2,SUP-0089,2026-02-08,2026-02-09,DELIVERED
SHP-001179-1,ORD-001179-1,SUP-0020,2026-07-09,2026-07-09,DELIVERED
SHP-001180-1,ORD-001180-1,SUP-0015,2026-02-19,2026-02-19,DELIVERED
SHP-001180-2,ORD-001180-2,SUP-0015,2026-01-28,2026-01-28,DELIVERED
SHP-001180-3,ORD-001180-3,SUP-0015,2026-02-16,2026-02-17,DELIVERED
SHP-001180-4,ORD-001180-4,SUP-0015,2026-02-04,2026-02-04,DELIVERED
SHP-001181-1,ORD-001181-1,SUP-0042,2026-04-11,2026-04-11,DELIVERED
SHP-001182-1,ORD-001182-1,SUP-0085,2026-08-12,2026-08-13,DELIVERED
SHP-001182-2,ORD-001182-2,SUP-0085,2026-08-12,2026-08-12,DELIVERED
SHP-001182-3,ORD-001182-3,SUP-0085,2026-08-06,2026-08-07,DELIVERED
SHP-001182-4,ORD-001182-4,SUP-0085,2026-08-08,2026-08-08,DELIVERED
SHP-001183-1,ORD-001183-1,SUP-0114,2026-02-28,2026-02-28,DELIVERED
SHP-001183-2,ORD-001183-2,SUP-0114,2026-03-02,2026-03-02,DELIVERED
SHP-001184-1,ORD-001184-1,SUP-0116,2026-08-07,2026-08-09,DELIVERED
SHP-001184-2,ORD-001184-2,SUP-0116,2026-08-02,2026-08-02,DELIVERED
SHP-001185-1,ORD-001185-1,SUP-0052,2026-05-29,2026-05-29,DELIVERED
SHP-001185-2,ORD-001185-2,SUP-0052,2026-05-31,2026-05-31,DELIVERED
SHP-001185-3,ORD-001185-3,SUP-0052,2026-06-11,2026-06-12,DELIVERED
SHP-001185-4,ORD-001185-4,SUP-0052,2026-06-05,2026-06-05,DELIVERED
SHP-001186-1,ORD-001186-1,SUP-0046,2026-07-03,2026-07-03,DELIVERED
SHP-001186-2,ORD-001186-2,SUP-0046,2026-06-18,2026-06-19,DELIVERED
SHP-001186-3,ORD-001186-3,SUP-0046,2026-07-02,2026-07-02,DELIVERED
SHP-001187-1,ORD-001187-1,SUP-0074,2026-03-03,2026-03-03,DELIVERED
SHP-001187-2,ORD-001187-2,SUP-0074,2026-03-13,2026-03-13,DELIVERED
SHP-001187-3,ORD-001187-3,SUP-0074,2026-03-09,2026-03-11,DELIVERED
SHP-001188-1,ORD-001188-1,SUP-0003,2026-04-06,2026-04-08,DELIVERED
SHP-001188-2,ORD-001188-2,SUP-0003,2026-03-26,2026-03-28,DELIVERED
SHP-001188-3,ORD-001188-3,SUP-0003,2026-04-07,2026-04-08,DELIVERED
SHP-001188-4,ORD-001188-4,SUP-0003,2026-03-30,2026-03-31,DELIVERED
SHP-001189-1,ORD-001189-1,SUP-0036,2026-05-26,2026-05-26,DELIVERED
SHP-001189-2,ORD-001189-2,SUP-0036,2026-06-06,2026-06-08,DELIVERED
SHP-001189-3,ORD-001189-3,SUP-0036,2026-06-04,2026-06-06,DELIVERED
SHP-001190-1,ORD-001190-1,SUP-0069,2026-04-05,2026-04-05,DELIVERED
SHP-001190-2,ORD-001190-2,SUP-0069,2026-03-29,2026-03-29,DELIVERED
SHP-001191-1,ORD-001191-1,SUP-0059,2026-05-14,2026-05-14,DELIVERED
SHP-001192-1,ORD-001192-1,SUP-0046,2026-08-19,2026-08-21,DELIVERED
SHP-001193-1,ORD-001193-1,SUP-0071,2026-06-23,2026-06-23,DELIVERED
SHP-001193-2,ORD-001193-2,SUP-0071,2026-06-17,2026-06-17,DELIVERED
SHP-001193-3,ORD-001193-3,SUP-0071,2026-07-06,2026-07-06,DELIVERED
SHP-001194-1,ORD-001194-1,SUP-0093,2026-08-11,2026-08-12,DELIVERED
SHP-001194-2,ORD-001194-2,SUP-0093,2026-08-02,2026-08-04,DELIVERED
SHP-001194-3,ORD-001194-3,SUP-0093,2026-08-14,2026-08-14,DELIVERED
SHP-001195-1,ORD-001195-1,SUP-0056,2026-06-27,2026-06-27,DELIVERED
SHP-001196-1,ORD-001196-1,SUP-0054,2026-01-27,2026-01-27,DELIVERED
SHP-001196-2,ORD-001196-2,SUP-0054,2026-01-23,2026-01-25,DELIVERED
SHP-001196-3,ORD-001196-3,SUP-0054,2026-02-08,2026-02-08,DELIVERED
SHP-001196-4,ORD-001196-4,SUP-0054,2026-02-11,2026-02-12,DELIVERED
SHP-001197-1,ORD-001197-1,SUP-0105,2026-03-03,2026-03-03,DELIVERED
SHP-001197-2,ORD-001197-2,SUP-0105,2026-03-04,2026-03-04,DELIVERED
SHP-001197-3,ORD-001197-3,SUP-0105,2026-03-02,2026-03-02,DELIVERED
SHP-001197-4,ORD-001197-4,SUP-0105,2026-03-07,2026-03-07,DELIVERED
SHP-001198-1,ORD-001198-1,SUP-0120,2026-07-11,2026-07-12,DELIVERED
SHP-001199-1,ORD-001199-1,SUP-0039,2026-07-16,2026-07-16,DELIVERED
SHP-001199-2,ORD-001199-2,SUP-0039,2026-07-05,2026-07-06,DELIVERED
SHP-001200-1,ORD-001200-1,SUP-0107,2026-02-14,2026-02-14,DELIVERED
SHP-001200-2,ORD-001200-2,SUP-0107,2026-03-08,2026-03-08,DELIVERED
SHP-001201-1,ORD-001201-1,SUP-0012,2026-09-27,2026-09-27,IN_TRANSIT
SHP-001201-2,ORD-001201-2,SUP-0012,2026-09-28,2026-09-30,IN_TRANSIT
SHP-001202-1,ORD-001202-1,SUP-0094,2026-06-28,2026-06-30,DELIVERED
SHP-001202-2,ORD-001202-2,SUP-0094,2026-07-16,2026-07-16,DELIVERED
SHP-001202-3,ORD-001202-3,SUP-0094,2026-06-29,2026-06-29,DELIVERED
SHP-001203-1,ORD-001203-1,SUP-0065,2026-05-15,2026-05-17,DELIVERED
SHP-001203-2,ORD-001203-2,SUP-0065,2026-06-01,2026-06-03,DELIVERED
SHP-001203-3,ORD-001203-3,SUP-0065,2026-05-28,2026-05-28,DELIVERED
SHP-001203-4,ORD-001203-4,SUP-0065,2026-05-28,2026-05-28,DELIVERED
SHP-001204-1,ORD-001204-1,SUP-0046,2026-04-19,2026-04-19,DELIVERED
SHP-001205-1,ORD-001205-1,SUP-0090,2026-03-21,2026-03-23,DELIVERED
SHP-001206-1,ORD-001206-1,SUP-0004,2026-03-06,2026-03-08,DELIVERED
SHP-001206-2,ORD-001206-2,SUP-0004,2026-03-08,2026-03-10,DELIVERED
SHP-001206-3,ORD-001206-3,SUP-0004,2026-03-07,2026-03-07,DELIVERED
SHP-001206-4,ORD-001206-4,SUP-0004,2026-03-15,2026-03-15,DELIVERED
SHP-001207-1,ORD-001207-1,SUP-0002,2026-08-22,2026-08-22,DELIVERED
SHP-001207-2,ORD-001207-2,SUP-0002,2026-08-24,2026-08-24,DELIVERED
SHP-001207-3,ORD-001207-3,SUP-0002,2026-08-28,2026-08-28,DELIVERED
SHP-001208-1,ORD-001208-1,SUP-0013,2026-04-28,2026-04-28,DELIVERED
SHP-001208-2,ORD-001208-2,SUP-0013,2026-04-21,2026-04-23,DELIVERED
SHP-001209-1,ORD-001209-1,SUP-0104,2026-06-28,2026-06-30,DELIVERED
SHP-001209-2,ORD-001209-2,SUP-0104,2026-07-06,2026-07-07,DELIVERED
SHP-001210-1,ORD-001210-1,SUP-0034,2026-02-10,2026-02-12,DELIVERED
SHP-001211-1,ORD-001211-1,SUP-0044,2026-03-26,2026-03-28,DELIVERED
SHP-001211-2,ORD-001211-2,SUP-0044,2026-03-18,2026-03-18,DELIVERED
SHP-001211-3,ORD-001211-3,SUP-0044,2026-03-29,2026-03-29,DELIVERED
SHP-001212-1,ORD-001212-1,SUP-0080,2026-06-24,2026-06-26,DELIVERED
SHP-001212-2,ORD-001212-2,SUP-0080,2026-06-09,2026-06-09,DELIVERED
SHP-001212-3,ORD-001212-3,SUP-0080,2026-07-01,2026-07-03,DELIVERED
SHP-001213-1,ORD-001213-1,SUP-0060,2026-08-16,2026-08-18,DELIVERED
SHP-001213-2,ORD-001213-2,SUP-0060,2026-08-23,2026-08-23,DELIVERED
SHP-001213-3,ORD-001213-3,SUP-0060,2026-08-24,2026-08-24,DELIVERED
SHP-001213-4,ORD-001213-4,SUP-0060,2026-08-16,2026-08-16,DELIVERED
SHP-001214-1,ORD-001214-1,SUP-0024,2026-07-14,2026-07-14,DELIVERED
SHP-001214-2,ORD-001214-2,SUP-0024,2026-07-01,2026-07-01,DELIVERED
SHP-001214-3,ORD-001214-3,SUP-0024,2026-07-18,2026-07-20,DELIVERED
SHP-001215-1,ORD-001215-1,SUP-0085,2026-06-11,2026-06-11,DELIVERED
SHP-001216-1,ORD-001216-1,SUP-0041,2026-06-23,2026-06-23,DELIVERED
SHP-001216-2,ORD-001216-2,SUP-0041,2026-07-01,2026-07-01,DELIVERED
SHP-001217-1,ORD-001217-1,SUP-0099,2026-03-06,2026-03-08,DELIVERED
SHP-001218-1,ORD-001218-1,SUP-0011,2026-03-27,2026-03-27,DELIVERED
SHP-001218-2,ORD-001218-2,SUP-0011,2026-04-02,2026-04-02,DELIVERED
SHP-001218-3,ORD-001218-3,SUP-0011,2026-03-23,2026-03-25,DELIVERED
SHP-001218-4,ORD-001218-4,SUP-0011,2026-03-23,2026-03-23,DELIVERED
SHP-001219-1,ORD-001219-1,SUP-0113,2026-04-22,2026-04-24,DELIVERED
SHP-001219-2,ORD-001219-2,SUP-0113,2026-04-13,2026-04-13,DELIVERED
SHP-001220-1,ORD-001220-1,SUP-0118,2026-02-17,2026-02-17,DELIVERED
SHP-001220-2,ORD-001220-2,SUP-0118,2026-02-26,2026-02-26,DELIVERED
SHP-001220-3,ORD-001220-3,SUP-0118,2026-02-07,2026-02-07,DELIVERED
SHP-001220-4,ORD-001220-4,SUP-0118,2026-02-28,2026-02-28,DELIVERED
SHP-001221-1,ORD-001221-1,SUP-0012,2026-08-30,2026-08-30,DELIVERED
SHP-001221-2,ORD-001221-2,SUP-0012,2026-09-02,2026-09-02,IN_TRANSIT
SHP-001222-1,ORD-001222-1,SUP-0032,2026-07-21,2026-07-21,DELIVERED
SHP-001222-2,ORD-001222-2,SUP-0032,2026-07-15,2026-07-15,DELIVERED
SHP-001223-1,ORD-001223-1,SUP-0044,2026-04-19,2026-04-20,DELIVERED
SHP-001223-2,ORD-001223-2,SUP-0044,2026-04-13,2026-04-14,DELIVERED
SHP-001223-3,ORD-001223-3,SUP-0044,2026-04-15,2026-04-15,DELIVERED
SHP-001223-4,ORD-001223-4,SUP-0044,2026-04-10,2026-04-10,DELIVERED
SHP-001224-1,ORD-001224-1,SUP-0005,2026-07-13,2026-07-13,DELIVERED
SHP-001224-2,ORD-001224-2,SUP-0005,2026-07-18,2026-07-18,DELIVERED
SHP-001225-1,ORD-001225-1,SUP-0120,2026-09-13,2026-09-13,IN_TRANSIT
SHP-001225-2,ORD-001225-2,SUP-0120,2026-08-28,2026-08-30,DELIVERED
SHP-001225-3,ORD-001225-3,SUP-0120,2026-09-09,2026-09-10,IN_TRANSIT
SHP-001226-1,ORD-001226-1,SUP-0034,2026-06-21,2026-06-21,DELIVERED
SHP-001226-2,ORD-001226-2,SUP-0034,2026-06-20,2026-06-21,DELIVERED
SHP-001226-3,ORD-001226-3,SUP-0034,2026-06-18,2026-06-18,DELIVERED
SHP-001227-1,ORD-001227-1,SUP-0114,2026-02-06,2026-02-06,DELIVERED
SHP-001228-1,ORD-001228-1,SUP-0026,2026-03-25,2026-03-25,DELIVERED
SHP-001228-2,ORD-001228-2,SUP-0026,2026-03-16,2026-03-17,DELIVERED
SHP-001228-3,ORD-001228-3,SUP-0026,2026-03-06,2026-03-06,DELIVERED
SHP-001228-4,ORD-001228-4,SUP-0026,2026-03-22,2026-03-22,DELIVERED
SHP-001229-1,ORD-001229-1,SUP-0080,2026-04-13,2026-04-13,DELIVERED
SHP-001230-1,ORD-001230-1,SUP-0034,2026-02-13,2026-02-13,DELIVERED
SHP-001230-2,ORD-001230-2,SUP-0034,2026-01-25,2026-01-25,DELIVERED
SHP-001231-1,ORD-001231-1,SUP-0098,2026-02-02,2026-02-02,DELIVERED
SHP-001231-2,ORD-001231-2,SUP-0098,2026-02-15,2026-02-16,DELIVERED
SHP-001231-3,ORD-001231-3,SUP-0098,2026-02-22,2026-02-22,DELIVERED
SHP-001232-1,ORD-001232-1,SUP-0019,2026-06-16,2026-06-17,DELIVERED
SHP-001232-2,ORD-001232-2,SUP-0019,2026-06-10,2026-06-10,DELIVERED
SHP-001232-3,ORD-001232-3,SUP-0019,2026-06-08,2026-06-08,DELIVERED
SHP-001232-4,ORD-001232-4,SUP-0019,2026-06-01,2026-06-02,DELIVERED
SHP-001233-1,ORD-001233-1,SUP-0013,2026-06-12,2026-06-13,DELIVERED
SHP-001234-1,ORD-001234-1,SUP-0013,2026-04-03,2026-04-03,DELIVERED
SHP-001234-2,ORD-001234-2,SUP-0013,2026-03-05,2026-03-07,DELIVERED
SHP-001235-1,ORD-001235-1,SUP-0043,2026-05-02,2026-05-04,DELIVERED
SHP-001235-2,ORD-001235-2,SUP-0043,2026-05-07,2026-05-08,DELIVERED
SHP-001236-1,ORD-001236-1,SUP-0061,2026-01-17,2026-01-17,DELIVERED
SHP-001236-2,ORD-001236-2,SUP-0061,2026-01-24,2026-01-24,DELIVERED
SHP-001237-1,ORD-001237-1,SUP-0097,2026-07-07,2026-07-09,DELIVERED
SHP-001238-1,ORD-001238-1,SUP-0006,2026-08-24,2026-08-24,DELIVERED
SHP-001238-2,ORD-001238-2,SUP-0006,2026-08-30,2026-08-31,DELIVERED
SHP-001238-3,ORD-001238-3,SUP-0006,2026-08-25,2026-08-26,DELIVERED
SHP-001238-4,ORD-001238-4,SUP-0006,2026-08-31,2026-08-31,DELIVERED
SHP-001239-1,ORD-001239-1,SUP-0053,2026-02-20,2026-02-20,DELIVERED
SHP-001239-2,ORD-001239-2,SUP-0053,2026-02-28,2026-02-28,DELIVERED
SHP-001239-3,ORD-001239-3,SUP-0053,2026-02-24,2026-02-24,DELIVERED
SHP-001240-1,ORD-001240-1,SUP-0019,2026-06-14,2026-06-14,DELIVERED
SHP-001240-2,ORD-001240-2,SUP-0019,2026-06-15,2026-06-15,DELIVERED
SHP-001240-3,ORD-001240-3,SUP-0019,2026-06-10,2026-06-11,DELIVERED
SHP-001240-4,ORD-001240-4,SUP-0019,2026-06-15,2026-06-15,DELIVERED
SHP-001241-1,ORD-001241-1,SUP-0035,2026-08-16,2026-08-16,DELIVERED
SHP-001242-1,ORD-001242-1,SUP-0074,2026-04-28,2026-04-30,DELIVERED
SHP-001242-2,ORD-001242-2,SUP-0074,2026-04-22,2026-04-24,DELIVERED
SHP-001243-1,ORD-001243-1,SUP-0055,2026-02-23,2026-02-23,DELIVERED
SHP-001244-1,ORD-001244-1,SUP-0004,2026-05-18,2026-05-20,DELIVERED
SHP-001245-1,ORD-001245-1,SUP-0109,2026-02-23,2026-02-23,DELIVERED
SHP-001246-1,ORD-001246-1,SUP-0107,2026-08-18,2026-08-18,DELIVERED
SHP-001246-2,ORD-001246-2,SUP-0107,2026-08-09,2026-08-09,DELIVERED
SHP-001246-3,ORD-001246-3,SUP-0107,2026-08-08,2026-08-09,DELIVERED
SHP-001247-1,ORD-001247-1,SUP-0024,2026-08-01,2026-08-01,DELIVERED
SHP-001248-1,ORD-001248-1,SUP-0111,2026-04-12,2026-04-12,DELIVERED
SHP-001248-2,ORD-001248-2,SUP-0111,2026-04-26,2026-04-27,DELIVERED
SHP-001249-1,ORD-001249-1,SUP-0059,2026-06-24,2026-06-24,DELIVERED
SHP-001250-1,ORD-001250-1,SUP-0052,2026-01-26,2026-01-27,DELIVERED
SHP-001250-2,ORD-001250-2,SUP-0052,2026-02-06,2026-02-08,DELIVERED
SHP-001250-3,ORD-001250-3,SUP-0052,2026-02-03,2026-02-03,DELIVERED
SHP-001250-4,ORD-001250-4,SUP-0052,2026-02-07,2026-02-07,DELIVERED
SHP-001251-1,ORD-001251-1,SUP-0110,2026-05-29,2026-05-31,DELIVERED
SHP-001251-2,ORD-001251-2,SUP-0110,2026-05-25,2026-05-26,DELIVERED
SHP-001252-1,ORD-001252-1,SUP-0016,2026-07-15,2026-07-17,DELIVERED
SHP-001253-1,ORD-001253-1,SUP-0072,2026-07-13,2026-07-13,DELIVERED
SHP-001253-2,ORD-001253-2,SUP-0072,2026-07-16,2026-07-16,DELIVERED
SHP-001254-1,ORD-001254-1,SUP-0027,2026-08-03,2026-08-05,DELIVERED
SHP-001254-2,ORD-001254-2,SUP-0027,2026-08-18,2026-08-18,DELIVERED
SHP-001254-3,ORD-001254-3,SUP-0027,2026-08-01,2026-08-01,DELIVERED
SHP-001254-4,ORD-001254-4,SUP-0027,2026-07-27,2026-07-27,DELIVERED
SHP-001255-1,ORD-001255-1,SUP-0113,2026-08-19,2026-08-21,DELIVERED
SHP-001255-2,ORD-001255-2,SUP-0113,2026-08-19,2026-08-19,DELIVERED
SHP-001256-1,ORD-001256-1,SUP-0005,2026-05-28,2026-05-28,DELIVERED
SHP-001256-2,ORD-001256-2,SUP-0005,2026-06-04,2026-06-04,DELIVERED
SHP-001256-3,ORD-001256-3,SUP-0005,2026-05-19,2026-05-19,DELIVERED
SHP-001257-1,ORD-001257-1,SUP-0038,2026-02-20,2026-02-20,DELIVERED
SHP-001257-2,ORD-001257-2,SUP-0038,2026-03-17,2026-03-17,DELIVERED
SHP-001257-3,ORD-001257-3,SUP-0038,2026-02-22,2026-02-22,DELIVERED
SHP-001258-1,ORD-001258-1,SUP-0060,2026-03-09,2026-03-11,DELIVERED
SHP-001258-2,ORD-001258-2,SUP-0060,2026-03-10,2026-03-10,DELIVERED
SHP-001258-3,ORD-001258-3,SUP-0060,2026-03-10,2026-03-12,DELIVERED
SHP-001258-4,ORD-001258-4,SUP-0060,2026-03-26,2026-03-26,DELIVERED
SHP-001259-1,ORD-001259-1,SUP-0017,2026-07-11,2026-07-11,DELIVERED
SHP-001260-1,ORD-001260-1,SUP-0105,2026-04-21,2026-04-22,DELIVERED
SHP-001260-2,ORD-001260-2,SUP-0105,2026-03-31,2026-03-31,DELIVERED
SHP-001260-3,ORD-001260-3,SUP-0105,2026-04-13,2026-04-13,DELIVERED
SHP-001261-1,ORD-001261-1,SUP-0047,2026-07-25,2026-07-25,DELIVERED
SHP-001261-2,ORD-001261-2,SUP-0047,2026-08-03,2026-08-04,DELIVERED
SHP-001261-3,ORD-001261-3,SUP-0047,2026-07-29,2026-07-29,DELIVERED
SHP-001262-1,ORD-001262-1,SUP-0096,2026-08-26,2026-08-27,DELIVERED
SHP-001262-2,ORD-001262-2,SUP-0096,2026-08-17,2026-08-17,DELIVERED
SHP-001262-3,ORD-001262-3,SUP-0096,2026-08-24,2026-08-26,DELIVERED
SHP-001262-4,ORD-001262-4,SUP-0096,2026-08-29,2026-08-30,DELIVERED
SHP-001263-1,ORD-001263-1,SUP-0107,2026-07-14,2026-07-14,DELIVERED
SHP-001263-2,ORD-001263-2,SUP-0107,2026-07-22,2026-07-23,DELIVERED
SHP-001264-1,ORD-001264-1,SUP-0039,2026-03-08,2026-03-09,DELIVERED
SHP-001264-2,ORD-001264-2,SUP-0039,2026-02-19,2026-02-19,DELIVERED
SHP-001265-1,ORD-001265-1,SUP-0044,2026-08-21,2026-08-21,DELIVERED
SHP-001265-2,ORD-001265-2,SUP-0044,2026-09-06,2026-09-06,IN_TRANSIT
SHP-001266-1,ORD-001266-1,SUP-0099,2026-02-14,2026-02-15,DELIVERED
SHP-001266-2,ORD-001266-2,SUP-0099,2026-02-12,2026-02-12,DELIVERED
SHP-001267-1,ORD-001267-1,SUP-0029,2026-07-14,2026-07-16,DELIVERED
SHP-001267-2,ORD-001267-2,SUP-0029,2026-07-08,2026-07-08,DELIVERED
SHP-001268-1,ORD-001268-1,SUP-0045,2026-08-15,2026-08-15,DELIVERED
SHP-001268-2,ORD-001268-2,SUP-0045,2026-09-07,2026-09-07,IN_TRANSIT
SHP-001269-1,ORD-001269-1,SUP-0032,2026-02-23,2026-02-24,DELIVERED
SHP-001269-2,ORD-001269-2,SUP-0032,2026-02-21,2026-02-21,DELIVERED
SHP-001269-3,ORD-001269-3,SUP-0032,2026-02-08,2026-02-08,DELIVERED
SHP-001270-1,ORD-001270-1,SUP-0014,2026-05-29,2026-05-29,DELIVERED
SHP-001271-1,ORD-001271-1,SUP-0039,2026-08-18,2026-08-18,DELIVERED
SHP-001271-2,ORD-001271-2,SUP-0039,2026-08-16,2026-08-18,DELIVERED
SHP-001271-3,ORD-001271-3,SUP-0039,2026-08-22,2026-08-22,DELIVERED
SHP-001271-4,ORD-001271-4,SUP-0039,2026-08-24,2026-08-24,DELIVERED
SHP-001272-1,ORD-001272-1,SUP-0118,2026-07-08,2026-07-08,DELIVERED
SHP-001272-2,ORD-001272-2,SUP-0118,2026-06-23,2026-06-25,DELIVERED
SHP-001272-3,ORD-001272-3,SUP-0118,2026-07-18,2026-07-18,DELIVERED
SHP-001272-4,ORD-001272-4,SUP-0118,2026-07-13,2026-07-13,DELIVERED
SHP-001273-1,ORD-001273-1,SUP-0092,2026-06-04,2026-06-06,DELIVERED
SHP-001274-1,ORD-001274-1,SUP-0015,2026-08-16,2026-08-18,DELIVERED
SHP-001274-2,ORD-001274-2,SUP-0015,2026-08-19,2026-08-19,DELIVERED
SHP-001274-3,ORD-001274-3,SUP-0015,2026-08-19,2026-08-19,DELIVERED
SHP-001274-4,ORD-001274-4,SUP-0015,2026-08-11,2026-08-13,DELIVERED
SHP-001275-1,ORD-001275-1,SUP-0047,2026-05-28,2026-05-28,DELIVERED
SHP-001276-1,ORD-001276-1,SUP-0025,2026-03-05,2026-03-06,DELIVERED
SHP-001276-2,ORD-001276-2,SUP-0025,2026-03-23,2026-03-24,DELIVERED
SHP-001277-1,ORD-001277-1,SUP-0034,2026-07-20,2026-07-22,DELIVERED
SHP-001277-2,ORD-001277-2,SUP-0034,2026-07-09,2026-07-09,DELIVERED
SHP-001277-3,ORD-001277-3,SUP-0034,2026-07-21,2026-07-21,DELIVERED
SHP-001277-4,ORD-001277-4,SUP-0034,2026-07-15,2026-07-15,DELIVERED
SHP-001278-1,ORD-001278-1,SUP-0001,2026-09-11,2026-09-11,IN_TRANSIT
SHP-001278-2,ORD-001278-2,SUP-0001,2026-09-07,2026-09-07,IN_TRANSIT
SHP-001278-3,ORD-001278-3,SUP-0001,2026-09-12,2026-09-12,IN_TRANSIT
SHP-001279-1,ORD-001279-1,SUP-0004,2026-03-27,2026-03-27,DELIVERED
SHP-001280-1,ORD-001280-1,SUP-0013,2026-09-18,2026-09-18,IN_TRANSIT
SHP-001280-2,ORD-001280-2,SUP-0013,2026-09-10,2026-09-12,IN_TRANSIT
SHP-001280-3,ORD-001280-3,SUP-0013,2026-09-09,2026-09-09,IN_TRANSIT
SHP-001281-1,ORD-001281-1,SUP-0105,2026-09-10,2026-09-12,IN_TRANSIT
SHP-001281-2,ORD-001281-2,SUP-0105,2026-09-11,2026-09-11,IN_TRANSIT
SHP-001281-3,ORD-001281-3,SUP-0105,2026-09-21,2026-09-21,IN_TRANSIT
SHP-001281-4,ORD-001281-4,SUP-0105,2026-09-07,2026-09-07,IN_TRANSIT
SHP-001282-1,ORD-001282-1,SUP-0104,2026-03-02,2026-03-02,DELIVERED
SHP-001282-2,ORD-001282-2,SUP-0104,2026-03-06,2026-03-08,DELIVERED
SHP-001282-3,ORD-001282-3,SUP-0104,2026-03-13,2026-03-14,DELIVERED
SHP-001282-4,ORD-001282-4,SUP-0104,2026-02-20,2026-02-21,DELIVERED
SHP-001283-1,ORD-001283-1,SUP-0098,2026-07-28,2026-07-29,DELIVERED
SHP-001283-2,ORD-001283-2,SUP-0098,2026-07-31,2026-07-31,DELIVERED
SHP-001283-3,ORD-001283-3,SUP-0098,2026-08-12,2026-08-13,DELIVERED
SHP-001283-4,ORD-001283-4,SUP-0098,2026-08-17,2026-08-17,DELIVERED
SHP-001284-1,ORD-001284-1,SUP-0062,2026-03-21,2026-03-21,DELIVERED
SHP-001284-2,ORD-001284-2,SUP-0062,2026-03-15,2026-03-16,DELIVERED
SHP-001284-3,ORD-001284-3,SUP-0062,2026-03-15,2026-03-15,DELIVERED
SHP-001285-1,ORD-001285-1,SUP-0073,2026-04-22,2026-04-24,DELIVERED
SHP-001285-2,ORD-001285-2,SUP-0073,2026-04-20,2026-04-21,DELIVERED
SHP-001285-3,ORD-001285-3,SUP-0073,2026-04-21,2026-04-22,DELIVERED
SHP-001285-4,ORD-001285-4,SUP-0073,2026-04-28,2026-04-28,DELIVERED
SHP-001286-1,ORD-001286-1,SUP-0111,2026-04-29,2026-04-29,DELIVERED
SHP-001286-2,ORD-001286-2,SUP-0111,2026-04-22,2026-04-24,DELIVERED
SHP-001286-3,ORD-001286-3,SUP-0111,2026-04-12,2026-04-14,DELIVERED
SHP-001286-4,ORD-001286-4,SUP-0111,2026-05-03,2026-05-03,DELIVERED
SHP-001287-1,ORD-001287-1,SUP-0023,2026-07-08,2026-07-10,DELIVERED
SHP-001287-2,ORD-001287-2,SUP-0023,2026-07-19,2026-07-21,DELIVERED
SHP-001288-1,ORD-001288-1,SUP-0054,2026-09-06,2026-09-06,IN_TRANSIT
SHP-001288-2,ORD-001288-2,SUP-0054,2026-09-25,2026-09-26,IN_TRANSIT
SHP-001288-3,ORD-001288-3,SUP-0054,2026-09-26,2026-09-26,IN_TRANSIT
SHP-001288-4,ORD-001288-4,SUP-0054,2026-09-14,2026-09-14,IN_TRANSIT
SHP-001289-1,ORD-001289-1,SUP-0076,2026-03-24,2026-03-24,DELIVERED
SHP-001289-2,ORD-001289-2,SUP-0076,2026-03-18,2026-03-18,DELIVERED
SHP-001290-1,ORD-001290-1,SUP-0023,2026-06-04,2026-06-04,DELIVERED
SHP-001290-2,ORD-001290-2,SUP-0023,2026-05-23,2026-05-23,DELIVERED
SHP-001290-3,ORD-001290-3,SUP-0023,2026-05-26,2026-05-26,DELIVERED
SHP-001290-4,ORD-001290-4,SUP-0023,2026-05-27,2026-05-29,DELIVERED
SHP-001291-1,ORD-001291-1,SUP-0071,2026-02-12,2026-02-12,DELIVERED
SHP-001291-2,ORD-001291-2,SUP-0071,2026-02-10,2026-02-11,DELIVERED
SHP-001291-3,ORD-001291-3,SUP-0071,2026-02-02,2026-02-02,DELIVERED
SHP-001291-4,ORD-001291-4,SUP-0071,2026-02-10,2026-02-10,DELIVERED
SHP-001292-1,ORD-001292-1,SUP-0008,2026-06-05,2026-06-06,DELIVERED
SHP-001292-2,ORD-001292-2,SUP-0008,2026-06-09,2026-06-09,DELIVERED
SHP-001292-3,ORD-001292-3,SUP-0008,2026-06-02,2026-06-02,DELIVERED
SHP-001292-4,ORD-001292-4,SUP-0008,2026-06-03,2026-06-03,DELIVERED
SHP-001293-1,ORD-001293-1,SUP-0118,2026-04-29,2026-04-29,DELIVERED
SHP-001293-2,ORD-001293-2,SUP-0118,2026-04-29,2026-05-01,DELIVERED
SHP-001293-3,ORD-001293-3,SUP-0118,2026-04-22,2026-04-22,DELIVERED
SHP-001293-4,ORD-001293-4,SUP-0118,2026-04-26,2026-04-26,DELIVERED
SHP-001294-1,ORD-001294-1,SUP-0090,2026-08-03,2026-08-03,DELIVERED
SHP-001294-2,ORD-001294-2,SUP-0090,2026-07-24,2026-07-24,DELIVERED
SHP-001294-3,ORD-001294-3,SUP-0090,2026-08-12,2026-08-13,DELIVERED
SHP-001294-4,ORD-001294-4,SUP-0090,2026-08-06,2026-08-07,DELIVERED
SHP-001295-1,ORD-001295-1,SUP-0058,2026-06-30,2026-07-02,DELIVERED
SHP-001295-2,ORD-001295-2,SUP-0058,2026-07-10,2026-07-10,DELIVERED
SHP-001295-3,ORD-001295-3,SUP-0058,2026-07-16,2026-07-17,DELIVERED
SHP-001295-4,ORD-001295-4,SUP-0058,2026-07-19,2026-07-20,DELIVERED
SHP-001296-1,ORD-001296-1,SUP-0047,2026-09-07,2026-09-07,IN_TRANSIT
SHP-001297-1,ORD-001297-1,SUP-0077,2026-03-03,2026-03-03,DELIVERED
SHP-001297-2,ORD-001297-2,SUP-0077,2026-03-06,2026-03-06,DELIVERED
SHP-001297-3,ORD-001297-3,SUP-0077,2026-02-28,2026-02-28,DELIVERED
SHP-001298-1,ORD-001298-1,SUP-0023,2026-03-04,2026-03-04,DELIVERED
SHP-001299-1,ORD-001299-1,SUP-0015,2026-04-29,2026-04-29,DELIVERED
SHP-001299-2,ORD-001299-2,SUP-0015,2026-04-16,2026-04-16,DELIVERED
SHP-001300-1,ORD-001300-1,SUP-0051,2026-06-17,2026-06-17,DELIVERED
SHP-001301-1,ORD-001301-1,SUP-0097,2026-02-24,2026-02-26,DELIVERED
SHP-001301-2,ORD-001301-2,SUP-0097,2026-02-12,2026-02-12,DELIVERED
SHP-001301-3,ORD-001301-3,SUP-0097,2026-02-09,2026-02-09,DELIVERED
SHP-001301-4,ORD-001301-4,SUP-0097,2026-02-25,2026-02-25,DELIVERED
SHP-001302-1,ORD-001302-1,SUP-0036,2026-02-20,2026-02-20,DELIVERED
SHP-001302-2,ORD-001302-2,SUP-0036,2026-02-18,2026-02-18,DELIVERED
SHP-001303-1,ORD-001303-1,SUP-0024,2026-06-01,2026-06-02,DELIVERED
SHP-001304-1,ORD-001304-1,SUP-0017,2026-08-28,2026-08-28,DELIVERED
SHP-001304-2,ORD-001304-2,SUP-0017,2026-08-19,2026-08-20,DELIVERED
SHP-001304-3,ORD-001304-3,SUP-0017,2026-09-04,2026-09-06,IN_TRANSIT
SHP-001305-1,ORD-001305-1,SUP-0021,2026-04-03,2026-04-03,DELIVERED
SHP-001306-1,ORD-001306-1,SUP-0089,2026-09-09,2026-09-09,IN_TRANSIT
SHP-001306-2,ORD-001306-2,SUP-0089,2026-08-24,2026-08-24,DELIVERED
SHP-001306-3,ORD-001306-3,SUP-0089,2026-09-11,2026-09-12,IN_TRANSIT
SHP-001307-1,ORD-001307-1,SUP-0082,2026-03-21,2026-03-23,DELIVERED
SHP-001307-2,ORD-001307-2,SUP-0082,2026-04-12,2026-04-12,DELIVERED
SHP-001307-3,ORD-001307-3,SUP-0082,2026-03-28,2026-03-28,DELIVERED
SHP-001308-1,ORD-001308-1,SUP-0039,2026-05-30,2026-05-30,DELIVERED
SHP-001308-2,ORD-001308-2,SUP-0039,2026-05-26,2026-05-26,DELIVERED
SHP-001308-3,ORD-001308-3,SUP-0039,2026-06-02,2026-06-03,DELIVERED
SHP-001308-4,ORD-001308-4,SUP-0039,2026-05-30,2026-05-30,DELIVERED
SHP-001309-1,ORD-001309-1,SUP-0114,2026-07-19,2026-07-20,DELIVERED
SHP-001309-2,ORD-001309-2,SUP-0114,2026-07-01,2026-07-01,DELIVERED
SHP-001310-1,ORD-001310-1,SUP-0095,2026-05-16,2026-05-16,DELIVERED
SHP-001310-2,ORD-001310-2,SUP-0095,2026-05-07,2026-05-07,DELIVERED
SHP-001310-3,ORD-001310-3,SUP-0095,2026-04-21,2026-04-21,DELIVERED
SHP-001311-1,ORD-001311-1,SUP-0069,2026-04-29,2026-04-30,DELIVERED
SHP-001311-2,ORD-001311-2,SUP-0069,2026-05-01,2026-05-01,DELIVERED
SHP-001312-1,ORD-001312-1,SUP-0012,2026-08-02,2026-08-02,DELIVERED
SHP-001313-1,ORD-001313-1,SUP-0078,2026-04-20,2026-04-20,DELIVERED
SHP-001314-1,ORD-001314-1,SUP-0118,2026-08-25,2026-08-25,DELIVERED
SHP-001314-2,ORD-001314-2,SUP-0118,2026-09-08,2026-09-08,IN_TRANSIT
SHP-001314-3,ORD-001314-3,SUP-0118,2026-09-08,2026-09-08,IN_TRANSIT
SHP-001314-4,ORD-001314-4,SUP-0118,2026-08-27,2026-08-27,DELIVERED
SHP-001315-1,ORD-001315-1,SUP-0069,2026-02-12,2026-02-12,DELIVERED
SHP-001316-1,ORD-001316-1,SUP-0054,2026-09-25,2026-09-25,IN_TRANSIT
SHP-001316-2,ORD-001316-2,SUP-0054,2026-09-10,2026-09-11,IN_TRANSIT
SHP-001316-3,ORD-001316-3,SUP-0054,2026-09-18,2026-09-18,IN_TRANSIT
SHP-001316-4,ORD-001316-4,SUP-0054,2026-09-11,2026-09-13,IN_TRANSIT
SHP-001317-1,ORD-001317-1,SUP-0042,2026-05-28,2026-05-28,DELIVERED
SHP-001317-2,ORD-001317-2,SUP-0042,2026-05-15,2026-05-16,DELIVERED
SHP-001317-3,ORD-001317-3,SUP-0042,2026-05-16,2026-05-16,DELIVERED
SHP-001317-4,ORD-001317-4,SUP-0042,2026-05-18,2026-05-18,DELIVERED
SHP-001318-1,ORD-001318-1,SUP-0050,2026-04-05,2026-04-06,DELIVERED
SHP-001319-1,ORD-001319-1,SUP-0085,2026-06-15,2026-06-15,DELIVERED
SHP-001320-1,ORD-001320-1,SUP-0024,2026-08-15,2026-08-17,DELIVERED
SHP-001321-1,ORD-001321-1,SUP-0071,2026-01-16,2026-01-16,DELIVERED
SHP-001321-2,ORD-001321-2,SUP-0071,2026-01-26,2026-01-26,DELIVERED
SHP-001322-1,ORD-001322-1,SUP-0099,2026-02-10,2026-02-10,DELIVERED
SHP-001322-2,ORD-001322-2,SUP-0099,2026-02-12,2026-02-13,DELIVERED
SHP-001323-1,ORD-001323-1,SUP-0073,2026-03-07,2026-03-09,DELIVERED
SHP-001323-2,ORD-001323-2,SUP-0073,2026-03-22,2026-03-23,DELIVERED
SHP-001323-3,ORD-001323-3,SUP-0073,2026-03-06,2026-03-06,DELIVERED
SHP-001324-1,ORD-001324-1,SUP-0009,2026-02-10,2026-02-10,DELIVERED
SHP-001324-2,ORD-001324-2,SUP-0009,2026-02-02,2026-02-02,DELIVERED
SHP-001324-3,ORD-001324-3,SUP-0009,2026-01-30,2026-01-30,DELIVERED
SHP-001325-1,ORD-001325-1,SUP-0107,2026-06-18,2026-06-19,DELIVERED
SHP-001326-1,ORD-001326-1,SUP-0109,2026-07-29,2026-07-30,DELIVERED
SHP-001326-2,ORD-001326-2,SUP-0109,2026-07-17,2026-07-19,DELIVERED
SHP-001326-3,ORD-001326-3,SUP-0109,2026-07-30,2026-07-31,DELIVERED
SHP-001326-4,ORD-001326-4,SUP-0109,2026-07-29,2026-07-30,DELIVERED
SHP-001327-1,ORD-001327-1,SUP-0071,2026-04-24,2026-04-25,DELIVERED
SHP-001327-2,ORD-001327-2,SUP-0071,2026-04-22,2026-04-22,DELIVERED
SHP-001327-3,ORD-001327-3,SUP-0071,2026-04-21,2026-04-22,DELIVERED
SHP-001328-1,ORD-001328-1,SUP-0084,2026-01-29,2026-01-29,DELIVERED
SHP-001328-2,ORD-001328-2,SUP-0084,2026-01-24,2026-01-25,DELIVERED
SHP-001328-3,ORD-001328-3,SUP-0084,2026-01-22,2026-01-23,DELIVERED
SHP-001329-1,ORD-001329-1,SUP-0062,2026-07-21,2026-07-21,DELIVERED
SHP-001329-2,ORD-001329-2,SUP-0062,2026-07-21,2026-07-21,DELIVERED
SHP-001329-3,ORD-001329-3,SUP-0062,2026-07-12,2026-07-14,DELIVERED
SHP-001329-4,ORD-001329-4,SUP-0062,2026-07-13,2026-07-15,DELIVERED
SHP-001330-1,ORD-001330-1,SUP-0098,2026-07-20,2026-07-20,DELIVERED
SHP-001330-2,ORD-001330-2,SUP-0098,2026-07-26,2026-07-28,DELIVERED
SHP-001330-3,ORD-001330-3,SUP-0098,2026-07-08,2026-07-08,DELIVERED
SHP-001330-4,ORD-001330-4,SUP-0098,2026-07-31,2026-07-31,DELIVERED
SHP-001331-1,ORD-001331-1,SUP-0074,2026-03-05,2026-03-06,DELIVERED
SHP-001332-1,ORD-001332-1,SUP-0088,2026-01-20,2026-01-22,DELIVERED
SHP-001332-2,ORD-001332-2,SUP-0088,2026-01-31,2026-02-02,DELIVERED
SHP-001333-1,ORD-001333-1,SUP-0075,2026-08-03,2026-08-04,DELIVERED
SHP-001333-2,ORD-001333-2,SUP-0075,2026-08-11,2026-08-11,DELIVERED
SHP-001334-1,ORD-001334-1,SUP-0059,2026-06-04,2026-06-04,DELIVERED
SHP-001334-2,ORD-001334-2,SUP-0059,2026-06-10,2026-06-10,DELIVERED
SHP-001334-3,ORD-001334-3,SUP-0059,2026-06-03,2026-06-05,DELIVERED
SHP-001335-1,ORD-001335-1,SUP-0089,2026-02-10,2026-02-10,DELIVERED
SHP-001335-2,ORD-001335-2,SUP-0089,2026-02-28,2026-02-28,DELIVERED
SHP-001335-3,ORD-001335-3,SUP-0089,2026-02-24,2026-02-26,DELIVERED
SHP-001335-4,ORD-001335-4,SUP-0089,2026-02-24,2026-02-26,DELIVERED
SHP-001336-1,ORD-001336-1,SUP-0096,2026-07-28,2026-07-30,DELIVERED
SHP-001336-2,ORD-001336-2,SUP-0096,2026-07-12,2026-07-12,DELIVERED
SHP-001337-1,ORD-001337-1,SUP-0050,2026-07-08,2026-07-08,DELIVERED
SHP-001338-1,ORD-001338-1,SUP-0113,2026-09-14,2026-09-14,IN_TRANSIT
SHP-001339-1,ORD-001339-1,SUP-0015,2026-02-14,2026-02-14,DELIVERED
SHP-001339-2,ORD-001339-2,SUP-0015,2026-02-13,2026-02-15,DELIVERED
SHP-001339-3,ORD-001339-3,SUP-0015,2026-01-26,2026-01-27,DELIVERED
SHP-001339-4,ORD-001339-4,SUP-0015,2026-02-05,2026-02-07,DELIVERED
SHP-001340-1,ORD-001340-1,SUP-0023,2026-08-23,2026-08-25,DELIVERED
SHP-001341-1,ORD-001341-1,SUP-0065,2026-06-19,2026-06-19,DELIVERED
SHP-001341-2,ORD-001341-2,SUP-0065,2026-06-19,2026-06-19,DELIVERED
SHP-001341-3,ORD-001341-3,SUP-0065,2026-06-15,2026-06-15,DELIVERED
SHP-001342-1,ORD-001342-1,SUP-0002,2026-06-02,2026-06-02,DELIVERED
SHP-001342-2,ORD-001342-2,SUP-0002,2026-06-06,2026-06-06,DELIVERED
SHP-001343-1,ORD-001343-1,SUP-0028,2026-08-08,2026-08-08,DELIVERED
SHP-001343-2,ORD-001343-2,SUP-0028,2026-08-10,2026-08-10,DELIVERED
SHP-001343-3,ORD-001343-3,SUP-0028,2026-08-24,2026-08-26,DELIVERED
SHP-001344-1,ORD-001344-1,SUP-0003,2026-09-15,2026-09-17,IN_TRANSIT
SHP-001344-2,ORD-001344-2,SUP-0003,2026-10-01,2026-10-01,IN_TRANSIT
SHP-001344-3,ORD-001344-3,SUP-0003,2026-09-08,2026-09-08,IN_TRANSIT
SHP-001344-4,ORD-001344-4,SUP-0003,2026-09-19,2026-09-19,IN_TRANSIT
SHP-001345-1,ORD-001345-1,SUP-0109,2026-02-05,2026-02-05,DELIVERED
SHP-001345-2,ORD-001345-2,SUP-0109,2026-02-03,2026-02-03,DELIVERED
SHP-001345-3,ORD-001345-3,SUP-0109,2026-02-06,2026-02-08,DELIVERED
SHP-001345-4,ORD-001345-4,SUP-0109,2026-02-10,2026-02-10,DELIVERED
SHP-001346-1,ORD-001346-1,SUP-0036,2026-05-08,2026-05-09,DELIVERED
SHP-001346-2,ORD-001346-2,SUP-0036,2026-05-18,2026-05-18,DELIVERED
SHP-001347-1,ORD-001347-1,SUP-0017,2026-06-12,2026-06-14,DELIVERED
SHP-001347-2,ORD-001347-2,SUP-0017,2026-06-18,2026-06-19,DELIVERED
SHP-001348-1,ORD-001348-1,SUP-0073,2026-01-23,2026-01-23,DELIVERED
SHP-001349-1,ORD-001349-1,SUP-0049,2026-06-29,2026-07-01,DELIVERED
SHP-001349-2,ORD-001349-2,SUP-0049,2026-07-03,2026-07-03,DELIVERED
SHP-001350-1,ORD-001350-1,SUP-0048,2026-02-04,2026-02-04,DELIVERED
SHP-001350-2,ORD-001350-2,SUP-0048,2026-01-30,2026-01-30,DELIVERED
SHP-001350-3,ORD-001350-3,SUP-0048,2026-01-22,2026-01-22,DELIVERED
SHP-001351-1,ORD-001351-1,SUP-0017,2026-01-26,2026-01-26,DELIVERED
SHP-001351-2,ORD-001351-2,SUP-0017,2026-02-11,2026-02-11,DELIVERED
SHP-001351-3,ORD-001351-3,SUP-0017,2026-01-12,2026-01-12,DELIVERED
SHP-001352-1,ORD-001352-1,SUP-0039,2026-01-15,2026-01-17,DELIVERED
SHP-001352-2,ORD-001352-2,SUP-0039,2026-02-11,2026-02-12,DELIVERED
SHP-001352-3,ORD-001352-3,SUP-0039,2026-01-25,2026-01-25,DELIVERED
SHP-001353-1,ORD-001353-1,SUP-0043,2026-07-11,2026-07-13,DELIVERED
SHP-001353-2,ORD-001353-2,SUP-0043,2026-08-03,2026-08-03,DELIVERED
SHP-001354-1,ORD-001354-1,SUP-0080,2026-06-21,2026-06-23,DELIVERED
SHP-001354-2,ORD-001354-2,SUP-0080,2026-06-17,2026-06-17,DELIVERED
SHP-001355-1,ORD-001355-1,SUP-0032,2026-05-20,2026-05-21,DELIVERED
SHP-001356-1,ORD-001356-1,SUP-0020,2026-08-20,2026-08-20,DELIVERED
SHP-001356-2,ORD-001356-2,SUP-0020,2026-09-08,2026-09-08,IN_TRANSIT
SHP-001357-1,ORD-001357-1,SUP-0062,2026-08-26,2026-08-26,DELIVERED
SHP-001358-1,ORD-001358-1,SUP-0010,2026-04-20,2026-04-20,DELIVERED
SHP-001359-1,ORD-001359-1,SUP-0107,2026-06-17,2026-06-17,DELIVERED
SHP-001359-2,ORD-001359-2,SUP-0107,2026-06-18,2026-06-19,DELIVERED
SHP-001360-1,ORD-001360-1,SUP-0037,2026-08-09,2026-08-09,DELIVERED
SHP-001361-1,ORD-001361-1,SUP-0009,2026-07-25,2026-07-25,DELIVERED
SHP-001361-2,ORD-001361-2,SUP-0009,2026-07-27,2026-07-27,DELIVERED
SHP-001361-3,ORD-001361-3,SUP-0009,2026-08-01,2026-08-01,DELIVERED
SHP-001362-1,ORD-001362-1,SUP-0011,2026-04-28,2026-04-30,DELIVERED
SHP-001363-1,ORD-001363-1,SUP-0001,2026-04-19,2026-04-21,DELIVERED
SHP-001364-1,ORD-001364-1,SUP-0051,2026-03-12,2026-03-12,DELIVERED
SHP-001364-2,ORD-001364-2,SUP-0051,2026-03-23,2026-03-23,DELIVERED
SHP-001364-3,ORD-001364-3,SUP-0051,2026-03-19,2026-03-21,DELIVERED
SHP-001364-4,ORD-001364-4,SUP-0051,2026-04-04,2026-04-06,DELIVERED
SHP-001365-1,ORD-001365-1,SUP-0020,2026-02-11,2026-02-11,DELIVERED
SHP-001365-2,ORD-001365-2,SUP-0020,2026-02-17,2026-02-18,DELIVERED
SHP-001366-1,ORD-001366-1,SUP-0088,2026-07-07,2026-07-07,DELIVERED
SHP-001366-2,ORD-001366-2,SUP-0088,2026-07-01,2026-07-01,DELIVERED
SHP-001366-3,ORD-001366-3,SUP-0088,2026-07-16,2026-07-16,DELIVERED
SHP-001366-4,ORD-001366-4,SUP-0088,2026-06-28,2026-06-28,DELIVERED
SHP-001367-1,ORD-001367-1,SUP-0120,2026-06-26,2026-06-26,DELIVERED
SHP-001367-2,ORD-001367-2,SUP-0120,2026-07-08,2026-07-08,DELIVERED
SHP-001367-3,ORD-001367-3,SUP-0120,2026-07-03,2026-07-05,DELIVERED
SHP-001368-1,ORD-001368-1,SUP-0012,2026-09-08,2026-09-08,IN_TRANSIT
SHP-001368-2,ORD-001368-2,SUP-0012,2026-08-26,2026-08-28,DELIVERED
SHP-001369-1,ORD-001369-1,SUP-0044,2026-04-26,2026-04-27,DELIVERED
SHP-001369-2,ORD-001369-2,SUP-0044,2026-04-26,2026-04-26,DELIVERED
SHP-001370-1,ORD-001370-1,SUP-0019,2026-04-16,2026-04-16,DELIVERED
SHP-001371-1,ORD-001371-1,SUP-0038,2026-08-05,2026-08-05,DELIVERED
SHP-001371-2,ORD-001371-2,SUP-0038,2026-08-04,2026-08-06,DELIVERED
SHP-001372-1,ORD-001372-1,SUP-0044,2026-06-15,2026-06-15,DELIVERED
SHP-001372-2,ORD-001372-2,SUP-0044,2026-06-20,2026-06-20,DELIVERED
SHP-001372-3,ORD-001372-3,SUP-0044,2026-06-06,2026-06-08,DELIVERED
SHP-001372-4,ORD-001372-4,SUP-0044,2026-06-19,2026-06-20,DELIVERED
SHP-001373-1,ORD-001373-1,SUP-0105,2026-01-21,2026-01-21,DELIVERED
SHP-001373-2,ORD-001373-2,SUP-0105,2026-01-16,2026-01-17,DELIVERED
SHP-001373-3,ORD-001373-3,SUP-0105,2026-01-13,2026-01-15,DELIVERED
SHP-001373-4,ORD-001373-4,SUP-0105,2026-01-27,2026-01-27,DELIVERED
SHP-001374-1,ORD-001374-1,SUP-0080,2026-02-01,2026-02-01,DELIVERED
SHP-001375-1,ORD-001375-1,SUP-0019,2026-02-24,2026-02-26,DELIVERED
SHP-001375-2,ORD-001375-2,SUP-0019,2026-02-21,2026-02-23,DELIVERED
SHP-001375-3,ORD-001375-3,SUP-0019,2026-02-22,2026-02-22,DELIVERED
SHP-001376-1,ORD-001376-1,SUP-0080,2026-02-03,2026-02-03,DELIVERED
SHP-001376-2,ORD-001376-2,SUP-0080,2026-02-08,2026-02-08,DELIVERED
SHP-001376-3,ORD-001376-3,SUP-0080,2026-02-06,2026-02-06,DELIVERED
SHP-001377-1,ORD-001377-1,SUP-0066,2026-02-19,2026-02-19,DELIVERED
SHP-001377-2,ORD-001377-2,SUP-0066,2026-02-24,2026-02-24,DELIVERED
SHP-001377-3,ORD-001377-3,SUP-0066,2026-02-13,2026-02-14,DELIVERED
SHP-001377-4,ORD-001377-4,SUP-0066,2026-02-27,2026-02-28,DELIVERED
SHP-001378-1,ORD-001378-1,SUP-0049,2026-04-01,2026-04-02,DELIVERED
SHP-001379-1,ORD-001379-1,SUP-0004,2026-01-22,2026-01-22,DELIVERED
SHP-001379-2,ORD-001379-2,SUP-0004,2026-01-22,2026-01-22,DELIVERED
SHP-001379-3,ORD-001379-3,SUP-0004,2026-02-01,2026-02-01,DELIVERED
SHP-001379-4,ORD-001379-4,SUP-0004,2026-02-01,2026-02-01,DELIVERED
SHP-001380-1,ORD-001380-1,SUP-0055,2026-08-09,2026-08-09,DELIVERED
SHP-001381-1,ORD-001381-1,SUP-0017,2026-04-06,2026-04-08,DELIVERED
SHP-001381-2,ORD-001381-2,SUP-0017,2026-03-26,2026-03-26,DELIVERED
SHP-001382-1,ORD-001382-1,SUP-0028,2026-07-24,2026-07-24,DELIVERED
SHP-001383-1,ORD-001383-1,SUP-0098,2026-05-18,2026-05-19,DELIVERED
SHP-001383-2,ORD-001383-2,SUP-0098,2026-05-10,2026-05-12,DELIVERED
SHP-001383-3,ORD-001383-3,SUP-0098,2026-05-20,2026-05-21,DELIVERED
SHP-001383-4,ORD-001383-4,SUP-0098,2026-05-28,2026-05-29,DELIVERED
SHP-001384-1,ORD-001384-1,SUP-0007,2026-03-12,2026-03-12,DELIVERED
SHP-001384-2,ORD-001384-2,SUP-0007,2026-03-20,2026-03-22,DELIVERED
SHP-001384-3,ORD-001384-3,SUP-0007,2026-03-23,2026-03-23,DELIVERED
SHP-001384-4,ORD-001384-4,SUP-0007,2026-04-05,2026-04-06,DELIVERED
SHP-001385-1,ORD-001385-1,SUP-0028,2026-03-23,2026-03-23,DELIVERED
SHP-001385-2,ORD-001385-2,SUP-0028,2026-03-19,2026-03-20,DELIVERED
SHP-001385-3,ORD-001385-3,SUP-0028,2026-03-13,2026-03-14,DELIVERED
SHP-001386-1,ORD-001386-1,SUP-0061,2026-06-25,2026-06-25,DELIVERED
SHP-001386-2,ORD-001386-2,SUP-0061,2026-07-07,2026-07-07,DELIVERED
SHP-001387-1,ORD-001387-1,SUP-0033,2026-01-30,2026-01-30,DELIVERED
SHP-001387-2,ORD-001387-2,SUP-0033,2026-02-16,2026-02-18,DELIVERED
SHP-001388-1,ORD-001388-1,SUP-0068,2026-09-05,2026-09-05,IN_TRANSIT
SHP-001388-2,ORD-001388-2,SUP-0068,2026-09-08,2026-09-08,IN_TRANSIT
SHP-001388-3,ORD-001388-3,SUP-0068,2026-09-15,2026-09-15,IN_TRANSIT
SHP-001389-1,ORD-001389-1,SUP-0016,2026-01-16,2026-01-17,DELIVERED
SHP-001389-2,ORD-001389-2,SUP-0016,2026-02-02,2026-02-03,DELIVERED
SHP-001389-3,ORD-001389-3,SUP-0016,2026-01-21,2026-01-21,DELIVERED
SHP-001390-1,ORD-001390-1,SUP-0054,2026-04-25,2026-04-27,DELIVERED
SHP-001390-2,ORD-001390-2,SUP-0054,2026-05-06,2026-05-06,DELIVERED
SHP-001390-3,ORD-001390-3,SUP-0054,2026-05-13,2026-05-15,DELIVERED
SHP-001390-4,ORD-001390-4,SUP-0054,2026-04-25,2026-04-25,DELIVERED
SHP-001391-1,ORD-001391-1,SUP-0082,2026-08-26,2026-08-27,DELIVERED
SHP-001391-2,ORD-001391-2,SUP-0082,2026-08-10,2026-08-11,DELIVERED
SHP-001392-1,ORD-001392-1,SUP-0059,2026-02-21,2026-02-22,DELIVERED
SHP-001392-2,ORD-001392-2,SUP-0059,2026-02-23,2026-02-24,DELIVERED
SHP-001392-3,ORD-001392-3,SUP-0059,2026-02-27,2026-02-27,DELIVERED
SHP-001392-4,ORD-001392-4,SUP-0059,2026-02-23,2026-02-23,DELIVERED
SHP-001393-1,ORD-001393-1,SUP-0067,2026-07-05,2026-07-07,DELIVERED
SHP-001393-2,ORD-001393-2,SUP-0067,2026-07-06,2026-07-08,DELIVERED
SHP-001393-3,ORD-001393-3,SUP-0067,2026-06-21,2026-06-23,DELIVERED
SHP-001394-1,ORD-001394-1,SUP-0090,2026-03-11,2026-03-11,DELIVERED
SHP-001394-2,ORD-001394-2,SUP-0090,2026-02-25,2026-02-25,DELIVERED
SHP-001394-3,ORD-001394-3,SUP-0090,2026-03-04,2026-03-06,DELIVERED
SHP-001395-1,ORD-001395-1,SUP-0104,2026-07-15,2026-07-15,DELIVERED
SHP-001395-2,ORD-001395-2,SUP-0104,2026-07-22,2026-07-22,DELIVERED
SHP-001395-3,ORD-001395-3,SUP-0104,2026-07-21,2026-07-21,DELIVERED
SHP-001396-1,ORD-001396-1,SUP-0018,2026-08-19,2026-08-20,DELIVERED
SHP-001396-2,ORD-001396-2,SUP-0018,2026-08-28,2026-08-30,DELIVERED
SHP-001396-3,ORD-001396-3,SUP-0018,2026-08-19,2026-08-20,DELIVERED
SHP-001396-4,ORD-001396-4,SUP-0018,2026-08-23,2026-08-25,DELIVERED
SHP-001397-1,ORD-001397-1,SUP-0109,2026-02-13,2026-02-13,DELIVERED
SHP-001397-2,ORD-001397-2,SUP-0109,2026-02-23,2026-02-25,DELIVERED
SHP-001397-3,ORD-001397-3,SUP-0109,2026-02-03,2026-02-03,DELIVERED
SHP-001397-4,ORD-001397-4,SUP-0109,2026-02-21,2026-02-21,DELIVERED
SHP-001398-1,ORD-001398-1,SUP-0073,2026-03-13,2026-03-14,DELIVERED
SHP-001399-1,ORD-001399-1,SUP-0103,2026-02-07,2026-02-07,DELIVERED
SHP-001399-2,ORD-001399-2,SUP-0103,2026-01-30,2026-01-30,DELIVERED
SHP-001400-1,ORD-001400-1,SUP-0116,2026-08-08,2026-08-10,DELIVERED
SHP-001400-2,ORD-001400-2,SUP-0116,2026-07-31,2026-08-01,DELIVERED
SHP-001400-3,ORD-001400-3,SUP-0116,2026-07-27,2026-07-28,DELIVERED
SHP-001400-4,ORD-001400-4,SUP-0116,2026-07-20,2026-07-20,DELIVERED
SHP-001401-1,ORD-001401-1,SUP-0050,2026-04-10,2026-04-11,DELIVERED
SHP-001401-2,ORD-001401-2,SUP-0050,2026-04-20,2026-04-20,DELIVERED
SHP-001402-1,ORD-001402-1,SUP-0020,2026-08-25,2026-08-25,DELIVERED
SHP-001402-2,ORD-001402-2,SUP-0020,2026-09-09,2026-09-11,IN_TRANSIT
SHP-001402-3,ORD-001402-3,SUP-0020,2026-09-06,2026-09-06,IN_TRANSIT
SHP-001403-1,ORD-001403-1,SUP-0106,2026-08-24,2026-08-24,DELIVERED
SHP-001403-2,ORD-001403-2,SUP-0106,2026-08-31,2026-08-31,DELIVERED
SHP-001403-3,ORD-001403-3,SUP-0106,2026-08-31,2026-08-31,DELIVERED
SHP-001403-4,ORD-001403-4,SUP-0106,2026-09-11,2026-09-13,IN_TRANSIT
SHP-001404-1,ORD-001404-1,SUP-0029,2026-06-15,2026-06-17,DELIVERED
SHP-001405-1,ORD-001405-1,SUP-0099,2026-07-07,2026-07-07,DELIVERED
SHP-001405-2,ORD-001405-2,SUP-0099,2026-06-28,2026-06-28,DELIVERED
SHP-001405-3,ORD-001405-3,SUP-0099,2026-06-26,2026-06-26,DELIVERED
SHP-001405-4,ORD-001405-4,SUP-0099,2026-07-01,2026-07-01,DELIVERED
SHP-001406-1,ORD-001406-1,SUP-0097,2026-08-17,2026-08-17,DELIVERED
SHP-001407-1,ORD-001407-1,SUP-0074,2026-07-07,2026-07-09,DELIVERED
SHP-001408-1,ORD-001408-1,SUP-0033,2026-03-06,2026-03-06,DELIVERED
SHP-001408-2,ORD-001408-2,SUP-0033,2026-03-05,2026-03-05,DELIVERED
SHP-001409-1,ORD-001409-1,SUP-0109,2026-03-07,2026-03-09,DELIVERED
SHP-001409-2,ORD-001409-2,SUP-0109,2026-03-13,2026-03-13,DELIVERED
SHP-001409-3,ORD-001409-3,SUP-0109,2026-03-05,2026-03-06,DELIVERED
SHP-001409-4,ORD-001409-4,SUP-0109,2026-02-20,2026-02-22,DELIVERED
SHP-001410-1,ORD-001410-1,SUP-0067,2026-08-18,2026-08-18,DELIVERED
SHP-001410-2,ORD-001410-2,SUP-0067,2026-09-04,2026-09-04,IN_TRANSIT
SHP-001410-3,ORD-001410-3,SUP-0067,2026-08-23,2026-08-24,DELIVERED
SHP-001411-1,ORD-001411-1,SUP-0054,2026-04-11,2026-04-12,DELIVERED
SHP-001412-1,ORD-001412-1,SUP-0024,2026-07-13,2026-07-15,DELIVERED
SHP-001412-2,ORD-001412-2,SUP-0024,2026-07-09,2026-07-09,DELIVERED
SHP-001412-3,ORD-001412-3,SUP-0024,2026-07-19,2026-07-21,DELIVERED
SHP-001413-1,ORD-001413-1,SUP-0076,2026-09-12,2026-09-13,IN_TRANSIT
SHP-001413-2,ORD-001413-2,SUP-0076,2026-09-22,2026-09-22,IN_TRANSIT
SHP-001414-1,ORD-001414-1,SUP-0020,2026-04-04,2026-04-06,DELIVERED
SHP-001415-1,ORD-001415-1,SUP-0081,2026-01-31,2026-02-01,DELIVERED
SHP-001415-2,ORD-001415-2,SUP-0081,2026-02-07,2026-02-07,DELIVERED
SHP-001415-3,ORD-001415-3,SUP-0081,2026-02-17,2026-02-19,DELIVERED
SHP-001415-4,ORD-001415-4,SUP-0081,2026-02-24,2026-02-24,DELIVERED
SHP-001416-1,ORD-001416-1,SUP-0060,2026-05-05,2026-05-05,DELIVERED
SHP-001416-2,ORD-001416-2,SUP-0060,2026-04-25,2026-04-27,DELIVERED
SHP-001416-3,ORD-001416-3,SUP-0060,2026-04-27,2026-04-28,DELIVERED
SHP-001416-4,ORD-001416-4,SUP-0060,2026-04-14,2026-04-14,DELIVERED
SHP-001417-1,ORD-001417-1,SUP-0003,2026-05-03,2026-05-05,DELIVERED
SHP-001417-2,ORD-001417-2,SUP-0003,2026-05-07,2026-05-09,DELIVERED
SHP-001417-3,ORD-001417-3,SUP-0003,2026-05-11,2026-05-13,DELIVERED
SHP-001417-4,ORD-001417-4,SUP-0003,2026-05-14,2026-05-14,DELIVERED
SHP-001418-1,ORD-001418-1,SUP-0105,2026-06-30,2026-07-01,DELIVERED
SHP-001418-2,ORD-001418-2,SUP-0105,2026-07-17,2026-07-17,DELIVERED
SHP-001418-3,ORD-001418-3,SUP-0105,2026-07-19,2026-07-21,DELIVERED
SHP-001418-4,ORD-001418-4,SUP-0105,2026-07-18,2026-07-20,DELIVERED
SHP-001419-1,ORD-001419-1,SUP-0085,2026-07-12,2026-07-13,DELIVERED
SHP-001420-1,ORD-001420-1,SUP-0042,2026-05-23,2026-05-24,DELIVERED
SHP-001420-2,ORD-001420-2,SUP-0042,2026-05-30,2026-05-30,DELIVERED
SHP-001421-1,ORD-001421-1,SUP-0013,2026-04-13,2026-04-13,DELIVERED
SHP-001421-2,ORD-001421-2,SUP-0013,2026-05-01,2026-05-01,DELIVERED
SHP-001421-3,ORD-001421-3,SUP-0013,2026-04-18,2026-04-18,DELIVERED
SHP-001422-1,ORD-001422-1,SUP-0040,2026-06-06,2026-06-06,DELIVERED
SHP-001423-1,ORD-001423-1,SUP-0084,2026-08-05,2026-08-06,DELIVERED
SHP-001423-2,ORD-001423-2,SUP-0084,2026-08-06,2026-08-08,DELIVERED
SHP-001423-3,ORD-001423-3,SUP-0084,2026-08-09,2026-08-10,DELIVERED
SHP-001424-1,ORD-001424-1,SUP-0113,2026-06-29,2026-06-30,DELIVERED
SHP-001424-2,ORD-001424-2,SUP-0113,2026-07-06,2026-07-07,DELIVERED
SHP-001425-1,ORD-001425-1,SUP-0074,2026-01-22,2026-01-23,DELIVERED
SHP-001425-2,ORD-001425-2,SUP-0074,2026-02-01,2026-02-01,DELIVERED
SHP-001425-3,ORD-001425-3,SUP-0074,2026-02-01,2026-02-03,DELIVERED
SHP-001425-4,ORD-001425-4,SUP-0074,2026-02-12,2026-02-12,DELIVERED
SHP-001426-1,ORD-001426-1,SUP-0077,2026-07-08,2026-07-10,DELIVERED
SHP-001426-2,ORD-001426-2,SUP-0077,2026-07-08,2026-07-08,DELIVERED
SHP-001426-3,ORD-001426-3,SUP-0077,2026-07-13,2026-07-13,DELIVERED
SHP-001426-4,ORD-001426-4,SUP-0077,2026-07-23,2026-07-23,DELIVERED
SHP-001427-1,ORD-001427-1,SUP-0009,2026-06-29,2026-06-29,DELIVERED
SHP-001427-2,ORD-001427-2,SUP-0009,2026-07-13,2026-07-13,DELIVERED
SHP-001427-3,ORD-001427-3,SUP-0009,2026-07-04,2026-07-06,DELIVERED
SHP-001427-4,ORD-001427-4,SUP-0009,2026-07-12,2026-07-13,DELIVERED
SHP-001428-1,ORD-001428-1,SUP-0035,2026-04-28,2026-04-30,DELIVERED
SHP-001428-2,ORD-001428-2,SUP-0035,2026-05-24,2026-05-26,DELIVERED
SHP-001428-3,ORD-001428-3,SUP-0035,2026-05-04,2026-05-04,DELIVERED
SHP-001429-1,ORD-001429-1,SUP-0108,2026-07-19,2026-07-19,DELIVERED
SHP-001429-2,ORD-001429-2,SUP-0108,2026-07-20,2026-07-20,DELIVERED
SHP-001429-3,ORD-001429-3,SUP-0108,2026-07-26,2026-07-26,DELIVERED
SHP-001430-1,ORD-001430-1,SUP-0026,2026-08-15,2026-08-17,DELIVERED
SHP-001431-1,ORD-001431-1,SUP-0115,2026-05-16,2026-05-17,DELIVERED
SHP-001432-1,ORD-001432-1,SUP-0010,2026-02-20,2026-02-20,DELIVERED
SHP-001432-2,ORD-001432-2,SUP-0010,2026-03-05,2026-03-07,DELIVERED
SHP-001433-1,ORD-001433-1,SUP-0070,2026-02-16,2026-02-16,DELIVERED
SHP-001433-2,ORD-001433-2,SUP-0070,2026-02-19,2026-02-20,DELIVERED
SHP-001433-3,ORD-001433-3,SUP-0070,2026-02-08,2026-02-08,DELIVERED
SHP-001433-4,ORD-001433-4,SUP-0070,2026-02-07,2026-02-07,DELIVERED
SHP-001434-1,ORD-001434-1,SUP-0004,2026-03-21,2026-03-22,DELIVERED
SHP-001435-1,ORD-001435-1,SUP-0113,2026-02-28,2026-02-28,DELIVERED
SHP-001436-1,ORD-001436-1,SUP-0049,2026-02-21,2026-02-21,DELIVERED
SHP-001436-2,ORD-001436-2,SUP-0049,2026-02-25,2026-02-26,DELIVERED
SHP-001436-3,ORD-001436-3,SUP-0049,2026-02-09,2026-02-11,DELIVERED
SHP-001436-4,ORD-001436-4,SUP-0049,2026-02-11,2026-02-11,DELIVERED
SHP-001437-1,ORD-001437-1,SUP-0001,2026-08-10,2026-08-10,DELIVERED
SHP-001438-1,ORD-001438-1,SUP-0113,2026-05-22,2026-05-22,DELIVERED
SHP-001439-1,ORD-001439-1,SUP-0033,2026-04-16,2026-04-16,DELIVERED
SHP-001439-2,ORD-001439-2,SUP-0033,2026-03-24,2026-03-24,DELIVERED
SHP-001439-3,ORD-001439-3,SUP-0033,2026-04-13,2026-04-14,DELIVERED
SHP-001440-1,ORD-001440-1,SUP-0076,2026-03-10,2026-03-11,DELIVERED
SHP-001440-2,ORD-001440-2,SUP-0076,2026-03-13,2026-03-15,DELIVERED
SHP-001440-3,ORD-001440-3,SUP-0076,2026-03-17,2026-03-19,DELIVERED
SHP-001441-1,ORD-001441-1,SUP-0007,2026-02-21,2026-02-21,DELIVERED
SHP-001441-2,ORD-001441-2,SUP-0007,2026-02-15,2026-02-15,DELIVERED
SHP-001442-1,ORD-001442-1,SUP-0056,2026-06-14,2026-06-14,DELIVERED
SHP-001443-1,ORD-001443-1,SUP-0006,2026-06-21,2026-06-22,DELIVERED
SHP-001443-2,ORD-001443-2,SUP-0006,2026-07-11,2026-07-13,DELIVERED
SHP-001443-3,ORD-001443-3,SUP-0006,2026-07-21,2026-07-21,DELIVERED
SHP-001444-1,ORD-001444-1,SUP-0048,2026-03-05,2026-03-05,DELIVERED
SHP-001445-1,ORD-001445-1,SUP-0007,2026-05-21,2026-05-21,DELIVERED
SHP-001445-2,ORD-001445-2,SUP-0007,2026-05-21,2026-05-21,DELIVERED
SHP-001445-3,ORD-001445-3,SUP-0007,2026-05-23,2026-05-23,DELIVERED
SHP-001446-1,ORD-001446-1,SUP-0041,2026-03-22,2026-03-22,DELIVERED
SHP-001447-1,ORD-001447-1,SUP-0109,2026-02-16,2026-02-18,DELIVERED
SHP-001447-2,ORD-001447-2,SUP-0109,2026-02-12,2026-02-12,DELIVERED
SHP-001447-3,ORD-001447-3,SUP-0109,2026-02-18,2026-02-20,DELIVERED
SHP-001448-1,ORD-001448-1,SUP-0097,2026-08-28,2026-08-30,DELIVERED
SHP-001448-2,ORD-001448-2,SUP-0097,2026-09-03,2026-09-03,IN_TRANSIT
SHP-001448-3,ORD-001448-3,SUP-0097,2026-08-30,2026-08-30,DELIVERED
SHP-001449-1,ORD-001449-1,SUP-0102,2026-02-27,2026-02-27,DELIVERED
SHP-001449-2,ORD-001449-2,SUP-0102,2026-03-05,2026-03-05,DELIVERED
SHP-001449-3,ORD-001449-3,SUP-0102,2026-02-21,2026-02-21,DELIVERED
SHP-001450-1,ORD-001450-1,SUP-0034,2026-05-19,2026-05-20,DELIVERED
SHP-001451-1,ORD-001451-1,SUP-0082,2026-07-16,2026-07-17,DELIVERED
SHP-001451-2,ORD-001451-2,SUP-0082,2026-06-22,2026-06-22,DELIVERED
SHP-001451-3,ORD-001451-3,SUP-0082,2026-06-30,2026-06-30,DELIVERED
SHP-001452-1,ORD-001452-1,SUP-0073,2026-03-23,2026-03-25,DELIVERED
SHP-001452-2,ORD-001452-2,SUP-0073,2026-03-26,2026-03-26,DELIVERED
SHP-001453-1,ORD-001453-1,SUP-0061,2026-03-21,2026-03-22,DELIVERED
SHP-001453-2,ORD-001453-2,SUP-0061,2026-03-16,2026-03-18,DELIVERED
SHP-001454-1,ORD-001454-1,SUP-0075,2026-03-05,2026-03-06,DELIVERED
SHP-001454-2,ORD-001454-2,SUP-0075,2026-02-19,2026-02-19,DELIVERED
SHP-001455-1,ORD-001455-1,SUP-0061,2026-03-07,2026-03-07,DELIVERED
SHP-001455-2,ORD-001455-2,SUP-0061,2026-03-16,2026-03-16,DELIVERED
SHP-001456-1,ORD-001456-1,SUP-0065,2026-03-17,2026-03-17,DELIVERED
SHP-001456-2,ORD-001456-2,SUP-0065,2026-04-10,2026-04-10,DELIVERED
SHP-001456-3,ORD-001456-3,SUP-0065,2026-03-24,2026-03-24,DELIVERED
SHP-001456-4,ORD-001456-4,SUP-0065,2026-03-27,2026-03-29,DELIVERED
SHP-001457-1,ORD-001457-1,SUP-0084,2026-07-19,2026-07-19,DELIVERED
SHP-001457-2,ORD-001457-2,SUP-0084,2026-08-01,2026-08-01,DELIVERED
SHP-001458-1,ORD-001458-1,SUP-0100,2026-02-13,2026-02-14,DELIVERED
SHP-001458-2,ORD-001458-2,SUP-0100,2026-02-09,2026-02-09,DELIVERED
SHP-001458-3,ORD-001458-3,SUP-0100,2026-02-23,2026-02-23,DELIVERED
SHP-001458-4,ORD-001458-4,SUP-0100,2026-02-18,2026-02-18,DELIVERED
SHP-001459-1,ORD-001459-1,SUP-0108,2026-07-28,2026-07-28,DELIVERED
SHP-001459-2,ORD-001459-2,SUP-0108,2026-07-31,2026-08-02,DELIVERED
SHP-001459-3,ORD-001459-3,SUP-0108,2026-08-02,2026-08-03,DELIVERED
SHP-001459-4,ORD-001459-4,SUP-0108,2026-08-17,2026-08-17,DELIVERED
SHP-001460-1,ORD-001460-1,SUP-0086,2026-03-23,2026-03-24,DELIVERED
SHP-001460-2,ORD-001460-2,SUP-0086,2026-03-23,2026-03-25,DELIVERED
SHP-001460-3,ORD-001460-3,SUP-0086,2026-03-05,2026-03-07,DELIVERED
SHP-001461-1,ORD-001461-1,SUP-0015,2026-02-20,2026-02-20,DELIVERED
SHP-001461-2,ORD-001461-2,SUP-0015,2026-02-13,2026-02-13,DELIVERED
SHP-001462-1,ORD-001462-1,SUP-0025,2026-04-05,2026-04-05,DELIVERED
SHP-001462-2,ORD-001462-2,SUP-0025,2026-03-21,2026-03-21,DELIVERED
SHP-001463-1,ORD-001463-1,SUP-0006,2026-02-08,2026-02-08,DELIVERED
SHP-001463-2,ORD-001463-2,SUP-0006,2026-02-19,2026-02-19,DELIVERED
SHP-001463-3,ORD-001463-3,SUP-0006,2026-02-04,2026-02-04,DELIVERED
SHP-001463-4,ORD-001463-4,SUP-0006,2026-02-13,2026-02-15,DELIVERED
SHP-001464-1,ORD-001464-1,SUP-0072,2026-09-10,2026-09-12,IN_TRANSIT
SHP-001464-2,ORD-001464-2,SUP-0072,2026-08-18,2026-08-18,DELIVERED
SHP-001464-3,ORD-001464-3,SUP-0072,2026-09-09,2026-09-09,IN_TRANSIT
SHP-001464-4,ORD-001464-4,SUP-0072,2026-08-19,2026-08-19,DELIVERED
SHP-001465-1,ORD-001465-1,SUP-0041,2026-02-20,2026-02-21,DELIVERED
SHP-001466-1,ORD-001466-1,SUP-0008,2026-04-11,2026-04-11,DELIVERED
SHP-001467-1,ORD-001467-1,SUP-0075,2026-09-11,2026-09-13,IN_TRANSIT
SHP-001467-2,ORD-001467-2,SUP-0075,2026-09-12,2026-09-12,IN_TRANSIT
SHP-001468-1,ORD-001468-1,SUP-0017,2026-08-26,2026-08-27,DELIVERED
SHP-001468-2,ORD-001468-2,SUP-0017,2026-09-01,2026-09-01,DELIVERED
SHP-001469-1,ORD-001469-1,SUP-0111,2026-03-16,2026-03-16,DELIVERED
SHP-001470-1,ORD-001470-1,SUP-0085,2026-02-22,2026-02-22,DELIVERED
SHP-001470-2,ORD-001470-2,SUP-0085,2026-02-10,2026-02-10,DELIVERED
SHP-001471-1,ORD-001471-1,SUP-0028,2026-02-13,2026-02-13,DELIVERED
SHP-001471-2,ORD-001471-2,SUP-0028,2026-02-05,2026-02-05,DELIVERED
SHP-001472-1,ORD-001472-1,SUP-0097,2026-08-02,2026-08-02,DELIVERED
SHP-001473-1,ORD-001473-1,SUP-0120,2026-05-22,2026-05-24,DELIVERED
SHP-001473-2,ORD-001473-2,SUP-0120,2026-05-16,2026-05-16,DELIVERED
SHP-001473-3,ORD-001473-3,SUP-0120,2026-05-22,2026-05-22,DELIVERED
SHP-001474-1,ORD-001474-1,SUP-0085,2026-03-24,2026-03-24,DELIVERED
SHP-001474-2,ORD-001474-2,SUP-0085,2026-03-21,2026-03-21,DELIVERED
SHP-001474-3,ORD-001474-3,SUP-0085,2026-03-23,2026-03-23,DELIVERED
SHP-001475-1,ORD-001475-1,SUP-0034,2026-08-23,2026-08-23,DELIVERED
SHP-001476-1,ORD-001476-1,SUP-0001,2026-06-05,2026-06-05,DELIVERED
SHP-001476-2,ORD-001476-2,SUP-0001,2026-05-31,2026-06-02,DELIVERED
SHP-001477-1,ORD-001477-1,SUP-0077,2026-07-16,2026-07-17,DELIVERED
SHP-001477-2,ORD-001477-2,SUP-0077,2026-07-24,2026-07-24,DELIVERED
SHP-001477-3,ORD-001477-3,SUP-0077,2026-07-04,2026-07-04,DELIVERED
SHP-001477-4,ORD-001477-4,SUP-0077,2026-07-06,2026-07-08,DELIVERED
SHP-001478-1,ORD-001478-1,SUP-0020,2026-02-01,2026-02-03,DELIVERED
SHP-001478-2,ORD-001478-2,SUP-0020,2026-01-20,2026-01-20,DELIVERED
SHP-001478-3,ORD-001478-3,SUP-0020,2026-01-20,2026-01-21,DELIVERED
SHP-001479-1,ORD-001479-1,SUP-0078,2026-03-20,2026-03-20,DELIVERED
SHP-001480-1,ORD-001480-1,SUP-0041,2026-09-28,2026-09-28,IN_TRANSIT
SHP-001481-1,ORD-001481-1,SUP-0063,2026-06-12,2026-06-12,DELIVERED
SHP-001482-1,ORD-001482-1,SUP-0014,2026-09-05,2026-09-07,IN_TRANSIT
SHP-001482-2,ORD-001482-2,SUP-0014,2026-09-13,2026-09-15,IN_TRANSIT
SHP-001483-1,ORD-001483-1,SUP-0053,2026-04-14,2026-04-16,DELIVERED
SHP-001484-1,ORD-001484-1,SUP-0119,2026-02-04,2026-02-06,DELIVERED
SHP-001484-2,ORD-001484-2,SUP-0119,2026-01-25,2026-01-25,DELIVERED
SHP-001484-3,ORD-001484-3,SUP-0119,2026-01-30,2026-01-31,DELIVERED
SHP-001484-4,ORD-001484-4,SUP-0119,2026-02-01,2026-02-03,DELIVERED
SHP-001485-1,ORD-001485-1,SUP-0042,2026-09-17,2026-09-17,IN_TRANSIT
SHP-001485-2,ORD-001485-2,SUP-0042,2026-09-25,2026-09-25,IN_TRANSIT
SHP-001485-3,ORD-001485-3,SUP-0042,2026-09-19,2026-09-21,IN_TRANSIT
SHP-001486-1,ORD-001486-1,SUP-0103,2026-01-23,2026-01-23,DELIVERED
SHP-001486-2,ORD-001486-2,SUP-0103,2026-02-01,2026-02-01,DELIVERED
SHP-001486-3,ORD-001486-3,SUP-0103,2026-01-16,2026-01-17,DELIVERED
SHP-001486-4,ORD-001486-4,SUP-0103,2026-01-30,2026-02-01,DELIVERED
SHP-001487-1,ORD-001487-1,SUP-0009,2026-06-28,2026-06-28,DELIVERED
SHP-001487-2,ORD-001487-2,SUP-0009,2026-06-29,2026-07-01,DELIVERED
SHP-001488-1,ORD-001488-1,SUP-0021,2026-04-12,2026-04-12,DELIVERED
SHP-001488-2,ORD-001488-2,SUP-0021,2026-04-26,2026-04-26,DELIVERED
SHP-001488-3,ORD-001488-3,SUP-0021,2026-04-06,2026-04-08,DELIVERED
SHP-001488-4,ORD-001488-4,SUP-0021,2026-03-26,2026-03-27,DELIVERED
SHP-001489-1,ORD-001489-1,SUP-0091,2026-04-02,2026-04-02,DELIVERED
SHP-001489-2,ORD-001489-2,SUP-0091,2026-04-18,2026-04-18,DELIVERED
SHP-001489-3,ORD-001489-3,SUP-0091,2026-04-10,2026-04-11,DELIVERED
SHP-001490-1,ORD-001490-1,SUP-0073,2026-01-24,2026-01-24,DELIVERED
SHP-001490-2,ORD-001490-2,SUP-0073,2026-02-11,2026-02-13,DELIVERED
SHP-001490-3,ORD-001490-3,SUP-0073,2026-01-22,2026-01-22,DELIVERED
SHP-001491-1,ORD-001491-1,SUP-0042,2026-06-04,2026-06-05,DELIVERED
SHP-001491-2,ORD-001491-2,SUP-0042,2026-05-29,2026-05-29,DELIVERED
SHP-001491-3,ORD-001491-3,SUP-0042,2026-06-17,2026-06-17,DELIVERED
SHP-001492-1,ORD-001492-1,SUP-0107,2026-02-02,2026-02-02,DELIVERED
SHP-001492-2,ORD-001492-2,SUP-0107,2026-02-04,2026-02-06,DELIVERED
SHP-001492-3,ORD-001492-3,SUP-0107,2026-01-29,2026-01-29,DELIVERED
SHP-001492-4,ORD-001492-4,SUP-0107,2026-01-22,2026-01-22,DELIVERED
SHP-001493-1,ORD-001493-1,SUP-0108,2026-06-20,2026-06-20,DELIVERED
SHP-001493-2,ORD-001493-2,SUP-0108,2026-06-28,2026-06-30,DELIVERED
SHP-001493-3,ORD-001493-3,SUP-0108,2026-06-14,2026-06-14,DELIVERED
SHP-001494-1,ORD-001494-1,SUP-0028,2026-06-25,2026-06-25,DELIVERED
SHP-001495-1,ORD-001495-1,SUP-0024,2026-05-25,2026-05-26,DELIVERED
SHP-001495-2,ORD-001495-2,SUP-0024,2026-05-18,2026-05-18,DELIVERED
SHP-001496-1,ORD-001496-1,SUP-0001,2026-06-28,2026-06-28,DELIVERED
SHP-001496-2,ORD-001496-2,SUP-0001,2026-06-19,2026-06-20,DELIVERED
SHP-001497-1,ORD-001497-1,SUP-0060,2026-03-25,2026-03-25,DELIVERED
SHP-001497-2,ORD-001497-2,SUP-0060,2026-04-05,2026-04-07,DELIVERED
SHP-001497-3,ORD-001497-3,SUP-0060,2026-04-06,2026-04-07,DELIVERED
SHP-001497-4,ORD-001497-4,SUP-0060,2026-03-28,2026-03-28,DELIVERED
SHP-001498-1,ORD-001498-1,SUP-0023,2026-06-29,2026-07-01,DELIVERED
SHP-001499-1,ORD-001499-1,SUP-0012,2026-05-23,2026-05-23,DELIVERED
SHP-001500-1,ORD-001500-1,SUP-0009,2026-04-30,2026-04-30,DELIVERED
SHP-001501-1,ORD-001501-1,SUP-0032,2026-02-27,2026-02-27,DELIVERED
SHP-001502-1,ORD-001502-1,SUP-0112,2026-04-22,2026-04-22,DELIVERED
SHP-001502-2,ORD-001502-2,SUP-0112,2026-04-27,2026-04-27,DELIVERED
SHP-001502-3,ORD-001502-3,SUP-0112,2026-05-07,2026-05-07,DELIVERED
SHP-001503-1,ORD-001503-1,SUP-0059,2026-08-02,2026-08-03,DELIVERED
SHP-001503-2,ORD-001503-2,SUP-0059,2026-08-17,2026-08-17,DELIVERED
SHP-001504-1,ORD-001504-1,SUP-0017,2026-08-09,2026-08-09,DELIVERED
SHP-001505-1,ORD-001505-1,SUP-0073,2026-08-29,2026-08-29,DELIVERED
SHP-001505-2,ORD-001505-2,SUP-0073,2026-09-18,2026-09-19,IN_TRANSIT
SHP-001506-1,ORD-001506-1,SUP-0051,2026-03-02,2026-03-02,DELIVERED
SHP-001506-2,ORD-001506-2,SUP-0051,2026-03-08,2026-03-09,DELIVERED
SHP-001506-3,ORD-001506-3,SUP-0051,2026-03-13,2026-03-15,DELIVERED
SHP-001507-1,ORD-001507-1,SUP-0061,2026-03-29,2026-03-29,DELIVERED
SHP-001507-2,ORD-001507-2,SUP-0061,2026-03-27,2026-03-27,DELIVERED
SHP-001507-3,ORD-001507-3,SUP-0061,2026-03-29,2026-03-29,DELIVERED
SHP-001508-1,ORD-001508-1,SUP-0053,2026-06-16,2026-06-16,DELIVERED
SHP-001508-2,ORD-001508-2,SUP-0053,2026-06-14,2026-06-16,DELIVERED
SHP-001508-3,ORD-001508-3,SUP-0053,2026-06-24,2026-06-25,DELIVERED
SHP-001509-1,ORD-001509-1,SUP-0075,2026-03-18,2026-03-18,DELIVERED
SHP-001509-2,ORD-001509-2,SUP-0075,2026-03-25,2026-03-25,DELIVERED
SHP-001510-1,ORD-001510-1,SUP-0101,2026-04-19,2026-04-21,DELIVERED
SHP-001511-1,ORD-001511-1,SUP-0060,2026-04-27,2026-04-29,DELIVERED
SHP-001512-1,ORD-001512-1,SUP-0068,2026-02-25,2026-02-25,DELIVERED
SHP-001512-2,ORD-001512-2,SUP-0068,2026-02-11,2026-02-12,DELIVERED
SHP-001513-1,ORD-001513-1,SUP-0063,2026-08-16,2026-08-16,DELIVERED
SHP-001513-2,ORD-001513-2,SUP-0063,2026-07-31,2026-07-31,DELIVERED
SHP-001513-3,ORD-001513-3,SUP-0063,2026-07-24,2026-07-24,DELIVERED
SHP-001513-4,ORD-001513-4,SUP-0063,2026-08-10,2026-08-10,DELIVERED
SHP-001514-1,ORD-001514-1,SUP-0050,2026-08-17,2026-08-19,DELIVERED
SHP-001514-2,ORD-001514-2,SUP-0050,2026-08-04,2026-08-06,DELIVERED
SHP-001515-1,ORD-001515-1,SUP-0078,2026-06-10,2026-06-10,DELIVERED
SHP-001515-2,ORD-001515-2,SUP-0078,2026-06-12,2026-06-12,DELIVERED
SHP-001516-1,ORD-001516-1,SUP-0004,2026-09-21,2026-09-21,IN_TRANSIT
SHP-001517-1,ORD-001517-1,SUP-0098,2026-08-31,2026-08-31,DELIVERED
SHP-001517-2,ORD-001517-2,SUP-0098,2026-09-16,2026-09-16,IN_TRANSIT
SHP-001517-3,ORD-001517-3,SUP-0098,2026-09-06,2026-09-06,IN_TRANSIT
SHP-001518-1,ORD-001518-1,SUP-0068,2026-04-02,2026-04-02,DELIVERED
SHP-001519-1,ORD-001519-1,SUP-0045,2026-05-02,2026-05-04,DELIVERED
SHP-001520-1,ORD-001520-1,SUP-0082,2026-04-03,2026-04-05,DELIVERED
SHP-001520-2,ORD-001520-2,SUP-0082,2026-04-07,2026-04-07,DELIVERED
SHP-001520-3,ORD-001520-3,SUP-0082,2026-03-30,2026-03-31,DELIVERED
SHP-001520-4,ORD-001520-4,SUP-0082,2026-04-07,2026-04-08,DELIVERED
SHP-001521-1,ORD-001521-1,SUP-0071,2026-02-12,2026-02-14,DELIVERED
SHP-001521-2,ORD-001521-2,SUP-0071,2026-02-16,2026-02-16,DELIVERED
SHP-001522-1,ORD-001522-1,SUP-0056,2026-02-14,2026-02-16,DELIVERED
SHP-001522-2,ORD-001522-2,SUP-0056,2026-02-27,2026-02-27,DELIVERED
SHP-001522-3,ORD-001522-3,SUP-0056,2026-02-18,2026-02-19,DELIVERED
SHP-001522-4,ORD-001522-4,SUP-0056,2026-02-28,2026-02-28,DELIVERED
SHP-001523-1,ORD-001523-1,SUP-0111,2026-04-26,2026-04-28,DELIVERED
SHP-001523-2,ORD-001523-2,SUP-0111,2026-04-14,2026-04-15,DELIVERED
SHP-001523-3,ORD-001523-3,SUP-0111,2026-04-16,2026-04-16,DELIVERED
SHP-001524-1,ORD-001524-1,SUP-0032,2026-04-01,2026-04-03,DELIVERED
SHP-001524-2,ORD-001524-2,SUP-0032,2026-04-07,2026-04-07,DELIVERED
SHP-001525-1,ORD-001525-1,SUP-0119,2026-05-16,2026-05-16,DELIVERED
SHP-001526-1,ORD-001526-1,SUP-0027,2026-09-18,2026-09-18,IN_TRANSIT
SHP-001526-2,ORD-001526-2,SUP-0027,2026-09-19,2026-09-19,IN_TRANSIT
SHP-001526-3,ORD-001526-3,SUP-0027,2026-08-30,2026-09-01,DELIVERED
SHP-001526-4,ORD-001526-4,SUP-0027,2026-09-03,2026-09-03,IN_TRANSIT
SHP-001527-1,ORD-001527-1,SUP-0001,2026-08-14,2026-08-16,DELIVERED
SHP-001527-2,ORD-001527-2,SUP-0001,2026-08-22,2026-08-23,DELIVERED
SHP-001527-3,ORD-001527-3,SUP-0001,2026-08-15,2026-08-15,DELIVERED
SHP-001527-4,ORD-001527-4,SUP-0001,2026-08-30,2026-09-01,DELIVERED
SHP-001528-1,ORD-001528-1,SUP-0118,2026-03-08,2026-03-08,DELIVERED
SHP-001529-1,ORD-001529-1,SUP-0106,2026-07-20,2026-07-20,DELIVERED
SHP-001529-2,ORD-001529-2,SUP-0106,2026-07-30,2026-07-30,DELIVERED
SHP-001530-1,ORD-001530-1,SUP-0097,2026-09-23,2026-09-23,IN_TRANSIT
SHP-001531-1,ORD-001531-1,SUP-0099,2026-04-28,2026-04-28,DELIVERED
SHP-001531-2,ORD-001531-2,SUP-0099,2026-04-25,2026-04-27,DELIVERED
SHP-001531-3,ORD-001531-3,SUP-0099,2026-05-05,2026-05-05,DELIVERED
SHP-001532-1,ORD-001532-1,SUP-0087,2026-07-14,2026-07-14,DELIVERED
SHP-001532-2,ORD-001532-2,SUP-0087,2026-07-17,2026-07-19,DELIVERED
SHP-001532-3,ORD-001532-3,SUP-0087,2026-07-12,2026-07-12,DELIVERED
SHP-001532-4,ORD-001532-4,SUP-0087,2026-07-09,2026-07-09,DELIVERED
SHP-001533-1,ORD-001533-1,SUP-0043,2026-08-03,2026-08-03,DELIVERED
SHP-001534-1,ORD-001534-1,SUP-0051,2026-05-14,2026-05-16,DELIVERED
SHP-001535-1,ORD-001535-1,SUP-0092,2026-07-13,2026-07-13,DELIVERED
SHP-001535-2,ORD-001535-2,SUP-0092,2026-07-19,2026-07-19,DELIVERED
SHP-001535-3,ORD-001535-3,SUP-0092,2026-07-22,2026-07-22,DELIVERED
SHP-001536-1,ORD-001536-1,SUP-0014,2026-06-22,2026-06-23,DELIVERED
SHP-001536-2,ORD-001536-2,SUP-0014,2026-06-07,2026-06-07,DELIVERED
SHP-001536-3,ORD-001536-3,SUP-0014,2026-06-25,2026-06-26,DELIVERED
SHP-001537-1,ORD-001537-1,SUP-0055,2026-03-10,2026-03-10,DELIVERED
SHP-001537-2,ORD-001537-2,SUP-0055,2026-02-21,2026-02-21,DELIVERED
SHP-001537-3,ORD-001537-3,SUP-0055,2026-03-03,2026-03-04,DELIVERED
SHP-001538-1,ORD-001538-1,SUP-0086,2026-02-04,2026-02-06,DELIVERED
SHP-001539-1,ORD-001539-1,SUP-0099,2026-04-13,2026-04-13,DELIVERED
SHP-001539-2,ORD-001539-2,SUP-0099,2026-04-09,2026-04-10,DELIVERED
SHP-001539-3,ORD-001539-3,SUP-0099,2026-04-18,2026-04-18,DELIVERED
SHP-001539-4,ORD-001539-4,SUP-0099,2026-03-21,2026-03-21,DELIVERED
SHP-001540-1,ORD-001540-1,SUP-0076,2026-06-02,2026-06-02,DELIVERED
SHP-001541-1,ORD-001541-1,SUP-0104,2026-09-13,2026-09-13,IN_TRANSIT
SHP-001541-2,ORD-001541-2,SUP-0104,2026-09-03,2026-09-03,IN_TRANSIT
SHP-001542-1,ORD-001542-1,SUP-0080,2026-07-02,2026-07-02,DELIVERED
SHP-001542-2,ORD-001542-2,SUP-0080,2026-06-24,2026-06-26,DELIVERED
SHP-001542-3,ORD-001542-3,SUP-0080,2026-06-28,2026-06-28,DELIVERED
SHP-001543-1,ORD-001543-1,SUP-0018,2026-06-05,2026-06-05,DELIVERED
SHP-001543-2,ORD-001543-2,SUP-0018,2026-06-02,2026-06-04,DELIVERED
SHP-001543-3,ORD-001543-3,SUP-0018,2026-06-12,2026-06-13,DELIVERED
SHP-001543-4,ORD-001543-4,SUP-0018,2026-06-11,2026-06-13,DELIVERED
SHP-001544-1,ORD-001544-1,SUP-0065,2026-02-21,2026-02-22,DELIVERED
SHP-001544-2,ORD-001544-2,SUP-0065,2026-03-13,2026-03-13,DELIVERED
SHP-001544-3,ORD-001544-3,SUP-0065,2026-03-05,2026-03-05,DELIVERED
SHP-001545-1,ORD-001545-1,SUP-0066,2026-06-02,2026-06-04,DELIVERED
SHP-001545-2,ORD-001545-2,SUP-0066,2026-05-22,2026-05-23,DELIVERED
SHP-001546-1,ORD-001546-1,SUP-0113,2026-05-20,2026-05-21,DELIVERED
SHP-001546-2,ORD-001546-2,SUP-0113,2026-06-04,2026-06-04,DELIVERED
SHP-001547-1,ORD-001547-1,SUP-0058,2026-02-09,2026-02-11,DELIVERED
SHP-001547-2,ORD-001547-2,SUP-0058,2026-02-25,2026-02-27,DELIVERED
SHP-001548-1,ORD-001548-1,SUP-0014,2026-04-17,2026-04-19,DELIVERED
SHP-001548-2,ORD-001548-2,SUP-0014,2026-04-07,2026-04-09,DELIVERED
SHP-001548-3,ORD-001548-3,SUP-0014,2026-04-03,2026-04-03,DELIVERED
SHP-001548-4,ORD-001548-4,SUP-0014,2026-04-03,2026-04-04,DELIVERED
SHP-001549-1,ORD-001549-1,SUP-0014,2026-04-15,2026-04-15,DELIVERED
SHP-001550-1,ORD-001550-1,SUP-0069,2026-01-29,2026-01-29,DELIVERED
SHP-001550-2,ORD-001550-2,SUP-0069,2026-02-14,2026-02-16,DELIVERED
SHP-001550-3,ORD-001550-3,SUP-0069,2026-02-21,2026-02-23,DELIVERED
SHP-001550-4,ORD-001550-4,SUP-0069,2026-02-05,2026-02-05,DELIVERED
SHP-001551-1,ORD-001551-1,SUP-0083,2026-08-05,2026-08-05,DELIVERED
SHP-001552-1,ORD-001552-1,SUP-0009,2026-09-01,2026-09-03,IN_TRANSIT
SHP-001552-2,ORD-001552-2,SUP-0009,2026-08-19,2026-08-19,DELIVERED
SHP-001552-3,ORD-001552-3,SUP-0009,2026-08-18,2026-08-18,DELIVERED
SHP-001553-1,ORD-001553-1,SUP-0082,2026-04-27,2026-04-27,DELIVERED
SHP-001554-1,ORD-001554-1,SUP-0101,2026-09-07,2026-09-08,IN_TRANSIT
SHP-001554-2,ORD-001554-2,SUP-0101,2026-09-28,2026-09-28,IN_TRANSIT
SHP-001555-1,ORD-001555-1,SUP-0064,2026-08-29,2026-08-30,DELIVERED
SHP-001555-2,ORD-001555-2,SUP-0064,2026-08-23,2026-08-24,DELIVERED
SHP-001555-3,ORD-001555-3,SUP-0064,2026-08-13,2026-08-13,DELIVERED
SHP-001556-1,ORD-001556-1,SUP-0029,2026-04-29,2026-04-30,DELIVERED
SHP-001556-2,ORD-001556-2,SUP-0029,2026-04-23,2026-04-23,DELIVERED
SHP-001556-3,ORD-001556-3,SUP-0029,2026-04-26,2026-04-28,DELIVERED
SHP-001556-4,ORD-001556-4,SUP-0029,2026-04-23,2026-04-23,DELIVERED
SHP-001557-1,ORD-001557-1,SUP-0056,2026-08-25,2026-08-25,DELIVERED
SHP-001557-2,ORD-001557-2,SUP-0056,2026-09-01,2026-09-03,IN_TRANSIT
SHP-001558-1,ORD-001558-1,SUP-0038,2026-03-06,2026-03-07,DELIVERED
SHP-001558-2,ORD-001558-2,SUP-0038,2026-02-27,2026-02-27,DELIVERED
SHP-001559-1,ORD-001559-1,SUP-0004,2026-04-16,2026-04-17,DELIVERED
SHP-001560-1,ORD-001560-1,SUP-0060,2026-08-05,2026-08-05,DELIVERED
SHP-001560-2,ORD-001560-2,SUP-0060,2026-08-06,2026-08-06,DELIVERED
SHP-001560-3,ORD-001560-3,SUP-0060,2026-07-31,2026-07-31,DELIVERED
SHP-001560-4,ORD-001560-4,SUP-0060,2026-07-31,2026-08-02,DELIVERED
SHP-001561-1,ORD-001561-1,SUP-0119,2026-02-15,2026-02-15,DELIVERED
SHP-001561-2,ORD-001561-2,SUP-0119,2026-02-13,2026-02-13,DELIVERED
SHP-001561-3,ORD-001561-3,SUP-0119,2026-02-06,2026-02-06,DELIVERED
SHP-001562-1,ORD-001562-1,SUP-0027,2026-03-23,2026-03-24,DELIVERED
SHP-001562-2,ORD-001562-2,SUP-0027,2026-03-18,2026-03-18,DELIVERED
SHP-001562-3,ORD-001562-3,SUP-0027,2026-03-29,2026-03-29,DELIVERED
SHP-001562-4,ORD-001562-4,SUP-0027,2026-03-21,2026-03-22,DELIVERED
SHP-001563-1,ORD-001563-1,SUP-0046,2026-09-04,2026-09-04,IN_TRANSIT
SHP-001563-2,ORD-001563-2,SUP-0046,2026-09-03,2026-09-04,IN_TRANSIT
SHP-001564-1,ORD-001564-1,SUP-0029,2026-06-10,2026-06-11,DELIVERED
SHP-001564-2,ORD-001564-2,SUP-0029,2026-06-05,2026-06-05,DELIVERED
SHP-001564-3,ORD-001564-3,SUP-0029,2026-06-20,2026-06-20,DELIVERED
SHP-001565-1,ORD-001565-1,SUP-0045,2026-04-13,2026-04-13,DELIVERED
SHP-001565-2,ORD-001565-2,SUP-0045,2026-04-20,2026-04-20,DELIVERED
SHP-001565-3,ORD-001565-3,SUP-0045,2026-04-13,2026-04-13,DELIVERED
SHP-001565-4,ORD-001565-4,SUP-0045,2026-04-15,2026-04-15,DELIVERED
SHP-001566-1,ORD-001566-1,SUP-0055,2026-08-04,2026-08-06,DELIVERED
SHP-001566-2,ORD-001566-2,SUP-0055,2026-07-27,2026-07-27,DELIVERED
SHP-001567-1,ORD-001567-1,SUP-0076,2026-05-18,2026-05-20,DELIVERED
SHP-001567-2,ORD-001567-2,SUP-0076,2026-05-24,2026-05-25,DELIVERED
SHP-001567-3,ORD-001567-3,SUP-0076,2026-04-27,2026-04-27,DELIVERED
SHP-001567-4,ORD-001567-4,SUP-0076,2026-05-26,2026-05-27,DELIVERED
SHP-001568-1,ORD-001568-1,SUP-0057,2026-07-21,2026-07-23,DELIVERED
SHP-001568-2,ORD-001568-2,SUP-0057,2026-07-11,2026-07-11,DELIVERED
SHP-001569-1,ORD-001569-1,SUP-0085,2026-07-11,2026-07-11,DELIVERED
SHP-001569-2,ORD-001569-2,SUP-0085,2026-06-28,2026-06-28,DELIVERED
SHP-001569-3,ORD-001569-3,SUP-0085,2026-06-28,2026-06-29,DELIVERED
SHP-001570-1,ORD-001570-1,SUP-0047,2026-05-20,2026-05-20,DELIVERED
SHP-001571-1,ORD-001571-1,SUP-0096,2026-07-10,2026-07-12,DELIVERED
SHP-001571-2,ORD-001571-2,SUP-0096,2026-06-23,2026-06-23,DELIVERED
SHP-001572-1,ORD-001572-1,SUP-0086,2026-06-01,2026-06-03,DELIVERED
SHP-001572-2,ORD-001572-2,SUP-0086,2026-05-16,2026-05-17,DELIVERED
SHP-001572-3,ORD-001572-3,SUP-0086,2026-05-22,2026-05-22,DELIVERED
SHP-001573-1,ORD-001573-1,SUP-0066,2026-09-07,2026-09-07,IN_TRANSIT
SHP-001574-1,ORD-001574-1,SUP-0021,2026-07-04,2026-07-05,DELIVERED
SHP-001575-1,ORD-001575-1,SUP-0056,2026-02-15,2026-02-16,DELIVERED
SHP-001575-2,ORD-001575-2,SUP-0056,2026-03-07,2026-03-09,DELIVERED
SHP-001576-1,ORD-001576-1,SUP-0108,2026-04-17,2026-04-17,DELIVERED
SHP-001576-2,ORD-001576-2,SUP-0108,2026-05-06,2026-05-08,DELIVERED
SHP-001576-3,ORD-001576-3,SUP-0108,2026-05-05,2026-05-05,DELIVERED
SHP-001577-1,ORD-001577-1,SUP-0114,2026-07-31,2026-08-01,DELIVERED
SHP-001578-1,ORD-001578-1,SUP-0098,2026-02-02,2026-02-03,DELIVERED
SHP-001578-2,ORD-001578-2,SUP-0098,2026-02-19,2026-02-19,DELIVERED
SHP-001578-3,ORD-001578-3,SUP-0098,2026-02-10,2026-02-12,DELIVERED
SHP-001579-1,ORD-001579-1,SUP-0065,2026-01-27,2026-01-27,DELIVERED
SHP-001579-2,ORD-001579-2,SUP-0065,2026-01-28,2026-01-29,DELIVERED
SHP-001580-1,ORD-001580-1,SUP-0008,2026-06-18,2026-06-20,DELIVERED
SHP-001581-1,ORD-001581-1,SUP-0022,2026-08-25,2026-08-25,DELIVERED
SHP-001581-2,ORD-001581-2,SUP-0022,2026-08-22,2026-08-22,DELIVERED
SHP-001582-1,ORD-001582-1,SUP-0031,2026-07-22,2026-07-24,DELIVERED
SHP-001582-2,ORD-001582-2,SUP-0031,2026-07-15,2026-07-16,DELIVERED
SHP-001583-1,ORD-001583-1,SUP-0024,2026-02-06,2026-02-06,DELIVERED
SHP-001584-1,ORD-001584-1,SUP-0059,2026-05-14,2026-05-14,DELIVERED
SHP-001585-1,ORD-001585-1,SUP-0059,2026-06-12,2026-06-12,DELIVERED
SHP-001586-1,ORD-001586-1,SUP-0120,2026-05-03,2026-05-05,DELIVERED
SHP-001586-2,ORD-001586-2,SUP-0120,2026-05-12,2026-05-12,DELIVERED
SHP-001586-3,ORD-001586-3,SUP-0120,2026-05-21,2026-05-21,DELIVERED
SHP-001586-4,ORD-001586-4,SUP-0120,2026-05-18,2026-05-18,DELIVERED
SHP-001587-1,ORD-001587-1,SUP-0075,2026-05-08,2026-05-08,DELIVERED
SHP-001587-2,ORD-001587-2,SUP-0075,2026-04-30,2026-04-30,DELIVERED
SHP-001587-3,ORD-001587-3,SUP-0075,2026-04-29,2026-04-29,DELIVERED
SHP-001587-4,ORD-001587-4,SUP-0075,2026-05-13,2026-05-14,DELIVERED
SHP-001588-1,ORD-001588-1,SUP-0009,2026-04-24,2026-04-24,DELIVERED
SHP-001588-2,ORD-001588-2,SUP-0009,2026-03-27,2026-03-28,DELIVERED
SHP-001589-1,ORD-001589-1,SUP-0054,2026-07-11,2026-07-11,DELIVERED
SHP-001589-2,ORD-001589-2,SUP-0054,2026-08-03,2026-08-04,DELIVERED
SHP-001589-3,ORD-001589-3,SUP-0054,2026-07-20,2026-07-20,DELIVERED
SHP-001590-1,ORD-001590-1,SUP-0108,2026-05-04,2026-05-06,DELIVERED
SHP-001590-2,ORD-001590-2,SUP-0108,2026-04-28,2026-04-30,DELIVERED
SHP-001590-3,ORD-001590-3,SUP-0108,2026-05-10,2026-05-10,DELIVERED
SHP-001590-4,ORD-001590-4,SUP-0108,2026-05-04,2026-05-06,DELIVERED
SHP-001591-1,ORD-001591-1,SUP-0024,2026-08-12,2026-08-14,DELIVERED
SHP-001591-2,ORD-001591-2,SUP-0024,2026-07-30,2026-07-30,DELIVERED
SHP-001592-1,ORD-001592-1,SUP-0007,2026-07-22,2026-07-24,DELIVERED
SHP-001593-1,ORD-001593-1,SUP-0021,2026-06-02,2026-06-04,DELIVERED
SHP-001594-1,ORD-001594-1,SUP-0099,2026-07-22,2026-07-24,DELIVERED
SHP-001594-2,ORD-001594-2,SUP-0099,2026-07-18,2026-07-18,DELIVERED
SHP-001594-3,ORD-001594-3,SUP-0099,2026-07-03,2026-07-03,DELIVERED
SHP-001595-1,ORD-001595-1,SUP-0021,2026-02-25,2026-02-25,DELIVERED
SHP-001595-2,ORD-001595-2,SUP-0021,2026-03-03,2026-03-05,DELIVERED
SHP-001595-3,ORD-001595-3,SUP-0021,2026-02-27,2026-02-27,DELIVERED
SHP-001596-1,ORD-001596-1,SUP-0064,2026-06-27,2026-06-27,DELIVERED
SHP-001596-2,ORD-001596-2,SUP-0064,2026-07-01,2026-07-02,DELIVERED
SHP-001596-3,ORD-001596-3,SUP-0064,2026-07-03,2026-07-05,DELIVERED
SHP-001596-4,ORD-001596-4,SUP-0064,2026-07-07,2026-07-09,DELIVERED
SHP-001597-1,ORD-001597-1,SUP-0065,2026-02-08,2026-02-08,DELIVERED
SHP-001598-1,ORD-001598-1,SUP-0083,2026-05-30,2026-05-30,DELIVERED
SHP-001598-2,ORD-001598-2,SUP-0083,2026-05-25,2026-05-25,DELIVERED
SHP-001598-3,ORD-001598-3,SUP-0083,2026-06-09,2026-06-09,DELIVERED
SHP-001599-1,ORD-001599-1,SUP-0097,2026-04-15,2026-04-15,DELIVERED
SHP-001599-2,ORD-001599-2,SUP-0097,2026-04-09,2026-04-09,DELIVERED
SHP-001600-1,ORD-001600-1,SUP-0089,2026-09-21,2026-09-21,IN_TRANSIT
SHP-001601-1,ORD-001601-1,SUP-0078,2026-03-12,2026-03-12,DELIVERED
SHP-001602-1,ORD-001602-1,SUP-0042,2026-07-16,2026-07-16,DELIVERED
SHP-001602-2,ORD-001602-2,SUP-0042,2026-06-24,2026-06-26,DELIVERED
SHP-001602-3,ORD-001602-3,SUP-0042,2026-07-13,2026-07-13,DELIVERED
SHP-001602-4,ORD-001602-4,SUP-0042,2026-06-29,2026-07-01,DELIVERED
SHP-001603-1,ORD-001603-1,SUP-0033,2026-03-23,2026-03-25,DELIVERED
SHP-001603-2,ORD-001603-2,SUP-0033,2026-04-03,2026-04-05,DELIVERED
SHP-001604-1,ORD-001604-1,SUP-0055,2026-05-07,2026-05-09,DELIVERED
SHP-001604-2,ORD-001604-2,SUP-0055,2026-05-03,2026-05-04,DELIVERED
SHP-001605-1,ORD-001605-1,SUP-0082,2026-04-14,2026-04-14,DELIVERED
SHP-001605-2,ORD-001605-2,SUP-0082,2026-04-24,2026-04-25,DELIVERED
SHP-001605-3,ORD-001605-3,SUP-0082,2026-04-05,2026-04-06,DELIVERED
SHP-001605-4,ORD-001605-4,SUP-0082,2026-04-12,2026-04-12,DELIVERED
SHP-001606-1,ORD-001606-1,SUP-0040,2026-07-07,2026-07-07,DELIVERED
SHP-001606-2,ORD-001606-2,SUP-0040,2026-07-05,2026-07-05,DELIVERED
SHP-001606-3,ORD-001606-3,SUP-0040,2026-06-26,2026-06-26,DELIVERED
SHP-001607-1,ORD-001607-1,SUP-0038,2026-03-24,2026-03-24,DELIVERED
SHP-001607-2,ORD-001607-2,SUP-0038,2026-03-17,2026-03-19,DELIVERED
SHP-001608-1,ORD-001608-1,SUP-0040,2026-05-13,2026-05-14,DELIVERED
SHP-001609-1,ORD-001609-1,SUP-0036,2026-06-23,2026-06-25,DELIVERED
SHP-001610-1,ORD-001610-1,SUP-0070,2026-09-08,2026-09-08,IN_TRANSIT
SHP-001610-2,ORD-001610-2,SUP-0070,2026-09-09,2026-09-10,IN_TRANSIT
SHP-001610-3,ORD-001610-3,SUP-0070,2026-09-15,2026-09-15,IN_TRANSIT
SHP-001611-1,ORD-001611-1,SUP-0041,2026-04-14,2026-04-15,DELIVERED
SHP-001611-2,ORD-001611-2,SUP-0041,2026-04-26,2026-04-27,DELIVERED
SHP-001612-1,ORD-001612-1,SUP-0077,2026-08-15,2026-08-15,DELIVERED
SHP-001612-2,ORD-001612-2,SUP-0077,2026-08-01,2026-08-03,DELIVERED
SHP-001613-1,ORD-001613-1,SUP-0087,2026-08-20,2026-08-20,DELIVERED
SHP-001613-2,ORD-001613-2,SUP-0087,2026-08-31,2026-08-31,DELIVERED
SHP-001613-3,ORD-001613-3,SUP-0087,2026-08-19,2026-08-19,DELIVERED
SHP-001614-1,ORD-001614-1,SUP-0087,2026-03-29,2026-03-29,DELIVERED
SHP-001614-2,ORD-001614-2,SUP-0087,2026-03-18,2026-03-18,DELIVERED
SHP-001614-3,ORD-001614-3,SUP-0087,2026-03-18,2026-03-19,DELIVERED
SHP-001615-1,ORD-001615-1,SUP-0080,2026-06-02,2026-06-04,DELIVERED
SHP-001615-2,ORD-001615-2,SUP-0080,2026-06-23,2026-06-25,DELIVERED
SHP-001615-3,ORD-001615-3,SUP-0080,2026-06-15,2026-06-16,DELIVERED
SHP-001615-4,ORD-001615-4,SUP-0080,2026-06-26,2026-06-27,DELIVERED
SHP-001616-1,ORD-001616-1,SUP-0104,2026-03-29,2026-03-29,DELIVERED
SHP-001617-1,ORD-001617-1,SUP-0059,2026-08-05,2026-08-07,DELIVERED
SHP-001618-1,ORD-001618-1,SUP-0066,2026-03-26,2026-03-27,DELIVERED
SHP-001618-2,ORD-001618-2,SUP-0066,2026-03-10,2026-03-11,DELIVERED
SHP-001618-3,ORD-001618-3,SUP-0066,2026-03-17,2026-03-19,DELIVERED
SHP-001618-4,ORD-001618-4,SUP-0066,2026-03-22,2026-03-23,DELIVERED
SHP-001619-1,ORD-001619-1,SUP-0117,2026-02-16,2026-02-17,DELIVERED
SHP-001619-2,ORD-001619-2,SUP-0117,2026-02-25,2026-02-25,DELIVERED
SHP-001619-3,ORD-001619-3,SUP-0117,2026-02-14,2026-02-16,DELIVERED
SHP-001620-1,ORD-001620-1,SUP-0055,2026-07-15,2026-07-15,DELIVERED
SHP-001620-2,ORD-001620-2,SUP-0055,2026-07-23,2026-07-23,DELIVERED
SHP-001620-3,ORD-001620-3,SUP-0055,2026-07-02,2026-07-02,DELIVERED
SHP-001621-1,ORD-001621-1,SUP-0101,2026-05-01,2026-05-01,DELIVERED
SHP-001621-2,ORD-001621-2,SUP-0101,2026-05-09,2026-05-11,DELIVERED
SHP-001621-3,ORD-001621-3,SUP-0101,2026-05-15,2026-05-15,DELIVERED
SHP-001621-4,ORD-001621-4,SUP-0101,2026-05-06,2026-05-06,DELIVERED
SHP-001622-1,ORD-001622-1,SUP-0111,2026-06-12,2026-06-12,DELIVERED
SHP-001622-2,ORD-001622-2,SUP-0111,2026-06-20,2026-06-20,DELIVERED
SHP-001622-3,ORD-001622-3,SUP-0111,2026-06-20,2026-06-20,DELIVERED
SHP-001622-4,ORD-001622-4,SUP-0111,2026-06-14,2026-06-16,DELIVERED
SHP-001623-1,ORD-001623-1,SUP-0045,2026-01-30,2026-02-01,DELIVERED
SHP-001624-1,ORD-001624-1,SUP-0049,2026-02-24,2026-02-25,DELIVERED
SHP-001625-1,ORD-001625-1,SUP-0059,2026-06-07,2026-06-07,DELIVERED
SHP-001626-1,ORD-001626-1,SUP-0007,2026-08-17,2026-08-19,DELIVERED
SHP-001626-2,ORD-001626-2,SUP-0007,2026-08-10,2026-08-11,DELIVERED
SHP-001626-3,ORD-001626-3,SUP-0007,2026-08-07,2026-08-07,DELIVERED
SHP-001627-1,ORD-001627-1,SUP-0087,2026-03-14,2026-03-14,DELIVERED
SHP-001627-2,ORD-001627-2,SUP-0087,2026-03-08,2026-03-08,DELIVERED
SHP-001627-3,ORD-001627-3,SUP-0087,2026-03-11,2026-03-12,DELIVERED
SHP-001627-4,ORD-001627-4,SUP-0087,2026-03-13,2026-03-14,DELIVERED
SHP-001628-1,ORD-001628-1,SUP-0069,2026-07-28,2026-07-28,DELIVERED
SHP-001628-2,ORD-001628-2,SUP-0069,2026-07-24,2026-07-26,DELIVERED
SHP-001628-3,ORD-001628-3,SUP-0069,2026-07-21,2026-07-21,DELIVERED
SHP-001628-4,ORD-001628-4,SUP-0069,2026-07-12,2026-07-12,DELIVERED
SHP-001629-1,ORD-001629-1,SUP-0061,2026-05-07,2026-05-08,DELIVERED
SHP-001629-2,ORD-001629-2,SUP-0061,2026-05-15,2026-05-15,DELIVERED
SHP-001629-3,ORD-001629-3,SUP-0061,2026-05-22,2026-05-22,DELIVERED
SHP-001630-1,ORD-001630-1,SUP-0012,2026-04-19,2026-04-19,DELIVERED
SHP-001630-2,ORD-001630-2,SUP-0012,2026-04-21,2026-04-21,DELIVERED
SHP-001631-1,ORD-001631-1,SUP-0051,2026-08-01,2026-08-01,DELIVERED
SHP-001631-2,ORD-001631-2,SUP-0051,2026-07-29,2026-07-29,DELIVERED
SHP-001631-3,ORD-001631-3,SUP-0051,2026-07-27,2026-07-28,DELIVERED
SHP-001632-1,ORD-001632-1,SUP-0005,2026-08-17,2026-08-17,DELIVERED
SHP-001632-2,ORD-001632-2,SUP-0005,2026-08-22,2026-08-22,DELIVERED
SHP-001632-3,ORD-001632-3,SUP-0005,2026-08-27,2026-08-27,DELIVERED
SHP-001632-4,ORD-001632-4,SUP-0005,2026-09-09,2026-09-09,IN_TRANSIT
SHP-001633-1,ORD-001633-1,SUP-0096,2026-08-13,2026-08-14,DELIVERED
SHP-001633-2,ORD-001633-2,SUP-0096,2026-08-23,2026-08-24,DELIVERED
SHP-001633-3,ORD-001633-3,SUP-0096,2026-08-13,2026-08-14,DELIVERED
SHP-001633-4,ORD-001633-4,SUP-0096,2026-08-27,2026-08-28,DELIVERED
SHP-001634-1,ORD-001634-1,SUP-0071,2026-08-01,2026-08-03,DELIVERED
SHP-001634-2,ORD-001634-2,SUP-0071,2026-08-02,2026-08-04,DELIVERED
SHP-001635-1,ORD-001635-1,SUP-0009,2026-08-01,2026-08-01,DELIVERED
SHP-001635-2,ORD-001635-2,SUP-0009,2026-07-17,2026-07-17,DELIVERED
SHP-001636-1,ORD-001636-1,SUP-0036,2026-07-04,2026-07-04,DELIVERED
SHP-001636-2,ORD-001636-2,SUP-0036,2026-07-19,2026-07-20,DELIVERED
SHP-001637-1,ORD-001637-1,SUP-0049,2026-04-13,2026-04-15,DELIVERED
SHP-001637-2,ORD-001637-2,SUP-0049,2026-04-15,2026-04-15,DELIVERED
SHP-001638-1,ORD-001638-1,SUP-0111,2026-08-19,2026-08-19,DELIVERED
SHP-001638-2,ORD-001638-2,SUP-0111,2026-09-02,2026-09-03,IN_TRANSIT
SHP-001638-3,ORD-001638-3,SUP-0111,2026-08-19,2026-08-21,DELIVERED
SHP-001639-1,ORD-001639-1,SUP-0118,2026-04-29,2026-04-29,DELIVERED
SHP-001639-2,ORD-001639-2,SUP-0118,2026-05-19,2026-05-19,DELIVERED
SHP-001639-3,ORD-001639-3,SUP-0118,2026-05-09,2026-05-09,DELIVERED
SHP-001639-4,ORD-001639-4,SUP-0118,2026-05-06,2026-05-08,DELIVERED
SHP-001640-1,ORD-001640-1,SUP-0105,2026-04-27,2026-04-27,DELIVERED
SHP-001640-2,ORD-001640-2,SUP-0105,2026-04-28,2026-04-28,DELIVERED
SHP-001641-1,ORD-001641-1,SUP-0091,2026-09-18,2026-09-18,IN_TRANSIT
SHP-001641-2,ORD-001641-2,SUP-0091,2026-09-25,2026-09-25,IN_TRANSIT
SHP-001641-3,ORD-001641-3,SUP-0091,2026-09-17,2026-09-19,IN_TRANSIT
SHP-001642-1,ORD-001642-1,SUP-0012,2026-07-26,2026-07-26,DELIVERED
SHP-001643-1,ORD-001643-1,SUP-0091,2026-04-07,2026-04-09,DELIVERED
SHP-001643-2,ORD-001643-2,SUP-0091,2026-04-14,2026-04-14,DELIVERED
SHP-001643-3,ORD-001643-3,SUP-0091,2026-04-08,2026-04-08,DELIVERED
SHP-001644-1,ORD-001644-1,SUP-0012,2026-07-24,2026-07-24,DELIVERED
SHP-001644-2,ORD-001644-2,SUP-0012,2026-07-19,2026-07-19,DELIVERED
SHP-001645-1,ORD-001645-1,SUP-0025,2026-08-10,2026-08-12,DELIVERED
SHP-001645-2,ORD-001645-2,SUP-0025,2026-08-17,2026-08-17,DELIVERED
SHP-001645-3,ORD-001645-3,SUP-0025,2026-08-30,2026-08-31,DELIVERED
SHP-001645-4,ORD-001645-4,SUP-0025,2026-08-14,2026-08-14,DELIVERED
SHP-001646-1,ORD-001646-1,SUP-0101,2026-06-22,2026-06-22,DELIVERED
SHP-001646-2,ORD-001646-2,SUP-0101,2026-07-04,2026-07-04,DELIVERED
SHP-001646-3,ORD-001646-3,SUP-0101,2026-07-01,2026-07-02,DELIVERED
SHP-001646-4,ORD-001646-4,SUP-0101,2026-06-19,2026-06-19,DELIVERED
SHP-001647-1,ORD-001647-1,SUP-0115,2026-03-11,2026-03-11,DELIVERED
SHP-001648-1,ORD-001648-1,SUP-0020,2026-07-03,2026-07-03,DELIVERED
SHP-001648-2,ORD-001648-2,SUP-0020,2026-07-04,2026-07-06,DELIVERED
SHP-001648-3,ORD-001648-3,SUP-0020,2026-07-01,2026-07-03,DELIVERED
SHP-001648-4,ORD-001648-4,SUP-0020,2026-07-07,2026-07-07,DELIVERED
SHP-001649-1,ORD-001649-1,SUP-0098,2026-06-01,2026-06-02,DELIVERED
SHP-001649-2,ORD-001649-2,SUP-0098,2026-06-25,2026-06-25,DELIVERED
SHP-001650-1,ORD-001650-1,SUP-0033,2026-06-17,2026-06-17,DELIVERED
SHP-001650-2,ORD-001650-2,SUP-0033,2026-06-22,2026-06-24,DELIVERED
SHP-001651-1,ORD-001651-1,SUP-0114,2026-07-30,2026-07-30,DELIVERED
SHP-001652-1,ORD-001652-1,SUP-0023,2026-04-04,2026-04-06,DELIVERED
SHP-001652-2,ORD-001652-2,SUP-0023,2026-03-21,2026-03-21,DELIVERED
SHP-001652-3,ORD-001652-3,SUP-0023,2026-03-29,2026-03-29,DELIVERED
SHP-001653-1,ORD-001653-1,SUP-0027,2026-02-23,2026-02-25,DELIVERED
SHP-001653-2,ORD-001653-2,SUP-0027,2026-02-19,2026-02-20,DELIVERED
SHP-001653-3,ORD-001653-3,SUP-0027,2026-02-16,2026-02-17,DELIVERED
SHP-001654-1,ORD-001654-1,SUP-0085,2026-05-12,2026-05-13,DELIVERED
SHP-001655-1,ORD-001655-1,SUP-0002,2026-05-28,2026-05-28,DELIVERED
SHP-001655-2,ORD-001655-2,SUP-0002,2026-06-06,2026-06-06,DELIVERED
SHP-001655-3,ORD-001655-3,SUP-0002,2026-06-05,2026-06-05,DELIVERED
SHP-001655-4,ORD-001655-4,SUP-0002,2026-05-22,2026-05-24,DELIVERED
SHP-001656-1,ORD-001656-1,SUP-0092,2026-03-22,2026-03-24,DELIVERED
SHP-001656-2,ORD-001656-2,SUP-0092,2026-04-10,2026-04-11,DELIVERED
SHP-001656-3,ORD-001656-3,SUP-0092,2026-04-09,2026-04-09,DELIVERED
SHP-001657-1,ORD-001657-1,SUP-0094,2026-02-25,2026-02-26,DELIVERED
SHP-001657-2,ORD-001657-2,SUP-0094,2026-03-03,2026-03-03,DELIVERED
SHP-001657-3,ORD-001657-3,SUP-0094,2026-03-11,2026-03-13,DELIVERED
SHP-001657-4,ORD-001657-4,SUP-0094,2026-03-07,2026-03-07,DELIVERED
SHP-001658-1,ORD-001658-1,SUP-0092,2026-07-25,2026-07-26,DELIVERED
SHP-001658-2,ORD-001658-2,SUP-0092,2026-08-15,2026-08-15,DELIVERED
SHP-001659-1,ORD-001659-1,SUP-0088,2026-05-31,2026-06-02,DELIVERED
SHP-001660-1,ORD-001660-1,SUP-0029,2026-03-29,2026-03-29,DELIVERED
SHP-001660-2,ORD-001660-2,SUP-0029,2026-04-11,2026-04-11,DELIVERED
SHP-001660-3,ORD-001660-3,SUP-0029,2026-04-11,2026-04-11,DELIVERED
SHP-001660-4,ORD-001660-4,SUP-0029,2026-04-11,2026-04-12,DELIVERED
SHP-001661-1,ORD-001661-1,SUP-0036,2026-07-26,2026-07-26,DELIVERED
SHP-001661-2,ORD-001661-2,SUP-0036,2026-07-16,2026-07-16,DELIVERED
SHP-001661-3,ORD-001661-3,SUP-0036,2026-07-26,2026-07-27,DELIVERED
SHP-001661-4,ORD-001661-4,SUP-0036,2026-07-18,2026-07-19,DELIVERED
SHP-001662-1,ORD-001662-1,SUP-0040,2026-06-19,2026-06-19,DELIVERED
SHP-001662-2,ORD-001662-2,SUP-0040,2026-06-24,2026-06-25,DELIVERED
SHP-001663-1,ORD-001663-1,SUP-0101,2026-08-28,2026-08-28,DELIVERED
SHP-001663-2,ORD-001663-2,SUP-0101,2026-09-04,2026-09-04,IN_TRANSIT
SHP-001663-3,ORD-001663-3,SUP-0101,2026-08-26,2026-08-27,DELIVERED
SHP-001663-4,ORD-001663-4,SUP-0101,2026-09-07,2026-09-09,IN_TRANSIT
SHP-001664-1,ORD-001664-1,SUP-0099,2026-05-09,2026-05-09,DELIVERED
SHP-001665-1,ORD-001665-1,SUP-0026,2026-06-21,2026-06-22,DELIVERED
SHP-001665-2,ORD-001665-2,SUP-0026,2026-06-15,2026-06-15,DELIVERED
SHP-001666-1,ORD-001666-1,SUP-0034,2026-05-04,2026-05-06,DELIVERED
SHP-001666-2,ORD-001666-2,SUP-0034,2026-05-23,2026-05-24,DELIVERED
SHP-001667-1,ORD-001667-1,SUP-0082,2026-05-22,2026-05-22,DELIVERED
SHP-001667-2,ORD-001667-2,SUP-0082,2026-06-03,2026-06-04,DELIVERED
SHP-001668-1,ORD-001668-1,SUP-0057,2026-08-25,2026-08-25,DELIVERED
SHP-001668-2,ORD-001668-2,SUP-0057,2026-08-30,2026-08-31,DELIVERED
SHP-001669-1,ORD-001669-1,SUP-0059,2026-09-03,2026-09-03,IN_TRANSIT
SHP-001670-1,ORD-001670-1,SUP-0028,2026-05-07,2026-05-09,DELIVERED
SHP-001670-2,ORD-001670-2,SUP-0028,2026-05-08,2026-05-08,DELIVERED
SHP-001670-3,ORD-001670-3,SUP-0028,2026-05-15,2026-05-15,DELIVERED
SHP-001671-1,ORD-001671-1,SUP-0059,2026-05-06,2026-05-06,DELIVERED
SHP-001671-2,ORD-001671-2,SUP-0059,2026-05-01,2026-05-01,DELIVERED
SHP-001671-3,ORD-001671-3,SUP-0059,2026-05-13,2026-05-13,DELIVERED
SHP-001672-1,ORD-001672-1,SUP-0067,2026-07-15,2026-07-15,DELIVERED
SHP-001672-2,ORD-001672-2,SUP-0067,2026-07-05,2026-07-05,DELIVERED
SHP-001672-3,ORD-001672-3,SUP-0067,2026-07-21,2026-07-21,DELIVERED
SHP-001672-4,ORD-001672-4,SUP-0067,2026-07-19,2026-07-21,DELIVERED
SHP-001673-1,ORD-001673-1,SUP-0061,2026-02-13,2026-02-15,DELIVERED
SHP-001673-2,ORD-001673-2,SUP-0061,2026-02-25,2026-02-25,DELIVERED
SHP-001674-1,ORD-001674-1,SUP-0039,2026-04-10,2026-04-10,DELIVERED
SHP-001674-2,ORD-001674-2,SUP-0039,2026-04-25,2026-04-25,DELIVERED
SHP-001674-3,ORD-001674-3,SUP-0039,2026-05-01,2026-05-01,DELIVERED
SHP-001674-4,ORD-001674-4,SUP-0039,2026-05-01,2026-05-01,DELIVERED
SHP-001675-1,ORD-001675-1,SUP-0023,2026-04-24,2026-04-24,DELIVERED
SHP-001675-2,ORD-001675-2,SUP-0023,2026-04-18,2026-04-19,DELIVERED
SHP-001675-3,ORD-001675-3,SUP-0023,2026-05-03,2026-05-03,DELIVERED
SHP-001676-1,ORD-001676-1,SUP-0080,2026-02-20,2026-02-22,DELIVERED
SHP-001676-2,ORD-001676-2,SUP-0080,2026-03-01,2026-03-02,DELIVERED
SHP-001676-3,ORD-001676-3,SUP-0080,2026-03-04,2026-03-04,DELIVERED
SHP-001677-1,ORD-001677-1,SUP-0020,2026-07-12,2026-07-12,DELIVERED
SHP-001677-2,ORD-001677-2,SUP-0020,2026-06-24,2026-06-25,DELIVERED
SHP-001677-3,ORD-001677-3,SUP-0020,2026-07-06,2026-07-07,DELIVERED
SHP-001677-4,ORD-001677-4,SUP-0020,2026-07-20,2026-07-21,DELIVERED
SHP-001678-1,ORD-001678-1,SUP-0086,2026-07-30,2026-07-30,DELIVERED
SHP-001678-2,ORD-001678-2,SUP-0086,2026-07-20,2026-07-20,DELIVERED
SHP-001678-3,ORD-001678-3,SUP-0086,2026-07-31,2026-07-31,DELIVERED
SHP-001679-1,ORD-001679-1,SUP-0025,2026-02-14,2026-02-15,DELIVERED
SHP-001679-2,ORD-001679-2,SUP-0025,2026-02-20,2026-02-20,DELIVERED
SHP-001679-3,ORD-001679-3,SUP-0025,2026-02-28,2026-03-01,DELIVERED
SHP-001680-1,ORD-001680-1,SUP-0090,2026-06-12,2026-06-12,DELIVERED
SHP-001680-2,ORD-001680-2,SUP-0090,2026-06-14,2026-06-14,DELIVERED
SHP-001680-3,ORD-001680-3,SUP-0090,2026-06-12,2026-06-12,DELIVERED
SHP-001680-4,ORD-001680-4,SUP-0090,2026-06-16,2026-06-17,DELIVERED
SHP-001681-1,ORD-001681-1,SUP-0006,2026-02-02,2026-02-02,DELIVERED
SHP-001681-2,ORD-001681-2,SUP-0006,2026-01-25,2026-01-25,DELIVERED
SHP-001682-1,ORD-001682-1,SUP-0025,2026-07-01,2026-07-02,DELIVERED
SHP-001682-2,ORD-001682-2,SUP-0025,2026-07-06,2026-07-08,DELIVERED
SHP-001683-1,ORD-001683-1,SUP-0053,2026-08-22,2026-08-22,DELIVERED
SHP-001683-2,ORD-001683-2,SUP-0053,2026-08-23,2026-08-23,DELIVERED
SHP-001683-3,ORD-001683-3,SUP-0053,2026-08-14,2026-08-14,DELIVERED
SHP-001684-1,ORD-001684-1,SUP-0050,2026-06-21,2026-06-22,DELIVERED
SHP-001684-2,ORD-001684-2,SUP-0050,2026-06-01,2026-06-03,DELIVERED
SHP-001685-1,ORD-001685-1,SUP-0111,2026-05-04,2026-05-04,DELIVERED
SHP-001686-1,ORD-001686-1,SUP-0034,2026-04-19,2026-04-19,DELIVERED
SHP-001687-1,ORD-001687-1,SUP-0108,2026-08-28,2026-08-28,DELIVERED
SHP-001687-2,ORD-001687-2,SUP-0108,2026-08-14,2026-08-14,DELIVERED
SHP-001687-3,ORD-001687-3,SUP-0108,2026-08-22,2026-08-22,DELIVERED
SHP-001687-4,ORD-001687-4,SUP-0108,2026-08-25,2026-08-25,DELIVERED
SHP-001688-1,ORD-001688-1,SUP-0011,2026-04-26,2026-04-26,DELIVERED
SHP-001689-1,ORD-001689-1,SUP-0071,2026-07-28,2026-07-28,DELIVERED
SHP-001689-2,ORD-001689-2,SUP-0071,2026-07-22,2026-07-22,DELIVERED
SHP-001689-3,ORD-001689-3,SUP-0071,2026-07-13,2026-07-15,DELIVERED
SHP-001689-4,ORD-001689-4,SUP-0071,2026-07-16,2026-07-16,DELIVERED
SHP-001690-1,ORD-001690-1,SUP-0008,2026-02-11,2026-02-13,DELIVERED
SHP-001690-2,ORD-001690-2,SUP-0008,2026-02-26,2026-02-27,DELIVERED
SHP-001691-1,ORD-001691-1,SUP-0006,2026-05-08,2026-05-08,DELIVERED
SHP-001691-2,ORD-001691-2,SUP-0006,2026-05-19,2026-05-20,DELIVERED
SHP-001691-3,ORD-001691-3,SUP-0006,2026-05-25,2026-05-26,DELIVERED
SHP-001691-4,ORD-001691-4,SUP-0006,2026-05-01,2026-05-01,DELIVERED
SHP-001692-1,ORD-001692-1,SUP-0037,2026-06-15,2026-06-15,DELIVERED
SHP-001693-1,ORD-001693-1,SUP-0029,2026-04-30,2026-04-30,DELIVERED
SHP-001693-2,ORD-001693-2,SUP-0029,2026-04-27,2026-04-27,DELIVERED
SHP-001693-3,ORD-001693-3,SUP-0029,2026-05-18,2026-05-18,DELIVERED
SHP-001693-4,ORD-001693-4,SUP-0029,2026-04-24,2026-04-26,DELIVERED
SHP-001694-1,ORD-001694-1,SUP-0093,2026-07-11,2026-07-11,DELIVERED
SHP-001694-2,ORD-001694-2,SUP-0093,2026-07-10,2026-07-12,DELIVERED
SHP-001695-1,ORD-001695-1,SUP-0013,2026-05-04,2026-05-04,DELIVERED
SHP-001695-2,ORD-001695-2,SUP-0013,2026-04-22,2026-04-24,DELIVERED
SHP-001695-3,ORD-001695-3,SUP-0013,2026-05-02,2026-05-02,DELIVERED
SHP-001695-4,ORD-001695-4,SUP-0013,2026-04-30,2026-04-30,DELIVERED
SHP-001696-1,ORD-001696-1,SUP-0055,2026-06-20,2026-06-20,DELIVERED
SHP-001696-2,ORD-001696-2,SUP-0055,2026-06-07,2026-06-09,DELIVERED
SHP-001696-3,ORD-001696-3,SUP-0055,2026-06-01,2026-06-02,DELIVERED
SHP-001697-1,ORD-001697-1,SUP-0047,2026-03-25,2026-03-26,DELIVERED
SHP-001698-1,ORD-001698-1,SUP-0074,2026-08-02,2026-08-02,DELIVERED
SHP-001699-1,ORD-001699-1,SUP-0117,2026-03-04,2026-03-06,DELIVERED
SHP-001699-2,ORD-001699-2,SUP-0117,2026-03-04,2026-03-06,DELIVERED
SHP-001700-1,ORD-001700-1,SUP-0059,2026-05-25,2026-05-26,DELIVERED
SHP-001700-2,ORD-001700-2,SUP-0059,2026-06-09,2026-06-09,DELIVERED
SHP-001700-3,ORD-001700-3,SUP-0059,2026-06-06,2026-06-07,DELIVERED
SHP-001700-4,ORD-001700-4,SUP-0059,2026-05-26,2026-05-26,DELIVERED
SHP-001701-1,ORD-001701-1,SUP-0070,2026-08-10,2026-08-10,DELIVERED
SHP-001701-2,ORD-001701-2,SUP-0070,2026-08-05,2026-08-06,DELIVERED
SHP-001702-1,ORD-001702-1,SUP-0111,2026-09-07,2026-09-09,IN_TRANSIT
SHP-001702-2,ORD-001702-2,SUP-0111,2026-09-11,2026-09-12,IN_TRANSIT
SHP-001702-3,ORD-001702-3,SUP-0111,2026-08-25,2026-08-25,DELIVERED
SHP-001703-1,ORD-001703-1,SUP-0034,2026-07-28,2026-07-28,DELIVERED
SHP-001703-2,ORD-001703-2,SUP-0034,2026-07-23,2026-07-25,DELIVERED
SHP-001703-3,ORD-001703-3,SUP-0034,2026-07-25,2026-07-27,DELIVERED
SHP-001704-1,ORD-001704-1,SUP-0012,2026-05-03,2026-05-05,DELIVERED
SHP-001704-2,ORD-001704-2,SUP-0012,2026-05-18,2026-05-18,DELIVERED
SHP-001704-3,ORD-001704-3,SUP-0012,2026-04-27,2026-04-27,DELIVERED
SHP-001705-1,ORD-001705-1,SUP-0007,2026-06-22,2026-06-22,DELIVERED
SHP-001705-2,ORD-001705-2,SUP-0007,2026-06-29,2026-06-30,DELIVERED
SHP-001705-3,ORD-001705-3,SUP-0007,2026-06-27,2026-06-29,DELIVERED
SHP-001705-4,ORD-001705-4,SUP-0007,2026-06-17,2026-06-17,DELIVERED
SHP-001706-1,ORD-001706-1,SUP-0088,2026-08-11,2026-08-12,DELIVERED
SHP-001706-2,ORD-001706-2,SUP-0088,2026-08-13,2026-08-15,DELIVERED
SHP-001706-3,ORD-001706-3,SUP-0088,2026-08-01,2026-08-01,DELIVERED
SHP-001707-1,ORD-001707-1,SUP-0067,2026-09-26,2026-09-27,IN_TRANSIT
SHP-001708-1,ORD-001708-1,SUP-0077,2026-05-24,2026-05-25,DELIVERED
SHP-001708-2,ORD-001708-2,SUP-0077,2026-05-18,2026-05-18,DELIVERED
SHP-001708-3,ORD-001708-3,SUP-0077,2026-05-18,2026-05-18,DELIVERED
SHP-001708-4,ORD-001708-4,SUP-0077,2026-05-14,2026-05-14,DELIVERED
SHP-001709-1,ORD-001709-1,SUP-0053,2026-04-05,2026-04-05,DELIVERED
SHP-001709-2,ORD-001709-2,SUP-0053,2026-04-08,2026-04-09,DELIVERED
SHP-001710-1,ORD-001710-1,SUP-0003,2026-09-03,2026-09-03,IN_TRANSIT
SHP-001710-2,ORD-001710-2,SUP-0003,2026-08-16,2026-08-16,DELIVERED
SHP-001710-3,ORD-001710-3,SUP-0003,2026-08-15,2026-08-17,DELIVERED
SHP-001710-4,ORD-001710-4,SUP-0003,2026-08-24,2026-08-24,DELIVERED
SHP-001711-1,ORD-001711-1,SUP-0032,2026-07-31,2026-07-31,DELIVERED
SHP-001711-2,ORD-001711-2,SUP-0032,2026-07-21,2026-07-21,DELIVERED
SHP-001711-3,ORD-001711-3,SUP-0032,2026-07-16,2026-07-16,DELIVERED
SHP-001711-4,ORD-001711-4,SUP-0032,2026-07-31,2026-07-31,DELIVERED
SHP-001712-1,ORD-001712-1,SUP-0042,2026-05-21,2026-05-23,DELIVERED
SHP-001712-2,ORD-001712-2,SUP-0042,2026-05-19,2026-05-19,DELIVERED
SHP-001713-1,ORD-001713-1,SUP-0087,2026-02-03,2026-02-03,DELIVERED
SHP-001713-2,ORD-001713-2,SUP-0087,2026-01-31,2026-02-01,DELIVERED
SHP-001714-1,ORD-001714-1,SUP-0119,2026-07-03,2026-07-04,DELIVERED
SHP-001714-2,ORD-001714-2,SUP-0119,2026-06-16,2026-06-16,DELIVERED
SHP-001714-3,ORD-001714-3,SUP-0119,2026-06-22,2026-06-24,DELIVERED
SHP-001714-4,ORD-001714-4,SUP-0119,2026-06-21,2026-06-21,DELIVERED
SHP-001715-1,ORD-001715-1,SUP-0039,2026-05-05,2026-05-05,DELIVERED
SHP-001715-2,ORD-001715-2,SUP-0039,2026-05-07,2026-05-09,DELIVERED
SHP-001716-1,ORD-001716-1,SUP-0063,2026-04-08,2026-04-09,DELIVERED
SHP-001717-1,ORD-001717-1,SUP-0047,2026-05-06,2026-05-06,DELIVERED
SHP-001717-2,ORD-001717-2,SUP-0047,2026-04-24,2026-04-24,DELIVERED
SHP-001717-3,ORD-001717-3,SUP-0047,2026-04-21,2026-04-21,DELIVERED
SHP-001717-4,ORD-001717-4,SUP-0047,2026-04-27,2026-04-27,DELIVERED
SHP-001718-1,ORD-001718-1,SUP-0036,2026-09-06,2026-09-08,IN_TRANSIT
SHP-001719-1,ORD-001719-1,SUP-0120,2026-03-08,2026-03-09,DELIVERED
SHP-001719-2,ORD-001719-2,SUP-0120,2026-03-09,2026-03-09,DELIVERED
SHP-001719-3,ORD-001719-3,SUP-0120,2026-03-23,2026-03-23,DELIVERED
SHP-001719-4,ORD-001719-4,SUP-0120,2026-03-18,2026-03-18,DELIVERED
SHP-001720-1,ORD-001720-1,SUP-0035,2026-06-09,2026-06-09,DELIVERED
SHP-001721-1,ORD-001721-1,SUP-0073,2026-05-17,2026-05-19,DELIVERED
SHP-001721-2,ORD-001721-2,SUP-0073,2026-06-03,2026-06-03,DELIVERED
SHP-001722-1,ORD-001722-1,SUP-0071,2026-03-01,2026-03-01,DELIVERED
SHP-001722-2,ORD-001722-2,SUP-0071,2026-02-21,2026-02-23,DELIVERED
SHP-001722-3,ORD-001722-3,SUP-0071,2026-03-02,2026-03-02,DELIVERED
SHP-001722-4,ORD-001722-4,SUP-0071,2026-02-27,2026-02-27,DELIVERED
SHP-001723-1,ORD-001723-1,SUP-0103,2026-02-14,2026-02-14,DELIVERED
SHP-001724-1,ORD-001724-1,SUP-0102,2026-09-20,2026-09-20,IN_TRANSIT
SHP-001724-2,ORD-001724-2,SUP-0102,2026-09-21,2026-09-21,IN_TRANSIT
SHP-001725-1,ORD-001725-1,SUP-0089,2026-03-12,2026-03-12,DELIVERED
SHP-001725-2,ORD-001725-2,SUP-0089,2026-03-18,2026-03-18,DELIVERED
SHP-001725-3,ORD-001725-3,SUP-0089,2026-03-16,2026-03-17,DELIVERED
SHP-001725-4,ORD-001725-4,SUP-0089,2026-03-21,2026-03-22,DELIVERED
SHP-001726-1,ORD-001726-1,SUP-0047,2026-02-27,2026-03-01,DELIVERED
SHP-001726-2,ORD-001726-2,SUP-0047,2026-02-22,2026-02-22,DELIVERED
SHP-001726-3,ORD-001726-3,SUP-0047,2026-02-24,2026-02-25,DELIVERED
SHP-001727-1,ORD-001727-1,SUP-0075,2026-02-11,2026-02-11,DELIVERED
SHP-001727-2,ORD-001727-2,SUP-0075,2026-02-09,2026-02-09,DELIVERED
SHP-001727-3,ORD-001727-3,SUP-0075,2026-02-05,2026-02-05,DELIVERED
SHP-001728-1,ORD-001728-1,SUP-0017,2026-04-09,2026-04-09,DELIVERED
SHP-001728-2,ORD-001728-2,SUP-0017,2026-04-09,2026-04-09,DELIVERED
SHP-001729-1,ORD-001729-1,SUP-0019,2026-03-21,2026-03-21,DELIVERED
SHP-001729-2,ORD-001729-2,SUP-0019,2026-03-27,2026-03-29,DELIVERED
SHP-001729-3,ORD-001729-3,SUP-0019,2026-03-26,2026-03-26,DELIVERED
SHP-001729-4,ORD-001729-4,SUP-0019,2026-03-22,2026-03-24,DELIVERED
SHP-001730-1,ORD-001730-1,SUP-0068,2026-05-30,2026-05-31,DELIVERED
SHP-001730-2,ORD-001730-2,SUP-0068,2026-05-27,2026-05-27,DELIVERED
SHP-001731-1,ORD-001731-1,SUP-0046,2026-09-05,2026-09-05,IN_TRANSIT
SHP-001731-2,ORD-001731-2,SUP-0046,2026-08-23,2026-08-23,DELIVERED
SHP-001732-1,ORD-001732-1,SUP-0019,2026-06-10,2026-06-10,DELIVERED
SHP-001732-2,ORD-001732-2,SUP-0019,2026-06-24,2026-06-25,DELIVERED
SHP-001732-3,ORD-001732-3,SUP-0019,2026-06-15,2026-06-15,DELIVERED
SHP-001732-4,ORD-001732-4,SUP-0019,2026-06-11,2026-06-12,DELIVERED
SHP-001733-1,ORD-001733-1,SUP-0080,2026-07-05,2026-07-05,DELIVERED
SHP-001733-2,ORD-001733-2,SUP-0080,2026-06-26,2026-06-28,DELIVERED
SHP-001733-3,ORD-001733-3,SUP-0080,2026-06-26,2026-06-26,DELIVERED
SHP-001733-4,ORD-001733-4,SUP-0080,2026-06-25,2026-06-27,DELIVERED
SHP-001734-1,ORD-001734-1,SUP-0061,2026-04-21,2026-04-21,DELIVERED
SHP-001735-1,ORD-001735-1,SUP-0036,2026-03-23,2026-03-23,DELIVERED
SHP-001736-1,ORD-001736-1,SUP-0109,2026-03-10,2026-03-11,DELIVERED
SHP-001736-2,ORD-001736-2,SUP-0109,2026-02-25,2026-02-25,DELIVERED
SHP-001736-3,ORD-001736-3,SUP-0109,2026-02-28,2026-02-28,DELIVERED
SHP-001737-1,ORD-001737-1,SUP-0017,2026-08-24,2026-08-24,DELIVERED
SHP-001738-1,ORD-001738-1,SUP-0069,2026-02-14,2026-02-14,DELIVERED
SHP-001739-1,ORD-001739-1,SUP-0044,2026-04-11,2026-04-11,DELIVERED
SHP-001739-2,ORD-001739-2,SUP-0044,2026-04-20,2026-04-20,DELIVERED
SHP-001739-3,ORD-001739-3,SUP-0044,2026-04-28,2026-04-28,DELIVERED
SHP-001740-1,ORD-001740-1,SUP-0116,2026-05-05,2026-05-06,DELIVERED
SHP-001740-2,ORD-001740-2,SUP-0116,2026-04-18,2026-04-18,DELIVERED
SHP-001740-3,ORD-001740-3,SUP-0116,2026-04-27,2026-04-27,DELIVERED
SHP-001741-1,ORD-001741-1,SUP-0023,2026-03-23,2026-03-25,DELIVERED
SHP-001741-2,ORD-001741-2,SUP-0023,2026-04-06,2026-04-06,DELIVERED
SHP-001741-3,ORD-001741-3,SUP-0023,2026-04-05,2026-04-06,DELIVERED
SHP-001741-4,ORD-001741-4,SUP-0023,2026-03-30,2026-03-30,DELIVERED
SHP-001742-1,ORD-001742-1,SUP-0008,2026-07-06,2026-07-07,DELIVERED
SHP-001742-2,ORD-001742-2,SUP-0008,2026-07-04,2026-07-04,DELIVERED
SHP-001742-3,ORD-001742-3,SUP-0008,2026-06-19,2026-06-21,DELIVERED
SHP-001743-1,ORD-001743-1,SUP-0005,2026-02-08,2026-02-08,DELIVERED
SHP-001743-2,ORD-001743-2,SUP-0005,2026-02-14,2026-02-14,DELIVERED
SHP-001743-3,ORD-001743-3,SUP-0005,2026-02-09,2026-02-09,DELIVERED
SHP-001743-4,ORD-001743-4,SUP-0005,2026-02-10,2026-02-10,DELIVERED
SHP-001744-1,ORD-001744-1,SUP-0053,2026-08-04,2026-08-04,DELIVERED
SHP-001745-1,ORD-001745-1,SUP-0045,2026-07-19,2026-07-19,DELIVERED
SHP-001745-2,ORD-001745-2,SUP-0045,2026-07-19,2026-07-19,DELIVERED
SHP-001745-3,ORD-001745-3,SUP-0045,2026-07-26,2026-07-28,DELIVERED
SHP-001745-4,ORD-001745-4,SUP-0045,2026-07-01,2026-07-01,DELIVERED
SHP-001746-1,ORD-001746-1,SUP-0059,2026-05-03,2026-05-03,DELIVERED
SHP-001746-2,ORD-001746-2,SUP-0059,2026-04-22,2026-04-24,DELIVERED
SHP-001746-3,ORD-001746-3,SUP-0059,2026-05-07,2026-05-07,DELIVERED
SHP-001746-4,ORD-001746-4,SUP-0059,2026-04-30,2026-04-30,DELIVERED
SHP-001747-1,ORD-001747-1,SUP-0053,2026-09-09,2026-09-11,IN_TRANSIT
SHP-001747-2,ORD-001747-2,SUP-0053,2026-09-12,2026-09-12,IN_TRANSIT
SHP-001747-3,ORD-001747-3,SUP-0053,2026-09-04,2026-09-04,IN_TRANSIT
SHP-001747-4,ORD-001747-4,SUP-0053,2026-09-12,2026-09-12,IN_TRANSIT
SHP-001748-1,ORD-001748-1,SUP-0045,2026-08-13,2026-08-15,DELIVERED
SHP-001748-2,ORD-001748-2,SUP-0045,2026-08-12,2026-08-12,DELIVERED
SHP-001749-1,ORD-001749-1,SUP-0068,2026-05-11,2026-05-11,DELIVERED
SHP-001749-2,ORD-001749-2,SUP-0068,2026-05-19,2026-05-20,DELIVERED
SHP-001750-1,ORD-001750-1,SUP-0089,2026-02-22,2026-02-23,DELIVERED
SHP-001750-2,ORD-001750-2,SUP-0089,2026-02-17,2026-02-17,DELIVERED
SHP-001750-3,ORD-001750-3,SUP-0089,2026-02-19,2026-02-19,DELIVERED
SHP-001750-4,ORD-001750-4,SUP-0089,2026-03-02,2026-03-02,DELIVERED
SHP-001751-1,ORD-001751-1,SUP-0044,2026-07-03,2026-07-04,DELIVERED
SHP-001752-1,ORD-001752-1,SUP-0081,2026-03-25,2026-03-25,DELIVERED
SHP-001752-2,ORD-001752-2,SUP-0081,2026-03-16,2026-03-18,DELIVERED
SHP-001753-1,ORD-001753-1,SUP-0029,2026-02-06,2026-02-06,DELIVERED
SHP-001753-2,ORD-001753-2,SUP-0029,2026-02-08,2026-02-08,DELIVERED
SHP-001753-3,ORD-001753-3,SUP-0029,2026-02-03,2026-02-04,DELIVERED
SHP-001754-1,ORD-001754-1,SUP-0041,2026-05-12,2026-05-14,DELIVERED
SHP-001754-2,ORD-001754-2,SUP-0041,2026-05-09,2026-05-09,DELIVERED
SHP-001754-3,ORD-001754-3,SUP-0041,2026-05-01,2026-05-01,DELIVERED
SHP-001754-4,ORD-001754-4,SUP-0041,2026-04-26,2026-04-26,DELIVERED
SHP-001755-1,ORD-001755-1,SUP-0029,2026-01-20,2026-01-20,DELIVERED
SHP-001755-2,ORD-001755-2,SUP-0029,2026-01-28,2026-01-30,DELIVERED
SHP-001755-3,ORD-001755-3,SUP-0029,2026-01-27,2026-01-27,DELIVERED
SHP-001755-4,ORD-001755-4,SUP-0029,2026-01-31,2026-01-31,DELIVERED
SHP-001756-1,ORD-001756-1,SUP-0091,2026-09-05,2026-09-07,IN_TRANSIT
SHP-001756-2,ORD-001756-2,SUP-0091,2026-08-26,2026-08-26,DELIVERED
SHP-001756-3,ORD-001756-3,SUP-0091,2026-08-30,2026-09-01,DELIVERED
SHP-001756-4,ORD-001756-4,SUP-0091,2026-08-27,2026-08-27,DELIVERED
SHP-001757-1,ORD-001757-1,SUP-0002,2026-03-16,2026-03-16,DELIVERED
SHP-001757-2,ORD-001757-2,SUP-0002,2026-03-06,2026-03-06,DELIVERED
SHP-001758-1,ORD-001758-1,SUP-0039,2026-02-07,2026-02-08,DELIVERED
SHP-001759-1,ORD-001759-1,SUP-0081,2026-09-22,2026-09-22,IN_TRANSIT
SHP-001759-2,ORD-001759-2,SUP-0081,2026-09-02,2026-09-04,IN_TRANSIT
SHP-001760-1,ORD-001760-1,SUP-0073,2026-09-06,2026-09-07,IN_TRANSIT
SHP-001760-2,ORD-001760-2,SUP-0073,2026-08-16,2026-08-16,DELIVERED
SHP-001760-3,ORD-001760-3,SUP-0073,2026-08-19,2026-08-19,DELIVERED
SHP-001761-1,ORD-001761-1,SUP-0026,2026-06-11,2026-06-11,DELIVERED
SHP-001761-2,ORD-001761-2,SUP-0026,2026-06-05,2026-06-07,DELIVERED
SHP-001761-3,ORD-001761-3,SUP-0026,2026-06-08,2026-06-09,DELIVERED
SHP-001762-1,ORD-001762-1,SUP-0005,2026-05-09,2026-05-11,DELIVERED
SHP-001763-1,ORD-001763-1,SUP-0059,2026-02-09,2026-02-10,DELIVERED
SHP-001763-2,ORD-001763-2,SUP-0059,2026-02-06,2026-02-07,DELIVERED
SHP-001763-3,ORD-001763-3,SUP-0059,2026-02-17,2026-02-17,DELIVERED
SHP-001764-1,ORD-001764-1,SUP-0004,2026-03-26,2026-03-26,DELIVERED
SHP-001764-2,ORD-001764-2,SUP-0004,2026-03-18,2026-03-20,DELIVERED
SHP-001764-3,ORD-001764-3,SUP-0004,2026-03-27,2026-03-28,DELIVERED
SHP-001765-1,ORD-001765-1,SUP-0039,2026-01-22,2026-01-22,DELIVERED
SHP-001765-2,ORD-001765-2,SUP-0039,2026-01-25,2026-01-26,DELIVERED
SHP-001766-1,ORD-001766-1,SUP-0031,2026-07-19,2026-07-20,DELIVERED
SHP-001767-1,ORD-001767-1,SUP-0101,2026-02-26,2026-02-26,DELIVERED
SHP-001768-1,ORD-001768-1,SUP-0057,2026-06-08,2026-06-10,DELIVERED
SHP-001768-2,ORD-001768-2,SUP-0057,2026-06-11,2026-06-11,DELIVERED
SHP-001768-3,ORD-001768-3,SUP-0057,2026-05-28,2026-05-29,DELIVERED
SHP-001768-4,ORD-001768-4,SUP-0057,2026-06-11,2026-06-12,DELIVERED
SHP-001769-1,ORD-001769-1,SUP-0098,2026-07-13,2026-07-13,DELIVERED
SHP-001769-2,ORD-001769-2,SUP-0098,2026-06-28,2026-06-30,DELIVERED
SHP-001770-1,ORD-001770-1,SUP-0091,2026-08-20,2026-08-20,DELIVERED
SHP-001770-2,ORD-001770-2,SUP-0091,2026-08-24,2026-08-24,DELIVERED
SHP-001770-3,ORD-001770-3,SUP-0091,2026-08-26,2026-08-26,DELIVERED
SHP-001771-1,ORD-001771-1,SUP-0030,2026-07-09,2026-07-11,DELIVERED
SHP-001771-2,ORD-001771-2,SUP-0030,2026-07-04,2026-07-04,DELIVERED
SHP-001771-3,ORD-001771-3,SUP-0030,2026-07-03,2026-07-03,DELIVERED
SHP-001771-4,ORD-001771-4,SUP-0030,2026-07-26,2026-07-27,DELIVERED
SHP-001772-1,ORD-001772-1,SUP-0045,2026-07-24,2026-07-25,DELIVERED
SHP-001772-2,ORD-001772-2,SUP-0045,2026-08-05,2026-08-05,DELIVERED
SHP-001772-3,ORD-001772-3,SUP-0045,2026-07-21,2026-07-23,DELIVERED
SHP-001772-4,ORD-001772-4,SUP-0045,2026-08-06,2026-08-06,DELIVERED
SHP-001773-1,ORD-001773-1,SUP-0107,2026-09-18,2026-09-18,IN_TRANSIT
SHP-001773-2,ORD-001773-2,SUP-0107,2026-08-26,2026-08-26,DELIVERED
SHP-001773-3,ORD-001773-3,SUP-0107,2026-08-25,2026-08-26,DELIVERED
SHP-001773-4,ORD-001773-4,SUP-0107,2026-09-03,2026-09-03,IN_TRANSIT
SHP-001774-1,ORD-001774-1,SUP-0062,2026-08-18,2026-08-18,DELIVERED
SHP-001775-1,ORD-001775-1,SUP-0051,2026-09-26,2026-09-28,IN_TRANSIT
SHP-001775-2,ORD-001775-2,SUP-0051,2026-09-16,2026-09-16,IN_TRANSIT
SHP-001775-3,ORD-001775-3,SUP-0051,2026-09-29,2026-09-29,IN_TRANSIT
SHP-001775-4,ORD-001775-4,SUP-0051,2026-09-28,2026-09-28,IN_TRANSIT
SHP-001776-1,ORD-001776-1,SUP-0061,2026-07-31,2026-07-31,DELIVERED
SHP-001776-2,ORD-001776-2,SUP-0061,2026-07-21,2026-07-23,DELIVERED
SHP-001776-3,ORD-001776-3,SUP-0061,2026-07-14,2026-07-14,DELIVERED
SHP-001776-4,ORD-001776-4,SUP-0061,2026-08-12,2026-08-12,DELIVERED
SHP-001777-1,ORD-001777-1,SUP-0011,2026-05-22,2026-05-24,DELIVERED
SHP-001777-2,ORD-001777-2,SUP-0011,2026-05-08,2026-05-08,DELIVERED
SHP-001777-3,ORD-001777-3,SUP-0011,2026-05-12,2026-05-12,DELIVERED
SHP-001777-4,ORD-001777-4,SUP-0011,2026-05-15,2026-05-16,DELIVERED
SHP-001778-1,ORD-001778-1,SUP-0107,2026-07-26,2026-07-26,DELIVERED
SHP-001778-2,ORD-001778-2,SUP-0107,2026-07-29,2026-07-30,DELIVERED
SHP-001778-3,ORD-001778-3,SUP-0107,2026-08-21,2026-08-22,DELIVERED
SHP-001778-4,ORD-001778-4,SUP-0107,2026-07-29,2026-07-31,DELIVERED
SHP-001779-1,ORD-001779-1,SUP-0018,2026-01-28,2026-01-30,DELIVERED
SHP-001779-2,ORD-001779-2,SUP-0018,2026-02-16,2026-02-17,DELIVERED
SHP-001780-1,ORD-001780-1,SUP-0009,2026-08-31,2026-08-31,DELIVERED
SHP-001780-2,ORD-001780-2,SUP-0009,2026-09-03,2026-09-05,IN_TRANSIT
SHP-001780-3,ORD-001780-3,SUP-0009,2026-08-31,2026-09-01,DELIVERED
SHP-001780-4,ORD-001780-4,SUP-0009,2026-08-16,2026-08-16,DELIVERED
SHP-001781-1,ORD-001781-1,SUP-0101,2026-07-18,2026-07-19,DELIVERED
SHP-001781-2,ORD-001781-2,SUP-0101,2026-07-28,2026-07-30,DELIVERED
SHP-001782-1,ORD-001782-1,SUP-0031,2026-06-27,2026-06-28,DELIVERED
SHP-001782-2,ORD-001782-2,SUP-0031,2026-07-01,2026-07-03,DELIVERED
SHP-001783-1,ORD-001783-1,SUP-0036,2026-08-11,2026-08-11,DELIVERED
SHP-001783-2,ORD-001783-2,SUP-0036,2026-08-17,2026-08-17,DELIVERED
SHP-001783-3,ORD-001783-3,SUP-0036,2026-08-18,2026-08-19,DELIVERED
SHP-001783-4,ORD-001783-4,SUP-0036,2026-08-18,2026-08-18,DELIVERED
SHP-001784-1,ORD-001784-1,SUP-0077,2026-08-01,2026-08-01,DELIVERED
SHP-001784-2,ORD-001784-2,SUP-0077,2026-07-29,2026-07-29,DELIVERED
SHP-001785-1,ORD-001785-1,SUP-0050,2026-05-19,2026-05-19,DELIVERED
SHP-001785-2,ORD-001785-2,SUP-0050,2026-05-19,2026-05-19,DELIVERED
SHP-001786-1,ORD-001786-1,SUP-0069,2026-03-18,2026-03-18,DELIVERED
SHP-001786-2,ORD-001786-2,SUP-0069,2026-03-20,2026-03-20,DELIVERED
SHP-001786-3,ORD-001786-3,SUP-0069,2026-03-18,2026-03-18,DELIVERED
SHP-001786-4,ORD-001786-4,SUP-0069,2026-03-18,2026-03-18,DELIVERED
SHP-001787-1,ORD-001787-1,SUP-0010,2026-05-23,2026-05-23,DELIVERED
SHP-001787-2,ORD-001787-2,SUP-0010,2026-05-28,2026-05-28,DELIVERED
SHP-001787-3,ORD-001787-3,SUP-0010,2026-05-28,2026-05-28,DELIVERED
SHP-001787-4,ORD-001787-4,SUP-0010,2026-05-12,2026-05-12,DELIVERED
SHP-001788-1,ORD-001788-1,SUP-0070,2026-04-23,2026-04-23,DELIVERED
SHP-001789-1,ORD-001789-1,SUP-0082,2026-06-03,2026-06-03,DELIVERED
SHP-001790-1,ORD-001790-1,SUP-0011,2026-06-28,2026-06-28,DELIVERED
SHP-001790-2,ORD-001790-2,SUP-0011,2026-06-28,2026-06-30,DELIVERED
SHP-001790-3,ORD-001790-3,SUP-0011,2026-07-05,2026-07-05,DELIVERED
SHP-001791-1,ORD-001791-1,SUP-0070,2026-04-11,2026-04-12,DELIVERED
SHP-001791-2,ORD-001791-2,SUP-0070,2026-03-18,2026-03-18,DELIVERED
SHP-001791-3,ORD-001791-3,SUP-0070,2026-04-01,2026-04-01,DELIVERED
SHP-001791-4,ORD-001791-4,SUP-0070,2026-04-03,2026-04-03,DELIVERED
SHP-001792-1,ORD-001792-1,SUP-0005,2026-06-23,2026-06-23,DELIVERED
SHP-001792-2,ORD-001792-2,SUP-0005,2026-06-15,2026-06-16,DELIVERED
SHP-001793-1,ORD-001793-1,SUP-0018,2026-03-31,2026-03-31,DELIVERED
SHP-001793-2,ORD-001793-2,SUP-0018,2026-04-03,2026-04-03,DELIVERED
SHP-001794-1,ORD-001794-1,SUP-0104,2026-06-15,2026-06-16,DELIVERED
SHP-001794-2,ORD-001794-2,SUP-0104,2026-06-23,2026-06-24,DELIVERED
SHP-001795-1,ORD-001795-1,SUP-0079,2026-08-21,2026-08-21,DELIVERED
SHP-001796-1,ORD-001796-1,SUP-0036,2026-02-17,2026-02-18,DELIVERED
SHP-001797-1,ORD-001797-1,SUP-0001,2026-07-20,2026-07-20,DELIVERED
SHP-001797-2,ORD-001797-2,SUP-0001,2026-07-13,2026-07-15,DELIVERED
SHP-001797-3,ORD-001797-3,SUP-0001,2026-07-08,2026-07-10,DELIVERED
SHP-001798-1,ORD-001798-1,SUP-0017,2026-02-23,2026-02-24,DELIVERED
SHP-001798-2,ORD-001798-2,SUP-0017,2026-02-12,2026-02-12,DELIVERED
SHP-001798-3,ORD-001798-3,SUP-0017,2026-02-28,2026-02-28,DELIVERED
SHP-001799-1,ORD-001799-1,SUP-0090,2026-03-11,2026-03-12,DELIVERED
SHP-001799-2,ORD-001799-2,SUP-0090,2026-03-04,2026-03-04,DELIVERED
SHP-001799-3,ORD-001799-3,SUP-0090,2026-02-23,2026-02-23,DELIVERED
SHP-001800-1,ORD-001800-1,SUP-0044,2026-06-20,2026-06-20,DELIVERED
SHP-001801-1,ORD-001801-1,SUP-0065,2026-08-17,2026-08-18,DELIVERED
SHP-001801-2,ORD-001801-2,SUP-0065,2026-08-13,2026-08-13,DELIVERED
SHP-001802-1,ORD-001802-1,SUP-0117,2026-08-27,2026-08-28,DELIVERED
SHP-001803-1,ORD-001803-1,SUP-0009,2026-09-02,2026-09-02,IN_TRANSIT
SHP-001803-2,ORD-001803-2,SUP-0009,2026-08-26,2026-08-26,DELIVERED
SHP-001804-1,ORD-001804-1,SUP-0073,2026-05-20,2026-05-22,DELIVERED
SHP-001805-1,ORD-001805-1,SUP-0029,2026-07-22,2026-07-22,DELIVERED
SHP-001805-2,ORD-001805-2,SUP-0029,2026-07-30,2026-07-30,DELIVERED
SHP-001805-3,ORD-001805-3,SUP-0029,2026-08-03,2026-08-04,DELIVERED
SHP-001805-4,ORD-001805-4,SUP-0029,2026-07-29,2026-07-29,DELIVERED
SHP-001806-1,ORD-001806-1,SUP-0024,2026-07-31,2026-07-31,DELIVERED
SHP-001806-2,ORD-001806-2,SUP-0024,2026-08-05,2026-08-07,DELIVERED
SHP-001806-3,ORD-001806-3,SUP-0024,2026-08-25,2026-08-26,DELIVERED
SHP-001806-4,ORD-001806-4,SUP-0024,2026-08-21,2026-08-21,DELIVERED
SHP-001807-1,ORD-001807-1,SUP-0096,2026-08-12,2026-08-13,DELIVERED
SHP-001807-2,ORD-001807-2,SUP-0096,2026-07-30,2026-07-31,DELIVERED
SHP-001808-1,ORD-001808-1,SUP-0096,2026-09-20,2026-09-20,IN_TRANSIT
SHP-001808-2,ORD-001808-2,SUP-0096,2026-09-16,2026-09-17,IN_TRANSIT
SHP-001808-3,ORD-001808-3,SUP-0096,2026-09-18,2026-09-20,IN_TRANSIT
SHP-001809-1,ORD-001809-1,SUP-0002,2026-06-02,2026-06-02,DELIVERED
SHP-001809-2,ORD-001809-2,SUP-0002,2026-05-13,2026-05-14,DELIVERED
SHP-001809-3,ORD-001809-3,SUP-0002,2026-05-18,2026-05-19,DELIVERED
SHP-001810-1,ORD-001810-1,SUP-0082,2026-03-26,2026-03-26,DELIVERED
SHP-001810-2,ORD-001810-2,SUP-0082,2026-04-13,2026-04-15,DELIVERED
SHP-001810-3,ORD-001810-3,SUP-0082,2026-04-16,2026-04-16,DELIVERED
SHP-001810-4,ORD-001810-4,SUP-0082,2026-04-13,2026-04-13,DELIVERED
SHP-001811-1,ORD-001811-1,SUP-0058,2026-09-26,2026-09-28,IN_TRANSIT
SHP-001811-2,ORD-001811-2,SUP-0058,2026-09-26,2026-09-26,IN_TRANSIT
SHP-001811-3,ORD-001811-3,SUP-0058,2026-09-22,2026-09-22,IN_TRANSIT
SHP-001811-4,ORD-001811-4,SUP-0058,2026-09-23,2026-09-23,IN_TRANSIT
SHP-001812-1,ORD-001812-1,SUP-0113,2026-04-24,2026-04-24,DELIVERED
SHP-001812-2,ORD-001812-2,SUP-0113,2026-04-22,2026-04-24,DELIVERED
SHP-001812-3,ORD-001812-3,SUP-0113,2026-04-10,2026-04-10,DELIVERED
SHP-001812-4,ORD-001812-4,SUP-0113,2026-04-21,2026-04-21,DELIVERED
SHP-001813-1,ORD-001813-1,SUP-0088,2026-07-29,2026-07-29,DELIVERED
SHP-001813-2,ORD-001813-2,SUP-0088,2026-08-11,2026-08-11,DELIVERED
SHP-001814-1,ORD-001814-1,SUP-0104,2026-04-03,2026-04-03,DELIVERED
SHP-001814-2,ORD-001814-2,SUP-0104,2026-04-08,2026-04-08,DELIVERED
SHP-001814-3,ORD-001814-3,SUP-0104,2026-03-26,2026-03-28,DELIVERED
SHP-001815-1,ORD-001815-1,SUP-0032,2026-04-13,2026-04-13,DELIVERED
SHP-001816-1,ORD-001816-1,SUP-0061,2026-02-12,2026-02-12,DELIVERED
SHP-001816-2,ORD-001816-2,SUP-0061,2026-02-15,2026-02-15,DELIVERED
SHP-001816-3,ORD-001816-3,SUP-0061,2026-02-20,2026-02-20,DELIVERED
SHP-001817-1,ORD-001817-1,SUP-0108,2026-04-20,2026-04-20,DELIVERED
SHP-001818-1,ORD-001818-1,SUP-0084,2026-05-10,2026-05-10,DELIVERED
SHP-001818-2,ORD-001818-2,SUP-0084,2026-04-25,2026-04-25,DELIVERED
SHP-001818-3,ORD-001818-3,SUP-0084,2026-04-24,2026-04-25,DELIVERED
SHP-001818-4,ORD-001818-4,SUP-0084,2026-04-14,2026-04-15,DELIVERED
SHP-001819-1,ORD-001819-1,SUP-0064,2026-08-08,2026-08-08,DELIVERED
SHP-001819-2,ORD-001819-2,SUP-0064,2026-08-22,2026-08-23,DELIVERED
SHP-001820-1,ORD-001820-1,SUP-0005,2026-06-12,2026-06-14,DELIVERED
SHP-001820-2,ORD-001820-2,SUP-0005,2026-05-25,2026-05-25,DELIVERED
SHP-001820-3,ORD-001820-3,SUP-0005,2026-06-09,2026-06-09,DELIVERED
SHP-001820-4,ORD-001820-4,SUP-0005,2026-06-15,2026-06-15,DELIVERED
SHP-001821-1,ORD-001821-1,SUP-0056,2026-01-25,2026-01-25,DELIVERED
SHP-001821-2,ORD-001821-2,SUP-0056,2026-01-26,2026-01-28,DELIVERED
SHP-001821-3,ORD-001821-3,SUP-0056,2026-02-02,2026-02-03,DELIVERED
SHP-001822-1,ORD-001822-1,SUP-0115,2026-09-27,2026-09-27,IN_TRANSIT
SHP-001823-1,ORD-001823-1,SUP-0076,2026-07-24,2026-07-24,DELIVERED
SHP-001823-2,ORD-001823-2,SUP-0076,2026-07-28,2026-07-29,DELIVERED
SHP-001824-1,ORD-001824-1,SUP-0006,2026-09-27,2026-09-27,IN_TRANSIT
SHP-001824-2,ORD-001824-2,SUP-0006,2026-09-06,2026-09-06,IN_TRANSIT
SHP-001825-1,ORD-001825-1,SUP-0080,2026-06-02,2026-06-02,DELIVERED
SHP-001825-2,ORD-001825-2,SUP-0080,2026-06-06,2026-06-06,DELIVERED
SHP-001826-1,ORD-001826-1,SUP-0011,2026-05-10,2026-05-12,DELIVERED
SHP-001826-2,ORD-001826-2,SUP-0011,2026-05-27,2026-05-27,DELIVERED
SHP-001826-3,ORD-001826-3,SUP-0011,2026-05-20,2026-05-21,DELIVERED
SHP-001827-1,ORD-001827-1,SUP-0105,2026-06-29,2026-06-29,DELIVERED
SHP-001827-2,ORD-001827-2,SUP-0105,2026-07-16,2026-07-17,DELIVERED
SHP-001827-3,ORD-001827-3,SUP-0105,2026-07-13,2026-07-15,DELIVERED
SHP-001827-4,ORD-001827-4,SUP-0105,2026-06-26,2026-06-28,DELIVERED
SHP-001828-1,ORD-001828-1,SUP-0035,2026-04-24,2026-04-26,DELIVERED
SHP-001829-1,ORD-001829-1,SUP-0065,2026-09-10,2026-09-12,IN_TRANSIT
SHP-001829-2,ORD-001829-2,SUP-0065,2026-09-24,2026-09-25,IN_TRANSIT
SHP-001830-1,ORD-001830-1,SUP-0033,2026-05-20,2026-05-20,DELIVERED
SHP-001830-2,ORD-001830-2,SUP-0033,2026-05-22,2026-05-24,DELIVERED
SHP-001831-1,ORD-001831-1,SUP-0002,2026-02-11,2026-02-11,DELIVERED
SHP-001831-2,ORD-001831-2,SUP-0002,2026-02-14,2026-02-14,DELIVERED
SHP-001831-3,ORD-001831-3,SUP-0002,2026-02-01,2026-02-03,DELIVERED
SHP-001831-4,ORD-001831-4,SUP-0002,2026-02-17,2026-02-17,DELIVERED
SHP-001832-1,ORD-001832-1,SUP-0011,2026-08-20,2026-08-20,DELIVERED
SHP-001832-2,ORD-001832-2,SUP-0011,2026-08-21,2026-08-23,DELIVERED
SHP-001832-3,ORD-001832-3,SUP-0011,2026-08-11,2026-08-11,DELIVERED
SHP-001833-1,ORD-001833-1,SUP-0022,2026-05-26,2026-05-26,DELIVERED
SHP-001834-1,ORD-001834-1,SUP-0029,2026-06-17,2026-06-17,DELIVERED
SHP-001834-2,ORD-001834-2,SUP-0029,2026-06-09,2026-06-09,DELIVERED
SHP-001834-3,ORD-001834-3,SUP-0029,2026-06-18,2026-06-19,DELIVERED
SHP-001834-4,ORD-001834-4,SUP-0029,2026-06-14,2026-06-14,DELIVERED
SHP-001835-1,ORD-001835-1,SUP-0004,2026-02-05,2026-02-05,DELIVERED
SHP-001835-2,ORD-001835-2,SUP-0004,2026-01-22,2026-01-22,DELIVERED
SHP-001835-3,ORD-001835-3,SUP-0004,2026-01-22,2026-01-24,DELIVERED
SHP-001836-1,ORD-001836-1,SUP-0102,2026-04-14,2026-04-15,DELIVERED
SHP-001836-2,ORD-001836-2,SUP-0102,2026-04-01,2026-04-01,DELIVERED
SHP-001837-1,ORD-001837-1,SUP-0050,2026-07-02,2026-07-02,DELIVERED
SHP-001837-2,ORD-001837-2,SUP-0050,2026-07-02,2026-07-02,DELIVERED
SHP-001837-3,ORD-001837-3,SUP-0050,2026-07-13,2026-07-15,DELIVERED
SHP-001838-1,ORD-001838-1,SUP-0099,2026-09-13,2026-09-13,IN_TRANSIT
SHP-001838-2,ORD-001838-2,SUP-0099,2026-09-13,2026-09-13,IN_TRANSIT
SHP-001838-3,ORD-001838-3,SUP-0099,2026-09-06,2026-09-06,IN_TRANSIT
SHP-001838-4,ORD-001838-4,SUP-0099,2026-09-12,2026-09-12,IN_TRANSIT
SHP-001839-1,ORD-001839-1,SUP-0079,2026-05-30,2026-05-30,DELIVERED
SHP-001839-2,ORD-001839-2,SUP-0079,2026-06-03,2026-06-03,DELIVERED
SHP-001839-3,ORD-001839-3,SUP-0079,2026-06-07,2026-06-07,DELIVERED
SHP-001840-1,ORD-001840-1,SUP-0043,2026-06-10,2026-06-10,DELIVERED
SHP-001840-2,ORD-001840-2,SUP-0043,2026-06-06,2026-06-06,DELIVERED
SHP-001841-1,ORD-001841-1,SUP-0116,2026-02-22,2026-02-23,DELIVERED
SHP-001841-2,ORD-001841-2,SUP-0116,2026-02-15,2026-02-15,DELIVERED
SHP-001841-3,ORD-001841-3,SUP-0116,2026-02-19,2026-02-20,DELIVERED
SHP-001842-1,ORD-001842-1,SUP-0016,2026-01-31,2026-01-31,DELIVERED
SHP-001842-2,ORD-001842-2,SUP-0016,2026-01-31,2026-01-31,DELIVERED
SHP-001843-1,ORD-001843-1,SUP-0045,2026-07-06,2026-07-08,DELIVERED
SHP-001843-2,ORD-001843-2,SUP-0045,2026-07-07,2026-07-09,DELIVERED
SHP-001843-3,ORD-001843-3,SUP-0045,2026-07-13,2026-07-13,DELIVERED
SHP-001844-1,ORD-001844-1,SUP-0078,2026-05-07,2026-05-08,DELIVERED
SHP-001844-2,ORD-001844-2,SUP-0078,2026-05-15,2026-05-15,DELIVERED
SHP-001844-3,ORD-001844-3,SUP-0078,2026-05-20,2026-05-20,DELIVERED
SHP-001845-1,ORD-001845-1,SUP-0064,2026-06-10,2026-06-11,DELIVERED
SHP-001845-2,ORD-001845-2,SUP-0064,2026-06-20,2026-06-22,DELIVERED
SHP-001845-3,ORD-001845-3,SUP-0064,2026-06-10,2026-06-10,DELIVERED
SHP-001846-1,ORD-001846-1,SUP-0043,2026-03-21,2026-03-23,DELIVERED
SHP-001847-1,ORD-001847-1,SUP-0119,2026-07-24,2026-07-24,DELIVERED
SHP-001847-2,ORD-001847-2,SUP-0119,2026-08-09,2026-08-11,DELIVERED
SHP-001847-3,ORD-001847-3,SUP-0119,2026-07-21,2026-07-23,DELIVERED
SHP-001847-4,ORD-001847-4,SUP-0119,2026-07-24,2026-07-24,DELIVERED
SHP-001848-1,ORD-001848-1,SUP-0108,2026-08-10,2026-08-10,DELIVERED
SHP-001848-2,ORD-001848-2,SUP-0108,2026-08-14,2026-08-14,DELIVERED
SHP-001848-3,ORD-001848-3,SUP-0108,2026-08-13,2026-08-13,DELIVERED
SHP-001848-4,ORD-001848-4,SUP-0108,2026-08-26,2026-08-26,DELIVERED
SHP-001849-1,ORD-001849-1,SUP-0067,2026-09-14,2026-09-14,IN_TRANSIT
SHP-001850-1,ORD-001850-1,SUP-0058,2026-03-22,2026-03-24,DELIVERED
SHP-001850-2,ORD-001850-2,SUP-0058,2026-03-25,2026-03-26,DELIVERED
SHP-001850-3,ORD-001850-3,SUP-0058,2026-03-17,2026-03-17,DELIVERED
SHP-001850-4,ORD-001850-4,SUP-0058,2026-03-29,2026-03-29,DELIVERED
SHP-001851-1,ORD-001851-1,SUP-0063,2026-06-27,2026-06-27,DELIVERED
SHP-001851-2,ORD-001851-2,SUP-0063,2026-06-16,2026-06-17,DELIVERED
SHP-001851-3,ORD-001851-3,SUP-0063,2026-06-12,2026-06-12,DELIVERED
SHP-001851-4,ORD-001851-4,SUP-0063,2026-06-20,2026-06-22,DELIVERED
SHP-001852-1,ORD-001852-1,SUP-0088,2026-04-29,2026-04-29,DELIVERED
SHP-001852-2,ORD-001852-2,SUP-0088,2026-04-27,2026-04-29,DELIVERED
SHP-001852-3,ORD-001852-3,SUP-0088,2026-04-07,2026-04-07,DELIVERED
SHP-001852-4,ORD-001852-4,SUP-0088,2026-04-08,2026-04-08,DELIVERED
SHP-001853-1,ORD-001853-1,SUP-0108,2026-08-06,2026-08-06,DELIVERED
SHP-001854-1,ORD-001854-1,SUP-0112,2026-05-04,2026-05-04,DELIVERED
SHP-001854-2,ORD-001854-2,SUP-0112,2026-05-06,2026-05-06,DELIVERED
SHP-001855-1,ORD-001855-1,SUP-0068,2026-08-02,2026-08-03,DELIVERED
SHP-001855-2,ORD-001855-2,SUP-0068,2026-08-07,2026-08-07,DELIVERED
SHP-001856-1,ORD-001856-1,SUP-0096,2026-05-11,2026-05-11,DELIVERED
SHP-001856-2,ORD-001856-2,SUP-0096,2026-05-03,2026-05-03,DELIVERED
SHP-001857-1,ORD-001857-1,SUP-0110,2026-05-29,2026-05-31,DELIVERED
SHP-001858-1,ORD-001858-1,SUP-0046,2026-03-24,2026-03-24,DELIVERED
SHP-001858-2,ORD-001858-2,SUP-0046,2026-04-02,2026-04-02,DELIVERED
SHP-001858-3,ORD-001858-3,SUP-0046,2026-03-18,2026-03-18,DELIVERED
SHP-001858-4,ORD-001858-4,SUP-0046,2026-03-25,2026-03-27,DELIVERED
SHP-001859-1,ORD-001859-1,SUP-0093,2026-06-22,2026-06-23,DELIVERED
SHP-001860-1,ORD-001860-1,SUP-0072,2026-05-02,2026-05-03,DELIVERED
SHP-001860-2,ORD-001860-2,SUP-0072,2026-04-15,2026-04-15,DELIVERED
SHP-001860-3,ORD-001860-3,SUP-0072,2026-04-29,2026-04-29,DELIVERED
SHP-001861-1,ORD-001861-1,SUP-0027,2026-07-30,2026-07-31,DELIVERED
SHP-001861-2,ORD-001861-2,SUP-0027,2026-08-06,2026-08-07,DELIVERED
SHP-001862-1,ORD-001862-1,SUP-0115,2026-04-01,2026-04-01,DELIVERED
SHP-001862-2,ORD-001862-2,SUP-0115,2026-03-10,2026-03-12,DELIVERED
SHP-001862-3,ORD-001862-3,SUP-0115,2026-03-20,2026-03-20,DELIVERED
SHP-001863-1,ORD-001863-1,SUP-0017,2026-03-22,2026-03-22,DELIVERED
SHP-001864-1,ORD-001864-1,SUP-0111,2026-03-08,2026-03-08,DELIVERED
SHP-001864-2,ORD-001864-2,SUP-0111,2026-02-24,2026-02-24,DELIVERED
SHP-001864-3,ORD-001864-3,SUP-0111,2026-02-22,2026-02-22,DELIVERED
SHP-001865-1,ORD-001865-1,SUP-0052,2026-01-25,2026-01-26,DELIVERED
SHP-001865-2,ORD-001865-2,SUP-0052,2026-02-01,2026-02-03,DELIVERED
SHP-001865-3,ORD-001865-3,SUP-0052,2026-02-07,2026-02-07,DELIVERED
SHP-001865-4,ORD-001865-4,SUP-0052,2026-02-02,2026-02-02,DELIVERED
SHP-001866-1,ORD-001866-1,SUP-0004,2026-04-05,2026-04-05,DELIVERED
SHP-001866-2,ORD-001866-2,SUP-0004,2026-04-10,2026-04-12,DELIVERED
SHP-001866-3,ORD-001866-3,SUP-0004,2026-04-25,2026-04-25,DELIVERED
SHP-001866-4,ORD-001866-4,SUP-0004,2026-04-03,2026-04-04,DELIVERED
SHP-001867-1,ORD-001867-1,SUP-0115,2026-08-15,2026-08-15,DELIVERED
SHP-001867-2,ORD-001867-2,SUP-0115,2026-08-10,2026-08-10,DELIVERED
SHP-001867-3,ORD-001867-3,SUP-0115,2026-07-30,2026-07-30,DELIVERED
SHP-001868-1,ORD-001868-1,SUP-0006,2026-06-04,2026-06-06,DELIVERED
SHP-001868-2,ORD-001868-2,SUP-0006,2026-05-17,2026-05-17,DELIVERED
SHP-001868-3,ORD-001868-3,SUP-0006,2026-06-11,2026-06-11,DELIVERED
SHP-001868-4,ORD-001868-4,SUP-0006,2026-05-11,2026-05-11,DELIVERED
SHP-001869-1,ORD-001869-1,SUP-0075,2026-08-07,2026-08-07,DELIVERED
SHP-001870-1,ORD-001870-1,SUP-0106,2026-05-05,2026-05-05,DELIVERED
SHP-001870-2,ORD-001870-2,SUP-0106,2026-04-29,2026-04-29,DELIVERED
SHP-001870-3,ORD-001870-3,SUP-0106,2026-04-15,2026-04-15,DELIVERED
SHP-001871-1,ORD-001871-1,SUP-0039,2026-01-21,2026-01-23,DELIVERED
SHP-001872-1,ORD-001872-1,SUP-0091,2026-05-28,2026-05-29,DELIVERED
SHP-001872-2,ORD-001872-2,SUP-0091,2026-05-17,2026-05-17,DELIVERED
SHP-001872-3,ORD-001872-3,SUP-0091,2026-05-15,2026-05-15,DELIVERED
SHP-001872-4,ORD-001872-4,SUP-0091,2026-05-27,2026-05-27,DELIVERED
SHP-001873-1,ORD-001873-1,SUP-0029,2026-02-19,2026-02-21,DELIVERED
SHP-001874-1,ORD-001874-1,SUP-0092,2026-06-13,2026-06-15,DELIVERED
SHP-001874-2,ORD-001874-2,SUP-0092,2026-06-10,2026-06-10,DELIVERED
SHP-001874-3,ORD-001874-3,SUP-0092,2026-06-25,2026-06-26,DELIVERED
SHP-001875-1,ORD-001875-1,SUP-0072,2026-02-08,2026-02-08,DELIVERED
SHP-001875-2,ORD-001875-2,SUP-0072,2026-02-02,2026-02-02,DELIVERED
SHP-001876-1,ORD-001876-1,SUP-0089,2026-06-19,2026-06-19,DELIVERED
SHP-001876-2,ORD-001876-2,SUP-0089,2026-06-18,2026-06-18,DELIVERED
SHP-001876-3,ORD-001876-3,SUP-0089,2026-06-30,2026-07-01,DELIVERED
SHP-001876-4,ORD-001876-4,SUP-0089,2026-06-23,2026-06-25,DELIVERED
SHP-001877-1,ORD-001877-1,SUP-0061,2026-05-03,2026-05-04,DELIVERED
SHP-001877-2,ORD-001877-2,SUP-0061,2026-04-20,2026-04-20,DELIVERED
SHP-001877-3,ORD-001877-3,SUP-0061,2026-04-13,2026-04-14,DELIVERED
SHP-001877-4,ORD-001877-4,SUP-0061,2026-05-06,2026-05-06,DELIVERED
SHP-001878-1,ORD-001878-1,SUP-0041,2026-08-27,2026-08-28,DELIVERED
SHP-001878-2,ORD-001878-2,SUP-0041,2026-08-31,2026-09-02,IN_TRANSIT
SHP-001878-3,ORD-001878-3,SUP-0041,2026-08-28,2026-08-29,DELIVERED
SHP-001878-4,ORD-001878-4,SUP-0041,2026-08-29,2026-08-29,DELIVERED
SHP-001879-1,ORD-001879-1,SUP-0089,2026-02-18,2026-02-19,DELIVERED
SHP-001879-2,ORD-001879-2,SUP-0089,2026-02-10,2026-02-11,DELIVERED
SHP-001879-3,ORD-001879-3,SUP-0089,2026-02-01,2026-02-01,DELIVERED
SHP-001880-1,ORD-001880-1,SUP-0028,2026-08-26,2026-08-28,DELIVERED
SHP-001880-2,ORD-001880-2,SUP-0028,2026-08-15,2026-08-16,DELIVERED
SHP-001880-3,ORD-001880-3,SUP-0028,2026-08-20,2026-08-20,DELIVERED
SHP-001880-4,ORD-001880-4,SUP-0028,2026-08-24,2026-08-24,DELIVERED
SHP-001881-1,ORD-001881-1,SUP-0088,2026-06-21,2026-06-21,DELIVERED
SHP-001881-2,ORD-001881-2,SUP-0088,2026-06-12,2026-06-12,DELIVERED
SHP-001881-3,ORD-001881-3,SUP-0088,2026-06-18,2026-06-19,DELIVERED
SHP-001882-1,ORD-001882-1,SUP-0070,2026-06-13,2026-06-15,DELIVERED
SHP-001882-2,ORD-001882-2,SUP-0070,2026-06-19,2026-06-19,DELIVERED
SHP-001882-3,ORD-001882-3,SUP-0070,2026-06-14,2026-06-16,DELIVERED
SHP-001882-4,ORD-001882-4,SUP-0070,2026-06-09,2026-06-11,DELIVERED
SHP-001883-1,ORD-001883-1,SUP-0056,2026-07-17,2026-07-18,DELIVERED
SHP-001883-2,ORD-001883-2,SUP-0056,2026-07-22,2026-07-22,DELIVERED
SHP-001884-1,ORD-001884-1,SUP-0114,2026-06-21,2026-06-21,DELIVERED
SHP-001885-1,ORD-001885-1,SUP-0001,2026-02-11,2026-02-13,DELIVERED
SHP-001885-2,ORD-001885-2,SUP-0001,2026-02-28,2026-03-01,DELIVERED
SHP-001885-3,ORD-001885-3,SUP-0001,2026-02-23,2026-02-24,DELIVERED
SHP-001886-1,ORD-001886-1,SUP-0016,2026-04-18,2026-04-20,DELIVERED
SHP-001886-2,ORD-001886-2,SUP-0016,2026-04-08,2026-04-08,DELIVERED
SHP-001887-1,ORD-001887-1,SUP-0044,2026-05-07,2026-05-07,DELIVERED
SHP-001887-2,ORD-001887-2,SUP-0044,2026-04-20,2026-04-20,DELIVERED
SHP-001888-1,ORD-001888-1,SUP-0104,2026-03-14,2026-03-15,DELIVERED
SHP-001888-2,ORD-001888-2,SUP-0104,2026-03-12,2026-03-12,DELIVERED
SHP-001888-3,ORD-001888-3,SUP-0104,2026-03-13,2026-03-13,DELIVERED
SHP-001889-1,ORD-001889-1,SUP-0020,2026-08-24,2026-08-24,DELIVERED
SHP-001889-2,ORD-001889-2,SUP-0020,2026-08-07,2026-08-09,DELIVERED
SHP-001889-3,ORD-001889-3,SUP-0020,2026-08-15,2026-08-15,DELIVERED
SHP-001889-4,ORD-001889-4,SUP-0020,2026-08-22,2026-08-22,DELIVERED
SHP-001890-1,ORD-001890-1,SUP-0034,2026-08-22,2026-08-22,DELIVERED
SHP-001890-2,ORD-001890-2,SUP-0034,2026-08-18,2026-08-18,DELIVERED
SHP-001890-3,ORD-001890-3,SUP-0034,2026-08-11,2026-08-11,DELIVERED
SHP-001890-4,ORD-001890-4,SUP-0034,2026-08-26,2026-08-27,DELIVERED
SHP-001891-1,ORD-001891-1,SUP-0105,2026-02-02,2026-02-02,DELIVERED
SHP-001891-2,ORD-001891-2,SUP-0105,2026-01-31,2026-01-31,DELIVERED
SHP-001892-1,ORD-001892-1,SUP-0037,2026-05-11,2026-05-11,DELIVERED
SHP-001892-2,ORD-001892-2,SUP-0037,2026-05-20,2026-05-20,DELIVERED
SHP-001893-1,ORD-001893-1,SUP-0002,2026-05-11,2026-05-13,DELIVERED
SHP-001893-2,ORD-001893-2,SUP-0002,2026-05-22,2026-05-22,DELIVERED
SHP-001893-3,ORD-001893-3,SUP-0002,2026-05-10,2026-05-10,DELIVERED
SHP-001893-4,ORD-001893-4,SUP-0002,2026-05-15,2026-05-15,DELIVERED
SHP-001894-1,ORD-001894-1,SUP-0117,2026-07-25,2026-07-27,DELIVERED
SHP-001895-1,ORD-001895-1,SUP-0014,2026-07-31,2026-07-31,DELIVERED
SHP-001895-2,ORD-001895-2,SUP-0014,2026-07-10,2026-07-12,DELIVERED
SHP-001895-3,ORD-001895-3,SUP-0014,2026-07-10,2026-07-10,DELIVERED
SHP-001896-1,ORD-001896-1,SUP-0041,2026-08-16,2026-08-16,DELIVERED
SHP-001896-2,ORD-001896-2,SUP-0041,2026-08-17,2026-08-17,DELIVERED
SHP-001897-1,ORD-001897-1,SUP-0085,2026-02-17,2026-02-18,DELIVERED
SHP-001897-2,ORD-001897-2,SUP-0085,2026-02-06,2026-02-08,DELIVERED
SHP-001897-3,ORD-001897-3,SUP-0085,2026-02-05,2026-02-05,DELIVERED
SHP-001898-1,ORD-001898-1,SUP-0087,2026-02-17,2026-02-17,DELIVERED
SHP-001898-2,ORD-001898-2,SUP-0087,2026-02-04,2026-02-04,DELIVERED
SHP-001898-3,ORD-001898-3,SUP-0087,2026-02-19,2026-02-21,DELIVERED
SHP-001898-4,ORD-001898-4,SUP-0087,2026-02-12,2026-02-12,DELIVERED
SHP-001899-1,ORD-001899-1,SUP-0103,2026-03-03,2026-03-04,DELIVERED
SHP-001899-2,ORD-001899-2,SUP-0103,2026-03-20,2026-03-21,DELIVERED
SHP-001899-3,ORD-001899-3,SUP-0103,2026-03-15,2026-03-17,DELIVERED
SHP-001899-4,ORD-001899-4,SUP-0103,2026-03-11,2026-03-11,DELIVERED
SHP-001900-1,ORD-001900-1,SUP-0023,2026-09-23,2026-09-24,IN_TRANSIT
SHP-001901-1,ORD-001901-1,SUP-0074,2026-06-27,2026-06-27,DELIVERED
SHP-001901-2,ORD-001901-2,SUP-0074,2026-07-07,2026-07-07,DELIVERED
SHP-001901-3,ORD-001901-3,SUP-0074,2026-06-30,2026-07-01,DELIVERED
SHP-001901-4,ORD-001901-4,SUP-0074,2026-07-16,2026-07-16,DELIVERED
SHP-001902-1,ORD-001902-1,SUP-0107,2026-03-07,2026-03-07,DELIVERED
SHP-001903-1,ORD-001903-1,SUP-0063,2026-06-02,2026-06-03,DELIVERED
SHP-001903-2,ORD-001903-2,SUP-0063,2026-06-08,2026-06-08,DELIVERED
SHP-001903-3,ORD-001903-3,SUP-0063,2026-06-16,2026-06-16,DELIVERED
SHP-001903-4,ORD-001903-4,SUP-0063,2026-06-21,2026-06-21,DELIVERED
SHP-001904-1,ORD-001904-1,SUP-0079,2026-04-28,2026-04-28,DELIVERED
SHP-001904-2,ORD-001904-2,SUP-0079,2026-04-28,2026-04-29,DELIVERED
SHP-001904-3,ORD-001904-3,SUP-0079,2026-04-30,2026-05-02,DELIVERED
SHP-001905-1,ORD-001905-1,SUP-0021,2026-05-10,2026-05-10,DELIVERED
SHP-001905-2,ORD-001905-2,SUP-0021,2026-05-10,2026-05-10,DELIVERED
SHP-001905-3,ORD-001905-3,SUP-0021,2026-05-16,2026-05-18,DELIVERED
SHP-001905-4,ORD-001905-4,SUP-0021,2026-05-09,2026-05-10,DELIVERED
SHP-001906-1,ORD-001906-1,SUP-0085,2026-04-28,2026-04-28,DELIVERED
SHP-001906-2,ORD-001906-2,SUP-0085,2026-05-06,2026-05-07,DELIVERED
SHP-001906-3,ORD-001906-3,SUP-0085,2026-04-22,2026-04-24,DELIVERED
SHP-001906-4,ORD-001906-4,SUP-0085,2026-04-19,2026-04-20,DELIVERED
SHP-001907-1,ORD-001907-1,SUP-0052,2026-05-12,2026-05-12,DELIVERED
SHP-001907-2,ORD-001907-2,SUP-0052,2026-05-04,2026-05-04,DELIVERED
SHP-001908-1,ORD-001908-1,SUP-0025,2026-05-27,2026-05-28,DELIVERED
SHP-001908-2,ORD-001908-2,SUP-0025,2026-05-20,2026-05-20,DELIVERED
SHP-001908-3,ORD-001908-3,SUP-0025,2026-05-31,2026-06-02,DELIVERED
SHP-001909-1,ORD-001909-1,SUP-0027,2026-02-08,2026-02-10,DELIVERED
SHP-001909-2,ORD-001909-2,SUP-0027,2026-01-29,2026-01-29,DELIVERED
SHP-001909-3,ORD-001909-3,SUP-0027,2026-01-28,2026-01-28,DELIVERED
SHP-001909-4,ORD-001909-4,SUP-0027,2026-02-10,2026-02-10,DELIVERED
SHP-001910-1,ORD-001910-1,SUP-0081,2026-06-12,2026-06-12,DELIVERED
SHP-001911-1,ORD-001911-1,SUP-0035,2026-04-02,2026-04-03,DELIVERED
SHP-001912-1,ORD-001912-1,SUP-0070,2026-09-07,2026-09-07,IN_TRANSIT
SHP-001912-2,ORD-001912-2,SUP-0070,2026-09-15,2026-09-17,IN_TRANSIT
SHP-001912-3,ORD-001912-3,SUP-0070,2026-09-09,2026-09-09,IN_TRANSIT
SHP-001913-1,ORD-001913-1,SUP-0004,2026-03-27,2026-03-27,DELIVERED
SHP-001913-2,ORD-001913-2,SUP-0004,2026-04-02,2026-04-02,DELIVERED
SHP-001914-1,ORD-001914-1,SUP-0068,2026-07-12,2026-07-14,DELIVERED
SHP-001914-2,ORD-001914-2,SUP-0068,2026-07-14,2026-07-14,DELIVERED
SHP-001915-1,ORD-001915-1,SUP-0003,2026-03-11,2026-03-11,DELIVERED
SHP-001915-2,ORD-001915-2,SUP-0003,2026-03-11,2026-03-11,DELIVERED
SHP-001915-3,ORD-001915-3,SUP-0003,2026-03-20,2026-03-22,DELIVERED
SHP-001916-1,ORD-001916-1,SUP-0052,2026-04-30,2026-04-30,DELIVERED
SHP-001916-2,ORD-001916-2,SUP-0052,2026-05-04,2026-05-06,DELIVERED
SHP-001916-3,ORD-001916-3,SUP-0052,2026-05-23,2026-05-23,DELIVERED
SHP-001917-1,ORD-001917-1,SUP-0030,2026-03-08,2026-03-08,DELIVERED
SHP-001917-2,ORD-001917-2,SUP-0030,2026-03-26,2026-03-27,DELIVERED
SHP-001917-3,ORD-001917-3,SUP-0030,2026-03-21,2026-03-22,DELIVERED
SHP-001917-4,ORD-001917-4,SUP-0030,2026-03-18,2026-03-18,DELIVERED
SHP-001918-1,ORD-001918-1,SUP-0001,2026-06-26,2026-06-26,DELIVERED
SHP-001918-2,ORD-001918-2,SUP-0001,2026-06-03,2026-06-05,DELIVERED
SHP-001918-3,ORD-001918-3,SUP-0001,2026-06-07,2026-06-07,DELIVERED
SHP-001919-1,ORD-001919-1,SUP-0095,2026-02-08,2026-02-08,DELIVERED
SHP-001919-2,ORD-001919-2,SUP-0095,2026-01-23,2026-01-23,DELIVERED
SHP-001920-1,ORD-001920-1,SUP-0022,2026-04-01,2026-04-02,DELIVERED
SHP-001920-2,ORD-001920-2,SUP-0022,2026-04-03,2026-04-05,DELIVERED
SHP-001920-3,ORD-001920-3,SUP-0022,2026-03-22,2026-03-22,DELIVERED
SHP-001921-1,ORD-001921-1,SUP-0071,2026-05-01,2026-05-01,DELIVERED
SHP-001921-2,ORD-001921-2,SUP-0071,2026-05-12,2026-05-12,DELIVERED
SHP-001921-3,ORD-001921-3,SUP-0071,2026-04-30,2026-05-01,DELIVERED
SHP-001921-4,ORD-001921-4,SUP-0071,2026-05-14,2026-05-14,DELIVERED
SHP-001922-1,ORD-001922-1,SUP-0064,2026-09-15,2026-09-15,IN_TRANSIT
SHP-001923-1,ORD-001923-1,SUP-0092,2026-05-19,2026-05-20,DELIVERED
SHP-001923-2,ORD-001923-2,SUP-0092,2026-05-07,2026-05-09,DELIVERED
SHP-001923-3,ORD-001923-3,SUP-0092,2026-05-16,2026-05-17,DELIVERED
SHP-001924-1,ORD-001924-1,SUP-0045,2026-06-21,2026-06-23,DELIVERED
SHP-001924-2,ORD-001924-2,SUP-0045,2026-06-14,2026-06-14,DELIVERED
SHP-001924-3,ORD-001924-3,SUP-0045,2026-06-21,2026-06-22,DELIVERED
SHP-001924-4,ORD-001924-4,SUP-0045,2026-06-22,2026-06-22,DELIVERED
SHP-001925-1,ORD-001925-1,SUP-0051,2026-07-30,2026-08-01,DELIVERED
SHP-001925-2,ORD-001925-2,SUP-0051,2026-08-04,2026-08-04,DELIVERED
SHP-001926-1,ORD-001926-1,SUP-0100,2026-04-14,2026-04-14,DELIVERED
SHP-001926-2,ORD-001926-2,SUP-0100,2026-05-01,2026-05-02,DELIVERED
SHP-001926-3,ORD-001926-3,SUP-0100,2026-04-27,2026-04-27,DELIVERED
SHP-001927-1,ORD-001927-1,SUP-0027,2026-09-11,2026-09-11,IN_TRANSIT
SHP-001927-2,ORD-001927-2,SUP-0027,2026-08-29,2026-08-30,DELIVERED
SHP-001927-3,ORD-001927-3,SUP-0027,2026-09-14,2026-09-16,IN_TRANSIT
SHP-001927-4,ORD-001927-4,SUP-0027,2026-08-21,2026-08-21,DELIVERED
SHP-001928-1,ORD-001928-1,SUP-0023,2026-08-21,2026-08-23,DELIVERED
SHP-001928-2,ORD-001928-2,SUP-0023,2026-08-13,2026-08-13,DELIVERED
SHP-001928-3,ORD-001928-3,SUP-0023,2026-08-14,2026-08-14,DELIVERED
SHP-001928-4,ORD-001928-4,SUP-0023,2026-08-05,2026-08-05,DELIVERED
SHP-001929-1,ORD-001929-1,SUP-0105,2026-05-27,2026-05-29,DELIVERED
SHP-001930-1,ORD-001930-1,SUP-0002,2026-08-27,2026-08-29,DELIVERED
SHP-001930-2,ORD-001930-2,SUP-0002,2026-08-22,2026-08-23,DELIVERED
SHP-001931-1,ORD-001931-1,SUP-0096,2026-06-27,2026-06-27,DELIVERED
SHP-001931-2,ORD-001931-2,SUP-0096,2026-06-18,2026-06-20,DELIVERED
SHP-001932-1,ORD-001932-1,SUP-0053,2026-02-04,2026-02-04,DELIVERED
SHP-001933-1,ORD-001933-1,SUP-0079,2026-06-28,2026-06-29,DELIVERED
SHP-001933-2,ORD-001933-2,SUP-0079,2026-06-17,2026-06-17,DELIVERED
SHP-001933-3,ORD-001933-3,SUP-0079,2026-06-19,2026-06-21,DELIVERED
SHP-001934-1,ORD-001934-1,SUP-0046,2026-03-08,2026-03-08,DELIVERED
SHP-001935-1,ORD-001935-1,SUP-0120,2026-06-02,2026-06-02,DELIVERED
SHP-001935-2,ORD-001935-2,SUP-0120,2026-05-22,2026-05-22,DELIVERED
SHP-001935-3,ORD-001935-3,SUP-0120,2026-06-09,2026-06-09,DELIVERED
SHP-001935-4,ORD-001935-4,SUP-0120,2026-05-25,2026-05-25,DELIVERED
SHP-001936-1,ORD-001936-1,SUP-0055,2026-06-03,2026-06-03,DELIVERED
SHP-001937-1,ORD-001937-1,SUP-0070,2026-09-06,2026-09-06,IN_TRANSIT
SHP-001937-2,ORD-001937-2,SUP-0070,2026-09-23,2026-09-25,IN_TRANSIT
SHP-001938-1,ORD-001938-1,SUP-0099,2026-06-14,2026-06-14,DELIVERED
SHP-001939-1,ORD-001939-1,SUP-0105,2026-06-28,2026-06-29,DELIVERED
SHP-001940-1,ORD-001940-1,SUP-0111,2026-03-24,2026-03-24,DELIVERED
SHP-001940-2,ORD-001940-2,SUP-0111,2026-03-31,2026-04-01,DELIVERED
SHP-001941-1,ORD-001941-1,SUP-0101,2026-08-15,2026-08-15,DELIVERED
SHP-001941-2,ORD-001941-2,SUP-0101,2026-08-11,2026-08-11,DELIVERED
SHP-001941-3,ORD-001941-3,SUP-0101,2026-08-15,2026-08-17,DELIVERED
SHP-001942-1,ORD-001942-1,SUP-0042,2026-04-16,2026-04-16,DELIVERED
SHP-001943-1,ORD-001943-1,SUP-0107,2026-05-17,2026-05-19,DELIVERED
SHP-001943-2,ORD-001943-2,SUP-0107,2026-05-16,2026-05-16,DELIVERED
SHP-001943-3,ORD-001943-3,SUP-0107,2026-05-19,2026-05-19,DELIVERED
SHP-001944-1,ORD-001944-1,SUP-0011,2026-03-14,2026-03-15,DELIVERED
SHP-001944-2,ORD-001944-2,SUP-0011,2026-02-25,2026-02-27,DELIVERED
SHP-001944-3,ORD-001944-3,SUP-0011,2026-03-01,2026-03-03,DELIVERED
SHP-001945-1,ORD-001945-1,SUP-0011,2026-03-25,2026-03-26,DELIVERED
SHP-001945-2,ORD-001945-2,SUP-0011,2026-03-20,2026-03-21,DELIVERED
SHP-001945-3,ORD-001945-3,SUP-0011,2026-03-06,2026-03-06,DELIVERED
SHP-001946-1,ORD-001946-1,SUP-0101,2026-02-23,2026-02-23,DELIVERED
SHP-001946-2,ORD-001946-2,SUP-0101,2026-02-18,2026-02-18,DELIVERED
SHP-001946-3,ORD-001946-3,SUP-0101,2026-02-26,2026-02-28,DELIVERED
SHP-001946-4,ORD-001946-4,SUP-0101,2026-03-11,2026-03-11,DELIVERED
SHP-001947-1,ORD-001947-1,SUP-0016,2026-04-27,2026-04-27,DELIVERED
SHP-001947-2,ORD-001947-2,SUP-0016,2026-04-23,2026-04-23,DELIVERED
SHP-001947-3,ORD-001947-3,SUP-0016,2026-04-22,2026-04-22,DELIVERED
SHP-001947-4,ORD-001947-4,SUP-0016,2026-04-25,2026-04-26,DELIVERED
SHP-001948-1,ORD-001948-1,SUP-0107,2026-01-12,2026-01-12,DELIVERED
SHP-001948-2,ORD-001948-2,SUP-0107,2026-01-08,2026-01-08,DELIVERED
SHP-001948-3,ORD-001948-3,SUP-0107,2026-01-13,2026-01-13,DELIVERED
SHP-001948-4,ORD-001948-4,SUP-0107,2026-01-22,2026-01-22,DELIVERED
SHP-001949-1,ORD-001949-1,SUP-0043,2026-09-03,2026-09-03,IN_TRANSIT
SHP-001949-2,ORD-001949-2,SUP-0043,2026-08-26,2026-08-26,DELIVERED
SHP-001950-1,ORD-001950-1,SUP-0118,2026-09-02,2026-09-04,IN_TRANSIT
SHP-001950-2,ORD-001950-2,SUP-0118,2026-09-21,2026-09-21,IN_TRANSIT
SHP-001950-3,ORD-001950-3,SUP-0118,2026-09-20,2026-09-22,IN_TRANSIT
SHP-001951-1,ORD-001951-1,SUP-0020,2026-01-27,2026-01-27,DELIVERED
SHP-001952-1,ORD-001952-1,SUP-0063,2026-06-04,2026-06-04,DELIVERED
SHP-001953-1,ORD-001953-1,SUP-0053,2026-06-01,2026-06-02,DELIVERED
SHP-001953-2,ORD-001953-2,SUP-0053,2026-05-17,2026-05-18,DELIVERED
SHP-001954-1,ORD-001954-1,SUP-0028,2026-06-01,2026-06-01,DELIVERED
SHP-001954-2,ORD-001954-2,SUP-0028,2026-05-24,2026-05-24,DELIVERED
SHP-001955-1,ORD-001955-1,SUP-0015,2026-09-08,2026-09-08,IN_TRANSIT
SHP-001956-1,ORD-001956-1,SUP-0047,2026-06-14,2026-06-15,DELIVERED
SHP-001956-2,ORD-001956-2,SUP-0047,2026-06-17,2026-06-17,DELIVERED
SHP-001956-3,ORD-001956-3,SUP-0047,2026-06-23,2026-06-24,DELIVERED
SHP-001956-4,ORD-001956-4,SUP-0047,2026-06-16,2026-06-16,DELIVERED
SHP-001957-1,ORD-001957-1,SUP-0093,2026-02-09,2026-02-09,DELIVERED
SHP-001957-2,ORD-001957-2,SUP-0093,2026-02-11,2026-02-11,DELIVERED
SHP-001958-1,ORD-001958-1,SUP-0051,2026-02-13,2026-02-13,DELIVERED
SHP-001958-2,ORD-001958-2,SUP-0051,2026-02-13,2026-02-13,DELIVERED
SHP-001958-3,ORD-001958-3,SUP-0051,2026-02-09,2026-02-11,DELIVERED
SHP-001958-4,ORD-001958-4,SUP-0051,2026-02-21,2026-02-22,DELIVERED
SHP-001959-1,ORD-001959-1,SUP-0040,2026-09-11,2026-09-11,IN_TRANSIT
SHP-001959-2,ORD-001959-2,SUP-0040,2026-09-20,2026-09-20,IN_TRANSIT
SHP-001959-3,ORD-001959-3,SUP-0040,2026-09-12,2026-09-12,IN_TRANSIT
SHP-001959-4,ORD-001959-4,SUP-0040,2026-09-23,2026-09-23,IN_TRANSIT
SHP-001960-1,ORD-001960-1,SUP-0029,2026-04-25,2026-04-26,DELIVERED
SHP-001960-2,ORD-001960-2,SUP-0029,2026-04-21,2026-04-23,DELIVERED
SHP-001960-3,ORD-001960-3,SUP-0029,2026-04-08,2026-04-08,DELIVERED
SHP-001961-1,ORD-001961-1,SUP-0091,2026-03-01,2026-03-02,DELIVERED
SHP-001961-2,ORD-001961-2,SUP-0091,2026-02-18,2026-02-20,DELIVERED
SHP-001961-3,ORD-001961-3,SUP-0091,2026-02-09,2026-02-09,DELIVERED
SHP-001961-4,ORD-001961-4,SUP-0091,2026-02-27,2026-02-27,DELIVERED
SHP-001962-1,ORD-001962-1,SUP-0034,2026-09-18,2026-09-20,IN_TRANSIT
SHP-001962-2,ORD-001962-2,SUP-0034,2026-09-19,2026-09-19,IN_TRANSIT
SHP-001962-3,ORD-001962-3,SUP-0034,2026-09-17,2026-09-17,IN_TRANSIT
SHP-001963-1,ORD-001963-1,SUP-0059,2026-04-01,2026-04-02,DELIVERED
SHP-001963-2,ORD-001963-2,SUP-0059,2026-03-28,2026-03-28,DELIVERED
SHP-001963-3,ORD-001963-3,SUP-0059,2026-03-10,2026-03-10,DELIVERED
SHP-001964-1,ORD-001964-1,SUP-0075,2026-08-26,2026-08-27,DELIVERED
SHP-001964-2,ORD-001964-2,SUP-0075,2026-08-25,2026-08-25,DELIVERED
SHP-001965-1,ORD-001965-1,SUP-0109,2026-09-18,2026-09-19,IN_TRANSIT
SHP-001965-2,ORD-001965-2,SUP-0109,2026-09-15,2026-09-17,IN_TRANSIT
SHP-001965-3,ORD-001965-3,SUP-0109,2026-09-07,2026-09-07,IN_TRANSIT
SHP-001965-4,ORD-001965-4,SUP-0109,2026-09-11,2026-09-13,IN_TRANSIT
SHP-001966-1,ORD-001966-1,SUP-0104,2026-06-24,2026-06-24,DELIVERED
SHP-001967-1,ORD-001967-1,SUP-0020,2026-03-24,2026-03-24,DELIVERED
SHP-001967-2,ORD-001967-2,SUP-0020,2026-03-07,2026-03-09,DELIVERED
SHP-001968-1,ORD-001968-1,SUP-0013,2026-07-16,2026-07-16,DELIVERED
SHP-001968-2,ORD-001968-2,SUP-0013,2026-07-22,2026-07-22,DELIVERED
SHP-001968-3,ORD-001968-3,SUP-0013,2026-07-10,2026-07-11,DELIVERED
SHP-001969-1,ORD-001969-1,SUP-0044,2026-03-17,2026-03-17,DELIVERED
SHP-001969-2,ORD-001969-2,SUP-0044,2026-03-20,2026-03-21,DELIVERED
SHP-001969-3,ORD-001969-3,SUP-0044,2026-02-25,2026-02-26,DELIVERED
SHP-001969-4,ORD-001969-4,SUP-0044,2026-03-09,2026-03-09,DELIVERED
SHP-001970-1,ORD-001970-1,SUP-0100,2026-06-09,2026-06-09,DELIVERED
SHP-001970-2,ORD-001970-2,SUP-0100,2026-06-18,2026-06-18,DELIVERED
SHP-001971-1,ORD-001971-1,SUP-0047,2026-02-03,2026-02-05,DELIVERED
SHP-001971-2,ORD-001971-2,SUP-0047,2026-01-21,2026-01-21,DELIVERED
SHP-001972-1,ORD-001972-1,SUP-0053,2026-05-24,2026-05-26,DELIVERED
SHP-001972-2,ORD-001972-2,SUP-0053,2026-05-29,2026-05-30,DELIVERED
SHP-001972-3,ORD-001972-3,SUP-0053,2026-06-13,2026-06-15,DELIVERED
SHP-001973-1,ORD-001973-1,SUP-0074,2026-04-27,2026-04-29,DELIVERED
SHP-001973-2,ORD-001973-2,SUP-0074,2026-05-05,2026-05-05,DELIVERED
SHP-001974-1,ORD-001974-1,SUP-0050,2026-03-09,2026-03-09,DELIVERED
SHP-001975-1,ORD-001975-1,SUP-0056,2026-04-01,2026-04-02,DELIVERED
SHP-001975-2,ORD-001975-2,SUP-0056,2026-03-27,2026-03-28,DELIVERED
SHP-001975-3,ORD-001975-3,SUP-0056,2026-03-28,2026-03-29,DELIVERED
SHP-001976-1,ORD-001976-1,SUP-0080,2026-03-10,2026-03-10,DELIVERED
SHP-001976-2,ORD-001976-2,SUP-0080,2026-03-14,2026-03-15,DELIVERED
SHP-001976-3,ORD-001976-3,SUP-0080,2026-02-20,2026-02-22,DELIVERED
SHP-001976-4,ORD-001976-4,SUP-0080,2026-03-11,2026-03-13,DELIVERED
SHP-001977-1,ORD-001977-1,SUP-0089,2026-08-04,2026-08-05,DELIVERED
SHP-001977-2,ORD-001977-2,SUP-0089,2026-08-20,2026-08-20,DELIVERED
SHP-001977-3,ORD-001977-3,SUP-0089,2026-08-10,2026-08-10,DELIVERED
SHP-001977-4,ORD-001977-4,SUP-0089,2026-07-26,2026-07-27,DELIVERED
SHP-001978-1,ORD-001978-1,SUP-0051,2026-07-13,2026-07-14,DELIVERED
SHP-001978-2,ORD-001978-2,SUP-0051,2026-07-21,2026-07-21,DELIVERED
SHP-001978-3,ORD-001978-3,SUP-0051,2026-07-13,2026-07-13,DELIVERED
SHP-001978-4,ORD-001978-4,SUP-0051,2026-07-09,2026-07-09,DELIVERED
SHP-001979-1,ORD-001979-1,SUP-0092,2026-04-08,2026-04-08,DELIVERED
SHP-001979-2,ORD-001979-2,SUP-0092,2026-04-09,2026-04-10,DELIVERED
SHP-001980-1,ORD-001980-1,SUP-0041,2026-07-02,2026-07-04,DELIVERED
SHP-001981-1,ORD-001981-1,SUP-0111,2026-08-19,2026-08-21,DELIVERED
SHP-001981-2,ORD-001981-2,SUP-0111,2026-08-04,2026-08-04,DELIVERED
SHP-001981-3,ORD-001981-3,SUP-0111,2026-08-15,2026-08-17,DELIVERED
SHP-001982-1,ORD-001982-1,SUP-0049,2026-07-29,2026-07-29,DELIVERED
SHP-001983-1,ORD-001983-1,SUP-0103,2026-02-11,2026-02-11,DELIVERED
SHP-001983-2,ORD-001983-2,SUP-0103,2026-02-10,2026-02-12,DELIVERED
SHP-001984-1,ORD-001984-1,SUP-0030,2026-06-30,2026-07-01,DELIVERED
SHP-001984-2,ORD-001984-2,SUP-0030,2026-07-15,2026-07-15,DELIVERED
SHP-001985-1,ORD-001985-1,SUP-0032,2026-08-19,2026-08-19,DELIVERED
SHP-001985-2,ORD-001985-2,SUP-0032,2026-09-13,2026-09-15,IN_TRANSIT
SHP-001985-3,ORD-001985-3,SUP-0032,2026-08-19,2026-08-19,DELIVERED
SHP-001985-4,ORD-001985-4,SUP-0032,2026-08-16,2026-08-17,DELIVERED
SHP-001986-1,ORD-001986-1,SUP-0103,2026-07-15,2026-07-17,DELIVERED
SHP-001987-1,ORD-001987-1,SUP-0113,2026-05-17,2026-05-18,DELIVERED
SHP-001987-2,ORD-001987-2,SUP-0113,2026-05-16,2026-05-16,DELIVERED
SHP-001988-1,ORD-001988-1,SUP-0058,2026-04-13,2026-04-13,DELIVERED
SHP-001988-2,ORD-001988-2,SUP-0058,2026-04-07,2026-04-07,DELIVERED
SHP-001989-1,ORD-001989-1,SUP-0093,2026-08-25,2026-08-27,DELIVERED
SHP-001989-2,ORD-001989-2,SUP-0093,2026-09-14,2026-09-14,IN_TRANSIT
SHP-001989-3,ORD-001989-3,SUP-0093,2026-08-25,2026-08-27,DELIVERED
SHP-001989-4,ORD-001989-4,SUP-0093,2026-09-01,2026-09-02,IN_TRANSIT
SHP-001990-1,ORD-001990-1,SUP-0033,2026-06-26,2026-06-28,DELIVERED
SHP-001991-1,ORD-001991-1,SUP-0058,2026-04-30,2026-05-01,DELIVERED
SHP-001992-1,ORD-001992-1,SUP-0109,2026-02-21,2026-02-23,DELIVERED
SHP-001992-2,ORD-001992-2,SUP-0109,2026-02-26,2026-02-26,DELIVERED
SHP-001992-3,ORD-001992-3,SUP-0109,2026-02-22,2026-02-22,DELIVERED
SHP-001993-1,ORD-001993-1,SUP-0067,2026-05-24,2026-05-26,DELIVERED
SHP-001993-2,ORD-001993-2,SUP-0067,2026-05-24,2026-05-24,DELIVERED
SHP-001993-3,ORD-001993-3,SUP-0067,2026-05-18,2026-05-19,DELIVERED
SHP-001994-1,ORD-001994-1,SUP-0071,2026-08-16,2026-08-18,DELIVERED
SHP-001994-2,ORD-001994-2,SUP-0071,2026-08-11,2026-08-11,DELIVERED
SHP-001994-3,ORD-001994-3,SUP-0071,2026-08-12,2026-08-12,DELIVERED
SHP-001995-1,ORD-001995-1,SUP-0026,2026-06-30,2026-07-02,DELIVERED
SHP-001995-2,ORD-001995-2,SUP-0026,2026-07-19,2026-07-19,DELIVERED
SHP-001995-3,ORD-001995-3,SUP-0026,2026-06-23,2026-06-25,DELIVERED
SHP-001995-4,ORD-001995-4,SUP-0026,2026-07-02,2026-07-02,DELIVERED
SHP-001996-1,ORD-001996-1,SUP-0003,2026-09-02,2026-09-03,IN_TRANSIT
SHP-001996-2,ORD-001996-2,SUP-0003,2026-09-15,2026-09-15,IN_TRANSIT
SHP-001996-3,ORD-001996-3,SUP-0003,2026-09-05,2026-09-05,IN_TRANSIT
SHP-001997-1,ORD-001997-1,SUP-0016,2026-08-18,2026-08-18,DELIVERED
SHP-001997-2,ORD-001997-2,SUP-0016,2026-09-09,2026-09-11,IN_TRANSIT
SHP-001998-1,ORD-001998-1,SUP-0018,2026-07-24,2026-07-24,DELIVERED
SHP-001998-2,ORD-001998-2,SUP-0018,2026-08-10,2026-08-10,DELIVERED
SHP-001999-1,ORD-001999-1,SUP-0068,2026-08-02,2026-08-04,DELIVERED
SHP-001999-2,ORD-001999-2,SUP-0068,2026-07-30,2026-07-30,DELIVERED
SHP-001999-3,ORD-001999-3,SUP-0068,2026-07-13,2026-07-15,DELIVERED
SHP-001999-4,ORD-001999-4,SUP-0068,2026-07-31,2026-07-31,DELIVERED
SHP-002000-1,ORD-002000-1,SUP-0098,2026-05-11,2026-05-11,DELIVERED
SHP-002000-2,ORD-002000-2,SUP-0098,2026-05-25,2026-05-27,DELIVERED
SHP-002000-3,ORD-002000-3,SUP-0098,2026-05-19,2026-05-21,DELIVERED
SHP-002001-1,ORD-002001-1,SUP-0006,2026-02-07,2026-02-09,DELIVERED
SHP-002001-2,ORD-002001-2,SUP-0006,2026-02-18,2026-02-18,DELIVERED
SHP-002001-3,ORD-002001-3,SUP-0006,2026-02-07,2026-02-07,DELIVERED
SHP-002001-4,ORD-002001-4,SUP-0006,2026-02-22,2026-02-22,DELIVERED
SHP-002002-1,ORD-002002-1,SUP-0066,2026-06-24,2026-06-25,DELIVERED
SHP-002002-2,ORD-002002-2,SUP-0066,2026-07-11,2026-07-13,DELIVERED
SHP-002002-3,ORD-002002-3,SUP-0066,2026-07-13,2026-07-15,DELIVERED
SHP-002003-1,ORD-002003-1,SUP-0010,2026-06-02,2026-06-03,DELIVERED
SHP-002003-2,ORD-002003-2,SUP-0010,2026-06-01,2026-06-01,DELIVERED
SHP-002004-1,ORD-002004-1,SUP-0074,2026-04-24,2026-04-26,DELIVERED
SHP-002004-2,ORD-002004-2,SUP-0074,2026-04-30,2026-05-02,DELIVERED
SHP-002005-1,ORD-002005-1,SUP-0005,2026-05-28,2026-05-30,DELIVERED
SHP-002005-2,ORD-002005-2,SUP-0005,2026-06-12,2026-06-12,DELIVERED
SHP-002005-3,ORD-002005-3,SUP-0005,2026-05-26,2026-05-28,DELIVERED
SHP-002006-1,ORD-002006-1,SUP-0044,2026-07-07,2026-07-07,DELIVERED
SHP-002006-2,ORD-002006-2,SUP-0044,2026-07-08,2026-07-09,DELIVERED
SHP-002007-1,ORD-002007-1,SUP-0034,2026-05-03,2026-05-03,DELIVERED
SHP-002007-2,ORD-002007-2,SUP-0034,2026-04-28,2026-04-28,DELIVERED
SHP-002008-1,ORD-002008-1,SUP-0089,2026-04-03,2026-04-05,DELIVERED
SHP-002009-1,ORD-002009-1,SUP-0031,2026-04-27,2026-04-29,DELIVERED
SHP-002009-2,ORD-002009-2,SUP-0031,2026-04-29,2026-04-30,DELIVERED
SHP-002009-3,ORD-002009-3,SUP-0031,2026-04-15,2026-04-17,DELIVERED
SHP-002010-1,ORD-002010-1,SUP-0106,2026-08-07,2026-08-07,DELIVERED
SHP-002011-1,ORD-002011-1,SUP-0011,2026-02-09,2026-02-11,DELIVERED
SHP-002011-2,ORD-002011-2,SUP-0011,2026-02-18,2026-02-20,DELIVERED
SHP-002011-3,ORD-002011-3,SUP-0011,2026-02-07,2026-02-08,DELIVERED
SHP-002011-4,ORD-002011-4,SUP-0011,2026-02-01,2026-02-01,DELIVERED
SHP-002012-1,ORD-002012-1,SUP-0048,2026-08-05,2026-08-05,DELIVERED
SHP-002013-1,ORD-002013-1,SUP-0006,2026-05-19,2026-05-20,DELIVERED
SHP-002013-2,ORD-002013-2,SUP-0006,2026-04-25,2026-04-25,DELIVERED
SHP-002014-1,ORD-002014-1,SUP-0117,2026-07-22,2026-07-24,DELIVERED
SHP-002014-2,ORD-002014-2,SUP-0117,2026-07-15,2026-07-15,DELIVERED
SHP-002014-3,ORD-002014-3,SUP-0117,2026-07-18,2026-07-19,DELIVERED
SHP-002014-4,ORD-002014-4,SUP-0117,2026-07-07,2026-07-07,DELIVERED
SHP-002015-1,ORD-002015-1,SUP-0070,2026-04-11,2026-04-11,DELIVERED
SHP-002015-2,ORD-002015-2,SUP-0070,2026-04-24,2026-04-25,DELIVERED
SHP-002016-1,ORD-002016-1,SUP-0040,2026-09-11,2026-09-12,IN_TRANSIT
SHP-002016-2,ORD-002016-2,SUP-0040,2026-09-07,2026-09-07,IN_TRANSIT
SHP-002017-1,ORD-002017-1,SUP-0067,2026-07-23,2026-07-23,DELIVERED
SHP-002017-2,ORD-002017-2,SUP-0067,2026-07-19,2026-07-19,DELIVERED
SHP-002017-3,ORD-002017-3,SUP-0067,2026-07-24,2026-07-24,DELIVERED
SHP-002017-4,ORD-002017-4,SUP-0067,2026-07-12,2026-07-12,DELIVERED
SHP-002018-1,ORD-002018-1,SUP-0043,2026-05-04,2026-05-05,DELIVERED
SHP-002018-2,ORD-002018-2,SUP-0043,2026-05-18,2026-05-19,DELIVERED
SHP-002019-1,ORD-002019-1,SUP-0035,2026-05-15,2026-05-15,DELIVERED
SHP-002020-1,ORD-002020-1,SUP-0032,2026-04-02,2026-04-02,DELIVERED
SHP-002020-2,ORD-002020-2,SUP-0032,2026-03-28,2026-03-28,DELIVERED
SHP-002021-1,ORD-002021-1,SUP-0050,2026-03-25,2026-03-25,DELIVERED
SHP-002021-2,ORD-002021-2,SUP-0050,2026-03-11,2026-03-13,DELIVERED
SHP-002021-3,ORD-002021-3,SUP-0050,2026-03-28,2026-03-29,DELIVERED
SHP-002022-1,ORD-002022-1,SUP-0084,2026-08-26,2026-08-26,DELIVERED
SHP-002022-2,ORD-002022-2,SUP-0084,2026-08-28,2026-08-29,DELIVERED
SHP-002022-3,ORD-002022-3,SUP-0084,2026-09-06,2026-09-06,IN_TRANSIT
SHP-002022-4,ORD-002022-4,SUP-0084,2026-08-29,2026-08-29,DELIVERED
SHP-002023-1,ORD-002023-1,SUP-0022,2026-01-31,2026-01-31,DELIVERED
SHP-002023-2,ORD-002023-2,SUP-0022,2026-01-28,2026-01-28,DELIVERED
SHP-002023-3,ORD-002023-3,SUP-0022,2026-01-26,2026-01-27,DELIVERED
SHP-002024-1,ORD-002024-1,SUP-0092,2026-08-24,2026-08-26,DELIVERED
SHP-002024-2,ORD-002024-2,SUP-0092,2026-09-04,2026-09-05,IN_TRANSIT
SHP-002025-1,ORD-002025-1,SUP-0048,2026-03-23,2026-03-23,DELIVERED
SHP-002026-1,ORD-002026-1,SUP-0107,2026-07-29,2026-07-31,DELIVERED
SHP-002026-2,ORD-002026-2,SUP-0107,2026-07-14,2026-07-14,DELIVERED
SHP-002026-3,ORD-002026-3,SUP-0107,2026-07-28,2026-07-28,DELIVERED
SHP-002026-4,ORD-002026-4,SUP-0107,2026-07-17,2026-07-17,DELIVERED
SHP-002027-1,ORD-002027-1,SUP-0047,2026-03-01,2026-03-01,DELIVERED
SHP-002027-2,ORD-002027-2,SUP-0047,2026-02-22,2026-02-23,DELIVERED
SHP-002027-3,ORD-002027-3,SUP-0047,2026-02-28,2026-03-02,DELIVERED
SHP-002028-1,ORD-002028-1,SUP-0055,2026-02-22,2026-02-22,DELIVERED
SHP-002028-2,ORD-002028-2,SUP-0055,2026-03-10,2026-03-10,DELIVERED
SHP-002028-3,ORD-002028-3,SUP-0055,2026-02-19,2026-02-19,DELIVERED
SHP-002029-1,ORD-002029-1,SUP-0002,2026-09-10,2026-09-10,IN_TRANSIT
SHP-002030-1,ORD-002030-1,SUP-0106,2026-02-14,2026-02-14,DELIVERED
SHP-002030-2,ORD-002030-2,SUP-0106,2026-02-23,2026-02-23,DELIVERED
SHP-002031-1,ORD-002031-1,SUP-0103,2026-03-07,2026-03-07,DELIVERED
SHP-002031-2,ORD-002031-2,SUP-0103,2026-03-11,2026-03-11,DELIVERED
SHP-002031-3,ORD-002031-3,SUP-0103,2026-03-06,2026-03-06,DELIVERED
SHP-002032-1,ORD-002032-1,SUP-0059,2026-04-16,2026-04-17,DELIVERED
SHP-002032-2,ORD-002032-2,SUP-0059,2026-04-25,2026-04-25,DELIVERED
SHP-002032-3,ORD-002032-3,SUP-0059,2026-04-14,2026-04-15,DELIVERED
SHP-002032-4,ORD-002032-4,SUP-0059,2026-04-23,2026-04-25,DELIVERED
SHP-002033-1,ORD-002033-1,SUP-0001,2026-05-21,2026-05-23,DELIVERED
SHP-002033-2,ORD-002033-2,SUP-0001,2026-05-20,2026-05-20,DELIVERED
SHP-002034-1,ORD-002034-1,SUP-0074,2026-08-16,2026-08-16,DELIVERED
SHP-002035-1,ORD-002035-1,SUP-0094,2026-02-22,2026-02-22,DELIVERED
SHP-002035-2,ORD-002035-2,SUP-0094,2026-02-22,2026-02-24,DELIVERED
SHP-002035-3,ORD-002035-3,SUP-0094,2026-02-08,2026-02-08,DELIVERED
SHP-002036-1,ORD-002036-1,SUP-0051,2026-05-17,2026-05-17,DELIVERED
SHP-002036-2,ORD-002036-2,SUP-0051,2026-05-07,2026-05-07,DELIVERED
SHP-002036-3,ORD-002036-3,SUP-0051,2026-05-04,2026-05-04,DELIVERED
SHP-002037-1,ORD-002037-1,SUP-0078,2026-03-07,2026-03-07,DELIVERED
SHP-002037-2,ORD-002037-2,SUP-0078,2026-03-24,2026-03-24,DELIVERED
SHP-002038-1,ORD-002038-1,SUP-0025,2026-07-14,2026-07-15,DELIVERED
SHP-002038-2,ORD-002038-2,SUP-0025,2026-07-16,2026-07-17,DELIVERED
SHP-002038-3,ORD-002038-3,SUP-0025,2026-07-07,2026-07-07,DELIVERED
SHP-002039-1,ORD-002039-1,SUP-0105,2026-04-22,2026-04-24,DELIVERED
SHP-002039-2,ORD-002039-2,SUP-0105,2026-04-13,2026-04-14,DELIVERED
SHP-002040-1,ORD-002040-1,SUP-0049,2026-05-08,2026-05-08,DELIVERED
SHP-002040-2,ORD-002040-2,SUP-0049,2026-05-01,2026-05-01,DELIVERED
SHP-002040-3,ORD-002040-3,SUP-0049,2026-05-11,2026-05-11,DELIVERED
SHP-002040-4,ORD-002040-4,SUP-0049,2026-04-29,2026-04-30,DELIVERED
SHP-002041-1,ORD-002041-1,SUP-0004,2026-07-26,2026-07-26,DELIVERED
SHP-002041-2,ORD-002041-2,SUP-0004,2026-08-04,2026-08-04,DELIVERED
SHP-002041-3,ORD-002041-3,SUP-0004,2026-08-02,2026-08-02,DELIVERED
SHP-002042-1,ORD-002042-1,SUP-0074,2026-04-30,2026-04-30,DELIVERED
SHP-002042-2,ORD-002042-2,SUP-0074,2026-05-16,2026-05-16,DELIVERED
SHP-002042-3,ORD-002042-3,SUP-0074,2026-05-14,2026-05-15,DELIVERED
SHP-002042-4,ORD-002042-4,SUP-0074,2026-05-02,2026-05-04,DELIVERED
SHP-002043-1,ORD-002043-1,SUP-0111,2026-07-24,2026-07-26,DELIVERED
SHP-002043-2,ORD-002043-2,SUP-0111,2026-07-17,2026-07-17,DELIVERED
SHP-002043-3,ORD-002043-3,SUP-0111,2026-08-10,2026-08-11,DELIVERED
SHP-002043-4,ORD-002043-4,SUP-0111,2026-07-26,2026-07-26,DELIVERED
SHP-002044-1,ORD-002044-1,SUP-0119,2026-05-22,2026-05-22,DELIVERED
SHP-002045-1,ORD-002045-1,SUP-0090,2026-06-15,2026-06-17,DELIVERED
SHP-002046-1,ORD-002046-1,SUP-0117,2026-04-10,2026-04-11,DELIVERED
SHP-002046-2,ORD-002046-2,SUP-0117,2026-04-10,2026-04-10,DELIVERED
SHP-002046-3,ORD-002046-3,SUP-0117,2026-04-02,2026-04-02,DELIVERED
SHP-002046-4,ORD-002046-4,SUP-0117,2026-04-25,2026-04-26,DELIVERED
SHP-002047-1,ORD-002047-1,SUP-0103,2026-07-25,2026-07-25,DELIVERED
SHP-002047-2,ORD-002047-2,SUP-0103,2026-08-12,2026-08-14,DELIVERED
SHP-002047-3,ORD-002047-3,SUP-0103,2026-07-31,2026-08-02,DELIVERED
SHP-002048-1,ORD-002048-1,SUP-0016,2026-08-06,2026-08-07,DELIVERED
SHP-002048-2,ORD-002048-2,SUP-0016,2026-08-11,2026-08-13,DELIVERED
SHP-002048-3,ORD-002048-3,SUP-0016,2026-08-02,2026-08-02,DELIVERED
SHP-002049-1,ORD-002049-1,SUP-0069,2026-04-16,2026-04-16,DELIVERED
SHP-002050-1,ORD-002050-1,SUP-0079,2026-02-14,2026-02-15,DELIVERED
SHP-002050-2,ORD-002050-2,SUP-0079,2026-02-06,2026-02-08,DELIVERED
SHP-002050-3,ORD-002050-3,SUP-0079,2026-02-12,2026-02-12,DELIVERED
SHP-002050-4,ORD-002050-4,SUP-0079,2026-02-22,2026-02-22,DELIVERED
SHP-002051-1,ORD-002051-1,SUP-0032,2026-06-30,2026-07-01,DELIVERED
SHP-002051-2,ORD-002051-2,SUP-0032,2026-06-14,2026-06-14,DELIVERED
SHP-002051-3,ORD-002051-3,SUP-0032,2026-06-02,2026-06-02,DELIVERED
SHP-002051-4,ORD-002051-4,SUP-0032,2026-06-23,2026-06-23,DELIVERED
SHP-002052-1,ORD-002052-1,SUP-0062,2026-03-10,2026-03-10,DELIVERED
SHP-002052-2,ORD-002052-2,SUP-0062,2026-02-25,2026-02-25,DELIVERED
SHP-002052-3,ORD-002052-3,SUP-0062,2026-02-15,2026-02-15,DELIVERED
SHP-002052-4,ORD-002052-4,SUP-0062,2026-02-26,2026-02-26,DELIVERED
SHP-002053-1,ORD-002053-1,SUP-0116,2026-08-14,2026-08-15,DELIVERED
SHP-002053-2,ORD-002053-2,SUP-0116,2026-08-27,2026-08-27,DELIVERED
SHP-002053-3,ORD-002053-3,SUP-0116,2026-08-08,2026-08-08,DELIVERED
SHP-002053-4,ORD-002053-4,SUP-0116,2026-08-18,2026-08-18,DELIVERED
SHP-002054-1,ORD-002054-1,SUP-0027,2026-03-18,2026-03-20,DELIVERED
SHP-002055-1,ORD-002055-1,SUP-0019,2026-03-14,2026-03-14,DELIVERED
SHP-002056-1,ORD-002056-1,SUP-0058,2026-05-14,2026-05-15,DELIVERED
SHP-002056-2,ORD-002056-2,SUP-0058,2026-05-18,2026-05-18,DELIVERED
SHP-002057-1,ORD-002057-1,SUP-0042,2026-05-02,2026-05-02,DELIVERED
SHP-002057-2,ORD-002057-2,SUP-0042,2026-04-25,2026-04-26,DELIVERED
SHP-002058-1,ORD-002058-1,SUP-0100,2026-03-24,2026-03-24,DELIVERED
SHP-002058-2,ORD-002058-2,SUP-0100,2026-04-09,2026-04-11,DELIVERED
SHP-002058-3,ORD-002058-3,SUP-0100,2026-03-25,2026-03-27,DELIVERED
SHP-002059-1,ORD-002059-1,SUP-0032,2026-05-30,2026-05-30,DELIVERED
SHP-002059-2,ORD-002059-2,SUP-0032,2026-05-25,2026-05-26,DELIVERED
SHP-002060-1,ORD-002060-1,SUP-0005,2026-04-13,2026-04-13,DELIVERED
SHP-002061-1,ORD-002061-1,SUP-0050,2026-03-30,2026-03-30,DELIVERED
SHP-002061-2,ORD-002061-2,SUP-0050,2026-04-18,2026-04-18,DELIVERED
SHP-002061-3,ORD-002061-3,SUP-0050,2026-04-22,2026-04-22,DELIVERED
SHP-002062-1,ORD-002062-1,SUP-0073,2026-01-20,2026-01-21,DELIVERED
SHP-002062-2,ORD-002062-2,SUP-0073,2026-01-23,2026-01-24,DELIVERED
SHP-002062-3,ORD-002062-3,SUP-0073,2026-02-01,2026-02-01,DELIVERED
SHP-002062-4,ORD-002062-4,SUP-0073,2026-01-26,2026-01-28,DELIVERED
SHP-002063-1,ORD-002063-1,SUP-0100,2026-02-28,2026-02-28,DELIVERED
SHP-002063-2,ORD-002063-2,SUP-0100,2026-02-13,2026-02-13,DELIVERED
SHP-002064-1,ORD-002064-1,SUP-0063,2026-05-07,2026-05-07,DELIVERED
SHP-002065-1,ORD-002065-1,SUP-0068,2026-04-16,2026-04-16,DELIVERED
SHP-002065-2,ORD-002065-2,SUP-0068,2026-03-22,2026-03-22,DELIVERED
SHP-002066-1,ORD-002066-1,SUP-0116,2026-08-04,2026-08-05,DELIVERED
SHP-002067-1,ORD-002067-1,SUP-0071,2026-06-07,2026-06-09,DELIVERED
SHP-002067-2,ORD-002067-2,SUP-0071,2026-06-07,2026-06-09,DELIVERED
SHP-002068-1,ORD-002068-1,SUP-0075,2026-06-01,2026-06-01,DELIVERED
SHP-002068-2,ORD-002068-2,SUP-0075,2026-05-25,2026-05-25,DELIVERED
SHP-002068-3,ORD-002068-3,SUP-0075,2026-05-22,2026-05-22,DELIVERED
SHP-002069-1,ORD-002069-1,SUP-0116,2026-08-19,2026-08-19,DELIVERED
SHP-002070-1,ORD-002070-1,SUP-0080,2026-07-29,2026-07-29,DELIVERED
SHP-002070-2,ORD-002070-2,SUP-0080,2026-07-19,2026-07-21,DELIVERED
SHP-002070-3,ORD-002070-3,SUP-0080,2026-07-21,2026-07-21,DELIVERED
SHP-002070-4,ORD-002070-4,SUP-0080,2026-07-24,2026-07-24,DELIVERED
SHP-002071-1,ORD-002071-1,SUP-0089,2026-09-01,2026-09-01,DELIVERED
SHP-002071-2,ORD-002071-2,SUP-0089,2026-09-03,2026-09-03,IN_TRANSIT
SHP-002072-1,ORD-002072-1,SUP-0046,2026-08-20,2026-08-20,DELIVERED
SHP-002072-2,ORD-002072-2,SUP-0046,2026-08-22,2026-08-22,DELIVERED
SHP-002073-1,ORD-002073-1,SUP-0051,2026-08-16,2026-08-16,DELIVERED
SHP-002073-2,ORD-002073-2,SUP-0051,2026-08-24,2026-08-25,DELIVERED
SHP-002074-1,ORD-002074-1,SUP-0103,2026-08-28,2026-08-30,DELIVERED
SHP-002075-1,ORD-002075-1,SUP-0097,2026-07-14,2026-07-15,DELIVERED
SHP-002075-2,ORD-002075-2,SUP-0097,2026-06-28,2026-06-29,DELIVERED
SHP-002075-3,ORD-002075-3,SUP-0097,2026-07-09,2026-07-09,DELIVERED
SHP-002075-4,ORD-002075-4,SUP-0097,2026-07-12,2026-07-12,DELIVERED
SHP-002076-1,ORD-002076-1,SUP-0113,2026-08-29,2026-08-29,DELIVERED
SHP-002076-2,ORD-002076-2,SUP-0113,2026-08-25,2026-08-25,DELIVERED
SHP-002077-1,ORD-002077-1,SUP-0056,2026-06-24,2026-06-26,DELIVERED
SHP-002077-2,ORD-002077-2,SUP-0056,2026-06-23,2026-06-25,DELIVERED
SHP-002078-1,ORD-002078-1,SUP-0074,2026-09-04,2026-09-05,IN_TRANSIT
SHP-002078-2,ORD-002078-2,SUP-0074,2026-09-17,2026-09-17,IN_TRANSIT
SHP-002079-1,ORD-002079-1,SUP-0046,2026-08-04,2026-08-05,DELIVERED
SHP-002079-2,ORD-002079-2,SUP-0046,2026-08-23,2026-08-23,DELIVERED
SHP-002079-3,ORD-002079-3,SUP-0046,2026-08-20,2026-08-21,DELIVERED
SHP-002080-1,ORD-002080-1,SUP-0093,2026-04-13,2026-04-15,DELIVERED
SHP-002081-1,ORD-002081-1,SUP-0071,2026-06-22,2026-06-23,DELIVERED
SHP-002081-2,ORD-002081-2,SUP-0071,2026-06-14,2026-06-16,DELIVERED
SHP-002082-1,ORD-002082-1,SUP-0120,2026-08-20,2026-08-20,DELIVERED
SHP-002083-1,ORD-002083-1,SUP-0036,2026-03-13,2026-03-13,DELIVERED
SHP-002083-2,ORD-002083-2,SUP-0036,2026-03-04,2026-03-04,DELIVERED
SHP-002083-3,ORD-002083-3,SUP-0036,2026-03-20,2026-03-20,DELIVERED
SHP-002084-1,ORD-002084-1,SUP-0015,2026-02-01,2026-02-01,DELIVERED
SHP-002084-2,ORD-002084-2,SUP-0015,2026-01-20,2026-01-20,DELIVERED
SHP-002084-3,ORD-002084-3,SUP-0015,2026-01-29,2026-01-29,DELIVERED
SHP-002085-1,ORD-002085-1,SUP-0064,2026-03-14,2026-03-14,DELIVERED
SHP-002085-2,ORD-002085-2,SUP-0064,2026-03-15,2026-03-17,DELIVERED
SHP-002085-3,ORD-002085-3,SUP-0064,2026-02-16,2026-02-17,DELIVERED
SHP-002085-4,ORD-002085-4,SUP-0064,2026-02-23,2026-02-24,DELIVERED
SHP-002086-1,ORD-002086-1,SUP-0095,2026-09-09,2026-09-10,IN_TRANSIT
SHP-002087-1,ORD-002087-1,SUP-0032,2026-08-31,2026-08-31,DELIVERED
SHP-002088-1,ORD-002088-1,SUP-0069,2026-02-23,2026-02-23,DELIVERED
SHP-002088-2,ORD-002088-2,SUP-0069,2026-02-26,2026-02-26,DELIVERED
SHP-002088-3,ORD-002088-3,SUP-0069,2026-03-07,2026-03-07,DELIVERED
SHP-002088-4,ORD-002088-4,SUP-0069,2026-03-04,2026-03-04,DELIVERED
SHP-002089-1,ORD-002089-1,SUP-0065,2026-04-04,2026-04-04,DELIVERED
SHP-002090-1,ORD-002090-1,SUP-0067,2026-05-08,2026-05-08,DELIVERED
SHP-002090-2,ORD-002090-2,SUP-0067,2026-05-11,2026-05-11,DELIVERED
SHP-002090-3,ORD-002090-3,SUP-0067,2026-05-16,2026-05-16,DELIVERED
SHP-002090-4,ORD-002090-4,SUP-0067,2026-05-12,2026-05-12,DELIVERED
SHP-002091-1,ORD-002091-1,SUP-0040,2026-02-20,2026-02-21,DELIVERED
SHP-002091-2,ORD-002091-2,SUP-0040,2026-03-02,2026-03-02,DELIVERED
SHP-002091-3,ORD-002091-3,SUP-0040,2026-02-18,2026-02-18,DELIVERED
SHP-002092-1,ORD-002092-1,SUP-0047,2026-08-07,2026-08-07,DELIVERED
SHP-002092-2,ORD-002092-2,SUP-0047,2026-08-07,2026-08-08,DELIVERED
SHP-002093-1,ORD-002093-1,SUP-0097,2026-02-25,2026-02-26,DELIVERED
SHP-002093-2,ORD-002093-2,SUP-0097,2026-02-27,2026-02-27,DELIVERED
SHP-002093-3,ORD-002093-3,SUP-0097,2026-03-06,2026-03-06,DELIVERED
SHP-002093-4,ORD-002093-4,SUP-0097,2026-03-01,2026-03-01,DELIVERED
SHP-002094-1,ORD-002094-1,SUP-0069,2026-06-19,2026-06-19,DELIVERED
SHP-002095-1,ORD-002095-1,SUP-0047,2026-07-08,2026-07-08,DELIVERED
SHP-002095-2,ORD-002095-2,SUP-0047,2026-06-28,2026-06-28,DELIVERED
SHP-002095-3,ORD-002095-3,SUP-0047,2026-07-07,2026-07-07,DELIVERED
SHP-002095-4,ORD-002095-4,SUP-0047,2026-06-25,2026-06-25,DELIVERED
SHP-002096-1,ORD-002096-1,SUP-0066,2026-06-19,2026-06-19,DELIVERED
SHP-002096-2,ORD-002096-2,SUP-0066,2026-06-25,2026-06-25,DELIVERED
SHP-002096-3,ORD-002096-3,SUP-0066,2026-06-26,2026-06-28,DELIVERED
SHP-002097-1,ORD-002097-1,SUP-0041,2026-01-25,2026-01-25,DELIVERED
SHP-002097-2,ORD-002097-2,SUP-0041,2026-01-28,2026-01-29,DELIVERED
SHP-002097-3,ORD-002097-3,SUP-0041,2026-01-24,2026-01-24,DELIVERED
SHP-002098-1,ORD-002098-1,SUP-0046,2026-07-29,2026-07-31,DELIVERED
SHP-002098-2,ORD-002098-2,SUP-0046,2026-08-03,2026-08-05,DELIVERED
SHP-002098-3,ORD-002098-3,SUP-0046,2026-07-22,2026-07-22,DELIVERED
SHP-002099-1,ORD-002099-1,SUP-0095,2026-05-06,2026-05-06,DELIVERED
SHP-002099-2,ORD-002099-2,SUP-0095,2026-05-09,2026-05-10,DELIVERED
SHP-002099-3,ORD-002099-3,SUP-0095,2026-05-31,2026-05-31,DELIVERED
SHP-002100-1,ORD-002100-1,SUP-0115,2026-02-24,2026-02-24,DELIVERED
SHP-002100-2,ORD-002100-2,SUP-0115,2026-02-17,2026-02-17,DELIVERED
SHP-002100-3,ORD-002100-3,SUP-0115,2026-02-16,2026-02-17,DELIVERED
SHP-002101-1,ORD-002101-1,SUP-0008,2026-06-18,2026-06-19,DELIVERED
SHP-002102-1,ORD-002102-1,SUP-0060,2026-03-15,2026-03-15,DELIVERED
SHP-002102-2,ORD-002102-2,SUP-0060,2026-03-24,2026-03-25,DELIVERED
SHP-002102-3,ORD-002102-3,SUP-0060,2026-04-05,2026-04-07,DELIVERED
SHP-002102-4,ORD-002102-4,SUP-0060,2026-04-05,2026-04-05,DELIVERED
SHP-002103-1,ORD-002103-1,SUP-0097,2026-07-12,2026-07-14,DELIVERED
SHP-002103-2,ORD-002103-2,SUP-0097,2026-07-11,2026-07-13,DELIVERED
SHP-002104-1,ORD-002104-1,SUP-0021,2026-05-19,2026-05-21,DELIVERED
SHP-002105-1,ORD-002105-1,SUP-0055,2026-03-19,2026-03-21,DELIVERED
SHP-002105-2,ORD-002105-2,SUP-0055,2026-03-23,2026-03-25,DELIVERED
SHP-002105-3,ORD-002105-3,SUP-0055,2026-03-12,2026-03-12,DELIVERED
SHP-002106-1,ORD-002106-1,SUP-0035,2026-09-19,2026-09-20,IN_TRANSIT
SHP-002106-2,ORD-002106-2,SUP-0035,2026-09-06,2026-09-07,IN_TRANSIT
SHP-002107-1,ORD-002107-1,SUP-0018,2026-02-09,2026-02-09,DELIVERED
SHP-002107-2,ORD-002107-2,SUP-0018,2026-02-28,2026-02-28,DELIVERED
SHP-002108-1,ORD-002108-1,SUP-0082,2026-01-24,2026-01-24,DELIVERED
SHP-002109-1,ORD-002109-1,SUP-0101,2026-04-25,2026-04-26,DELIVERED
SHP-002110-1,ORD-002110-1,SUP-0101,2026-07-07,2026-07-08,DELIVERED
SHP-002110-2,ORD-002110-2,SUP-0101,2026-06-28,2026-06-28,DELIVERED
SHP-002110-3,ORD-002110-3,SUP-0101,2026-07-27,2026-07-27,DELIVERED
SHP-002111-1,ORD-002111-1,SUP-0053,2026-06-13,2026-06-13,DELIVERED
SHP-002111-2,ORD-002111-2,SUP-0053,2026-05-31,2026-06-02,DELIVERED
SHP-002111-3,ORD-002111-3,SUP-0053,2026-06-15,2026-06-15,DELIVERED
SHP-002112-1,ORD-002112-1,SUP-0005,2026-08-15,2026-08-15,DELIVERED
SHP-002112-2,ORD-002112-2,SUP-0005,2026-08-29,2026-08-29,DELIVERED
SHP-002112-3,ORD-002112-3,SUP-0005,2026-08-26,2026-08-26,DELIVERED
SHP-002113-1,ORD-002113-1,SUP-0044,2026-09-30,2026-10-01,IN_TRANSIT
SHP-002114-1,ORD-002114-1,SUP-0104,2026-05-07,2026-05-08,DELIVERED
SHP-002114-2,ORD-002114-2,SUP-0104,2026-04-25,2026-04-25,DELIVERED
SHP-002115-1,ORD-002115-1,SUP-0100,2026-06-06,2026-06-06,DELIVERED
SHP-002116-1,ORD-002116-1,SUP-0056,2026-05-05,2026-05-05,DELIVERED
SHP-002116-2,ORD-002116-2,SUP-0056,2026-05-07,2026-05-07,DELIVERED
SHP-002117-1,ORD-002117-1,SUP-0064,2026-07-06,2026-07-06,DELIVERED
SHP-002117-2,ORD-002117-2,SUP-0064,2026-06-18,2026-06-18,DELIVERED
SHP-002117-3,ORD-002117-3,SUP-0064,2026-06-23,2026-06-23,DELIVERED
SHP-002118-1,ORD-002118-1,SUP-0094,2026-07-01,2026-07-01,DELIVERED
SHP-002118-2,ORD-002118-2,SUP-0094,2026-07-06,2026-07-06,DELIVERED
SHP-002118-3,ORD-002118-3,SUP-0094,2026-07-08,2026-07-08,DELIVERED
SHP-002118-4,ORD-002118-4,SUP-0094,2026-06-21,2026-06-22,DELIVERED
SHP-002119-1,ORD-002119-1,SUP-0100,2026-04-04,2026-04-06,DELIVERED
SHP-002119-2,ORD-002119-2,SUP-0100,2026-03-16,2026-03-17,DELIVERED
SHP-002120-1,ORD-002120-1,SUP-0072,2026-02-25,2026-02-27,DELIVERED
SHP-002120-2,ORD-002120-2,SUP-0072,2026-03-03,2026-03-05,DELIVERED
SHP-002120-3,ORD-002120-3,SUP-0072,2026-03-16,2026-03-18,DELIVERED
SHP-002120-4,ORD-002120-4,SUP-0072,2026-03-12,2026-03-12,DELIVERED
SHP-002121-1,ORD-002121-1,SUP-0093,2026-05-28,2026-05-28,DELIVERED
SHP-002121-2,ORD-002121-2,SUP-0093,2026-05-21,2026-05-21,DELIVERED
SHP-002122-1,ORD-002122-1,SUP-0077,2026-05-07,2026-05-07,DELIVERED
SHP-002122-2,ORD-002122-2,SUP-0077,2026-04-26,2026-04-27,DELIVERED
SHP-002122-3,ORD-002122-3,SUP-0077,2026-04-25,2026-04-25,DELIVERED
SHP-002122-4,ORD-002122-4,SUP-0077,2026-05-12,2026-05-12,DELIVERED
SHP-002123-1,ORD-002123-1,SUP-0016,2026-04-30,2026-04-30,DELIVERED
SHP-002123-2,ORD-002123-2,SUP-0016,2026-04-28,2026-04-28,DELIVERED
SHP-002124-1,ORD-002124-1,SUP-0102,2026-05-14,2026-05-16,DELIVERED
SHP-002124-2,ORD-002124-2,SUP-0102,2026-05-10,2026-05-10,DELIVERED
SHP-002124-3,ORD-002124-3,SUP-0102,2026-06-03,2026-06-03,DELIVERED
SHP-002124-4,ORD-002124-4,SUP-0102,2026-05-21,2026-05-23,DELIVERED
SHP-002125-1,ORD-002125-1,SUP-0024,2026-08-07,2026-08-08,DELIVERED
SHP-002126-1,ORD-002126-1,SUP-0057,2026-02-09,2026-02-10,DELIVERED
SHP-002126-2,ORD-002126-2,SUP-0057,2026-02-10,2026-02-10,DELIVERED
SHP-002126-3,ORD-002126-3,SUP-0057,2026-01-31,2026-01-31,DELIVERED
SHP-002126-4,ORD-002126-4,SUP-0057,2026-02-19,2026-02-20,DELIVERED
SHP-002127-1,ORD-002127-1,SUP-0029,2026-07-18,2026-07-19,DELIVERED
SHP-002128-1,ORD-002128-1,SUP-0109,2026-02-23,2026-02-23,DELIVERED
SHP-002128-2,ORD-002128-2,SUP-0109,2026-02-24,2026-02-24,DELIVERED
SHP-002129-1,ORD-002129-1,SUP-0078,2026-06-04,2026-06-04,DELIVERED
SHP-002130-1,ORD-002130-1,SUP-0004,2026-02-22,2026-02-22,DELIVERED
SHP-002130-2,ORD-002130-2,SUP-0004,2026-02-11,2026-02-11,DELIVERED
SHP-002130-3,ORD-002130-3,SUP-0004,2026-02-20,2026-02-22,DELIVERED
SHP-002131-1,ORD-002131-1,SUP-0067,2026-04-21,2026-04-21,DELIVERED
SHP-002131-2,ORD-002131-2,SUP-0067,2026-04-07,2026-04-09,DELIVERED
SHP-002131-3,ORD-002131-3,SUP-0067,2026-04-21,2026-04-21,DELIVERED
SHP-002131-4,ORD-002131-4,SUP-0067,2026-04-16,2026-04-16,DELIVERED
SHP-002132-1,ORD-002132-1,SUP-0007,2026-06-20,2026-06-21,DELIVERED
SHP-002132-2,ORD-002132-2,SUP-0007,2026-06-03,2026-06-03,DELIVERED
SHP-002132-3,ORD-002132-3,SUP-0007,2026-05-31,2026-05-31,DELIVERED
SHP-002132-4,ORD-002132-4,SUP-0007,2026-06-12,2026-06-13,DELIVERED
SHP-002133-1,ORD-002133-1,SUP-0023,2026-05-06,2026-05-07,DELIVERED
SHP-002133-2,ORD-002133-2,SUP-0023,2026-04-26,2026-04-26,DELIVERED
SHP-002133-3,ORD-002133-3,SUP-0023,2026-04-27,2026-04-29,DELIVERED
SHP-002133-4,ORD-002133-4,SUP-0023,2026-05-13,2026-05-13,DELIVERED
SHP-002134-1,ORD-002134-1,SUP-0117,2026-03-15,2026-03-15,DELIVERED
SHP-002134-2,ORD-002134-2,SUP-0117,2026-03-08,2026-03-09,DELIVERED
SHP-002134-3,ORD-002134-3,SUP-0117,2026-03-07,2026-03-09,DELIVERED
SHP-002135-1,ORD-002135-1,SUP-0115,2026-06-10,2026-06-10,DELIVERED
SHP-002135-2,ORD-002135-2,SUP-0115,2026-06-27,2026-06-27,DELIVERED
SHP-002135-3,ORD-002135-3,SUP-0115,2026-06-23,2026-06-24,DELIVERED
SHP-002136-1,ORD-002136-1,SUP-0080,2026-07-03,2026-07-03,DELIVERED
SHP-002136-2,ORD-002136-2,SUP-0080,2026-07-11,2026-07-11,DELIVERED
SHP-002137-1,ORD-002137-1,SUP-0046,2026-09-24,2026-09-24,IN_TRANSIT
SHP-002137-2,ORD-002137-2,SUP-0046,2026-09-26,2026-09-28,IN_TRANSIT
SHP-002137-3,ORD-002137-3,SUP-0046,2026-09-07,2026-09-09,IN_TRANSIT
SHP-002137-4,ORD-002137-4,SUP-0046,2026-09-27,2026-09-27,IN_TRANSIT
SHP-002138-1,ORD-002138-1,SUP-0056,2026-08-11,2026-08-11,DELIVERED
SHP-002138-2,ORD-002138-2,SUP-0056,2026-08-06,2026-08-06,DELIVERED
SHP-002139-1,ORD-002139-1,SUP-0010,2026-08-24,2026-08-24,DELIVERED
SHP-002139-2,ORD-002139-2,SUP-0010,2026-08-22,2026-08-22,DELIVERED
SHP-002139-3,ORD-002139-3,SUP-0010,2026-08-20,2026-08-22,DELIVERED
SHP-002140-1,ORD-002140-1,SUP-0070,2026-08-26,2026-08-26,DELIVERED
SHP-002140-2,ORD-002140-2,SUP-0070,2026-09-13,2026-09-14,IN_TRANSIT
SHP-002141-1,ORD-002141-1,SUP-0044,2026-03-03,2026-03-04,DELIVERED
SHP-002141-2,ORD-002141-2,SUP-0044,2026-02-22,2026-02-22,DELIVERED
SHP-002141-3,ORD-002141-3,SUP-0044,2026-02-21,2026-02-21,DELIVERED
SHP-002141-4,ORD-002141-4,SUP-0044,2026-02-27,2026-02-27,DELIVERED
SHP-002142-1,ORD-002142-1,SUP-0007,2026-08-04,2026-08-05,DELIVERED
SHP-002142-2,ORD-002142-2,SUP-0007,2026-07-31,2026-08-01,DELIVERED
SHP-002142-3,ORD-002142-3,SUP-0007,2026-07-31,2026-08-01,DELIVERED
SHP-002143-1,ORD-002143-1,SUP-0091,2026-08-17,2026-08-18,DELIVERED
SHP-002143-2,ORD-002143-2,SUP-0091,2026-08-18,2026-08-19,DELIVERED
SHP-002143-3,ORD-002143-3,SUP-0091,2026-08-09,2026-08-10,DELIVERED
SHP-002144-1,ORD-002144-1,SUP-0065,2026-09-04,2026-09-04,IN_TRANSIT
SHP-002144-2,ORD-002144-2,SUP-0065,2026-09-14,2026-09-14,IN_TRANSIT
SHP-002144-3,ORD-002144-3,SUP-0065,2026-09-10,2026-09-12,IN_TRANSIT
SHP-002145-1,ORD-002145-1,SUP-0107,2026-02-19,2026-02-19,DELIVERED
SHP-002146-1,ORD-002146-1,SUP-0038,2026-06-05,2026-06-05,DELIVERED
SHP-002146-2,ORD-002146-2,SUP-0038,2026-05-31,2026-05-31,DELIVERED
SHP-002146-3,ORD-002146-3,SUP-0038,2026-06-08,2026-06-10,DELIVERED
SHP-002146-4,ORD-002146-4,SUP-0038,2026-06-02,2026-06-02,DELIVERED
SHP-002147-1,ORD-002147-1,SUP-0048,2026-07-11,2026-07-12,DELIVERED
SHP-002147-2,ORD-002147-2,SUP-0048,2026-06-29,2026-07-01,DELIVERED
SHP-002147-3,ORD-002147-3,SUP-0048,2026-07-15,2026-07-15,DELIVERED
SHP-002147-4,ORD-002147-4,SUP-0048,2026-07-17,2026-07-17,DELIVERED
SHP-002148-1,ORD-002148-1,SUP-0043,2026-09-21,2026-09-23,IN_TRANSIT
SHP-002148-2,ORD-002148-2,SUP-0043,2026-09-14,2026-09-16,IN_TRANSIT
SHP-002148-3,ORD-002148-3,SUP-0043,2026-09-24,2026-09-24,IN_TRANSIT
SHP-002149-1,ORD-002149-1,SUP-0039,2026-03-08,2026-03-10,DELIVERED
SHP-002150-1,ORD-002150-1,SUP-0022,2026-08-11,2026-08-11,DELIVERED
SHP-002150-2,ORD-002150-2,SUP-0022,2026-08-06,2026-08-08,DELIVERED
SHP-002150-3,ORD-002150-3,SUP-0022,2026-07-29,2026-07-29,DELIVERED
SHP-002151-1,ORD-002151-1,SUP-0032,2026-03-04,2026-03-04,DELIVERED
SHP-002151-2,ORD-002151-2,SUP-0032,2026-03-18,2026-03-18,DELIVERED
SHP-002152-1,ORD-002152-1,SUP-0033,2026-04-11,2026-04-13,DELIVERED
SHP-002152-2,ORD-002152-2,SUP-0033,2026-04-13,2026-04-13,DELIVERED
SHP-002152-3,ORD-002152-3,SUP-0033,2026-04-22,2026-04-22,DELIVERED
SHP-002153-1,ORD-002153-1,SUP-0045,2026-07-26,2026-07-26,DELIVERED
SHP-002153-2,ORD-002153-2,SUP-0045,2026-08-08,2026-08-08,DELIVERED
SHP-002153-3,ORD-002153-3,SUP-0045,2026-07-26,2026-07-28,DELIVERED
SHP-002154-1,ORD-002154-1,SUP-0056,2026-07-19,2026-07-21,DELIVERED
SHP-002154-2,ORD-002154-2,SUP-0056,2026-06-28,2026-06-28,DELIVERED
SHP-002154-3,ORD-002154-3,SUP-0056,2026-07-08,2026-07-08,DELIVERED
SHP-002154-4,ORD-002154-4,SUP-0056,2026-07-14,2026-07-14,DELIVERED
SHP-002155-1,ORD-002155-1,SUP-0076,2026-05-09,2026-05-11,DELIVERED
SHP-002155-2,ORD-002155-2,SUP-0076,2026-05-10,2026-05-12,DELIVERED
SHP-002156-1,ORD-002156-1,SUP-0094,2026-03-01,2026-03-01,DELIVERED
SHP-002156-2,ORD-002156-2,SUP-0094,2026-02-10,2026-02-10,DELIVERED
SHP-002157-1,ORD-002157-1,SUP-0070,2026-02-23,2026-02-23,DELIVERED
SHP-002158-1,ORD-002158-1,SUP-0116,2026-07-22,2026-07-22,DELIVERED
SHP-002158-2,ORD-002158-2,SUP-0116,2026-07-28,2026-07-29,DELIVERED
SHP-002158-3,ORD-002158-3,SUP-0116,2026-07-23,2026-07-23,DELIVERED
SHP-002159-1,ORD-002159-1,SUP-0005,2026-04-14,2026-04-16,DELIVERED
SHP-002159-2,ORD-002159-2,SUP-0005,2026-03-30,2026-03-30,DELIVERED
SHP-002159-3,ORD-002159-3,SUP-0005,2026-04-11,2026-04-13,DELIVERED
SHP-002159-4,ORD-002159-4,SUP-0005,2026-04-20,2026-04-20,DELIVERED
SHP-002160-1,ORD-002160-1,SUP-0115,2026-02-10,2026-02-10,DELIVERED
SHP-002160-2,ORD-002160-2,SUP-0115,2026-02-03,2026-02-03,DELIVERED
SHP-002160-3,ORD-002160-3,SUP-0115,2026-02-14,2026-02-16,DELIVERED
SHP-002161-1,ORD-002161-1,SUP-0078,2026-01-18,2026-01-20,DELIVERED
SHP-002162-1,ORD-002162-1,SUP-0002,2026-05-25,2026-05-26,DELIVERED
SHP-002162-2,ORD-002162-2,SUP-0002,2026-05-31,2026-05-31,DELIVERED
SHP-002163-1,ORD-002163-1,SUP-0044,2026-05-14,2026-05-14,DELIVERED
SHP-002163-2,ORD-002163-2,SUP-0044,2026-05-08,2026-05-08,DELIVERED
SHP-002164-1,ORD-002164-1,SUP-0060,2026-03-14,2026-03-14,DELIVERED
SHP-002164-2,ORD-002164-2,SUP-0060,2026-03-12,2026-03-12,DELIVERED
SHP-002164-3,ORD-002164-3,SUP-0060,2026-03-04,2026-03-04,DELIVERED
SHP-002164-4,ORD-002164-4,SUP-0060,2026-03-03,2026-03-03,DELIVERED
SHP-002165-1,ORD-002165-1,SUP-0082,2026-06-16,2026-06-16,DELIVERED
SHP-002165-2,ORD-002165-2,SUP-0082,2026-06-15,2026-06-17,DELIVERED
SHP-002165-3,ORD-002165-3,SUP-0082,2026-06-22,2026-06-22,DELIVERED
SHP-002165-4,ORD-002165-4,SUP-0082,2026-06-27,2026-06-29,DELIVERED
SHP-002166-1,ORD-002166-1,SUP-0015,2026-05-15,2026-05-15,DELIVERED
SHP-002166-2,ORD-002166-2,SUP-0015,2026-05-23,2026-05-23,DELIVERED
SHP-002166-3,ORD-002166-3,SUP-0015,2026-05-23,2026-05-23,DELIVERED
SHP-002167-1,ORD-002167-1,SUP-0077,2026-01-28,2026-01-29,DELIVERED
SHP-002167-2,ORD-002167-2,SUP-0077,2026-01-29,2026-01-29,DELIVERED
SHP-002167-3,ORD-002167-3,SUP-0077,2026-01-30,2026-01-30,DELIVERED
SHP-002168-1,ORD-002168-1,SUP-0019,2026-07-24,2026-07-25,DELIVERED
SHP-002169-1,ORD-002169-1,SUP-0092,2026-04-19,2026-04-20,DELIVERED
SHP-002170-1,ORD-002170-1,SUP-0014,2026-06-15,2026-06-17,DELIVERED
SHP-002170-2,ORD-002170-2,SUP-0014,2026-06-17,2026-06-17,DELIVERED
SHP-002170-3,ORD-002170-3,SUP-0014,2026-06-30,2026-06-30,DELIVERED
SHP-002171-1,ORD-002171-1,SUP-0037,2026-05-04,2026-05-04,DELIVERED
SHP-002171-2,ORD-002171-2,SUP-0037,2026-04-28,2026-04-28,DELIVERED
SHP-002171-3,ORD-002171-3,SUP-0037,2026-04-27,2026-04-27,DELIVERED
SHP-002171-4,ORD-002171-4,SUP-0037,2026-05-01,2026-05-01,DELIVERED
SHP-002172-1,ORD-002172-1,SUP-0043,2026-08-03,2026-08-03,DELIVERED
SHP-002172-2,ORD-002172-2,SUP-0043,2026-08-03,2026-08-03,DELIVERED
SHP-002172-3,ORD-002172-3,SUP-0043,2026-08-15,2026-08-16,DELIVERED
SHP-002173-1,ORD-002173-1,SUP-0046,2026-09-20,2026-09-20,IN_TRANSIT
SHP-002173-2,ORD-002173-2,SUP-0046,2026-09-10,2026-09-12,IN_TRANSIT
SHP-002173-3,ORD-002173-3,SUP-0046,2026-09-12,2026-09-12,IN_TRANSIT
SHP-002173-4,ORD-002173-4,SUP-0046,2026-09-04,2026-09-04,IN_TRANSIT
SHP-002174-1,ORD-002174-1,SUP-0114,2026-04-26,2026-04-26,DELIVERED
SHP-002174-2,ORD-002174-2,SUP-0114,2026-04-11,2026-04-12,DELIVERED
SHP-002174-3,ORD-002174-3,SUP-0114,2026-04-15,2026-04-15,DELIVERED
SHP-002175-1,ORD-002175-1,SUP-0037,2026-09-23,2026-09-23,IN_TRANSIT
SHP-002176-1,ORD-002176-1,SUP-0029,2026-03-08,2026-03-08,DELIVERED
SHP-002177-1,ORD-002177-1,SUP-0040,2026-06-25,2026-06-25,DELIVERED
SHP-002178-1,ORD-002178-1,SUP-0072,2026-01-31,2026-02-02,DELIVERED
SHP-002178-2,ORD-002178-2,SUP-0072,2026-01-29,2026-01-30,DELIVERED
SHP-002178-3,ORD-002178-3,SUP-0072,2026-02-07,2026-02-09,DELIVERED
SHP-002179-1,ORD-002179-1,SUP-0020,2026-04-11,2026-04-12,DELIVERED
SHP-002179-2,ORD-002179-2,SUP-0020,2026-04-25,2026-04-25,DELIVERED
SHP-002179-3,ORD-002179-3,SUP-0020,2026-04-03,2026-04-03,DELIVERED
SHP-002179-4,ORD-002179-4,SUP-0020,2026-04-13,2026-04-13,DELIVERED
SHP-002180-1,ORD-002180-1,SUP-0043,2026-05-07,2026-05-07,DELIVERED
SHP-002180-2,ORD-002180-2,SUP-0043,2026-05-22,2026-05-22,DELIVERED
SHP-002181-1,ORD-002181-1,SUP-0063,2026-07-09,2026-07-09,DELIVERED
SHP-002181-2,ORD-002181-2,SUP-0063,2026-07-11,2026-07-11,DELIVERED
SHP-002182-1,ORD-002182-1,SUP-0113,2026-05-18,2026-05-19,DELIVERED
SHP-002182-2,ORD-002182-2,SUP-0113,2026-05-11,2026-05-12,DELIVERED
SHP-002182-3,ORD-002182-3,SUP-0113,2026-05-18,2026-05-20,DELIVERED
SHP-002183-1,ORD-002183-1,SUP-0061,2026-04-06,2026-04-07,DELIVERED
SHP-002184-1,ORD-002184-1,SUP-0080,2026-05-15,2026-05-15,DELIVERED
SHP-002184-2,ORD-002184-2,SUP-0080,2026-05-21,2026-05-21,DELIVERED
SHP-002184-3,ORD-002184-3,SUP-0080,2026-05-14,2026-05-16,DELIVERED
SHP-002185-1,ORD-002185-1,SUP-0095,2026-04-11,2026-04-13,DELIVERED
SHP-002185-2,ORD-002185-2,SUP-0095,2026-04-10,2026-04-10,DELIVERED
SHP-002186-1,ORD-002186-1,SUP-0021,2026-02-18,2026-02-18,DELIVERED
SHP-002186-2,ORD-002186-2,SUP-0021,2026-02-03,2026-02-03,DELIVERED
SHP-002186-3,ORD-002186-3,SUP-0021,2026-02-09,2026-02-09,DELIVERED
SHP-002187-1,ORD-002187-1,SUP-0087,2026-03-30,2026-03-30,DELIVERED
SHP-002188-1,ORD-002188-1,SUP-0016,2026-05-20,2026-05-20,DELIVERED
SHP-002188-2,ORD-002188-2,SUP-0016,2026-06-01,2026-06-01,DELIVERED
SHP-002189-1,ORD-002189-1,SUP-0052,2026-01-22,2026-01-22,DELIVERED
SHP-002190-1,ORD-002190-1,SUP-0038,2026-06-03,2026-06-03,DELIVERED
SHP-002190-2,ORD-002190-2,SUP-0038,2026-06-18,2026-06-18,DELIVERED
SHP-002190-3,ORD-002190-3,SUP-0038,2026-06-15,2026-06-17,DELIVERED
SHP-002190-4,ORD-002190-4,SUP-0038,2026-06-14,2026-06-14,DELIVERED
SHP-002191-1,ORD-002191-1,SUP-0069,2026-08-27,2026-08-29,DELIVERED
SHP-002192-1,ORD-002192-1,SUP-0120,2026-03-15,2026-03-15,DELIVERED
SHP-002192-2,ORD-002192-2,SUP-0120,2026-03-22,2026-03-22,DELIVERED
SHP-002193-1,ORD-002193-1,SUP-0023,2026-08-06,2026-08-07,DELIVERED
SHP-002193-2,ORD-002193-2,SUP-0023,2026-07-15,2026-07-15,DELIVERED
SHP-002194-1,ORD-002194-1,SUP-0114,2026-02-11,2026-02-13,DELIVERED
SHP-002194-2,ORD-002194-2,SUP-0114,2026-02-17,2026-02-17,DELIVERED
SHP-002194-3,ORD-002194-3,SUP-0114,2026-02-14,2026-02-16,DELIVERED
SHP-002194-4,ORD-002194-4,SUP-0114,2026-02-14,2026-02-16,DELIVERED
SHP-002195-1,ORD-002195-1,SUP-0053,2026-06-27,2026-06-27,DELIVERED
SHP-002196-1,ORD-002196-1,SUP-0097,2026-05-09,2026-05-09,DELIVERED
SHP-002196-2,ORD-002196-2,SUP-0097,2026-05-25,2026-05-25,DELIVERED
SHP-002197-1,ORD-002197-1,SUP-0037,2026-04-11,2026-04-12,DELIVERED
SHP-002197-2,ORD-002197-2,SUP-0037,2026-05-01,2026-05-01,DELIVERED
SHP-002197-3,ORD-002197-3,SUP-0037,2026-05-05,2026-05-05,DELIVERED
SHP-002198-1,ORD-002198-1,SUP-0053,2026-05-23,2026-05-23,DELIVERED
SHP-002198-2,ORD-002198-2,SUP-0053,2026-05-22,2026-05-23,DELIVERED
SHP-002198-3,ORD-002198-3,SUP-0053,2026-05-09,2026-05-09,DELIVERED
SHP-002199-1,ORD-002199-1,SUP-0120,2026-03-20,2026-03-21,DELIVERED
SHP-002200-1,ORD-002200-1,SUP-0083,2026-04-11,2026-04-13,DELIVERED
SHP-002200-2,ORD-002200-2,SUP-0083,2026-03-25,2026-03-25,DELIVERED
SHP-002201-1,ORD-002201-1,SUP-0012,2026-02-16,2026-02-16,DELIVERED
SHP-002202-1,ORD-002202-1,SUP-0010,2026-04-19,2026-04-20,DELIVERED
SHP-002203-1,ORD-002203-1,SUP-0082,2026-08-30,2026-09-01,DELIVERED
SHP-002204-1,ORD-002204-1,SUP-0046,2026-06-13,2026-06-13,DELIVERED
SHP-002204-2,ORD-002204-2,SUP-0046,2026-06-29,2026-06-29,DELIVERED
SHP-002204-3,ORD-002204-3,SUP-0046,2026-06-27,2026-06-29,DELIVERED
SHP-002204-4,ORD-002204-4,SUP-0046,2026-06-06,2026-06-06,DELIVERED
SHP-002205-1,ORD-002205-1,SUP-0106,2026-07-30,2026-07-30,DELIVERED
SHP-002205-2,ORD-002205-2,SUP-0106,2026-07-19,2026-07-19,DELIVERED
SHP-002205-3,ORD-002205-3,SUP-0106,2026-07-24,2026-07-24,DELIVERED
SHP-002205-4,ORD-002205-4,SUP-0106,2026-07-15,2026-07-15,DELIVERED
SHP-002206-1,ORD-002206-1,SUP-0010,2026-08-20,2026-08-20,DELIVERED
SHP-002206-2,ORD-002206-2,SUP-0010,2026-09-06,2026-09-08,IN_TRANSIT
SHP-002207-1,ORD-002207-1,SUP-0112,2026-05-22,2026-05-22,DELIVERED
SHP-002207-2,ORD-002207-2,SUP-0112,2026-05-18,2026-05-20,DELIVERED
SHP-002207-3,ORD-002207-3,SUP-0112,2026-05-20,2026-05-22,DELIVERED
SHP-002208-1,ORD-002208-1,SUP-0064,2026-06-05,2026-06-05,DELIVERED
SHP-002208-2,ORD-002208-2,SUP-0064,2026-05-26,2026-05-26,DELIVERED
SHP-002209-1,ORD-002209-1,SUP-0074,2026-07-05,2026-07-06,DELIVERED
SHP-002209-2,ORD-002209-2,SUP-0074,2026-07-23,2026-07-24,DELIVERED
SHP-002209-3,ORD-002209-3,SUP-0074,2026-07-29,2026-07-29,DELIVERED
SHP-002209-4,ORD-002209-4,SUP-0074,2026-07-29,2026-07-31,DELIVERED
SHP-002210-1,ORD-002210-1,SUP-0054,2026-05-01,2026-05-01,DELIVERED
SHP-002210-2,ORD-002210-2,SUP-0054,2026-04-22,2026-04-22,DELIVERED
SHP-002210-3,ORD-002210-3,SUP-0054,2026-05-04,2026-05-04,DELIVERED
SHP-002210-4,ORD-002210-4,SUP-0054,2026-05-13,2026-05-13,DELIVERED
SHP-002211-1,ORD-002211-1,SUP-0012,2026-05-03,2026-05-03,DELIVERED
SHP-002211-2,ORD-002211-2,SUP-0012,2026-05-03,2026-05-03,DELIVERED
SHP-002211-3,ORD-002211-3,SUP-0012,2026-05-03,2026-05-03,DELIVERED
SHP-002212-1,ORD-002212-1,SUP-0035,2026-04-17,2026-04-17,DELIVERED
SHP-002212-2,ORD-002212-2,SUP-0035,2026-04-21,2026-04-21,DELIVERED
SHP-002212-3,ORD-002212-3,SUP-0035,2026-05-07,2026-05-07,DELIVERED
SHP-002213-1,ORD-002213-1,SUP-0062,2026-02-28,2026-03-02,DELIVERED
SHP-002213-2,ORD-002213-2,SUP-0062,2026-02-25,2026-02-27,DELIVERED
SHP-002213-3,ORD-002213-3,SUP-0062,2026-02-28,2026-03-01,DELIVERED
SHP-002214-1,ORD-002214-1,SUP-0083,2026-09-05,2026-09-06,IN_TRANSIT
SHP-002214-2,ORD-002214-2,SUP-0083,2026-09-18,2026-09-20,IN_TRANSIT
SHP-002214-3,ORD-002214-3,SUP-0083,2026-09-24,2026-09-26,IN_TRANSIT
SHP-002215-1,ORD-002215-1,SUP-0104,2026-04-25,2026-04-25,DELIVERED
SHP-002216-1,ORD-002216-1,SUP-0084,2026-08-10,2026-08-10,DELIVERED
SHP-002216-2,ORD-002216-2,SUP-0084,2026-08-17,2026-08-17,DELIVERED
SHP-002216-3,ORD-002216-3,SUP-0084,2026-08-03,2026-08-03,DELIVERED
SHP-002216-4,ORD-002216-4,SUP-0084,2026-08-11,2026-08-12,DELIVERED
SHP-002217-1,ORD-002217-1,SUP-0069,2026-10-05,2026-10-06,IN_TRANSIT
SHP-002218-1,ORD-002218-1,SUP-0002,2026-05-15,2026-05-16,DELIVERED
SHP-002219-1,ORD-002219-1,SUP-0032,2026-09-21,2026-09-21,IN_TRANSIT
SHP-002219-2,ORD-002219-2,SUP-0032,2026-09-17,2026-09-17,IN_TRANSIT
SHP-002220-1,ORD-002220-1,SUP-0109,2026-05-01,2026-05-01,DELIVERED
SHP-002221-1,ORD-002221-1,SUP-0094,2026-02-02,2026-02-04,DELIVERED
SHP-002221-2,ORD-002221-2,SUP-0094,2026-02-13,2026-02-13,DELIVERED
SHP-002221-3,ORD-002221-3,SUP-0094,2026-02-15,2026-02-16,DELIVERED
SHP-002222-1,ORD-002222-1,SUP-0114,2026-04-09,2026-04-10,DELIVERED
SHP-002222-2,ORD-002222-2,SUP-0114,2026-03-30,2026-03-30,DELIVERED
SHP-002223-1,ORD-002223-1,SUP-0005,2026-07-08,2026-07-08,DELIVERED
SHP-002223-2,ORD-002223-2,SUP-0005,2026-07-17,2026-07-17,DELIVERED
SHP-002223-3,ORD-002223-3,SUP-0005,2026-07-17,2026-07-17,DELIVERED
SHP-002224-1,ORD-002224-1,SUP-0075,2026-03-21,2026-03-22,DELIVERED
SHP-002224-2,ORD-002224-2,SUP-0075,2026-03-11,2026-03-11,DELIVERED
SHP-002224-3,ORD-002224-3,SUP-0075,2026-03-11,2026-03-11,DELIVERED
SHP-002225-1,ORD-002225-1,SUP-0064,2026-06-26,2026-06-26,DELIVERED
SHP-002225-2,ORD-002225-2,SUP-0064,2026-06-25,2026-06-27,DELIVERED
SHP-002225-3,ORD-002225-3,SUP-0064,2026-06-10,2026-06-10,DELIVERED
SHP-002225-4,ORD-002225-4,SUP-0064,2026-06-22,2026-06-22,DELIVERED
SHP-002226-1,ORD-002226-1,SUP-0031,2026-08-30,2026-08-31,DELIVERED
SHP-002226-2,ORD-002226-2,SUP-0031,2026-09-02,2026-09-02,IN_TRANSIT
SHP-002227-1,ORD-002227-1,SUP-0110,2026-03-05,2026-03-05,DELIVERED
SHP-002227-2,ORD-002227-2,SUP-0110,2026-03-20,2026-03-20,DELIVERED
SHP-002227-3,ORD-002227-3,SUP-0110,2026-03-26,2026-03-26,DELIVERED
SHP-002227-4,ORD-002227-4,SUP-0110,2026-03-12,2026-03-14,DELIVERED
SHP-002228-1,ORD-002228-1,SUP-0003,2026-09-11,2026-09-11,IN_TRANSIT
SHP-002229-1,ORD-002229-1,SUP-0042,2026-05-07,2026-05-09,DELIVERED
SHP-002229-2,ORD-002229-2,SUP-0042,2026-05-11,2026-05-12,DELIVERED
SHP-002229-3,ORD-002229-3,SUP-0042,2026-05-07,2026-05-07,DELIVERED
SHP-002230-1,ORD-002230-1,SUP-0063,2026-06-10,2026-06-10,DELIVERED
SHP-002230-2,ORD-002230-2,SUP-0063,2026-06-22,2026-06-24,DELIVERED
SHP-002231-1,ORD-002231-1,SUP-0109,2026-02-20,2026-02-20,DELIVERED
SHP-002231-2,ORD-002231-2,SUP-0109,2026-02-28,2026-03-01,DELIVERED
SHP-002232-1,ORD-002232-1,SUP-0042,2026-03-07,2026-03-07,DELIVERED
SHP-002232-2,ORD-002232-2,SUP-0042,2026-03-13,2026-03-14,DELIVERED
SHP-002232-3,ORD-002232-3,SUP-0042,2026-03-10,2026-03-10,DELIVERED
SHP-002232-4,ORD-002232-4,SUP-0042,2026-03-16,2026-03-16,DELIVERED
SHP-002233-1,ORD-002233-1,SUP-0054,2026-05-24,2026-05-25,DELIVERED
SHP-002233-2,ORD-002233-2,SUP-0054,2026-05-30,2026-05-30,DELIVERED
SHP-002233-3,ORD-002233-3,SUP-0054,2026-05-18,2026-05-19,DELIVERED
SHP-002234-1,ORD-002234-1,SUP-0096,2026-01-22,2026-01-22,DELIVERED
SHP-002234-2,ORD-002234-2,SUP-0096,2026-01-19,2026-01-21,DELIVERED
SHP-002234-3,ORD-002234-3,SUP-0096,2026-02-06,2026-02-06,DELIVERED
SHP-002235-1,ORD-002235-1,SUP-0058,2026-06-21,2026-06-23,DELIVERED
SHP-002235-2,ORD-002235-2,SUP-0058,2026-06-12,2026-06-14,DELIVERED
SHP-002235-3,ORD-002235-3,SUP-0058,2026-06-03,2026-06-03,DELIVERED
SHP-002236-1,ORD-002236-1,SUP-0032,2026-08-25,2026-08-25,DELIVERED
SHP-002237-1,ORD-002237-1,SUP-0068,2026-04-11,2026-04-13,DELIVERED
SHP-002238-1,ORD-002238-1,SUP-0118,2026-02-27,2026-02-27,DELIVERED
SHP-002238-2,ORD-002238-2,SUP-0118,2026-02-20,2026-02-21,DELIVERED
SHP-002239-1,ORD-002239-1,SUP-0101,2026-05-22,2026-05-22,DELIVERED
SHP-002239-2,ORD-002239-2,SUP-0101,2026-05-14,2026-05-14,DELIVERED
SHP-002239-3,ORD-002239-3,SUP-0101,2026-06-03,2026-06-03,DELIVERED
SHP-002240-1,ORD-002240-1,SUP-0026,2026-08-12,2026-08-12,DELIVERED
SHP-002241-1,ORD-002241-1,SUP-0074,2026-05-06,2026-05-06,DELIVERED
SHP-002241-2,ORD-002241-2,SUP-0074,2026-04-25,2026-04-27,DELIVERED
SHP-002242-1,ORD-002242-1,SUP-0041,2026-07-20,2026-07-21,DELIVERED
SHP-002243-1,ORD-002243-1,SUP-0018,2026-01-25,2026-01-27,DELIVERED
SHP-002244-1,ORD-002244-1,SUP-0062,2026-03-18,2026-03-18,DELIVERED
SHP-002244-2,ORD-002244-2,SUP-0062,2026-02-25,2026-02-25,DELIVERED
SHP-002244-3,ORD-002244-3,SUP-0062,2026-03-11,2026-03-13,DELIVERED
SHP-002245-1,ORD-002245-1,SUP-0042,2026-09-18,2026-09-20,IN_TRANSIT
SHP-002246-1,ORD-002246-1,SUP-0027,2026-05-22,2026-05-24,DELIVERED
SHP-002246-2,ORD-002246-2,SUP-0027,2026-06-04,2026-06-06,DELIVERED
SHP-002246-3,ORD-002246-3,SUP-0027,2026-05-22,2026-05-22,DELIVERED
SHP-002247-1,ORD-002247-1,SUP-0080,2026-08-06,2026-08-06,DELIVERED
SHP-002247-2,ORD-002247-2,SUP-0080,2026-08-10,2026-08-10,DELIVERED
SHP-002247-3,ORD-002247-3,SUP-0080,2026-07-29,2026-07-29,DELIVERED
SHP-002248-1,ORD-002248-1,SUP-0039,2026-09-05,2026-09-06,IN_TRANSIT
SHP-002248-2,ORD-002248-2,SUP-0039,2026-09-07,2026-09-08,IN_TRANSIT
SHP-002248-3,ORD-002248-3,SUP-0039,2026-08-30,2026-08-30,DELIVERED
SHP-002248-4,ORD-002248-4,SUP-0039,2026-09-18,2026-09-20,IN_TRANSIT
SHP-002249-1,ORD-002249-1,SUP-0087,2026-05-20,2026-05-20,DELIVERED
SHP-002250-1,ORD-002250-1,SUP-0086,2026-05-10,2026-05-10,DELIVERED
SHP-002250-2,ORD-002250-2,SUP-0086,2026-05-14,2026-05-14,DELIVERED
SHP-002250-3,ORD-002250-3,SUP-0086,2026-05-25,2026-05-25,DELIVERED
SHP-002250-4,ORD-002250-4,SUP-0086,2026-05-24,2026-05-24,DELIVERED
SHP-002251-1,ORD-002251-1,SUP-0062,2026-09-12,2026-09-12,IN_TRANSIT
SHP-002251-2,ORD-002251-2,SUP-0062,2026-09-03,2026-09-05,IN_TRANSIT
SHP-002251-3,ORD-002251-3,SUP-0062,2026-09-06,2026-09-06,IN_TRANSIT
SHP-002252-1,ORD-002252-1,SUP-0055,2026-06-17,2026-06-17,DELIVERED
SHP-002252-2,ORD-002252-2,SUP-0055,2026-05-28,2026-05-29,DELIVERED
SHP-002252-3,ORD-002252-3,SUP-0055,2026-06-14,2026-06-14,DELIVERED
SHP-002253-1,ORD-002253-1,SUP-0054,2026-04-29,2026-04-30,DELIVERED
SHP-002253-2,ORD-002253-2,SUP-0054,2026-04-24,2026-04-26,DELIVERED
SHP-002253-3,ORD-002253-3,SUP-0054,2026-04-27,2026-04-27,DELIVERED
SHP-002254-1,ORD-002254-1,SUP-0034,2026-09-27,2026-09-27,IN_TRANSIT
SHP-002254-2,ORD-002254-2,SUP-0034,2026-09-22,2026-09-23,IN_TRANSIT
SHP-002254-3,ORD-002254-3,SUP-0034,2026-09-22,2026-09-24,IN_TRANSIT
SHP-002255-1,ORD-002255-1,SUP-0039,2026-06-19,2026-06-19,DELIVERED
SHP-002255-2,ORD-002255-2,SUP-0039,2026-06-18,2026-06-18,DELIVERED
SHP-002255-3,ORD-002255-3,SUP-0039,2026-06-25,2026-06-25,DELIVERED
SHP-002255-4,ORD-002255-4,SUP-0039,2026-06-28,2026-06-28,DELIVERED
SHP-002256-1,ORD-002256-1,SUP-0055,2026-03-08,2026-03-08,DELIVERED
SHP-002256-2,ORD-002256-2,SUP-0055,2026-02-18,2026-02-18,DELIVERED
SHP-002257-1,ORD-002257-1,SUP-0097,2026-06-21,2026-06-21,DELIVERED
SHP-002257-2,ORD-002257-2,SUP-0097,2026-06-19,2026-06-19,DELIVERED
SHP-002258-1,ORD-002258-1,SUP-0023,2026-02-02,2026-02-03,DELIVERED
SHP-002258-2,ORD-002258-2,SUP-0023,2026-01-21,2026-01-23,DELIVERED
SHP-002258-3,ORD-002258-3,SUP-0023,2026-01-19,2026-01-19,DELIVERED
SHP-002258-4,ORD-002258-4,SUP-0023,2026-02-03,2026-02-03,DELIVERED
SHP-002259-1,ORD-002259-1,SUP-0061,2026-01-29,2026-01-30,DELIVERED
SHP-002259-2,ORD-002259-2,SUP-0061,2026-02-05,2026-02-05,DELIVERED
SHP-002259-3,ORD-002259-3,SUP-0061,2026-01-20,2026-01-22,DELIVERED
SHP-002260-1,ORD-002260-1,SUP-0066,2026-02-11,2026-02-12,DELIVERED
SHP-002260-2,ORD-002260-2,SUP-0066,2026-01-23,2026-01-23,DELIVERED
SHP-002260-3,ORD-002260-3,SUP-0066,2026-01-24,2026-01-24,DELIVERED
SHP-002260-4,ORD-002260-4,SUP-0066,2026-02-03,2026-02-05,DELIVERED
SHP-002261-1,ORD-002261-1,SUP-0004,2026-07-08,2026-07-08,DELIVERED
SHP-002261-2,ORD-002261-2,SUP-0004,2026-07-03,2026-07-04,DELIVERED
SHP-002261-3,ORD-002261-3,SUP-0004,2026-06-25,2026-06-25,DELIVERED
SHP-002261-4,ORD-002261-4,SUP-0004,2026-07-15,2026-07-15,DELIVERED
SHP-002262-1,ORD-002262-1,SUP-0086,2026-02-08,2026-02-08,DELIVERED
SHP-002262-2,ORD-002262-2,SUP-0086,2026-02-16,2026-02-16,DELIVERED
SHP-002262-3,ORD-002262-3,SUP-0086,2026-02-11,2026-02-11,DELIVERED
SHP-002263-1,ORD-002263-1,SUP-0054,2026-08-23,2026-08-25,DELIVERED
SHP-002264-1,ORD-002264-1,SUP-0059,2026-05-28,2026-05-28,DELIVERED
SHP-002264-2,ORD-002264-2,SUP-0059,2026-05-23,2026-05-23,DELIVERED
SHP-002264-3,ORD-002264-3,SUP-0059,2026-05-29,2026-05-29,DELIVERED
SHP-002264-4,ORD-002264-4,SUP-0059,2026-05-07,2026-05-07,DELIVERED
SHP-002265-1,ORD-002265-1,SUP-0076,2026-05-17,2026-05-17,DELIVERED
SHP-002266-1,ORD-002266-1,SUP-0057,2026-08-30,2026-08-30,DELIVERED
SHP-002266-2,ORD-002266-2,SUP-0057,2026-09-10,2026-09-10,IN_TRANSIT
SHP-002267-1,ORD-002267-1,SUP-0114,2026-06-18,2026-06-19,DELIVERED
SHP-002267-2,ORD-002267-2,SUP-0114,2026-06-30,2026-06-30,DELIVERED
SHP-002267-3,ORD-002267-3,SUP-0114,2026-06-29,2026-06-29,DELIVERED
SHP-002268-1,ORD-002268-1,SUP-0003,2026-08-09,2026-08-10,DELIVERED
SHP-002268-2,ORD-002268-2,SUP-0003,2026-07-22,2026-07-24,DELIVERED
SHP-002268-3,ORD-002268-3,SUP-0003,2026-07-24,2026-07-25,DELIVERED
SHP-002269-1,ORD-002269-1,SUP-0104,2026-09-16,2026-09-17,IN_TRANSIT
SHP-002270-1,ORD-002270-1,SUP-0014,2026-07-10,2026-07-10,DELIVERED
SHP-002270-2,ORD-002270-2,SUP-0014,2026-07-15,2026-07-15,DELIVERED
SHP-002270-3,ORD-002270-3,SUP-0014,2026-07-11,2026-07-11,DELIVERED
SHP-002270-4,ORD-002270-4,SUP-0014,2026-07-22,2026-07-23,DELIVERED
SHP-002271-1,ORD-002271-1,SUP-0029,2026-03-09,2026-03-09,DELIVERED
SHP-002271-2,ORD-002271-2,SUP-0029,2026-03-11,2026-03-11,DELIVERED
SHP-002271-3,ORD-002271-3,SUP-0029,2026-03-17,2026-03-17,DELIVERED
SHP-002271-4,ORD-002271-4,SUP-0029,2026-03-10,2026-03-10,DELIVERED
SHP-002272-1,ORD-002272-1,SUP-0108,2026-06-26,2026-06-26,DELIVERED
SHP-002273-1,ORD-002273-1,SUP-0077,2026-02-20,2026-02-22,DELIVERED
SHP-002273-2,ORD-002273-2,SUP-0077,2026-02-14,2026-02-16,DELIVERED
SHP-002273-3,ORD-002273-3,SUP-0077,2026-02-07,2026-02-07,DELIVERED
SHP-002274-1,ORD-002274-1,SUP-0109,2026-04-24,2026-04-24,DELIVERED
SHP-002274-2,ORD-002274-2,SUP-0109,2026-04-23,2026-04-23,DELIVERED
SHP-002275-1,ORD-002275-1,SUP-0088,2026-06-13,2026-06-13,DELIVERED
SHP-002275-2,ORD-002275-2,SUP-0088,2026-06-07,2026-06-07,DELIVERED
SHP-002275-3,ORD-002275-3,SUP-0088,2026-06-16,2026-06-16,DELIVERED
SHP-002276-1,ORD-002276-1,SUP-0067,2026-04-02,2026-04-04,DELIVERED
SHP-002276-2,ORD-002276-2,SUP-0067,2026-04-05,2026-04-05,DELIVERED
SHP-002276-3,ORD-002276-3,SUP-0067,2026-04-02,2026-04-04,DELIVERED
SHP-002277-1,ORD-002277-1,SUP-0041,2026-05-27,2026-05-27,DELIVERED
SHP-002277-2,ORD-002277-2,SUP-0041,2026-05-28,2026-05-28,DELIVERED
SHP-002278-1,ORD-002278-1,SUP-0014,2026-09-19,2026-09-19,IN_TRANSIT
SHP-002278-2,ORD-002278-2,SUP-0014,2026-09-03,2026-09-03,IN_TRANSIT
SHP-002279-1,ORD-002279-1,SUP-0073,2026-07-05,2026-07-06,DELIVERED
SHP-002279-2,ORD-002279-2,SUP-0073,2026-07-08,2026-07-09,DELIVERED
SHP-002280-1,ORD-002280-1,SUP-0005,2026-08-31,2026-08-31,DELIVERED
SHP-002281-1,ORD-002281-1,SUP-0073,2026-06-17,2026-06-17,DELIVERED
SHP-002281-2,ORD-002281-2,SUP-0073,2026-06-12,2026-06-12,DELIVERED
SHP-002281-3,ORD-002281-3,SUP-0073,2026-06-28,2026-06-28,DELIVERED
SHP-002282-1,ORD-002282-1,SUP-0024,2026-07-30,2026-07-30,DELIVERED
SHP-002282-2,ORD-002282-2,SUP-0024,2026-08-06,2026-08-06,DELIVERED
SHP-002283-1,ORD-002283-1,SUP-0029,2026-08-25,2026-08-26,DELIVERED
SHP-002283-2,ORD-002283-2,SUP-0029,2026-08-29,2026-08-29,DELIVERED
SHP-002283-3,ORD-002283-3,SUP-0029,2026-09-02,2026-09-04,IN_TRANSIT
SHP-002283-4,ORD-002283-4,SUP-0029,2026-08-10,2026-08-10,DELIVERED
SHP-002284-1,ORD-002284-1,SUP-0068,2026-04-25,2026-04-25,DELIVERED
SHP-002285-1,ORD-002285-1,SUP-0027,2026-01-31,2026-02-01,DELIVERED
SHP-002285-2,ORD-002285-2,SUP-0027,2026-01-31,2026-01-31,DELIVERED
SHP-002285-3,ORD-002285-3,SUP-0027,2026-01-30,2026-01-30,DELIVERED
SHP-002285-4,ORD-002285-4,SUP-0027,2026-01-28,2026-01-28,DELIVERED
SHP-002286-1,ORD-002286-1,SUP-0013,2026-04-12,2026-04-14,DELIVERED
SHP-002286-2,ORD-002286-2,SUP-0013,2026-04-10,2026-04-11,DELIVERED
SHP-002287-1,ORD-002287-1,SUP-0084,2026-08-01,2026-08-02,DELIVERED
SHP-002288-1,ORD-002288-1,SUP-0061,2026-08-11,2026-08-12,DELIVERED
SHP-002289-1,ORD-002289-1,SUP-0064,2026-07-25,2026-07-25,DELIVERED
SHP-002290-1,ORD-002290-1,SUP-0009,2026-04-04,2026-04-04,DELIVERED
SHP-002290-2,ORD-002290-2,SUP-0009,2026-03-30,2026-03-30,DELIVERED
SHP-002291-1,ORD-002291-1,SUP-0089,2026-08-26,2026-08-26,DELIVERED
SHP-002291-2,ORD-002291-2,SUP-0089,2026-08-23,2026-08-23,DELIVERED
SHP-002292-1,ORD-002292-1,SUP-0111,2026-07-19,2026-07-19,DELIVERED
SHP-002292-2,ORD-002292-2,SUP-0111,2026-07-23,2026-07-24,DELIVERED
SHP-002292-3,ORD-002292-3,SUP-0111,2026-08-03,2026-08-05,DELIVERED
SHP-002292-4,ORD-002292-4,SUP-0111,2026-08-04,2026-08-04,DELIVERED
SHP-002293-1,ORD-002293-1,SUP-0062,2026-07-23,2026-07-23,DELIVERED
SHP-002293-2,ORD-002293-2,SUP-0062,2026-08-01,2026-08-03,DELIVERED
SHP-002293-3,ORD-002293-3,SUP-0062,2026-08-01,2026-08-01,DELIVERED
SHP-002293-4,ORD-002293-4,SUP-0062,2026-08-05,2026-08-05,DELIVERED
SHP-002294-1,ORD-002294-1,SUP-0120,2026-03-29,2026-03-31,DELIVERED
SHP-002294-2,ORD-002294-2,SUP-0120,2026-03-21,2026-03-21,DELIVERED
SHP-002294-3,ORD-002294-3,SUP-0120,2026-03-13,2026-03-15,DELIVERED
SHP-002294-4,ORD-002294-4,SUP-0120,2026-04-01,2026-04-03,DELIVERED
SHP-002295-1,ORD-002295-1,SUP-0114,2026-02-08,2026-02-08,DELIVERED
SHP-002296-1,ORD-002296-1,SUP-0026,2026-05-31,2026-06-01,DELIVERED
SHP-002296-2,ORD-002296-2,SUP-0026,2026-06-09,2026-06-09,DELIVERED
SHP-002297-1,ORD-002297-1,SUP-0055,2026-07-12,2026-07-12,DELIVERED
SHP-002297-2,ORD-002297-2,SUP-0055,2026-07-12,2026-07-13,DELIVERED
SHP-002298-1,ORD-002298-1,SUP-0038,2026-04-02,2026-04-02,DELIVERED
SHP-002298-2,ORD-002298-2,SUP-0038,2026-04-18,2026-04-20,DELIVERED
SHP-002299-1,ORD-002299-1,SUP-0102,2026-04-28,2026-04-28,DELIVERED
SHP-002299-2,ORD-002299-2,SUP-0102,2026-04-20,2026-04-20,DELIVERED
SHP-002299-3,ORD-002299-3,SUP-0102,2026-04-30,2026-05-02,DELIVERED
SHP-002299-4,ORD-002299-4,SUP-0102,2026-05-11,2026-05-12,DELIVERED
SHP-002300-1,ORD-002300-1,SUP-0040,2026-06-05,2026-06-05,DELIVERED
SHP-002300-2,ORD-002300-2,SUP-0040,2026-05-30,2026-05-30,DELIVERED
SHP-002300-3,ORD-002300-3,SUP-0040,2026-06-01,2026-06-01,DELIVERED
SHP-002300-4,ORD-002300-4,SUP-0040,2026-05-29,2026-05-31,DELIVERED
SHP-002301-1,ORD-002301-1,SUP-0036,2026-08-29,2026-08-30,DELIVERED
SHP-002301-2,ORD-002301-2,SUP-0036,2026-08-23,2026-08-23,DELIVERED
SHP-002301-3,ORD-002301-3,SUP-0036,2026-08-20,2026-08-22,DELIVERED
SHP-002302-1,ORD-002302-1,SUP-0055,2026-02-08,2026-02-08,DELIVERED
SHP-002303-1,ORD-002303-1,SUP-0038,2026-06-28,2026-06-30,DELIVERED
SHP-002303-2,ORD-002303-2,SUP-0038,2026-06-18,2026-06-18,DELIVERED
SHP-002303-3,ORD-002303-3,SUP-0038,2026-06-21,2026-06-22,DELIVERED
SHP-002303-4,ORD-002303-4,SUP-0038,2026-07-01,2026-07-01,DELIVERED
SHP-002304-1,ORD-002304-1,SUP-0109,2026-09-05,2026-09-07,IN_TRANSIT
SHP-002305-1,ORD-002305-1,SUP-0074,2026-05-03,2026-05-03,DELIVERED
SHP-002306-1,ORD-002306-1,SUP-0088,2026-08-02,2026-08-02,DELIVERED
SHP-002307-1,ORD-002307-1,SUP-0108,2026-05-05,2026-05-06,DELIVERED
SHP-002307-2,ORD-002307-2,SUP-0108,2026-05-18,2026-05-18,DELIVERED
SHP-002307-3,ORD-002307-3,SUP-0108,2026-05-09,2026-05-11,DELIVERED
SHP-002308-1,ORD-002308-1,SUP-0118,2026-04-13,2026-04-15,DELIVERED
SHP-002308-2,ORD-002308-2,SUP-0118,2026-03-25,2026-03-27,DELIVERED
SHP-002309-1,ORD-002309-1,SUP-0076,2026-02-25,2026-02-26,DELIVERED
SHP-002309-2,ORD-002309-2,SUP-0076,2026-03-03,2026-03-03,DELIVERED
SHP-002309-3,ORD-002309-3,SUP-0076,2026-03-12,2026-03-12,DELIVERED
SHP-002309-4,ORD-002309-4,SUP-0076,2026-02-16,2026-02-16,DELIVERED
SHP-002310-1,ORD-002310-1,SUP-0114,2026-03-18,2026-03-20,DELIVERED
SHP-002310-2,ORD-002310-2,SUP-0114,2026-04-02,2026-04-02,DELIVERED
SHP-002310-3,ORD-002310-3,SUP-0114,2026-03-19,2026-03-19,DELIVERED
SHP-002311-1,ORD-002311-1,SUP-0062,2026-04-16,2026-04-16,DELIVERED
SHP-002311-2,ORD-002311-2,SUP-0062,2026-04-24,2026-04-24,DELIVERED
SHP-002312-1,ORD-002312-1,SUP-0106,2026-04-10,2026-04-10,DELIVERED
SHP-002312-2,ORD-002312-2,SUP-0106,2026-04-17,2026-04-19,DELIVERED
SHP-002313-1,ORD-002313-1,SUP-0110,2026-07-11,2026-07-12,DELIVERED
SHP-002313-2,ORD-002313-2,SUP-0110,2026-07-17,2026-07-17,DELIVERED
SHP-002313-3,ORD-002313-3,SUP-0110,2026-07-11,2026-07-12,DELIVERED
SHP-002314-1,ORD-002314-1,SUP-0074,2026-06-25,2026-06-25,DELIVERED
SHP-002314-2,ORD-002314-2,SUP-0074,2026-06-13,2026-06-14,DELIVERED
SHP-002314-3,ORD-002314-3,SUP-0074,2026-06-22,2026-06-22,DELIVERED
SHP-002314-4,ORD-002314-4,SUP-0074,2026-06-27,2026-06-27,DELIVERED
SHP-002315-1,ORD-002315-1,SUP-0100,2026-06-29,2026-06-30,DELIVERED
SHP-002316-1,ORD-002316-1,SUP-0094,2026-08-10,2026-08-10,DELIVERED
SHP-002316-2,ORD-002316-2,SUP-0094,2026-08-13,2026-08-15,DELIVERED
SHP-002316-3,ORD-002316-3,SUP-0094,2026-08-21,2026-08-21,DELIVERED
SHP-002317-1,ORD-002317-1,SUP-0046,2026-08-09,2026-08-09,DELIVERED
SHP-002318-1,ORD-002318-1,SUP-0015,2026-02-10,2026-02-11,DELIVERED
SHP-002318-2,ORD-002318-2,SUP-0015,2026-01-19,2026-01-19,DELIVERED
SHP-002318-3,ORD-002318-3,SUP-0015,2026-01-28,2026-01-29,DELIVERED
SHP-002318-4,ORD-002318-4,SUP-0015,2026-01-29,2026-01-29,DELIVERED
SHP-002319-1,ORD-002319-1,SUP-0034,2026-04-01,2026-04-01,DELIVERED
SHP-002319-2,ORD-002319-2,SUP-0034,2026-03-27,2026-03-29,DELIVERED
SHP-002319-3,ORD-002319-3,SUP-0034,2026-03-28,2026-03-28,DELIVERED
SHP-002319-4,ORD-002319-4,SUP-0034,2026-04-07,2026-04-09,DELIVERED
SHP-002320-1,ORD-002320-1,SUP-0045,2026-03-01,2026-03-01,DELIVERED
SHP-002320-2,ORD-002320-2,SUP-0045,2026-03-18,2026-03-18,DELIVERED
SHP-002321-1,ORD-002321-1,SUP-0035,2026-03-19,2026-03-19,DELIVERED
SHP-002321-2,ORD-002321-2,SUP-0035,2026-03-26,2026-03-26,DELIVERED
SHP-002321-3,ORD-002321-3,SUP-0035,2026-03-21,2026-03-21,DELIVERED
SHP-002321-4,ORD-002321-4,SUP-0035,2026-03-16,2026-03-18,DELIVERED
SHP-002322-1,ORD-002322-1,SUP-0050,2026-08-01,2026-08-02,DELIVERED
SHP-002322-2,ORD-002322-2,SUP-0050,2026-08-19,2026-08-19,DELIVERED
SHP-002322-3,ORD-002322-3,SUP-0050,2026-08-09,2026-08-10,DELIVERED
SHP-002323-1,ORD-002323-1,SUP-0080,2026-08-26,2026-08-27,DELIVERED
SHP-002323-2,ORD-002323-2,SUP-0080,2026-09-11,2026-09-13,IN_TRANSIT
SHP-002324-1,ORD-002324-1,SUP-0060,2026-03-26,2026-03-26,DELIVERED
SHP-002325-1,ORD-002325-1,SUP-0057,2026-05-31,2026-05-31,DELIVERED
SHP-002325-2,ORD-002325-2,SUP-0057,2026-05-15,2026-05-17,DELIVERED
SHP-002326-1,ORD-002326-1,SUP-0108,2026-03-19,2026-03-21,DELIVERED
SHP-002326-2,ORD-002326-2,SUP-0108,2026-03-12,2026-03-14,DELIVERED
SHP-002326-3,ORD-002326-3,SUP-0108,2026-03-16,2026-03-18,DELIVERED
SHP-002327-1,ORD-002327-1,SUP-0100,2026-09-03,2026-09-04,IN_TRANSIT
SHP-002327-2,ORD-002327-2,SUP-0100,2026-09-02,2026-09-02,IN_TRANSIT
SHP-002328-1,ORD-002328-1,SUP-0073,2026-06-09,2026-06-09,DELIVERED
SHP-002328-2,ORD-002328-2,SUP-0073,2026-05-18,2026-05-18,DELIVERED
SHP-002328-3,ORD-002328-3,SUP-0073,2026-05-29,2026-05-30,DELIVERED
SHP-002328-4,ORD-002328-4,SUP-0073,2026-05-17,2026-05-17,DELIVERED
SHP-002329-1,ORD-002329-1,SUP-0094,2026-04-24,2026-04-25,DELIVERED
SHP-002329-2,ORD-002329-2,SUP-0094,2026-04-28,2026-04-30,DELIVERED
SHP-002329-3,ORD-002329-3,SUP-0094,2026-04-09,2026-04-10,DELIVERED
SHP-002329-4,ORD-002329-4,SUP-0094,2026-04-18,2026-04-19,DELIVERED
SHP-002330-1,ORD-002330-1,SUP-0074,2026-09-17,2026-09-17,IN_TRANSIT
SHP-002330-2,ORD-002330-2,SUP-0074,2026-09-14,2026-09-15,IN_TRANSIT
SHP-002330-3,ORD-002330-3,SUP-0074,2026-09-04,2026-09-04,IN_TRANSIT
SHP-002330-4,ORD-002330-4,SUP-0074,2026-09-22,2026-09-22,IN_TRANSIT
SHP-002331-1,ORD-002331-1,SUP-0046,2026-08-22,2026-08-23,DELIVERED
SHP-002331-2,ORD-002331-2,SUP-0046,2026-08-08,2026-08-08,DELIVERED
SHP-002331-3,ORD-002331-3,SUP-0046,2026-08-04,2026-08-04,DELIVERED
SHP-002331-4,ORD-002331-4,SUP-0046,2026-08-14,2026-08-14,DELIVERED
SHP-002332-1,ORD-002332-1,SUP-0026,2026-04-27,2026-04-28,DELIVERED
SHP-002332-2,ORD-002332-2,SUP-0026,2026-05-11,2026-05-12,DELIVERED
SHP-002332-3,ORD-002332-3,SUP-0026,2026-04-29,2026-04-29,DELIVERED
SHP-002332-4,ORD-002332-4,SUP-0026,2026-04-27,2026-04-28,DELIVERED
SHP-002333-1,ORD-002333-1,SUP-0021,2026-07-22,2026-07-22,DELIVERED
SHP-002334-1,ORD-002334-1,SUP-0120,2026-08-20,2026-08-21,DELIVERED
SHP-002334-2,ORD-002334-2,SUP-0120,2026-08-25,2026-08-25,DELIVERED
SHP-002335-1,ORD-002335-1,SUP-0066,2026-05-09,2026-05-10,DELIVERED
SHP-002335-2,ORD-002335-2,SUP-0066,2026-05-23,2026-05-23,DELIVERED
SHP-002336-1,ORD-002336-1,SUP-0056,2026-05-05,2026-05-05,DELIVERED
SHP-002336-2,ORD-002336-2,SUP-0056,2026-05-13,2026-05-15,DELIVERED
SHP-002336-3,ORD-002336-3,SUP-0056,2026-04-29,2026-04-29,DELIVERED
SHP-002337-1,ORD-002337-1,SUP-0102,2026-08-21,2026-08-21,DELIVERED
SHP-002337-2,ORD-002337-2,SUP-0102,2026-08-21,2026-08-21,DELIVERED
SHP-002337-3,ORD-002337-3,SUP-0102,2026-08-30,2026-08-31,DELIVERED
SHP-002337-4,ORD-002337-4,SUP-0102,2026-08-23,2026-08-23,DELIVERED
SHP-002338-1,ORD-002338-1,SUP-0090,2026-06-10,2026-06-10,DELIVERED
SHP-002338-2,ORD-002338-2,SUP-0090,2026-06-02,2026-06-02,DELIVERED
SHP-002338-3,ORD-002338-3,SUP-0090,2026-05-30,2026-05-31,DELIVERED
SHP-002338-4,ORD-002338-4,SUP-0090,2026-06-04,2026-06-04,DELIVERED
SHP-002339-1,ORD-002339-1,SUP-0107,2026-03-06,2026-03-06,DELIVERED
SHP-002340-1,ORD-002340-1,SUP-0086,2026-05-30,2026-05-30,DELIVERED
SHP-002340-2,ORD-002340-2,SUP-0086,2026-05-25,2026-05-25,DELIVERED
SHP-002340-3,ORD-002340-3,SUP-0086,2026-06-04,2026-06-06,DELIVERED
SHP-002341-1,ORD-002341-1,SUP-0051,2026-09-08,2026-09-08,IN_TRANSIT
SHP-002341-2,ORD-002341-2,SUP-0051,2026-09-04,2026-09-04,IN_TRANSIT
SHP-002341-3,ORD-002341-3,SUP-0051,2026-08-28,2026-08-30,DELIVERED
SHP-002341-4,ORD-002341-4,SUP-0051,2026-08-30,2026-09-01,DELIVERED
SHP-002342-1,ORD-002342-1,SUP-0043,2026-02-07,2026-02-09,DELIVERED
SHP-002342-2,ORD-002342-2,SUP-0043,2026-02-23,2026-02-24,DELIVERED
SHP-002342-3,ORD-002342-3,SUP-0043,2026-02-06,2026-02-06,DELIVERED
SHP-002342-4,ORD-002342-4,SUP-0043,2026-02-08,2026-02-09,DELIVERED
SHP-002343-1,ORD-002343-1,SUP-0010,2026-02-22,2026-02-22,DELIVERED
SHP-002343-2,ORD-002343-2,SUP-0010,2026-02-25,2026-02-25,DELIVERED
SHP-002343-3,ORD-002343-3,SUP-0010,2026-03-10,2026-03-10,DELIVERED
SHP-002344-1,ORD-002344-1,SUP-0022,2026-02-17,2026-02-17,DELIVERED
SHP-002345-1,ORD-002345-1,SUP-0071,2026-09-02,2026-09-02,IN_TRANSIT
SHP-002346-1,ORD-002346-1,SUP-0067,2026-04-13,2026-04-13,DELIVERED
SHP-002346-2,ORD-002346-2,SUP-0067,2026-04-09,2026-04-09,DELIVERED
SHP-002346-3,ORD-002346-3,SUP-0067,2026-04-28,2026-04-28,DELIVERED
SHP-002347-1,ORD-002347-1,SUP-0089,2026-05-02,2026-05-02,DELIVERED
SHP-002347-2,ORD-002347-2,SUP-0089,2026-04-21,2026-04-21,DELIVERED
SHP-002347-3,ORD-002347-3,SUP-0089,2026-04-23,2026-04-23,DELIVERED
SHP-002348-1,ORD-002348-1,SUP-0054,2026-09-09,2026-09-09,IN_TRANSIT
SHP-002348-2,ORD-002348-2,SUP-0054,2026-09-16,2026-09-16,IN_TRANSIT
SHP-002349-1,ORD-002349-1,SUP-0073,2026-05-15,2026-05-15,DELIVERED
SHP-002349-2,ORD-002349-2,SUP-0073,2026-05-10,2026-05-10,DELIVERED
SHP-002349-3,ORD-002349-3,SUP-0073,2026-05-05,2026-05-05,DELIVERED
SHP-002349-4,ORD-002349-4,SUP-0073,2026-05-01,2026-05-02,DELIVERED
SHP-002350-1,ORD-002350-1,SUP-0088,2026-06-05,2026-06-05,DELIVERED
SHP-002350-2,ORD-002350-2,SUP-0088,2026-06-04,2026-06-06,DELIVERED
SHP-002350-3,ORD-002350-3,SUP-0088,2026-05-26,2026-05-28,DELIVERED
SHP-002350-4,ORD-002350-4,SUP-0088,2026-06-12,2026-06-12,DELIVERED
SHP-002351-1,ORD-002351-1,SUP-0051,2026-04-21,2026-04-21,DELIVERED
SHP-002351-2,ORD-002351-2,SUP-0051,2026-04-15,2026-04-15,DELIVERED
SHP-002352-1,ORD-002352-1,SUP-0115,2026-04-28,2026-04-28,DELIVERED
SHP-002352-2,ORD-002352-2,SUP-0115,2026-05-10,2026-05-11,DELIVERED
SHP-002352-3,ORD-002352-3,SUP-0115,2026-05-03,2026-05-03,DELIVERED
SHP-002352-4,ORD-002352-4,SUP-0115,2026-04-26,2026-04-28,DELIVERED
SHP-002353-1,ORD-002353-1,SUP-0029,2026-04-13,2026-04-13,DELIVERED
SHP-002353-2,ORD-002353-2,SUP-0029,2026-04-01,2026-04-01,DELIVERED
SHP-002354-1,ORD-002354-1,SUP-0056,2026-05-02,2026-05-03,DELIVERED
SHP-002354-2,ORD-002354-2,SUP-0056,2026-04-28,2026-04-30,DELIVERED
SHP-002355-1,ORD-002355-1,SUP-0031,2026-08-12,2026-08-14,DELIVERED
SHP-002355-2,ORD-002355-2,SUP-0031,2026-08-31,2026-09-01,DELIVERED
SHP-002356-1,ORD-002356-1,SUP-0107,2026-02-21,2026-02-21,DELIVERED
SHP-002357-1,ORD-002357-1,SUP-0054,2026-06-21,2026-06-21,DELIVERED
SHP-002357-2,ORD-002357-2,SUP-0054,2026-06-09,2026-06-09,DELIVERED
SHP-002358-1,ORD-002358-1,SUP-0090,2026-07-02,2026-07-03,DELIVERED
SHP-002358-2,ORD-002358-2,SUP-0090,2026-07-06,2026-07-07,DELIVERED
SHP-002359-1,ORD-002359-1,SUP-0096,2026-05-18,2026-05-18,DELIVERED
SHP-002360-1,ORD-002360-1,SUP-0071,2026-06-13,2026-06-15,DELIVERED
SHP-002360-2,ORD-002360-2,SUP-0071,2026-06-13,2026-06-13,DELIVERED
SHP-002361-1,ORD-002361-1,SUP-0083,2026-03-17,2026-03-17,DELIVERED
SHP-002361-2,ORD-002361-2,SUP-0083,2026-03-14,2026-03-14,DELIVERED
SHP-002362-1,ORD-002362-1,SUP-0047,2026-05-31,2026-05-31,DELIVERED
SHP-002362-2,ORD-002362-2,SUP-0047,2026-05-31,2026-06-02,DELIVERED
SHP-002362-3,ORD-002362-3,SUP-0047,2026-05-20,2026-05-20,DELIVERED
SHP-002362-4,ORD-002362-4,SUP-0047,2026-05-15,2026-05-15,DELIVERED
SHP-002363-1,ORD-002363-1,SUP-0092,2026-03-05,2026-03-05,DELIVERED
SHP-002363-2,ORD-002363-2,SUP-0092,2026-03-21,2026-03-21,DELIVERED
SHP-002363-3,ORD-002363-3,SUP-0092,2026-03-17,2026-03-17,DELIVERED
SHP-002363-4,ORD-002363-4,SUP-0092,2026-03-08,2026-03-10,DELIVERED
SHP-002364-1,ORD-002364-1,SUP-0044,2026-02-17,2026-02-18,DELIVERED
SHP-002364-2,ORD-002364-2,SUP-0044,2026-03-01,2026-03-02,DELIVERED
SHP-002365-1,ORD-002365-1,SUP-0096,2026-07-02,2026-07-04,DELIVERED
SHP-002365-2,ORD-002365-2,SUP-0096,2026-07-15,2026-07-15,DELIVERED
SHP-002365-3,ORD-002365-3,SUP-0096,2026-07-03,2026-07-04,DELIVERED
SHP-002365-4,ORD-002365-4,SUP-0096,2026-07-14,2026-07-14,DELIVERED
SHP-002366-1,ORD-002366-1,SUP-0012,2026-05-23,2026-05-25,DELIVERED
SHP-002366-2,ORD-002366-2,SUP-0012,2026-05-29,2026-05-31,DELIVERED
SHP-002366-3,ORD-002366-3,SUP-0012,2026-05-14,2026-05-15,DELIVERED
SHP-002366-4,ORD-002366-4,SUP-0012,2026-05-13,2026-05-13,DELIVERED
SHP-002367-1,ORD-002367-1,SUP-0071,2026-02-03,2026-02-03,DELIVERED
SHP-002367-2,ORD-002367-2,SUP-0071,2026-01-21,2026-01-21,DELIVERED
SHP-002367-3,ORD-002367-3,SUP-0071,2026-01-30,2026-01-30,DELIVERED
SHP-002368-1,ORD-002368-1,SUP-0033,2026-06-11,2026-06-11,DELIVERED
SHP-002369-1,ORD-002369-1,SUP-0092,2026-07-11,2026-07-11,DELIVERED
SHP-002369-2,ORD-002369-2,SUP-0092,2026-07-07,2026-07-08,DELIVERED
SHP-002369-3,ORD-002369-3,SUP-0092,2026-07-09,2026-07-09,DELIVERED
SHP-002369-4,ORD-002369-4,SUP-0092,2026-07-02,2026-07-02,DELIVERED
SHP-002370-1,ORD-002370-1,SUP-0076,2026-03-04,2026-03-04,DELIVERED
SHP-002370-2,ORD-002370-2,SUP-0076,2026-03-07,2026-03-07,DELIVERED
SHP-002371-1,ORD-002371-1,SUP-0087,2026-07-15,2026-07-17,DELIVERED
SHP-002371-2,ORD-002371-2,SUP-0087,2026-07-14,2026-07-14,DELIVERED
SHP-002372-1,ORD-002372-1,SUP-0002,2026-07-27,2026-07-27,DELIVERED
SHP-002373-1,ORD-002373-1,SUP-0081,2026-09-05,2026-09-06,IN_TRANSIT
SHP-002374-1,ORD-002374-1,SUP-0051,2026-06-16,2026-06-16,DELIVERED
SHP-002374-2,ORD-002374-2,SUP-0051,2026-06-27,2026-06-28,DELIVERED
SHP-002374-3,ORD-002374-3,SUP-0051,2026-06-25,2026-06-25,DELIVERED
SHP-002374-4,ORD-002374-4,SUP-0051,2026-07-04,2026-07-04,DELIVERED
SHP-002375-1,ORD-002375-1,SUP-0092,2026-09-21,2026-09-21,IN_TRANSIT
SHP-002375-2,ORD-002375-2,SUP-0092,2026-09-19,2026-09-20,IN_TRANSIT
SHP-002375-3,ORD-002375-3,SUP-0092,2026-09-02,2026-09-03,IN_TRANSIT
SHP-002375-4,ORD-002375-4,SUP-0092,2026-09-20,2026-09-20,IN_TRANSIT
SHP-002376-1,ORD-002376-1,SUP-0024,2026-02-27,2026-02-28,DELIVERED
SHP-002376-2,ORD-002376-2,SUP-0024,2026-02-13,2026-02-13,DELIVERED
SHP-002376-3,ORD-002376-3,SUP-0024,2026-02-04,2026-02-06,DELIVERED
SHP-002376-4,ORD-002376-4,SUP-0024,2026-02-14,2026-02-15,DELIVERED
SHP-002377-1,ORD-002377-1,SUP-0114,2026-03-29,2026-03-29,DELIVERED
SHP-002377-2,ORD-002377-2,SUP-0114,2026-03-16,2026-03-16,DELIVERED
SHP-002377-3,ORD-002377-3,SUP-0114,2026-03-18,2026-03-18,DELIVERED
SHP-002377-4,ORD-002377-4,SUP-0114,2026-03-14,2026-03-14,DELIVERED
SHP-002378-1,ORD-002378-1,SUP-0098,2026-09-02,2026-09-03,IN_TRANSIT
SHP-002378-2,ORD-002378-2,SUP-0098,2026-09-08,2026-09-10,IN_TRANSIT
SHP-002379-1,ORD-002379-1,SUP-0096,2026-05-23,2026-05-25,DELIVERED
SHP-002379-2,ORD-002379-2,SUP-0096,2026-05-05,2026-05-07,DELIVERED
SHP-002379-3,ORD-002379-3,SUP-0096,2026-05-28,2026-05-28,DELIVERED
SHP-002380-1,ORD-002380-1,SUP-0042,2026-07-14,2026-07-14,DELIVERED
SHP-002381-1,ORD-002381-1,SUP-0100,2026-03-10,2026-03-10,DELIVERED
SHP-002381-2,ORD-002381-2,SUP-0100,2026-03-21,2026-03-23,DELIVERED
SHP-002382-1,ORD-002382-1,SUP-0037,2026-04-27,2026-04-27,DELIVERED
SHP-002382-2,ORD-002382-2,SUP-0037,2026-05-13,2026-05-15,DELIVERED
SHP-002383-1,ORD-002383-1,SUP-0046,2026-07-31,2026-07-31,DELIVERED
SHP-002383-2,ORD-002383-2,SUP-0046,2026-08-03,2026-08-05,DELIVERED
SHP-002383-3,ORD-002383-3,SUP-0046,2026-08-01,2026-08-01,DELIVERED
SHP-002384-1,ORD-002384-1,SUP-0101,2026-08-12,2026-08-13,DELIVERED
SHP-002384-2,ORD-002384-2,SUP-0101,2026-08-11,2026-08-11,DELIVERED
SHP-002385-1,ORD-002385-1,SUP-0045,2026-04-10,2026-04-11,DELIVERED
SHP-002385-2,ORD-002385-2,SUP-0045,2026-03-30,2026-03-31,DELIVERED
SHP-002385-3,ORD-002385-3,SUP-0045,2026-04-11,2026-04-11,DELIVERED
SHP-002385-4,ORD-002385-4,SUP-0045,2026-04-05,2026-04-05,DELIVERED
SHP-002386-1,ORD-002386-1,SUP-0068,2026-10-01,2026-10-01,IN_TRANSIT
SHP-002386-2,ORD-002386-2,SUP-0068,2026-09-22,2026-09-24,IN_TRANSIT
SHP-002386-3,ORD-002386-3,SUP-0068,2026-09-21,2026-09-23,IN_TRANSIT
SHP-002386-4,ORD-002386-4,SUP-0068,2026-10-03,2026-10-04,IN_TRANSIT
SHP-002387-1,ORD-002387-1,SUP-0103,2026-03-26,2026-03-27,DELIVERED
SHP-002387-2,ORD-002387-2,SUP-0103,2026-04-02,2026-04-02,DELIVERED
SHP-002388-1,ORD-002388-1,SUP-0120,2026-03-18,2026-03-19,DELIVERED
SHP-002388-2,ORD-002388-2,SUP-0120,2026-04-08,2026-04-09,DELIVERED
SHP-002388-3,ORD-002388-3,SUP-0120,2026-03-21,2026-03-21,DELIVERED
SHP-002388-4,ORD-002388-4,SUP-0120,2026-03-19,2026-03-19,DELIVERED
SHP-002389-1,ORD-002389-1,SUP-0071,2026-04-04,2026-04-04,DELIVERED
SHP-002390-1,ORD-002390-1,SUP-0002,2026-09-18,2026-09-19,IN_TRANSIT
SHP-002390-2,ORD-002390-2,SUP-0002,2026-09-26,2026-09-26,IN_TRANSIT
SHP-002390-3,ORD-002390-3,SUP-0002,2026-09-16,2026-09-17,IN_TRANSIT
SHP-002390-4,ORD-002390-4,SUP-0002,2026-08-31,2026-09-02,IN_TRANSIT
SHP-002391-1,ORD-002391-1,SUP-0069,2026-06-21,2026-06-22,DELIVERED
SHP-002391-2,ORD-002391-2,SUP-0069,2026-06-30,2026-07-02,DELIVERED
SHP-002391-3,ORD-002391-3,SUP-0069,2026-06-27,2026-06-27,DELIVERED
SHP-002391-4,ORD-002391-4,SUP-0069,2026-06-27,2026-06-27,DELIVERED
SHP-002392-1,ORD-002392-1,SUP-0032,2026-08-17,2026-08-17,DELIVERED
SHP-002392-2,ORD-002392-2,SUP-0032,2026-08-19,2026-08-20,DELIVERED
SHP-002392-3,ORD-002392-3,SUP-0032,2026-08-19,2026-08-19,DELIVERED
SHP-002393-1,ORD-002393-1,SUP-0031,2026-07-12,2026-07-13,DELIVERED
SHP-002393-2,ORD-002393-2,SUP-0031,2026-07-14,2026-07-14,DELIVERED
SHP-002394-1,ORD-002394-1,SUP-0119,2026-04-06,2026-04-06,DELIVERED
SHP-002394-2,ORD-002394-2,SUP-0119,2026-04-21,2026-04-21,DELIVERED
SHP-002395-1,ORD-002395-1,SUP-0095,2026-05-27,2026-05-29,DELIVERED
SHP-002395-2,ORD-002395-2,SUP-0095,2026-05-10,2026-05-10,DELIVERED
SHP-002395-3,ORD-002395-3,SUP-0095,2026-05-25,2026-05-26,DELIVERED
SHP-002396-1,ORD-002396-1,SUP-0014,2026-03-09,2026-03-09,DELIVERED
SHP-002397-1,ORD-002397-1,SUP-0113,2026-09-10,2026-09-10,IN_TRANSIT
SHP-002397-2,ORD-002397-2,SUP-0113,2026-09-16,2026-09-17,IN_TRANSIT
SHP-002397-3,ORD-002397-3,SUP-0113,2026-09-04,2026-09-04,IN_TRANSIT
SHP-002398-1,ORD-002398-1,SUP-0082,2026-05-27,2026-05-27,DELIVERED
SHP-002398-2,ORD-002398-2,SUP-0082,2026-06-02,2026-06-04,DELIVERED
SHP-002398-3,ORD-002398-3,SUP-0082,2026-06-08,2026-06-09,DELIVERED
SHP-002398-4,ORD-002398-4,SUP-0082,2026-06-01,2026-06-03,DELIVERED
SHP-002399-1,ORD-002399-1,SUP-0104,2026-09-24,2026-09-24,IN_TRANSIT
SHP-002400-1,ORD-002400-1,SUP-0057,2026-07-02,2026-07-02,DELIVERED
SHP-002401-1,ORD-002401-1,SUP-0089,2026-05-03,2026-05-03,DELIVERED
SHP-002401-2,ORD-002401-2,SUP-0089,2026-05-19,2026-05-19,DELIVERED
SHP-002402-1,ORD-002402-1,SUP-0055,2026-02-18,2026-02-18,DELIVERED
SHP-002402-2,ORD-002402-2,SUP-0055,2026-03-04,2026-03-05,DELIVERED
SHP-002402-3,ORD-002402-3,SUP-0055,2026-03-10,2026-03-12,DELIVERED
SHP-002403-1,ORD-002403-1,SUP-0039,2026-05-28,2026-05-29,DELIVERED
SHP-002403-2,ORD-002403-2,SUP-0039,2026-06-01,2026-06-03,DELIVERED
SHP-002404-1,ORD-002404-1,SUP-0028,2026-01-30,2026-02-01,DELIVERED
SHP-002404-2,ORD-002404-2,SUP-0028,2026-01-24,2026-01-24,DELIVERED
SHP-002404-3,ORD-002404-3,SUP-0028,2026-02-05,2026-02-07,DELIVERED
SHP-002405-1,ORD-002405-1,SUP-0032,2026-08-18,2026-08-20,DELIVERED
SHP-002405-2,ORD-002405-2,SUP-0032,2026-08-13,2026-08-15,DELIVERED
SHP-002405-3,ORD-002405-3,SUP-0032,2026-08-05,2026-08-06,DELIVERED
SHP-002405-4,ORD-002405-4,SUP-0032,2026-07-28,2026-07-29,DELIVERED
SHP-002406-1,ORD-002406-1,SUP-0089,2026-06-09,2026-06-11,DELIVERED
SHP-002406-2,ORD-002406-2,SUP-0089,2026-06-07,2026-06-08,DELIVERED
SHP-002407-1,ORD-002407-1,SUP-0057,2026-03-21,2026-03-22,DELIVERED
SHP-002407-2,ORD-002407-2,SUP-0057,2026-03-24,2026-03-24,DELIVERED
SHP-002407-3,ORD-002407-3,SUP-0057,2026-03-15,2026-03-15,DELIVERED
SHP-002408-1,ORD-002408-1,SUP-0104,2026-04-09,2026-04-09,DELIVERED
SHP-002408-2,ORD-002408-2,SUP-0104,2026-04-21,2026-04-23,DELIVERED
SHP-002408-3,ORD-002408-3,SUP-0104,2026-04-29,2026-05-01,DELIVERED
SHP-002408-4,ORD-002408-4,SUP-0104,2026-04-18,2026-04-18,DELIVERED
SHP-002409-1,ORD-002409-1,SUP-0028,2026-06-07,2026-06-07,DELIVERED
SHP-002409-2,ORD-002409-2,SUP-0028,2026-05-14,2026-05-14,DELIVERED
SHP-002409-3,ORD-002409-3,SUP-0028,2026-05-27,2026-05-27,DELIVERED
SHP-002409-4,ORD-002409-4,SUP-0028,2026-06-02,2026-06-03,DELIVERED
SHP-002410-1,ORD-002410-1,SUP-0002,2026-05-15,2026-05-15,DELIVERED
SHP-002411-1,ORD-002411-1,SUP-0030,2026-01-21,2026-01-21,DELIVERED
SHP-002411-2,ORD-002411-2,SUP-0030,2026-02-09,2026-02-11,DELIVERED
SHP-002411-3,ORD-002411-3,SUP-0030,2026-02-10,2026-02-11,DELIVERED
SHP-002412-1,ORD-002412-1,SUP-0003,2026-09-02,2026-09-03,IN_TRANSIT
SHP-002412-2,ORD-002412-2,SUP-0003,2026-08-30,2026-08-30,DELIVERED
SHP-002412-3,ORD-002412-3,SUP-0003,2026-09-15,2026-09-15,IN_TRANSIT
SHP-002412-4,ORD-002412-4,SUP-0003,2026-08-29,2026-08-29,DELIVERED
SHP-002413-1,ORD-002413-1,SUP-0039,2026-04-12,2026-04-12,DELIVERED
SHP-002413-2,ORD-002413-2,SUP-0039,2026-04-13,2026-04-15,DELIVERED
SHP-002413-3,ORD-002413-3,SUP-0039,2026-05-03,2026-05-03,DELIVERED
SHP-002413-4,ORD-002413-4,SUP-0039,2026-05-04,2026-05-04,DELIVERED
SHP-002414-1,ORD-002414-1,SUP-0034,2026-03-31,2026-03-31,DELIVERED
SHP-002414-2,ORD-002414-2,SUP-0034,2026-03-08,2026-03-10,DELIVERED
SHP-002414-3,ORD-002414-3,SUP-0034,2026-03-10,2026-03-12,DELIVERED
SHP-002415-1,ORD-002415-1,SUP-0075,2026-03-25,2026-03-25,DELIVERED
SHP-002416-1,ORD-002416-1,SUP-0029,2026-04-02,2026-04-02,DELIVERED
SHP-002416-2,ORD-002416-2,SUP-0029,2026-03-24,2026-03-24,DELIVERED
SHP-002416-3,ORD-002416-3,SUP-0029,2026-03-24,2026-03-24,DELIVERED
SHP-002416-4,ORD-002416-4,SUP-0029,2026-03-15,2026-03-15,DELIVERED
SHP-002417-1,ORD-002417-1,SUP-0111,2026-03-16,2026-03-16,DELIVERED
SHP-002417-2,ORD-002417-2,SUP-0111,2026-04-06,2026-04-08,DELIVERED
SHP-002417-3,ORD-002417-3,SUP-0111,2026-03-20,2026-03-20,DELIVERED
SHP-002417-4,ORD-002417-4,SUP-0111,2026-04-02,2026-04-04,DELIVERED
SHP-002418-1,ORD-002418-1,SUP-0079,2026-02-11,2026-02-12,DELIVERED
SHP-002418-2,ORD-002418-2,SUP-0079,2026-02-19,2026-02-19,DELIVERED
SHP-002419-1,ORD-002419-1,SUP-0034,2026-05-05,2026-05-05,DELIVERED
SHP-002419-2,ORD-002419-2,SUP-0034,2026-05-13,2026-05-13,DELIVERED
SHP-002419-3,ORD-002419-3,SUP-0034,2026-05-25,2026-05-27,DELIVERED
SHP-002420-1,ORD-002420-1,SUP-0037,2026-04-09,2026-04-11,DELIVERED
SHP-002420-2,ORD-002420-2,SUP-0037,2026-03-21,2026-03-23,DELIVERED
SHP-002421-1,ORD-002421-1,SUP-0025,2026-05-18,2026-05-19,DELIVERED
SHP-002421-2,ORD-002421-2,SUP-0025,2026-05-22,2026-05-22,DELIVERED
SHP-002421-3,ORD-002421-3,SUP-0025,2026-05-13,2026-05-13,DELIVERED
SHP-002422-1,ORD-002422-1,SUP-0102,2026-05-12,2026-05-12,DELIVERED
SHP-002422-2,ORD-002422-2,SUP-0102,2026-05-21,2026-05-21,DELIVERED
SHP-002422-3,ORD-002422-3,SUP-0102,2026-05-03,2026-05-03,DELIVERED
SHP-002423-1,ORD-002423-1,SUP-0069,2026-09-27,2026-09-27,IN_TRANSIT
SHP-002423-2,ORD-002423-2,SUP-0069,2026-09-13,2026-09-14,IN_TRANSIT
SHP-002423-3,ORD-002423-3,SUP-0069,2026-09-22,2026-09-24,IN_TRANSIT
SHP-002424-1,ORD-002424-1,SUP-0065,2026-05-27,2026-05-27,DELIVERED
SHP-002425-1,ORD-002425-1,SUP-0051,2026-03-12,2026-03-13,DELIVERED
SHP-002425-2,ORD-002425-2,SUP-0051,2026-03-15,2026-03-15,DELIVERED
SHP-002426-1,ORD-002426-1,SUP-0020,2026-03-01,2026-03-03,DELIVERED
SHP-002426-2,ORD-002426-2,SUP-0020,2026-02-27,2026-02-28,DELIVERED
SHP-002426-3,ORD-002426-3,SUP-0020,2026-03-09,2026-03-09,DELIVERED
SHP-002426-4,ORD-002426-4,SUP-0020,2026-03-09,2026-03-11,DELIVERED
SHP-002427-1,ORD-002427-1,SUP-0025,2026-03-18,2026-03-18,DELIVERED
SHP-002427-2,ORD-002427-2,SUP-0025,2026-03-16,2026-03-17,DELIVERED
SHP-002427-3,ORD-002427-3,SUP-0025,2026-03-30,2026-04-01,DELIVERED
SHP-002427-4,ORD-002427-4,SUP-0025,2026-03-09,2026-03-09,DELIVERED
SHP-002428-1,ORD-002428-1,SUP-0051,2026-09-02,2026-09-02,IN_TRANSIT
SHP-002429-1,ORD-002429-1,SUP-0032,2026-02-11,2026-02-11,DELIVERED
SHP-002429-2,ORD-002429-2,SUP-0032,2026-02-07,2026-02-08,DELIVERED
SHP-002430-1,ORD-002430-1,SUP-0036,2026-03-06,2026-03-08,DELIVERED
SHP-002431-1,ORD-002431-1,SUP-0083,2026-03-23,2026-03-25,DELIVERED
SHP-002431-2,ORD-002431-2,SUP-0083,2026-03-06,2026-03-06,DELIVERED
SHP-002431-3,ORD-002431-3,SUP-0083,2026-03-01,2026-03-01,DELIVERED
SHP-002432-1,ORD-002432-1,SUP-0087,2026-08-07,2026-08-07,DELIVERED
SHP-002432-2,ORD-002432-2,SUP-0087,2026-08-02,2026-08-03,DELIVERED
SHP-002432-3,ORD-002432-3,SUP-0087,2026-08-13,2026-08-14,DELIVERED
SHP-002432-4,ORD-002432-4,SUP-0087,2026-08-12,2026-08-12,DELIVERED
SHP-002433-1,ORD-002433-1,SUP-0082,2026-09-03,2026-09-03,IN_TRANSIT
SHP-002434-1,ORD-002434-1,SUP-0009,2026-06-11,2026-06-11,DELIVERED
SHP-002434-2,ORD-002434-2,SUP-0009,2026-06-19,2026-06-21,DELIVERED
SHP-002434-3,ORD-002434-3,SUP-0009,2026-06-12,2026-06-14,DELIVERED
SHP-002435-1,ORD-002435-1,SUP-0051,2026-09-28,2026-09-28,IN_TRANSIT
SHP-002435-2,ORD-002435-2,SUP-0051,2026-09-18,2026-09-18,IN_TRANSIT
SHP-002435-3,ORD-002435-3,SUP-0051,2026-09-26,2026-09-27,IN_TRANSIT
SHP-002435-4,ORD-002435-4,SUP-0051,2026-09-22,2026-09-22,IN_TRANSIT
SHP-002436-1,ORD-002436-1,SUP-0025,2026-06-16,2026-06-17,DELIVERED
SHP-002437-1,ORD-002437-1,SUP-0102,2026-05-28,2026-05-29,DELIVERED
SHP-002437-2,ORD-002437-2,SUP-0102,2026-05-27,2026-05-27,DELIVERED
SHP-002437-3,ORD-002437-3,SUP-0102,2026-05-21,2026-05-21,DELIVERED
SHP-002438-1,ORD-002438-1,SUP-0023,2026-06-21,2026-06-21,DELIVERED
SHP-002438-2,ORD-002438-2,SUP-0023,2026-06-27,2026-06-27,DELIVERED
SHP-002439-1,ORD-002439-1,SUP-0071,2026-06-02,2026-06-03,DELIVERED
SHP-002439-2,ORD-002439-2,SUP-0071,2026-05-25,2026-05-26,DELIVERED
SHP-002439-3,ORD-002439-3,SUP-0071,2026-06-05,2026-06-07,DELIVERED
SHP-002440-1,ORD-002440-1,SUP-0023,2026-08-08,2026-08-08,DELIVERED
SHP-002440-2,ORD-002440-2,SUP-0023,2026-08-06,2026-08-06,DELIVERED
SHP-002440-3,ORD-002440-3,SUP-0023,2026-08-11,2026-08-11,DELIVERED
SHP-002440-4,ORD-002440-4,SUP-0023,2026-08-11,2026-08-12,DELIVERED
SHP-002441-1,ORD-002441-1,SUP-0005,2026-07-26,2026-07-28,DELIVERED
SHP-002441-2,ORD-002441-2,SUP-0005,2026-07-28,2026-07-28,DELIVERED
SHP-002442-1,ORD-002442-1,SUP-0031,2026-08-07,2026-08-07,DELIVERED
SHP-002442-2,ORD-002442-2,SUP-0031,2026-08-08,2026-08-10,DELIVERED
SHP-002442-3,ORD-002442-3,SUP-0031,2026-08-22,2026-08-22,DELIVERED
SHP-002442-4,ORD-002442-4,SUP-0031,2026-08-07,2026-08-08,DELIVERED
SHP-002443-1,ORD-002443-1,SUP-0007,2026-02-09,2026-02-09,DELIVERED
SHP-002443-2,ORD-002443-2,SUP-0007,2026-02-03,2026-02-05,DELIVERED
SHP-002444-1,ORD-002444-1,SUP-0020,2026-02-28,2026-02-28,DELIVERED
SHP-002445-1,ORD-002445-1,SUP-0041,2026-09-18,2026-09-18,IN_TRANSIT
SHP-002445-2,ORD-002445-2,SUP-0041,2026-09-19,2026-09-20,IN_TRANSIT
SHP-002445-3,ORD-002445-3,SUP-0041,2026-09-12,2026-09-13,IN_TRANSIT
SHP-002446-1,ORD-002446-1,SUP-0029,2026-06-21,2026-06-21,DELIVERED
SHP-002446-2,ORD-002446-2,SUP-0029,2026-07-05,2026-07-05,DELIVERED
SHP-002446-3,ORD-002446-3,SUP-0029,2026-06-21,2026-06-21,DELIVERED
SHP-002446-4,ORD-002446-4,SUP-0029,2026-07-09,2026-07-10,DELIVERED
SHP-002447-1,ORD-002447-1,SUP-0003,2026-04-09,2026-04-09,DELIVERED
SHP-002447-2,ORD-002447-2,SUP-0003,2026-04-04,2026-04-04,DELIVERED
SHP-002447-3,ORD-002447-3,SUP-0003,2026-04-10,2026-04-10,DELIVERED
SHP-002448-1,ORD-002448-1,SUP-0020,2026-07-21,2026-07-23,DELIVERED
SHP-002448-2,ORD-002448-2,SUP-0020,2026-08-08,2026-08-10,DELIVERED
SHP-002448-3,ORD-002448-3,SUP-0020,2026-07-15,2026-07-15,DELIVERED
SHP-002449-1,ORD-002449-1,SUP-0111,2026-02-23,2026-02-25,DELIVERED
SHP-002449-2,ORD-002449-2,SUP-0111,2026-02-17,2026-02-18,DELIVERED
SHP-002449-3,ORD-002449-3,SUP-0111,2026-02-17,2026-02-17,DELIVERED
SHP-002450-1,ORD-002450-1,SUP-0119,2026-09-15,2026-09-17,IN_TRANSIT
SHP-002451-1,ORD-002451-1,SUP-0042,2026-09-11,2026-09-11,IN_TRANSIT
SHP-002451-2,ORD-002451-2,SUP-0042,2026-09-09,2026-09-09,IN_TRANSIT
SHP-002451-3,ORD-002451-3,SUP-0042,2026-09-06,2026-09-06,IN_TRANSIT
SHP-002452-1,ORD-002452-1,SUP-0084,2026-03-02,2026-03-04,DELIVERED
SHP-002452-2,ORD-002452-2,SUP-0084,2026-02-21,2026-02-21,DELIVERED
SHP-002452-3,ORD-002452-3,SUP-0084,2026-02-27,2026-02-28,DELIVERED
SHP-002452-4,ORD-002452-4,SUP-0084,2026-02-11,2026-02-11,DELIVERED
SHP-002453-1,ORD-002453-1,SUP-0009,2026-07-21,2026-07-22,DELIVERED
SHP-002453-2,ORD-002453-2,SUP-0009,2026-07-07,2026-07-07,DELIVERED
SHP-002453-3,ORD-002453-3,SUP-0009,2026-07-11,2026-07-11,DELIVERED
SHP-002454-1,ORD-002454-1,SUP-0039,2026-08-18,2026-08-18,DELIVERED
SHP-002454-2,ORD-002454-2,SUP-0039,2026-08-25,2026-08-25,DELIVERED
SHP-002454-3,ORD-002454-3,SUP-0039,2026-08-24,2026-08-24,DELIVERED
SHP-002455-1,ORD-002455-1,SUP-0102,2026-05-15,2026-05-15,DELIVERED
SHP-002455-2,ORD-002455-2,SUP-0102,2026-05-04,2026-05-04,DELIVERED
SHP-002455-3,ORD-002455-3,SUP-0102,2026-05-06,2026-05-06,DELIVERED
SHP-002455-4,ORD-002455-4,SUP-0102,2026-05-11,2026-05-11,DELIVERED
SHP-002456-1,ORD-002456-1,SUP-0025,2026-02-12,2026-02-12,DELIVERED
SHP-002456-2,ORD-002456-2,SUP-0025,2026-02-18,2026-02-18,DELIVERED
SHP-002456-3,ORD-002456-3,SUP-0025,2026-02-28,2026-02-28,DELIVERED
SHP-002457-1,ORD-002457-1,SUP-0081,2026-08-12,2026-08-14,DELIVERED
SHP-002458-1,ORD-002458-1,SUP-0107,2026-05-19,2026-05-19,DELIVERED
SHP-002459-1,ORD-002459-1,SUP-0090,2026-07-03,2026-07-03,DELIVERED
SHP-002459-2,ORD-002459-2,SUP-0090,2026-07-13,2026-07-15,DELIVERED
SHP-002459-3,ORD-002459-3,SUP-0090,2026-07-15,2026-07-16,DELIVERED
SHP-002460-1,ORD-002460-1,SUP-0005,2026-07-23,2026-07-24,DELIVERED
SHP-002460-2,ORD-002460-2,SUP-0005,2026-07-02,2026-07-04,DELIVERED
SHP-002461-1,ORD-002461-1,SUP-0028,2026-02-08,2026-02-09,DELIVERED
SHP-002461-2,ORD-002461-2,SUP-0028,2026-01-21,2026-01-23,DELIVERED
SHP-002461-3,ORD-002461-3,SUP-0028,2026-01-13,2026-01-15,DELIVERED
SHP-002462-1,ORD-002462-1,SUP-0045,2026-10-01,2026-10-01,IN_TRANSIT
SHP-002463-1,ORD-002463-1,SUP-0050,2026-06-10,2026-06-10,DELIVERED
SHP-002463-2,ORD-002463-2,SUP-0050,2026-05-19,2026-05-20,DELIVERED
SHP-002464-1,ORD-002464-1,SUP-0023,2026-05-28,2026-05-28,DELIVERED
SHP-002465-1,ORD-002465-1,SUP-0086,2026-05-19,2026-05-19,DELIVERED
SHP-002465-2,ORD-002465-2,SUP-0086,2026-05-18,2026-05-19,DELIVERED
SHP-002466-1,ORD-002466-1,SUP-0064,2026-04-17,2026-04-18,DELIVERED
SHP-002466-2,ORD-002466-2,SUP-0064,2026-04-13,2026-04-13,DELIVERED
SHP-002466-3,ORD-002466-3,SUP-0064,2026-04-14,2026-04-14,DELIVERED
SHP-002467-1,ORD-002467-1,SUP-0026,2026-07-18,2026-07-18,DELIVERED
SHP-002467-2,ORD-002467-2,SUP-0026,2026-06-24,2026-06-25,DELIVERED
SHP-002467-3,ORD-002467-3,SUP-0026,2026-07-10,2026-07-10,DELIVERED
SHP-002468-1,ORD-002468-1,SUP-0048,2026-02-16,2026-02-16,DELIVERED
SHP-002468-2,ORD-002468-2,SUP-0048,2026-02-23,2026-02-23,DELIVERED
SHP-002469-1,ORD-002469-1,SUP-0111,2026-04-27,2026-04-27,DELIVERED
SHP-002469-2,ORD-002469-2,SUP-0111,2026-05-04,2026-05-04,DELIVERED
SHP-002469-3,ORD-002469-3,SUP-0111,2026-05-02,2026-05-02,DELIVERED
SHP-002469-4,ORD-002469-4,SUP-0111,2026-05-03,2026-05-03,DELIVERED
SHP-002470-1,ORD-002470-1,SUP-0011,2026-04-13,2026-04-13,DELIVERED
SHP-002470-2,ORD-002470-2,SUP-0011,2026-04-18,2026-04-18,DELIVERED
SHP-002471-1,ORD-002471-1,SUP-0023,2026-04-26,2026-04-26,DELIVERED
SHP-002471-2,ORD-002471-2,SUP-0023,2026-04-24,2026-04-26,DELIVERED
SHP-002471-3,ORD-002471-3,SUP-0023,2026-05-08,2026-05-09,DELIVERED
SHP-002472-1,ORD-002472-1,SUP-0008,2026-03-20,2026-03-22,DELIVERED
SHP-002472-2,ORD-002472-2,SUP-0008,2026-03-28,2026-03-28,DELIVERED
SHP-002473-1,ORD-002473-1,SUP-0016,2026-02-11,2026-02-13,DELIVERED
SHP-002473-2,ORD-002473-2,SUP-0016,2026-02-16,2026-02-16,DELIVERED
SHP-002474-1,ORD-002474-1,SUP-0014,2026-02-05,2026-02-05,DELIVERED
SHP-002474-2,ORD-002474-2,SUP-0014,2026-02-26,2026-02-26,DELIVERED
SHP-002474-3,ORD-002474-3,SUP-0014,2026-02-11,2026-02-11,DELIVERED
SHP-002475-1,ORD-002475-1,SUP-0058,2026-07-10,2026-07-10,DELIVERED
SHP-002475-2,ORD-002475-2,SUP-0058,2026-06-28,2026-06-28,DELIVERED
SHP-002475-3,ORD-002475-3,SUP-0058,2026-07-13,2026-07-15,DELIVERED
SHP-002475-4,ORD-002475-4,SUP-0058,2026-07-14,2026-07-16,DELIVERED
SHP-002476-1,ORD-002476-1,SUP-0093,2026-07-27,2026-07-27,DELIVERED
SHP-002477-1,ORD-002477-1,SUP-0067,2026-02-15,2026-02-15,DELIVERED
SHP-002477-2,ORD-002477-2,SUP-0067,2026-02-03,2026-02-04,DELIVERED
SHP-002477-3,ORD-002477-3,SUP-0067,2026-02-01,2026-02-01,DELIVERED
SHP-002478-1,ORD-002478-1,SUP-0042,2026-03-31,2026-04-01,DELIVERED
SHP-002479-1,ORD-002479-1,SUP-0008,2026-03-26,2026-03-26,DELIVERED
SHP-002480-1,ORD-002480-1,SUP-0014,2026-04-17,2026-04-17,DELIVERED
SHP-002480-2,ORD-002480-2,SUP-0014,2026-04-29,2026-04-30,DELIVERED
SHP-002481-1,ORD-002481-1,SUP-0080,2026-05-29,2026-05-29,DELIVERED
SHP-002481-2,ORD-002481-2,SUP-0080,2026-05-15,2026-05-15,DELIVERED
SHP-002481-3,ORD-002481-3,SUP-0080,2026-05-27,2026-05-27,DELIVERED
SHP-002481-4,ORD-002481-4,SUP-0080,2026-05-16,2026-05-17,DELIVERED
SHP-002482-1,ORD-002482-1,SUP-0089,2026-02-22,2026-02-22,DELIVERED
SHP-002482-2,ORD-002482-2,SUP-0089,2026-03-05,2026-03-07,DELIVERED
SHP-002482-3,ORD-002482-3,SUP-0089,2026-02-21,2026-02-22,DELIVERED
SHP-002482-4,ORD-002482-4,SUP-0089,2026-02-18,2026-02-19,DELIVERED
SHP-002483-1,ORD-002483-1,SUP-0021,2026-07-08,2026-07-08,DELIVERED
SHP-002483-2,ORD-002483-2,SUP-0021,2026-07-18,2026-07-18,DELIVERED
SHP-002484-1,ORD-002484-1,SUP-0036,2026-05-11,2026-05-11,DELIVERED
SHP-002485-1,ORD-002485-1,SUP-0041,2026-02-11,2026-02-11,DELIVERED
SHP-002486-1,ORD-002486-1,SUP-0002,2026-01-25,2026-01-25,DELIVERED
SHP-002486-2,ORD-002486-2,SUP-0002,2026-02-01,2026-02-01,DELIVERED
SHP-002486-3,ORD-002486-3,SUP-0002,2026-02-14,2026-02-15,DELIVERED
SHP-002486-4,ORD-002486-4,SUP-0002,2026-01-28,2026-01-29,DELIVERED
SHP-002487-1,ORD-002487-1,SUP-0046,2026-05-20,2026-05-20,DELIVERED
SHP-002488-1,ORD-002488-1,SUP-0092,2026-04-12,2026-04-14,DELIVERED
SHP-002488-2,ORD-002488-2,SUP-0092,2026-04-01,2026-04-02,DELIVERED
SHP-002488-3,ORD-002488-3,SUP-0092,2026-04-01,2026-04-03,DELIVERED
SHP-002488-4,ORD-002488-4,SUP-0092,2026-03-29,2026-03-29,DELIVERED
SHP-002489-1,ORD-002489-1,SUP-0041,2026-05-05,2026-05-07,DELIVERED
SHP-002490-1,ORD-002490-1,SUP-0015,2026-07-16,2026-07-16,DELIVERED
SHP-002490-2,ORD-002490-2,SUP-0015,2026-07-02,2026-07-02,DELIVERED
SHP-002490-3,ORD-002490-3,SUP-0015,2026-06-30,2026-07-01,DELIVERED
SHP-002491-1,ORD-002491-1,SUP-0112,2026-08-19,2026-08-20,DELIVERED
SHP-002491-2,ORD-002491-2,SUP-0112,2026-08-19,2026-08-19,DELIVERED
SHP-002491-3,ORD-002491-3,SUP-0112,2026-08-14,2026-08-15,DELIVERED
SHP-002491-4,ORD-002491-4,SUP-0112,2026-08-05,2026-08-05,DELIVERED
SHP-002492-1,ORD-002492-1,SUP-0040,2026-02-19,2026-02-19,DELIVERED
SHP-002492-2,ORD-002492-2,SUP-0040,2026-02-28,2026-02-28,DELIVERED
SHP-002492-3,ORD-002492-3,SUP-0040,2026-02-19,2026-02-19,DELIVERED
SHP-002493-1,ORD-002493-1,SUP-0111,2026-09-17,2026-09-17,IN_TRANSIT
SHP-002493-2,ORD-002493-2,SUP-0111,2026-09-05,2026-09-05,IN_TRANSIT
SHP-002493-3,ORD-002493-3,SUP-0111,2026-09-02,2026-09-04,IN_TRANSIT
SHP-002493-4,ORD-002493-4,SUP-0111,2026-08-24,2026-08-26,DELIVERED
SHP-002494-1,ORD-002494-1,SUP-0085,2026-05-06,2026-05-08,DELIVERED
SHP-002494-2,ORD-002494-2,SUP-0085,2026-04-30,2026-05-01,DELIVERED
SHP-002494-3,ORD-002494-3,SUP-0085,2026-04-30,2026-05-02,DELIVERED
SHP-002494-4,ORD-002494-4,SUP-0085,2026-05-09,2026-05-09,DELIVERED
SHP-002495-1,ORD-002495-1,SUP-0042,2026-04-11,2026-04-11,DELIVERED
SHP-002496-1,ORD-002496-1,SUP-0055,2026-09-01,2026-09-02,IN_TRANSIT
SHP-002496-2,ORD-002496-2,SUP-0055,2026-09-05,2026-09-05,IN_TRANSIT
SHP-002496-3,ORD-002496-3,SUP-0055,2026-08-26,2026-08-27,DELIVERED
SHP-002497-1,ORD-002497-1,SUP-0108,2026-03-03,2026-03-03,DELIVERED
SHP-002498-1,ORD-002498-1,SUP-0068,2026-05-24,2026-05-24,DELIVERED
SHP-002498-2,ORD-002498-2,SUP-0068,2026-05-28,2026-05-30,DELIVERED
SHP-002498-3,ORD-002498-3,SUP-0068,2026-05-06,2026-05-06,DELIVERED
SHP-002499-1,ORD-002499-1,SUP-0110,2026-08-14,2026-08-15,DELIVERED
SHP-002500-1,ORD-002500-1,SUP-0119,2026-02-24,2026-02-26,DELIVERED
SHP-002501-1,ORD-002501-1,SUP-0037,2026-07-07,2026-07-07,DELIVERED
SHP-002501-2,ORD-002501-2,SUP-0037,2026-07-20,2026-07-22,DELIVERED
SHP-002501-3,ORD-002501-3,SUP-0037,2026-07-17,2026-07-17,DELIVERED
SHP-002501-4,ORD-002501-4,SUP-0037,2026-07-21,2026-07-22,DELIVERED
SHP-002502-1,ORD-002502-1,SUP-0027,2026-08-25,2026-08-25,DELIVERED
SHP-002502-2,ORD-002502-2,SUP-0027,2026-08-15,2026-08-16,DELIVERED
SHP-002503-1,ORD-002503-1,SUP-0119,2026-03-05,2026-03-06,DELIVERED
SHP-002503-2,ORD-002503-2,SUP-0119,2026-03-05,2026-03-06,DELIVERED
SHP-002503-3,ORD-002503-3,SUP-0119,2026-03-01,2026-03-02,DELIVERED
SHP-002503-4,ORD-002503-4,SUP-0119,2026-03-05,2026-03-06,DELIVERED
SHP-002504-1,ORD-002504-1,SUP-0088,2026-04-05,2026-04-07,DELIVERED
SHP-002504-2,ORD-002504-2,SUP-0088,2026-04-02,2026-04-02,DELIVERED
SHP-002505-1,ORD-002505-1,SUP-0062,2026-09-04,2026-09-04,IN_TRANSIT
SHP-002505-2,ORD-002505-2,SUP-0062,2026-08-30,2026-08-31,DELIVERED
SHP-002506-1,ORD-002506-1,SUP-0025,2026-06-11,2026-06-11,DELIVERED
SHP-002506-2,ORD-002506-2,SUP-0025,2026-06-24,2026-06-26,DELIVERED
SHP-002507-1,ORD-002507-1,SUP-0061,2026-05-10,2026-05-12,DELIVERED
SHP-002507-2,ORD-002507-2,SUP-0061,2026-06-03,2026-06-03,DELIVERED
SHP-002508-1,ORD-002508-1,SUP-0106,2026-03-06,2026-03-06,DELIVERED
SHP-002508-2,ORD-002508-2,SUP-0106,2026-03-06,2026-03-06,DELIVERED
SHP-002508-3,ORD-002508-3,SUP-0106,2026-03-06,2026-03-06,DELIVERED
SHP-002509-1,ORD-002509-1,SUP-0117,2026-02-20,2026-02-20,DELIVERED
SHP-002509-2,ORD-002509-2,SUP-0117,2026-02-22,2026-02-24,DELIVERED
SHP-002509-3,ORD-002509-3,SUP-0117,2026-02-19,2026-02-21,DELIVERED
SHP-002510-1,ORD-002510-1,SUP-0045,2026-02-20,2026-02-21,DELIVERED
SHP-002510-2,ORD-002510-2,SUP-0045,2026-02-12,2026-02-12,DELIVERED
SHP-002511-1,ORD-002511-1,SUP-0028,2026-08-28,2026-08-30,DELIVERED
SHP-002511-2,ORD-002511-2,SUP-0028,2026-08-26,2026-08-27,DELIVERED
SHP-002511-3,ORD-002511-3,SUP-0028,2026-08-30,2026-08-30,DELIVERED
SHP-002511-4,ORD-002511-4,SUP-0028,2026-08-30,2026-08-30,DELIVERED
SHP-002512-1,ORD-002512-1,SUP-0112,2026-05-30,2026-05-30,DELIVERED
SHP-002512-2,ORD-002512-2,SUP-0112,2026-05-25,2026-05-25,DELIVERED
SHP-002512-3,ORD-002512-3,SUP-0112,2026-05-30,2026-06-01,DELIVERED
SHP-002512-4,ORD-002512-4,SUP-0112,2026-06-01,2026-06-03,DELIVERED
SHP-002513-1,ORD-002513-1,SUP-0032,2026-03-15,2026-03-17,DELIVERED
SHP-002513-2,ORD-002513-2,SUP-0032,2026-02-24,2026-02-24,DELIVERED
SHP-002513-3,ORD-002513-3,SUP-0032,2026-02-26,2026-02-28,DELIVERED
SHP-002513-4,ORD-002513-4,SUP-0032,2026-03-07,2026-03-09,DELIVERED
SHP-002514-1,ORD-002514-1,SUP-0050,2026-02-02,2026-02-02,DELIVERED
SHP-002514-2,ORD-002514-2,SUP-0050,2026-02-09,2026-02-09,DELIVERED
SHP-002514-3,ORD-002514-3,SUP-0050,2026-01-22,2026-01-22,DELIVERED
SHP-002514-4,ORD-002514-4,SUP-0050,2026-02-12,2026-02-12,DELIVERED
SHP-002515-1,ORD-002515-1,SUP-0059,2026-06-10,2026-06-11,DELIVERED
SHP-002515-2,ORD-002515-2,SUP-0059,2026-06-10,2026-06-10,DELIVERED
SHP-002516-1,ORD-002516-1,SUP-0080,2026-03-12,2026-03-12,DELIVERED
SHP-002517-1,ORD-002517-1,SUP-0085,2026-01-27,2026-01-27,DELIVERED
SHP-002517-2,ORD-002517-2,SUP-0085,2026-02-09,2026-02-09,DELIVERED
SHP-002517-3,ORD-002517-3,SUP-0085,2026-02-03,2026-02-03,DELIVERED
SHP-002518-1,ORD-002518-1,SUP-0012,2026-04-16,2026-04-17,DELIVERED
SHP-002518-2,ORD-002518-2,SUP-0012,2026-04-20,2026-04-22,DELIVERED
SHP-002518-3,ORD-002518-3,SUP-0012,2026-04-17,2026-04-17,DELIVERED
SHP-002518-4,ORD-002518-4,SUP-0012,2026-04-25,2026-04-26,DELIVERED
SHP-002519-1,ORD-002519-1,SUP-0021,2026-08-17,2026-08-18,DELIVERED
SHP-002519-2,ORD-002519-2,SUP-0021,2026-08-20,2026-08-20,DELIVERED
SHP-002520-1,ORD-002520-1,SUP-0035,2026-09-13,2026-09-15,IN_TRANSIT
SHP-002520-2,ORD-002520-2,SUP-0035,2026-09-04,2026-09-04,IN_TRANSIT
SHP-002520-3,ORD-002520-3,SUP-0035,2026-09-19,2026-09-19,IN_TRANSIT
SHP-002521-1,ORD-002521-1,SUP-0007,2026-08-26,2026-08-26,DELIVERED
SHP-002522-1,ORD-002522-1,SUP-0062,2026-06-18,2026-06-18,DELIVERED
SHP-002522-2,ORD-002522-2,SUP-0062,2026-06-18,2026-06-18,DELIVERED
SHP-002522-3,ORD-002522-3,SUP-0062,2026-06-25,2026-06-25,DELIVERED
SHP-002522-4,ORD-002522-4,SUP-0062,2026-06-20,2026-06-20,DELIVERED
SHP-002523-1,ORD-002523-1,SUP-0050,2026-07-05,2026-07-05,DELIVERED
SHP-002523-2,ORD-002523-2,SUP-0050,2026-07-19,2026-07-19,DELIVERED
SHP-002523-3,ORD-002523-3,SUP-0050,2026-07-14,2026-07-14,DELIVERED
SHP-002523-4,ORD-002523-4,SUP-0050,2026-07-19,2026-07-19,DELIVERED
SHP-002524-1,ORD-002524-1,SUP-0010,2026-07-10,2026-07-11,DELIVERED
SHP-002524-2,ORD-002524-2,SUP-0010,2026-07-06,2026-07-06,DELIVERED
SHP-002524-3,ORD-002524-3,SUP-0010,2026-07-11,2026-07-11,DELIVERED
SHP-002525-1,ORD-002525-1,SUP-0096,2026-07-08,2026-07-10,DELIVERED
SHP-002525-2,ORD-002525-2,SUP-0096,2026-06-18,2026-06-18,DELIVERED
SHP-002526-1,ORD-002526-1,SUP-0105,2026-03-17,2026-03-19,DELIVERED
SHP-002526-2,ORD-002526-2,SUP-0105,2026-03-18,2026-03-18,DELIVERED
SHP-002526-3,ORD-002526-3,SUP-0105,2026-03-29,2026-03-31,DELIVERED
SHP-002526-4,ORD-002526-4,SUP-0105,2026-03-08,2026-03-09,DELIVERED
SHP-002527-1,ORD-002527-1,SUP-0049,2026-05-15,2026-05-16,DELIVERED
SHP-002527-2,ORD-002527-2,SUP-0049,2026-05-26,2026-05-26,DELIVERED
SHP-002527-3,ORD-002527-3,SUP-0049,2026-05-22,2026-05-22,DELIVERED
SHP-002527-4,ORD-002527-4,SUP-0049,2026-05-18,2026-05-18,DELIVERED
SHP-002528-1,ORD-002528-1,SUP-0111,2026-08-05,2026-08-06,DELIVERED
SHP-002529-1,ORD-002529-1,SUP-0045,2026-07-23,2026-07-23,DELIVERED
SHP-002530-1,ORD-002530-1,SUP-0065,2026-05-05,2026-05-05,DELIVERED
SHP-002531-1,ORD-002531-1,SUP-0056,2026-06-01,2026-06-01,DELIVERED
SHP-002531-2,ORD-002531-2,SUP-0056,2026-06-05,2026-06-07,DELIVERED
SHP-002532-1,ORD-002532-1,SUP-0102,2026-02-17,2026-02-17,DELIVERED
SHP-002532-2,ORD-002532-2,SUP-0102,2026-03-05,2026-03-05,DELIVERED
SHP-002533-1,ORD-002533-1,SUP-0115,2026-03-23,2026-03-24,DELIVERED
SHP-002533-2,ORD-002533-2,SUP-0115,2026-03-25,2026-03-27,DELIVERED
SHP-002533-3,ORD-002533-3,SUP-0115,2026-03-05,2026-03-05,DELIVERED
SHP-002534-1,ORD-002534-1,SUP-0044,2026-08-18,2026-08-18,DELIVERED
SHP-002534-2,ORD-002534-2,SUP-0044,2026-08-23,2026-08-23,DELIVERED
SHP-002534-3,ORD-002534-3,SUP-0044,2026-08-23,2026-08-23,DELIVERED
SHP-002534-4,ORD-002534-4,SUP-0044,2026-08-24,2026-08-24,DELIVERED
SHP-002535-1,ORD-002535-1,SUP-0029,2026-09-21,2026-09-22,IN_TRANSIT
SHP-002536-1,ORD-002536-1,SUP-0097,2026-05-16,2026-05-16,DELIVERED
SHP-002536-2,ORD-002536-2,SUP-0097,2026-05-13,2026-05-15,DELIVERED
SHP-002536-3,ORD-002536-3,SUP-0097,2026-05-07,2026-05-09,DELIVERED
SHP-002536-4,ORD-002536-4,SUP-0097,2026-05-09,2026-05-09,DELIVERED
SHP-002537-1,ORD-002537-1,SUP-0006,2026-05-15,2026-05-17,DELIVERED
SHP-002537-2,ORD-002537-2,SUP-0006,2026-04-30,2026-04-30,DELIVERED
SHP-002537-3,ORD-002537-3,SUP-0006,2026-05-08,2026-05-08,DELIVERED
SHP-002537-4,ORD-002537-4,SUP-0006,2026-05-10,2026-05-10,DELIVERED
SHP-002538-1,ORD-002538-1,SUP-0066,2026-03-11,2026-03-11,DELIVERED
SHP-002539-1,ORD-002539-1,SUP-0090,2026-08-30,2026-08-30,DELIVERED
SHP-002540-1,ORD-002540-1,SUP-0073,2026-06-01,2026-06-01,DELIVERED
SHP-002540-2,ORD-002540-2,SUP-0073,2026-05-24,2026-05-25,DELIVERED
SHP-002540-3,ORD-002540-3,SUP-0073,2026-05-28,2026-05-30,DELIVERED
SHP-002541-1,ORD-002541-1,SUP-0074,2026-02-22,2026-02-22,DELIVERED
SHP-002541-2,ORD-002541-2,SUP-0074,2026-03-13,2026-03-15,DELIVERED
SHP-002541-3,ORD-002541-3,SUP-0074,2026-03-03,2026-03-04,DELIVERED
SHP-002542-1,ORD-002542-1,SUP-0027,2026-06-11,2026-06-11,DELIVERED
SHP-002542-2,ORD-002542-2,SUP-0027,2026-06-17,2026-06-17,DELIVERED
SHP-002542-3,ORD-002542-3,SUP-0027,2026-06-05,2026-06-05,DELIVERED
SHP-002543-1,ORD-002543-1,SUP-0048,2026-06-04,2026-06-04,DELIVERED
SHP-002543-2,ORD-002543-2,SUP-0048,2026-05-31,2026-06-01,DELIVERED
SHP-002543-3,ORD-002543-3,SUP-0048,2026-06-02,2026-06-02,DELIVERED
SHP-002544-1,ORD-002544-1,SUP-0016,2026-09-10,2026-09-10,IN_TRANSIT
SHP-002544-2,ORD-002544-2,SUP-0016,2026-08-21,2026-08-21,DELIVERED
SHP-002544-3,ORD-002544-3,SUP-0016,2026-09-01,2026-09-01,DELIVERED
SHP-002545-1,ORD-002545-1,SUP-0009,2026-05-21,2026-05-23,DELIVERED
SHP-002545-2,ORD-002545-2,SUP-0009,2026-05-17,2026-05-19,DELIVERED
SHP-002546-1,ORD-002546-1,SUP-0034,2026-03-20,2026-03-20,DELIVERED
SHP-002547-1,ORD-002547-1,SUP-0078,2026-05-01,2026-05-01,DELIVERED
SHP-002547-2,ORD-002547-2,SUP-0078,2026-04-22,2026-04-23,DELIVERED
SHP-002547-3,ORD-002547-3,SUP-0078,2026-04-21,2026-04-21,DELIVERED
SHP-002547-4,ORD-002547-4,SUP-0078,2026-04-29,2026-04-30,DELIVERED
SHP-002548-1,ORD-002548-1,SUP-0050,2026-08-26,2026-08-26,DELIVERED
SHP-002548-2,ORD-002548-2,SUP-0050,2026-09-05,2026-09-07,IN_TRANSIT
SHP-002549-1,ORD-002549-1,SUP-0098,2026-05-06,2026-05-06,DELIVERED
SHP-002550-1,ORD-002550-1,SUP-0069,2026-06-22,2026-06-22,DELIVERED
SHP-002550-2,ORD-002550-2,SUP-0069,2026-06-21,2026-06-21,DELIVERED
SHP-002550-3,ORD-002550-3,SUP-0069,2026-07-09,2026-07-11,DELIVERED
SHP-002550-4,ORD-002550-4,SUP-0069,2026-07-01,2026-07-01,DELIVERED
SHP-002551-1,ORD-002551-1,SUP-0079,2026-05-31,2026-06-01,DELIVERED
SHP-002552-1,ORD-002552-1,SUP-0055,2026-05-27,2026-05-27,DELIVERED
SHP-002552-2,ORD-002552-2,SUP-0055,2026-05-20,2026-05-21,DELIVERED
SHP-002553-1,ORD-002553-1,SUP-0065,2026-05-03,2026-05-03,DELIVERED
SHP-002553-2,ORD-002553-2,SUP-0065,2026-04-30,2026-05-01,DELIVERED
SHP-002554-1,ORD-002554-1,SUP-0004,2026-07-09,2026-07-10,DELIVERED
SHP-002554-2,ORD-002554-2,SUP-0004,2026-07-09,2026-07-10,DELIVERED
SHP-002554-3,ORD-002554-3,SUP-0004,2026-07-02,2026-07-04,DELIVERED
SHP-002555-1,ORD-002555-1,SUP-0085,2026-09-16,2026-09-16,IN_TRANSIT
SHP-002555-2,ORD-002555-2,SUP-0085,2026-09-14,2026-09-16,IN_TRANSIT
SHP-002556-1,ORD-002556-1,SUP-0050,2026-01-14,2026-01-14,DELIVERED
SHP-002557-1,ORD-002557-1,SUP-0094,2026-05-04,2026-05-04,DELIVERED
SHP-002557-2,ORD-002557-2,SUP-0094,2026-04-26,2026-04-26,DELIVERED
SHP-002557-3,ORD-002557-3,SUP-0094,2026-05-13,2026-05-15,DELIVERED
SHP-002557-4,ORD-002557-4,SUP-0094,2026-05-05,2026-05-05,DELIVERED
SHP-002558-1,ORD-002558-1,SUP-0028,2026-02-06,2026-02-06,DELIVERED
SHP-002558-2,ORD-002558-2,SUP-0028,2026-02-09,2026-02-09,DELIVERED
SHP-002558-3,ORD-002558-3,SUP-0028,2026-01-30,2026-01-31,DELIVERED
SHP-002559-1,ORD-002559-1,SUP-0116,2026-06-04,2026-06-04,DELIVERED
SHP-002559-2,ORD-002559-2,SUP-0116,2026-06-18,2026-06-19,DELIVERED
SHP-002560-1,ORD-002560-1,SUP-0096,2026-04-12,2026-04-14,DELIVERED
SHP-002560-2,ORD-002560-2,SUP-0096,2026-04-10,2026-04-10,DELIVERED
SHP-002560-3,ORD-002560-3,SUP-0096,2026-04-18,2026-04-18,DELIVERED
SHP-002561-1,ORD-002561-1,SUP-0017,2026-07-29,2026-07-30,DELIVERED
SHP-002562-1,ORD-002562-1,SUP-0070,2026-03-13,2026-03-14,DELIVERED
SHP-002562-2,ORD-002562-2,SUP-0070,2026-03-23,2026-03-23,DELIVERED
SHP-002563-1,ORD-002563-1,SUP-0062,2026-07-25,2026-07-25,DELIVERED
SHP-002564-1,ORD-002564-1,SUP-0046,2026-04-30,2026-05-01,DELIVERED
SHP-002564-2,ORD-002564-2,SUP-0046,2026-05-06,2026-05-07,DELIVERED
SHP-002564-3,ORD-002564-3,SUP-0046,2026-05-11,2026-05-11,DELIVERED
SHP-002565-1,ORD-002565-1,SUP-0015,2026-06-07,2026-06-07,DELIVERED
SHP-002565-2,ORD-002565-2,SUP-0015,2026-06-06,2026-06-07,DELIVERED
SHP-002565-3,ORD-002565-3,SUP-0015,2026-06-12,2026-06-12,DELIVERED
SHP-002566-1,ORD-002566-1,SUP-0074,2026-05-28,2026-05-28,DELIVERED
SHP-002566-2,ORD-002566-2,SUP-0074,2026-05-10,2026-05-10,DELIVERED
SHP-002566-3,ORD-002566-3,SUP-0074,2026-06-05,2026-06-05,DELIVERED
SHP-002566-4,ORD-002566-4,SUP-0074,2026-05-30,2026-05-30,DELIVERED
SHP-002567-1,ORD-002567-1,SUP-0031,2026-08-16,2026-08-18,DELIVERED
SHP-002567-2,ORD-002567-2,SUP-0031,2026-08-20,2026-08-21,DELIVERED
SHP-002568-1,ORD-002568-1,SUP-0012,2026-03-20,2026-03-20,DELIVERED
SHP-002568-2,ORD-002568-2,SUP-0012,2026-04-01,2026-04-01,DELIVERED
SHP-002568-3,ORD-002568-3,SUP-0012,2026-03-20,2026-03-20,DELIVERED
SHP-002568-4,ORD-002568-4,SUP-0012,2026-03-08,2026-03-08,DELIVERED
SHP-002569-1,ORD-002569-1,SUP-0020,2026-05-11,2026-05-13,DELIVERED
SHP-002570-1,ORD-002570-1,SUP-0101,2026-06-14,2026-06-14,DELIVERED
SHP-002571-1,ORD-002571-1,SUP-0107,2026-04-12,2026-04-14,DELIVERED
SHP-002571-2,ORD-002571-2,SUP-0107,2026-04-21,2026-04-22,DELIVERED
SHP-002572-1,ORD-002572-1,SUP-0094,2026-09-17,2026-09-17,IN_TRANSIT
SHP-002573-1,ORD-002573-1,SUP-0044,2026-07-12,2026-07-13,DELIVERED
SHP-002574-1,ORD-002574-1,SUP-0051,2026-08-26,2026-08-28,DELIVERED
SHP-002575-1,ORD-002575-1,SUP-0087,2026-07-20,2026-07-20,DELIVERED
SHP-002575-2,ORD-002575-2,SUP-0087,2026-08-06,2026-08-06,DELIVERED
SHP-002575-3,ORD-002575-3,SUP-0087,2026-08-03,2026-08-03,DELIVERED
SHP-002575-4,ORD-002575-4,SUP-0087,2026-08-11,2026-08-11,DELIVERED
SHP-002576-1,ORD-002576-1,SUP-0098,2026-04-13,2026-04-14,DELIVERED
SHP-002576-2,ORD-002576-2,SUP-0098,2026-04-13,2026-04-14,DELIVERED
SHP-002576-3,ORD-002576-3,SUP-0098,2026-04-15,2026-04-17,DELIVERED
SHP-002577-1,ORD-002577-1,SUP-0113,2026-03-21,2026-03-21,DELIVERED
SHP-002577-2,ORD-002577-2,SUP-0113,2026-03-19,2026-03-19,DELIVERED
SHP-002577-3,ORD-002577-3,SUP-0113,2026-03-26,2026-03-26,DELIVERED
SHP-002578-1,ORD-002578-1,SUP-0098,2026-02-14,2026-02-14,DELIVERED
SHP-002578-2,ORD-002578-2,SUP-0098,2026-02-14,2026-02-15,DELIVERED
SHP-002578-3,ORD-002578-3,SUP-0098,2026-01-31,2026-01-31,DELIVERED
SHP-002578-4,ORD-002578-4,SUP-0098,2026-02-12,2026-02-13,DELIVERED
SHP-002579-1,ORD-002579-1,SUP-0068,2026-09-08,2026-09-08,IN_TRANSIT
SHP-002580-1,ORD-002580-1,SUP-0082,2026-07-22,2026-07-24,DELIVERED
SHP-002580-2,ORD-002580-2,SUP-0082,2026-07-31,2026-07-31,DELIVERED
SHP-002581-1,ORD-002581-1,SUP-0003,2026-06-29,2026-06-29,DELIVERED
SHP-002581-2,ORD-002581-2,SUP-0003,2026-06-14,2026-06-14,DELIVERED
SHP-002581-3,ORD-002581-3,SUP-0003,2026-06-22,2026-06-24,DELIVERED
SHP-002582-1,ORD-002582-1,SUP-0045,2026-08-12,2026-08-12,DELIVERED
SHP-002582-2,ORD-002582-2,SUP-0045,2026-08-17,2026-08-17,DELIVERED
SHP-002582-3,ORD-002582-3,SUP-0045,2026-08-09,2026-08-09,DELIVERED
SHP-002583-1,ORD-002583-1,SUP-0015,2026-08-19,2026-08-19,DELIVERED
SHP-002583-2,ORD-002583-2,SUP-0015,2026-08-21,2026-08-21,DELIVERED
SHP-002583-3,ORD-002583-3,SUP-0015,2026-08-04,2026-08-06,DELIVERED
SHP-002584-1,ORD-002584-1,SUP-0084,2026-03-21,2026-03-21,DELIVERED
SHP-002584-2,ORD-002584-2,SUP-0084,2026-04-01,2026-04-01,DELIVERED
SHP-002584-3,ORD-002584-3,SUP-0084,2026-03-20,2026-03-20,DELIVERED
SHP-002585-1,ORD-002585-1,SUP-0013,2026-04-21,2026-04-21,DELIVERED
SHP-002585-2,ORD-002585-2,SUP-0013,2026-04-04,2026-04-06,DELIVERED
SHP-002586-1,ORD-002586-1,SUP-0048,2026-07-14,2026-07-15,DELIVERED
SHP-002586-2,ORD-002586-2,SUP-0048,2026-06-26,2026-06-27,DELIVERED
SHP-002586-3,ORD-002586-3,SUP-0048,2026-06-25,2026-06-26,DELIVERED
SHP-002586-4,ORD-002586-4,SUP-0048,2026-07-22,2026-07-23,DELIVERED
SHP-002587-1,ORD-002587-1,SUP-0006,2026-06-18,2026-06-18,DELIVERED
SHP-002587-2,ORD-002587-2,SUP-0006,2026-06-09,2026-06-10,DELIVERED
SHP-002587-3,ORD-002587-3,SUP-0006,2026-05-25,2026-05-27,DELIVERED
SHP-002587-4,ORD-002587-4,SUP-0006,2026-05-31,2026-05-31,DELIVERED
SHP-002588-1,ORD-002588-1,SUP-0111,2026-05-29,2026-05-31,DELIVERED
SHP-002588-2,ORD-002588-2,SUP-0111,2026-05-28,2026-05-28,DELIVERED
SHP-002589-1,ORD-002589-1,SUP-0041,2026-03-10,2026-03-10,DELIVERED
SHP-002589-2,ORD-002589-2,SUP-0041,2026-02-24,2026-02-25,DELIVERED
SHP-002589-3,ORD-002589-3,SUP-0041,2026-03-21,2026-03-21,DELIVERED
SHP-002589-4,ORD-002589-4,SUP-0041,2026-03-11,2026-03-12,DELIVERED
SHP-002590-1,ORD-002590-1,SUP-0113,2026-06-24,2026-06-24,DELIVERED
SHP-002590-2,ORD-002590-2,SUP-0113,2026-06-19,2026-06-20,DELIVERED
SHP-002590-3,ORD-002590-3,SUP-0113,2026-07-13,2026-07-15,DELIVERED
SHP-002590-4,ORD-002590-4,SUP-0113,2026-07-14,2026-07-15,DELIVERED
SHP-002591-1,ORD-002591-1,SUP-0008,2026-04-16,2026-04-16,DELIVERED
SHP-002591-2,ORD-002591-2,SUP-0008,2026-04-22,2026-04-23,DELIVERED
SHP-002591-3,ORD-002591-3,SUP-0008,2026-05-06,2026-05-08,DELIVERED
SHP-002592-1,ORD-002592-1,SUP-0060,2026-07-23,2026-07-24,DELIVERED
SHP-002592-2,ORD-002592-2,SUP-0060,2026-07-22,2026-07-22,DELIVERED
SHP-002592-3,ORD-002592-3,SUP-0060,2026-07-30,2026-07-30,DELIVERED
SHP-002593-1,ORD-002593-1,SUP-0098,2026-06-05,2026-06-05,DELIVERED
SHP-002593-2,ORD-002593-2,SUP-0098,2026-06-18,2026-06-20,DELIVERED
SHP-002593-3,ORD-002593-3,SUP-0098,2026-06-20,2026-06-22,DELIVERED
SHP-002593-4,ORD-002593-4,SUP-0098,2026-06-21,2026-06-23,DELIVERED
SHP-002594-1,ORD-002594-1,SUP-0098,2026-03-08,2026-03-08,DELIVERED
SHP-002594-2,ORD-002594-2,SUP-0098,2026-03-20,2026-03-21,DELIVERED
SHP-002594-3,ORD-002594-3,SUP-0098,2026-03-22,2026-03-23,DELIVERED
SHP-002595-1,ORD-002595-1,SUP-0008,2026-07-06,2026-07-06,DELIVERED
SHP-002595-2,ORD-002595-2,SUP-0008,2026-07-13,2026-07-13,DELIVERED
SHP-002595-3,ORD-002595-3,SUP-0008,2026-07-09,2026-07-09,DELIVERED
SHP-002596-1,ORD-002596-1,SUP-0036,2026-04-30,2026-04-30,DELIVERED
SHP-002596-2,ORD-002596-2,SUP-0036,2026-05-06,2026-05-06,DELIVERED
SHP-002596-3,ORD-002596-3,SUP-0036,2026-04-29,2026-04-30,DELIVERED
SHP-002596-4,ORD-002596-4,SUP-0036,2026-05-18,2026-05-19,DELIVERED
SHP-002597-1,ORD-002597-1,SUP-0089,2026-05-31,2026-06-01,DELIVERED
SHP-002597-2,ORD-002597-2,SUP-0089,2026-05-14,2026-05-14,DELIVERED
SHP-002597-3,ORD-002597-3,SUP-0089,2026-05-16,2026-05-18,DELIVERED
SHP-002598-1,ORD-002598-1,SUP-0003,2026-04-03,2026-04-04,DELIVERED
SHP-002598-2,ORD-002598-2,SUP-0003,2026-03-23,2026-03-24,DELIVERED
SHP-002598-3,ORD-002598-3,SUP-0003,2026-03-22,2026-03-22,DELIVERED
SHP-002598-4,ORD-002598-4,SUP-0003,2026-03-20,2026-03-22,DELIVERED
SHP-002599-1,ORD-002599-1,SUP-0077,2026-06-02,2026-06-03,DELIVERED
SHP-002599-2,ORD-002599-2,SUP-0077,2026-05-29,2026-05-29,DELIVERED
SHP-002599-3,ORD-002599-3,SUP-0077,2026-05-16,2026-05-17,DELIVERED
SHP-002599-4,ORD-002599-4,SUP-0077,2026-06-04,2026-06-05,DELIVERED
SHP-002600-1,ORD-002600-1,SUP-0008,2026-06-30,2026-07-01,DELIVERED
SHP-002601-1,ORD-002601-1,SUP-0087,2026-03-01,2026-03-02,DELIVERED
SHP-002601-2,ORD-002601-2,SUP-0087,2026-02-27,2026-02-27,DELIVERED
SHP-002601-3,ORD-002601-3,SUP-0087,2026-02-16,2026-02-16,DELIVERED
SHP-002601-4,ORD-002601-4,SUP-0087,2026-02-28,2026-03-01,DELIVERED
SHP-002602-1,ORD-002602-1,SUP-0070,2026-07-24,2026-07-26,DELIVERED
SHP-002602-2,ORD-002602-2,SUP-0070,2026-08-05,2026-08-06,DELIVERED
SHP-002603-1,ORD-002603-1,SUP-0023,2026-04-04,2026-04-05,DELIVERED
SHP-002603-2,ORD-002603-2,SUP-0023,2026-03-29,2026-03-29,DELIVERED
SHP-002604-1,ORD-002604-1,SUP-0076,2026-02-10,2026-02-10,DELIVERED
SHP-002604-2,ORD-002604-2,SUP-0076,2026-01-27,2026-01-29,DELIVERED
SHP-002605-1,ORD-002605-1,SUP-0009,2026-02-07,2026-02-07,DELIVERED
SHP-002605-2,ORD-002605-2,SUP-0009,2026-01-24,2026-01-25,DELIVERED
SHP-002605-3,ORD-002605-3,SUP-0009,2026-01-25,2026-01-25,DELIVERED
SHP-002606-1,ORD-002606-1,SUP-0085,2026-07-06,2026-07-08,DELIVERED
SHP-002606-2,ORD-002606-2,SUP-0085,2026-07-13,2026-07-13,DELIVERED
SHP-002607-1,ORD-002607-1,SUP-0091,2026-04-20,2026-04-20,DELIVERED
SHP-002608-1,ORD-002608-1,SUP-0056,2026-04-03,2026-04-05,DELIVERED
SHP-002608-2,ORD-002608-2,SUP-0056,2026-04-08,2026-04-10,DELIVERED
SHP-002608-3,ORD-002608-3,SUP-0056,2026-04-18,2026-04-18,DELIVERED
SHP-002609-1,ORD-002609-1,SUP-0056,2026-01-25,2026-01-25,DELIVERED
SHP-002610-1,ORD-002610-1,SUP-0040,2026-05-12,2026-05-12,DELIVERED
SHP-002610-2,ORD-002610-2,SUP-0040,2026-05-06,2026-05-07,DELIVERED
SHP-002610-3,ORD-002610-3,SUP-0040,2026-05-04,2026-05-04,DELIVERED
SHP-002610-4,ORD-002610-4,SUP-0040,2026-05-09,2026-05-09,DELIVERED
SHP-002611-1,ORD-002611-1,SUP-0087,2026-03-29,2026-03-29,DELIVERED
SHP-002611-2,ORD-002611-2,SUP-0087,2026-03-15,2026-03-15,DELIVERED
SHP-002611-3,ORD-002611-3,SUP-0087,2026-04-07,2026-04-09,DELIVERED
SHP-002611-4,ORD-002611-4,SUP-0087,2026-03-31,2026-04-02,DELIVERED
SHP-002612-1,ORD-002612-1,SUP-0072,2026-03-12,2026-03-12,DELIVERED
SHP-002612-2,ORD-002612-2,SUP-0072,2026-03-14,2026-03-16,DELIVERED
SHP-002612-3,ORD-002612-3,SUP-0072,2026-02-27,2026-03-01,DELIVERED
SHP-002613-1,ORD-002613-1,SUP-0074,2026-02-05,2026-02-06,DELIVERED
SHP-002613-2,ORD-002613-2,SUP-0074,2026-02-22,2026-02-22,DELIVERED
SHP-002614-1,ORD-002614-1,SUP-0074,2026-08-24,2026-08-24,DELIVERED
SHP-002614-2,ORD-002614-2,SUP-0074,2026-08-22,2026-08-22,DELIVERED
SHP-002615-1,ORD-002615-1,SUP-0031,2026-03-06,2026-03-06,DELIVERED
SHP-002615-2,ORD-002615-2,SUP-0031,2026-02-19,2026-02-19,DELIVERED
SHP-002615-3,ORD-002615-3,SUP-0031,2026-02-25,2026-02-25,DELIVERED
SHP-002615-4,ORD-002615-4,SUP-0031,2026-02-22,2026-02-22,DELIVERED
SHP-002616-1,ORD-002616-1,SUP-0016,2026-04-17,2026-04-17,DELIVERED
SHP-002616-2,ORD-002616-2,SUP-0016,2026-04-26,2026-04-26,DELIVERED
SHP-002617-1,ORD-002617-1,SUP-0073,2026-08-06,2026-08-07,DELIVERED
SHP-002617-2,ORD-002617-2,SUP-0073,2026-08-03,2026-08-03,DELIVERED
SHP-002617-3,ORD-002617-3,SUP-0073,2026-08-16,2026-08-18,DELIVERED
SHP-002618-1,ORD-002618-1,SUP-0006,2026-08-15,2026-08-15,DELIVERED
SHP-002619-1,ORD-002619-1,SUP-0047,2026-06-02,2026-06-02,DELIVERED
SHP-002619-2,ORD-002619-2,SUP-0047,2026-06-10,2026-06-10,DELIVERED
SHP-002620-1,ORD-002620-1,SUP-0068,2026-05-10,2026-05-10,DELIVERED
SHP-002620-2,ORD-002620-2,SUP-0068,2026-04-18,2026-04-18,DELIVERED
SHP-002621-1,ORD-002621-1,SUP-0011,2026-03-11,2026-03-12,DELIVERED
SHP-002622-1,ORD-002622-1,SUP-0062,2026-07-30,2026-07-31,DELIVERED
SHP-002622-2,ORD-002622-2,SUP-0062,2026-08-14,2026-08-14,DELIVERED
SHP-002622-3,ORD-002622-3,SUP-0062,2026-07-30,2026-08-01,DELIVERED
SHP-002622-4,ORD-002622-4,SUP-0062,2026-08-20,2026-08-20,DELIVERED
SHP-002623-1,ORD-002623-1,SUP-0084,2026-07-22,2026-07-23,DELIVERED
SHP-002623-2,ORD-002623-2,SUP-0084,2026-07-11,2026-07-11,DELIVERED
SHP-002623-3,ORD-002623-3,SUP-0084,2026-07-01,2026-07-01,DELIVERED
SHP-002624-1,ORD-002624-1,SUP-0020,2026-06-05,2026-06-07,DELIVERED
SHP-002624-2,ORD-002624-2,SUP-0020,2026-06-10,2026-06-12,DELIVERED
SHP-002624-3,ORD-002624-3,SUP-0020,2026-06-12,2026-06-13,DELIVERED
SHP-002625-1,ORD-002625-1,SUP-0006,2026-06-19,2026-06-21,DELIVERED
SHP-002625-2,ORD-002625-2,SUP-0006,2026-06-07,2026-06-08,DELIVERED
SHP-002625-3,ORD-002625-3,SUP-0006,2026-06-13,2026-06-13,DELIVERED
SHP-002626-1,ORD-002626-1,SUP-0063,2026-07-29,2026-07-29,DELIVERED
SHP-002627-1,ORD-002627-1,SUP-0047,2026-06-27,2026-06-29,DELIVERED
SHP-002627-2,ORD-002627-2,SUP-0047,2026-06-20,2026-06-20,DELIVERED
SHP-002628-1,ORD-002628-1,SUP-0022,2026-06-30,2026-07-01,DELIVERED
SHP-002628-2,ORD-002628-2,SUP-0022,2026-07-24,2026-07-24,DELIVERED
SHP-002628-3,ORD-002628-3,SUP-0022,2026-07-10,2026-07-11,DELIVERED
SHP-002628-4,ORD-002628-4,SUP-0022,2026-07-28,2026-07-28,DELIVERED
SHP-002629-1,ORD-002629-1,SUP-0072,2026-03-28,2026-03-28,DELIVERED
SHP-002629-2,ORD-002629-2,SUP-0072,2026-04-03,2026-04-03,DELIVERED
SHP-002630-1,ORD-002630-1,SUP-0111,2026-08-07,2026-08-07,DELIVERED
SHP-002631-1,ORD-002631-1,SUP-0006,2026-06-13,2026-06-15,DELIVERED
SHP-002631-2,ORD-002631-2,SUP-0006,2026-06-19,2026-06-20,DELIVERED
SHP-002631-3,ORD-002631-3,SUP-0006,2026-06-25,2026-06-25,DELIVERED
SHP-002631-4,ORD-002631-4,SUP-0006,2026-06-10,2026-06-11,DELIVERED
SHP-002632-1,ORD-002632-1,SUP-0046,2026-04-03,2026-04-03,DELIVERED
SHP-002633-1,ORD-002633-1,SUP-0063,2026-05-19,2026-05-19,DELIVERED
SHP-002633-2,ORD-002633-2,SUP-0063,2026-05-27,2026-05-27,DELIVERED
SHP-002633-3,ORD-002633-3,SUP-0063,2026-05-24,2026-05-24,DELIVERED
SHP-002634-1,ORD-002634-1,SUP-0004,2026-02-25,2026-02-27,DELIVERED
SHP-002634-2,ORD-002634-2,SUP-0004,2026-02-18,2026-02-18,DELIVERED
SHP-002634-3,ORD-002634-3,SUP-0004,2026-02-09,2026-02-10,DELIVERED
SHP-002634-4,ORD-002634-4,SUP-0004,2026-02-17,2026-02-17,DELIVERED
SHP-002635-1,ORD-002635-1,SUP-0051,2026-02-24,2026-02-24,DELIVERED
SHP-002636-1,ORD-002636-1,SUP-0109,2026-08-15,2026-08-15,DELIVERED
SHP-002637-1,ORD-002637-1,SUP-0105,2026-02-13,2026-02-13,DELIVERED
SHP-002637-2,ORD-002637-2,SUP-0105,2026-02-08,2026-02-08,DELIVERED
SHP-002638-1,ORD-002638-1,SUP-0056,2026-07-06,2026-07-06,DELIVERED
SHP-002638-2,ORD-002638-2,SUP-0056,2026-07-13,2026-07-13,DELIVERED
SHP-002639-1,ORD-002639-1,SUP-0009,2026-03-30,2026-03-30,DELIVERED
SHP-002639-2,ORD-002639-2,SUP-0009,2026-04-10,2026-04-10,DELIVERED
SHP-002639-3,ORD-002639-3,SUP-0009,2026-04-18,2026-04-19,DELIVERED
SHP-002639-4,ORD-002639-4,SUP-0009,2026-04-22,2026-04-22,DELIVERED
SHP-002640-1,ORD-002640-1,SUP-0038,2026-05-29,2026-05-29,DELIVERED
SHP-002640-2,ORD-002640-2,SUP-0038,2026-05-25,2026-05-25,DELIVERED
SHP-002640-3,ORD-002640-3,SUP-0038,2026-05-28,2026-05-28,DELIVERED
SHP-002641-1,ORD-002641-1,SUP-0029,2026-06-16,2026-06-16,DELIVERED
SHP-002642-1,ORD-002642-1,SUP-0051,2026-07-18,2026-07-18,DELIVERED
SHP-002643-1,ORD-002643-1,SUP-0083,2026-03-31,2026-04-02,DELIVERED
SHP-002644-1,ORD-002644-1,SUP-0092,2026-04-20,2026-04-22,DELIVERED
SHP-002644-2,ORD-002644-2,SUP-0092,2026-04-22,2026-04-22,DELIVERED
SHP-002645-1,ORD-002645-1,SUP-0013,2026-04-18,2026-04-18,DELIVERED
SHP-002645-2,ORD-002645-2,SUP-0013,2026-05-07,2026-05-09,DELIVERED
SHP-002645-3,ORD-002645-3,SUP-0013,2026-04-24,2026-04-24,DELIVERED
SHP-002645-4,ORD-002645-4,SUP-0013,2026-04-10,2026-04-11,DELIVERED
SHP-002646-1,ORD-002646-1,SUP-0083,2026-07-12,2026-07-14,DELIVERED
SHP-002646-2,ORD-002646-2,SUP-0083,2026-07-06,2026-07-06,DELIVERED
SHP-002646-3,ORD-002646-3,SUP-0083,2026-07-11,2026-07-11,DELIVERED
SHP-002647-1,ORD-002647-1,SUP-0114,2026-08-21,2026-08-21,DELIVERED
SHP-002647-2,ORD-002647-2,SUP-0114,2026-09-04,2026-09-05,IN_TRANSIT
SHP-002648-1,ORD-002648-1,SUP-0015,2026-09-20,2026-09-20,IN_TRANSIT
SHP-002649-1,ORD-002649-1,SUP-0002,2026-02-13,2026-02-13,DELIVERED
SHP-002649-2,ORD-002649-2,SUP-0002,2026-01-29,2026-01-30,DELIVERED
SHP-002649-3,ORD-002649-3,SUP-0002,2026-02-04,2026-02-04,DELIVERED
SHP-002649-4,ORD-002649-4,SUP-0002,2026-02-05,2026-02-05,DELIVERED
SHP-002650-1,ORD-002650-1,SUP-0034,2026-01-29,2026-01-29,DELIVERED
SHP-002650-2,ORD-002650-2,SUP-0034,2026-02-08,2026-02-08,DELIVERED
SHP-002650-3,ORD-002650-3,SUP-0034,2026-02-05,2026-02-05,DELIVERED
SHP-002651-1,ORD-002651-1,SUP-0022,2026-04-28,2026-04-28,DELIVERED
SHP-002651-2,ORD-002651-2,SUP-0022,2026-04-22,2026-04-24,DELIVERED
SHP-002652-1,ORD-002652-1,SUP-0004,2026-04-10,2026-04-10,DELIVERED
SHP-002652-2,ORD-002652-2,SUP-0004,2026-04-18,2026-04-18,DELIVERED
SHP-002652-3,ORD-002652-3,SUP-0004,2026-04-05,2026-04-06,DELIVERED
SHP-002653-1,ORD-002653-1,SUP-0025,2026-03-16,2026-03-16,DELIVERED
SHP-002654-1,ORD-002654-1,SUP-0056,2026-03-04,2026-03-05,DELIVERED
SHP-002654-2,ORD-002654-2,SUP-0056,2026-02-26,2026-02-27,DELIVERED
SHP-002654-3,ORD-002654-3,SUP-0056,2026-03-02,2026-03-02,DELIVERED
SHP-002655-1,ORD-002655-1,SUP-0118,2026-02-08,2026-02-08,DELIVERED
SHP-002655-2,ORD-002655-2,SUP-0118,2026-02-13,2026-02-13,DELIVERED
SHP-002655-3,ORD-002655-3,SUP-0118,2026-02-02,2026-02-02,DELIVERED
SHP-002656-1,ORD-002656-1,SUP-0098,2026-03-23,2026-03-23,DELIVERED
SHP-002656-2,ORD-002656-2,SUP-0098,2026-04-02,2026-04-02,DELIVERED
SHP-002656-3,ORD-002656-3,SUP-0098,2026-04-06,2026-04-06,DELIVERED
SHP-002657-1,ORD-002657-1,SUP-0100,2026-03-14,2026-03-15,DELIVERED
SHP-002658-1,ORD-002658-1,SUP-0029,2026-07-20,2026-07-21,DELIVERED
SHP-002659-1,ORD-002659-1,SUP-0082,2026-05-25,2026-05-25,DELIVERED
SHP-002660-1,ORD-002660-1,SUP-0109,2026-09-08,2026-09-08,IN_TRANSIT
SHP-002661-1,ORD-002661-1,SUP-0045,2026-02-01,2026-02-01,DELIVERED
SHP-002661-2,ORD-002661-2,SUP-0045,2026-01-25,2026-01-25,DELIVERED
SHP-002661-3,ORD-002661-3,SUP-0045,2026-02-01,2026-02-03,DELIVERED
SHP-002662-1,ORD-002662-1,SUP-0041,2026-07-14,2026-07-15,DELIVERED
SHP-002662-2,ORD-002662-2,SUP-0041,2026-06-26,2026-06-27,DELIVERED
SHP-002663-1,ORD-002663-1,SUP-0097,2026-03-12,2026-03-12,DELIVERED
SHP-002664-1,ORD-002664-1,SUP-0119,2026-02-09,2026-02-09,DELIVERED
SHP-002664-2,ORD-002664-2,SUP-0119,2026-02-17,2026-02-19,DELIVERED
SHP-002665-1,ORD-002665-1,SUP-0011,2026-02-13,2026-02-13,DELIVERED
SHP-002666-1,ORD-002666-1,SUP-0024,2026-05-14,2026-05-16,DELIVERED
SHP-002666-2,ORD-002666-2,SUP-0024,2026-04-29,2026-05-01,DELIVERED
SHP-002666-3,ORD-002666-3,SUP-0024,2026-05-03,2026-05-03,DELIVERED
SHP-002667-1,ORD-002667-1,SUP-0045,2026-07-19,2026-07-19,DELIVERED
SHP-002667-2,ORD-002667-2,SUP-0045,2026-07-17,2026-07-18,DELIVERED
SHP-002668-1,ORD-002668-1,SUP-0027,2026-05-20,2026-05-20,DELIVERED
SHP-002668-2,ORD-002668-2,SUP-0027,2026-05-18,2026-05-18,DELIVERED
SHP-002668-3,ORD-002668-3,SUP-0027,2026-06-01,2026-06-03,DELIVERED
SHP-002669-1,ORD-002669-1,SUP-0042,2026-05-08,2026-05-08,DELIVERED
SHP-002670-1,ORD-002670-1,SUP-0006,2026-04-13,2026-04-14,DELIVERED
SHP-002670-2,ORD-002670-2,SUP-0006,2026-03-27,2026-03-29,DELIVERED
SHP-002670-3,ORD-002670-3,SUP-0006,2026-04-13,2026-04-13,DELIVERED
SHP-002670-4,ORD-002670-4,SUP-0006,2026-04-16,2026-04-16,DELIVERED
SHP-002671-1,ORD-002671-1,SUP-0056,2026-05-28,2026-05-28,DELIVERED
SHP-002672-1,ORD-002672-1,SUP-0011,2026-06-08,2026-06-10,DELIVERED
SHP-002673-1,ORD-002673-1,SUP-0095,2026-05-26,2026-05-28,DELIVERED
SHP-002673-2,ORD-002673-2,SUP-0095,2026-05-27,2026-05-27,DELIVERED
SHP-002673-3,ORD-002673-3,SUP-0095,2026-06-09,2026-06-09,DELIVERED
SHP-002674-1,ORD-002674-1,SUP-0075,2026-08-04,2026-08-04,DELIVERED
SHP-002675-1,ORD-002675-1,SUP-0114,2026-07-15,2026-07-17,DELIVERED
SHP-002676-1,ORD-002676-1,SUP-0024,2026-07-17,2026-07-18,DELIVERED
SHP-002677-1,ORD-002677-1,SUP-0009,2026-02-05,2026-02-06,DELIVERED
SHP-002677-2,ORD-002677-2,SUP-0009,2026-02-05,2026-02-05,DELIVERED
SHP-002677-3,ORD-002677-3,SUP-0009,2026-02-04,2026-02-05,DELIVERED
SHP-002678-1,ORD-002678-1,SUP-0117,2026-05-25,2026-05-26,DELIVERED
SHP-002678-2,ORD-002678-2,SUP-0117,2026-06-15,2026-06-17,DELIVERED
SHP-002678-3,ORD-002678-3,SUP-0117,2026-06-21,2026-06-21,DELIVERED
SHP-002679-1,ORD-002679-1,SUP-0078,2026-09-18,2026-09-20,IN_TRANSIT
SHP-002680-1,ORD-002680-1,SUP-0013,2026-05-15,2026-05-15,DELIVERED
SHP-002680-2,ORD-002680-2,SUP-0013,2026-05-13,2026-05-13,DELIVERED
SHP-002680-3,ORD-002680-3,SUP-0013,2026-05-19,2026-05-19,DELIVERED
SHP-002681-1,ORD-002681-1,SUP-0111,2026-04-22,2026-04-22,DELIVERED
SHP-002681-2,ORD-002681-2,SUP-0111,2026-04-21,2026-04-21,DELIVERED
SHP-002682-1,ORD-002682-1,SUP-0011,2026-07-14,2026-07-14,DELIVERED
SHP-002683-1,ORD-002683-1,SUP-0005,2026-07-29,2026-07-29,DELIVERED
SHP-002683-2,ORD-002683-2,SUP-0005,2026-08-11,2026-08-11,DELIVERED
SHP-002683-3,ORD-002683-3,SUP-0005,2026-08-04,2026-08-04,DELIVERED
SHP-002683-4,ORD-002683-4,SUP-0005,2026-08-15,2026-08-15,DELIVERED
SHP-002684-1,ORD-002684-1,SUP-0091,2026-04-29,2026-04-30,DELIVERED
SHP-002684-2,ORD-002684-2,SUP-0091,2026-05-14,2026-05-15,DELIVERED
SHP-002684-3,ORD-002684-3,SUP-0091,2026-05-18,2026-05-18,DELIVERED
SHP-002684-4,ORD-002684-4,SUP-0091,2026-05-06,2026-05-06,DELIVERED
SHP-002685-1,ORD-002685-1,SUP-0029,2026-05-28,2026-05-28,DELIVERED
SHP-002685-2,ORD-002685-2,SUP-0029,2026-05-21,2026-05-23,DELIVERED
SHP-002685-3,ORD-002685-3,SUP-0029,2026-05-30,2026-05-30,DELIVERED
SHP-002686-1,ORD-002686-1,SUP-0070,2026-03-09,2026-03-09,DELIVERED
SHP-002687-1,ORD-002687-1,SUP-0001,2026-04-20,2026-04-21,DELIVERED
SHP-002687-2,ORD-002687-2,SUP-0001,2026-05-03,2026-05-05,DELIVERED
SHP-002687-3,ORD-002687-3,SUP-0001,2026-04-18,2026-04-18,DELIVERED
SHP-002687-4,ORD-002687-4,SUP-0001,2026-04-16,2026-04-16,DELIVERED
SHP-002688-1,ORD-002688-1,SUP-0076,2026-01-20,2026-01-20,DELIVERED
SHP-002689-1,ORD-002689-1,SUP-0081,2026-05-04,2026-05-06,DELIVERED
SHP-002689-2,ORD-002689-2,SUP-0081,2026-05-19,2026-05-19,DELIVERED
SHP-002689-3,ORD-002689-3,SUP-0081,2026-05-27,2026-05-27,DELIVERED
SHP-002689-4,ORD-002689-4,SUP-0081,2026-05-03,2026-05-03,DELIVERED
SHP-002690-1,ORD-002690-1,SUP-0087,2026-08-16,2026-08-16,DELIVERED
SHP-002690-2,ORD-002690-2,SUP-0087,2026-08-16,2026-08-17,DELIVERED
SHP-002691-1,ORD-002691-1,SUP-0039,2026-03-23,2026-03-24,DELIVERED
SHP-002692-1,ORD-002692-1,SUP-0008,2026-03-29,2026-03-30,DELIVERED
SHP-002693-1,ORD-002693-1,SUP-0119,2026-08-22,2026-08-23,DELIVERED
SHP-002693-2,ORD-002693-2,SUP-0119,2026-08-16,2026-08-16,DELIVERED
SHP-002693-3,ORD-002693-3,SUP-0119,2026-08-15,2026-08-17,DELIVERED
SHP-002694-1,ORD-002694-1,SUP-0011,2026-03-19,2026-03-19,DELIVERED
SHP-002694-2,ORD-002694-2,SUP-0011,2026-03-26,2026-03-26,DELIVERED
SHP-002694-3,ORD-002694-3,SUP-0011,2026-03-07,2026-03-07,DELIVERED
SHP-002694-4,ORD-002694-4,SUP-0011,2026-03-23,2026-03-23,DELIVERED
SHP-002695-1,ORD-002695-1,SUP-0105,2026-07-10,2026-07-10,DELIVERED
SHP-002695-2,ORD-002695-2,SUP-0105,2026-07-06,2026-07-08,DELIVERED
SHP-002695-3,ORD-002695-3,SUP-0105,2026-06-21,2026-06-21,DELIVERED
SHP-002695-4,ORD-002695-4,SUP-0105,2026-06-24,2026-06-26,DELIVERED
SHP-002696-1,ORD-002696-1,SUP-0057,2026-05-01,2026-05-01,DELIVERED
SHP-002697-1,ORD-002697-1,SUP-0111,2026-03-04,2026-03-04,DELIVERED
SHP-002698-1,ORD-002698-1,SUP-0088,2026-02-22,2026-02-24,DELIVERED
SHP-002698-2,ORD-002698-2,SUP-0088,2026-02-03,2026-02-03,DELIVERED
SHP-002698-3,ORD-002698-3,SUP-0088,2026-02-19,2026-02-19,DELIVERED
SHP-002699-1,ORD-002699-1,SUP-0032,2026-05-14,2026-05-14,DELIVERED
SHP-002699-2,ORD-002699-2,SUP-0032,2026-04-26,2026-04-26,DELIVERED
SHP-002699-3,ORD-002699-3,SUP-0032,2026-05-01,2026-05-02,DELIVERED
SHP-002700-1,ORD-002700-1,SUP-0062,2026-05-26,2026-05-27,DELIVERED
SHP-002700-2,ORD-002700-2,SUP-0062,2026-06-02,2026-06-03,DELIVERED
SHP-002701-1,ORD-002701-1,SUP-0061,2026-04-10,2026-04-10,DELIVERED
SHP-002701-2,ORD-002701-2,SUP-0061,2026-04-10,2026-04-12,DELIVERED
SHP-002702-1,ORD-002702-1,SUP-0119,2026-04-30,2026-05-01,DELIVERED
SHP-002702-2,ORD-002702-2,SUP-0119,2026-05-07,2026-05-09,DELIVERED
SHP-002702-3,ORD-002702-3,SUP-0119,2026-04-20,2026-04-22,DELIVERED
SHP-002702-4,ORD-002702-4,SUP-0119,2026-05-09,2026-05-09,DELIVERED
SHP-002703-1,ORD-002703-1,SUP-0039,2026-06-05,2026-06-05,DELIVERED
SHP-002704-1,ORD-002704-1,SUP-0102,2026-03-26,2026-03-26,DELIVERED
SHP-002704-2,ORD-002704-2,SUP-0102,2026-04-03,2026-04-05,DELIVERED
SHP-002704-3,ORD-002704-3,SUP-0102,2026-04-09,2026-04-09,DELIVERED
SHP-002704-4,ORD-002704-4,SUP-0102,2026-04-05,2026-04-06,DELIVERED
SHP-002705-1,ORD-002705-1,SUP-0036,2026-05-25,2026-05-25,DELIVERED
SHP-002705-2,ORD-002705-2,SUP-0036,2026-05-12,2026-05-14,DELIVERED
SHP-002706-1,ORD-002706-1,SUP-0113,2026-03-30,2026-03-31,DELIVERED
SHP-002707-1,ORD-002707-1,SUP-0059,2026-09-14,2026-09-16,IN_TRANSIT
SHP-002708-1,ORD-002708-1,SUP-0028,2026-04-06,2026-04-07,DELIVERED
SHP-002708-2,ORD-002708-2,SUP-0028,2026-04-19,2026-04-19,DELIVERED
SHP-002708-3,ORD-002708-3,SUP-0028,2026-04-29,2026-05-01,DELIVERED
SHP-002708-4,ORD-002708-4,SUP-0028,2026-04-13,2026-04-13,DELIVERED
SHP-002709-1,ORD-002709-1,SUP-0098,2026-03-25,2026-03-26,DELIVERED
SHP-002709-2,ORD-002709-2,SUP-0098,2026-03-17,2026-03-17,DELIVERED
SHP-002710-1,ORD-002710-1,SUP-0004,2026-05-05,2026-05-06,DELIVERED
SHP-002710-2,ORD-002710-2,SUP-0004,2026-05-03,2026-05-05,DELIVERED
SHP-002710-3,ORD-002710-3,SUP-0004,2026-05-04,2026-05-04,DELIVERED
SHP-002710-4,ORD-002710-4,SUP-0004,2026-04-27,2026-04-27,DELIVERED
SHP-002711-1,ORD-002711-1,SUP-0116,2026-08-17,2026-08-17,DELIVERED
SHP-002711-2,ORD-002711-2,SUP-0116,2026-09-03,2026-09-03,IN_TRANSIT
SHP-002712-1,ORD-002712-1,SUP-0110,2026-04-27,2026-04-27,DELIVERED
SHP-002712-2,ORD-002712-2,SUP-0110,2026-04-05,2026-04-05,DELIVERED
SHP-002712-3,ORD-002712-3,SUP-0110,2026-04-07,2026-04-07,DELIVERED
SHP-002712-4,ORD-002712-4,SUP-0110,2026-04-10,2026-04-11,DELIVERED
SHP-002713-1,ORD-002713-1,SUP-0042,2026-08-01,2026-08-01,DELIVERED
SHP-002713-2,ORD-002713-2,SUP-0042,2026-08-03,2026-08-03,DELIVERED
SHP-002713-3,ORD-002713-3,SUP-0042,2026-07-17,2026-07-18,DELIVERED
SHP-002713-4,ORD-002713-4,SUP-0042,2026-07-13,2026-07-13,DELIVERED
SHP-002714-1,ORD-002714-1,SUP-0071,2026-04-11,2026-04-11,DELIVERED
SHP-002714-2,ORD-002714-2,SUP-0071,2026-04-15,2026-04-16,DELIVERED
SHP-002714-3,ORD-002714-3,SUP-0071,2026-03-24,2026-03-24,DELIVERED
SHP-002714-4,ORD-002714-4,SUP-0071,2026-04-11,2026-04-12,DELIVERED
SHP-002715-1,ORD-002715-1,SUP-0114,2026-07-20,2026-07-21,DELIVERED
SHP-002715-2,ORD-002715-2,SUP-0114,2026-07-16,2026-07-16,DELIVERED
SHP-002715-3,ORD-002715-3,SUP-0114,2026-07-17,2026-07-17,DELIVERED
SHP-002716-1,ORD-002716-1,SUP-0095,2026-05-27,2026-05-29,DELIVERED
SHP-002716-2,ORD-002716-2,SUP-0095,2026-06-01,2026-06-01,DELIVERED
SHP-002716-3,ORD-002716-3,SUP-0095,2026-05-14,2026-05-14,DELIVERED
SHP-002717-1,ORD-002717-1,SUP-0113,2026-08-30,2026-09-01,DELIVERED
SHP-002717-2,ORD-002717-2,SUP-0113,2026-08-17,2026-08-18,DELIVERED
SHP-002718-1,ORD-002718-1,SUP-0102,2026-09-04,2026-09-04,IN_TRANSIT
SHP-002719-1,ORD-002719-1,SUP-0003,2026-07-13,2026-07-14,DELIVERED
SHP-002719-2,ORD-002719-2,SUP-0003,2026-07-11,2026-07-12,DELIVERED
SHP-002719-3,ORD-002719-3,SUP-0003,2026-07-17,2026-07-17,DELIVERED
SHP-002720-1,ORD-002720-1,SUP-0080,2026-07-26,2026-07-26,DELIVERED
SHP-002720-2,ORD-002720-2,SUP-0080,2026-08-02,2026-08-03,DELIVERED
SHP-002720-3,ORD-002720-3,SUP-0080,2026-08-05,2026-08-05,DELIVERED
SHP-002720-4,ORD-002720-4,SUP-0080,2026-08-03,2026-08-03,DELIVERED
SHP-002721-1,ORD-002721-1,SUP-0008,2026-08-19,2026-08-21,DELIVERED
SHP-002722-1,ORD-002722-1,SUP-0064,2026-01-27,2026-01-27,DELIVERED
SHP-002722-2,ORD-002722-2,SUP-0064,2026-02-13,2026-02-15,DELIVERED
SHP-002723-1,ORD-002723-1,SUP-0021,2026-02-22,2026-02-24,DELIVERED
SHP-002723-2,ORD-002723-2,SUP-0021,2026-03-01,2026-03-01,DELIVERED
SHP-002723-3,ORD-002723-3,SUP-0021,2026-03-11,2026-03-11,DELIVERED
SHP-002724-1,ORD-002724-1,SUP-0078,2026-03-27,2026-03-28,DELIVERED
SHP-002725-1,ORD-002725-1,SUP-0068,2026-08-11,2026-08-13,DELIVERED
SHP-002725-2,ORD-002725-2,SUP-0068,2026-08-25,2026-08-25,DELIVERED
SHP-002725-3,ORD-002725-3,SUP-0068,2026-08-25,2026-08-27,DELIVERED
SHP-002726-1,ORD-002726-1,SUP-0110,2026-04-30,2026-04-30,DELIVERED
SHP-002726-2,ORD-002726-2,SUP-0110,2026-05-01,2026-05-01,DELIVERED
SHP-002726-3,ORD-002726-3,SUP-0110,2026-05-10,2026-05-12,DELIVERED
SHP-002726-4,ORD-002726-4,SUP-0110,2026-05-12,2026-05-12,DELIVERED
SHP-002727-1,ORD-002727-1,SUP-0007,2026-07-15,2026-07-16,DELIVERED
SHP-002727-2,ORD-002727-2,SUP-0007,2026-07-15,2026-07-15,DELIVERED
SHP-002727-3,ORD-002727-3,SUP-0007,2026-07-14,2026-07-16,DELIVERED
SHP-002728-1,ORD-002728-1,SUP-0033,2026-05-24,2026-05-24,DELIVERED
SHP-002729-1,ORD-002729-1,SUP-0088,2026-03-19,2026-03-19,DELIVERED
SHP-002730-1,ORD-002730-1,SUP-0008,2026-08-08,2026-08-08,DELIVERED
SHP-002731-1,ORD-002731-1,SUP-0082,2026-05-17,2026-05-19,DELIVERED
SHP-002731-2,ORD-002731-2,SUP-0082,2026-05-11,2026-05-11,DELIVERED
SHP-002731-3,ORD-002731-3,SUP-0082,2026-05-22,2026-05-22,DELIVERED
SHP-002731-4,ORD-002731-4,SUP-0082,2026-05-23,2026-05-23,DELIVERED
SHP-002732-1,ORD-002732-1,SUP-0002,2026-02-03,2026-02-05,DELIVERED
SHP-002732-2,ORD-002732-2,SUP-0002,2026-02-05,2026-02-05,DELIVERED
SHP-002733-1,ORD-002733-1,SUP-0104,2026-08-29,2026-08-29,DELIVERED
SHP-002733-2,ORD-002733-2,SUP-0104,2026-09-09,2026-09-10,IN_TRANSIT
SHP-002734-1,ORD-002734-1,SUP-0018,2026-02-17,2026-02-17,DELIVERED
SHP-002734-2,ORD-002734-2,SUP-0018,2026-02-17,2026-02-18,DELIVERED
SHP-002734-3,ORD-002734-3,SUP-0018,2026-03-03,2026-03-05,DELIVERED
SHP-002734-4,ORD-002734-4,SUP-0018,2026-02-26,2026-02-26,DELIVERED
SHP-002735-1,ORD-002735-1,SUP-0070,2026-02-14,2026-02-16,DELIVERED
SHP-002736-1,ORD-002736-1,SUP-0093,2026-07-20,2026-07-21,DELIVERED
SHP-002736-2,ORD-002736-2,SUP-0093,2026-08-08,2026-08-08,DELIVERED
SHP-002736-3,ORD-002736-3,SUP-0093,2026-08-06,2026-08-06,DELIVERED
SHP-002736-4,ORD-002736-4,SUP-0093,2026-08-04,2026-08-05,DELIVERED
SHP-002737-1,ORD-002737-1,SUP-0112,2026-07-16,2026-07-18,DELIVERED
SHP-002737-2,ORD-002737-2,SUP-0112,2026-07-14,2026-07-14,DELIVERED
SHP-002737-3,ORD-002737-3,SUP-0112,2026-07-02,2026-07-02,DELIVERED
SHP-002737-4,ORD-002737-4,SUP-0112,2026-06-29,2026-06-29,DELIVERED
SHP-002738-1,ORD-002738-1,SUP-0025,2026-08-20,2026-08-20,DELIVERED
SHP-002738-2,ORD-002738-2,SUP-0025,2026-09-02,2026-09-02,IN_TRANSIT
SHP-002739-1,ORD-002739-1,SUP-0034,2026-04-23,2026-04-23,DELIVERED
SHP-002739-2,ORD-002739-2,SUP-0034,2026-04-26,2026-04-26,DELIVERED
SHP-002739-3,ORD-002739-3,SUP-0034,2026-04-22,2026-04-22,DELIVERED
SHP-002740-1,ORD-002740-1,SUP-0065,2026-02-19,2026-02-19,DELIVERED
SHP-002740-2,ORD-002740-2,SUP-0065,2026-02-25,2026-02-27,DELIVERED
SHP-002740-3,ORD-002740-3,SUP-0065,2026-02-10,2026-02-10,DELIVERED
SHP-002740-4,ORD-002740-4,SUP-0065,2026-02-16,2026-02-16,DELIVERED
SHP-002741-1,ORD-002741-1,SUP-0008,2026-04-05,2026-04-06,DELIVERED
SHP-002741-2,ORD-002741-2,SUP-0008,2026-04-03,2026-04-03,DELIVERED
SHP-002741-3,ORD-002741-3,SUP-0008,2026-04-21,2026-04-22,DELIVERED
SHP-002741-4,ORD-002741-4,SUP-0008,2026-04-04,2026-04-04,DELIVERED
SHP-002742-1,ORD-002742-1,SUP-0020,2026-05-12,2026-05-13,DELIVERED
SHP-002743-1,ORD-002743-1,SUP-0069,2026-06-10,2026-06-10,DELIVERED
SHP-002743-2,ORD-002743-2,SUP-0069,2026-06-13,2026-06-15,DELIVERED
SHP-002743-3,ORD-002743-3,SUP-0069,2026-06-05,2026-06-05,DELIVERED
SHP-002743-4,ORD-002743-4,SUP-0069,2026-06-10,2026-06-11,DELIVERED
SHP-002744-1,ORD-002744-1,SUP-0119,2026-06-09,2026-06-10,DELIVERED
SHP-002744-2,ORD-002744-2,SUP-0119,2026-06-15,2026-06-15,DELIVERED
SHP-002744-3,ORD-002744-3,SUP-0119,2026-06-07,2026-06-07,DELIVERED
SHP-002744-4,ORD-002744-4,SUP-0119,2026-06-26,2026-06-26,DELIVERED
SHP-002745-1,ORD-002745-1,SUP-0087,2026-08-21,2026-08-21,DELIVERED
SHP-002745-2,ORD-002745-2,SUP-0087,2026-08-21,2026-08-21,DELIVERED
SHP-002745-3,ORD-002745-3,SUP-0087,2026-08-16,2026-08-18,DELIVERED
SHP-002746-1,ORD-002746-1,SUP-0054,2026-07-21,2026-07-21,DELIVERED
SHP-002746-2,ORD-002746-2,SUP-0054,2026-07-21,2026-07-23,DELIVERED
SHP-002747-1,ORD-002747-1,SUP-0095,2026-04-18,2026-04-20,DELIVERED
SHP-002747-2,ORD-002747-2,SUP-0095,2026-04-20,2026-04-22,DELIVERED
SHP-002747-3,ORD-002747-3,SUP-0095,2026-04-11,2026-04-13,DELIVERED
SHP-002747-4,ORD-002747-4,SUP-0095,2026-04-13,2026-04-14,DELIVERED
SHP-002748-1,ORD-002748-1,SUP-0068,2026-07-28,2026-07-28,DELIVERED
SHP-002748-2,ORD-002748-2,SUP-0068,2026-07-30,2026-07-31,DELIVERED
SHP-002748-3,ORD-002748-3,SUP-0068,2026-07-14,2026-07-16,DELIVERED
SHP-002748-4,ORD-002748-4,SUP-0068,2026-07-11,2026-07-13,DELIVERED
SHP-002749-1,ORD-002749-1,SUP-0053,2026-06-06,2026-06-07,DELIVERED
SHP-002749-2,ORD-002749-2,SUP-0053,2026-05-25,2026-05-25,DELIVERED
SHP-002750-1,ORD-002750-1,SUP-0054,2026-06-09,2026-06-10,DELIVERED
SHP-002750-2,ORD-002750-2,SUP-0054,2026-06-08,2026-06-08,DELIVERED
SHP-002750-3,ORD-002750-3,SUP-0054,2026-06-17,2026-06-17,DELIVERED
SHP-002751-1,ORD-002751-1,SUP-0017,2026-05-07,2026-05-08,DELIVERED
SHP-002751-2,ORD-002751-2,SUP-0017,2026-05-05,2026-05-05,DELIVERED
SHP-002751-3,ORD-002751-3,SUP-0017,2026-05-02,2026-05-04,DELIVERED
SHP-002752-1,ORD-002752-1,SUP-0052,2026-09-08,2026-09-09,IN_TRANSIT
SHP-002752-2,ORD-002752-2,SUP-0052,2026-09-28,2026-09-28,IN_TRANSIT
SHP-002753-1,ORD-002753-1,SUP-0081,2026-05-01,2026-05-01,DELIVERED
SHP-002754-1,ORD-002754-1,SUP-0046,2026-04-07,2026-04-08,DELIVERED
SHP-002754-2,ORD-002754-2,SUP-0046,2026-03-30,2026-04-01,DELIVERED
SHP-002754-3,ORD-002754-3,SUP-0046,2026-03-30,2026-03-31,DELIVERED
SHP-002754-4,ORD-002754-4,SUP-0046,2026-04-07,2026-04-07,DELIVERED
SHP-002755-1,ORD-002755-1,SUP-0026,2026-06-25,2026-06-27,DELIVERED
SHP-002755-2,ORD-002755-2,SUP-0026,2026-06-20,2026-06-20,DELIVERED
SHP-002756-1,ORD-002756-1,SUP-0113,2026-08-21,2026-08-21,DELIVERED
SHP-002756-2,ORD-002756-2,SUP-0113,2026-08-26,2026-08-28,DELIVERED
SHP-002756-3,ORD-002756-3,SUP-0113,2026-09-01,2026-09-01,DELIVERED
SHP-002756-4,ORD-002756-4,SUP-0113,2026-08-24,2026-08-24,DELIVERED
SHP-002757-1,ORD-002757-1,SUP-0081,2026-09-02,2026-09-02,IN_TRANSIT
SHP-002757-2,ORD-002757-2,SUP-0081,2026-09-01,2026-09-02,IN_TRANSIT
SHP-002757-3,ORD-002757-3,SUP-0081,2026-08-24,2026-08-24,DELIVERED
SHP-002758-1,ORD-002758-1,SUP-0118,2026-04-28,2026-04-29,DELIVERED
SHP-002758-2,ORD-002758-2,SUP-0118,2026-05-08,2026-05-08,DELIVERED
SHP-002759-1,ORD-002759-1,SUP-0002,2026-07-12,2026-07-12,DELIVERED
SHP-002759-2,ORD-002759-2,SUP-0002,2026-07-21,2026-07-21,DELIVERED
SHP-002760-1,ORD-002760-1,SUP-0005,2026-07-21,2026-07-21,DELIVERED
SHP-002760-2,ORD-002760-2,SUP-0005,2026-07-28,2026-07-28,DELIVERED
SHP-002760-3,ORD-002760-3,SUP-0005,2026-07-18,2026-07-18,DELIVERED
SHP-002760-4,ORD-002760-4,SUP-0005,2026-07-11,2026-07-11,DELIVERED
SHP-002761-1,ORD-002761-1,SUP-0071,2026-05-11,2026-05-11,DELIVERED
SHP-002762-1,ORD-002762-1,SUP-0001,2026-05-04,2026-05-05,DELIVERED
SHP-002762-2,ORD-002762-2,SUP-0001,2026-04-14,2026-04-14,DELIVERED
SHP-002763-1,ORD-002763-1,SUP-0002,2026-02-10,2026-02-12,DELIVERED
SHP-002763-2,ORD-002763-2,SUP-0002,2026-02-07,2026-02-07,DELIVERED
SHP-002763-3,ORD-002763-3,SUP-0002,2026-02-11,2026-02-11,DELIVERED
SHP-002763-4,ORD-002763-4,SUP-0002,2026-02-04,2026-02-04,DELIVERED
SHP-002764-1,ORD-002764-1,SUP-0059,2026-07-05,2026-07-07,DELIVERED
SHP-002764-2,ORD-002764-2,SUP-0059,2026-06-23,2026-06-24,DELIVERED
SHP-002765-1,ORD-002765-1,SUP-0026,2026-07-20,2026-07-20,DELIVERED
SHP-002765-2,ORD-002765-2,SUP-0026,2026-07-06,2026-07-08,DELIVERED
SHP-002765-3,ORD-002765-3,SUP-0026,2026-07-04,2026-07-06,DELIVERED
SHP-002766-1,ORD-002766-1,SUP-0084,2026-03-22,2026-03-22,DELIVERED
SHP-002767-1,ORD-002767-1,SUP-0042,2026-05-01,2026-05-01,DELIVERED
SHP-002767-2,ORD-002767-2,SUP-0042,2026-05-04,2026-05-05,DELIVERED
SHP-002767-3,ORD-002767-3,SUP-0042,2026-05-10,2026-05-10,DELIVERED
SHP-002767-4,ORD-002767-4,SUP-0042,2026-04-29,2026-05-01,DELIVERED
SHP-002768-1,ORD-002768-1,SUP-0088,2026-04-09,2026-04-09,DELIVERED
SHP-002769-1,ORD-002769-1,SUP-0066,2026-04-09,2026-04-11,DELIVERED
SHP-002769-2,ORD-002769-2,SUP-0066,2026-04-23,2026-04-25,DELIVERED
SHP-002769-3,ORD-002769-3,SUP-0066,2026-04-10,2026-04-11,DELIVERED
SHP-002769-4,ORD-002769-4,SUP-0066,2026-04-15,2026-04-17,DELIVERED
SHP-002770-1,ORD-002770-1,SUP-0082,2026-04-24,2026-04-24,DELIVERED
SHP-002771-1,ORD-002771-1,SUP-0058,2026-07-23,2026-07-23,DELIVERED
SHP-002771-2,ORD-002771-2,SUP-0058,2026-07-29,2026-07-29,DELIVERED
SHP-002771-3,ORD-002771-3,SUP-0058,2026-07-24,2026-07-26,DELIVERED
SHP-002772-1,ORD-002772-1,SUP-0015,2026-08-12,2026-08-12,DELIVERED
SHP-002772-2,ORD-002772-2,SUP-0015,2026-07-29,2026-07-31,DELIVERED
SHP-002772-3,ORD-002772-3,SUP-0015,2026-07-30,2026-07-30,DELIVERED
SHP-002773-1,ORD-002773-1,SUP-0089,2026-08-19,2026-08-20,DELIVERED
SHP-002773-2,ORD-002773-2,SUP-0089,2026-08-14,2026-08-14,DELIVERED
SHP-002773-3,ORD-002773-3,SUP-0089,2026-08-09,2026-08-09,DELIVERED
SHP-002773-4,ORD-002773-4,SUP-0089,2026-08-26,2026-08-26,DELIVERED
SHP-002774-1,ORD-002774-1,SUP-0005,2026-03-22,2026-03-22,DELIVERED
SHP-002774-2,ORD-002774-2,SUP-0005,2026-03-19,2026-03-19,DELIVERED
SHP-002774-3,ORD-002774-3,SUP-0005,2026-03-27,2026-03-27,DELIVERED
SHP-002775-1,ORD-002775-1,SUP-0059,2026-03-22,2026-03-23,DELIVERED
SHP-002775-2,ORD-002775-2,SUP-0059,2026-03-12,2026-03-12,DELIVERED
SHP-002776-1,ORD-002776-1,SUP-0066,2026-06-07,2026-06-09,DELIVERED
SHP-002776-2,ORD-002776-2,SUP-0066,2026-06-15,2026-06-17,DELIVERED
SHP-002776-3,ORD-002776-3,SUP-0066,2026-06-07,2026-06-07,DELIVERED
SHP-002777-1,ORD-002777-1,SUP-0007,2026-04-19,2026-04-20,DELIVERED
SHP-002777-2,ORD-002777-2,SUP-0007,2026-05-02,2026-05-02,DELIVERED
SHP-002777-3,ORD-002777-3,SUP-0007,2026-04-29,2026-04-29,DELIVERED
SHP-002778-1,ORD-002778-1,SUP-0037,2026-07-14,2026-07-15,DELIVERED
SHP-002779-1,ORD-002779-1,SUP-0006,2026-07-01,2026-07-01,DELIVERED
SHP-002780-1,ORD-002780-1,SUP-0026,2026-08-29,2026-08-31,DELIVERED
SHP-002780-2,ORD-002780-2,SUP-0026,2026-08-30,2026-08-30,DELIVERED
SHP-002780-3,ORD-002780-3,SUP-0026,2026-09-02,2026-09-02,IN_TRANSIT
SHP-002781-1,ORD-002781-1,SUP-0011,2026-09-04,2026-09-04,IN_TRANSIT
SHP-002781-2,ORD-002781-2,SUP-0011,2026-09-05,2026-09-05,IN_TRANSIT
SHP-002781-3,ORD-002781-3,SUP-0011,2026-08-28,2026-08-28,DELIVERED
SHP-002781-4,ORD-002781-4,SUP-0011,2026-08-27,2026-08-28,DELIVERED
SHP-002782-1,ORD-002782-1,SUP-0033,2026-07-10,2026-07-10,DELIVERED
SHP-002782-2,ORD-002782-2,SUP-0033,2026-07-16,2026-07-17,DELIVERED
SHP-002782-3,ORD-002782-3,SUP-0033,2026-07-19,2026-07-19,DELIVERED
SHP-002782-4,ORD-002782-4,SUP-0033,2026-07-06,2026-07-06,DELIVERED
SHP-002783-1,ORD-002783-1,SUP-0011,2026-07-08,2026-07-08,DELIVERED
SHP-002783-2,ORD-002783-2,SUP-0011,2026-07-12,2026-07-12,DELIVERED
SHP-002783-3,ORD-002783-3,SUP-0011,2026-07-03,2026-07-03,DELIVERED
SHP-002783-4,ORD-002783-4,SUP-0011,2026-07-10,2026-07-10,DELIVERED
SHP-002784-1,ORD-002784-1,SUP-0069,2026-05-22,2026-05-22,DELIVERED
SHP-002785-1,ORD-002785-1,SUP-0030,2026-06-02,2026-06-02,DELIVERED
SHP-002785-2,ORD-002785-2,SUP-0030,2026-06-07,2026-06-07,DELIVERED
SHP-002786-1,ORD-002786-1,SUP-0042,2026-03-12,2026-03-13,DELIVERED
SHP-002787-1,ORD-002787-1,SUP-0010,2026-07-30,2026-07-30,DELIVERED
SHP-002787-2,ORD-002787-2,SUP-0010,2026-08-14,2026-08-14,DELIVERED
SHP-002787-3,ORD-002787-3,SUP-0010,2026-07-29,2026-07-29,DELIVERED
SHP-002787-4,ORD-002787-4,SUP-0010,2026-08-13,2026-08-13,DELIVERED
SHP-002788-1,ORD-002788-1,SUP-0017,2026-02-02,2026-02-02,DELIVERED
SHP-002788-2,ORD-002788-2,SUP-0017,2026-01-22,2026-01-22,DELIVERED
SHP-002788-3,ORD-002788-3,SUP-0017,2026-02-05,2026-02-05,DELIVERED
SHP-002788-4,ORD-002788-4,SUP-0017,2026-02-16,2026-02-17,DELIVERED
SHP-002789-1,ORD-002789-1,SUP-0082,2026-06-13,2026-06-13,DELIVERED
SHP-002790-1,ORD-002790-1,SUP-0093,2026-04-07,2026-04-07,DELIVERED
SHP-002790-2,ORD-002790-2,SUP-0093,2026-04-07,2026-04-07,DELIVERED
SHP-002790-3,ORD-002790-3,SUP-0093,2026-04-01,2026-04-01,DELIVERED
SHP-002791-1,ORD-002791-1,SUP-0050,2026-06-28,2026-06-28,DELIVERED
SHP-002791-2,ORD-002791-2,SUP-0050,2026-07-16,2026-07-16,DELIVERED
SHP-002792-1,ORD-002792-1,SUP-0103,2026-01-30,2026-01-30,DELIVERED
SHP-002793-1,ORD-002793-1,SUP-0084,2026-05-28,2026-05-28,DELIVERED
SHP-002793-2,ORD-002793-2,SUP-0084,2026-06-04,2026-06-04,DELIVERED
SHP-002794-1,ORD-002794-1,SUP-0029,2026-05-06,2026-05-06,DELIVERED
SHP-002794-2,ORD-002794-2,SUP-0029,2026-04-27,2026-04-27,DELIVERED
SHP-002795-1,ORD-002795-1,SUP-0079,2026-04-09,2026-04-09,DELIVERED
SHP-002796-1,ORD-002796-1,SUP-0106,2026-09-21,2026-09-21,IN_TRANSIT
SHP-002796-2,ORD-002796-2,SUP-0106,2026-09-11,2026-09-11,IN_TRANSIT
SHP-002797-1,ORD-002797-1,SUP-0004,2026-05-20,2026-05-22,DELIVERED
SHP-002797-2,ORD-002797-2,SUP-0004,2026-05-23,2026-05-25,DELIVERED
SHP-002797-3,ORD-002797-3,SUP-0004,2026-05-15,2026-05-15,DELIVERED
SHP-002798-1,ORD-002798-1,SUP-0022,2026-03-17,2026-03-17,DELIVERED
SHP-002799-1,ORD-002799-1,SUP-0074,2026-08-26,2026-08-26,DELIVERED
SHP-002799-2,ORD-002799-2,SUP-0074,2026-09-05,2026-09-05,IN_TRANSIT
SHP-002799-3,ORD-002799-3,SUP-0074,2026-08-30,2026-08-30,DELIVERED
SHP-002799-4,ORD-002799-4,SUP-0074,2026-08-25,2026-08-27,DELIVERED
SHP-002800-1,ORD-002800-1,SUP-0053,2026-03-27,2026-03-27,DELIVERED
SHP-002800-2,ORD-002800-2,SUP-0053,2026-04-05,2026-04-05,DELIVERED
SHP-002800-3,ORD-002800-3,SUP-0053,2026-04-09,2026-04-09,DELIVERED
SHP-002801-1,ORD-002801-1,SUP-0100,2026-02-08,2026-02-08,DELIVERED
SHP-002801-2,ORD-002801-2,SUP-0100,2026-01-16,2026-01-18,DELIVERED
SHP-002802-1,ORD-002802-1,SUP-0108,2026-06-15,2026-06-16,DELIVERED
SHP-002802-2,ORD-002802-2,SUP-0108,2026-06-08,2026-06-10,DELIVERED
SHP-002802-3,ORD-002802-3,SUP-0108,2026-06-29,2026-06-30,DELIVERED
SHP-002803-1,ORD-002803-1,SUP-0103,2026-04-12,2026-04-12,DELIVERED
SHP-002803-2,ORD-002803-2,SUP-0103,2026-04-01,2026-04-01,DELIVERED
SHP-002803-3,ORD-002803-3,SUP-0103,2026-04-20,2026-04-20,DELIVERED
SHP-002803-4,ORD-002803-4,SUP-0103,2026-04-09,2026-04-09,DELIVERED
SHP-002804-1,ORD-002804-1,SUP-0017,2026-03-06,2026-03-07,DELIVERED
SHP-002804-2,ORD-002804-2,SUP-0017,2026-03-18,2026-03-18,DELIVERED
SHP-002804-3,ORD-002804-3,SUP-0017,2026-03-22,2026-03-24,DELIVERED
SHP-002804-4,ORD-002804-4,SUP-0017,2026-03-20,2026-03-20,DELIVERED
SHP-002805-1,ORD-002805-1,SUP-0070,2026-07-09,2026-07-11,DELIVERED
SHP-002805-2,ORD-002805-2,SUP-0070,2026-07-10,2026-07-12,DELIVERED
SHP-002806-1,ORD-002806-1,SUP-0110,2026-03-30,2026-03-30,DELIVERED
SHP-002806-2,ORD-002806-2,SUP-0110,2026-03-02,2026-03-03,DELIVERED
SHP-002807-1,ORD-002807-1,SUP-0019,2026-07-20,2026-07-20,DELIVERED
SHP-002808-1,ORD-002808-1,SUP-0022,2026-04-22,2026-04-22,DELIVERED
SHP-002808-2,ORD-002808-2,SUP-0022,2026-05-04,2026-05-04,DELIVERED
SHP-002809-1,ORD-002809-1,SUP-0116,2026-01-22,2026-01-22,DELIVERED
SHP-002809-2,ORD-002809-2,SUP-0116,2026-02-11,2026-02-11,DELIVERED
SHP-002810-1,ORD-002810-1,SUP-0027,2026-06-03,2026-06-03,DELIVERED
SHP-002811-1,ORD-002811-1,SUP-0075,2026-04-20,2026-04-20,DELIVERED
SHP-002811-2,ORD-002811-2,SUP-0075,2026-04-08,2026-04-08,DELIVERED
SHP-002811-3,ORD-002811-3,SUP-0075,2026-04-25,2026-04-25,DELIVERED
SHP-002812-1,ORD-002812-1,SUP-0072,2026-07-01,2026-07-01,DELIVERED
SHP-002812-2,ORD-002812-2,SUP-0072,2026-06-30,2026-06-30,DELIVERED
SHP-002812-3,ORD-002812-3,SUP-0072,2026-06-17,2026-06-19,DELIVERED
SHP-002813-1,ORD-002813-1,SUP-0082,2026-06-23,2026-06-23,DELIVERED
SHP-002813-2,ORD-002813-2,SUP-0082,2026-07-03,2026-07-03,DELIVERED
SHP-002813-3,ORD-002813-3,SUP-0082,2026-06-15,2026-06-16,DELIVERED
SHP-002813-4,ORD-002813-4,SUP-0082,2026-06-09,2026-06-10,DELIVERED
SHP-002814-1,ORD-002814-1,SUP-0085,2026-06-04,2026-06-04,DELIVERED
SHP-002815-1,ORD-002815-1,SUP-0073,2026-04-10,2026-04-10,DELIVERED
SHP-002815-2,ORD-002815-2,SUP-0073,2026-04-11,2026-04-11,DELIVERED
SHP-002816-1,ORD-002816-1,SUP-0035,2026-03-09,2026-03-09,DELIVERED
SHP-002816-2,ORD-002816-2,SUP-0035,2026-02-23,2026-02-23,DELIVERED
SHP-002816-3,ORD-002816-3,SUP-0035,2026-03-06,2026-03-06,DELIVERED
SHP-002817-1,ORD-002817-1,SUP-0043,2026-09-12,2026-09-12,IN_TRANSIT
SHP-002818-1,ORD-002818-1,SUP-0096,2026-03-08,2026-03-10,DELIVERED
SHP-002818-2,ORD-002818-2,SUP-0096,2026-03-11,2026-03-12,DELIVERED
SHP-002818-3,ORD-002818-3,SUP-0096,2026-03-10,2026-03-11,DELIVERED
SHP-002818-4,ORD-002818-4,SUP-0096,2026-03-14,2026-03-14,DELIVERED
SHP-002819-1,ORD-002819-1,SUP-0059,2026-07-25,2026-07-27,DELIVERED
SHP-002820-1,ORD-002820-1,SUP-0099,2026-04-29,2026-04-29,DELIVERED
SHP-002820-2,ORD-002820-2,SUP-0099,2026-04-30,2026-04-30,DELIVERED
SHP-002821-1,ORD-002821-1,SUP-0075,2026-09-01,2026-09-01,DELIVERED
SHP-002821-2,ORD-002821-2,SUP-0075,2026-08-25,2026-08-27,DELIVERED
SHP-002821-3,ORD-002821-3,SUP-0075,2026-09-07,2026-09-08,IN_TRANSIT
SHP-002821-4,ORD-002821-4,SUP-0075,2026-08-13,2026-08-13,DELIVERED
SHP-002822-1,ORD-002822-1,SUP-0010,2026-05-17,2026-05-17,DELIVERED
SHP-002822-2,ORD-002822-2,SUP-0010,2026-05-31,2026-06-02,DELIVERED
SHP-002823-1,ORD-002823-1,SUP-0066,2026-06-08,2026-06-08,DELIVERED
SHP-002823-2,ORD-002823-2,SUP-0066,2026-06-17,2026-06-17,DELIVERED
SHP-002823-3,ORD-002823-3,SUP-0066,2026-06-14,2026-06-14,DELIVERED
SHP-002823-4,ORD-002823-4,SUP-0066,2026-06-14,2026-06-14,DELIVERED
SHP-002824-1,ORD-002824-1,SUP-0120,2026-05-26,2026-05-26,DELIVERED
SHP-002825-1,ORD-002825-1,SUP-0014,2026-02-21,2026-02-21,DELIVERED
SHP-002825-2,ORD-002825-2,SUP-0014,2026-02-20,2026-02-20,DELIVERED
SHP-002826-1,ORD-002826-1,SUP-0051,2026-07-07,2026-07-07,DELIVERED
SHP-002827-1,ORD-002827-1,SUP-0045,2026-02-16,2026-02-16,DELIVERED
SHP-002827-2,ORD-002827-2,SUP-0045,2026-02-18,2026-02-18,DELIVERED
SHP-002827-3,ORD-002827-3,SUP-0045,2026-03-11,2026-03-11,DELIVERED
SHP-002827-4,ORD-002827-4,SUP-0045,2026-02-28,2026-03-01,DELIVERED
SHP-002828-1,ORD-002828-1,SUP-0093,2026-07-20,2026-07-20,DELIVERED
SHP-002828-2,ORD-002828-2,SUP-0093,2026-08-18,2026-08-20,DELIVERED
SHP-002828-3,ORD-002828-3,SUP-0093,2026-08-12,2026-08-12,DELIVERED
SHP-002829-1,ORD-002829-1,SUP-0099,2026-08-13,2026-08-13,DELIVERED
SHP-002830-1,ORD-002830-1,SUP-0085,2026-09-07,2026-09-09,IN_TRANSIT
SHP-002830-2,ORD-002830-2,SUP-0085,2026-08-24,2026-08-24,DELIVERED
SHP-002830-3,ORD-002830-3,SUP-0085,2026-08-20,2026-08-21,DELIVERED
SHP-002830-4,ORD-002830-4,SUP-0085,2026-09-02,2026-09-02,IN_TRANSIT
SHP-002831-1,ORD-002831-1,SUP-0069,2026-06-22,2026-06-22,DELIVERED
SHP-002831-2,ORD-002831-2,SUP-0069,2026-07-08,2026-07-08,DELIVERED
SHP-002831-3,ORD-002831-3,SUP-0069,2026-06-30,2026-06-30,DELIVERED
SHP-002831-4,ORD-002831-4,SUP-0069,2026-07-08,2026-07-10,DELIVERED
SHP-002832-1,ORD-002832-1,SUP-0067,2026-07-12,2026-07-12,DELIVERED
SHP-002833-1,ORD-002833-1,SUP-0033,2026-06-09,2026-06-09,DELIVERED
SHP-002833-2,ORD-002833-2,SUP-0033,2026-05-26,2026-05-26,DELIVERED
SHP-002833-3,ORD-002833-3,SUP-0033,2026-06-06,2026-06-07,DELIVERED
SHP-002834-1,ORD-002834-1,SUP-0011,2026-07-14,2026-07-14,DELIVERED
SHP-002834-2,ORD-002834-2,SUP-0011,2026-07-18,2026-07-20,DELIVERED
SHP-002834-3,ORD-002834-3,SUP-0011,2026-06-29,2026-06-29,DELIVERED
SHP-002834-4,ORD-002834-4,SUP-0011,2026-07-20,2026-07-20,DELIVERED
SHP-002835-1,ORD-002835-1,SUP-0080,2026-07-24,2026-07-26,DELIVERED
SHP-002835-2,ORD-002835-2,SUP-0080,2026-07-29,2026-07-31,DELIVERED
SHP-002835-3,ORD-002835-3,SUP-0080,2026-08-07,2026-08-08,DELIVERED
SHP-002835-4,ORD-002835-4,SUP-0080,2026-07-23,2026-07-23,DELIVERED
SHP-002836-1,ORD-002836-1,SUP-0046,2026-05-28,2026-05-28,DELIVERED
SHP-002836-2,ORD-002836-2,SUP-0046,2026-05-29,2026-05-31,DELIVERED
SHP-002836-3,ORD-002836-3,SUP-0046,2026-06-10,2026-06-11,DELIVERED
SHP-002837-1,ORD-002837-1,SUP-0119,2026-04-12,2026-04-12,DELIVERED
SHP-002838-1,ORD-002838-1,SUP-0051,2026-05-08,2026-05-08,DELIVERED
SHP-002839-1,ORD-002839-1,SUP-0098,2026-07-30,2026-08-01,DELIVERED
SHP-002839-2,ORD-002839-2,SUP-0098,2026-07-18,2026-07-19,DELIVERED
SHP-002840-1,ORD-002840-1,SUP-0057,2026-06-18,2026-06-18,DELIVERED
SHP-002841-1,ORD-002841-1,SUP-0003,2026-04-09,2026-04-10,DELIVERED
SHP-002841-2,ORD-002841-2,SUP-0003,2026-04-13,2026-04-13,DELIVERED
SHP-002841-3,ORD-002841-3,SUP-0003,2026-04-01,2026-04-01,DELIVERED
SHP-002842-1,ORD-002842-1,SUP-0117,2026-06-21,2026-06-22,DELIVERED
SHP-002842-2,ORD-002842-2,SUP-0117,2026-06-23,2026-06-23,DELIVERED
SHP-002842-3,ORD-002842-3,SUP-0117,2026-07-02,2026-07-03,DELIVERED
SHP-002842-4,ORD-002842-4,SUP-0117,2026-06-14,2026-06-15,DELIVERED
SHP-002843-1,ORD-002843-1,SUP-0001,2026-02-25,2026-02-25,DELIVERED
SHP-002844-1,ORD-002844-1,SUP-0015,2026-03-27,2026-03-27,DELIVERED
SHP-002844-2,ORD-002844-2,SUP-0015,2026-04-04,2026-04-04,DELIVERED
SHP-002845-1,ORD-002845-1,SUP-0063,2026-02-27,2026-02-27,DELIVERED
SHP-002846-1,ORD-002846-1,SUP-0040,2026-09-25,2026-09-25,IN_TRANSIT
SHP-002846-2,ORD-002846-2,SUP-0040,2026-09-22,2026-09-22,IN_TRANSIT
SHP-002847-1,ORD-002847-1,SUP-0060,2026-03-09,2026-03-10,DELIVERED
SHP-002847-2,ORD-002847-2,SUP-0060,2026-03-02,2026-03-02,DELIVERED
SHP-002847-3,ORD-002847-3,SUP-0060,2026-03-06,2026-03-06,DELIVERED
SHP-002848-1,ORD-002848-1,SUP-0116,2026-08-04,2026-08-06,DELIVERED
SHP-002848-2,ORD-002848-2,SUP-0116,2026-07-25,2026-07-25,DELIVERED
SHP-002848-3,ORD-002848-3,SUP-0116,2026-07-15,2026-07-17,DELIVERED
SHP-002848-4,ORD-002848-4,SUP-0116,2026-07-25,2026-07-25,DELIVERED
SHP-002849-1,ORD-002849-1,SUP-0072,2026-05-18,2026-05-19,DELIVERED
SHP-002849-2,ORD-002849-2,SUP-0072,2026-05-15,2026-05-15,DELIVERED
SHP-002849-3,ORD-002849-3,SUP-0072,2026-05-11,2026-05-11,DELIVERED
SHP-002850-1,ORD-002850-1,SUP-0100,2026-06-17,2026-06-19,DELIVERED
SHP-002850-2,ORD-002850-2,SUP-0100,2026-06-20,2026-06-22,DELIVERED
SHP-002851-1,ORD-002851-1,SUP-0022,2026-06-20,2026-06-20,DELIVERED
SHP-002851-2,ORD-002851-2,SUP-0022,2026-06-02,2026-06-03,DELIVERED
SHP-002852-1,ORD-002852-1,SUP-0063,2026-07-29,2026-07-29,DELIVERED
SHP-002853-1,ORD-002853-1,SUP-0065,2026-06-07,2026-06-07,DELIVERED
SHP-002853-2,ORD-002853-2,SUP-0065,2026-06-04,2026-06-04,DELIVERED
SHP-002854-1,ORD-002854-1,SUP-0090,2026-07-04,2026-07-05,DELIVERED
SHP-002854-2,ORD-002854-2,SUP-0090,2026-07-02,2026-07-03,DELIVERED
SHP-002854-3,ORD-002854-3,SUP-0090,2026-06-29,2026-06-29,DELIVERED
SHP-002855-1,ORD-002855-1,SUP-0038,2026-02-13,2026-02-13,DELIVERED
SHP-002855-2,ORD-002855-2,SUP-0038,2026-01-20,2026-01-21,DELIVERED
SHP-002855-3,ORD-002855-3,SUP-0038,2026-01-22,2026-01-24,DELIVERED
SHP-002856-1,ORD-002856-1,SUP-0006,2026-07-08,2026-07-10,DELIVERED
SHP-002856-2,ORD-002856-2,SUP-0006,2026-07-25,2026-07-25,DELIVERED
SHP-002856-3,ORD-002856-3,SUP-0006,2026-07-24,2026-07-24,DELIVERED
SHP-002856-4,ORD-002856-4,SUP-0006,2026-07-24,2026-07-24,DELIVERED
SHP-002857-1,ORD-002857-1,SUP-0066,2026-03-14,2026-03-14,DELIVERED
SHP-002857-2,ORD-002857-2,SUP-0066,2026-03-07,2026-03-09,DELIVERED
SHP-002857-3,ORD-002857-3,SUP-0066,2026-03-21,2026-03-21,DELIVERED
SHP-002858-1,ORD-002858-1,SUP-0106,2026-07-15,2026-07-15,DELIVERED
SHP-002858-2,ORD-002858-2,SUP-0106,2026-07-08,2026-07-08,DELIVERED
SHP-002858-3,ORD-002858-3,SUP-0106,2026-07-20,2026-07-20,DELIVERED
SHP-002858-4,ORD-002858-4,SUP-0106,2026-07-17,2026-07-17,DELIVERED
SHP-002859-1,ORD-002859-1,SUP-0028,2026-01-31,2026-02-01,DELIVERED
SHP-002859-2,ORD-002859-2,SUP-0028,2026-02-10,2026-02-11,DELIVERED
SHP-002859-3,ORD-002859-3,SUP-0028,2026-02-17,2026-02-17,DELIVERED
SHP-002859-4,ORD-002859-4,SUP-0028,2026-02-07,2026-02-09,DELIVERED
SHP-002860-1,ORD-002860-1,SUP-0044,2026-05-09,2026-05-10,DELIVERED
SHP-002860-2,ORD-002860-2,SUP-0044,2026-05-02,2026-05-02,DELIVERED
SHP-002860-3,ORD-002860-3,SUP-0044,2026-05-27,2026-05-28,DELIVERED
SHP-002861-1,ORD-002861-1,SUP-0040,2026-09-05,2026-09-05,IN_TRANSIT
SHP-002861-2,ORD-002861-2,SUP-0040,2026-09-17,2026-09-19,IN_TRANSIT
SHP-002862-1,ORD-002862-1,SUP-0032,2026-05-19,2026-05-20,DELIVERED
SHP-002862-2,ORD-002862-2,SUP-0032,2026-05-14,2026-05-14,DELIVERED
SHP-002862-3,ORD-002862-3,SUP-0032,2026-05-21,2026-05-23,DELIVERED
SHP-002863-1,ORD-002863-1,SUP-0083,2026-05-12,2026-05-12,DELIVERED
SHP-002863-2,ORD-002863-2,SUP-0083,2026-05-12,2026-05-12,DELIVERED
SHP-002863-3,ORD-002863-3,SUP-0083,2026-05-07,2026-05-07,DELIVERED
SHP-002864-1,ORD-002864-1,SUP-0075,2026-07-04,2026-07-04,DELIVERED
SHP-002864-2,ORD-002864-2,SUP-0075,2026-06-21,2026-06-22,DELIVERED
SHP-002864-3,ORD-002864-3,SUP-0075,2026-06-19,2026-06-20,DELIVERED
SHP-002865-1,ORD-002865-1,SUP-0111,2026-05-02,2026-05-04,DELIVERED
SHP-002866-1,ORD-002866-1,SUP-0022,2026-02-05,2026-02-07,DELIVERED
SHP-002866-2,ORD-002866-2,SUP-0022,2026-02-02,2026-02-02,DELIVERED
SHP-002866-3,ORD-002866-3,SUP-0022,2026-02-11,2026-02-11,DELIVERED
SHP-002867-1,ORD-002867-1,SUP-0040,2026-08-21,2026-08-21,DELIVERED
SHP-002868-1,ORD-002868-1,SUP-0090,2026-06-15,2026-06-15,DELIVERED
SHP-002868-2,ORD-002868-2,SUP-0090,2026-06-09,2026-06-10,DELIVERED
SHP-002868-3,ORD-002868-3,SUP-0090,2026-06-03,2026-06-05,DELIVERED
SHP-002868-4,ORD-002868-4,SUP-0090,2026-06-12,2026-06-12,DELIVERED
SHP-002869-1,ORD-002869-1,SUP-0044,2026-02-21,2026-02-22,DELIVERED
SHP-002869-2,ORD-002869-2,SUP-0044,2026-03-04,2026-03-05,DELIVERED
SHP-002870-1,ORD-002870-1,SUP-0026,2026-04-14,2026-04-15,DELIVERED
SHP-002871-1,ORD-002871-1,SUP-0111,2026-05-26,2026-05-26,DELIVERED
SHP-002871-2,ORD-002871-2,SUP-0111,2026-05-13,2026-05-14,DELIVERED
SHP-002871-3,ORD-002871-3,SUP-0111,2026-05-13,2026-05-14,DELIVERED
SHP-002871-4,ORD-002871-4,SUP-0111,2026-05-03,2026-05-04,DELIVERED
SHP-002872-1,ORD-002872-1,SUP-0014,2026-09-01,2026-09-03,IN_TRANSIT
SHP-002872-2,ORD-002872-2,SUP-0014,2026-08-26,2026-08-26,DELIVERED
SHP-002872-3,ORD-002872-3,SUP-0014,2026-09-08,2026-09-08,IN_TRANSIT
SHP-002873-1,ORD-002873-1,SUP-0038,2026-03-20,2026-03-21,DELIVERED
SHP-002873-2,ORD-002873-2,SUP-0038,2026-03-17,2026-03-19,DELIVERED
SHP-002873-3,ORD-002873-3,SUP-0038,2026-03-25,2026-03-25,DELIVERED
SHP-002874-1,ORD-002874-1,SUP-0106,2026-02-13,2026-02-14,DELIVERED
SHP-002874-2,ORD-002874-2,SUP-0106,2026-02-14,2026-02-14,DELIVERED
SHP-002874-3,ORD-002874-3,SUP-0106,2026-02-11,2026-02-13,DELIVERED
SHP-002874-4,ORD-002874-4,SUP-0106,2026-02-10,2026-02-10,DELIVERED
SHP-002875-1,ORD-002875-1,SUP-0045,2026-01-14,2026-01-14,DELIVERED
SHP-002875-2,ORD-002875-2,SUP-0045,2026-02-03,2026-02-04,DELIVERED
SHP-002876-1,ORD-002876-1,SUP-0058,2026-08-15,2026-08-16,DELIVERED
SHP-002876-2,ORD-002876-2,SUP-0058,2026-08-14,2026-08-15,DELIVERED
SHP-002876-3,ORD-002876-3,SUP-0058,2026-08-09,2026-08-09,DELIVERED
SHP-002877-1,ORD-002877-1,SUP-0048,2026-03-13,2026-03-13,DELIVERED
SHP-002877-2,ORD-002877-2,SUP-0048,2026-03-18,2026-03-18,DELIVERED
SHP-002878-1,ORD-002878-1,SUP-0056,2026-04-03,2026-04-04,DELIVERED
SHP-002878-2,ORD-002878-2,SUP-0056,2026-03-26,2026-03-26,DELIVERED
SHP-002878-3,ORD-002878-3,SUP-0056,2026-03-30,2026-03-30,DELIVERED
SHP-002879-1,ORD-002879-1,SUP-0036,2026-08-29,2026-08-31,DELIVERED
SHP-002879-2,ORD-002879-2,SUP-0036,2026-08-28,2026-08-28,DELIVERED
SHP-002880-1,ORD-002880-1,SUP-0083,2026-02-04,2026-02-04,DELIVERED
SHP-002880-2,ORD-002880-2,SUP-0083,2026-01-21,2026-01-21,DELIVERED
SHP-002881-1,ORD-002881-1,SUP-0066,2026-08-01,2026-08-01,DELIVERED
SHP-002881-2,ORD-002881-2,SUP-0066,2026-07-31,2026-08-01,DELIVERED
SHP-002882-1,ORD-002882-1,SUP-0055,2026-05-08,2026-05-08,DELIVERED
SHP-002882-2,ORD-002882-2,SUP-0055,2026-05-20,2026-05-20,DELIVERED
SHP-002882-3,ORD-002882-3,SUP-0055,2026-05-27,2026-05-27,DELIVERED
SHP-002882-4,ORD-002882-4,SUP-0055,2026-05-07,2026-05-08,DELIVERED
SHP-002883-1,ORD-002883-1,SUP-0001,2026-05-23,2026-05-25,DELIVERED
SHP-002884-1,ORD-002884-1,SUP-0043,2026-07-21,2026-07-21,DELIVERED
SHP-002885-1,ORD-002885-1,SUP-0077,2026-08-16,2026-08-17,DELIVERED
SHP-002886-1,ORD-002886-1,SUP-0083,2026-04-24,2026-04-24,DELIVERED
SHP-002887-1,ORD-002887-1,SUP-0101,2026-01-22,2026-01-22,DELIVERED
SHP-002888-1,ORD-002888-1,SUP-0115,2026-08-08,2026-08-08,DELIVERED
SHP-002888-2,ORD-002888-2,SUP-0115,2026-08-10,2026-08-10,DELIVERED
SHP-002888-3,ORD-002888-3,SUP-0115,2026-08-05,2026-08-06,DELIVERED
SHP-002889-1,ORD-002889-1,SUP-0005,2026-04-29,2026-04-30,DELIVERED
SHP-002890-1,ORD-002890-1,SUP-0096,2026-09-19,2026-09-20,IN_TRANSIT
SHP-002890-2,ORD-002890-2,SUP-0096,2026-09-17,2026-09-17,IN_TRANSIT
SHP-002890-3,ORD-002890-3,SUP-0096,2026-10-05,2026-10-05,IN_TRANSIT
SHP-002891-1,ORD-002891-1,SUP-0021,2026-01-23,2026-01-23,DELIVERED
SHP-002891-2,ORD-002891-2,SUP-0021,2026-01-26,2026-01-28,DELIVERED
SHP-002891-3,ORD-002891-3,SUP-0021,2026-02-07,2026-02-08,DELIVERED
SHP-002892-1,ORD-002892-1,SUP-0057,2026-06-29,2026-07-01,DELIVERED
SHP-002892-2,ORD-002892-2,SUP-0057,2026-07-05,2026-07-05,DELIVERED
SHP-002893-1,ORD-002893-1,SUP-0019,2026-02-06,2026-02-06,DELIVERED
SHP-002893-2,ORD-002893-2,SUP-0019,2026-02-09,2026-02-09,DELIVERED
SHP-002894-1,ORD-002894-1,SUP-0028,2026-05-25,2026-05-26,DELIVERED
SHP-002894-2,ORD-002894-2,SUP-0028,2026-05-28,2026-05-28,DELIVERED
SHP-002895-1,ORD-002895-1,SUP-0089,2026-05-30,2026-06-01,DELIVERED
SHP-002896-1,ORD-002896-1,SUP-0045,2026-09-24,2026-09-25,IN_TRANSIT
SHP-002897-1,ORD-002897-1,SUP-0010,2026-09-20,2026-09-20,IN_TRANSIT
SHP-002897-2,ORD-002897-2,SUP-0010,2026-09-07,2026-09-07,IN_TRANSIT
SHP-002897-3,ORD-002897-3,SUP-0010,2026-08-25,2026-08-25,DELIVERED
SHP-002898-1,ORD-002898-1,SUP-0042,2026-07-19,2026-07-19,DELIVERED
SHP-002898-2,ORD-002898-2,SUP-0042,2026-07-24,2026-07-25,DELIVERED
SHP-002898-3,ORD-002898-3,SUP-0042,2026-07-25,2026-07-25,DELIVERED
SHP-002899-1,ORD-002899-1,SUP-0085,2026-02-18,2026-02-18,DELIVERED
SHP-002900-1,ORD-002900-1,SUP-0114,2026-05-23,2026-05-24,DELIVERED
SHP-002900-2,ORD-002900-2,SUP-0114,2026-06-01,2026-06-02,DELIVERED
SHP-002900-3,ORD-002900-3,SUP-0114,2026-05-30,2026-05-30,DELIVERED
SHP-002901-1,ORD-002901-1,SUP-0001,2026-02-07,2026-02-09,DELIVERED
SHP-002901-2,ORD-002901-2,SUP-0001,2026-02-19,2026-02-20,DELIVERED
SHP-002902-1,ORD-002902-1,SUP-0084,2026-09-11,2026-09-11,IN_TRANSIT
SHP-002902-2,ORD-002902-2,SUP-0084,2026-09-05,2026-09-05,IN_TRANSIT
SHP-002903-1,ORD-002903-1,SUP-0103,2026-08-13,2026-08-15,DELIVERED
SHP-002903-2,ORD-002903-2,SUP-0103,2026-07-28,2026-07-30,DELIVERED
SHP-002903-3,ORD-002903-3,SUP-0103,2026-08-14,2026-08-14,DELIVERED
SHP-002904-1,ORD-002904-1,SUP-0051,2026-04-18,2026-04-18,DELIVERED
SHP-002904-2,ORD-002904-2,SUP-0051,2026-04-10,2026-04-10,DELIVERED
SHP-002905-1,ORD-002905-1,SUP-0075,2026-09-18,2026-09-18,IN_TRANSIT
SHP-002905-2,ORD-002905-2,SUP-0075,2026-09-11,2026-09-11,IN_TRANSIT
SHP-002905-3,ORD-002905-3,SUP-0075,2026-09-08,2026-09-08,IN_TRANSIT
SHP-002905-4,ORD-002905-4,SUP-0075,2026-09-16,2026-09-16,IN_TRANSIT
SHP-002906-1,ORD-002906-1,SUP-0017,2026-02-22,2026-02-22,DELIVERED
SHP-002906-2,ORD-002906-2,SUP-0017,2026-02-27,2026-02-28,DELIVERED
SHP-002907-1,ORD-002907-1,SUP-0041,2026-07-09,2026-07-11,DELIVERED
SHP-002907-2,ORD-002907-2,SUP-0041,2026-07-04,2026-07-04,DELIVERED
SHP-002908-1,ORD-002908-1,SUP-0098,2026-02-23,2026-02-23,DELIVERED
SHP-002909-1,ORD-002909-1,SUP-0029,2026-01-24,2026-01-24,DELIVERED
SHP-002910-1,ORD-002910-1,SUP-0011,2026-04-09,2026-04-09,DELIVERED
SHP-002911-1,ORD-002911-1,SUP-0115,2026-05-23,2026-05-24,DELIVERED
SHP-002911-2,ORD-002911-2,SUP-0115,2026-06-10,2026-06-12,DELIVERED
SHP-002911-3,ORD-002911-3,SUP-0115,2026-05-28,2026-05-30,DELIVERED
SHP-002911-4,ORD-002911-4,SUP-0115,2026-05-17,2026-05-17,DELIVERED
SHP-002912-1,ORD-002912-1,SUP-0045,2026-08-28,2026-08-29,DELIVERED
SHP-002912-2,ORD-002912-2,SUP-0045,2026-09-07,2026-09-08,IN_TRANSIT
SHP-002912-3,ORD-002912-3,SUP-0045,2026-09-05,2026-09-05,IN_TRANSIT
SHP-002913-1,ORD-002913-1,SUP-0117,2026-06-18,2026-06-18,DELIVERED
SHP-002913-2,ORD-002913-2,SUP-0117,2026-06-30,2026-06-30,DELIVERED
SHP-002913-3,ORD-002913-3,SUP-0117,2026-07-10,2026-07-10,DELIVERED
SHP-002914-1,ORD-002914-1,SUP-0120,2026-07-27,2026-07-27,DELIVERED
SHP-002914-2,ORD-002914-2,SUP-0120,2026-07-26,2026-07-27,DELIVERED
SHP-002915-1,ORD-002915-1,SUP-0095,2026-03-30,2026-04-01,DELIVERED
SHP-002915-2,ORD-002915-2,SUP-0095,2026-04-07,2026-04-07,DELIVERED
SHP-002915-3,ORD-002915-3,SUP-0095,2026-04-15,2026-04-15,DELIVERED
SHP-002915-4,ORD-002915-4,SUP-0095,2026-04-14,2026-04-14,DELIVERED
SHP-002916-1,ORD-002916-1,SUP-0042,2026-09-10,2026-09-10,IN_TRANSIT
SHP-002917-1,ORD-002917-1,SUP-0052,2026-07-20,2026-07-20,DELIVERED
SHP-002917-2,ORD-002917-2,SUP-0052,2026-07-19,2026-07-21,DELIVERED
SHP-002917-3,ORD-002917-3,SUP-0052,2026-08-11,2026-08-12,DELIVERED
SHP-002918-1,ORD-002918-1,SUP-0081,2026-02-05,2026-02-05,DELIVERED
SHP-002918-2,ORD-002918-2,SUP-0081,2026-02-12,2026-02-14,DELIVERED
SHP-002918-3,ORD-002918-3,SUP-0081,2026-02-07,2026-02-07,DELIVERED
SHP-002919-1,ORD-002919-1,SUP-0057,2026-04-28,2026-04-28,DELIVERED
SHP-002919-2,ORD-002919-2,SUP-0057,2026-05-01,2026-05-03,DELIVERED
SHP-002919-3,ORD-002919-3,SUP-0057,2026-05-13,2026-05-13,DELIVERED
SHP-002920-1,ORD-002920-1,SUP-0038,2026-06-05,2026-06-05,DELIVERED
SHP-002920-2,ORD-002920-2,SUP-0038,2026-06-02,2026-06-02,DELIVERED
SHP-002920-3,ORD-002920-3,SUP-0038,2026-05-29,2026-05-30,DELIVERED
SHP-002920-4,ORD-002920-4,SUP-0038,2026-05-17,2026-05-17,DELIVERED
SHP-002921-1,ORD-002921-1,SUP-0036,2026-04-26,2026-04-26,DELIVERED
SHP-002922-1,ORD-002922-1,SUP-0107,2026-07-03,2026-07-03,DELIVERED
SHP-002922-2,ORD-002922-2,SUP-0107,2026-06-23,2026-06-24,DELIVERED
SHP-002923-1,ORD-002923-1,SUP-0023,2026-06-21,2026-06-21,DELIVERED
SHP-002923-2,ORD-002923-2,SUP-0023,2026-07-02,2026-07-02,DELIVERED
SHP-002923-3,ORD-002923-3,SUP-0023,2026-06-27,2026-06-27,DELIVERED
SHP-002924-1,ORD-002924-1,SUP-0082,2026-05-14,2026-05-14,DELIVERED
SHP-002924-2,ORD-002924-2,SUP-0082,2026-04-30,2026-04-30,DELIVERED
SHP-002924-3,ORD-002924-3,SUP-0082,2026-05-02,2026-05-02,DELIVERED
SHP-002925-1,ORD-002925-1,SUP-0054,2026-09-03,2026-09-03,IN_TRANSIT
SHP-002925-2,ORD-002925-2,SUP-0054,2026-09-22,2026-09-23,IN_TRANSIT
SHP-002925-3,ORD-002925-3,SUP-0054,2026-09-16,2026-09-16,IN_TRANSIT
SHP-002925-4,ORD-002925-4,SUP-0054,2026-09-04,2026-09-04,IN_TRANSIT
SHP-002926-1,ORD-002926-1,SUP-0074,2026-02-28,2026-02-28,DELIVERED
SHP-002926-2,ORD-002926-2,SUP-0074,2026-02-19,2026-02-20,DELIVERED
SHP-002926-3,ORD-002926-3,SUP-0074,2026-03-20,2026-03-20,DELIVERED
SHP-002926-4,ORD-002926-4,SUP-0074,2026-03-19,2026-03-19,DELIVERED
SHP-002927-1,ORD-002927-1,SUP-0017,2026-05-11,2026-05-11,DELIVERED
SHP-002928-1,ORD-002928-1,SUP-0005,2026-05-20,2026-05-20,DELIVERED
SHP-002928-2,ORD-002928-2,SUP-0005,2026-06-05,2026-06-06,DELIVERED
SHP-002928-3,ORD-002928-3,SUP-0005,2026-05-30,2026-05-31,DELIVERED
SHP-002929-1,ORD-002929-1,SUP-0076,2026-09-07,2026-09-07,IN_TRANSIT
SHP-002929-2,ORD-002929-2,SUP-0076,2026-09-01,2026-09-01,DELIVERED
SHP-002929-3,ORD-002929-3,SUP-0076,2026-09-01,2026-09-01,DELIVERED
SHP-002930-1,ORD-002930-1,SUP-0011,2026-09-24,2026-09-26,IN_TRANSIT
SHP-002930-2,ORD-002930-2,SUP-0011,2026-09-23,2026-09-23,IN_TRANSIT
SHP-002931-1,ORD-002931-1,SUP-0022,2026-02-11,2026-02-13,DELIVERED
SHP-002931-2,ORD-002931-2,SUP-0022,2026-01-18,2026-01-18,DELIVERED
SHP-002931-3,ORD-002931-3,SUP-0022,2026-02-06,2026-02-08,DELIVERED
SHP-002931-4,ORD-002931-4,SUP-0022,2026-01-25,2026-01-25,DELIVERED
SHP-002932-1,ORD-002932-1,SUP-0119,2026-03-02,2026-03-02,DELIVERED
SHP-002932-2,ORD-002932-2,SUP-0119,2026-02-28,2026-02-28,DELIVERED
SHP-002932-3,ORD-002932-3,SUP-0119,2026-03-02,2026-03-03,DELIVERED
SHP-002933-1,ORD-002933-1,SUP-0005,2026-08-23,2026-08-23,DELIVERED
SHP-002933-2,ORD-002933-2,SUP-0005,2026-08-21,2026-08-21,DELIVERED
SHP-002933-3,ORD-002933-3,SUP-0005,2026-08-26,2026-08-26,DELIVERED
SHP-002933-4,ORD-002933-4,SUP-0005,2026-09-08,2026-09-09,IN_TRANSIT
SHP-002934-1,ORD-002934-1,SUP-0079,2026-04-18,2026-04-18,DELIVERED
SHP-002935-1,ORD-002935-1,SUP-0034,2026-02-02,2026-02-02,DELIVERED
SHP-002935-2,ORD-002935-2,SUP-0034,2026-02-08,2026-02-08,DELIVERED
SHP-002935-3,ORD-002935-3,SUP-0034,2026-02-11,2026-02-11,DELIVERED
SHP-002936-1,ORD-002936-1,SUP-0031,2026-08-27,2026-08-27,DELIVERED
SHP-002936-2,ORD-002936-2,SUP-0031,2026-08-11,2026-08-13,DELIVERED
SHP-002936-3,ORD-002936-3,SUP-0031,2026-08-24,2026-08-25,DELIVERED
SHP-002936-4,ORD-002936-4,SUP-0031,2026-08-29,2026-08-30,DELIVERED
SHP-002937-1,ORD-002937-1,SUP-0063,2026-08-10,2026-08-10,DELIVERED
SHP-002937-2,ORD-002937-2,SUP-0063,2026-08-18,2026-08-18,DELIVERED
SHP-002937-3,ORD-002937-3,SUP-0063,2026-07-31,2026-07-31,DELIVERED
SHP-002938-1,ORD-002938-1,SUP-0113,2026-09-24,2026-09-25,IN_TRANSIT
SHP-002939-1,ORD-002939-1,SUP-0012,2026-05-09,2026-05-11,DELIVERED
SHP-002939-2,ORD-002939-2,SUP-0012,2026-04-24,2026-04-25,DELIVERED
SHP-002940-1,ORD-002940-1,SUP-0075,2026-04-01,2026-04-03,DELIVERED
SHP-002941-1,ORD-002941-1,SUP-0028,2026-08-31,2026-09-01,DELIVERED
SHP-002941-2,ORD-002941-2,SUP-0028,2026-08-23,2026-08-24,DELIVERED
SHP-002942-1,ORD-002942-1,SUP-0076,2026-05-09,2026-05-09,DELIVERED
SHP-002943-1,ORD-002943-1,SUP-0002,2026-07-28,2026-07-28,DELIVERED
SHP-002943-2,ORD-002943-2,SUP-0002,2026-07-09,2026-07-09,DELIVERED
SHP-002943-3,ORD-002943-3,SUP-0002,2026-07-21,2026-07-21,DELIVERED
SHP-002944-1,ORD-002944-1,SUP-0058,2026-06-17,2026-06-19,DELIVERED
SHP-002944-2,ORD-002944-2,SUP-0058,2026-06-03,2026-06-03,DELIVERED
SHP-002945-1,ORD-002945-1,SUP-0021,2026-08-25,2026-08-25,DELIVERED
SHP-002945-2,ORD-002945-2,SUP-0021,2026-08-29,2026-08-30,DELIVERED
SHP-002946-1,ORD-002946-1,SUP-0023,2026-08-27,2026-08-29,DELIVERED
SHP-002947-1,ORD-002947-1,SUP-0004,2026-06-22,2026-06-22,DELIVERED
SHP-002947-2,ORD-002947-2,SUP-0004,2026-06-26,2026-06-26,DELIVERED
SHP-002947-3,ORD-002947-3,SUP-0004,2026-06-23,2026-06-25,DELIVERED
SHP-002948-1,ORD-002948-1,SUP-0034,2026-04-22,2026-04-22,DELIVERED
SHP-002948-2,ORD-002948-2,SUP-0034,2026-05-02,2026-05-02,DELIVERED
SHP-002948-3,ORD-002948-3,SUP-0034,2026-04-24,2026-04-24,DELIVERED
SHP-002948-4,ORD-002948-4,SUP-0034,2026-05-07,2026-05-07,DELIVERED
SHP-002949-1,ORD-002949-1,SUP-0011,2026-04-13,2026-04-15,DELIVERED
SHP-002949-2,ORD-002949-2,SUP-0011,2026-04-15,2026-04-17,DELIVERED
SHP-002949-3,ORD-002949-3,SUP-0011,2026-05-03,2026-05-03,DELIVERED
SHP-002949-4,ORD-002949-4,SUP-0011,2026-05-01,2026-05-03,DELIVERED
SHP-002950-1,ORD-002950-1,SUP-0052,2026-07-29,2026-07-29,DELIVERED
SHP-002951-1,ORD-002951-1,SUP-0117,2026-07-26,2026-07-26,DELIVERED
SHP-002951-2,ORD-002951-2,SUP-0117,2026-07-13,2026-07-13,DELIVERED
SHP-002952-1,ORD-002952-1,SUP-0111,2026-08-15,2026-08-16,DELIVERED
SHP-002952-2,ORD-002952-2,SUP-0111,2026-08-19,2026-08-21,DELIVERED
SHP-002952-3,ORD-002952-3,SUP-0111,2026-08-15,2026-08-16,DELIVERED
SHP-002952-4,ORD-002952-4,SUP-0111,2026-08-04,2026-08-04,DELIVERED
SHP-002953-1,ORD-002953-1,SUP-0018,2026-05-01,2026-05-02,DELIVERED
SHP-002953-2,ORD-002953-2,SUP-0018,2026-04-30,2026-04-30,DELIVERED
SHP-002953-3,ORD-002953-3,SUP-0018,2026-04-19,2026-04-20,DELIVERED
SHP-002954-1,ORD-002954-1,SUP-0020,2026-03-08,2026-03-08,DELIVERED
SHP-002954-2,ORD-002954-2,SUP-0020,2026-03-04,2026-03-04,DELIVERED
SHP-002954-3,ORD-002954-3,SUP-0020,2026-03-24,2026-03-24,DELIVERED
SHP-002954-4,ORD-002954-4,SUP-0020,2026-03-17,2026-03-18,DELIVERED
SHP-002955-1,ORD-002955-1,SUP-0027,2026-05-20,2026-05-22,DELIVERED
SHP-002955-2,ORD-002955-2,SUP-0027,2026-06-01,2026-06-01,DELIVERED
SHP-002956-1,ORD-002956-1,SUP-0031,2026-05-18,2026-05-18,DELIVERED
SHP-002956-2,ORD-002956-2,SUP-0031,2026-06-09,2026-06-09,DELIVERED
SHP-002956-3,ORD-002956-3,SUP-0031,2026-05-14,2026-05-16,DELIVERED
SHP-002957-1,ORD-002957-1,SUP-0087,2026-09-18,2026-09-18,IN_TRANSIT
SHP-002957-2,ORD-002957-2,SUP-0087,2026-09-05,2026-09-07,IN_TRANSIT
SHP-002958-1,ORD-002958-1,SUP-0116,2026-04-09,2026-04-10,DELIVERED
SHP-002958-2,ORD-002958-2,SUP-0116,2026-04-28,2026-04-30,DELIVERED
SHP-002958-3,ORD-002958-3,SUP-0116,2026-04-26,2026-04-26,DELIVERED
SHP-002958-4,ORD-002958-4,SUP-0116,2026-04-16,2026-04-16,DELIVERED
SHP-002959-1,ORD-002959-1,SUP-0087,2026-06-18,2026-06-20,DELIVERED
SHP-002960-1,ORD-002960-1,SUP-0078,2026-02-16,2026-02-16,DELIVERED
SHP-002960-2,ORD-002960-2,SUP-0078,2026-02-19,2026-02-20,DELIVERED
SHP-002961-1,ORD-002961-1,SUP-0060,2026-08-27,2026-08-27,DELIVERED
SHP-002962-1,ORD-002962-1,SUP-0029,2026-07-23,2026-07-23,DELIVERED
SHP-002962-2,ORD-002962-2,SUP-0029,2026-07-27,2026-07-27,DELIVERED
SHP-002962-3,ORD-002962-3,SUP-0029,2026-07-07,2026-07-08,DELIVERED
SHP-002962-4,ORD-002962-4,SUP-0029,2026-07-30,2026-07-31,DELIVERED
SHP-002963-1,ORD-002963-1,SUP-0080,2026-02-16,2026-02-18,DELIVERED
SHP-002963-2,ORD-002963-2,SUP-0080,2026-02-20,2026-02-22,DELIVERED
SHP-002963-3,ORD-002963-3,SUP-0080,2026-03-02,2026-03-03,DELIVERED
SHP-002963-4,ORD-002963-4,SUP-0080,2026-03-04,2026-03-04,DELIVERED
SHP-002964-1,ORD-002964-1,SUP-0002,2026-06-25,2026-06-25,DELIVERED
SHP-002964-2,ORD-002964-2,SUP-0002,2026-06-15,2026-06-16,DELIVERED
SHP-002964-3,ORD-002964-3,SUP-0002,2026-06-30,2026-06-30,DELIVERED
SHP-002965-1,ORD-002965-1,SUP-0007,2026-06-29,2026-06-30,DELIVERED
SHP-002965-2,ORD-002965-2,SUP-0007,2026-06-26,2026-06-26,DELIVERED
SHP-002965-3,ORD-002965-3,SUP-0007,2026-07-06,2026-07-06,DELIVERED
SHP-002965-4,ORD-002965-4,SUP-0007,2026-06-26,2026-06-27,DELIVERED
SHP-002966-1,ORD-002966-1,SUP-0087,2026-03-15,2026-03-15,DELIVERED
SHP-002966-2,ORD-002966-2,SUP-0087,2026-03-22,2026-03-22,DELIVERED
SHP-002967-1,ORD-002967-1,SUP-0115,2026-03-22,2026-03-22,DELIVERED
SHP-002968-1,ORD-002968-1,SUP-0066,2026-06-08,2026-06-09,DELIVERED
SHP-002968-2,ORD-002968-2,SUP-0066,2026-05-27,2026-05-29,DELIVERED
SHP-002969-1,ORD-002969-1,SUP-0064,2026-02-20,2026-02-20,DELIVERED
SHP-002969-2,ORD-002969-2,SUP-0064,2026-02-09,2026-02-09,DELIVERED
SHP-002969-3,ORD-002969-3,SUP-0064,2026-02-12,2026-02-14,DELIVERED
SHP-002969-4,ORD-002969-4,SUP-0064,2026-02-09,2026-02-11,DELIVERED
SHP-002970-1,ORD-002970-1,SUP-0053,2026-08-26,2026-08-26,DELIVERED
SHP-002970-2,ORD-002970-2,SUP-0053,2026-08-03,2026-08-05,DELIVERED
SHP-002971-1,ORD-002971-1,SUP-0039,2026-02-08,2026-02-08,DELIVERED
SHP-002971-2,ORD-002971-2,SUP-0039,2026-02-10,2026-02-10,DELIVERED
SHP-002971-3,ORD-002971-3,SUP-0039,2026-02-13,2026-02-14,DELIVERED
SHP-002972-1,ORD-002972-1,SUP-0034,2026-04-07,2026-04-07,DELIVERED
SHP-002972-2,ORD-002972-2,SUP-0034,2026-04-15,2026-04-16,DELIVERED
SHP-002973-1,ORD-002973-1,SUP-0120,2026-02-12,2026-02-12,DELIVERED
SHP-002973-2,ORD-002973-2,SUP-0120,2026-02-14,2026-02-14,DELIVERED
SHP-002973-3,ORD-002973-3,SUP-0120,2026-01-27,2026-01-27,DELIVERED
SHP-002973-4,ORD-002973-4,SUP-0120,2026-02-18,2026-02-18,DELIVERED
SHP-002974-1,ORD-002974-1,SUP-0035,2026-07-21,2026-07-21,DELIVERED
SHP-002975-1,ORD-002975-1,SUP-0007,2026-08-28,2026-08-28,DELIVERED
SHP-002976-1,ORD-002976-1,SUP-0006,2026-08-19,2026-08-21,DELIVERED
SHP-002976-2,ORD-002976-2,SUP-0006,2026-08-06,2026-08-06,DELIVERED
SHP-002976-3,ORD-002976-3,SUP-0006,2026-08-05,2026-08-07,DELIVERED
SHP-002976-4,ORD-002976-4,SUP-0006,2026-08-07,2026-08-08,DELIVERED
SHP-002977-1,ORD-002977-1,SUP-0090,2026-04-06,2026-04-06,DELIVERED
SHP-002977-2,ORD-002977-2,SUP-0090,2026-04-11,2026-04-11,DELIVERED
SHP-002977-3,ORD-002977-3,SUP-0090,2026-04-29,2026-04-29,DELIVERED
SHP-002978-1,ORD-002978-1,SUP-0072,2026-08-02,2026-08-03,DELIVERED
SHP-002978-2,ORD-002978-2,SUP-0072,2026-08-19,2026-08-19,DELIVERED
SHP-002978-3,ORD-002978-3,SUP-0072,2026-08-18,2026-08-20,DELIVERED
SHP-002979-1,ORD-002979-1,SUP-0032,2026-09-21,2026-09-21,IN_TRANSIT
SHP-002979-2,ORD-002979-2,SUP-0032,2026-09-15,2026-09-17,IN_TRANSIT
SHP-002979-3,ORD-002979-3,SUP-0032,2026-09-09,2026-09-09,IN_TRANSIT
SHP-002979-4,ORD-002979-4,SUP-0032,2026-09-29,2026-09-29,IN_TRANSIT
SHP-002980-1,ORD-002980-1,SUP-0073,2026-04-05,2026-04-05,DELIVERED
SHP-002980-2,ORD-002980-2,SUP-0073,2026-03-20,2026-03-22,DELIVERED
SHP-002980-3,ORD-002980-3,SUP-0073,2026-03-31,2026-04-01,DELIVERED
SHP-002980-4,ORD-002980-4,SUP-0073,2026-03-19,2026-03-21,DELIVERED
SHP-002981-1,ORD-002981-1,SUP-0113,2026-04-02,2026-04-02,DELIVERED
SHP-002981-2,ORD-002981-2,SUP-0113,2026-04-06,2026-04-06,DELIVERED
SHP-002981-3,ORD-002981-3,SUP-0113,2026-04-05,2026-04-07,DELIVERED
SHP-002982-1,ORD-002982-1,SUP-0090,2026-02-22,2026-02-22,DELIVERED
SHP-002982-2,ORD-002982-2,SUP-0090,2026-03-10,2026-03-10,DELIVERED
SHP-002983-1,ORD-002983-1,SUP-0034,2026-01-23,2026-01-25,DELIVERED
SHP-002983-2,ORD-002983-2,SUP-0034,2026-01-23,2026-01-25,DELIVERED
SHP-002984-1,ORD-002984-1,SUP-0082,2026-01-22,2026-01-23,DELIVERED
SHP-002984-2,ORD-002984-2,SUP-0082,2026-01-29,2026-01-31,DELIVERED
SHP-002985-1,ORD-002985-1,SUP-0086,2026-09-07,2026-09-07,IN_TRANSIT
SHP-002985-2,ORD-002985-2,SUP-0086,2026-09-15,2026-09-15,IN_TRANSIT
SHP-002985-3,ORD-002985-3,SUP-0086,2026-09-05,2026-09-05,IN_TRANSIT
SHP-002985-4,ORD-002985-4,SUP-0086,2026-09-03,2026-09-03,IN_TRANSIT
SHP-002986-1,ORD-002986-1,SUP-0071,2026-05-20,2026-05-22,DELIVERED
SHP-002986-2,ORD-002986-2,SUP-0071,2026-06-10,2026-06-10,DELIVERED
SHP-002986-3,ORD-002986-3,SUP-0071,2026-05-29,2026-05-29,DELIVERED
SHP-002986-4,ORD-002986-4,SUP-0071,2026-06-02,2026-06-02,DELIVERED
SHP-002987-1,ORD-002987-1,SUP-0096,2026-06-26,2026-06-26,DELIVERED
SHP-002987-2,ORD-002987-2,SUP-0096,2026-06-22,2026-06-22,DELIVERED
SHP-002988-1,ORD-002988-1,SUP-0008,2026-09-16,2026-09-16,IN_TRANSIT
SHP-002988-2,ORD-002988-2,SUP-0008,2026-09-04,2026-09-05,IN_TRANSIT
SHP-002989-1,ORD-002989-1,SUP-0008,2026-05-22,2026-05-22,DELIVERED
SHP-002989-2,ORD-002989-2,SUP-0008,2026-05-28,2026-05-29,DELIVERED
SHP-002990-1,ORD-002990-1,SUP-0107,2026-02-19,2026-02-19,DELIVERED
SHP-002990-2,ORD-002990-2,SUP-0107,2026-03-05,2026-03-05,DELIVERED
SHP-002990-3,ORD-002990-3,SUP-0107,2026-02-27,2026-02-27,DELIVERED
SHP-002991-1,ORD-002991-1,SUP-0051,2026-02-25,2026-02-27,DELIVERED
SHP-002991-2,ORD-002991-2,SUP-0051,2026-02-06,2026-02-07,DELIVERED
SHP-002991-3,ORD-002991-3,SUP-0051,2026-02-11,2026-02-11,DELIVERED
SHP-002992-1,ORD-002992-1,SUP-0097,2026-08-07,2026-08-09,DELIVERED
SHP-002992-2,ORD-002992-2,SUP-0097,2026-08-09,2026-08-10,DELIVERED
SHP-002992-3,ORD-002992-3,SUP-0097,2026-08-20,2026-08-21,DELIVERED
SHP-002993-1,ORD-002993-1,SUP-0063,2026-04-19,2026-04-21,DELIVERED
SHP-002993-2,ORD-002993-2,SUP-0063,2026-04-08,2026-04-08,DELIVERED
SHP-002993-3,ORD-002993-3,SUP-0063,2026-04-24,2026-04-24,DELIVERED
SHP-002994-1,ORD-002994-1,SUP-0112,2026-05-07,2026-05-09,DELIVERED
SHP-002994-2,ORD-002994-2,SUP-0112,2026-05-23,2026-05-25,DELIVERED
SHP-002994-3,ORD-002994-3,SUP-0112,2026-05-06,2026-05-06,DELIVERED
SHP-002995-1,ORD-002995-1,SUP-0089,2026-03-18,2026-03-18,DELIVERED
SHP-002995-2,ORD-002995-2,SUP-0089,2026-04-01,2026-04-01,DELIVERED
SHP-002995-3,ORD-002995-3,SUP-0089,2026-03-15,2026-03-15,DELIVERED
SHP-002996-1,ORD-002996-1,SUP-0015,2026-08-16,2026-08-17,DELIVERED
SHP-002997-1,ORD-002997-1,SUP-0113,2026-09-09,2026-09-09,IN_TRANSIT
SHP-002997-2,ORD-002997-2,SUP-0113,2026-09-13,2026-09-13,IN_TRANSIT
SHP-002997-3,ORD-002997-3,SUP-0113,2026-09-07,2026-09-09,IN_TRANSIT
SHP-002998-1,ORD-002998-1,SUP-0077,2026-08-08,2026-08-08,DELIVERED
SHP-002998-2,ORD-002998-2,SUP-0077,2026-08-09,2026-08-09,DELIVERED
SHP-002999-1,ORD-002999-1,SUP-0029,2026-09-05,2026-09-05,IN_TRANSIT
SHP-002999-2,ORD-002999-2,SUP-0029,2026-09-18,2026-09-18,IN_TRANSIT
SHP-003000-1,ORD-003000-1,SUP-0064,2026-08-09,2026-08-10,DELIVERED
SHP-003001-1,ORD-003001-1,SUP-0031,2026-05-22,2026-05-22,DELIVERED
SHP-003002-1,ORD-003002-1,SUP-0078,2026-07-08,2026-07-09,DELIVERED
SHP-003002-2,ORD-003002-2,SUP-0078,2026-07-15,2026-07-15,DELIVERED
SHP-003002-3,ORD-003002-3,SUP-0078,2026-06-26,2026-06-26,DELIVERED
SHP-003003-1,ORD-003003-1,SUP-0092,2026-03-11,2026-03-12,DELIVERED
SHP-003003-2,ORD-003003-2,SUP-0092,2026-02-24,2026-02-25,DELIVERED
SHP-003003-3,ORD-003003-3,SUP-0092,2026-03-08,2026-03-08,DELIVERED
SHP-003004-1,ORD-003004-1,SUP-0005,2026-04-17,2026-04-18,DELIVERED
SHP-003005-1,ORD-003005-1,SUP-0098,2026-01-20,2026-01-21,DELIVERED
SHP-003005-2,ORD-003005-2,SUP-0098,2026-01-23,2026-01-23,DELIVERED
SHP-003005-3,ORD-003005-3,SUP-0098,2026-01-17,2026-01-19,DELIVERED
SHP-003005-4,ORD-003005-4,SUP-0098,2026-01-21,2026-01-21,DELIVERED
SHP-003006-1,ORD-003006-1,SUP-0076,2026-06-13,2026-06-13,DELIVERED
SHP-003006-2,ORD-003006-2,SUP-0076,2026-06-17,2026-06-17,DELIVERED
SHP-003006-3,ORD-003006-3,SUP-0076,2026-06-20,2026-06-20,DELIVERED
SHP-003006-4,ORD-003006-4,SUP-0076,2026-06-03,2026-06-05,DELIVERED
SHP-003007-1,ORD-003007-1,SUP-0083,2026-05-19,2026-05-19,DELIVERED
SHP-003008-1,ORD-003008-1,SUP-0004,2026-05-08,2026-05-08,DELIVERED
SHP-003009-1,ORD-003009-1,SUP-0077,2026-09-04,2026-09-06,IN_TRANSIT
SHP-003009-2,ORD-003009-2,SUP-0077,2026-09-20,2026-09-20,IN_TRANSIT
SHP-003009-3,ORD-003009-3,SUP-0077,2026-09-08,2026-09-08,IN_TRANSIT
SHP-003009-4,ORD-003009-4,SUP-0077,2026-08-25,2026-08-25,DELIVERED
SHP-003010-1,ORD-003010-1,SUP-0030,2026-06-23,2026-06-23,DELIVERED
SHP-003010-2,ORD-003010-2,SUP-0030,2026-06-17,2026-06-18,DELIVERED
SHP-003011-1,ORD-003011-1,SUP-0113,2026-03-04,2026-03-06,DELIVERED
SHP-003011-2,ORD-003011-2,SUP-0113,2026-03-19,2026-03-19,DELIVERED
SHP-003011-3,ORD-003011-3,SUP-0113,2026-03-12,2026-03-12,DELIVERED
SHP-003011-4,ORD-003011-4,SUP-0113,2026-02-23,2026-02-23,DELIVERED
SHP-003012-1,ORD-003012-1,SUP-0037,2026-07-13,2026-07-13,DELIVERED
SHP-003012-2,ORD-003012-2,SUP-0037,2026-07-12,2026-07-13,DELIVERED
SHP-003012-3,ORD-003012-3,SUP-0037,2026-06-30,2026-06-30,DELIVERED
SHP-003013-1,ORD-003013-1,SUP-0080,2026-01-16,2026-01-17,DELIVERED
SHP-003013-2,ORD-003013-2,SUP-0080,2026-01-31,2026-01-31,DELIVERED
SHP-003013-3,ORD-003013-3,SUP-0080,2026-02-05,2026-02-06,DELIVERED
SHP-003014-1,ORD-003014-1,SUP-0087,2026-03-12,2026-03-12,DELIVERED
SHP-003015-1,ORD-003015-1,SUP-0091,2026-06-05,2026-06-07,DELIVERED
SHP-003015-2,ORD-003015-2,SUP-0091,2026-05-19,2026-05-19,DELIVERED
SHP-003015-3,ORD-003015-3,SUP-0091,2026-06-03,2026-06-03,DELIVERED
SHP-003016-1,ORD-003016-1,SUP-0037,2026-02-26,2026-02-26,DELIVERED
SHP-003016-2,ORD-003016-2,SUP-0037,2026-03-05,2026-03-05,DELIVERED
SHP-003016-3,ORD-003016-3,SUP-0037,2026-03-06,2026-03-06,DELIVERED
SHP-003016-4,ORD-003016-4,SUP-0037,2026-03-15,2026-03-15,DELIVERED
SHP-003017-1,ORD-003017-1,SUP-0107,2026-02-13,2026-02-13,DELIVERED
SHP-003017-2,ORD-003017-2,SUP-0107,2026-03-04,2026-03-06,DELIVERED
SHP-003017-3,ORD-003017-3,SUP-0107,2026-02-15,2026-02-17,DELIVERED
SHP-003018-1,ORD-003018-1,SUP-0011,2026-06-05,2026-06-05,DELIVERED
SHP-003018-2,ORD-003018-2,SUP-0011,2026-05-27,2026-05-27,DELIVERED
SHP-003018-3,ORD-003018-3,SUP-0011,2026-05-31,2026-05-31,DELIVERED
SHP-003019-1,ORD-003019-1,SUP-0087,2026-05-11,2026-05-11,DELIVERED
SHP-003019-2,ORD-003019-2,SUP-0087,2026-05-17,2026-05-17,DELIVERED
SHP-003020-1,ORD-003020-1,SUP-0034,2026-05-22,2026-05-22,DELIVERED
SHP-003020-2,ORD-003020-2,SUP-0034,2026-05-19,2026-05-21,DELIVERED
SHP-003020-3,ORD-003020-3,SUP-0034,2026-05-15,2026-05-15,DELIVERED
SHP-003020-4,ORD-003020-4,SUP-0034,2026-05-03,2026-05-03,DELIVERED
SHP-003021-1,ORD-003021-1,SUP-0011,2026-09-18,2026-09-20,IN_TRANSIT
SHP-003022-1,ORD-003022-1,SUP-0080,2026-04-16,2026-04-17,DELIVERED
SHP-003022-2,ORD-003022-2,SUP-0080,2026-04-10,2026-04-10,DELIVERED
SHP-003023-1,ORD-003023-1,SUP-0033,2026-03-02,2026-03-02,DELIVERED
SHP-003023-2,ORD-003023-2,SUP-0033,2026-02-28,2026-02-28,DELIVERED
SHP-003024-1,ORD-003024-1,SUP-0111,2026-09-05,2026-09-06,IN_TRANSIT
SHP-003024-2,ORD-003024-2,SUP-0111,2026-09-05,2026-09-05,IN_TRANSIT
SHP-003024-3,ORD-003024-3,SUP-0111,2026-09-07,2026-09-07,IN_TRANSIT
SHP-003025-1,ORD-003025-1,SUP-0048,2026-02-22,2026-02-24,DELIVERED
SHP-003025-2,ORD-003025-2,SUP-0048,2026-02-08,2026-02-08,DELIVERED
SHP-003026-1,ORD-003026-1,SUP-0068,2026-08-18,2026-08-20,DELIVERED
SHP-003027-1,ORD-003027-1,SUP-0067,2026-06-16,2026-06-18,DELIVERED
SHP-003027-2,ORD-003027-2,SUP-0067,2026-06-15,2026-06-15,DELIVERED
SHP-003027-3,ORD-003027-3,SUP-0067,2026-06-04,2026-06-06,DELIVERED
SHP-003028-1,ORD-003028-1,SUP-0096,2026-04-28,2026-04-29,DELIVERED
SHP-003028-2,ORD-003028-2,SUP-0096,2026-04-25,2026-04-25,DELIVERED
SHP-003029-1,ORD-003029-1,SUP-0035,2026-08-18,2026-08-18,DELIVERED
SHP-003029-2,ORD-003029-2,SUP-0035,2026-08-15,2026-08-15,DELIVERED
SHP-003030-1,ORD-003030-1,SUP-0049,2026-03-24,2026-03-24,DELIVERED
SHP-003031-1,ORD-003031-1,SUP-0062,2026-08-16,2026-08-16,DELIVERED
SHP-003031-2,ORD-003031-2,SUP-0062,2026-08-19,2026-08-19,DELIVERED
SHP-003031-3,ORD-003031-3,SUP-0062,2026-08-30,2026-09-01,DELIVERED
SHP-003031-4,ORD-003031-4,SUP-0062,2026-08-25,2026-08-25,DELIVERED
SHP-003032-1,ORD-003032-1,SUP-0038,2026-03-07,2026-03-09,DELIVERED
SHP-003032-2,ORD-003032-2,SUP-0038,2026-03-15,2026-03-16,DELIVERED
SHP-003032-3,ORD-003032-3,SUP-0038,2026-03-14,2026-03-15,DELIVERED
SHP-003032-4,ORD-003032-4,SUP-0038,2026-03-16,2026-03-16,DELIVERED
SHP-003033-1,ORD-003033-1,SUP-0007,2026-03-27,2026-03-27,DELIVERED
SHP-003033-2,ORD-003033-2,SUP-0007,2026-04-01,2026-04-02,DELIVERED
SHP-003034-1,ORD-003034-1,SUP-0018,2026-08-23,2026-08-24,DELIVERED
SHP-003035-1,ORD-003035-1,SUP-0097,2026-05-26,2026-05-27,DELIVERED
SHP-003035-2,ORD-003035-2,SUP-0097,2026-05-26,2026-05-26,DELIVERED
SHP-003035-3,ORD-003035-3,SUP-0097,2026-05-23,2026-05-23,DELIVERED
SHP-003035-4,ORD-003035-4,SUP-0097,2026-05-28,2026-05-28,DELIVERED
SHP-003036-1,ORD-003036-1,SUP-0069,2026-03-07,2026-03-09,DELIVERED
SHP-003036-2,ORD-003036-2,SUP-0069,2026-03-31,2026-03-31,DELIVERED
SHP-003037-1,ORD-003037-1,SUP-0007,2026-05-04,2026-05-04,DELIVERED
SHP-003038-1,ORD-003038-1,SUP-0072,2026-07-15,2026-07-15,DELIVERED
SHP-003038-2,ORD-003038-2,SUP-0072,2026-07-09,2026-07-10,DELIVERED
SHP-003039-1,ORD-003039-1,SUP-0078,2026-04-11,2026-04-11,DELIVERED
SHP-003039-2,ORD-003039-2,SUP-0078,2026-04-01,2026-04-01,DELIVERED
SHP-003040-1,ORD-003040-1,SUP-0056,2026-05-11,2026-05-12,DELIVERED
SHP-003040-2,ORD-003040-2,SUP-0056,2026-05-07,2026-05-07,DELIVERED
SHP-003041-1,ORD-003041-1,SUP-0104,2026-08-03,2026-08-05,DELIVERED
SHP-003041-2,ORD-003041-2,SUP-0104,2026-08-05,2026-08-05,DELIVERED
SHP-003042-1,ORD-003042-1,SUP-0078,2026-06-01,2026-06-01,DELIVERED
SHP-003042-2,ORD-003042-2,SUP-0078,2026-05-30,2026-05-30,DELIVERED
SHP-003043-1,ORD-003043-1,SUP-0055,2026-02-19,2026-02-19,DELIVERED
SHP-003043-2,ORD-003043-2,SUP-0055,2026-02-23,2026-02-23,DELIVERED
SHP-003044-1,ORD-003044-1,SUP-0001,2026-05-08,2026-05-10,DELIVERED
SHP-003044-2,ORD-003044-2,SUP-0001,2026-04-28,2026-04-28,DELIVERED
SHP-003045-1,ORD-003045-1,SUP-0044,2026-09-07,2026-09-09,IN_TRANSIT
SHP-003045-2,ORD-003045-2,SUP-0044,2026-09-18,2026-09-20,IN_TRANSIT
SHP-003046-1,ORD-003046-1,SUP-0099,2026-03-31,2026-04-01,DELIVERED
SHP-003046-2,ORD-003046-2,SUP-0099,2026-04-02,2026-04-03,DELIVERED
SHP-003047-1,ORD-003047-1,SUP-0066,2026-06-18,2026-06-18,DELIVERED
SHP-003048-1,ORD-003048-1,SUP-0030,2026-08-14,2026-08-16,DELIVERED
SHP-003049-1,ORD-003049-1,SUP-0034,2026-02-10,2026-02-12,DELIVERED
SHP-003049-2,ORD-003049-2,SUP-0034,2026-02-23,2026-02-23,DELIVERED
SHP-003050-1,ORD-003050-1,SUP-0028,2026-09-10,2026-09-10,IN_TRANSIT
SHP-003050-2,ORD-003050-2,SUP-0028,2026-09-10,2026-09-10,IN_TRANSIT
SHP-003051-1,ORD-003051-1,SUP-0047,2026-08-07,2026-08-07,DELIVERED
SHP-003051-2,ORD-003051-2,SUP-0047,2026-08-11,2026-08-13,DELIVERED
SHP-003051-3,ORD-003051-3,SUP-0047,2026-09-01,2026-09-01,DELIVERED
SHP-003051-4,ORD-003051-4,SUP-0047,2026-08-18,2026-08-19,DELIVERED
SHP-003052-1,ORD-003052-1,SUP-0042,2026-04-27,2026-04-27,DELIVERED
SHP-003052-2,ORD-003052-2,SUP-0042,2026-04-25,2026-04-25,DELIVERED
SHP-003053-1,ORD-003053-1,SUP-0091,2026-01-22,2026-01-24,DELIVERED
SHP-003053-2,ORD-003053-2,SUP-0091,2026-02-06,2026-02-06,DELIVERED
SHP-003053-3,ORD-003053-3,SUP-0091,2026-02-12,2026-02-12,DELIVERED
SHP-003054-1,ORD-003054-1,SUP-0058,2026-06-13,2026-06-14,DELIVERED
SHP-003054-2,ORD-003054-2,SUP-0058,2026-07-02,2026-07-02,DELIVERED
SHP-003054-3,ORD-003054-3,SUP-0058,2026-06-15,2026-06-17,DELIVERED
SHP-003054-4,ORD-003054-4,SUP-0058,2026-07-06,2026-07-07,DELIVERED
SHP-003055-1,ORD-003055-1,SUP-0049,2026-06-18,2026-06-18,DELIVERED
SHP-003056-1,ORD-003056-1,SUP-0001,2026-02-17,2026-02-17,DELIVERED
SHP-003057-1,ORD-003057-1,SUP-0022,2026-06-03,2026-06-05,DELIVERED
SHP-003057-2,ORD-003057-2,SUP-0022,2026-06-07,2026-06-07,DELIVERED
SHP-003057-3,ORD-003057-3,SUP-0022,2026-06-21,2026-06-22,DELIVERED
SHP-003058-1,ORD-003058-1,SUP-0056,2026-08-22,2026-08-23,DELIVERED
SHP-003058-2,ORD-003058-2,SUP-0056,2026-08-18,2026-08-18,DELIVERED
SHP-003058-3,ORD-003058-3,SUP-0056,2026-08-28,2026-08-28,DELIVERED
SHP-003059-1,ORD-003059-1,SUP-0099,2026-09-03,2026-09-03,IN_TRANSIT
SHP-003059-2,ORD-003059-2,SUP-0099,2026-09-03,2026-09-03,IN_TRANSIT
SHP-003059-3,ORD-003059-3,SUP-0099,2026-09-14,2026-09-14,IN_TRANSIT
SHP-003059-4,ORD-003059-4,SUP-0099,2026-09-25,2026-09-25,IN_TRANSIT
SHP-003060-1,ORD-003060-1,SUP-0119,2026-09-21,2026-09-22,IN_TRANSIT
SHP-003060-2,ORD-003060-2,SUP-0119,2026-09-05,2026-09-05,IN_TRANSIT
SHP-003060-3,ORD-003060-3,SUP-0119,2026-09-10,2026-09-10,IN_TRANSIT
SHP-003061-1,ORD-003061-1,SUP-0032,2026-03-01,2026-03-01,DELIVERED
SHP-003061-2,ORD-003061-2,SUP-0032,2026-02-24,2026-02-25,DELIVERED
SHP-003061-3,ORD-003061-3,SUP-0032,2026-02-23,2026-02-23,DELIVERED
SHP-003062-1,ORD-003062-1,SUP-0014,2026-05-23,2026-05-24,DELIVERED
SHP-003062-2,ORD-003062-2,SUP-0014,2026-05-17,2026-05-19,DELIVERED
SHP-003062-3,ORD-003062-3,SUP-0014,2026-05-22,2026-05-23,DELIVERED
SHP-003063-1,ORD-003063-1,SUP-0030,2026-07-16,2026-07-18,DELIVERED
SHP-003063-2,ORD-003063-2,SUP-0030,2026-08-02,2026-08-04,DELIVERED
SHP-003063-3,ORD-003063-3,SUP-0030,2026-07-30,2026-07-30,DELIVERED
SHP-003063-4,ORD-003063-4,SUP-0030,2026-08-06,2026-08-07,DELIVERED
SHP-003064-1,ORD-003064-1,SUP-0016,2026-04-12,2026-04-12,DELIVERED
SHP-003064-2,ORD-003064-2,SUP-0016,2026-04-08,2026-04-09,DELIVERED
SHP-003064-3,ORD-003064-3,SUP-0016,2026-04-03,2026-04-03,DELIVERED
SHP-003065-1,ORD-003065-1,SUP-0060,2026-07-03,2026-07-04,DELIVERED
SHP-003065-2,ORD-003065-2,SUP-0060,2026-07-14,2026-07-14,DELIVERED
SHP-003066-1,ORD-003066-1,SUP-0017,2026-09-09,2026-09-09,IN_TRANSIT
SHP-003066-2,ORD-003066-2,SUP-0017,2026-08-23,2026-08-23,DELIVERED
SHP-003066-3,ORD-003066-3,SUP-0017,2026-09-02,2026-09-02,IN_TRANSIT
SHP-003066-4,ORD-003066-4,SUP-0017,2026-08-31,2026-09-02,IN_TRANSIT
SHP-003067-1,ORD-003067-1,SUP-0071,2026-03-20,2026-03-21,DELIVERED
SHP-003067-2,ORD-003067-2,SUP-0071,2026-03-26,2026-03-28,DELIVERED
SHP-003067-3,ORD-003067-3,SUP-0071,2026-03-31,2026-03-31,DELIVERED
SHP-003068-1,ORD-003068-1,SUP-0039,2026-07-18,2026-07-19,DELIVERED
SHP-003069-1,ORD-003069-1,SUP-0082,2026-02-05,2026-02-05,DELIVERED
SHP-003069-2,ORD-003069-2,SUP-0082,2026-02-01,2026-02-01,DELIVERED
SHP-003069-3,ORD-003069-3,SUP-0082,2026-02-07,2026-02-07,DELIVERED
SHP-003070-1,ORD-003070-1,SUP-0009,2026-03-26,2026-03-27,DELIVERED
SHP-003071-1,ORD-003071-1,SUP-0044,2026-06-13,2026-06-13,DELIVERED
SHP-003071-2,ORD-003071-2,SUP-0044,2026-06-22,2026-06-22,DELIVERED
SHP-003072-1,ORD-003072-1,SUP-0005,2026-01-30,2026-01-31,DELIVERED
SHP-003072-2,ORD-003072-2,SUP-0005,2026-01-30,2026-01-31,DELIVERED
SHP-003072-3,ORD-003072-3,SUP-0005,2026-02-06,2026-02-06,DELIVERED
SHP-003073-1,ORD-003073-1,SUP-0058,2026-07-05,2026-07-06,DELIVERED
SHP-003073-2,ORD-003073-2,SUP-0058,2026-06-25,2026-06-25,DELIVERED
SHP-003074-1,ORD-003074-1,SUP-0032,2026-08-04,2026-08-04,DELIVERED
SHP-003074-2,ORD-003074-2,SUP-0032,2026-08-14,2026-08-14,DELIVERED
SHP-003075-1,ORD-003075-1,SUP-0018,2026-02-01,2026-02-01,DELIVERED
SHP-003075-2,ORD-003075-2,SUP-0018,2026-02-07,2026-02-07,DELIVERED
SHP-003075-3,ORD-003075-3,SUP-0018,2026-01-18,2026-01-18,DELIVERED
SHP-003075-4,ORD-003075-4,SUP-0018,2026-01-31,2026-01-31,DELIVERED
SHP-003076-1,ORD-003076-1,SUP-0072,2026-06-03,2026-06-04,DELIVERED
SHP-003076-2,ORD-003076-2,SUP-0072,2026-05-31,2026-05-31,DELIVERED
SHP-003076-3,ORD-003076-3,SUP-0072,2026-06-10,2026-06-10,DELIVERED
SHP-003076-4,ORD-003076-4,SUP-0072,2026-05-15,2026-05-15,DELIVERED
SHP-003077-1,ORD-003077-1,SUP-0039,2026-02-26,2026-02-26,DELIVERED
SHP-003077-2,ORD-003077-2,SUP-0039,2026-03-02,2026-03-04,DELIVERED
SHP-003077-3,ORD-003077-3,SUP-0039,2026-02-19,2026-02-20,DELIVERED
SHP-003077-4,ORD-003077-4,SUP-0039,2026-02-23,2026-02-25,DELIVERED
SHP-003078-1,ORD-003078-1,SUP-0044,2026-10-05,2026-10-05,IN_TRANSIT
SHP-003079-1,ORD-003079-1,SUP-0026,2026-09-09,2026-09-09,IN_TRANSIT
SHP-003079-2,ORD-003079-2,SUP-0026,2026-08-22,2026-08-22,DELIVERED
SHP-003079-3,ORD-003079-3,SUP-0026,2026-08-24,2026-08-24,DELIVERED
SHP-003079-4,ORD-003079-4,SUP-0026,2026-08-31,2026-08-31,DELIVERED
SHP-003080-1,ORD-003080-1,SUP-0016,2026-04-02,2026-04-02,DELIVERED
SHP-003080-2,ORD-003080-2,SUP-0016,2026-03-20,2026-03-21,DELIVERED
SHP-003081-1,ORD-003081-1,SUP-0075,2026-04-05,2026-04-05,DELIVERED
SHP-003081-2,ORD-003081-2,SUP-0075,2026-04-29,2026-05-01,DELIVERED
SHP-003081-3,ORD-003081-3,SUP-0075,2026-04-18,2026-04-18,DELIVERED
SHP-003081-4,ORD-003081-4,SUP-0075,2026-04-18,2026-04-18,DELIVERED
SHP-003082-1,ORD-003082-1,SUP-0093,2026-03-26,2026-03-26,DELIVERED
SHP-003082-2,ORD-003082-2,SUP-0093,2026-03-24,2026-03-24,DELIVERED
SHP-003083-1,ORD-003083-1,SUP-0120,2026-05-07,2026-05-07,DELIVERED
SHP-003083-2,ORD-003083-2,SUP-0120,2026-05-21,2026-05-22,DELIVERED
SHP-003083-3,ORD-003083-3,SUP-0120,2026-05-11,2026-05-11,DELIVERED
SHP-003084-1,ORD-003084-1,SUP-0005,2026-05-08,2026-05-08,DELIVERED
SHP-003084-2,ORD-003084-2,SUP-0005,2026-04-25,2026-04-26,DELIVERED
SHP-003085-1,ORD-003085-1,SUP-0037,2026-03-16,2026-03-16,DELIVERED
SHP-003086-1,ORD-003086-1,SUP-0004,2026-05-17,2026-05-17,DELIVERED
SHP-003087-1,ORD-003087-1,SUP-0092,2026-08-08,2026-08-08,DELIVERED
SHP-003087-2,ORD-003087-2,SUP-0092,2026-08-11,2026-08-11,DELIVERED
SHP-003088-1,ORD-003088-1,SUP-0055,2026-05-13,2026-05-13,DELIVERED
SHP-003088-2,ORD-003088-2,SUP-0055,2026-05-06,2026-05-06,DELIVERED
SHP-003088-3,ORD-003088-3,SUP-0055,2026-05-07,2026-05-07,DELIVERED
SHP-003088-4,ORD-003088-4,SUP-0055,2026-05-10,2026-05-10,DELIVERED
SHP-003089-1,ORD-003089-1,SUP-0016,2026-09-15,2026-09-15,IN_TRANSIT
SHP-003090-1,ORD-003090-1,SUP-0026,2026-09-08,2026-09-08,IN_TRANSIT
SHP-003090-2,ORD-003090-2,SUP-0026,2026-08-30,2026-08-31,DELIVERED
SHP-003090-3,ORD-003090-3,SUP-0026,2026-08-22,2026-08-23,DELIVERED
SHP-003090-4,ORD-003090-4,SUP-0026,2026-08-29,2026-08-30,DELIVERED
SHP-003091-1,ORD-003091-1,SUP-0074,2026-01-31,2026-02-02,DELIVERED
SHP-003091-2,ORD-003091-2,SUP-0074,2026-02-01,2026-02-01,DELIVERED
SHP-003092-1,ORD-003092-1,SUP-0018,2026-07-28,2026-07-28,DELIVERED
SHP-003092-2,ORD-003092-2,SUP-0018,2026-08-09,2026-08-10,DELIVERED
SHP-003092-3,ORD-003092-3,SUP-0018,2026-08-05,2026-08-05,DELIVERED
SHP-003093-1,ORD-003093-1,SUP-0075,2026-02-01,2026-02-01,DELIVERED
SHP-003093-2,ORD-003093-2,SUP-0075,2026-02-03,2026-02-05,DELIVERED
SHP-003094-1,ORD-003094-1,SUP-0081,2026-06-02,2026-06-04,DELIVERED
SHP-003094-2,ORD-003094-2,SUP-0081,2026-05-22,2026-05-22,DELIVERED
SHP-003095-1,ORD-003095-1,SUP-0013,2026-05-08,2026-05-10,DELIVERED
SHP-003095-2,ORD-003095-2,SUP-0013,2026-06-05,2026-06-05,DELIVERED
SHP-003095-3,ORD-003095-3,SUP-0013,2026-05-18,2026-05-20,DELIVERED
SHP-003095-4,ORD-003095-4,SUP-0013,2026-05-29,2026-05-31,DELIVERED
SHP-003096-1,ORD-003096-1,SUP-0079,2026-03-12,2026-03-12,DELIVERED
SHP-003096-2,ORD-003096-2,SUP-0079,2026-03-12,2026-03-13,DELIVERED
SHP-003096-3,ORD-003096-3,SUP-0079,2026-03-03,2026-03-03,DELIVERED
SHP-003096-4,ORD-003096-4,SUP-0079,2026-02-27,2026-02-27,DELIVERED
SHP-003097-1,ORD-003097-1,SUP-0044,2026-05-27,2026-05-28,DELIVERED
SHP-003098-1,ORD-003098-1,SUP-0081,2026-02-17,2026-02-17,DELIVERED
SHP-003098-2,ORD-003098-2,SUP-0081,2026-02-18,2026-02-20,DELIVERED
SHP-003098-3,ORD-003098-3,SUP-0081,2026-02-09,2026-02-09,DELIVERED
SHP-003098-4,ORD-003098-4,SUP-0081,2026-02-16,2026-02-16,DELIVERED
SHP-003099-1,ORD-003099-1,SUP-0052,2026-08-03,2026-08-03,DELIVERED
SHP-003099-2,ORD-003099-2,SUP-0052,2026-08-06,2026-08-06,DELIVERED
SHP-003099-3,ORD-003099-3,SUP-0052,2026-08-02,2026-08-03,DELIVERED
SHP-003099-4,ORD-003099-4,SUP-0052,2026-07-16,2026-07-16,DELIVERED
SHP-003100-1,ORD-003100-1,SUP-0116,2026-05-23,2026-05-23,DELIVERED
SHP-003100-2,ORD-003100-2,SUP-0116,2026-05-25,2026-05-25,DELIVERED
SHP-003100-3,ORD-003100-3,SUP-0116,2026-05-29,2026-05-31,DELIVERED
SHP-003100-4,ORD-003100-4,SUP-0116,2026-06-19,2026-06-20,DELIVERED
SHP-003101-1,ORD-003101-1,SUP-0080,2026-07-09,2026-07-09,DELIVERED
SHP-003101-2,ORD-003101-2,SUP-0080,2026-07-17,2026-07-17,DELIVERED
SHP-003101-3,ORD-003101-3,SUP-0080,2026-07-15,2026-07-15,DELIVERED
SHP-003102-1,ORD-003102-1,SUP-0055,2026-08-13,2026-08-13,DELIVERED
SHP-003102-2,ORD-003102-2,SUP-0055,2026-08-14,2026-08-14,DELIVERED
SHP-003102-3,ORD-003102-3,SUP-0055,2026-08-09,2026-08-10,DELIVERED
SHP-003102-4,ORD-003102-4,SUP-0055,2026-08-12,2026-08-12,DELIVERED
SHP-003103-1,ORD-003103-1,SUP-0109,2026-02-17,2026-02-17,DELIVERED
SHP-003103-2,ORD-003103-2,SUP-0109,2026-01-24,2026-01-24,DELIVERED
SHP-003104-1,ORD-003104-1,SUP-0086,2026-02-17,2026-02-17,DELIVERED
SHP-003104-2,ORD-003104-2,SUP-0086,2026-01-25,2026-01-25,DELIVERED
SHP-003104-3,ORD-003104-3,SUP-0086,2026-01-30,2026-01-31,DELIVERED
SHP-003105-1,ORD-003105-1,SUP-0037,2026-07-29,2026-07-31,DELIVERED
SHP-003105-2,ORD-003105-2,SUP-0037,2026-07-30,2026-07-31,DELIVERED
SHP-003105-3,ORD-003105-3,SUP-0037,2026-08-06,2026-08-08,DELIVERED
SHP-003106-1,ORD-003106-1,SUP-0062,2026-02-13,2026-02-15,DELIVERED
SHP-003106-2,ORD-003106-2,SUP-0062,2026-02-24,2026-02-24,DELIVERED
SHP-003106-3,ORD-003106-3,SUP-0062,2026-02-05,2026-02-07,DELIVERED
SHP-003106-4,ORD-003106-4,SUP-0062,2026-02-27,2026-03-01,DELIVERED
SHP-003107-1,ORD-003107-1,SUP-0051,2026-05-26,2026-05-27,DELIVERED
SHP-003107-2,ORD-003107-2,SUP-0051,2026-05-27,2026-05-27,DELIVERED
SHP-003108-1,ORD-003108-1,SUP-0118,2026-03-26,2026-03-26,DELIVERED
SHP-003108-2,ORD-003108-2,SUP-0118,2026-03-23,2026-03-25,DELIVERED
SHP-003109-1,ORD-003109-1,SUP-0037,2026-05-18,2026-05-20,DELIVERED
SHP-003109-2,ORD-003109-2,SUP-0037,2026-05-20,2026-05-20,DELIVERED
SHP-003109-3,ORD-003109-3,SUP-0037,2026-05-26,2026-05-27,DELIVERED
SHP-003109-4,ORD-003109-4,SUP-0037,2026-05-24,2026-05-25,DELIVERED
SHP-003110-1,ORD-003110-1,SUP-0063,2026-02-21,2026-02-21,DELIVERED
SHP-003110-2,ORD-003110-2,SUP-0063,2026-03-13,2026-03-13,DELIVERED
SHP-003110-3,ORD-003110-3,SUP-0063,2026-03-14,2026-03-16,DELIVERED
SHP-003111-1,ORD-003111-1,SUP-0112,2026-03-21,2026-03-23,DELIVERED
SHP-003111-2,ORD-003111-2,SUP-0112,2026-03-11,2026-03-11,DELIVERED
SHP-003112-1,ORD-003112-1,SUP-0036,2026-07-19,2026-07-19,DELIVERED
SHP-003112-2,ORD-003112-2,SUP-0036,2026-07-12,2026-07-12,DELIVERED
SHP-003112-3,ORD-003112-3,SUP-0036,2026-07-24,2026-07-25,DELIVERED
SHP-003112-4,ORD-003112-4,SUP-0036,2026-07-06,2026-07-06,DELIVERED
SHP-003113-1,ORD-003113-1,SUP-0098,2026-08-07,2026-08-07,DELIVERED
SHP-003113-2,ORD-003113-2,SUP-0098,2026-08-11,2026-08-13,DELIVERED
SHP-003114-1,ORD-003114-1,SUP-0099,2026-02-23,2026-02-25,DELIVERED
SHP-003114-2,ORD-003114-2,SUP-0099,2026-02-10,2026-02-10,DELIVERED
SHP-003114-3,ORD-003114-3,SUP-0099,2026-02-19,2026-02-20,DELIVERED
SHP-003114-4,ORD-003114-4,SUP-0099,2026-01-31,2026-02-02,DELIVERED
SHP-003115-1,ORD-003115-1,SUP-0051,2026-03-09,2026-03-11,DELIVERED
SHP-003115-2,ORD-003115-2,SUP-0051,2026-03-04,2026-03-05,DELIVERED
SHP-003115-3,ORD-003115-3,SUP-0051,2026-03-14,2026-03-14,DELIVERED
SHP-003116-1,ORD-003116-1,SUP-0087,2026-02-15,2026-02-16,DELIVERED
SHP-003117-1,ORD-003117-1,SUP-0082,2026-01-20,2026-01-20,DELIVERED
SHP-003117-2,ORD-003117-2,SUP-0082,2026-01-15,2026-01-15,DELIVERED
SHP-003117-3,ORD-003117-3,SUP-0082,2026-01-31,2026-01-31,DELIVERED
SHP-003117-4,ORD-003117-4,SUP-0082,2026-01-24,2026-01-26,DELIVERED
SHP-003118-1,ORD-003118-1,SUP-0040,2026-07-23,2026-07-23,DELIVERED
SHP-003118-2,ORD-003118-2,SUP-0040,2026-07-20,2026-07-22,DELIVERED
SHP-003118-3,ORD-003118-3,SUP-0040,2026-07-14,2026-07-15,DELIVERED
SHP-003119-1,ORD-003119-1,SUP-0065,2026-02-05,2026-02-05,DELIVERED
SHP-003119-2,ORD-003119-2,SUP-0065,2026-02-09,2026-02-10,DELIVERED
SHP-003119-3,ORD-003119-3,SUP-0065,2026-02-06,2026-02-06,DELIVERED
SHP-003119-4,ORD-003119-4,SUP-0065,2026-01-24,2026-01-24,DELIVERED
SHP-003120-1,ORD-003120-1,SUP-0117,2026-03-20,2026-03-20,DELIVERED
SHP-003120-2,ORD-003120-2,SUP-0117,2026-03-19,2026-03-19,DELIVERED
SHP-003120-3,ORD-003120-3,SUP-0117,2026-03-26,2026-03-26,DELIVERED
SHP-003121-1,ORD-003121-1,SUP-0108,2026-04-17,2026-04-18,DELIVERED
SHP-003121-2,ORD-003121-2,SUP-0108,2026-05-09,2026-05-09,DELIVERED
SHP-003122-1,ORD-003122-1,SUP-0063,2026-05-05,2026-05-05,DELIVERED
SHP-003123-1,ORD-003123-1,SUP-0033,2026-05-30,2026-06-01,DELIVERED
SHP-003123-2,ORD-003123-2,SUP-0033,2026-06-19,2026-06-19,DELIVERED
SHP-003123-3,ORD-003123-3,SUP-0033,2026-06-08,2026-06-10,DELIVERED
SHP-003124-1,ORD-003124-1,SUP-0026,2026-06-17,2026-06-19,DELIVERED
SHP-003124-2,ORD-003124-2,SUP-0026,2026-05-27,2026-05-28,DELIVERED
SHP-003125-1,ORD-003125-1,SUP-0027,2026-06-06,2026-06-06,DELIVERED
SHP-003125-2,ORD-003125-2,SUP-0027,2026-06-18,2026-06-19,DELIVERED
SHP-003125-3,ORD-003125-3,SUP-0027,2026-05-31,2026-06-02,DELIVERED
SHP-003126-1,ORD-003126-1,SUP-0078,2026-04-23,2026-04-23,DELIVERED
SHP-003126-2,ORD-003126-2,SUP-0078,2026-05-10,2026-05-11,DELIVERED
SHP-003126-3,ORD-003126-3,SUP-0078,2026-05-04,2026-05-05,DELIVERED
SHP-003126-4,ORD-003126-4,SUP-0078,2026-04-30,2026-05-01,DELIVERED
SHP-003127-1,ORD-003127-1,SUP-0057,2026-08-10,2026-08-10,DELIVERED
SHP-003127-2,ORD-003127-2,SUP-0057,2026-07-25,2026-07-25,DELIVERED
SHP-003127-3,ORD-003127-3,SUP-0057,2026-08-08,2026-08-10,DELIVERED
SHP-003127-4,ORD-003127-4,SUP-0057,2026-07-26,2026-07-26,DELIVERED
SHP-003128-1,ORD-003128-1,SUP-0028,2026-03-27,2026-03-27,DELIVERED
SHP-003128-2,ORD-003128-2,SUP-0028,2026-03-31,2026-04-02,DELIVERED
SHP-003129-1,ORD-003129-1,SUP-0089,2026-05-26,2026-05-28,DELIVERED
SHP-003130-1,ORD-003130-1,SUP-0069,2026-08-10,2026-08-10,DELIVERED
SHP-003130-2,ORD-003130-2,SUP-0069,2026-08-02,2026-08-03,DELIVERED
SHP-003131-1,ORD-003131-1,SUP-0052,2026-06-16,2026-06-17,DELIVERED
SHP-003131-2,ORD-003131-2,SUP-0052,2026-06-28,2026-06-28,DELIVERED
SHP-003132-1,ORD-003132-1,SUP-0068,2026-02-09,2026-02-09,DELIVERED
SHP-003132-2,ORD-003132-2,SUP-0068,2026-01-22,2026-01-24,DELIVERED
SHP-003132-3,ORD-003132-3,SUP-0068,2026-01-28,2026-01-28,DELIVERED
SHP-003132-4,ORD-003132-4,SUP-0068,2026-01-27,2026-01-27,DELIVERED
SHP-003133-1,ORD-003133-1,SUP-0108,2026-08-30,2026-08-30,DELIVERED
SHP-003133-2,ORD-003133-2,SUP-0108,2026-08-25,2026-08-26,DELIVERED
SHP-003133-3,ORD-003133-3,SUP-0108,2026-08-11,2026-08-11,DELIVERED
SHP-003134-1,ORD-003134-1,SUP-0090,2026-04-02,2026-04-02,DELIVERED
SHP-003135-1,ORD-003135-1,SUP-0019,2026-02-08,2026-02-09,DELIVERED
SHP-003136-1,ORD-003136-1,SUP-0089,2026-08-23,2026-08-25,DELIVERED
SHP-003136-2,ORD-003136-2,SUP-0089,2026-09-03,2026-09-05,IN_TRANSIT
SHP-003136-3,ORD-003136-3,SUP-0089,2026-08-31,2026-08-31,DELIVERED
SHP-003137-1,ORD-003137-1,SUP-0112,2026-02-02,2026-02-04,DELIVERED
SHP-003137-2,ORD-003137-2,SUP-0112,2026-02-08,2026-02-08,DELIVERED
SHP-003137-3,ORD-003137-3,SUP-0112,2026-02-05,2026-02-05,DELIVERED
SHP-003138-1,ORD-003138-1,SUP-0028,2026-02-28,2026-02-28,DELIVERED
SHP-003138-2,ORD-003138-2,SUP-0028,2026-03-03,2026-03-05,DELIVERED
SHP-003138-3,ORD-003138-3,SUP-0028,2026-02-19,2026-02-19,DELIVERED
SHP-003139-1,ORD-003139-1,SUP-0071,2026-04-29,2026-04-30,DELIVERED
SHP-003140-1,ORD-003140-1,SUP-0077,2026-07-18,2026-07-20,DELIVERED
SHP-003140-2,ORD-003140-2,SUP-0077,2026-08-06,2026-08-08,DELIVERED
SHP-003141-1,ORD-003141-1,SUP-0083,2026-02-22,2026-02-22,DELIVERED
SHP-003142-1,ORD-003142-1,SUP-0107,2026-02-18,2026-02-20,DELIVERED
SHP-003142-2,ORD-003142-2,SUP-0107,2026-02-14,2026-02-14,DELIVERED
SHP-003142-3,ORD-003142-3,SUP-0107,2026-01-27,2026-01-29,DELIVERED
SHP-003142-4,ORD-003142-4,SUP-0107,2026-02-11,2026-02-11,DELIVERED
SHP-003143-1,ORD-003143-1,SUP-0072,2026-08-04,2026-08-06,DELIVERED
SHP-003143-2,ORD-003143-2,SUP-0072,2026-07-30,2026-08-01,DELIVERED
SHP-003144-1,ORD-003144-1,SUP-0120,2026-02-07,2026-02-07,DELIVERED
SHP-003144-2,ORD-003144-2,SUP-0120,2026-02-17,2026-02-17,DELIVERED
SHP-003144-3,ORD-003144-3,SUP-0120,2026-02-09,2026-02-11,DELIVERED
SHP-003145-1,ORD-003145-1,SUP-0059,2026-05-29,2026-05-29,DELIVERED
SHP-003145-2,ORD-003145-2,SUP-0059,2026-06-15,2026-06-15,DELIVERED
SHP-003145-3,ORD-003145-3,SUP-0059,2026-06-07,2026-06-07,DELIVERED
SHP-003145-4,ORD-003145-4,SUP-0059,2026-06-03,2026-06-03,DELIVERED
SHP-003146-1,ORD-003146-1,SUP-0054,2026-06-28,2026-06-30,DELIVERED
SHP-003146-2,ORD-003146-2,SUP-0054,2026-07-09,2026-07-10,DELIVERED
SHP-003146-3,ORD-003146-3,SUP-0054,2026-07-10,2026-07-12,DELIVERED
SHP-003146-4,ORD-003146-4,SUP-0054,2026-07-12,2026-07-12,DELIVERED
SHP-003147-1,ORD-003147-1,SUP-0075,2026-09-23,2026-09-25,IN_TRANSIT
SHP-003147-2,ORD-003147-2,SUP-0075,2026-09-06,2026-09-06,IN_TRANSIT
SHP-003147-3,ORD-003147-3,SUP-0075,2026-09-29,2026-09-29,IN_TRANSIT
SHP-003148-1,ORD-003148-1,SUP-0004,2026-05-13,2026-05-13,DELIVERED
SHP-003148-2,ORD-003148-2,SUP-0004,2026-05-08,2026-05-10,DELIVERED
SHP-003148-3,ORD-003148-3,SUP-0004,2026-05-24,2026-05-25,DELIVERED
SHP-003148-4,ORD-003148-4,SUP-0004,2026-05-29,2026-05-30,DELIVERED
SHP-003149-1,ORD-003149-1,SUP-0025,2026-08-13,2026-08-13,DELIVERED
SHP-003150-1,ORD-003150-1,SUP-0021,2026-05-23,2026-05-23,DELIVERED
SHP-003150-2,ORD-003150-2,SUP-0021,2026-06-10,2026-06-10,DELIVERED
SHP-003151-1,ORD-003151-1,SUP-0103,2026-05-19,2026-05-19,DELIVERED
SHP-003151-2,ORD-003151-2,SUP-0103,2026-05-11,2026-05-13,DELIVERED
SHP-003151-3,ORD-003151-3,SUP-0103,2026-05-21,2026-05-21,DELIVERED
SHP-003151-4,ORD-003151-4,SUP-0103,2026-04-30,2026-04-30,DELIVERED
SHP-003152-1,ORD-003152-1,SUP-0110,2026-04-15,2026-04-15,DELIVERED
SHP-003152-2,ORD-003152-2,SUP-0110,2026-04-13,2026-04-13,DELIVERED
SHP-003152-3,ORD-003152-3,SUP-0110,2026-04-12,2026-04-12,DELIVERED
SHP-003152-4,ORD-003152-4,SUP-0110,2026-04-04,2026-04-04,DELIVERED
SHP-003153-1,ORD-003153-1,SUP-0114,2026-03-26,2026-03-26,DELIVERED
SHP-003154-1,ORD-003154-1,SUP-0117,2026-05-13,2026-05-14,DELIVERED
SHP-003154-2,ORD-003154-2,SUP-0117,2026-05-04,2026-05-05,DELIVERED
SHP-003154-3,ORD-003154-3,SUP-0117,2026-04-24,2026-04-24,DELIVERED
SHP-003155-1,ORD-003155-1,SUP-0085,2026-04-01,2026-04-01,DELIVERED
SHP-003155-2,ORD-003155-2,SUP-0085,2026-04-10,2026-04-10,DELIVERED
SHP-003156-1,ORD-003156-1,SUP-0079,2026-06-13,2026-06-13,DELIVERED
SHP-003156-2,ORD-003156-2,SUP-0079,2026-06-14,2026-06-14,DELIVERED
SHP-003156-3,ORD-003156-3,SUP-0079,2026-06-07,2026-06-07,DELIVERED
SHP-003157-1,ORD-003157-1,SUP-0085,2026-02-06,2026-02-07,DELIVERED
SHP-003157-2,ORD-003157-2,SUP-0085,2026-02-14,2026-02-14,DELIVERED
SHP-003158-1,ORD-003158-1,SUP-0061,2026-04-15,2026-04-15,DELIVERED
SHP-003158-2,ORD-003158-2,SUP-0061,2026-04-20,2026-04-21,DELIVERED
SHP-003158-3,ORD-003158-3,SUP-0061,2026-04-13,2026-04-15,DELIVERED
SHP-003158-4,ORD-003158-4,SUP-0061,2026-04-10,2026-04-10,DELIVERED
SHP-003159-1,ORD-003159-1,SUP-0016,2026-07-07,2026-07-07,DELIVERED
SHP-003159-2,ORD-003159-2,SUP-0016,2026-07-10,2026-07-10,DELIVERED
SHP-003159-3,ORD-003159-3,SUP-0016,2026-07-16,2026-07-17,DELIVERED
SHP-003159-4,ORD-003159-4,SUP-0016,2026-07-03,2026-07-03,DELIVERED
SHP-003160-1,ORD-003160-1,SUP-0057,2026-06-16,2026-06-16,DELIVERED
SHP-003160-2,ORD-003160-2,SUP-0057,2026-06-28,2026-06-28,DELIVERED
SHP-003160-3,ORD-003160-3,SUP-0057,2026-06-26,2026-06-26,DELIVERED
SHP-003160-4,ORD-003160-4,SUP-0057,2026-06-11,2026-06-11,DELIVERED
SHP-003161-1,ORD-003161-1,SUP-0119,2026-05-29,2026-05-30,DELIVERED
SHP-003161-2,ORD-003161-2,SUP-0119,2026-06-09,2026-06-10,DELIVERED
SHP-003161-3,ORD-003161-3,SUP-0119,2026-06-01,2026-06-01,DELIVERED
SHP-003162-1,ORD-003162-1,SUP-0028,2026-05-26,2026-05-28,DELIVERED
SHP-003162-2,ORD-003162-2,SUP-0028,2026-06-05,2026-06-05,DELIVERED
SHP-003163-1,ORD-003163-1,SUP-0049,2026-02-15,2026-02-15,DELIVERED
SHP-003163-2,ORD-003163-2,SUP-0049,2026-02-04,2026-02-04,DELIVERED
SHP-003164-1,ORD-003164-1,SUP-0081,2026-06-07,2026-06-07,DELIVERED
SHP-003164-2,ORD-003164-2,SUP-0081,2026-05-30,2026-05-30,DELIVERED
SHP-003164-3,ORD-003164-3,SUP-0081,2026-06-03,2026-06-05,DELIVERED
SHP-003164-4,ORD-003164-4,SUP-0081,2026-06-13,2026-06-13,DELIVERED
SHP-003165-1,ORD-003165-1,SUP-0070,2026-09-09,2026-09-09,IN_TRANSIT
SHP-003165-2,ORD-003165-2,SUP-0070,2026-08-31,2026-08-31,DELIVERED
SHP-003165-3,ORD-003165-3,SUP-0070,2026-09-09,2026-09-09,IN_TRANSIT
SHP-003165-4,ORD-003165-4,SUP-0070,2026-09-14,2026-09-14,IN_TRANSIT
SHP-003166-1,ORD-003166-1,SUP-0026,2026-08-14,2026-08-14,DELIVERED
SHP-003166-2,ORD-003166-2,SUP-0026,2026-08-11,2026-08-11,DELIVERED
SHP-003166-3,ORD-003166-3,SUP-0026,2026-08-23,2026-08-23,DELIVERED
SHP-003166-4,ORD-003166-4,SUP-0026,2026-08-18,2026-08-20,DELIVERED
SHP-003167-1,ORD-003167-1,SUP-0062,2026-04-04,2026-04-04,DELIVERED
SHP-003167-2,ORD-003167-2,SUP-0062,2026-03-16,2026-03-17,DELIVERED
SHP-003167-3,ORD-003167-3,SUP-0062,2026-03-07,2026-03-07,DELIVERED
SHP-003167-4,ORD-003167-4,SUP-0062,2026-03-07,2026-03-07,DELIVERED
SHP-003168-1,ORD-003168-1,SUP-0075,2026-04-02,2026-04-02,DELIVERED
SHP-003168-2,ORD-003168-2,SUP-0075,2026-03-30,2026-03-30,DELIVERED
SHP-003169-1,ORD-003169-1,SUP-0073,2026-09-12,2026-09-14,IN_TRANSIT
SHP-003169-2,ORD-003169-2,SUP-0073,2026-09-11,2026-09-11,IN_TRANSIT
SHP-003169-3,ORD-003169-3,SUP-0073,2026-09-24,2026-09-24,IN_TRANSIT
SHP-003170-1,ORD-003170-1,SUP-0079,2026-02-21,2026-02-22,DELIVERED
SHP-003170-2,ORD-003170-2,SUP-0079,2026-03-12,2026-03-14,DELIVERED
SHP-003170-3,ORD-003170-3,SUP-0079,2026-03-01,2026-03-02,DELIVERED
SHP-003171-1,ORD-003171-1,SUP-0040,2026-06-26,2026-06-26,DELIVERED
SHP-003171-2,ORD-003171-2,SUP-0040,2026-07-17,2026-07-19,DELIVERED
SHP-003171-3,ORD-003171-3,SUP-0040,2026-07-07,2026-07-09,DELIVERED
SHP-003172-1,ORD-003172-1,SUP-0034,2026-05-06,2026-05-08,DELIVERED
SHP-003172-2,ORD-003172-2,SUP-0034,2026-04-14,2026-04-15,DELIVERED
SHP-003172-3,ORD-003172-3,SUP-0034,2026-04-19,2026-04-21,DELIVERED
SHP-003173-1,ORD-003173-1,SUP-0035,2026-05-22,2026-05-24,DELIVERED
SHP-003173-2,ORD-003173-2,SUP-0035,2026-05-21,2026-05-23,DELIVERED
SHP-003173-3,ORD-003173-3,SUP-0035,2026-05-21,2026-05-22,DELIVERED
SHP-003174-1,ORD-003174-1,SUP-0045,2026-01-31,2026-01-31,DELIVERED
SHP-003175-1,ORD-003175-1,SUP-0083,2026-05-03,2026-05-05,DELIVERED
SHP-003175-2,ORD-003175-2,SUP-0083,2026-05-03,2026-05-03,DELIVERED
SHP-003176-1,ORD-003176-1,SUP-0097,2026-04-21,2026-04-21,DELIVERED
SHP-003176-2,ORD-003176-2,SUP-0097,2026-04-05,2026-04-05,DELIVERED
SHP-003176-3,ORD-003176-3,SUP-0097,2026-04-13,2026-04-13,DELIVERED
SHP-003176-4,ORD-003176-4,SUP-0097,2026-04-07,2026-04-07,DELIVERED
SHP-003177-1,ORD-003177-1,SUP-0063,2026-07-24,2026-07-26,DELIVERED
SHP-003177-2,ORD-003177-2,SUP-0063,2026-07-26,2026-07-26,DELIVERED
SHP-003177-3,ORD-003177-3,SUP-0063,2026-07-19,2026-07-19,DELIVERED
SHP-003177-4,ORD-003177-4,SUP-0063,2026-07-02,2026-07-02,DELIVERED
SHP-003178-1,ORD-003178-1,SUP-0105,2026-02-24,2026-02-24,DELIVERED
SHP-003178-2,ORD-003178-2,SUP-0105,2026-03-07,2026-03-07,DELIVERED
SHP-003179-1,ORD-003179-1,SUP-0018,2026-03-05,2026-03-05,DELIVERED
SHP-003180-1,ORD-003180-1,SUP-0081,2026-05-03,2026-05-04,DELIVERED
SHP-003181-1,ORD-003181-1,SUP-0014,2026-07-18,2026-07-19,DELIVERED
SHP-003182-1,ORD-003182-1,SUP-0064,2026-08-05,2026-08-05,DELIVERED
SHP-003183-1,ORD-003183-1,SUP-0023,2026-06-14,2026-06-14,DELIVERED
SHP-003183-2,ORD-003183-2,SUP-0023,2026-06-04,2026-06-04,DELIVERED
SHP-003184-1,ORD-003184-1,SUP-0092,2026-08-08,2026-08-10,DELIVERED
SHP-003185-1,ORD-003185-1,SUP-0059,2026-03-02,2026-03-03,DELIVERED
SHP-003185-2,ORD-003185-2,SUP-0059,2026-03-22,2026-03-22,DELIVERED
SHP-003185-3,ORD-003185-3,SUP-0059,2026-03-09,2026-03-09,DELIVERED
SHP-003186-1,ORD-003186-1,SUP-0043,2026-04-18,2026-04-18,DELIVERED
SHP-003187-1,ORD-003187-1,SUP-0077,2026-02-07,2026-02-09,DELIVERED
SHP-003187-2,ORD-003187-2,SUP-0077,2026-01-23,2026-01-25,DELIVERED
SHP-003187-3,ORD-003187-3,SUP-0077,2026-01-30,2026-02-01,DELIVERED
SHP-003187-4,ORD-003187-4,SUP-0077,2026-02-02,2026-02-02,DELIVERED
SHP-003188-1,ORD-003188-1,SUP-0023,2026-07-08,2026-07-08,DELIVERED
SHP-003189-1,ORD-003189-1,SUP-0015,2026-08-26,2026-08-26,DELIVERED
SHP-003189-2,ORD-003189-2,SUP-0015,2026-08-19,2026-08-21,DELIVERED
SHP-003190-1,ORD-003190-1,SUP-0100,2026-05-23,2026-05-23,DELIVERED
SHP-003190-2,ORD-003190-2,SUP-0100,2026-05-07,2026-05-07,DELIVERED
SHP-003190-3,ORD-003190-3,SUP-0100,2026-05-04,2026-05-04,DELIVERED
SHP-003190-4,ORD-003190-4,SUP-0100,2026-05-02,2026-05-04,DELIVERED
SHP-003191-1,ORD-003191-1,SUP-0120,2026-07-26,2026-07-27,DELIVERED
SHP-003191-2,ORD-003191-2,SUP-0120,2026-07-27,2026-07-27,DELIVERED
SHP-003192-1,ORD-003192-1,SUP-0085,2026-05-26,2026-05-28,DELIVERED
SHP-003193-1,ORD-003193-1,SUP-0058,2026-04-09,2026-04-09,DELIVERED
SHP-003193-2,ORD-003193-2,SUP-0058,2026-04-16,2026-04-16,DELIVERED
SHP-003194-1,ORD-003194-1,SUP-0022,2026-08-02,2026-08-04,DELIVERED
SHP-003195-1,ORD-003195-1,SUP-0014,2026-07-11,2026-07-11,DELIVERED
SHP-003195-2,ORD-003195-2,SUP-0014,2026-07-17,2026-07-17,DELIVERED
SHP-003195-3,ORD-003195-3,SUP-0014,2026-08-01,2026-08-01,DELIVERED
SHP-003196-1,ORD-003196-1,SUP-0062,2026-07-21,2026-07-21,DELIVERED
SHP-003196-2,ORD-003196-2,SUP-0062,2026-07-20,2026-07-20,DELIVERED
SHP-003197-1,ORD-003197-1,SUP-0089,2026-07-31,2026-08-01,DELIVERED
SHP-003197-2,ORD-003197-2,SUP-0089,2026-07-11,2026-07-11,DELIVERED
SHP-003197-3,ORD-003197-3,SUP-0089,2026-07-20,2026-07-20,DELIVERED
SHP-003198-1,ORD-003198-1,SUP-0018,2026-07-22,2026-07-24,DELIVERED
SHP-003198-2,ORD-003198-2,SUP-0018,2026-07-04,2026-07-06,DELIVERED
SHP-003198-3,ORD-003198-3,SUP-0018,2026-07-13,2026-07-13,DELIVERED
SHP-003199-1,ORD-003199-1,SUP-0101,2026-05-10,2026-05-10,DELIVERED
SHP-003199-2,ORD-003199-2,SUP-0101,2026-05-03,2026-05-05,DELIVERED
SHP-003200-1,ORD-003200-1,SUP-0091,2026-06-15,2026-06-16,DELIVERED
SHP-003200-2,ORD-003200-2,SUP-0091,2026-06-20,2026-06-21,DELIVERED
SHP-003200-3,ORD-003200-3,SUP-0091,2026-06-18,2026-06-18,DELIVERED
SHP-003201-1,ORD-003201-1,SUP-0064,2026-02-02,2026-02-02,DELIVERED
SHP-003201-2,ORD-003201-2,SUP-0064,2026-01-27,2026-01-27,DELIVERED
SHP-003201-3,ORD-003201-3,SUP-0064,2026-01-19,2026-01-19,DELIVERED
SHP-003202-1,ORD-003202-1,SUP-0088,2026-04-10,2026-04-11,DELIVERED
SHP-003203-1,ORD-003203-1,SUP-0074,2026-03-24,2026-03-24,DELIVERED
SHP-003204-1,ORD-003204-1,SUP-0012,2026-06-07,2026-06-08,DELIVERED
SHP-003204-2,ORD-003204-2,SUP-0012,2026-05-28,2026-05-28,DELIVERED
SHP-003204-3,ORD-003204-3,SUP-0012,2026-06-05,2026-06-05,DELIVERED
SHP-003205-1,ORD-003205-1,SUP-0089,2026-03-30,2026-03-30,DELIVERED
SHP-003205-2,ORD-003205-2,SUP-0089,2026-03-28,2026-03-28,DELIVERED
SHP-003205-3,ORD-003205-3,SUP-0089,2026-03-27,2026-03-27,DELIVERED
SHP-003206-1,ORD-003206-1,SUP-0024,2026-03-29,2026-03-31,DELIVERED
SHP-003206-2,ORD-003206-2,SUP-0024,2026-03-29,2026-03-30,DELIVERED
SHP-003207-1,ORD-003207-1,SUP-0046,2026-05-30,2026-06-01,DELIVERED
SHP-003207-2,ORD-003207-2,SUP-0046,2026-05-20,2026-05-20,DELIVERED
SHP-003208-1,ORD-003208-1,SUP-0056,2026-02-12,2026-02-12,DELIVERED
SHP-003208-2,ORD-003208-2,SUP-0056,2026-02-20,2026-02-20,DELIVERED
SHP-003208-3,ORD-003208-3,SUP-0056,2026-02-05,2026-02-05,DELIVERED
SHP-003209-1,ORD-003209-1,SUP-0064,2026-03-02,2026-03-03,DELIVERED
SHP-003209-2,ORD-003209-2,SUP-0064,2026-03-19,2026-03-19,DELIVERED
SHP-003209-3,ORD-003209-3,SUP-0064,2026-03-22,2026-03-22,DELIVERED
SHP-003210-1,ORD-003210-1,SUP-0024,2026-04-06,2026-04-07,DELIVERED
SHP-003210-2,ORD-003210-2,SUP-0024,2026-04-14,2026-04-14,DELIVERED
SHP-003211-1,ORD-003211-1,SUP-0050,2026-06-27,2026-06-27,DELIVERED
SHP-003211-2,ORD-003211-2,SUP-0050,2026-06-25,2026-06-26,DELIVERED
SHP-003211-3,ORD-003211-3,SUP-0050,2026-07-11,2026-07-11,DELIVERED
SHP-003211-4,ORD-003211-4,SUP-0050,2026-06-23,2026-06-25,DELIVERED
SHP-003212-1,ORD-003212-1,SUP-0073,2026-02-12,2026-02-13,DELIVERED
SHP-003213-1,ORD-003213-1,SUP-0046,2026-02-26,2026-02-26,DELIVERED
SHP-003213-2,ORD-003213-2,SUP-0046,2026-03-02,2026-03-02,DELIVERED
SHP-003214-1,ORD-003214-1,SUP-0108,2026-05-17,2026-05-19,DELIVERED
SHP-003214-2,ORD-003214-2,SUP-0108,2026-06-12,2026-06-12,DELIVERED
SHP-003214-3,ORD-003214-3,SUP-0108,2026-05-30,2026-05-30,DELIVERED
SHP-003214-4,ORD-003214-4,SUP-0108,2026-06-08,2026-06-08,DELIVERED
SHP-003215-1,ORD-003215-1,SUP-0102,2026-05-22,2026-05-22,DELIVERED
SHP-003216-1,ORD-003216-1,SUP-0011,2026-02-15,2026-02-15,DELIVERED
SHP-003217-1,ORD-003217-1,SUP-0082,2026-07-29,2026-07-29,DELIVERED
SHP-003217-2,ORD-003217-2,SUP-0082,2026-07-14,2026-07-14,DELIVERED
SHP-003218-1,ORD-003218-1,SUP-0048,2026-03-26,2026-03-28,DELIVERED
SHP-003219-1,ORD-003219-1,SUP-0075,2026-08-17,2026-08-18,DELIVERED
SHP-003219-2,ORD-003219-2,SUP-0075,2026-08-02,2026-08-02,DELIVERED
SHP-003219-3,ORD-003219-3,SUP-0075,2026-08-19,2026-08-19,DELIVERED
SHP-003219-4,ORD-003219-4,SUP-0075,2026-08-05,2026-08-06,DELIVERED
SHP-003220-1,ORD-003220-1,SUP-0043,2026-04-06,2026-04-06,DELIVERED
SHP-003220-2,ORD-003220-2,SUP-0043,2026-04-13,2026-04-15,DELIVERED
SHP-003220-3,ORD-003220-3,SUP-0043,2026-04-16,2026-04-16,DELIVERED
SHP-003220-4,ORD-003220-4,SUP-0043,2026-04-20,2026-04-21,DELIVERED
SHP-003221-1,ORD-003221-1,SUP-0019,2026-02-22,2026-02-24,DELIVERED
SHP-003222-1,ORD-003222-1,SUP-0035,2026-09-24,2026-09-25,IN_TRANSIT
SHP-003222-2,ORD-003222-2,SUP-0035,2026-09-16,2026-09-16,IN_TRANSIT
SHP-003222-3,ORD-003222-3,SUP-0035,2026-09-25,2026-09-25,IN_TRANSIT
SHP-003223-1,ORD-003223-1,SUP-0074,2026-02-10,2026-02-10,DELIVERED
SHP-003223-2,ORD-003223-2,SUP-0074,2026-02-21,2026-02-23,DELIVERED
SHP-003224-1,ORD-003224-1,SUP-0036,2026-08-07,2026-08-08,DELIVERED
SHP-003225-1,ORD-003225-1,SUP-0104,2026-04-01,2026-04-01,DELIVERED
SHP-003226-1,ORD-003226-1,SUP-0065,2026-03-10,2026-03-10,DELIVERED
SHP-003226-2,ORD-003226-2,SUP-0065,2026-03-11,2026-03-12,DELIVERED
SHP-003226-3,ORD-003226-3,SUP-0065,2026-03-26,2026-03-26,DELIVERED
SHP-003226-4,ORD-003226-4,SUP-0065,2026-03-07,2026-03-09,DELIVERED
SHP-003227-1,ORD-003227-1,SUP-0045,2026-08-22,2026-08-22,DELIVERED
SHP-003227-2,ORD-003227-2,SUP-0045,2026-08-21,2026-08-21,DELIVERED
SHP-003227-3,ORD-003227-3,SUP-0045,2026-08-13,2026-08-15,DELIVERED
SHP-003227-4,ORD-003227-4,SUP-0045,2026-08-06,2026-08-08,DELIVERED
SHP-003228-1,ORD-003228-1,SUP-0084,2026-09-08,2026-09-08,IN_TRANSIT
SHP-003229-1,ORD-003229-1,SUP-0106,2026-02-14,2026-02-16,DELIVERED
SHP-003229-2,ORD-003229-2,SUP-0106,2026-02-25,2026-02-25,DELIVERED
SHP-003230-1,ORD-003230-1,SUP-0013,2026-01-27,2026-01-28,DELIVERED
SHP-003230-2,ORD-003230-2,SUP-0013,2026-01-28,2026-01-28,DELIVERED
SHP-003231-1,ORD-003231-1,SUP-0058,2026-05-13,2026-05-14,DELIVERED
SHP-003231-2,ORD-003231-2,SUP-0058,2026-05-07,2026-05-07,DELIVERED
SHP-003231-3,ORD-003231-3,SUP-0058,2026-05-16,2026-05-16,DELIVERED
SHP-003231-4,ORD-003231-4,SUP-0058,2026-05-14,2026-05-14,DELIVERED
SHP-003232-1,ORD-003232-1,SUP-0061,2026-01-22,2026-01-22,DELIVERED
SHP-003232-2,ORD-003232-2,SUP-0061,2026-01-14,2026-01-14,DELIVERED
SHP-003233-1,ORD-003233-1,SUP-0081,2026-08-24,2026-08-26,DELIVERED
SHP-003234-1,ORD-003234-1,SUP-0060,2026-02-20,2026-02-22,DELIVERED
SHP-003234-2,ORD-003234-2,SUP-0060,2026-03-16,2026-03-18,DELIVERED
SHP-003235-1,ORD-003235-1,SUP-0029,2026-04-10,2026-04-10,DELIVERED
SHP-003235-2,ORD-003235-2,SUP-0029,2026-03-22,2026-03-23,DELIVERED
SHP-003235-3,ORD-003235-3,SUP-0029,2026-04-09,2026-04-09,DELIVERED
SHP-003236-1,ORD-003236-1,SUP-0050,2026-05-14,2026-05-14,DELIVERED
SHP-003236-2,ORD-003236-2,SUP-0050,2026-05-13,2026-05-14,DELIVERED
SHP-003236-3,ORD-003236-3,SUP-0050,2026-04-21,2026-04-23,DELIVERED
SHP-003237-1,ORD-003237-1,SUP-0014,2026-06-08,2026-06-08,DELIVERED
SHP-003237-2,ORD-003237-2,SUP-0014,2026-06-17,2026-06-18,DELIVERED
SHP-003238-1,ORD-003238-1,SUP-0097,2026-02-23,2026-02-25,DELIVERED
SHP-003238-2,ORD-003238-2,SUP-0097,2026-03-14,2026-03-14,DELIVERED
SHP-003238-3,ORD-003238-3,SUP-0097,2026-03-16,2026-03-16,DELIVERED
SHP-003238-4,ORD-003238-4,SUP-0097,2026-02-25,2026-02-26,DELIVERED
SHP-003239-1,ORD-003239-1,SUP-0008,2026-05-25,2026-05-27,DELIVERED
SHP-003239-2,ORD-003239-2,SUP-0008,2026-05-17,2026-05-17,DELIVERED
SHP-003240-1,ORD-003240-1,SUP-0094,2026-08-12,2026-08-13,DELIVERED
SHP-003241-1,ORD-003241-1,SUP-0041,2026-04-28,2026-04-29,DELIVERED
SHP-003242-1,ORD-003242-1,SUP-0054,2026-02-17,2026-02-17,DELIVERED
SHP-003243-1,ORD-003243-1,SUP-0014,2026-08-02,2026-08-04,DELIVERED
SHP-003243-2,ORD-003243-2,SUP-0014,2026-07-17,2026-07-17,DELIVERED
SHP-003243-3,ORD-003243-3,SUP-0014,2026-07-19,2026-07-19,DELIVERED
SHP-003244-1,ORD-003244-1,SUP-0045,2026-07-15,2026-07-17,DELIVERED
SHP-003244-2,ORD-003244-2,SUP-0045,2026-07-28,2026-07-30,DELIVERED
SHP-003245-1,ORD-003245-1,SUP-0095,2026-08-10,2026-08-12,DELIVERED
SHP-003245-2,ORD-003245-2,SUP-0095,2026-08-09,2026-08-09,DELIVERED
SHP-003246-1,ORD-003246-1,SUP-0017,2026-07-24,2026-07-24,DELIVERED
SHP-003246-2,ORD-003246-2,SUP-0017,2026-07-14,2026-07-15,DELIVERED
SHP-003247-1,ORD-003247-1,SUP-0120,2026-04-23,2026-04-23,DELIVERED
SHP-003248-1,ORD-003248-1,SUP-0095,2026-03-05,2026-03-05,DELIVERED
SHP-003248-2,ORD-003248-2,SUP-0095,2026-03-06,2026-03-06,DELIVERED
SHP-003248-3,ORD-003248-3,SUP-0095,2026-03-02,2026-03-04,DELIVERED
SHP-003248-4,ORD-003248-4,SUP-0095,2026-02-21,2026-02-23,DELIVERED
SHP-003249-1,ORD-003249-1,SUP-0054,2026-06-07,2026-06-07,DELIVERED
SHP-003249-2,ORD-003249-2,SUP-0054,2026-06-12,2026-06-13,DELIVERED
SHP-003249-3,ORD-003249-3,SUP-0054,2026-06-03,2026-06-03,DELIVERED
SHP-003249-4,ORD-003249-4,SUP-0054,2026-06-23,2026-06-23,DELIVERED
SHP-003250-1,ORD-003250-1,SUP-0120,2026-08-22,2026-08-24,DELIVERED
SHP-003251-1,ORD-003251-1,SUP-0060,2026-07-16,2026-07-17,DELIVERED
SHP-003251-2,ORD-003251-2,SUP-0060,2026-07-15,2026-07-16,DELIVERED
SHP-003252-1,ORD-003252-1,SUP-0044,2026-02-14,2026-02-16,DELIVERED
SHP-003252-2,ORD-003252-2,SUP-0044,2026-02-11,2026-02-13,DELIVERED
SHP-003252-3,ORD-003252-3,SUP-0044,2026-01-30,2026-02-01,DELIVERED
SHP-003253-1,ORD-003253-1,SUP-0015,2026-05-23,2026-05-23,DELIVERED
SHP-003253-2,ORD-003253-2,SUP-0015,2026-06-03,2026-06-03,DELIVERED
SHP-003253-3,ORD-003253-3,SUP-0015,2026-06-20,2026-06-20,DELIVERED
SHP-003254-1,ORD-003254-1,SUP-0120,2026-01-30,2026-01-31,DELIVERED
SHP-003254-2,ORD-003254-2,SUP-0120,2026-02-04,2026-02-04,DELIVERED
SHP-003254-3,ORD-003254-3,SUP-0120,2026-01-20,2026-01-22,DELIVERED
SHP-003255-1,ORD-003255-1,SUP-0085,2026-01-23,2026-01-23,DELIVERED
SHP-003255-2,ORD-003255-2,SUP-0085,2026-01-31,2026-01-31,DELIVERED
SHP-003255-3,ORD-003255-3,SUP-0085,2026-01-27,2026-01-27,DELIVERED
SHP-003256-1,ORD-003256-1,SUP-0063,2026-08-27,2026-08-27,DELIVERED
SHP-003257-1,ORD-003257-1,SUP-0089,2026-04-21,2026-04-21,DELIVERED
SHP-003257-2,ORD-003257-2,SUP-0089,2026-05-15,2026-05-15,DELIVERED
SHP-003257-3,ORD-003257-3,SUP-0089,2026-04-28,2026-04-28,DELIVERED
SHP-003257-4,ORD-003257-4,SUP-0089,2026-05-05,2026-05-05,DELIVERED
SHP-003258-1,ORD-003258-1,SUP-0045,2026-07-29,2026-07-29,DELIVERED
SHP-003258-2,ORD-003258-2,SUP-0045,2026-08-07,2026-08-08,DELIVERED
SHP-003258-3,ORD-003258-3,SUP-0045,2026-08-11,2026-08-12,DELIVERED
SHP-003259-1,ORD-003259-1,SUP-0115,2026-05-29,2026-05-29,DELIVERED
SHP-003259-2,ORD-003259-2,SUP-0115,2026-05-29,2026-05-31,DELIVERED
SHP-003260-1,ORD-003260-1,SUP-0090,2026-04-25,2026-04-25,DELIVERED
SHP-003261-1,ORD-003261-1,SUP-0086,2026-03-07,2026-03-08,DELIVERED
SHP-003261-2,ORD-003261-2,SUP-0086,2026-03-18,2026-03-19,DELIVERED
SHP-003262-1,ORD-003262-1,SUP-0079,2026-09-15,2026-09-17,IN_TRANSIT
SHP-003262-2,ORD-003262-2,SUP-0079,2026-09-28,2026-09-30,IN_TRANSIT
SHP-003263-1,ORD-003263-1,SUP-0078,2026-09-13,2026-09-15,IN_TRANSIT
SHP-003263-2,ORD-003263-2,SUP-0078,2026-09-08,2026-09-09,IN_TRANSIT
SHP-003263-3,ORD-003263-3,SUP-0078,2026-09-18,2026-09-20,IN_TRANSIT
SHP-003263-4,ORD-003263-4,SUP-0078,2026-09-08,2026-09-10,IN_TRANSIT
SHP-003264-1,ORD-003264-1,SUP-0031,2026-04-21,2026-04-21,DELIVERED
SHP-003264-2,ORD-003264-2,SUP-0031,2026-05-06,2026-05-06,DELIVERED
SHP-003264-3,ORD-003264-3,SUP-0031,2026-05-03,2026-05-04,DELIVERED
SHP-003265-1,ORD-003265-1,SUP-0031,2026-07-06,2026-07-07,DELIVERED
SHP-003265-2,ORD-003265-2,SUP-0031,2026-07-07,2026-07-07,DELIVERED
SHP-003265-3,ORD-003265-3,SUP-0031,2026-07-03,2026-07-05,DELIVERED
SHP-003265-4,ORD-003265-4,SUP-0031,2026-07-09,2026-07-11,DELIVERED
SHP-003266-1,ORD-003266-1,SUP-0054,2026-08-26,2026-08-26,DELIVERED
SHP-003266-2,ORD-003266-2,SUP-0054,2026-09-13,2026-09-15,IN_TRANSIT
SHP-003266-3,ORD-003266-3,SUP-0054,2026-08-27,2026-08-27,DELIVERED
SHP-003266-4,ORD-003266-4,SUP-0054,2026-09-07,2026-09-07,IN_TRANSIT
SHP-003267-1,ORD-003267-1,SUP-0012,2026-08-20,2026-08-20,DELIVERED
SHP-003267-2,ORD-003267-2,SUP-0012,2026-08-20,2026-08-22,DELIVERED
SHP-003267-3,ORD-003267-3,SUP-0012,2026-09-09,2026-09-10,IN_TRANSIT
SHP-003268-1,ORD-003268-1,SUP-0085,2026-05-06,2026-05-07,DELIVERED
SHP-003268-2,ORD-003268-2,SUP-0085,2026-05-04,2026-05-06,DELIVERED
SHP-003268-3,ORD-003268-3,SUP-0085,2026-05-06,2026-05-06,DELIVERED
SHP-003269-1,ORD-003269-1,SUP-0048,2026-03-10,2026-03-10,DELIVERED
SHP-003269-2,ORD-003269-2,SUP-0048,2026-03-23,2026-03-24,DELIVERED
SHP-003270-1,ORD-003270-1,SUP-0102,2026-09-07,2026-09-08,IN_TRANSIT
SHP-003270-2,ORD-003270-2,SUP-0102,2026-09-21,2026-09-21,IN_TRANSIT
SHP-003271-1,ORD-003271-1,SUP-0065,2026-02-13,2026-02-13,DELIVERED
SHP-003272-1,ORD-003272-1,SUP-0105,2026-05-01,2026-05-01,DELIVERED
SHP-003272-2,ORD-003272-2,SUP-0105,2026-04-17,2026-04-17,DELIVERED
SHP-003273-1,ORD-003273-1,SUP-0071,2026-05-07,2026-05-08,DELIVERED
SHP-003273-2,ORD-003273-2,SUP-0071,2026-05-07,2026-05-09,DELIVERED
SHP-003274-1,ORD-003274-1,SUP-0101,2026-09-02,2026-09-02,IN_TRANSIT
SHP-003274-2,ORD-003274-2,SUP-0101,2026-09-08,2026-09-08,IN_TRANSIT
SHP-003274-3,ORD-003274-3,SUP-0101,2026-09-17,2026-09-19,IN_TRANSIT
SHP-003275-1,ORD-003275-1,SUP-0079,2026-07-06,2026-07-06,DELIVERED
SHP-003276-1,ORD-003276-1,SUP-0007,2026-03-09,2026-03-11,DELIVERED
SHP-003276-2,ORD-003276-2,SUP-0007,2026-03-03,2026-03-03,DELIVERED
SHP-003276-3,ORD-003276-3,SUP-0007,2026-02-20,2026-02-20,DELIVERED
SHP-003277-1,ORD-003277-1,SUP-0094,2026-08-13,2026-08-15,DELIVERED
SHP-003277-2,ORD-003277-2,SUP-0094,2026-08-03,2026-08-03,DELIVERED
SHP-003278-1,ORD-003278-1,SUP-0005,2026-08-04,2026-08-05,DELIVERED
SHP-003278-2,ORD-003278-2,SUP-0005,2026-08-06,2026-08-06,DELIVERED
SHP-003279-1,ORD-003279-1,SUP-0108,2026-07-13,2026-07-15,DELIVERED
SHP-003279-2,ORD-003279-2,SUP-0108,2026-07-28,2026-07-28,DELIVERED
SHP-003280-1,ORD-003280-1,SUP-0079,2026-08-01,2026-08-01,DELIVERED
SHP-003280-2,ORD-003280-2,SUP-0079,2026-07-31,2026-08-01,DELIVERED
SHP-003281-1,ORD-003281-1,SUP-0060,2026-09-01,2026-09-01,DELIVERED
SHP-003281-2,ORD-003281-2,SUP-0060,2026-09-09,2026-09-09,IN_TRANSIT
SHP-003281-3,ORD-003281-3,SUP-0060,2026-09-16,2026-09-17,IN_TRANSIT
SHP-003282-1,ORD-003282-1,SUP-0114,2026-04-05,2026-04-06,DELIVERED
SHP-003282-2,ORD-003282-2,SUP-0114,2026-04-01,2026-04-02,DELIVERED
SHP-003282-3,ORD-003282-3,SUP-0114,2026-03-25,2026-03-25,DELIVERED
SHP-003283-1,ORD-003283-1,SUP-0012,2026-07-22,2026-07-24,DELIVERED
SHP-003283-2,ORD-003283-2,SUP-0012,2026-07-31,2026-07-31,DELIVERED
SHP-003284-1,ORD-003284-1,SUP-0003,2026-06-22,2026-06-23,DELIVERED
SHP-003284-2,ORD-003284-2,SUP-0003,2026-06-18,2026-06-20,DELIVERED
SHP-003285-1,ORD-003285-1,SUP-0091,2026-09-04,2026-09-06,IN_TRANSIT
SHP-003285-2,ORD-003285-2,SUP-0091,2026-08-25,2026-08-25,DELIVERED
SHP-003285-3,ORD-003285-3,SUP-0091,2026-08-31,2026-08-31,DELIVERED
SHP-003286-1,ORD-003286-1,SUP-0015,2026-03-05,2026-03-05,DELIVERED
SHP-003286-2,ORD-003286-2,SUP-0015,2026-03-04,2026-03-04,DELIVERED
SHP-003286-3,ORD-003286-3,SUP-0015,2026-02-11,2026-02-11,DELIVERED
SHP-003287-1,ORD-003287-1,SUP-0110,2026-06-22,2026-06-22,DELIVERED
SHP-003287-2,ORD-003287-2,SUP-0110,2026-06-11,2026-06-12,DELIVERED
SHP-003287-3,ORD-003287-3,SUP-0110,2026-06-13,2026-06-14,DELIVERED
SHP-003287-4,ORD-003287-4,SUP-0110,2026-06-26,2026-06-26,DELIVERED
SHP-003288-1,ORD-003288-1,SUP-0023,2026-06-17,2026-06-17,DELIVERED
SHP-003289-1,ORD-003289-1,SUP-0073,2026-02-09,2026-02-09,DELIVERED
SHP-003290-1,ORD-003290-1,SUP-0029,2026-04-08,2026-04-08,DELIVERED
SHP-003290-2,ORD-003290-2,SUP-0029,2026-05-05,2026-05-05,DELIVERED
SHP-003290-3,ORD-003290-3,SUP-0029,2026-04-10,2026-04-10,DELIVERED
SHP-003291-1,ORD-003291-1,SUP-0017,2026-05-09,2026-05-09,DELIVERED
SHP-003292-1,ORD-003292-1,SUP-0050,2026-06-12,2026-06-12,DELIVERED
SHP-003292-2,ORD-003292-2,SUP-0050,2026-06-07,2026-06-09,DELIVERED
SHP-003292-3,ORD-003292-3,SUP-0050,2026-06-05,2026-06-07,DELIVERED
SHP-003293-1,ORD-003293-1,SUP-0079,2026-08-14,2026-08-14,DELIVERED
SHP-003293-2,ORD-003293-2,SUP-0079,2026-08-08,2026-08-10,DELIVERED
SHP-003294-1,ORD-003294-1,SUP-0047,2026-07-30,2026-07-30,DELIVERED
SHP-003294-2,ORD-003294-2,SUP-0047,2026-07-17,2026-07-17,DELIVERED
SHP-003295-1,ORD-003295-1,SUP-0116,2026-01-22,2026-01-22,DELIVERED
SHP-003295-2,ORD-003295-2,SUP-0116,2026-01-20,2026-01-20,DELIVERED
SHP-003296-1,ORD-003296-1,SUP-0056,2026-05-10,2026-05-10,DELIVERED
SHP-003296-2,ORD-003296-2,SUP-0056,2026-04-28,2026-04-28,DELIVERED
SHP-003296-3,ORD-003296-3,SUP-0056,2026-05-07,2026-05-07,DELIVERED
SHP-003296-4,ORD-003296-4,SUP-0056,2026-04-24,2026-04-25,DELIVERED
SHP-003297-1,ORD-003297-1,SUP-0066,2026-05-21,2026-05-21,DELIVERED
SHP-003297-2,ORD-003297-2,SUP-0066,2026-06-02,2026-06-03,DELIVERED
SHP-003297-3,ORD-003297-3,SUP-0066,2026-06-07,2026-06-07,DELIVERED
SHP-003297-4,ORD-003297-4,SUP-0066,2026-05-20,2026-05-20,DELIVERED
SHP-003298-1,ORD-003298-1,SUP-0036,2026-05-18,2026-05-18,DELIVERED
SHP-003298-2,ORD-003298-2,SUP-0036,2026-05-18,2026-05-18,DELIVERED
SHP-003298-3,ORD-003298-3,SUP-0036,2026-06-02,2026-06-03,DELIVERED
SHP-003298-4,ORD-003298-4,SUP-0036,2026-05-29,2026-05-29,DELIVERED
SHP-003299-1,ORD-003299-1,SUP-0080,2026-07-03,2026-07-05,DELIVERED
SHP-003300-1,ORD-003300-1,SUP-0083,2026-09-06,2026-09-06,IN_TRANSIT
SHP-003300-2,ORD-003300-2,SUP-0083,2026-09-23,2026-09-23,IN_TRANSIT
SHP-003300-3,ORD-003300-3,SUP-0083,2026-09-29,2026-09-29,IN_TRANSIT
SHP-003301-1,ORD-003301-1,SUP-0015,2026-07-30,2026-07-30,DELIVERED
SHP-003301-2,ORD-003301-2,SUP-0015,2026-08-08,2026-08-08,DELIVERED
SHP-003302-1,ORD-003302-1,SUP-0003,2026-07-08,2026-07-10,DELIVERED
SHP-003302-2,ORD-003302-2,SUP-0003,2026-07-06,2026-07-07,DELIVERED
SHP-003303-1,ORD-003303-1,SUP-0095,2026-04-22,2026-04-22,DELIVERED
SHP-003303-2,ORD-003303-2,SUP-0095,2026-04-12,2026-04-12,DELIVERED
SHP-003303-3,ORD-003303-3,SUP-0095,2026-04-15,2026-04-17,DELIVERED
SHP-003303-4,ORD-003303-4,SUP-0095,2026-04-22,2026-04-24,DELIVERED
SHP-003304-1,ORD-003304-1,SUP-0030,2026-06-29,2026-06-30,DELIVERED
SHP-003304-2,ORD-003304-2,SUP-0030,2026-07-18,2026-07-18,DELIVERED
SHP-003304-3,ORD-003304-3,SUP-0030,2026-07-04,2026-07-06,DELIVERED
SHP-003304-4,ORD-003304-4,SUP-0030,2026-07-05,2026-07-06,DELIVERED
SHP-003305-1,ORD-003305-1,SUP-0111,2026-02-09,2026-02-11,DELIVERED
SHP-003305-2,ORD-003305-2,SUP-0111,2026-02-15,2026-02-17,DELIVERED
SHP-003306-1,ORD-003306-1,SUP-0104,2026-01-19,2026-01-19,DELIVERED
SHP-003306-2,ORD-003306-2,SUP-0104,2026-02-11,2026-02-13,DELIVERED
SHP-003307-1,ORD-003307-1,SUP-0053,2026-06-07,2026-06-07,DELIVERED
SHP-003307-2,ORD-003307-2,SUP-0053,2026-06-11,2026-06-12,DELIVERED
SHP-003307-3,ORD-003307-3,SUP-0053,2026-05-24,2026-05-25,DELIVERED
SHP-003307-4,ORD-003307-4,SUP-0053,2026-06-08,2026-06-10,DELIVERED
SHP-003308-1,ORD-003308-1,SUP-0100,2026-02-12,2026-02-12,DELIVERED
SHP-003309-1,ORD-003309-1,SUP-0033,2026-07-04,2026-07-04,DELIVERED
SHP-003309-2,ORD-003309-2,SUP-0033,2026-07-08,2026-07-08,DELIVERED
SHP-003309-3,ORD-003309-3,SUP-0033,2026-06-27,2026-06-27,DELIVERED
SHP-003310-1,ORD-003310-1,SUP-0007,2026-06-16,2026-06-17,DELIVERED
SHP-003310-2,ORD-003310-2,SUP-0007,2026-07-01,2026-07-02,DELIVERED
SHP-003311-1,ORD-003311-1,SUP-0086,2026-02-16,2026-02-17,DELIVERED
SHP-003312-1,ORD-003312-1,SUP-0009,2026-04-12,2026-04-14,DELIVERED
SHP-003313-1,ORD-003313-1,SUP-0001,2026-08-22,2026-08-22,DELIVERED
SHP-003314-1,ORD-003314-1,SUP-0093,2026-04-11,2026-04-11,DELIVERED
SHP-003314-2,ORD-003314-2,SUP-0093,2026-04-09,2026-04-11,DELIVERED
SHP-003314-3,ORD-003314-3,SUP-0093,2026-04-04,2026-04-04,DELIVERED
SHP-003315-1,ORD-003315-1,SUP-0035,2026-04-02,2026-04-02,DELIVERED
SHP-003315-2,ORD-003315-2,SUP-0035,2026-04-09,2026-04-11,DELIVERED
SHP-003315-3,ORD-003315-3,SUP-0035,2026-03-25,2026-03-27,DELIVERED
SHP-003316-1,ORD-003316-1,SUP-0098,2026-04-20,2026-04-20,DELIVERED
SHP-003317-1,ORD-003317-1,SUP-0090,2026-09-05,2026-09-06,IN_TRANSIT
SHP-003317-2,ORD-003317-2,SUP-0090,2026-09-07,2026-09-09,IN_TRANSIT
SHP-003318-1,ORD-003318-1,SUP-0049,2026-03-03,2026-03-03,DELIVERED
SHP-003319-1,ORD-003319-1,SUP-0087,2026-07-28,2026-07-29,DELIVERED
SHP-003319-2,ORD-003319-2,SUP-0087,2026-07-26,2026-07-27,DELIVERED
SHP-003319-3,ORD-003319-3,SUP-0087,2026-08-02,2026-08-04,DELIVERED
SHP-003319-4,ORD-003319-4,SUP-0087,2026-07-15,2026-07-15,DELIVERED
SHP-003320-1,ORD-003320-1,SUP-0094,2026-06-01,2026-06-01,DELIVERED
SHP-003320-2,ORD-003320-2,SUP-0094,2026-06-19,2026-06-19,DELIVERED
SHP-003320-3,ORD-003320-3,SUP-0094,2026-06-13,2026-06-14,DELIVERED
SHP-003320-4,ORD-003320-4,SUP-0094,2026-06-10,2026-06-10,DELIVERED
SHP-003321-1,ORD-003321-1,SUP-0083,2026-03-23,2026-03-23,DELIVERED
SHP-003321-2,ORD-003321-2,SUP-0083,2026-03-16,2026-03-16,DELIVERED
SHP-003321-3,ORD-003321-3,SUP-0083,2026-04-10,2026-04-10,DELIVERED
SHP-003322-1,ORD-003322-1,SUP-0103,2026-03-15,2026-03-15,DELIVERED
SHP-003322-2,ORD-003322-2,SUP-0103,2026-03-12,2026-03-12,DELIVERED
SHP-003322-3,ORD-003322-3,SUP-0103,2026-03-21,2026-03-21,DELIVERED
SHP-003323-1,ORD-003323-1,SUP-0054,2026-03-10,2026-03-12,DELIVERED
SHP-003323-2,ORD-003323-2,SUP-0054,2026-03-12,2026-03-12,DELIVERED
SHP-003323-3,ORD-003323-3,SUP-0054,2026-03-30,2026-03-31,DELIVERED
SHP-003324-1,ORD-003324-1,SUP-0063,2026-02-26,2026-02-26,DELIVERED
SHP-003324-2,ORD-003324-2,SUP-0063,2026-02-20,2026-02-20,DELIVERED
SHP-003324-3,ORD-003324-3,SUP-0063,2026-02-27,2026-02-27,DELIVERED
SHP-003325-1,ORD-003325-1,SUP-0081,2026-05-08,2026-05-08,DELIVERED
SHP-003325-2,ORD-003325-2,SUP-0081,2026-05-18,2026-05-19,DELIVERED
SHP-003325-3,ORD-003325-3,SUP-0081,2026-06-01,2026-06-03,DELIVERED
SHP-003325-4,ORD-003325-4,SUP-0081,2026-05-19,2026-05-19,DELIVERED
SHP-003326-1,ORD-003326-1,SUP-0001,2026-08-23,2026-08-25,DELIVERED
SHP-003327-1,ORD-003327-1,SUP-0120,2026-01-24,2026-01-24,DELIVERED
SHP-003327-2,ORD-003327-2,SUP-0120,2026-01-19,2026-01-19,DELIVERED
SHP-003328-1,ORD-003328-1,SUP-0061,2026-04-05,2026-04-05,DELIVERED
SHP-003328-2,ORD-003328-2,SUP-0061,2026-04-02,2026-04-02,DELIVERED
SHP-003328-3,ORD-003328-3,SUP-0061,2026-04-14,2026-04-14,DELIVERED
SHP-003329-1,ORD-003329-1,SUP-0054,2026-08-14,2026-08-14,DELIVERED
SHP-003329-2,ORD-003329-2,SUP-0054,2026-08-08,2026-08-09,DELIVERED
SHP-003329-3,ORD-003329-3,SUP-0054,2026-07-21,2026-07-21,DELIVERED
SHP-003329-4,ORD-003329-4,SUP-0054,2026-07-30,2026-07-30,DELIVERED
SHP-003330-1,ORD-003330-1,SUP-0023,2026-08-30,2026-08-30,DELIVERED
SHP-003331-1,ORD-003331-1,SUP-0060,2026-08-28,2026-08-28,DELIVERED
SHP-003331-2,ORD-003331-2,SUP-0060,2026-08-14,2026-08-14,DELIVERED
SHP-003331-3,ORD-003331-3,SUP-0060,2026-08-21,2026-08-22,DELIVERED
SHP-003331-4,ORD-003331-4,SUP-0060,2026-08-12,2026-08-12,DELIVERED
SHP-003332-1,ORD-003332-1,SUP-0118,2026-06-16,2026-06-16,DELIVERED
SHP-003332-2,ORD-003332-2,SUP-0118,2026-06-13,2026-06-15,DELIVERED
SHP-003333-1,ORD-003333-1,SUP-0092,2026-06-25,2026-06-25,DELIVERED
SHP-003334-1,ORD-003334-1,SUP-0005,2026-07-07,2026-07-07,DELIVERED
SHP-003334-2,ORD-003334-2,SUP-0005,2026-07-09,2026-07-09,DELIVERED
SHP-003335-1,ORD-003335-1,SUP-0074,2026-07-16,2026-07-16,DELIVERED
SHP-003336-1,ORD-003336-1,SUP-0085,2026-08-27,2026-08-28,DELIVERED
SHP-003336-2,ORD-003336-2,SUP-0085,2026-08-13,2026-08-15,DELIVERED
SHP-003337-1,ORD-003337-1,SUP-0022,2026-06-08,2026-06-08,DELIVERED
SHP-003337-2,ORD-003337-2,SUP-0022,2026-06-17,2026-06-19,DELIVERED
SHP-003338-1,ORD-003338-1,SUP-0022,2026-04-21,2026-04-23,DELIVERED
SHP-003339-1,ORD-003339-1,SUP-0056,2026-05-27,2026-05-27,DELIVERED
SHP-003340-1,ORD-003340-1,SUP-0091,2026-06-11,2026-06-11,DELIVERED
SHP-003340-2,ORD-003340-2,SUP-0091,2026-06-21,2026-06-21,DELIVERED
SHP-003340-3,ORD-003340-3,SUP-0091,2026-06-13,2026-06-13,DELIVERED
SHP-003341-1,ORD-003341-1,SUP-0074,2026-02-09,2026-02-11,DELIVERED
SHP-003341-2,ORD-003341-2,SUP-0074,2026-03-02,2026-03-02,DELIVERED
SHP-003341-3,ORD-003341-3,SUP-0074,2026-02-24,2026-02-24,DELIVERED
SHP-003341-4,ORD-003341-4,SUP-0074,2026-02-16,2026-02-16,DELIVERED
SHP-003342-1,ORD-003342-1,SUP-0077,2026-01-23,2026-01-23,DELIVERED
SHP-003342-2,ORD-003342-2,SUP-0077,2026-01-20,2026-01-20,DELIVERED
SHP-003342-3,ORD-003342-3,SUP-0077,2026-02-01,2026-02-01,DELIVERED
SHP-003343-1,ORD-003343-1,SUP-0051,2026-03-09,2026-03-11,DELIVERED
SHP-003343-2,ORD-003343-2,SUP-0051,2026-03-12,2026-03-12,DELIVERED
SHP-003343-3,ORD-003343-3,SUP-0051,2026-03-02,2026-03-02,DELIVERED
SHP-003344-1,ORD-003344-1,SUP-0057,2026-04-15,2026-04-15,DELIVERED
SHP-003345-1,ORD-003345-1,SUP-0086,2026-04-26,2026-04-26,DELIVERED
SHP-003345-2,ORD-003345-2,SUP-0086,2026-05-11,2026-05-13,DELIVERED
SHP-003345-3,ORD-003345-3,SUP-0086,2026-04-22,2026-04-24,DELIVERED
SHP-003346-1,ORD-003346-1,SUP-0076,2026-04-08,2026-04-10,DELIVERED
SHP-003346-2,ORD-003346-2,SUP-0076,2026-03-31,2026-04-01,DELIVERED
SHP-003346-3,ORD-003346-3,SUP-0076,2026-04-27,2026-04-27,DELIVERED
SHP-003346-4,ORD-003346-4,SUP-0076,2026-04-05,2026-04-05,DELIVERED
SHP-003347-1,ORD-003347-1,SUP-0039,2026-07-14,2026-07-14,DELIVERED
SHP-003348-1,ORD-003348-1,SUP-0037,2026-07-02,2026-07-02,DELIVERED
SHP-003349-1,ORD-003349-1,SUP-0001,2026-08-01,2026-08-01,DELIVERED
SHP-003350-1,ORD-003350-1,SUP-0093,2026-06-27,2026-06-27,DELIVERED
SHP-003350-2,ORD-003350-2,SUP-0093,2026-07-13,2026-07-15,DELIVERED
SHP-003351-1,ORD-003351-1,SUP-0036,2026-03-09,2026-03-09,DELIVERED
SHP-003351-2,ORD-003351-2,SUP-0036,2026-03-24,2026-03-24,DELIVERED
SHP-003351-3,ORD-003351-3,SUP-0036,2026-03-01,2026-03-01,DELIVERED
SHP-003351-4,ORD-003351-4,SUP-0036,2026-03-24,2026-03-26,DELIVERED
SHP-003352-1,ORD-003352-1,SUP-0072,2026-08-22,2026-08-23,DELIVERED
SHP-003352-2,ORD-003352-2,SUP-0072,2026-08-17,2026-08-17,DELIVERED
SHP-003353-1,ORD-003353-1,SUP-0007,2026-09-01,2026-09-01,DELIVERED
SHP-003354-1,ORD-003354-1,SUP-0063,2026-07-30,2026-08-01,DELIVERED
SHP-003354-2,ORD-003354-2,SUP-0063,2026-08-10,2026-08-10,DELIVERED
SHP-003354-3,ORD-003354-3,SUP-0063,2026-08-16,2026-08-16,DELIVERED
SHP-003355-1,ORD-003355-1,SUP-0100,2026-03-08,2026-03-10,DELIVERED
SHP-003355-2,ORD-003355-2,SUP-0100,2026-03-11,2026-03-11,DELIVERED
SHP-003355-3,ORD-003355-3,SUP-0100,2026-02-16,2026-02-16,DELIVERED
SHP-003355-4,ORD-003355-4,SUP-0100,2026-03-05,2026-03-05,DELIVERED
SHP-003356-1,ORD-003356-1,SUP-0107,2026-04-01,2026-04-03,DELIVERED
SHP-003357-1,ORD-003357-1,SUP-0055,2026-06-13,2026-06-14,DELIVERED
SHP-003357-2,ORD-003357-2,SUP-0055,2026-06-10,2026-06-10,DELIVERED
SHP-003358-1,ORD-003358-1,SUP-0085,2026-08-19,2026-08-20,DELIVERED
SHP-003358-2,ORD-003358-2,SUP-0085,2026-08-14,2026-08-15,DELIVERED
SHP-003358-3,ORD-003358-3,SUP-0085,2026-08-11,2026-08-11,DELIVERED
SHP-003359-1,ORD-003359-1,SUP-0025,2026-04-27,2026-04-27,DELIVERED
SHP-003359-2,ORD-003359-2,SUP-0025,2026-05-01,2026-05-01,DELIVERED
SHP-003360-1,ORD-003360-1,SUP-0069,2026-05-19,2026-05-19,DELIVERED
SHP-003360-2,ORD-003360-2,SUP-0069,2026-05-11,2026-05-11,DELIVERED
SHP-003360-3,ORD-003360-3,SUP-0069,2026-05-19,2026-05-21,DELIVERED
SHP-003361-1,ORD-003361-1,SUP-0098,2026-06-29,2026-06-29,DELIVERED
SHP-003361-2,ORD-003361-2,SUP-0098,2026-07-02,2026-07-03,DELIVERED
SHP-003362-1,ORD-003362-1,SUP-0055,2026-05-31,2026-05-31,DELIVERED
SHP-003363-1,ORD-003363-1,SUP-0090,2026-06-19,2026-06-19,DELIVERED
SHP-003364-1,ORD-003364-1,SUP-0024,2026-09-07,2026-09-07,IN_TRANSIT
SHP-003364-2,ORD-003364-2,SUP-0024,2026-08-26,2026-08-28,DELIVERED
SHP-003364-3,ORD-003364-3,SUP-0024,2026-08-22,2026-08-23,DELIVERED
SHP-003364-4,ORD-003364-4,SUP-0024,2026-08-28,2026-08-28,DELIVERED
SHP-003365-1,ORD-003365-1,SUP-0052,2026-09-17,2026-09-17,IN_TRANSIT
SHP-003365-2,ORD-003365-2,SUP-0052,2026-08-25,2026-08-27,DELIVERED
SHP-003365-3,ORD-003365-3,SUP-0052,2026-08-24,2026-08-25,DELIVERED
SHP-003366-1,ORD-003366-1,SUP-0076,2026-05-05,2026-05-06,DELIVERED
SHP-003366-2,ORD-003366-2,SUP-0076,2026-05-11,2026-05-11,DELIVERED
SHP-003367-1,ORD-003367-1,SUP-0003,2026-07-21,2026-07-21,DELIVERED
SHP-003368-1,ORD-003368-1,SUP-0067,2026-02-20,2026-02-21,DELIVERED
SHP-003369-1,ORD-003369-1,SUP-0048,2026-01-18,2026-01-19,DELIVERED
SHP-003369-2,ORD-003369-2,SUP-0048,2026-02-07,2026-02-07,DELIVERED
SHP-003370-1,ORD-003370-1,SUP-0092,2026-07-03,2026-07-03,DELIVERED
SHP-003370-2,ORD-003370-2,SUP-0092,2026-06-16,2026-06-16,DELIVERED
SHP-003370-3,ORD-003370-3,SUP-0092,2026-06-30,2026-07-02,DELIVERED
SHP-003370-4,ORD-003370-4,SUP-0092,2026-06-16,2026-06-16,DELIVERED
SHP-003371-1,ORD-003371-1,SUP-0077,2026-02-17,2026-02-18,DELIVERED
SHP-003372-1,ORD-003372-1,SUP-0017,2026-08-03,2026-08-04,DELIVERED
SHP-003373-1,ORD-003373-1,SUP-0060,2026-02-13,2026-02-13,DELIVERED
SHP-003374-1,ORD-003374-1,SUP-0050,2026-05-22,2026-05-23,DELIVERED
SHP-003375-1,ORD-003375-1,SUP-0113,2026-04-19,2026-04-19,DELIVERED
SHP-003375-2,ORD-003375-2,SUP-0113,2026-04-24,2026-04-25,DELIVERED
SHP-003375-3,ORD-003375-3,SUP-0113,2026-04-18,2026-04-18,DELIVERED
SHP-003376-1,ORD-003376-1,SUP-0109,2026-08-26,2026-08-26,DELIVERED
SHP-003377-1,ORD-003377-1,SUP-0040,2026-02-28,2026-03-02,DELIVERED
SHP-003377-2,ORD-003377-2,SUP-0040,2026-03-19,2026-03-19,DELIVERED
SHP-003378-1,ORD-003378-1,SUP-0059,2026-04-24,2026-04-24,DELIVERED
SHP-003378-2,ORD-003378-2,SUP-0059,2026-05-05,2026-05-07,DELIVERED
SHP-003378-3,ORD-003378-3,SUP-0059,2026-05-08,2026-05-08,DELIVERED
SHP-003379-1,ORD-003379-1,SUP-0101,2026-02-20,2026-02-20,DELIVERED
SHP-003379-2,ORD-003379-2,SUP-0101,2026-02-10,2026-02-12,DELIVERED
SHP-003379-3,ORD-003379-3,SUP-0101,2026-02-27,2026-02-27,DELIVERED
SHP-003380-1,ORD-003380-1,SUP-0019,2026-03-01,2026-03-01,DELIVERED
SHP-003380-2,ORD-003380-2,SUP-0019,2026-02-12,2026-02-12,DELIVERED
SHP-003380-3,ORD-003380-3,SUP-0019,2026-02-27,2026-02-27,DELIVERED
SHP-003380-4,ORD-003380-4,SUP-0019,2026-02-16,2026-02-17,DELIVERED
SHP-003381-1,ORD-003381-1,SUP-0013,2026-05-01,2026-05-03,DELIVERED
SHP-003381-2,ORD-003381-2,SUP-0013,2026-04-25,2026-04-25,DELIVERED
SHP-003382-1,ORD-003382-1,SUP-0083,2026-02-17,2026-02-17,DELIVERED
SHP-003383-1,ORD-003383-1,SUP-0003,2026-02-14,2026-02-15,DELIVERED
SHP-003383-2,ORD-003383-2,SUP-0003,2026-02-18,2026-02-18,DELIVERED
SHP-003384-1,ORD-003384-1,SUP-0108,2026-04-24,2026-04-24,DELIVERED
SHP-003384-2,ORD-003384-2,SUP-0108,2026-04-24,2026-04-24,DELIVERED
SHP-003384-3,ORD-003384-3,SUP-0108,2026-04-24,2026-04-26,DELIVERED
SHP-003385-1,ORD-003385-1,SUP-0060,2026-04-20,2026-04-21,DELIVERED
SHP-003386-1,ORD-003386-1,SUP-0098,2026-05-23,2026-05-23,DELIVERED
SHP-003386-2,ORD-003386-2,SUP-0098,2026-05-28,2026-05-28,DELIVERED
SHP-003387-1,ORD-003387-1,SUP-0023,2026-06-14,2026-06-14,DELIVERED
SHP-003387-2,ORD-003387-2,SUP-0023,2026-06-27,2026-06-27,DELIVERED
SHP-003387-3,ORD-003387-3,SUP-0023,2026-06-19,2026-06-20,DELIVERED
SHP-003388-1,ORD-003388-1,SUP-0119,2026-02-19,2026-02-19,DELIVERED
SHP-003388-2,ORD-003388-2,SUP-0119,2026-02-26,2026-02-27,DELIVERED
SHP-003388-3,ORD-003388-3,SUP-0119,2026-03-01,2026-03-02,DELIVERED
SHP-003388-4,ORD-003388-4,SUP-0119,2026-02-20,2026-02-20,DELIVERED
SHP-003389-1,ORD-003389-1,SUP-0120,2026-03-11,2026-03-12,DELIVERED
SHP-003389-2,ORD-003389-2,SUP-0120,2026-03-21,2026-03-21,DELIVERED
SHP-003390-1,ORD-003390-1,SUP-0095,2026-09-10,2026-09-10,IN_TRANSIT
SHP-003390-2,ORD-003390-2,SUP-0095,2026-09-08,2026-09-10,IN_TRANSIT
SHP-003391-1,ORD-003391-1,SUP-0120,2026-06-16,2026-06-16,DELIVERED
SHP-003391-2,ORD-003391-2,SUP-0120,2026-06-30,2026-06-30,DELIVERED
SHP-003391-3,ORD-003391-3,SUP-0120,2026-06-07,2026-06-09,DELIVERED
SHP-003391-4,ORD-003391-4,SUP-0120,2026-06-18,2026-06-18,DELIVERED
SHP-003392-1,ORD-003392-1,SUP-0007,2026-03-18,2026-03-20,DELIVERED
SHP-003392-2,ORD-003392-2,SUP-0007,2026-03-02,2026-03-02,DELIVERED
SHP-003392-3,ORD-003392-3,SUP-0007,2026-03-19,2026-03-19,DELIVERED
SHP-003393-1,ORD-003393-1,SUP-0018,2026-08-12,2026-08-12,DELIVERED
SHP-003393-2,ORD-003393-2,SUP-0018,2026-08-11,2026-08-13,DELIVERED
SHP-003394-1,ORD-003394-1,SUP-0070,2026-05-30,2026-05-30,DELIVERED
SHP-003394-2,ORD-003394-2,SUP-0070,2026-05-28,2026-05-30,DELIVERED
SHP-003394-3,ORD-003394-3,SUP-0070,2026-05-28,2026-05-28,DELIVERED
SHP-003394-4,ORD-003394-4,SUP-0070,2026-05-24,2026-05-24,DELIVERED
SHP-003395-1,ORD-003395-1,SUP-0034,2026-03-29,2026-03-30,DELIVERED
SHP-003396-1,ORD-003396-1,SUP-0070,2026-06-29,2026-07-01,DELIVERED
SHP-003396-2,ORD-003396-2,SUP-0070,2026-06-24,2026-06-24,DELIVERED
SHP-003397-1,ORD-003397-1,SUP-0069,2026-06-17,2026-06-17,DELIVERED
SHP-003397-2,ORD-003397-2,SUP-0069,2026-06-07,2026-06-07,DELIVERED
SHP-003397-3,ORD-003397-3,SUP-0069,2026-06-04,2026-06-05,DELIVERED
SHP-003398-1,ORD-003398-1,SUP-0092,2026-05-18,2026-05-19,DELIVERED
SHP-003399-1,ORD-003399-1,SUP-0052,2026-07-13,2026-07-13,DELIVERED
SHP-003399-2,ORD-003399-2,SUP-0052,2026-07-29,2026-07-31,DELIVERED
SHP-003400-1,ORD-003400-1,SUP-0100,2026-09-05,2026-09-05,IN_TRANSIT
SHP-003401-1,ORD-003401-1,SUP-0008,2026-06-07,2026-06-08,DELIVERED
SHP-003401-2,ORD-003401-2,SUP-0008,2026-06-08,2026-06-10,DELIVERED
SHP-003401-3,ORD-003401-3,SUP-0008,2026-06-06,2026-06-08,DELIVERED
SHP-003402-1,ORD-003402-1,SUP-0120,2026-06-13,2026-06-15,DELIVERED
SHP-003402-2,ORD-003402-2,SUP-0120,2026-06-29,2026-06-29,DELIVERED
SHP-003403-1,ORD-003403-1,SUP-0044,2026-04-23,2026-04-24,DELIVERED
SHP-003404-1,ORD-003404-1,SUP-0018,2026-05-22,2026-05-23,DELIVERED
SHP-003404-2,ORD-003404-2,SUP-0018,2026-06-03,2026-06-03,DELIVERED
SHP-003405-1,ORD-003405-1,SUP-0116,2026-04-06,2026-04-07,DELIVERED
SHP-003405-2,ORD-003405-2,SUP-0116,2026-03-24,2026-03-24,DELIVERED
SHP-003405-3,ORD-003405-3,SUP-0116,2026-03-28,2026-03-30,DELIVERED
SHP-003406-1,ORD-003406-1,SUP-0034,2026-04-05,2026-04-07,DELIVERED
SHP-003407-1,ORD-003407-1,SUP-0088,2026-06-07,2026-06-07,DELIVERED
SHP-003407-2,ORD-003407-2,SUP-0088,2026-06-26,2026-06-26,DELIVERED
SHP-003408-1,ORD-003408-1,SUP-0084,2026-03-01,2026-03-03,DELIVERED
SHP-003408-2,ORD-003408-2,SUP-0084,2026-03-10,2026-03-10,DELIVERED
SHP-003408-3,ORD-003408-3,SUP-0084,2026-02-28,2026-03-01,DELIVERED
SHP-003409-1,ORD-003409-1,SUP-0091,2026-05-18,2026-05-18,DELIVERED
SHP-003410-1,ORD-003410-1,SUP-0089,2026-06-15,2026-06-15,DELIVERED
SHP-003410-2,ORD-003410-2,SUP-0089,2026-06-18,2026-06-18,DELIVERED
SHP-003410-3,ORD-003410-3,SUP-0089,2026-06-13,2026-06-13,DELIVERED
SHP-003411-1,ORD-003411-1,SUP-0029,2026-07-15,2026-07-16,DELIVERED
SHP-003411-2,ORD-003411-2,SUP-0029,2026-07-22,2026-07-22,DELIVERED
SHP-003411-3,ORD-003411-3,SUP-0029,2026-07-08,2026-07-08,DELIVERED
SHP-003412-1,ORD-003412-1,SUP-0081,2026-04-09,2026-04-10,DELIVERED
SHP-003413-1,ORD-003413-1,SUP-0024,2026-09-07,2026-09-09,IN_TRANSIT
SHP-003413-2,ORD-003413-2,SUP-0024,2026-08-28,2026-08-28,DELIVERED
SHP-003413-3,ORD-003413-3,SUP-0024,2026-08-29,2026-08-29,DELIVERED
SHP-003414-1,ORD-003414-1,SUP-0067,2026-08-02,2026-08-02,DELIVERED
SHP-003414-2,ORD-003414-2,SUP-0067,2026-08-11,2026-08-13,DELIVERED
SHP-003415-1,ORD-003415-1,SUP-0094,2026-09-12,2026-09-12,IN_TRANSIT
SHP-003416-1,ORD-003416-1,SUP-0068,2026-04-18,2026-04-19,DELIVERED
SHP-003417-1,ORD-003417-1,SUP-0014,2026-09-04,2026-09-04,IN_TRANSIT
SHP-003417-2,ORD-003417-2,SUP-0014,2026-08-25,2026-08-25,DELIVERED
SHP-003417-3,ORD-003417-3,SUP-0014,2026-09-02,2026-09-04,IN_TRANSIT
SHP-003417-4,ORD-003417-4,SUP-0014,2026-09-09,2026-09-11,IN_TRANSIT
SHP-003418-1,ORD-003418-1,SUP-0030,2026-05-20,2026-05-22,DELIVERED
SHP-003419-1,ORD-003419-1,SUP-0013,2026-08-09,2026-08-11,DELIVERED
SHP-003419-2,ORD-003419-2,SUP-0013,2026-07-31,2026-07-31,DELIVERED
SHP-003419-3,ORD-003419-3,SUP-0013,2026-07-31,2026-08-02,DELIVERED
SHP-003420-1,ORD-003420-1,SUP-0111,2026-06-04,2026-06-04,DELIVERED
SHP-003421-1,ORD-003421-1,SUP-0018,2026-10-01,2026-10-03,IN_TRANSIT
SHP-003422-1,ORD-003422-1,SUP-0037,2026-04-08,2026-04-09,DELIVERED
SHP-003422-2,ORD-003422-2,SUP-0037,2026-04-09,2026-04-09,DELIVERED
SHP-003423-1,ORD-003423-1,SUP-0084,2026-08-09,2026-08-10,DELIVERED
SHP-003423-2,ORD-003423-2,SUP-0084,2026-08-06,2026-08-06,DELIVERED
SHP-003423-3,ORD-003423-3,SUP-0084,2026-08-22,2026-08-23,DELIVERED
SHP-003424-1,ORD-003424-1,SUP-0098,2026-06-21,2026-06-21,DELIVERED
SHP-003424-2,ORD-003424-2,SUP-0098,2026-06-22,2026-06-22,DELIVERED
SHP-003425-1,ORD-003425-1,SUP-0013,2026-08-09,2026-08-10,DELIVERED
SHP-003425-2,ORD-003425-2,SUP-0013,2026-08-25,2026-08-27,DELIVERED
SHP-003426-1,ORD-003426-1,SUP-0021,2026-04-24,2026-04-24,DELIVERED
SHP-003426-2,ORD-003426-2,SUP-0021,2026-05-14,2026-05-16,DELIVERED
SHP-003427-1,ORD-003427-1,SUP-0067,2026-07-10,2026-07-10,DELIVERED
SHP-003428-1,ORD-003428-1,SUP-0095,2026-01-28,2026-01-28,DELIVERED
SHP-003428-2,ORD-003428-2,SUP-0095,2026-02-11,2026-02-11,DELIVERED
SHP-003428-3,ORD-003428-3,SUP-0095,2026-02-03,2026-02-05,DELIVERED
SHP-003429-1,ORD-003429-1,SUP-0008,2026-08-08,2026-08-08,DELIVERED
SHP-003429-2,ORD-003429-2,SUP-0008,2026-07-25,2026-07-27,DELIVERED
SHP-003429-3,ORD-003429-3,SUP-0008,2026-08-07,2026-08-07,DELIVERED
SHP-003430-1,ORD-003430-1,SUP-0058,2026-08-09,2026-08-09,DELIVERED
SHP-003430-2,ORD-003430-2,SUP-0058,2026-07-29,2026-07-30,DELIVERED
SHP-003431-1,ORD-003431-1,SUP-0080,2026-07-14,2026-07-14,DELIVERED
SHP-003431-2,ORD-003431-2,SUP-0080,2026-07-06,2026-07-07,DELIVERED
SHP-003431-3,ORD-003431-3,SUP-0080,2026-07-12,2026-07-12,DELIVERED
SHP-003431-4,ORD-003431-4,SUP-0080,2026-07-12,2026-07-13,DELIVERED
SHP-003432-1,ORD-003432-1,SUP-0089,2026-03-21,2026-03-21,DELIVERED
SHP-003432-2,ORD-003432-2,SUP-0089,2026-03-22,2026-03-22,DELIVERED
SHP-003432-3,ORD-003432-3,SUP-0089,2026-03-27,2026-03-29,DELIVERED
SHP-003433-1,ORD-003433-1,SUP-0065,2026-02-20,2026-02-21,DELIVERED
SHP-003434-1,ORD-003434-1,SUP-0089,2026-07-15,2026-07-15,DELIVERED
SHP-003434-2,ORD-003434-2,SUP-0089,2026-07-09,2026-07-09,DELIVERED
SHP-003434-3,ORD-003434-3,SUP-0089,2026-07-20,2026-07-22,DELIVERED
SHP-003435-1,ORD-003435-1,SUP-0022,2026-09-22,2026-09-24,IN_TRANSIT
SHP-003436-1,ORD-003436-1,SUP-0019,2026-07-29,2026-07-30,DELIVERED
SHP-003436-2,ORD-003436-2,SUP-0019,2026-07-22,2026-07-22,DELIVERED
SHP-003436-3,ORD-003436-3,SUP-0019,2026-07-11,2026-07-13,DELIVERED
SHP-003436-4,ORD-003436-4,SUP-0019,2026-07-08,2026-07-08,DELIVERED
SHP-003437-1,ORD-003437-1,SUP-0017,2026-05-20,2026-05-20,DELIVERED
SHP-003437-2,ORD-003437-2,SUP-0017,2026-04-27,2026-04-27,DELIVERED
SHP-003437-3,ORD-003437-3,SUP-0017,2026-05-02,2026-05-02,DELIVERED
SHP-003438-1,ORD-003438-1,SUP-0116,2026-09-07,2026-09-07,IN_TRANSIT
SHP-003439-1,ORD-003439-1,SUP-0086,2026-03-17,2026-03-17,DELIVERED
SHP-003439-2,ORD-003439-2,SUP-0086,2026-03-13,2026-03-15,DELIVERED
SHP-003440-1,ORD-003440-1,SUP-0091,2026-08-07,2026-08-07,DELIVERED
SHP-003440-2,ORD-003440-2,SUP-0091,2026-08-10,2026-08-10,DELIVERED
SHP-003441-1,ORD-003441-1,SUP-0085,2026-08-31,2026-08-31,DELIVERED
SHP-003441-2,ORD-003441-2,SUP-0085,2026-08-19,2026-08-19,DELIVERED
SHP-003442-1,ORD-003442-1,SUP-0117,2026-07-03,2026-07-05,DELIVERED
SHP-003442-2,ORD-003442-2,SUP-0117,2026-07-06,2026-07-07,DELIVERED
SHP-003443-1,ORD-003443-1,SUP-0108,2026-08-25,2026-08-25,DELIVERED
SHP-003444-1,ORD-003444-1,SUP-0082,2026-05-30,2026-06-01,DELIVERED
SHP-003444-2,ORD-003444-2,SUP-0082,2026-05-22,2026-05-22,DELIVERED
SHP-003444-3,ORD-003444-3,SUP-0082,2026-05-26,2026-05-26,DELIVERED
SHP-003444-4,ORD-003444-4,SUP-0082,2026-06-02,2026-06-02,DELIVERED
SHP-003445-1,ORD-003445-1,SUP-0024,2026-06-21,2026-06-21,DELIVERED
SHP-003446-1,ORD-003446-1,SUP-0087,2026-05-16,2026-05-16,DELIVERED
SHP-003446-2,ORD-003446-2,SUP-0087,2026-04-30,2026-05-02,DELIVERED
SHP-003446-3,ORD-003446-3,SUP-0087,2026-04-20,2026-04-20,DELIVERED
SHP-003446-4,ORD-003446-4,SUP-0087,2026-05-05,2026-05-06,DELIVERED
SHP-003447-1,ORD-003447-1,SUP-0015,2026-08-02,2026-08-02,DELIVERED
SHP-003447-2,ORD-003447-2,SUP-0015,2026-07-21,2026-07-21,DELIVERED
SHP-003448-1,ORD-003448-1,SUP-0043,2026-04-22,2026-04-23,DELIVERED
SHP-003448-2,ORD-003448-2,SUP-0043,2026-05-03,2026-05-05,DELIVERED
SHP-003448-3,ORD-003448-3,SUP-0043,2026-04-30,2026-05-01,DELIVERED
SHP-003448-4,ORD-003448-4,SUP-0043,2026-05-18,2026-05-20,DELIVERED
SHP-003449-1,ORD-003449-1,SUP-0007,2026-02-01,2026-02-01,DELIVERED
SHP-003449-2,ORD-003449-2,SUP-0007,2026-02-01,2026-02-02,DELIVERED
SHP-003450-1,ORD-003450-1,SUP-0104,2026-08-05,2026-08-07,DELIVERED
SHP-003451-1,ORD-003451-1,SUP-0110,2026-03-21,2026-03-21,DELIVERED
SHP-003451-2,ORD-003451-2,SUP-0110,2026-03-09,2026-03-09,DELIVERED
SHP-003452-1,ORD-003452-1,SUP-0102,2026-06-07,2026-06-07,DELIVERED
SHP-003452-2,ORD-003452-2,SUP-0102,2026-06-24,2026-06-24,DELIVERED
SHP-003452-3,ORD-003452-3,SUP-0102,2026-06-14,2026-06-16,DELIVERED
SHP-003452-4,ORD-003452-4,SUP-0102,2026-06-24,2026-06-24,DELIVERED
SHP-003453-1,ORD-003453-1,SUP-0081,2026-05-03,2026-05-03,DELIVERED
SHP-003453-2,ORD-003453-2,SUP-0081,2026-05-21,2026-05-21,DELIVERED
SHP-003453-3,ORD-003453-3,SUP-0081,2026-05-16,2026-05-17,DELIVERED
SHP-003453-4,ORD-003453-4,SUP-0081,2026-05-17,2026-05-19,DELIVERED
SHP-003454-1,ORD-003454-1,SUP-0069,2026-09-02,2026-09-02,IN_TRANSIT
SHP-003454-2,ORD-003454-2,SUP-0069,2026-08-23,2026-08-23,DELIVERED
SHP-003454-3,ORD-003454-3,SUP-0069,2026-08-27,2026-08-27,DELIVERED
SHP-003455-1,ORD-003455-1,SUP-0043,2026-03-25,2026-03-27,DELIVERED
SHP-003456-1,ORD-003456-1,SUP-0039,2026-09-08,2026-09-08,IN_TRANSIT
SHP-003456-2,ORD-003456-2,SUP-0039,2026-08-21,2026-08-22,DELIVERED
SHP-003457-1,ORD-003457-1,SUP-0100,2026-04-05,2026-04-06,DELIVERED
SHP-003457-2,ORD-003457-2,SUP-0100,2026-03-21,2026-03-22,DELIVERED
SHP-003457-3,ORD-003457-3,SUP-0100,2026-04-04,2026-04-05,DELIVERED
SHP-003458-1,ORD-003458-1,SUP-0017,2026-05-12,2026-05-12,DELIVERED
SHP-003458-2,ORD-003458-2,SUP-0017,2026-05-15,2026-05-15,DELIVERED
SHP-003458-3,ORD-003458-3,SUP-0017,2026-05-16,2026-05-16,DELIVERED
SHP-003459-1,ORD-003459-1,SUP-0089,2026-08-09,2026-08-09,DELIVERED
SHP-003459-2,ORD-003459-2,SUP-0089,2026-08-07,2026-08-08,DELIVERED
SHP-003459-3,ORD-003459-3,SUP-0089,2026-08-03,2026-08-03,DELIVERED
SHP-003459-4,ORD-003459-4,SUP-0089,2026-08-01,2026-08-01,DELIVERED
SHP-003460-1,ORD-003460-1,SUP-0101,2026-01-20,2026-01-21,DELIVERED
SHP-003460-2,ORD-003460-2,SUP-0101,2026-02-10,2026-02-12,DELIVERED
SHP-003461-1,ORD-003461-1,SUP-0063,2026-03-09,2026-03-11,DELIVERED
SHP-003461-2,ORD-003461-2,SUP-0063,2026-03-27,2026-03-27,DELIVERED
SHP-003461-3,ORD-003461-3,SUP-0063,2026-03-20,2026-03-20,DELIVERED
SHP-003462-1,ORD-003462-1,SUP-0093,2026-08-04,2026-08-04,DELIVERED
SHP-003462-2,ORD-003462-2,SUP-0093,2026-07-29,2026-07-30,DELIVERED
SHP-003463-1,ORD-003463-1,SUP-0040,2026-05-01,2026-05-02,DELIVERED
SHP-003463-2,ORD-003463-2,SUP-0040,2026-05-06,2026-05-08,DELIVERED
SHP-003463-3,ORD-003463-3,SUP-0040,2026-05-14,2026-05-15,DELIVERED
SHP-003463-4,ORD-003463-4,SUP-0040,2026-05-16,2026-05-18,DELIVERED
SHP-003464-1,ORD-003464-1,SUP-0110,2026-09-09,2026-09-09,IN_TRANSIT
SHP-003464-2,ORD-003464-2,SUP-0110,2026-09-08,2026-09-08,IN_TRANSIT
SHP-003464-3,ORD-003464-3,SUP-0110,2026-09-26,2026-09-28,IN_TRANSIT
SHP-003464-4,ORD-003464-4,SUP-0110,2026-09-14,2026-09-14,IN_TRANSIT
SHP-003465-1,ORD-003465-1,SUP-0005,2026-09-07,2026-09-08,IN_TRANSIT
SHP-003465-2,ORD-003465-2,SUP-0005,2026-09-05,2026-09-06,IN_TRANSIT
SHP-003465-3,ORD-003465-3,SUP-0005,2026-09-11,2026-09-13,IN_TRANSIT
SHP-003466-1,ORD-003466-1,SUP-0033,2026-07-22,2026-07-22,DELIVERED
SHP-003466-2,ORD-003466-2,SUP-0033,2026-07-16,2026-07-18,DELIVERED
SHP-003466-3,ORD-003466-3,SUP-0033,2026-07-23,2026-07-24,DELIVERED
SHP-003467-1,ORD-003467-1,SUP-0118,2026-07-10,2026-07-10,DELIVERED
SHP-003467-2,ORD-003467-2,SUP-0118,2026-07-23,2026-07-25,DELIVERED
SHP-003468-1,ORD-003468-1,SUP-0028,2026-04-20,2026-04-20,DELIVERED
SHP-003468-2,ORD-003468-2,SUP-0028,2026-05-10,2026-05-11,DELIVERED
SHP-003468-3,ORD-003468-3,SUP-0028,2026-04-23,2026-04-23,DELIVERED
SHP-003468-4,ORD-003468-4,SUP-0028,2026-04-24,2026-04-24,DELIVERED
SHP-003469-1,ORD-003469-1,SUP-0080,2026-04-19,2026-04-20,DELIVERED
SHP-003469-2,ORD-003469-2,SUP-0080,2026-05-05,2026-05-07,DELIVERED
SHP-003469-3,ORD-003469-3,SUP-0080,2026-04-13,2026-04-13,DELIVERED
SHP-003470-1,ORD-003470-1,SUP-0107,2026-04-28,2026-04-28,DELIVERED
SHP-003470-2,ORD-003470-2,SUP-0107,2026-04-21,2026-04-23,DELIVERED
SHP-003470-3,ORD-003470-3,SUP-0107,2026-04-19,2026-04-20,DELIVERED
SHP-003470-4,ORD-003470-4,SUP-0107,2026-04-22,2026-04-24,DELIVERED
SHP-003471-1,ORD-003471-1,SUP-0104,2026-09-30,2026-09-30,IN_TRANSIT
SHP-003471-2,ORD-003471-2,SUP-0104,2026-09-18,2026-09-19,IN_TRANSIT
SHP-003472-1,ORD-003472-1,SUP-0061,2026-03-03,2026-03-05,DELIVERED
SHP-003472-2,ORD-003472-2,SUP-0061,2026-02-17,2026-02-18,DELIVERED
SHP-003472-3,ORD-003472-3,SUP-0061,2026-03-03,2026-03-03,DELIVERED
SHP-003472-4,ORD-003472-4,SUP-0061,2026-02-21,2026-02-23,DELIVERED
SHP-003473-1,ORD-003473-1,SUP-0089,2026-05-26,2026-05-26,DELIVERED
SHP-003473-2,ORD-003473-2,SUP-0089,2026-05-25,2026-05-25,DELIVERED
SHP-003474-1,ORD-003474-1,SUP-0037,2026-04-14,2026-04-14,DELIVERED
SHP-003475-1,ORD-003475-1,SUP-0086,2026-08-02,2026-08-02,DELIVERED
SHP-003476-1,ORD-003476-1,SUP-0069,2026-08-19,2026-08-19,DELIVERED
SHP-003477-1,ORD-003477-1,SUP-0116,2026-02-17,2026-02-17,DELIVERED
SHP-003477-2,ORD-003477-2,SUP-0116,2026-02-03,2026-02-04,DELIVERED
SHP-003477-3,ORD-003477-3,SUP-0116,2026-02-07,2026-02-07,DELIVERED
SHP-003477-4,ORD-003477-4,SUP-0116,2026-02-10,2026-02-10,DELIVERED
SHP-003478-1,ORD-003478-1,SUP-0057,2026-05-16,2026-05-16,DELIVERED
SHP-003479-1,ORD-003479-1,SUP-0119,2026-07-31,2026-07-31,DELIVERED
SHP-003479-2,ORD-003479-2,SUP-0119,2026-08-07,2026-08-09,DELIVERED
SHP-003479-3,ORD-003479-3,SUP-0119,2026-08-12,2026-08-14,DELIVERED
SHP-003479-4,ORD-003479-4,SUP-0119,2026-08-15,2026-08-15,DELIVERED
SHP-003480-1,ORD-003480-1,SUP-0055,2026-06-06,2026-06-08,DELIVERED
SHP-003480-2,ORD-003480-2,SUP-0055,2026-06-16,2026-06-16,DELIVERED
SHP-003480-3,ORD-003480-3,SUP-0055,2026-05-28,2026-05-29,DELIVERED
SHP-003481-1,ORD-003481-1,SUP-0082,2026-06-15,2026-06-16,DELIVERED
SHP-003481-2,ORD-003481-2,SUP-0082,2026-06-03,2026-06-03,DELIVERED
SHP-003481-3,ORD-003481-3,SUP-0082,2026-06-09,2026-06-09,DELIVERED
SHP-003482-1,ORD-003482-1,SUP-0111,2026-03-30,2026-03-30,DELIVERED
SHP-003482-2,ORD-003482-2,SUP-0111,2026-03-30,2026-03-31,DELIVERED
SHP-003483-1,ORD-003483-1,SUP-0059,2026-09-19,2026-09-21,IN_TRANSIT
SHP-003483-2,ORD-003483-2,SUP-0059,2026-09-07,2026-09-07,IN_TRANSIT
SHP-003483-3,ORD-003483-3,SUP-0059,2026-09-04,2026-09-04,IN_TRANSIT
SHP-003483-4,ORD-003483-4,SUP-0059,2026-09-10,2026-09-10,IN_TRANSIT
SHP-003484-1,ORD-003484-1,SUP-0105,2026-05-16,2026-05-16,DELIVERED
SHP-003484-2,ORD-003484-2,SUP-0105,2026-05-12,2026-05-13,DELIVERED
SHP-003484-3,ORD-003484-3,SUP-0105,2026-05-07,2026-05-09,DELIVERED
SHP-003484-4,ORD-003484-4,SUP-0105,2026-05-11,2026-05-11,DELIVERED
SHP-003485-1,ORD-003485-1,SUP-0034,2026-07-22,2026-07-22,DELIVERED
SHP-003485-2,ORD-003485-2,SUP-0034,2026-07-06,2026-07-06,DELIVERED
SHP-003485-3,ORD-003485-3,SUP-0034,2026-07-15,2026-07-16,DELIVERED
SHP-003486-1,ORD-003486-1,SUP-0118,2026-01-25,2026-01-25,DELIVERED
SHP-003486-2,ORD-003486-2,SUP-0118,2026-01-31,2026-02-01,DELIVERED
SHP-003487-1,ORD-003487-1,SUP-0109,2026-05-13,2026-05-14,DELIVERED
SHP-003487-2,ORD-003487-2,SUP-0109,2026-05-22,2026-05-22,DELIVERED
SHP-003487-3,ORD-003487-3,SUP-0109,2026-05-16,2026-05-16,DELIVERED
SHP-003487-4,ORD-003487-4,SUP-0109,2026-05-16,2026-05-16,DELIVERED
SHP-003488-1,ORD-003488-1,SUP-0105,2026-04-22,2026-04-23,DELIVERED
SHP-003488-2,ORD-003488-2,SUP-0105,2026-05-04,2026-05-05,DELIVERED
SHP-003489-1,ORD-003489-1,SUP-0117,2026-05-08,2026-05-08,DELIVERED
SHP-003489-2,ORD-003489-2,SUP-0117,2026-05-05,2026-05-06,DELIVERED
SHP-003490-1,ORD-003490-1,SUP-0097,2026-04-22,2026-04-22,DELIVERED
SHP-003490-2,ORD-003490-2,SUP-0097,2026-04-17,2026-04-19,DELIVERED
SHP-003490-3,ORD-003490-3,SUP-0097,2026-04-05,2026-04-05,DELIVERED
SHP-003491-1,ORD-003491-1,SUP-0015,2026-09-04,2026-09-04,IN_TRANSIT
SHP-003491-2,ORD-003491-2,SUP-0015,2026-08-29,2026-08-29,DELIVERED
SHP-003491-3,ORD-003491-3,SUP-0015,2026-08-27,2026-08-27,DELIVERED
SHP-003491-4,ORD-003491-4,SUP-0015,2026-09-07,2026-09-09,IN_TRANSIT
SHP-003492-1,ORD-003492-1,SUP-0072,2026-09-26,2026-09-27,IN_TRANSIT
SHP-003492-2,ORD-003492-2,SUP-0072,2026-09-09,2026-09-11,IN_TRANSIT
SHP-003493-1,ORD-003493-1,SUP-0108,2026-03-18,2026-03-18,DELIVERED
SHP-003493-2,ORD-003493-2,SUP-0108,2026-04-04,2026-04-06,DELIVERED
SHP-003493-3,ORD-003493-3,SUP-0108,2026-03-23,2026-03-23,DELIVERED
SHP-003494-1,ORD-003494-1,SUP-0114,2026-06-21,2026-06-23,DELIVERED
SHP-003495-1,ORD-003495-1,SUP-0094,2026-02-06,2026-02-06,DELIVERED
SHP-003495-2,ORD-003495-2,SUP-0094,2026-01-24,2026-01-24,DELIVERED
SHP-003495-3,ORD-003495-3,SUP-0094,2026-02-19,2026-02-20,DELIVERED
SHP-003496-1,ORD-003496-1,SUP-0010,2026-08-18,2026-08-18,DELIVERED
SHP-003497-1,ORD-003497-1,SUP-0103,2026-01-22,2026-01-22,DELIVERED
SHP-003497-2,ORD-003497-2,SUP-0103,2026-02-06,2026-02-06,DELIVERED
SHP-003497-3,ORD-003497-3,SUP-0103,2026-02-10,2026-02-10,DELIVERED
SHP-003497-4,ORD-003497-4,SUP-0103,2026-01-27,2026-01-27,DELIVERED
SHP-003498-1,ORD-003498-1,SUP-0080,2026-07-19,2026-07-19,DELIVERED
SHP-003498-2,ORD-003498-2,SUP-0080,2026-08-12,2026-08-12,DELIVERED
SHP-003498-3,ORD-003498-3,SUP-0080,2026-08-14,2026-08-14,DELIVERED
SHP-003499-1,ORD-003499-1,SUP-0060,2026-09-04,2026-09-04,IN_TRANSIT
SHP-003499-2,ORD-003499-2,SUP-0060,2026-08-31,2026-08-31,DELIVERED
SHP-003500-1,ORD-003500-1,SUP-0082,2026-01-27,2026-01-27,DELIVERED
SHP-003501-1,ORD-003501-1,SUP-0088,2026-05-10,2026-05-10,DELIVERED
SHP-003501-2,ORD-003501-2,SUP-0088,2026-05-12,2026-05-12,DELIVERED
SHP-003502-1,ORD-003502-1,SUP-0020,2026-07-31,2026-08-02,DELIVERED
SHP-003502-2,ORD-003502-2,SUP-0020,2026-08-17,2026-08-17,DELIVERED
SHP-003502-3,ORD-003502-3,SUP-0020,2026-08-02,2026-08-03,DELIVERED
SHP-003503-1,ORD-003503-1,SUP-0033,2026-05-29,2026-05-29,DELIVERED
SHP-003503-2,ORD-003503-2,SUP-0033,2026-05-13,2026-05-13,DELIVERED
SHP-003504-1,ORD-003504-1,SUP-0075,2026-02-13,2026-02-13,DELIVERED
SHP-003505-1,ORD-003505-1,SUP-0047,2026-06-07,2026-06-09,DELIVERED
SHP-003505-2,ORD-003505-2,SUP-0047,2026-06-22,2026-06-24,DELIVERED
SHP-003505-3,ORD-003505-3,SUP-0047,2026-06-28,2026-06-28,DELIVERED
SHP-003506-1,ORD-003506-1,SUP-0020,2026-04-23,2026-04-23,DELIVERED
SHP-003506-2,ORD-003506-2,SUP-0020,2026-04-17,2026-04-19,DELIVERED
SHP-003506-3,ORD-003506-3,SUP-0020,2026-04-19,2026-04-19,DELIVERED
SHP-003506-4,ORD-003506-4,SUP-0020,2026-04-19,2026-04-19,DELIVERED
SHP-003507-1,ORD-003507-1,SUP-0091,2026-08-22,2026-08-23,DELIVERED
SHP-003507-2,ORD-003507-2,SUP-0091,2026-08-13,2026-08-15,DELIVERED
SHP-003508-1,ORD-003508-1,SUP-0102,2026-04-15,2026-04-15,DELIVERED
SHP-003509-1,ORD-003509-1,SUP-0086,2026-05-06,2026-05-06,DELIVERED
SHP-003509-2,ORD-003509-2,SUP-0086,2026-05-25,2026-05-25,DELIVERED
SHP-003510-1,ORD-003510-1,SUP-0049,2026-07-31,2026-08-01,DELIVERED
SHP-003510-2,ORD-003510-2,SUP-0049,2026-08-06,2026-08-07,DELIVERED
SHP-003510-3,ORD-003510-3,SUP-0049,2026-08-02,2026-08-04,DELIVERED
SHP-003510-4,ORD-003510-4,SUP-0049,2026-08-07,2026-08-07,DELIVERED
SHP-003511-1,ORD-003511-1,SUP-0039,2026-09-14,2026-09-14,IN_TRANSIT
SHP-003511-2,ORD-003511-2,SUP-0039,2026-09-10,2026-09-10,IN_TRANSIT
SHP-003511-3,ORD-003511-3,SUP-0039,2026-09-13,2026-09-13,IN_TRANSIT
SHP-003512-1,ORD-003512-1,SUP-0082,2026-06-13,2026-06-15,DELIVERED
SHP-003512-2,ORD-003512-2,SUP-0082,2026-06-02,2026-06-02,DELIVERED
SHP-003512-3,ORD-003512-3,SUP-0082,2026-06-30,2026-06-30,DELIVERED
SHP-003512-4,ORD-003512-4,SUP-0082,2026-06-08,2026-06-09,DELIVERED
SHP-003513-1,ORD-003513-1,SUP-0120,2026-08-13,2026-08-13,DELIVERED
SHP-003513-2,ORD-003513-2,SUP-0120,2026-08-25,2026-08-25,DELIVERED
SHP-003513-3,ORD-003513-3,SUP-0120,2026-08-28,2026-08-29,DELIVERED
SHP-003513-4,ORD-003513-4,SUP-0120,2026-08-15,2026-08-17,DELIVERED
SHP-003514-1,ORD-003514-1,SUP-0028,2026-04-12,2026-04-12,DELIVERED
SHP-003514-2,ORD-003514-2,SUP-0028,2026-05-01,2026-05-03,DELIVERED
SHP-003514-3,ORD-003514-3,SUP-0028,2026-04-16,2026-04-16,DELIVERED
SHP-003515-1,ORD-003515-1,SUP-0035,2026-04-06,2026-04-08,DELIVERED
SHP-003515-2,ORD-003515-2,SUP-0035,2026-04-08,2026-04-09,DELIVERED
SHP-003516-1,ORD-003516-1,SUP-0091,2026-01-29,2026-01-31,DELIVERED
SHP-003516-2,ORD-003516-2,SUP-0091,2026-01-25,2026-01-25,DELIVERED
SHP-003517-1,ORD-003517-1,SUP-0104,2026-08-24,2026-08-25,DELIVERED
SHP-003517-2,ORD-003517-2,SUP-0104,2026-09-07,2026-09-07,IN_TRANSIT
SHP-003517-3,ORD-003517-3,SUP-0104,2026-08-24,2026-08-26,DELIVERED
SHP-003518-1,ORD-003518-1,SUP-0089,2026-08-18,2026-08-19,DELIVERED
SHP-003519-1,ORD-003519-1,SUP-0069,2026-04-14,2026-04-16,DELIVERED
SHP-003519-2,ORD-003519-2,SUP-0069,2026-04-12,2026-04-12,DELIVERED
SHP-003519-3,ORD-003519-3,SUP-0069,2026-04-29,2026-05-01,DELIVERED
SHP-003520-1,ORD-003520-1,SUP-0064,2026-04-01,2026-04-01,DELIVERED
SHP-003520-2,ORD-003520-2,SUP-0064,2026-04-05,2026-04-05,DELIVERED
SHP-003520-3,ORD-003520-3,SUP-0064,2026-04-13,2026-04-15,DELIVERED
SHP-003521-1,ORD-003521-1,SUP-0035,2026-04-30,2026-05-02,DELIVERED
SHP-003521-2,ORD-003521-2,SUP-0035,2026-04-30,2026-04-30,DELIVERED
SHP-003522-1,ORD-003522-1,SUP-0105,2026-08-18,2026-08-18,DELIVERED
SHP-003522-2,ORD-003522-2,SUP-0105,2026-07-27,2026-07-28,DELIVERED
SHP-003522-3,ORD-003522-3,SUP-0105,2026-08-02,2026-08-02,DELIVERED
SHP-003523-1,ORD-003523-1,SUP-0071,2026-05-19,2026-05-19,DELIVERED
SHP-003523-2,ORD-003523-2,SUP-0071,2026-05-11,2026-05-11,DELIVERED
SHP-003524-1,ORD-003524-1,SUP-0092,2026-04-28,2026-04-28,DELIVERED
SHP-003524-2,ORD-003524-2,SUP-0092,2026-05-06,2026-05-06,DELIVERED
SHP-003525-1,ORD-003525-1,SUP-0107,2026-02-16,2026-02-16,DELIVERED
SHP-003525-2,ORD-003525-2,SUP-0107,2026-02-16,2026-02-16,DELIVERED
SHP-003526-1,ORD-003526-1,SUP-0089,2026-06-28,2026-06-30,DELIVERED
SHP-003526-2,ORD-003526-2,SUP-0089,2026-06-16,2026-06-16,DELIVERED
SHP-003526-3,ORD-003526-3,SUP-0089,2026-06-09,2026-06-09,DELIVERED
SHP-003527-1,ORD-003527-1,SUP-0058,2026-03-21,2026-03-21,DELIVERED
SHP-003527-2,ORD-003527-2,SUP-0058,2026-04-07,2026-04-08,DELIVERED
SHP-003528-1,ORD-003528-1,SUP-0113,2026-07-15,2026-07-15,DELIVERED
SHP-003528-2,ORD-003528-2,SUP-0113,2026-08-03,2026-08-03,DELIVERED
SHP-003529-1,ORD-003529-1,SUP-0018,2026-03-11,2026-03-11,DELIVERED
SHP-003529-2,ORD-003529-2,SUP-0018,2026-02-28,2026-02-28,DELIVERED
SHP-003530-1,ORD-003530-1,SUP-0085,2026-05-07,2026-05-07,DELIVERED
SHP-003530-2,ORD-003530-2,SUP-0085,2026-05-11,2026-05-13,DELIVERED
SHP-003530-3,ORD-003530-3,SUP-0085,2026-05-15,2026-05-16,DELIVERED
SHP-003530-4,ORD-003530-4,SUP-0085,2026-05-08,2026-05-08,DELIVERED
SHP-003531-1,ORD-003531-1,SUP-0038,2026-08-03,2026-08-03,DELIVERED
SHP-003531-2,ORD-003531-2,SUP-0038,2026-08-07,2026-08-07,DELIVERED
SHP-003531-3,ORD-003531-3,SUP-0038,2026-07-25,2026-07-26,DELIVERED
SHP-003531-4,ORD-003531-4,SUP-0038,2026-07-27,2026-07-27,DELIVERED
SHP-003532-1,ORD-003532-1,SUP-0102,2026-06-17,2026-06-17,DELIVERED
SHP-003532-2,ORD-003532-2,SUP-0102,2026-06-20,2026-06-20,DELIVERED
SHP-003532-3,ORD-003532-3,SUP-0102,2026-06-24,2026-06-24,DELIVERED
SHP-003533-1,ORD-003533-1,SUP-0119,2026-09-13,2026-09-13,IN_TRANSIT
SHP-003533-2,ORD-003533-2,SUP-0119,2026-09-07,2026-09-07,IN_TRANSIT
SHP-003533-3,ORD-003533-3,SUP-0119,2026-09-11,2026-09-11,IN_TRANSIT
SHP-003534-1,ORD-003534-1,SUP-0045,2026-03-12,2026-03-12,DELIVERED
SHP-003534-2,ORD-003534-2,SUP-0045,2026-03-14,2026-03-14,DELIVERED
SHP-003534-3,ORD-003534-3,SUP-0045,2026-03-27,2026-03-27,DELIVERED
SHP-003535-1,ORD-003535-1,SUP-0109,2026-07-03,2026-07-04,DELIVERED
SHP-003535-2,ORD-003535-2,SUP-0109,2026-07-07,2026-07-08,DELIVERED
SHP-003535-3,ORD-003535-3,SUP-0109,2026-06-28,2026-06-30,DELIVERED
SHP-003535-4,ORD-003535-4,SUP-0109,2026-06-28,2026-06-28,DELIVERED
SHP-003536-1,ORD-003536-1,SUP-0013,2026-05-14,2026-05-14,DELIVERED
SHP-003536-2,ORD-003536-2,SUP-0013,2026-05-14,2026-05-16,DELIVERED
SHP-003537-1,ORD-003537-1,SUP-0029,2026-04-03,2026-04-03,DELIVERED
SHP-003538-1,ORD-003538-1,SUP-0090,2026-07-23,2026-07-24,DELIVERED
SHP-003538-2,ORD-003538-2,SUP-0090,2026-07-15,2026-07-15,DELIVERED
SHP-003538-3,ORD-003538-3,SUP-0090,2026-07-12,2026-07-12,DELIVERED
SHP-003538-4,ORD-003538-4,SUP-0090,2026-07-12,2026-07-14,DELIVERED
SHP-003539-1,ORD-003539-1,SUP-0019,2026-08-08,2026-08-08,DELIVERED
SHP-003539-2,ORD-003539-2,SUP-0019,2026-07-28,2026-07-28,DELIVERED
SHP-003539-3,ORD-003539-3,SUP-0019,2026-07-25,2026-07-27,DELIVERED
SHP-003539-4,ORD-003539-4,SUP-0019,2026-08-14,2026-08-14,DELIVERED
SHP-003540-1,ORD-003540-1,SUP-0085,2026-08-23,2026-08-23,DELIVERED
SHP-003540-2,ORD-003540-2,SUP-0085,2026-08-14,2026-08-14,DELIVERED
SHP-003540-3,ORD-003540-3,SUP-0085,2026-08-22,2026-08-24,DELIVERED
SHP-003541-1,ORD-003541-1,SUP-0088,2026-09-10,2026-09-10,IN_TRANSIT
SHP-003541-2,ORD-003541-2,SUP-0088,2026-08-28,2026-08-28,DELIVERED
SHP-003542-1,ORD-003542-1,SUP-0029,2026-06-04,2026-06-04,DELIVERED
SHP-003543-1,ORD-003543-1,SUP-0052,2026-08-25,2026-08-25,DELIVERED
SHP-003543-2,ORD-003543-2,SUP-0052,2026-08-26,2026-08-26,DELIVERED
SHP-003543-3,ORD-003543-3,SUP-0052,2026-08-23,2026-08-23,DELIVERED
SHP-003544-1,ORD-003544-1,SUP-0035,2026-08-08,2026-08-08,DELIVERED
SHP-003545-1,ORD-003545-1,SUP-0107,2026-04-08,2026-04-09,DELIVERED
SHP-003545-2,ORD-003545-2,SUP-0107,2026-04-15,2026-04-16,DELIVERED
SHP-003546-1,ORD-003546-1,SUP-0037,2026-02-11,2026-02-11,DELIVERED
SHP-003546-2,ORD-003546-2,SUP-0037,2026-02-02,2026-02-03,DELIVERED
SHP-003547-1,ORD-003547-1,SUP-0019,2026-02-19,2026-02-19,DELIVERED
SHP-003547-2,ORD-003547-2,SUP-0019,2026-03-10,2026-03-10,DELIVERED
SHP-003547-3,ORD-003547-3,SUP-0019,2026-02-25,2026-02-27,DELIVERED
SHP-003547-4,ORD-003547-4,SUP-0019,2026-03-16,2026-03-16,DELIVERED
SHP-003548-1,ORD-003548-1,SUP-0118,2026-06-07,2026-06-07,DELIVERED
SHP-003549-1,ORD-003549-1,SUP-0035,2026-07-04,2026-07-04,DELIVERED
SHP-003549-2,ORD-003549-2,SUP-0035,2026-06-20,2026-06-20,DELIVERED
SHP-003550-1,ORD-003550-1,SUP-0071,2026-05-26,2026-05-27,DELIVERED
SHP-003550-2,ORD-003550-2,SUP-0071,2026-05-10,2026-05-10,DELIVERED
SHP-003550-3,ORD-003550-3,SUP-0071,2026-06-02,2026-06-04,DELIVERED
SHP-003551-1,ORD-003551-1,SUP-0073,2026-03-09,2026-03-09,DELIVERED
SHP-003551-2,ORD-003551-2,SUP-0073,2026-03-11,2026-03-11,DELIVERED
SHP-003552-1,ORD-003552-1,SUP-0111,2026-06-02,2026-06-04,DELIVERED
SHP-003552-2,ORD-003552-2,SUP-0111,2026-06-16,2026-06-16,DELIVERED
SHP-003553-1,ORD-003553-1,SUP-0059,2026-05-04,2026-05-04,DELIVERED
SHP-003554-1,ORD-003554-1,SUP-0049,2026-05-26,2026-05-26,DELIVERED
SHP-003554-2,ORD-003554-2,SUP-0049,2026-05-07,2026-05-07,DELIVERED
SHP-003555-1,ORD-003555-1,SUP-0111,2026-09-15,2026-09-17,IN_TRANSIT
SHP-003556-1,ORD-003556-1,SUP-0071,2026-09-08,2026-09-08,IN_TRANSIT
SHP-003556-2,ORD-003556-2,SUP-0071,2026-09-21,2026-09-23,IN_TRANSIT
SHP-003557-1,ORD-003557-1,SUP-0104,2026-07-30,2026-08-01,DELIVERED
SHP-003557-2,ORD-003557-2,SUP-0104,2026-07-18,2026-07-18,DELIVERED
SHP-003557-3,ORD-003557-3,SUP-0104,2026-07-19,2026-07-19,DELIVERED
SHP-003558-1,ORD-003558-1,SUP-0042,2026-09-09,2026-09-09,IN_TRANSIT
SHP-003558-2,ORD-003558-2,SUP-0042,2026-08-26,2026-08-28,DELIVERED
SHP-003558-3,ORD-003558-3,SUP-0042,2026-09-10,2026-09-11,IN_TRANSIT
SHP-003559-1,ORD-003559-1,SUP-0096,2026-07-01,2026-07-03,DELIVERED
SHP-003559-2,ORD-003559-2,SUP-0096,2026-06-23,2026-06-25,DELIVERED
SHP-003559-3,ORD-003559-3,SUP-0096,2026-07-12,2026-07-13,DELIVERED
SHP-003559-4,ORD-003559-4,SUP-0096,2026-06-28,2026-06-28,DELIVERED
SHP-003560-1,ORD-003560-1,SUP-0037,2026-07-22,2026-07-22,DELIVERED
SHP-003560-2,ORD-003560-2,SUP-0037,2026-07-07,2026-07-08,DELIVERED
SHP-003560-3,ORD-003560-3,SUP-0037,2026-07-26,2026-07-26,DELIVERED
SHP-003561-1,ORD-003561-1,SUP-0022,2026-02-04,2026-02-04,DELIVERED
SHP-003561-2,ORD-003561-2,SUP-0022,2026-02-08,2026-02-08,DELIVERED
SHP-003561-3,ORD-003561-3,SUP-0022,2026-02-16,2026-02-17,DELIVERED
SHP-003562-1,ORD-003562-1,SUP-0039,2026-06-01,2026-06-01,DELIVERED
SHP-003563-1,ORD-003563-1,SUP-0066,2026-04-13,2026-04-13,DELIVERED
SHP-003563-2,ORD-003563-2,SUP-0066,2026-04-07,2026-04-07,DELIVERED
SHP-003563-3,ORD-003563-3,SUP-0066,2026-04-11,2026-04-12,DELIVERED
SHP-003564-1,ORD-003564-1,SUP-0096,2026-01-22,2026-01-22,DELIVERED
SHP-003564-2,ORD-003564-2,SUP-0096,2026-01-28,2026-01-28,DELIVERED
SHP-003565-1,ORD-003565-1,SUP-0038,2026-08-10,2026-08-10,DELIVERED
SHP-003565-2,ORD-003565-2,SUP-0038,2026-07-21,2026-07-21,DELIVERED
SHP-003566-1,ORD-003566-1,SUP-0078,2026-03-09,2026-03-11,DELIVERED
SHP-003566-2,ORD-003566-2,SUP-0078,2026-03-29,2026-03-31,DELIVERED
SHP-003567-1,ORD-003567-1,SUP-0079,2026-02-24,2026-02-24,DELIVERED
SHP-003567-2,ORD-003567-2,SUP-0079,2026-02-18,2026-02-18,DELIVERED
SHP-003567-3,ORD-003567-3,SUP-0079,2026-02-09,2026-02-09,DELIVERED
SHP-003567-4,ORD-003567-4,SUP-0079,2026-02-16,2026-02-16,DELIVERED
SHP-003568-1,ORD-003568-1,SUP-0045,2026-03-21,2026-03-21,DELIVERED
SHP-003569-1,ORD-003569-1,SUP-0109,2026-09-07,2026-09-07,IN_TRANSIT
SHP-003570-1,ORD-003570-1,SUP-0106,2026-04-11,2026-04-11,DELIVERED
SHP-003570-2,ORD-003570-2,SUP-0106,2026-04-21,2026-04-21,DELIVERED
SHP-003570-3,ORD-003570-3,SUP-0106,2026-04-01,2026-04-02,DELIVERED
SHP-003571-1,ORD-003571-1,SUP-0027,2026-09-04,2026-09-04,IN_TRANSIT
SHP-003571-2,ORD-003571-2,SUP-0027,2026-08-28,2026-08-28,DELIVERED
SHP-003571-3,ORD-003571-3,SUP-0027,2026-09-12,2026-09-12,IN_TRANSIT
SHP-003571-4,ORD-003571-4,SUP-0027,2026-08-31,2026-09-01,DELIVERED
SHP-003572-1,ORD-003572-1,SUP-0096,2026-01-26,2026-01-26,DELIVERED
SHP-003572-2,ORD-003572-2,SUP-0096,2026-01-26,2026-01-26,DELIVERED
SHP-003573-1,ORD-003573-1,SUP-0095,2026-05-19,2026-05-19,DELIVERED
SHP-003573-2,ORD-003573-2,SUP-0095,2026-05-22,2026-05-22,DELIVERED
SHP-003574-1,ORD-003574-1,SUP-0108,2026-03-26,2026-03-26,DELIVERED
SHP-003575-1,ORD-003575-1,SUP-0058,2026-07-04,2026-07-04,DELIVERED
SHP-003575-2,ORD-003575-2,SUP-0058,2026-07-13,2026-07-13,DELIVERED
SHP-003576-1,ORD-003576-1,SUP-0065,2026-04-19,2026-04-21,DELIVERED
SHP-003576-2,ORD-003576-2,SUP-0065,2026-05-03,2026-05-03,DELIVERED
SHP-003577-1,ORD-003577-1,SUP-0094,2026-06-26,2026-06-26,DELIVERED
SHP-003577-2,ORD-003577-2,SUP-0094,2026-06-27,2026-06-27,DELIVERED
SHP-003578-1,ORD-003578-1,SUP-0044,2026-07-27,2026-07-27,DELIVERED
SHP-003578-2,ORD-003578-2,SUP-0044,2026-08-18,2026-08-20,DELIVERED
SHP-003579-1,ORD-003579-1,SUP-0113,2026-05-15,2026-05-15,DELIVERED
SHP-003579-2,ORD-003579-2,SUP-0113,2026-05-30,2026-05-30,DELIVERED
SHP-003580-1,ORD-003580-1,SUP-0033,2026-02-28,2026-03-02,DELIVERED
SHP-003581-1,ORD-003581-1,SUP-0119,2026-03-23,2026-03-23,DELIVERED
SHP-003581-2,ORD-003581-2,SUP-0119,2026-04-10,2026-04-10,DELIVERED
SHP-003581-3,ORD-003581-3,SUP-0119,2026-03-28,2026-03-28,DELIVERED
SHP-003581-4,ORD-003581-4,SUP-0119,2026-04-13,2026-04-13,DELIVERED
SHP-003582-1,ORD-003582-1,SUP-0109,2026-09-10,2026-09-11,IN_TRANSIT
SHP-003583-1,ORD-003583-1,SUP-0013,2026-09-18,2026-09-18,IN_TRANSIT
SHP-003584-1,ORD-003584-1,SUP-0074,2026-05-23,2026-05-23,DELIVERED
SHP-003585-1,ORD-003585-1,SUP-0024,2026-06-30,2026-07-01,DELIVERED
SHP-003586-1,ORD-003586-1,SUP-0091,2026-09-01,2026-09-01,DELIVERED
SHP-003586-2,ORD-003586-2,SUP-0091,2026-09-07,2026-09-07,IN_TRANSIT
SHP-003586-3,ORD-003586-3,SUP-0091,2026-09-07,2026-09-07,IN_TRANSIT
SHP-003587-1,ORD-003587-1,SUP-0115,2026-09-15,2026-09-15,IN_TRANSIT
SHP-003587-2,ORD-003587-2,SUP-0115,2026-08-22,2026-08-22,DELIVERED
SHP-003588-1,ORD-003588-1,SUP-0095,2026-01-19,2026-01-19,DELIVERED
SHP-003588-2,ORD-003588-2,SUP-0095,2026-01-21,2026-01-21,DELIVERED
SHP-003589-1,ORD-003589-1,SUP-0116,2026-07-28,2026-07-29,DELIVERED
SHP-003589-2,ORD-003589-2,SUP-0116,2026-07-26,2026-07-26,DELIVERED
SHP-003589-3,ORD-003589-3,SUP-0116,2026-07-05,2026-07-05,DELIVERED
SHP-003590-1,ORD-003590-1,SUP-0070,2026-08-10,2026-08-10,DELIVERED
SHP-003590-2,ORD-003590-2,SUP-0070,2026-08-09,2026-08-11,DELIVERED
SHP-003591-1,ORD-003591-1,SUP-0060,2026-03-03,2026-03-03,DELIVERED
SHP-003591-2,ORD-003591-2,SUP-0060,2026-03-05,2026-03-06,DELIVERED
SHP-003592-1,ORD-003592-1,SUP-0044,2026-02-10,2026-02-12,DELIVERED
SHP-003592-2,ORD-003592-2,SUP-0044,2026-01-23,2026-01-23,DELIVERED
SHP-003593-1,ORD-003593-1,SUP-0059,2026-06-27,2026-06-27,DELIVERED
SHP-003594-1,ORD-003594-1,SUP-0040,2026-03-30,2026-03-31,DELIVERED
SHP-003594-2,ORD-003594-2,SUP-0040,2026-03-10,2026-03-10,DELIVERED
SHP-003595-1,ORD-003595-1,SUP-0111,2026-03-26,2026-03-26,DELIVERED
SHP-003595-2,ORD-003595-2,SUP-0111,2026-03-25,2026-03-25,DELIVERED
SHP-003596-1,ORD-003596-1,SUP-0004,2026-04-20,2026-04-20,DELIVERED
SHP-003596-2,ORD-003596-2,SUP-0004,2026-04-18,2026-04-20,DELIVERED
SHP-003597-1,ORD-003597-1,SUP-0013,2026-07-09,2026-07-11,DELIVERED
SHP-003597-2,ORD-003597-2,SUP-0013,2026-07-07,2026-07-08,DELIVERED
SHP-003597-3,ORD-003597-3,SUP-0013,2026-07-03,2026-07-05,DELIVERED
SHP-003598-1,ORD-003598-1,SUP-0074,2026-06-29,2026-06-30,DELIVERED
SHP-003599-1,ORD-003599-1,SUP-0020,2026-07-22,2026-07-23,DELIVERED
SHP-003600-1,ORD-003600-1,SUP-0025,2026-05-22,2026-05-24,DELIVERED
SHP-003600-2,ORD-003600-2,SUP-0025,2026-05-29,2026-05-29,DELIVERED
SHP-003600-3,ORD-003600-3,SUP-0025,2026-06-01,2026-06-01,DELIVERED
SHP-003601-1,ORD-003601-1,SUP-0096,2026-09-22,2026-09-22,IN_TRANSIT
SHP-003601-2,ORD-003601-2,SUP-0096,2026-09-21,2026-09-21,IN_TRANSIT
SHP-003602-1,ORD-003602-1,SUP-0014,2026-05-31,2026-05-31,DELIVERED
SHP-003602-2,ORD-003602-2,SUP-0014,2026-06-14,2026-06-16,DELIVERED
SHP-003602-3,ORD-003602-3,SUP-0014,2026-06-05,2026-06-06,DELIVERED
SHP-003602-4,ORD-003602-4,SUP-0014,2026-06-13,2026-06-13,DELIVERED
SHP-003603-1,ORD-003603-1,SUP-0054,2026-08-22,2026-08-22,DELIVERED
SHP-003603-2,ORD-003603-2,SUP-0054,2026-09-02,2026-09-02,IN_TRANSIT
SHP-003604-1,ORD-003604-1,SUP-0084,2026-06-28,2026-06-28,DELIVERED
SHP-003605-1,ORD-003605-1,SUP-0020,2026-02-13,2026-02-13,DELIVERED
SHP-003605-2,ORD-003605-2,SUP-0020,2026-02-09,2026-02-10,DELIVERED
SHP-003605-3,ORD-003605-3,SUP-0020,2026-02-09,2026-02-09,DELIVERED
SHP-003606-1,ORD-003606-1,SUP-0013,2026-01-14,2026-01-16,DELIVERED
SHP-003607-1,ORD-003607-1,SUP-0028,2026-03-31,2026-04-02,DELIVERED
SHP-003607-2,ORD-003607-2,SUP-0028,2026-03-25,2026-03-25,DELIVERED
SHP-003607-3,ORD-003607-3,SUP-0028,2026-03-25,2026-03-26,DELIVERED
SHP-003608-1,ORD-003608-1,SUP-0059,2026-06-04,2026-06-05,DELIVERED
SHP-003608-2,ORD-003608-2,SUP-0059,2026-06-04,2026-06-05,DELIVERED
SHP-003608-3,ORD-003608-3,SUP-0059,2026-05-28,2026-05-29,DELIVERED
SHP-003608-4,ORD-003608-4,SUP-0059,2026-06-19,2026-06-19,DELIVERED
SHP-003609-1,ORD-003609-1,SUP-0104,2026-04-01,2026-04-01,DELIVERED
SHP-003609-2,ORD-003609-2,SUP-0104,2026-04-15,2026-04-17,DELIVERED
SHP-003610-1,ORD-003610-1,SUP-0013,2026-02-27,2026-02-27,DELIVERED
SHP-003610-2,ORD-003610-2,SUP-0013,2026-03-02,2026-03-04,DELIVERED
SHP-003610-3,ORD-003610-3,SUP-0013,2026-03-06,2026-03-08,DELIVERED
SHP-003611-1,ORD-003611-1,SUP-0075,2026-05-17,2026-05-17,DELIVERED
SHP-003611-2,ORD-003611-2,SUP-0075,2026-05-20,2026-05-21,DELIVERED
SHP-003611-3,ORD-003611-3,SUP-0075,2026-05-27,2026-05-28,DELIVERED
SHP-003612-1,ORD-003612-1,SUP-0057,2026-04-16,2026-04-16,DELIVERED
SHP-003613-1,ORD-003613-1,SUP-0100,2026-06-18,2026-06-18,DELIVERED
SHP-003614-1,ORD-003614-1,SUP-0059,2026-07-05,2026-07-07,DELIVERED
SHP-003615-1,ORD-003615-1,SUP-0006,2026-07-01,2026-07-02,DELIVERED
SHP-003615-2,ORD-003615-2,SUP-0006,2026-06-17,2026-06-19,DELIVERED
SHP-003615-3,ORD-003615-3,SUP-0006,2026-06-20,2026-06-20,DELIVERED
SHP-003615-4,ORD-003615-4,SUP-0006,2026-06-10,2026-06-10,DELIVERED
SHP-003616-1,ORD-003616-1,SUP-0102,2026-05-12,2026-05-12,DELIVERED
SHP-003617-1,ORD-003617-1,SUP-0066,2026-07-31,2026-08-02,DELIVERED
SHP-003618-1,ORD-003618-1,SUP-0083,2026-02-06,2026-02-08,DELIVERED
SHP-003619-1,ORD-003619-1,SUP-0093,2026-02-27,2026-02-27,DELIVERED
SHP-003619-2,ORD-003619-2,SUP-0093,2026-02-28,2026-02-28,DELIVERED
SHP-003619-3,ORD-003619-3,SUP-0093,2026-02-15,2026-02-15,DELIVERED
SHP-003620-1,ORD-003620-1,SUP-0087,2026-04-14,2026-04-14,DELIVERED
SHP-003621-1,ORD-003621-1,SUP-0072,2026-05-03,2026-05-03,DELIVERED
SHP-003621-2,ORD-003621-2,SUP-0072,2026-05-15,2026-05-15,DELIVERED
SHP-003621-3,ORD-003621-3,SUP-0072,2026-05-11,2026-05-13,DELIVERED
SHP-003621-4,ORD-003621-4,SUP-0072,2026-05-09,2026-05-09,DELIVERED
SHP-003622-1,ORD-003622-1,SUP-0059,2026-08-13,2026-08-13,DELIVERED
SHP-003622-2,ORD-003622-2,SUP-0059,2026-08-18,2026-08-19,DELIVERED
SHP-003622-3,ORD-003622-3,SUP-0059,2026-08-06,2026-08-06,DELIVERED
SHP-003622-4,ORD-003622-4,SUP-0059,2026-07-31,2026-08-01,DELIVERED
SHP-003623-1,ORD-003623-1,SUP-0089,2026-08-14,2026-08-16,DELIVERED
SHP-003623-2,ORD-003623-2,SUP-0089,2026-08-24,2026-08-26,DELIVERED
SHP-003623-3,ORD-003623-3,SUP-0089,2026-08-24,2026-08-24,DELIVERED
SHP-003623-4,ORD-003623-4,SUP-0089,2026-08-16,2026-08-18,DELIVERED
SHP-003624-1,ORD-003624-1,SUP-0061,2026-04-22,2026-04-22,DELIVERED
SHP-003625-1,ORD-003625-1,SUP-0089,2026-04-08,2026-04-08,DELIVERED
SHP-003625-2,ORD-003625-2,SUP-0089,2026-04-07,2026-04-07,DELIVERED
SHP-003626-1,ORD-003626-1,SUP-0022,2026-05-07,2026-05-07,DELIVERED
SHP-003626-2,ORD-003626-2,SUP-0022,2026-04-26,2026-04-26,DELIVERED
SHP-003627-1,ORD-003627-1,SUP-0074,2026-02-14,2026-02-14,DELIVERED
SHP-003627-2,ORD-003627-2,SUP-0074,2026-02-21,2026-02-21,DELIVERED
SHP-003627-3,ORD-003627-3,SUP-0074,2026-02-19,2026-02-21,DELIVERED
SHP-003627-4,ORD-003627-4,SUP-0074,2026-03-01,2026-03-01,DELIVERED
SHP-003628-1,ORD-003628-1,SUP-0053,2026-05-29,2026-05-29,DELIVERED
SHP-003628-2,ORD-003628-2,SUP-0053,2026-05-19,2026-05-20,DELIVERED
SHP-003628-3,ORD-003628-3,SUP-0053,2026-05-24,2026-05-26,DELIVERED
SHP-003629-1,ORD-003629-1,SUP-0065,2026-09-24,2026-09-26,IN_TRANSIT
SHP-003629-2,ORD-003629-2,SUP-0065,2026-10-01,2026-10-01,IN_TRANSIT
SHP-003629-3,ORD-003629-3,SUP-0065,2026-09-09,2026-09-09,IN_TRANSIT
SHP-003629-4,ORD-003629-4,SUP-0065,2026-09-12,2026-09-12,IN_TRANSIT
SHP-003630-1,ORD-003630-1,SUP-0029,2026-03-31,2026-04-02,DELIVERED
SHP-003630-2,ORD-003630-2,SUP-0029,2026-03-16,2026-03-16,DELIVERED
SHP-003630-3,ORD-003630-3,SUP-0029,2026-04-11,2026-04-11,DELIVERED
SHP-003630-4,ORD-003630-4,SUP-0029,2026-04-10,2026-04-11,DELIVERED
SHP-003631-1,ORD-003631-1,SUP-0043,2026-07-29,2026-07-29,DELIVERED
SHP-003631-2,ORD-003631-2,SUP-0043,2026-07-20,2026-07-20,DELIVERED
SHP-003632-1,ORD-003632-1,SUP-0066,2026-09-16,2026-09-17,IN_TRANSIT
SHP-003632-2,ORD-003632-2,SUP-0066,2026-08-30,2026-08-30,DELIVERED
SHP-003632-3,ORD-003632-3,SUP-0066,2026-08-25,2026-08-25,DELIVERED
SHP-003633-1,ORD-003633-1,SUP-0005,2026-04-29,2026-05-01,DELIVERED
SHP-003633-2,ORD-003633-2,SUP-0005,2026-04-17,2026-04-17,DELIVERED
SHP-003634-1,ORD-003634-1,SUP-0009,2026-05-10,2026-05-10,DELIVERED
SHP-003634-2,ORD-003634-2,SUP-0009,2026-05-11,2026-05-12,DELIVERED
SHP-003634-3,ORD-003634-3,SUP-0009,2026-05-03,2026-05-03,DELIVERED
SHP-003634-4,ORD-003634-4,SUP-0009,2026-05-07,2026-05-09,DELIVERED
SHP-003635-1,ORD-003635-1,SUP-0059,2026-03-27,2026-03-27,DELIVERED
SHP-003636-1,ORD-003636-1,SUP-0082,2026-07-30,2026-07-30,DELIVERED
SHP-003636-2,ORD-003636-2,SUP-0082,2026-07-16,2026-07-17,DELIVERED
SHP-003636-3,ORD-003636-3,SUP-0082,2026-07-25,2026-07-25,DELIVERED
SHP-003636-4,ORD-003636-4,SUP-0082,2026-07-17,2026-07-17,DELIVERED
SHP-003637-1,ORD-003637-1,SUP-0117,2026-08-28,2026-08-30,DELIVERED
SHP-003638-1,ORD-003638-1,SUP-0026,2026-06-19,2026-06-19,DELIVERED
SHP-003638-2,ORD-003638-2,SUP-0026,2026-06-21,2026-06-21,DELIVERED
SHP-003639-1,ORD-003639-1,SUP-0064,2026-06-25,2026-06-25,DELIVERED
SHP-003639-2,ORD-003639-2,SUP-0064,2026-06-27,2026-06-27,DELIVERED
SHP-003639-3,ORD-003639-3,SUP-0064,2026-07-11,2026-07-11,DELIVERED
SHP-003639-4,ORD-003639-4,SUP-0064,2026-07-09,2026-07-09,DELIVERED
SHP-003640-1,ORD-003640-1,SUP-0016,2026-09-27,2026-09-27,IN_TRANSIT
SHP-003640-2,ORD-003640-2,SUP-0016,2026-09-15,2026-09-16,IN_TRANSIT
SHP-003640-3,ORD-003640-3,SUP-0016,2026-08-29,2026-08-30,DELIVERED
SHP-003640-4,ORD-003640-4,SUP-0016,2026-09-10,2026-09-10,IN_TRANSIT
SHP-003641-1,ORD-003641-1,SUP-0014,2026-07-16,2026-07-17,DELIVERED
SHP-003641-2,ORD-003641-2,SUP-0014,2026-08-01,2026-08-01,DELIVERED
SHP-003642-1,ORD-003642-1,SUP-0079,2026-07-25,2026-07-27,DELIVERED
SHP-003643-1,ORD-003643-1,SUP-0088,2026-02-03,2026-02-05,DELIVERED
SHP-003643-2,ORD-003643-2,SUP-0088,2026-01-25,2026-01-25,DELIVERED
SHP-003643-3,ORD-003643-3,SUP-0088,2026-01-18,2026-01-20,DELIVERED
SHP-003644-1,ORD-003644-1,SUP-0067,2026-06-26,2026-06-28,DELIVERED
SHP-003644-2,ORD-003644-2,SUP-0067,2026-07-04,2026-07-06,DELIVERED
SHP-003644-3,ORD-003644-3,SUP-0067,2026-06-28,2026-06-28,DELIVERED
SHP-003644-4,ORD-003644-4,SUP-0067,2026-06-14,2026-06-15,DELIVERED
SHP-003645-1,ORD-003645-1,SUP-0075,2026-06-26,2026-06-28,DELIVERED
SHP-003646-1,ORD-003646-1,SUP-0074,2026-03-20,2026-03-22,DELIVERED
SHP-003646-2,ORD-003646-2,SUP-0074,2026-02-25,2026-02-25,DELIVERED
SHP-003646-3,ORD-003646-3,SUP-0074,2026-03-11,2026-03-12,DELIVERED
SHP-003646-4,ORD-003646-4,SUP-0074,2026-03-14,2026-03-14,DELIVERED
SHP-003647-1,ORD-003647-1,SUP-0073,2026-06-24,2026-06-24,DELIVERED
SHP-003647-2,ORD-003647-2,SUP-0073,2026-06-15,2026-06-15,DELIVERED
SHP-003647-3,ORD-003647-3,SUP-0073,2026-06-24,2026-06-26,DELIVERED
SHP-003648-1,ORD-003648-1,SUP-0101,2026-08-09,2026-08-09,DELIVERED
SHP-003648-2,ORD-003648-2,SUP-0101,2026-07-30,2026-07-30,DELIVERED
SHP-003648-3,ORD-003648-3,SUP-0101,2026-08-14,2026-08-14,DELIVERED
SHP-003649-1,ORD-003649-1,SUP-0040,2026-01-24,2026-01-26,DELIVERED
SHP-003649-2,ORD-003649-2,SUP-0040,2026-01-15,2026-01-15,DELIVERED
SHP-003649-3,ORD-003649-3,SUP-0040,2026-02-10,2026-02-11,DELIVERED
SHP-003649-4,ORD-003649-4,SUP-0040,2026-01-17,2026-01-17,DELIVERED
SHP-003650-1,ORD-003650-1,SUP-0082,2026-01-17,2026-01-17,DELIVERED
SHP-003650-2,ORD-003650-2,SUP-0082,2026-01-29,2026-01-29,DELIVERED
SHP-003651-1,ORD-003651-1,SUP-0119,2026-02-15,2026-02-16,DELIVERED
SHP-003651-2,ORD-003651-2,SUP-0119,2026-02-15,2026-02-15,DELIVERED
SHP-003651-3,ORD-003651-3,SUP-0119,2026-02-04,2026-02-04,DELIVERED
SHP-003652-1,ORD-003652-1,SUP-0031,2026-09-15,2026-09-16,IN_TRANSIT
SHP-003652-2,ORD-003652-2,SUP-0031,2026-09-18,2026-09-18,IN_TRANSIT
SHP-003652-3,ORD-003652-3,SUP-0031,2026-09-08,2026-09-08,IN_TRANSIT
SHP-003652-4,ORD-003652-4,SUP-0031,2026-09-30,2026-09-30,IN_TRANSIT
SHP-003653-1,ORD-003653-1,SUP-0053,2026-03-09,2026-03-09,DELIVERED
SHP-003653-2,ORD-003653-2,SUP-0053,2026-03-25,2026-03-25,DELIVERED
SHP-003653-3,ORD-003653-3,SUP-0053,2026-03-12,2026-03-13,DELIVERED
SHP-003653-4,ORD-003653-4,SUP-0053,2026-03-13,2026-03-14,DELIVERED
SHP-003654-1,ORD-003654-1,SUP-0036,2026-04-26,2026-04-26,DELIVERED
SHP-003654-2,ORD-003654-2,SUP-0036,2026-04-25,2026-04-25,DELIVERED
SHP-003655-1,ORD-003655-1,SUP-0092,2026-07-11,2026-07-13,DELIVERED
SHP-003655-2,ORD-003655-2,SUP-0092,2026-07-09,2026-07-09,DELIVERED
SHP-003656-1,ORD-003656-1,SUP-0018,2026-01-19,2026-01-19,DELIVERED
SHP-003656-2,ORD-003656-2,SUP-0018,2026-01-23,2026-01-23,DELIVERED
SHP-003656-3,ORD-003656-3,SUP-0018,2026-01-28,2026-01-28,DELIVERED
SHP-003656-4,ORD-003656-4,SUP-0018,2026-01-21,2026-01-22,DELIVERED
SHP-003657-1,ORD-003657-1,SUP-0095,2026-03-03,2026-03-03,DELIVERED
SHP-003658-1,ORD-003658-1,SUP-0041,2026-03-08,2026-03-08,DELIVERED
SHP-003658-2,ORD-003658-2,SUP-0041,2026-02-28,2026-02-28,DELIVERED
SHP-003658-3,ORD-003658-3,SUP-0041,2026-03-06,2026-03-07,DELIVERED
SHP-003659-1,ORD-003659-1,SUP-0020,2026-02-01,2026-02-01,DELIVERED
SHP-003659-2,ORD-003659-2,SUP-0020,2026-02-16,2026-02-17,DELIVERED
SHP-003659-3,ORD-003659-3,SUP-0020,2026-02-23,2026-02-23,DELIVERED
SHP-003660-1,ORD-003660-1,SUP-0010,2026-06-30,2026-07-02,DELIVERED
SHP-003660-2,ORD-003660-2,SUP-0010,2026-07-10,2026-07-11,DELIVERED
SHP-003660-3,ORD-003660-3,SUP-0010,2026-06-24,2026-06-24,DELIVERED
SHP-003660-4,ORD-003660-4,SUP-0010,2026-06-26,2026-06-28,DELIVERED
SHP-003661-1,ORD-003661-1,SUP-0086,2026-07-01,2026-07-01,DELIVERED
SHP-003661-2,ORD-003661-2,SUP-0086,2026-07-13,2026-07-15,DELIVERED
SHP-003662-1,ORD-003662-1,SUP-0077,2026-07-17,2026-07-19,DELIVERED
SHP-003663-1,ORD-003663-1,SUP-0016,2026-08-29,2026-08-30,DELIVERED
SHP-003664-1,ORD-003664-1,SUP-0061,2026-03-05,2026-03-05,DELIVERED
SHP-003664-2,ORD-003664-2,SUP-0061,2026-03-01,2026-03-01,DELIVERED
SHP-003664-3,ORD-003664-3,SUP-0061,2026-03-14,2026-03-15,DELIVERED
SHP-003665-1,ORD-003665-1,SUP-0115,2026-02-02,2026-02-04,DELIVERED
SHP-003665-2,ORD-003665-2,SUP-0115,2026-02-07,2026-02-07,DELIVERED
SHP-003665-3,ORD-003665-3,SUP-0115,2026-02-04,2026-02-05,DELIVERED
SHP-003666-1,ORD-003666-1,SUP-0075,2026-03-02,2026-03-02,DELIVERED
SHP-003666-2,ORD-003666-2,SUP-0075,2026-03-11,2026-03-13,DELIVERED
SHP-003667-1,ORD-003667-1,SUP-0010,2026-08-14,2026-08-14,DELIVERED
SHP-003667-2,ORD-003667-2,SUP-0010,2026-08-26,2026-08-26,DELIVERED
SHP-003667-3,ORD-003667-3,SUP-0010,2026-08-25,2026-08-26,DELIVERED
SHP-003667-4,ORD-003667-4,SUP-0010,2026-08-17,2026-08-17,DELIVERED
SHP-003668-1,ORD-003668-1,SUP-0038,2026-05-02,2026-05-03,DELIVERED
SHP-003668-2,ORD-003668-2,SUP-0038,2026-04-14,2026-04-14,DELIVERED
SHP-003668-3,ORD-003668-3,SUP-0038,2026-04-22,2026-04-24,DELIVERED
SHP-003669-1,ORD-003669-1,SUP-0021,2026-03-12,2026-03-12,DELIVERED
SHP-003670-1,ORD-003670-1,SUP-0106,2026-02-20,2026-02-20,DELIVERED
SHP-003670-2,ORD-003670-2,SUP-0106,2026-01-26,2026-01-26,DELIVERED
SHP-003670-3,ORD-003670-3,SUP-0106,2026-02-13,2026-02-15,DELIVERED
SHP-003670-4,ORD-003670-4,SUP-0106,2026-02-18,2026-02-18,DELIVERED
SHP-003671-1,ORD-003671-1,SUP-0098,2026-03-23,2026-03-25,DELIVERED
SHP-003671-2,ORD-003671-2,SUP-0098,2026-03-30,2026-03-30,DELIVERED
SHP-003671-3,ORD-003671-3,SUP-0098,2026-04-02,2026-04-02,DELIVERED
SHP-003671-4,ORD-003671-4,SUP-0098,2026-03-27,2026-03-27,DELIVERED
SHP-003672-1,ORD-003672-1,SUP-0056,2026-06-06,2026-06-06,DELIVERED
SHP-003672-2,ORD-003672-2,SUP-0056,2026-06-22,2026-06-22,DELIVERED
SHP-003672-3,ORD-003672-3,SUP-0056,2026-06-15,2026-06-15,DELIVERED
SHP-003673-1,ORD-003673-1,SUP-0086,2026-05-03,2026-05-05,DELIVERED
SHP-003673-2,ORD-003673-2,SUP-0086,2026-04-23,2026-04-24,DELIVERED
SHP-003673-3,ORD-003673-3,SUP-0086,2026-04-24,2026-04-26,DELIVERED
SHP-003673-4,ORD-003673-4,SUP-0086,2026-05-01,2026-05-02,DELIVERED
SHP-003674-1,ORD-003674-1,SUP-0094,2026-09-14,2026-09-15,IN_TRANSIT
SHP-003675-1,ORD-003675-1,SUP-0108,2026-08-26,2026-08-27,DELIVERED
SHP-003676-1,ORD-003676-1,SUP-0041,2026-03-03,2026-03-04,DELIVERED
SHP-003676-2,ORD-003676-2,SUP-0041,2026-03-16,2026-03-16,DELIVERED
SHP-003676-3,ORD-003676-3,SUP-0041,2026-03-29,2026-03-30,DELIVERED
SHP-003677-1,ORD-003677-1,SUP-0026,2026-04-17,2026-04-17,DELIVERED
SHP-003677-2,ORD-003677-2,SUP-0026,2026-05-01,2026-05-01,DELIVERED
SHP-003677-3,ORD-003677-3,SUP-0026,2026-04-22,2026-04-23,DELIVERED
SHP-003677-4,ORD-003677-4,SUP-0026,2026-04-30,2026-05-02,DELIVERED
SHP-003678-1,ORD-003678-1,SUP-0037,2026-03-20,2026-03-22,DELIVERED
SHP-003678-2,ORD-003678-2,SUP-0037,2026-03-10,2026-03-12,DELIVERED
SHP-003678-3,ORD-003678-3,SUP-0037,2026-03-09,2026-03-09,DELIVERED
SHP-003678-4,ORD-003678-4,SUP-0037,2026-03-21,2026-03-23,DELIVERED
SHP-003679-1,ORD-003679-1,SUP-0116,2026-08-07,2026-08-07,DELIVERED
SHP-003680-1,ORD-003680-1,SUP-0106,2026-08-26,2026-08-26,DELIVERED
SHP-003681-1,ORD-003681-1,SUP-0114,2026-08-28,2026-08-28,DELIVERED
SHP-003681-2,ORD-003681-2,SUP-0114,2026-08-16,2026-08-16,DELIVERED
SHP-003681-3,ORD-003681-3,SUP-0114,2026-08-16,2026-08-16,DELIVERED
SHP-003681-4,ORD-003681-4,SUP-0114,2026-08-18,2026-08-18,DELIVERED
SHP-003682-1,ORD-003682-1,SUP-0025,2026-06-20,2026-06-22,DELIVERED
SHP-003682-2,ORD-003682-2,SUP-0025,2026-06-27,2026-06-28,DELIVERED
SHP-003683-1,ORD-003683-1,SUP-0016,2026-05-15,2026-05-17,DELIVERED
SHP-003683-2,ORD-003683-2,SUP-0016,2026-05-08,2026-05-08,DELIVERED
SHP-003683-3,ORD-003683-3,SUP-0016,2026-05-02,2026-05-03,DELIVERED
SHP-003683-4,ORD-003683-4,SUP-0016,2026-05-07,2026-05-07,DELIVERED
SHP-003684-1,ORD-003684-1,SUP-0056,2026-04-16,2026-04-16,DELIVERED
SHP-003684-2,ORD-003684-2,SUP-0056,2026-04-23,2026-04-25,DELIVERED
SHP-003685-1,ORD-003685-1,SUP-0024,2026-03-13,2026-03-14,DELIVERED
SHP-003686-1,ORD-003686-1,SUP-0040,2026-04-11,2026-04-11,DELIVERED
SHP-003687-1,ORD-003687-1,SUP-0001,2026-07-23,2026-07-24,DELIVERED
SHP-003687-2,ORD-003687-2,SUP-0001,2026-08-10,2026-08-12,DELIVERED
SHP-003688-1,ORD-003688-1,SUP-0016,2026-06-23,2026-06-23,DELIVERED
SHP-003689-1,ORD-003689-1,SUP-0006,2026-05-12,2026-05-14,DELIVERED
SHP-003689-2,ORD-003689-2,SUP-0006,2026-05-08,2026-05-09,DELIVERED
SHP-003690-1,ORD-003690-1,SUP-0046,2026-08-27,2026-08-28,DELIVERED
SHP-003690-2,ORD-003690-2,SUP-0046,2026-08-12,2026-08-12,DELIVERED
SHP-003691-1,ORD-003691-1,SUP-0110,2026-07-28,2026-07-28,DELIVERED
SHP-003691-2,ORD-003691-2,SUP-0110,2026-07-24,2026-07-24,DELIVERED
SHP-003691-3,ORD-003691-3,SUP-0110,2026-08-09,2026-08-10,DELIVERED
SHP-003691-4,ORD-003691-4,SUP-0110,2026-07-30,2026-07-30,DELIVERED
SHP-003692-1,ORD-003692-1,SUP-0119,2026-04-14,2026-04-14,DELIVERED
SHP-003692-2,ORD-003692-2,SUP-0119,2026-04-08,2026-04-08,DELIVERED
SHP-003692-3,ORD-003692-3,SUP-0119,2026-04-04,2026-04-06,DELIVERED
SHP-003692-4,ORD-003692-4,SUP-0119,2026-04-23,2026-04-25,DELIVERED
SHP-003693-1,ORD-003693-1,SUP-0062,2026-02-15,2026-02-15,DELIVERED
SHP-003693-2,ORD-003693-2,SUP-0062,2026-02-18,2026-02-19,DELIVERED
SHP-003694-1,ORD-003694-1,SUP-0087,2026-09-14,2026-09-14,IN_TRANSIT
SHP-003695-1,ORD-003695-1,SUP-0120,2026-02-23,2026-02-24,DELIVERED
SHP-003695-2,ORD-003695-2,SUP-0120,2026-02-01,2026-02-01,DELIVERED
SHP-003695-3,ORD-003695-3,SUP-0120,2026-01-29,2026-01-31,DELIVERED
SHP-003696-1,ORD-003696-1,SUP-0047,2026-08-08,2026-08-09,DELIVERED
SHP-003696-2,ORD-003696-2,SUP-0047,2026-08-03,2026-08-03,DELIVERED
SHP-003697-1,ORD-003697-1,SUP-0036,2026-02-21,2026-02-21,DELIVERED
SHP-003698-1,ORD-003698-1,SUP-0087,2026-08-09,2026-08-09,DELIVERED
SHP-003698-2,ORD-003698-2,SUP-0087,2026-08-28,2026-08-29,DELIVERED
SHP-003699-1,ORD-003699-1,SUP-0056,2026-08-31,2026-09-01,DELIVERED
SHP-003699-2,ORD-003699-2,SUP-0056,2026-09-05,2026-09-05,IN_TRANSIT
SHP-003700-1,ORD-003700-1,SUP-0071,2026-07-30,2026-07-30,DELIVERED
SHP-003700-2,ORD-003700-2,SUP-0071,2026-07-24,2026-07-24,DELIVERED
SHP-003700-3,ORD-003700-3,SUP-0071,2026-08-03,2026-08-03,DELIVERED
SHP-003701-1,ORD-003701-1,SUP-0066,2026-01-23,2026-01-25,DELIVERED
SHP-003701-2,ORD-003701-2,SUP-0066,2026-02-08,2026-02-08,DELIVERED
SHP-003701-3,ORD-003701-3,SUP-0066,2026-02-05,2026-02-05,DELIVERED
SHP-003701-4,ORD-003701-4,SUP-0066,2026-02-17,2026-02-17,DELIVERED
SHP-003702-1,ORD-003702-1,SUP-0060,2026-08-11,2026-08-11,DELIVERED
SHP-003702-2,ORD-003702-2,SUP-0060,2026-08-14,2026-08-16,DELIVERED
SHP-003702-3,ORD-003702-3,SUP-0060,2026-08-11,2026-08-12,DELIVERED
SHP-003703-1,ORD-003703-1,SUP-0096,2026-09-11,2026-09-11,IN_TRANSIT
SHP-003703-2,ORD-003703-2,SUP-0096,2026-09-08,2026-09-09,IN_TRANSIT
SHP-003703-3,ORD-003703-3,SUP-0096,2026-08-31,2026-09-01,DELIVERED
SHP-003703-4,ORD-003703-4,SUP-0096,2026-09-17,2026-09-17,IN_TRANSIT
SHP-003704-1,ORD-003704-1,SUP-0011,2026-08-14,2026-08-14,DELIVERED
SHP-003705-1,ORD-003705-1,SUP-0107,2026-01-22,2026-01-24,DELIVERED
SHP-003705-2,ORD-003705-2,SUP-0107,2026-01-23,2026-01-23,DELIVERED
SHP-003705-3,ORD-003705-3,SUP-0107,2026-02-10,2026-02-10,DELIVERED
SHP-003706-1,ORD-003706-1,SUP-0030,2026-06-07,2026-06-09,DELIVERED
SHP-003706-2,ORD-003706-2,SUP-0030,2026-06-04,2026-06-05,DELIVERED
SHP-003707-1,ORD-003707-1,SUP-0120,2026-02-12,2026-02-13,DELIVERED
SHP-003707-2,ORD-003707-2,SUP-0120,2026-02-03,2026-02-03,DELIVERED
SHP-003707-3,ORD-003707-3,SUP-0120,2026-02-11,2026-02-11,DELIVERED
SHP-003708-1,ORD-003708-1,SUP-0092,2026-09-08,2026-09-08,IN_TRANSIT
SHP-003708-2,ORD-003708-2,SUP-0092,2026-09-14,2026-09-14,IN_TRANSIT
SHP-003708-3,ORD-003708-3,SUP-0092,2026-08-27,2026-08-28,DELIVERED
SHP-003708-4,ORD-003708-4,SUP-0092,2026-09-16,2026-09-16,IN_TRANSIT
SHP-003709-1,ORD-003709-1,SUP-0104,2026-08-09,2026-08-09,DELIVERED
SHP-003709-2,ORD-003709-2,SUP-0104,2026-08-21,2026-08-23,DELIVERED
SHP-003709-3,ORD-003709-3,SUP-0104,2026-08-11,2026-08-11,DELIVERED
SHP-003710-1,ORD-003710-1,SUP-0068,2026-07-06,2026-07-06,DELIVERED
SHP-003711-1,ORD-003711-1,SUP-0032,2026-05-01,2026-05-02,DELIVERED
SHP-003711-2,ORD-003711-2,SUP-0032,2026-04-22,2026-04-23,DELIVERED
SHP-003711-3,ORD-003711-3,SUP-0032,2026-04-18,2026-04-20,DELIVERED
SHP-003712-1,ORD-003712-1,SUP-0098,2026-07-30,2026-07-31,DELIVERED
SHP-003712-2,ORD-003712-2,SUP-0098,2026-07-25,2026-07-25,DELIVERED
SHP-003713-1,ORD-003713-1,SUP-0102,2026-02-25,2026-02-25,DELIVERED
SHP-003713-2,ORD-003713-2,SUP-0102,2026-03-14,2026-03-14,DELIVERED
SHP-003713-3,ORD-003713-3,SUP-0102,2026-03-15,2026-03-17,DELIVERED
SHP-003714-1,ORD-003714-1,SUP-0003,2026-02-08,2026-02-08,DELIVERED
SHP-003714-2,ORD-003714-2,SUP-0003,2026-02-14,2026-02-15,DELIVERED
SHP-003714-3,ORD-003714-3,SUP-0003,2026-02-05,2026-02-05,DELIVERED
SHP-003715-1,ORD-003715-1,SUP-0101,2026-03-15,2026-03-15,DELIVERED
SHP-003715-2,ORD-003715-2,SUP-0101,2026-03-05,2026-03-05,DELIVERED
SHP-003715-3,ORD-003715-3,SUP-0101,2026-03-14,2026-03-14,DELIVERED
SHP-003716-1,ORD-003716-1,SUP-0025,2026-06-18,2026-06-20,DELIVERED
SHP-003716-2,ORD-003716-2,SUP-0025,2026-06-04,2026-06-04,DELIVERED
SHP-003717-1,ORD-003717-1,SUP-0009,2026-07-27,2026-07-28,DELIVERED
SHP-003717-2,ORD-003717-2,SUP-0009,2026-08-06,2026-08-06,DELIVERED
SHP-003718-1,ORD-003718-1,SUP-0054,2026-06-06,2026-06-06,DELIVERED
SHP-003718-2,ORD-003718-2,SUP-0054,2026-06-17,2026-06-19,DELIVERED
SHP-003718-3,ORD-003718-3,SUP-0054,2026-06-20,2026-06-20,DELIVERED
SHP-003718-4,ORD-003718-4,SUP-0054,2026-06-17,2026-06-17,DELIVERED
SHP-003719-1,ORD-003719-1,SUP-0119,2026-04-25,2026-04-26,DELIVERED
SHP-003719-2,ORD-003719-2,SUP-0119,2026-05-12,2026-05-12,DELIVERED
SHP-003719-3,ORD-003719-3,SUP-0119,2026-04-27,2026-04-28,DELIVERED
SHP-003720-1,ORD-003720-1,SUP-0067,2026-03-13,2026-03-15,DELIVERED
SHP-003720-2,ORD-003720-2,SUP-0067,2026-03-07,2026-03-09,DELIVERED
SHP-003721-1,ORD-003721-1,SUP-0063,2026-02-19,2026-02-20,DELIVERED
SHP-003722-1,ORD-003722-1,SUP-0081,2026-05-23,2026-05-23,DELIVERED
SHP-003722-2,ORD-003722-2,SUP-0081,2026-05-21,2026-05-21,DELIVERED
SHP-003723-1,ORD-003723-1,SUP-0114,2026-08-17,2026-08-19,DELIVERED
SHP-003723-2,ORD-003723-2,SUP-0114,2026-08-23,2026-08-23,DELIVERED
SHP-003723-3,ORD-003723-3,SUP-0114,2026-08-22,2026-08-22,DELIVERED
SHP-003724-1,ORD-003724-1,SUP-0046,2026-03-20,2026-03-21,DELIVERED
SHP-003724-2,ORD-003724-2,SUP-0046,2026-03-28,2026-03-28,DELIVERED
SHP-003724-3,ORD-003724-3,SUP-0046,2026-03-21,2026-03-22,DELIVERED
SHP-003725-1,ORD-003725-1,SUP-0053,2026-08-26,2026-08-28,DELIVERED
SHP-003725-2,ORD-003725-2,SUP-0053,2026-08-17,2026-08-19,DELIVERED
SHP-003725-3,ORD-003725-3,SUP-0053,2026-08-06,2026-08-06,DELIVERED
SHP-003726-1,ORD-003726-1,SUP-0010,2026-03-12,2026-03-14,DELIVERED
SHP-003726-2,ORD-003726-2,SUP-0010,2026-03-06,2026-03-06,DELIVERED
SHP-003726-3,ORD-003726-3,SUP-0010,2026-03-09,2026-03-09,DELIVERED
SHP-003727-1,ORD-003727-1,SUP-0059,2026-05-02,2026-05-02,DELIVERED
SHP-003727-2,ORD-003727-2,SUP-0059,2026-05-07,2026-05-08,DELIVERED
SHP-003727-3,ORD-003727-3,SUP-0059,2026-05-01,2026-05-01,DELIVERED
SHP-003728-1,ORD-003728-1,SUP-0120,2026-02-15,2026-02-16,DELIVERED
SHP-003728-2,ORD-003728-2,SUP-0120,2026-02-09,2026-02-09,DELIVERED
SHP-003728-3,ORD-003728-3,SUP-0120,2026-01-26,2026-01-26,DELIVERED
SHP-003729-1,ORD-003729-1,SUP-0082,2026-06-20,2026-06-20,DELIVERED
SHP-003730-1,ORD-003730-1,SUP-0007,2026-07-15,2026-07-16,DELIVERED
SHP-003730-2,ORD-003730-2,SUP-0007,2026-07-21,2026-07-21,DELIVERED
SHP-003730-3,ORD-003730-3,SUP-0007,2026-07-04,2026-07-04,DELIVERED
SHP-003730-4,ORD-003730-4,SUP-0007,2026-07-13,2026-07-13,DELIVERED
SHP-003731-1,ORD-003731-1,SUP-0011,2026-04-06,2026-04-06,DELIVERED
SHP-003731-2,ORD-003731-2,SUP-0011,2026-04-02,2026-04-02,DELIVERED
SHP-003731-3,ORD-003731-3,SUP-0011,2026-03-17,2026-03-17,DELIVERED
SHP-003732-1,ORD-003732-1,SUP-0079,2026-04-09,2026-04-11,DELIVERED
SHP-003733-1,ORD-003733-1,SUP-0029,2026-06-01,2026-06-01,DELIVERED
SHP-003733-2,ORD-003733-2,SUP-0029,2026-06-16,2026-06-16,DELIVERED
SHP-003733-3,ORD-003733-3,SUP-0029,2026-06-25,2026-06-25,DELIVERED
SHP-003734-1,ORD-003734-1,SUP-0035,2026-06-29,2026-06-29,DELIVERED
SHP-003734-2,ORD-003734-2,SUP-0035,2026-06-11,2026-06-11,DELIVERED
SHP-003734-3,ORD-003734-3,SUP-0035,2026-06-15,2026-06-17,DELIVERED
SHP-003734-4,ORD-003734-4,SUP-0035,2026-06-29,2026-06-29,DELIVERED
SHP-003735-1,ORD-003735-1,SUP-0046,2026-06-03,2026-06-03,DELIVERED
SHP-003735-2,ORD-003735-2,SUP-0046,2026-05-19,2026-05-21,DELIVERED
SHP-003736-1,ORD-003736-1,SUP-0039,2026-04-04,2026-04-04,DELIVERED
SHP-003736-2,ORD-003736-2,SUP-0039,2026-04-05,2026-04-05,DELIVERED
SHP-003737-1,ORD-003737-1,SUP-0037,2026-07-08,2026-07-08,DELIVERED
SHP-003737-2,ORD-003737-2,SUP-0037,2026-07-17,2026-07-17,DELIVERED
SHP-003738-1,ORD-003738-1,SUP-0065,2026-05-20,2026-05-22,DELIVERED
SHP-003738-2,ORD-003738-2,SUP-0065,2026-05-22,2026-05-24,DELIVERED
SHP-003738-3,ORD-003738-3,SUP-0065,2026-05-26,2026-05-26,DELIVERED
SHP-003739-1,ORD-003739-1,SUP-0014,2026-03-24,2026-03-24,DELIVERED
SHP-003739-2,ORD-003739-2,SUP-0014,2026-03-24,2026-03-24,DELIVERED
SHP-003739-3,ORD-003739-3,SUP-0014,2026-03-27,2026-03-27,DELIVERED
SHP-003740-1,ORD-003740-1,SUP-0095,2026-05-04,2026-05-04,DELIVERED
SHP-003740-2,ORD-003740-2,SUP-0095,2026-04-27,2026-04-27,DELIVERED
SHP-003740-3,ORD-003740-3,SUP-0095,2026-04-16,2026-04-18,DELIVERED
SHP-003740-4,ORD-003740-4,SUP-0095,2026-04-23,2026-04-23,DELIVERED
SHP-003741-1,ORD-003741-1,SUP-0001,2026-08-31,2026-08-31,DELIVERED
SHP-003741-2,ORD-003741-2,SUP-0001,2026-09-02,2026-09-04,IN_TRANSIT
SHP-003741-3,ORD-003741-3,SUP-0001,2026-09-19,2026-09-19,IN_TRANSIT
SHP-003741-4,ORD-003741-4,SUP-0001,2026-09-02,2026-09-04,IN_TRANSIT
SHP-003742-1,ORD-003742-1,SUP-0031,2026-04-21,2026-04-22,DELIVERED
SHP-003742-2,ORD-003742-2,SUP-0031,2026-04-14,2026-04-14,DELIVERED
SHP-003742-3,ORD-003742-3,SUP-0031,2026-04-12,2026-04-12,DELIVERED
SHP-003742-4,ORD-003742-4,SUP-0031,2026-04-19,2026-04-19,DELIVERED
SHP-003743-1,ORD-003743-1,SUP-0039,2026-03-10,2026-03-12,DELIVERED
SHP-003744-1,ORD-003744-1,SUP-0006,2026-05-10,2026-05-11,DELIVERED
SHP-003744-2,ORD-003744-2,SUP-0006,2026-05-02,2026-05-04,DELIVERED
SHP-003745-1,ORD-003745-1,SUP-0016,2026-05-14,2026-05-16,DELIVERED
SHP-003745-2,ORD-003745-2,SUP-0016,2026-04-24,2026-04-24,DELIVERED
SHP-003745-3,ORD-003745-3,SUP-0016,2026-04-24,2026-04-24,DELIVERED
SHP-003746-1,ORD-003746-1,SUP-0011,2026-02-24,2026-02-24,DELIVERED
SHP-003747-1,ORD-003747-1,SUP-0028,2026-06-03,2026-06-05,DELIVERED
SHP-003748-1,ORD-003748-1,SUP-0013,2026-06-20,2026-06-22,DELIVERED
SHP-003749-1,ORD-003749-1,SUP-0039,2026-08-28,2026-08-28,DELIVERED
SHP-003749-2,ORD-003749-2,SUP-0039,2026-08-24,2026-08-24,DELIVERED
SHP-003749-3,ORD-003749-3,SUP-0039,2026-08-18,2026-08-18,DELIVERED
SHP-003749-4,ORD-003749-4,SUP-0039,2026-08-30,2026-08-30,DELIVERED
SHP-003750-1,ORD-003750-1,SUP-0036,2026-07-05,2026-07-05,DELIVERED
SHP-003750-2,ORD-003750-2,SUP-0036,2026-07-10,2026-07-10,DELIVERED
SHP-003750-3,ORD-003750-3,SUP-0036,2026-07-01,2026-07-01,DELIVERED
SHP-003750-4,ORD-003750-4,SUP-0036,2026-07-05,2026-07-07,DELIVERED
SHP-003751-1,ORD-003751-1,SUP-0053,2026-08-20,2026-08-20,DELIVERED
SHP-003751-2,ORD-003751-2,SUP-0053,2026-09-16,2026-09-18,IN_TRANSIT
SHP-003752-1,ORD-003752-1,SUP-0116,2026-02-22,2026-02-22,DELIVERED
SHP-003752-2,ORD-003752-2,SUP-0116,2026-02-08,2026-02-08,DELIVERED
SHP-003753-1,ORD-003753-1,SUP-0081,2026-08-20,2026-08-21,DELIVERED
SHP-003753-2,ORD-003753-2,SUP-0081,2026-08-16,2026-08-17,DELIVERED
SHP-003753-3,ORD-003753-3,SUP-0081,2026-08-22,2026-08-22,DELIVERED
SHP-003753-4,ORD-003753-4,SUP-0081,2026-08-09,2026-08-09,DELIVERED
SHP-003754-1,ORD-003754-1,SUP-0081,2026-07-09,2026-07-09,DELIVERED
SHP-003755-1,ORD-003755-1,SUP-0109,2026-04-30,2026-05-01,DELIVERED
SHP-003755-2,ORD-003755-2,SUP-0109,2026-05-09,2026-05-09,DELIVERED
SHP-003756-1,ORD-003756-1,SUP-0057,2026-04-20,2026-04-20,DELIVERED
SHP-003756-2,ORD-003756-2,SUP-0057,2026-04-13,2026-04-13,DELIVERED
SHP-003757-1,ORD-003757-1,SUP-0119,2026-03-06,2026-03-06,DELIVERED
SHP-003758-1,ORD-003758-1,SUP-0050,2026-09-07,2026-09-07,IN_TRANSIT
SHP-003758-2,ORD-003758-2,SUP-0050,2026-08-31,2026-09-02,IN_TRANSIT
SHP-003758-3,ORD-003758-3,SUP-0050,2026-09-09,2026-09-09,IN_TRANSIT
SHP-003758-4,ORD-003758-4,SUP-0050,2026-08-30,2026-09-01,DELIVERED
SHP-003759-1,ORD-003759-1,SUP-0033,2026-07-16,2026-07-17,DELIVERED
SHP-003759-2,ORD-003759-2,SUP-0033,2026-07-16,2026-07-17,DELIVERED
SHP-003759-3,ORD-003759-3,SUP-0033,2026-07-24,2026-07-26,DELIVERED
SHP-003759-4,ORD-003759-4,SUP-0033,2026-07-17,2026-07-17,DELIVERED
SHP-003760-1,ORD-003760-1,SUP-0089,2026-05-07,2026-05-09,DELIVERED
SHP-003761-1,ORD-003761-1,SUP-0060,2026-09-04,2026-09-06,IN_TRANSIT
SHP-003762-1,ORD-003762-1,SUP-0021,2026-09-06,2026-09-07,IN_TRANSIT
SHP-003762-2,ORD-003762-2,SUP-0021,2026-08-30,2026-08-30,DELIVERED
SHP-003763-1,ORD-003763-1,SUP-0106,2026-09-12,2026-09-13,IN_TRANSIT
SHP-003763-2,ORD-003763-2,SUP-0106,2026-08-29,2026-08-29,DELIVERED
SHP-003763-3,ORD-003763-3,SUP-0106,2026-08-25,2026-08-25,DELIVERED
SHP-003763-4,ORD-003763-4,SUP-0106,2026-09-09,2026-09-09,IN_TRANSIT
SHP-003764-1,ORD-003764-1,SUP-0070,2026-02-22,2026-02-22,DELIVERED
SHP-003764-2,ORD-003764-2,SUP-0070,2026-03-02,2026-03-04,DELIVERED
SHP-003764-3,ORD-003764-3,SUP-0070,2026-03-05,2026-03-05,DELIVERED
SHP-003764-4,ORD-003764-4,SUP-0070,2026-03-13,2026-03-13,DELIVERED
SHP-003765-1,ORD-003765-1,SUP-0027,2026-05-17,2026-05-18,DELIVERED
SHP-003766-1,ORD-003766-1,SUP-0007,2026-03-05,2026-03-06,DELIVERED
SHP-003766-2,ORD-003766-2,SUP-0007,2026-03-24,2026-03-24,DELIVERED
SHP-003766-3,ORD-003766-3,SUP-0007,2026-03-27,2026-03-27,DELIVERED
SHP-003767-1,ORD-003767-1,SUP-0057,2026-08-11,2026-08-12,DELIVERED
SHP-003768-1,ORD-003768-1,SUP-0051,2026-05-18,2026-05-18,DELIVERED
SHP-003769-1,ORD-003769-1,SUP-0102,2026-03-01,2026-03-01,DELIVERED
SHP-003769-2,ORD-003769-2,SUP-0102,2026-02-24,2026-02-25,DELIVERED
SHP-003769-3,ORD-003769-3,SUP-0102,2026-03-07,2026-03-07,DELIVERED
SHP-003770-1,ORD-003770-1,SUP-0043,2026-02-11,2026-02-13,DELIVERED
SHP-003771-1,ORD-003771-1,SUP-0085,2026-08-20,2026-08-20,DELIVERED
SHP-003772-1,ORD-003772-1,SUP-0086,2026-08-11,2026-08-13,DELIVERED
SHP-003772-2,ORD-003772-2,SUP-0086,2026-08-24,2026-08-26,DELIVERED
SHP-003772-3,ORD-003772-3,SUP-0086,2026-07-27,2026-07-29,DELIVERED
SHP-003772-4,ORD-003772-4,SUP-0086,2026-08-13,2026-08-15,DELIVERED
SHP-003773-1,ORD-003773-1,SUP-0095,2026-04-22,2026-04-22,DELIVERED
SHP-003774-1,ORD-003774-1,SUP-0056,2026-02-19,2026-02-20,DELIVERED
SHP-003774-2,ORD-003774-2,SUP-0056,2026-02-03,2026-02-05,DELIVERED
SHP-003774-3,ORD-003774-3,SUP-0056,2026-02-05,2026-02-06,DELIVERED
SHP-003774-4,ORD-003774-4,SUP-0056,2026-01-31,2026-01-31,DELIVERED
SHP-003775-1,ORD-003775-1,SUP-0118,2026-09-12,2026-09-14,IN_TRANSIT
SHP-003776-1,ORD-003776-1,SUP-0071,2026-02-01,2026-02-03,DELIVERED
SHP-003776-2,ORD-003776-2,SUP-0071,2026-02-21,2026-02-22,DELIVERED
SHP-003776-3,ORD-003776-3,SUP-0071,2026-02-17,2026-02-17,DELIVERED
SHP-003776-4,ORD-003776-4,SUP-0071,2026-02-03,2026-02-03,DELIVERED
SHP-003777-1,ORD-003777-1,SUP-0025,2026-08-12,2026-08-14,DELIVERED
SHP-003777-2,ORD-003777-2,SUP-0025,2026-08-25,2026-08-25,DELIVERED
SHP-003778-1,ORD-003778-1,SUP-0060,2026-03-18,2026-03-20,DELIVERED
SHP-003778-2,ORD-003778-2,SUP-0060,2026-03-29,2026-03-29,DELIVERED
SHP-003778-3,ORD-003778-3,SUP-0060,2026-03-12,2026-03-12,DELIVERED
SHP-003778-4,ORD-003778-4,SUP-0060,2026-04-01,2026-04-01,DELIVERED
SHP-003779-1,ORD-003779-1,SUP-0006,2026-05-31,2026-06-02,DELIVERED
SHP-003779-2,ORD-003779-2,SUP-0006,2026-06-04,2026-06-06,DELIVERED
SHP-003779-3,ORD-003779-3,SUP-0006,2026-06-14,2026-06-14,DELIVERED
SHP-003779-4,ORD-003779-4,SUP-0006,2026-06-02,2026-06-02,DELIVERED
SHP-003780-1,ORD-003780-1,SUP-0110,2026-07-28,2026-07-28,DELIVERED
SHP-003780-2,ORD-003780-2,SUP-0110,2026-07-26,2026-07-26,DELIVERED
SHP-003781-1,ORD-003781-1,SUP-0036,2026-04-21,2026-04-21,DELIVERED
SHP-003781-2,ORD-003781-2,SUP-0036,2026-05-10,2026-05-10,DELIVERED
SHP-003782-1,ORD-003782-1,SUP-0065,2026-01-18,2026-01-18,DELIVERED
SHP-003782-2,ORD-003782-2,SUP-0065,2026-01-22,2026-01-24,DELIVERED
SHP-003782-3,ORD-003782-3,SUP-0065,2026-02-05,2026-02-07,DELIVERED
SHP-003783-1,ORD-003783-1,SUP-0098,2026-08-31,2026-08-31,DELIVERED
SHP-003783-2,ORD-003783-2,SUP-0098,2026-09-01,2026-09-01,DELIVERED
SHP-003783-3,ORD-003783-3,SUP-0098,2026-09-23,2026-09-24,IN_TRANSIT
SHP-003783-4,ORD-003783-4,SUP-0098,2026-09-23,2026-09-24,IN_TRANSIT
SHP-003784-1,ORD-003784-1,SUP-0061,2026-09-04,2026-09-04,IN_TRANSIT
SHP-003784-2,ORD-003784-2,SUP-0061,2026-09-05,2026-09-07,IN_TRANSIT
SHP-003784-3,ORD-003784-3,SUP-0061,2026-08-19,2026-08-19,DELIVERED
SHP-003785-1,ORD-003785-1,SUP-0052,2026-07-24,2026-07-24,DELIVERED
SHP-003786-1,ORD-003786-1,SUP-0019,2026-01-16,2026-01-16,DELIVERED
SHP-003786-2,ORD-003786-2,SUP-0019,2026-02-01,2026-02-01,DELIVERED
SHP-003787-1,ORD-003787-1,SUP-0039,2026-08-30,2026-08-31,DELIVERED
SHP-003787-2,ORD-003787-2,SUP-0039,2026-09-17,2026-09-18,IN_TRANSIT
SHP-003787-3,ORD-003787-3,SUP-0039,2026-09-01,2026-09-03,IN_TRANSIT
SHP-003788-1,ORD-003788-1,SUP-0064,2026-06-13,2026-06-13,DELIVERED
SHP-003788-2,ORD-003788-2,SUP-0064,2026-06-05,2026-06-06,DELIVERED
SHP-003788-3,ORD-003788-3,SUP-0064,2026-05-21,2026-05-21,DELIVERED
SHP-003788-4,ORD-003788-4,SUP-0064,2026-05-25,2026-05-26,DELIVERED
SHP-003789-1,ORD-003789-1,SUP-0038,2026-04-27,2026-04-27,DELIVERED
SHP-003790-1,ORD-003790-1,SUP-0045,2026-02-17,2026-02-17,DELIVERED
SHP-003791-1,ORD-003791-1,SUP-0013,2026-02-03,2026-02-03,DELIVERED
SHP-003792-1,ORD-003792-1,SUP-0012,2026-06-08,2026-06-08,DELIVERED
SHP-003793-1,ORD-003793-1,SUP-0101,2026-02-16,2026-02-16,DELIVERED
SHP-003793-2,ORD-003793-2,SUP-0101,2026-02-11,2026-02-13,DELIVERED
SHP-003793-3,ORD-003793-3,SUP-0101,2026-02-18,2026-02-19,DELIVERED
SHP-003794-1,ORD-003794-1,SUP-0096,2026-08-05,2026-08-05,DELIVERED
SHP-003794-2,ORD-003794-2,SUP-0096,2026-07-22,2026-07-22,DELIVERED
SHP-003794-3,ORD-003794-3,SUP-0096,2026-07-16,2026-07-16,DELIVERED
SHP-003795-1,ORD-003795-1,SUP-0027,2026-04-12,2026-04-13,DELIVERED
SHP-003795-2,ORD-003795-2,SUP-0027,2026-04-13,2026-04-13,DELIVERED
SHP-003795-3,ORD-003795-3,SUP-0027,2026-03-28,2026-03-28,DELIVERED
SHP-003795-4,ORD-003795-4,SUP-0027,2026-03-23,2026-03-23,DELIVERED
SHP-003796-1,ORD-003796-1,SUP-0056,2026-08-29,2026-08-29,DELIVERED
SHP-003797-1,ORD-003797-1,SUP-0109,2026-02-24,2026-02-25,DELIVERED
SHP-003797-2,ORD-003797-2,SUP-0109,2026-03-07,2026-03-07,DELIVERED
SHP-003797-3,ORD-003797-3,SUP-0109,2026-02-26,2026-02-27,DELIVERED
SHP-003798-1,ORD-003798-1,SUP-0093,2026-01-30,2026-01-30,DELIVERED
SHP-003798-2,ORD-003798-2,SUP-0093,2026-02-12,2026-02-12,DELIVERED
SHP-003798-3,ORD-003798-3,SUP-0093,2026-02-14,2026-02-15,DELIVERED
SHP-003799-1,ORD-003799-1,SUP-0011,2026-08-29,2026-08-29,DELIVERED
SHP-003799-2,ORD-003799-2,SUP-0011,2026-09-09,2026-09-10,IN_TRANSIT
SHP-003799-3,ORD-003799-3,SUP-0011,2026-08-27,2026-08-28,DELIVERED
SHP-003799-4,ORD-003799-4,SUP-0011,2026-08-30,2026-08-31,DELIVERED
SHP-003800-1,ORD-003800-1,SUP-0051,2026-08-23,2026-08-23,DELIVERED
SHP-003800-2,ORD-003800-2,SUP-0051,2026-08-10,2026-08-10,DELIVERED
SHP-003801-1,ORD-003801-1,SUP-0021,2026-05-22,2026-05-22,DELIVERED
SHP-003801-2,ORD-003801-2,SUP-0021,2026-05-15,2026-05-16,DELIVERED
SHP-003801-3,ORD-003801-3,SUP-0021,2026-05-06,2026-05-08,DELIVERED
SHP-003802-1,ORD-003802-1,SUP-0066,2026-04-09,2026-04-10,DELIVERED
SHP-003803-1,ORD-003803-1,SUP-0047,2026-08-07,2026-08-08,DELIVERED
SHP-003803-2,ORD-003803-2,SUP-0047,2026-08-16,2026-08-17,DELIVERED
SHP-003803-3,ORD-003803-3,SUP-0047,2026-08-10,2026-08-11,DELIVERED
SHP-003804-1,ORD-003804-1,SUP-0069,2026-08-16,2026-08-16,DELIVERED
SHP-003805-1,ORD-003805-1,SUP-0008,2026-04-04,2026-04-04,DELIVERED
SHP-003806-1,ORD-003806-1,SUP-0093,2026-03-13,2026-03-13,DELIVERED
SHP-003807-1,ORD-003807-1,SUP-0025,2026-03-10,2026-03-10,DELIVERED
SHP-003807-2,ORD-003807-2,SUP-0025,2026-02-25,2026-02-27,DELIVERED
SHP-003807-3,ORD-003807-3,SUP-0025,2026-03-05,2026-03-05,DELIVERED
SHP-003808-1,ORD-003808-1,SUP-0042,2026-04-22,2026-04-22,DELIVERED
SHP-003809-1,ORD-003809-1,SUP-0071,2026-07-08,2026-07-08,DELIVERED
SHP-003809-2,ORD-003809-2,SUP-0071,2026-07-20,2026-07-20,DELIVERED
SHP-003810-1,ORD-003810-1,SUP-0106,2026-07-05,2026-07-05,DELIVERED
SHP-003810-2,ORD-003810-2,SUP-0106,2026-07-12,2026-07-12,DELIVERED
SHP-003810-3,ORD-003810-3,SUP-0106,2026-07-10,2026-07-10,DELIVERED
SHP-003811-1,ORD-003811-1,SUP-0023,2026-04-23,2026-04-25,DELIVERED
SHP-003811-2,ORD-003811-2,SUP-0023,2026-04-29,2026-04-29,DELIVERED
SHP-003811-3,ORD-003811-3,SUP-0023,2026-04-19,2026-04-19,DELIVERED
SHP-003812-1,ORD-003812-1,SUP-0103,2026-07-26,2026-07-27,DELIVERED
SHP-003812-2,ORD-003812-2,SUP-0103,2026-08-04,2026-08-05,DELIVERED
SHP-003812-3,ORD-003812-3,SUP-0103,2026-07-20,2026-07-22,DELIVERED
SHP-003813-1,ORD-003813-1,SUP-0036,2026-02-06,2026-02-06,DELIVERED
SHP-003814-1,ORD-003814-1,SUP-0002,2026-07-21,2026-07-23,DELIVERED
SHP-003814-2,ORD-003814-2,SUP-0002,2026-07-13,2026-07-14,DELIVERED
SHP-003814-3,ORD-003814-3,SUP-0002,2026-08-04,2026-08-04,DELIVERED
SHP-003815-1,ORD-003815-1,SUP-0048,2026-03-26,2026-03-26,DELIVERED
SHP-003815-2,ORD-003815-2,SUP-0048,2026-03-18,2026-03-18,DELIVERED
SHP-003815-3,ORD-003815-3,SUP-0048,2026-03-13,2026-03-13,DELIVERED
SHP-003815-4,ORD-003815-4,SUP-0048,2026-03-31,2026-03-31,DELIVERED
SHP-003816-1,ORD-003816-1,SUP-0065,2026-06-17,2026-06-18,DELIVERED
SHP-003817-1,ORD-003817-1,SUP-0079,2026-09-05,2026-09-07,IN_TRANSIT
SHP-003817-2,ORD-003817-2,SUP-0079,2026-09-12,2026-09-13,IN_TRANSIT
SHP-003818-1,ORD-003818-1,SUP-0055,2026-05-09,2026-05-11,DELIVERED
SHP-003818-2,ORD-003818-2,SUP-0055,2026-05-19,2026-05-20,DELIVERED
SHP-003818-3,ORD-003818-3,SUP-0055,2026-05-06,2026-05-06,DELIVERED
SHP-003818-4,ORD-003818-4,SUP-0055,2026-05-24,2026-05-24,DELIVERED
SHP-003819-1,ORD-003819-1,SUP-0115,2026-06-26,2026-06-26,DELIVERED
SHP-003819-2,ORD-003819-2,SUP-0115,2026-06-30,2026-07-02,DELIVERED
SHP-003820-1,ORD-003820-1,SUP-0098,2026-01-29,2026-01-29,DELIVERED
SHP-003820-2,ORD-003820-2,SUP-0098,2026-01-19,2026-01-19,DELIVERED
SHP-003820-3,ORD-003820-3,SUP-0098,2026-01-30,2026-01-30,DELIVERED
SHP-003820-4,ORD-003820-4,SUP-0098,2026-02-12,2026-02-12,DELIVERED
SHP-003821-1,ORD-003821-1,SUP-0119,2026-04-03,2026-04-03,DELIVERED
SHP-003821-2,ORD-003821-2,SUP-0119,2026-03-17,2026-03-18,DELIVERED
SHP-003821-3,ORD-003821-3,SUP-0119,2026-03-27,2026-03-27,DELIVERED
SHP-003821-4,ORD-003821-4,SUP-0119,2026-03-15,2026-03-17,DELIVERED
SHP-003822-1,ORD-003822-1,SUP-0038,2026-09-16,2026-09-17,IN_TRANSIT
SHP-003822-2,ORD-003822-2,SUP-0038,2026-10-02,2026-10-02,IN_TRANSIT
SHP-003822-3,ORD-003822-3,SUP-0038,2026-09-23,2026-09-23,IN_TRANSIT
SHP-003822-4,ORD-003822-4,SUP-0038,2026-09-29,2026-10-01,IN_TRANSIT
SHP-003823-1,ORD-003823-1,SUP-0113,2026-09-22,2026-09-22,IN_TRANSIT
SHP-003823-2,ORD-003823-2,SUP-0113,2026-09-27,2026-09-27,IN_TRANSIT
SHP-003823-3,ORD-003823-3,SUP-0113,2026-09-30,2026-10-02,IN_TRANSIT
SHP-003823-4,ORD-003823-4,SUP-0113,2026-09-18,2026-09-18,IN_TRANSIT
SHP-003824-1,ORD-003824-1,SUP-0040,2026-05-17,2026-05-17,DELIVERED
SHP-003825-1,ORD-003825-1,SUP-0103,2026-05-17,2026-05-17,DELIVERED
SHP-003825-2,ORD-003825-2,SUP-0103,2026-05-25,2026-05-27,DELIVERED
SHP-003826-1,ORD-003826-1,SUP-0018,2026-07-15,2026-07-15,DELIVERED
SHP-003826-2,ORD-003826-2,SUP-0018,2026-07-29,2026-07-31,DELIVERED
SHP-003826-3,ORD-003826-3,SUP-0018,2026-07-17,2026-07-17,DELIVERED
SHP-003826-4,ORD-003826-4,SUP-0018,2026-08-02,2026-08-02,DELIVERED
SHP-003827-1,ORD-003827-1,SUP-0104,2026-09-25,2026-09-25,IN_TRANSIT
SHP-003827-2,ORD-003827-2,SUP-0104,2026-09-24,2026-09-24,IN_TRANSIT
SHP-003828-1,ORD-003828-1,SUP-0091,2026-03-19,2026-03-19,DELIVERED
SHP-003828-2,ORD-003828-2,SUP-0091,2026-03-06,2026-03-06,DELIVERED
SHP-003829-1,ORD-003829-1,SUP-0066,2026-08-18,2026-08-18,DELIVERED
SHP-003829-2,ORD-003829-2,SUP-0066,2026-08-01,2026-08-01,DELIVERED
SHP-003829-3,ORD-003829-3,SUP-0066,2026-08-07,2026-08-07,DELIVERED
SHP-003830-1,ORD-003830-1,SUP-0077,2026-08-22,2026-08-22,DELIVERED
SHP-003830-2,ORD-003830-2,SUP-0077,2026-08-08,2026-08-08,DELIVERED
SHP-003830-3,ORD-003830-3,SUP-0077,2026-08-20,2026-08-20,DELIVERED
SHP-003831-1,ORD-003831-1,SUP-0117,2026-09-08,2026-09-09,IN_TRANSIT
SHP-003832-1,ORD-003832-1,SUP-0120,2026-08-27,2026-08-27,DELIVERED
SHP-003832-2,ORD-003832-2,SUP-0120,2026-09-04,2026-09-04,IN_TRANSIT
SHP-003833-1,ORD-003833-1,SUP-0109,2026-07-20,2026-07-22,DELIVERED
SHP-003834-1,ORD-003834-1,SUP-0111,2026-04-23,2026-04-23,DELIVERED
SHP-003834-2,ORD-003834-2,SUP-0111,2026-04-17,2026-04-17,DELIVERED
SHP-003834-3,ORD-003834-3,SUP-0111,2026-05-02,2026-05-03,DELIVERED
SHP-003834-4,ORD-003834-4,SUP-0111,2026-04-27,2026-04-27,DELIVERED
SHP-003835-1,ORD-003835-1,SUP-0031,2026-03-25,2026-03-27,DELIVERED
SHP-003835-2,ORD-003835-2,SUP-0031,2026-03-20,2026-03-22,DELIVERED
SHP-003835-3,ORD-003835-3,SUP-0031,2026-03-14,2026-03-14,DELIVERED
SHP-003835-4,ORD-003835-4,SUP-0031,2026-03-28,2026-03-28,DELIVERED
SHP-003836-1,ORD-003836-1,SUP-0024,2026-06-01,2026-06-01,DELIVERED
SHP-003836-2,ORD-003836-2,SUP-0024,2026-05-30,2026-05-30,DELIVERED
SHP-003836-3,ORD-003836-3,SUP-0024,2026-06-04,2026-06-06,DELIVERED
SHP-003836-4,ORD-003836-4,SUP-0024,2026-05-26,2026-05-26,DELIVERED
SHP-003837-1,ORD-003837-1,SUP-0012,2026-02-03,2026-02-05,DELIVERED
SHP-003837-2,ORD-003837-2,SUP-0012,2026-02-14,2026-02-14,DELIVERED
SHP-003837-3,ORD-003837-3,SUP-0012,2026-02-19,2026-02-19,DELIVERED
SHP-003837-4,ORD-003837-4,SUP-0012,2026-02-18,2026-02-19,DELIVERED
SHP-003838-1,ORD-003838-1,SUP-0014,2026-04-07,2026-04-08,DELIVERED
SHP-003838-2,ORD-003838-2,SUP-0014,2026-04-12,2026-04-12,DELIVERED
SHP-003838-3,ORD-003838-3,SUP-0014,2026-04-16,2026-04-16,DELIVERED
SHP-003839-1,ORD-003839-1,SUP-0115,2026-06-26,2026-06-26,DELIVERED
SHP-003840-1,ORD-003840-1,SUP-0019,2026-04-08,2026-04-08,DELIVERED
SHP-003840-2,ORD-003840-2,SUP-0019,2026-04-06,2026-04-06,DELIVERED
SHP-003840-3,ORD-003840-3,SUP-0019,2026-03-26,2026-03-27,DELIVERED
SHP-003840-4,ORD-003840-4,SUP-0019,2026-04-07,2026-04-08,DELIVERED
SHP-003841-1,ORD-003841-1,SUP-0038,2026-05-08,2026-05-08,DELIVERED
SHP-003841-2,ORD-003841-2,SUP-0038,2026-04-19,2026-04-20,DELIVERED
SHP-003842-1,ORD-003842-1,SUP-0080,2026-03-27,2026-03-27,DELIVERED
SHP-003842-2,ORD-003842-2,SUP-0080,2026-04-02,2026-04-02,DELIVERED
SHP-003842-3,ORD-003842-3,SUP-0080,2026-04-09,2026-04-09,DELIVERED
SHP-003843-1,ORD-003843-1,SUP-0009,2026-09-23,2026-09-23,IN_TRANSIT
SHP-003844-1,ORD-003844-1,SUP-0112,2026-04-29,2026-05-01,DELIVERED
SHP-003844-2,ORD-003844-2,SUP-0112,2026-05-02,2026-05-02,DELIVERED
SHP-003844-3,ORD-003844-3,SUP-0112,2026-05-07,2026-05-07,DELIVERED
SHP-003845-1,ORD-003845-1,SUP-0042,2026-06-06,2026-06-06,DELIVERED
SHP-003845-2,ORD-003845-2,SUP-0042,2026-06-12,2026-06-12,DELIVERED
SHP-003845-3,ORD-003845-3,SUP-0042,2026-06-12,2026-06-12,DELIVERED
SHP-003845-4,ORD-003845-4,SUP-0042,2026-05-22,2026-05-23,DELIVERED
SHP-003846-1,ORD-003846-1,SUP-0084,2026-04-13,2026-04-13,DELIVERED
SHP-003846-2,ORD-003846-2,SUP-0084,2026-04-18,2026-04-19,DELIVERED
SHP-003846-3,ORD-003846-3,SUP-0084,2026-04-24,2026-04-25,DELIVERED
SHP-003847-1,ORD-003847-1,SUP-0002,2026-02-21,2026-02-21,DELIVERED
SHP-003847-2,ORD-003847-2,SUP-0002,2026-02-19,2026-02-21,DELIVERED
SHP-003847-3,ORD-003847-3,SUP-0002,2026-01-28,2026-01-28,DELIVERED
SHP-003847-4,ORD-003847-4,SUP-0002,2026-02-23,2026-02-23,DELIVERED
SHP-003848-1,ORD-003848-1,SUP-0036,2026-03-23,2026-03-23,DELIVERED
SHP-003848-2,ORD-003848-2,SUP-0036,2026-03-17,2026-03-17,DELIVERED
SHP-003849-1,ORD-003849-1,SUP-0073,2026-04-28,2026-04-28,DELIVERED
SHP-003849-2,ORD-003849-2,SUP-0073,2026-04-28,2026-04-28,DELIVERED
SHP-003849-3,ORD-003849-3,SUP-0073,2026-04-20,2026-04-22,DELIVERED
SHP-003849-4,ORD-003849-4,SUP-0073,2026-04-27,2026-04-27,DELIVERED
SHP-003850-1,ORD-003850-1,SUP-0040,2026-05-20,2026-05-22,DELIVERED
SHP-003850-2,ORD-003850-2,SUP-0040,2026-05-23,2026-05-25,DELIVERED
SHP-003851-1,ORD-003851-1,SUP-0030,2026-04-12,2026-04-13,DELIVERED
SHP-003852-1,ORD-003852-1,SUP-0111,2026-06-22,2026-06-22,DELIVERED
SHP-003852-2,ORD-003852-2,SUP-0111,2026-06-19,2026-06-19,DELIVERED
SHP-003853-1,ORD-003853-1,SUP-0101,2026-07-22,2026-07-22,DELIVERED
SHP-003853-2,ORD-003853-2,SUP-0101,2026-07-23,2026-07-23,DELIVERED
SHP-003854-1,ORD-003854-1,SUP-0006,2026-05-30,2026-06-01,DELIVERED
SHP-003854-2,ORD-003854-2,SUP-0006,2026-06-07,2026-06-09,DELIVERED
SHP-003854-3,ORD-003854-3,SUP-0006,2026-05-30,2026-05-31,DELIVERED
SHP-003854-4,ORD-003854-4,SUP-0006,2026-06-14,2026-06-16,DELIVERED
SHP-003855-1,ORD-003855-1,SUP-0118,2026-09-04,2026-09-05,IN_TRANSIT
SHP-003856-1,ORD-003856-1,SUP-0117,2026-05-03,2026-05-05,DELIVERED
SHP-003856-2,ORD-003856-2,SUP-0117,2026-05-13,2026-05-13,DELIVERED
SHP-003856-3,ORD-003856-3,SUP-0117,2026-05-09,2026-05-09,DELIVERED
SHP-003856-4,ORD-003856-4,SUP-0117,2026-05-09,2026-05-09,DELIVERED
SHP-003857-1,ORD-003857-1,SUP-0020,2026-05-16,2026-05-16,DELIVERED
SHP-003857-2,ORD-003857-2,SUP-0020,2026-05-03,2026-05-05,DELIVERED
SHP-003858-1,ORD-003858-1,SUP-0073,2026-07-11,2026-07-12,DELIVERED
SHP-003858-2,ORD-003858-2,SUP-0073,2026-07-10,2026-07-12,DELIVERED
SHP-003858-3,ORD-003858-3,SUP-0073,2026-07-01,2026-07-03,DELIVERED
SHP-003858-4,ORD-003858-4,SUP-0073,2026-07-18,2026-07-18,DELIVERED
SHP-003859-1,ORD-003859-1,SUP-0118,2026-04-08,2026-04-09,DELIVERED
SHP-003859-2,ORD-003859-2,SUP-0118,2026-04-07,2026-04-07,DELIVERED
SHP-003859-3,ORD-003859-3,SUP-0118,2026-03-31,2026-03-31,DELIVERED
SHP-003860-1,ORD-003860-1,SUP-0088,2026-09-04,2026-09-05,IN_TRANSIT
SHP-003861-1,ORD-003861-1,SUP-0008,2026-01-31,2026-01-31,DELIVERED
SHP-003862-1,ORD-003862-1,SUP-0017,2026-05-11,2026-05-12,DELIVERED
SHP-003863-1,ORD-003863-1,SUP-0076,2026-07-23,2026-07-23,DELIVERED
SHP-003863-2,ORD-003863-2,SUP-0076,2026-07-31,2026-07-31,DELIVERED
SHP-003863-3,ORD-003863-3,SUP-0076,2026-07-23,2026-07-23,DELIVERED
SHP-003863-4,ORD-003863-4,SUP-0076,2026-08-08,2026-08-08,DELIVERED
SHP-003864-1,ORD-003864-1,SUP-0036,2026-08-25,2026-08-27,DELIVERED
SHP-003865-1,ORD-003865-1,SUP-0048,2026-08-09,2026-08-10,DELIVERED
SHP-003865-2,ORD-003865-2,SUP-0048,2026-08-03,2026-08-04,DELIVERED
SHP-003865-3,ORD-003865-3,SUP-0048,2026-08-03,2026-08-03,DELIVERED
SHP-003866-1,ORD-003866-1,SUP-0062,2026-05-31,2026-05-31,DELIVERED
SHP-003866-2,ORD-003866-2,SUP-0062,2026-06-06,2026-06-06,DELIVERED
SHP-003866-3,ORD-003866-3,SUP-0062,2026-05-30,2026-05-30,DELIVERED
SHP-003866-4,ORD-003866-4,SUP-0062,2026-05-23,2026-05-25,DELIVERED
SHP-003867-1,ORD-003867-1,SUP-0091,2026-03-23,2026-03-23,DELIVERED
SHP-003867-2,ORD-003867-2,SUP-0091,2026-03-28,2026-03-29,DELIVERED
SHP-003868-1,ORD-003868-1,SUP-0073,2026-07-18,2026-07-19,DELIVERED
SHP-003869-1,ORD-003869-1,SUP-0022,2026-01-10,2026-01-11,DELIVERED
SHP-003869-2,ORD-003869-2,SUP-0022,2026-01-29,2026-01-31,DELIVERED
SHP-003869-3,ORD-003869-3,SUP-0022,2026-01-25,2026-01-27,DELIVERED
SHP-003869-4,ORD-003869-4,SUP-0022,2026-02-02,2026-02-04,DELIVERED
SHP-003870-1,ORD-003870-1,SUP-0056,2026-03-23,2026-03-23,DELIVERED
SHP-003871-1,ORD-003871-1,SUP-0071,2026-06-25,2026-06-25,DELIVERED
SHP-003872-1,ORD-003872-1,SUP-0050,2026-03-20,2026-03-22,DELIVERED
SHP-003872-2,ORD-003872-2,SUP-0050,2026-03-13,2026-03-13,DELIVERED
SHP-003873-1,ORD-003873-1,SUP-0042,2026-02-02,2026-02-02,DELIVERED
SHP-003873-2,ORD-003873-2,SUP-0042,2026-02-11,2026-02-11,DELIVERED
SHP-003874-1,ORD-003874-1,SUP-0105,2026-06-25,2026-06-26,DELIVERED
SHP-003874-2,ORD-003874-2,SUP-0105,2026-06-21,2026-06-23,DELIVERED
SHP-003874-3,ORD-003874-3,SUP-0105,2026-06-24,2026-06-24,DELIVERED
SHP-003874-4,ORD-003874-4,SUP-0105,2026-07-07,2026-07-07,DELIVERED
SHP-003875-1,ORD-003875-1,SUP-0096,2026-02-27,2026-03-01,DELIVERED
SHP-003875-2,ORD-003875-2,SUP-0096,2026-03-17,2026-03-17,DELIVERED
SHP-003875-3,ORD-003875-3,SUP-0096,2026-03-09,2026-03-11,DELIVERED
SHP-003876-1,ORD-003876-1,SUP-0091,2026-08-11,2026-08-12,DELIVERED
SHP-003876-2,ORD-003876-2,SUP-0091,2026-08-16,2026-08-18,DELIVERED
SHP-003876-3,ORD-003876-3,SUP-0091,2026-08-15,2026-08-15,DELIVERED
SHP-003877-1,ORD-003877-1,SUP-0119,2026-02-01,2026-02-01,DELIVERED
SHP-003877-2,ORD-003877-2,SUP-0119,2026-02-08,2026-02-09,DELIVERED
SHP-003878-1,ORD-003878-1,SUP-0061,2026-05-25,2026-05-25,DELIVERED
SHP-003878-2,ORD-003878-2,SUP-0061,2026-06-06,2026-06-06,DELIVERED
SHP-003879-1,ORD-003879-1,SUP-0074,2026-07-11,2026-07-11,DELIVERED
SHP-003879-2,ORD-003879-2,SUP-0074,2026-07-21,2026-07-23,DELIVERED
SHP-003879-3,ORD-003879-3,SUP-0074,2026-07-02,2026-07-02,DELIVERED
SHP-003879-4,ORD-003879-4,SUP-0074,2026-07-22,2026-07-23,DELIVERED
SHP-003880-1,ORD-003880-1,SUP-0085,2026-07-28,2026-07-30,DELIVERED
SHP-003881-1,ORD-003881-1,SUP-0054,2026-06-21,2026-06-23,DELIVERED
SHP-003882-1,ORD-003882-1,SUP-0056,2026-05-20,2026-05-20,DELIVERED
SHP-003883-1,ORD-003883-1,SUP-0035,2026-09-28,2026-09-30,IN_TRANSIT
SHP-003883-2,ORD-003883-2,SUP-0035,2026-09-08,2026-09-10,IN_TRANSIT
SHP-003883-3,ORD-003883-3,SUP-0035,2026-09-10,2026-09-10,IN_TRANSIT
SHP-003883-4,ORD-003883-4,SUP-0035,2026-09-22,2026-09-24,IN_TRANSIT
SHP-003884-1,ORD-003884-1,SUP-0005,2026-04-17,2026-04-18,DELIVERED
SHP-003884-2,ORD-003884-2,SUP-0005,2026-04-21,2026-04-23,DELIVERED
SHP-003884-3,ORD-003884-3,SUP-0005,2026-04-03,2026-04-03,DELIVERED
SHP-003884-4,ORD-003884-4,SUP-0005,2026-04-11,2026-04-11,DELIVERED
SHP-003885-1,ORD-003885-1,SUP-0031,2026-05-18,2026-05-18,DELIVERED
SHP-003885-2,ORD-003885-2,SUP-0031,2026-05-30,2026-05-30,DELIVERED
SHP-003886-1,ORD-003886-1,SUP-0010,2026-05-01,2026-05-02,DELIVERED
SHP-003886-2,ORD-003886-2,SUP-0010,2026-05-06,2026-05-06,DELIVERED
SHP-003886-3,ORD-003886-3,SUP-0010,2026-05-10,2026-05-12,DELIVERED
SHP-003886-4,ORD-003886-4,SUP-0010,2026-04-15,2026-04-16,DELIVERED
SHP-003887-1,ORD-003887-1,SUP-0006,2026-02-26,2026-02-27,DELIVERED
SHP-003887-2,ORD-003887-2,SUP-0006,2026-02-22,2026-02-22,DELIVERED
SHP-003888-1,ORD-003888-1,SUP-0110,2026-03-08,2026-03-09,DELIVERED
SHP-003889-1,ORD-003889-1,SUP-0003,2026-06-03,2026-06-03,DELIVERED
SHP-003889-2,ORD-003889-2,SUP-0003,2026-06-12,2026-06-14,DELIVERED
SHP-003889-3,ORD-003889-3,SUP-0003,2026-06-08,2026-06-10,DELIVERED
SHP-003889-4,ORD-003889-4,SUP-0003,2026-06-19,2026-06-21,DELIVERED
SHP-003890-1,ORD-003890-1,SUP-0085,2026-09-25,2026-09-26,IN_TRANSIT
SHP-003890-2,ORD-003890-2,SUP-0085,2026-09-17,2026-09-17,IN_TRANSIT
SHP-003891-1,ORD-003891-1,SUP-0025,2026-09-08,2026-09-08,IN_TRANSIT
SHP-003892-1,ORD-003892-1,SUP-0089,2026-03-23,2026-03-24,DELIVERED
SHP-003892-2,ORD-003892-2,SUP-0089,2026-03-08,2026-03-10,DELIVERED
SHP-003893-1,ORD-003893-1,SUP-0065,2026-03-18,2026-03-18,DELIVERED
SHP-003893-2,ORD-003893-2,SUP-0065,2026-03-29,2026-03-29,DELIVERED
SHP-003894-1,ORD-003894-1,SUP-0116,2026-03-25,2026-03-27,DELIVERED
SHP-003894-2,ORD-003894-2,SUP-0116,2026-03-14,2026-03-14,DELIVERED
SHP-003894-3,ORD-003894-3,SUP-0116,2026-03-07,2026-03-07,DELIVERED
SHP-003894-4,ORD-003894-4,SUP-0116,2026-03-19,2026-03-19,DELIVERED
SHP-003895-1,ORD-003895-1,SUP-0061,2026-05-09,2026-05-10,DELIVERED
SHP-003896-1,ORD-003896-1,SUP-0104,2026-08-11,2026-08-11,DELIVERED
SHP-003896-2,ORD-003896-2,SUP-0104,2026-07-23,2026-07-25,DELIVERED
SHP-003897-1,ORD-003897-1,SUP-0022,2026-05-17,2026-05-17,DELIVERED
SHP-003897-2,ORD-003897-2,SUP-0022,2026-06-05,2026-06-07,DELIVERED
SHP-003897-3,ORD-003897-3,SUP-0022,2026-05-21,2026-05-22,DELIVERED
SHP-003898-1,ORD-003898-1,SUP-0030,2026-04-06,2026-04-07,DELIVERED
SHP-003898-2,ORD-003898-2,SUP-0030,2026-04-22,2026-04-24,DELIVERED
SHP-003898-3,ORD-003898-3,SUP-0030,2026-04-01,2026-04-01,DELIVERED
SHP-003899-1,ORD-003899-1,SUP-0032,2026-05-05,2026-05-05,DELIVERED
SHP-003899-2,ORD-003899-2,SUP-0032,2026-05-17,2026-05-19,DELIVERED
SHP-003900-1,ORD-003900-1,SUP-0058,2026-07-28,2026-07-28,DELIVERED
SHP-003900-2,ORD-003900-2,SUP-0058,2026-07-10,2026-07-11,DELIVERED
SHP-003900-3,ORD-003900-3,SUP-0058,2026-07-07,2026-07-07,DELIVERED
SHP-003901-1,ORD-003901-1,SUP-0073,2026-05-05,2026-05-07,DELIVERED
SHP-003901-2,ORD-003901-2,SUP-0073,2026-05-03,2026-05-03,DELIVERED
SHP-003901-3,ORD-003901-3,SUP-0073,2026-05-09,2026-05-10,DELIVERED
SHP-003901-4,ORD-003901-4,SUP-0073,2026-05-12,2026-05-12,DELIVERED
SHP-003902-1,ORD-003902-1,SUP-0009,2026-08-06,2026-08-06,DELIVERED
SHP-003902-2,ORD-003902-2,SUP-0009,2026-08-06,2026-08-06,DELIVERED
SHP-003902-3,ORD-003902-3,SUP-0009,2026-08-01,2026-08-03,DELIVERED
SHP-003902-4,ORD-003902-4,SUP-0009,2026-08-03,2026-08-05,DELIVERED
SHP-003903-1,ORD-003903-1,SUP-0066,2026-07-11,2026-07-11,DELIVERED
SHP-003904-1,ORD-003904-1,SUP-0001,2026-02-10,2026-02-10,DELIVERED
SHP-003904-2,ORD-003904-2,SUP-0001,2026-02-25,2026-02-25,DELIVERED
SHP-003904-3,ORD-003904-3,SUP-0001,2026-02-10,2026-02-10,DELIVERED
SHP-003904-4,ORD-003904-4,SUP-0001,2026-03-02,2026-03-04,DELIVERED
SHP-003905-1,ORD-003905-1,SUP-0111,2026-06-09,2026-06-09,DELIVERED
SHP-003905-2,ORD-003905-2,SUP-0111,2026-05-22,2026-05-24,DELIVERED
SHP-003905-3,ORD-003905-3,SUP-0111,2026-06-03,2026-06-03,DELIVERED
SHP-003906-1,ORD-003906-1,SUP-0085,2026-09-11,2026-09-13,IN_TRANSIT
SHP-003906-2,ORD-003906-2,SUP-0085,2026-09-09,2026-09-10,IN_TRANSIT
SHP-003907-1,ORD-003907-1,SUP-0111,2026-07-08,2026-07-08,DELIVERED
SHP-003907-2,ORD-003907-2,SUP-0111,2026-07-23,2026-07-23,DELIVERED
SHP-003907-3,ORD-003907-3,SUP-0111,2026-07-01,2026-07-01,DELIVERED
SHP-003908-1,ORD-003908-1,SUP-0120,2026-02-01,2026-02-01,DELIVERED
SHP-003908-2,ORD-003908-2,SUP-0120,2026-01-21,2026-01-22,DELIVERED
SHP-003908-3,ORD-003908-3,SUP-0120,2026-01-26,2026-01-26,DELIVERED
SHP-003909-1,ORD-003909-1,SUP-0031,2026-05-31,2026-06-01,DELIVERED
SHP-003910-1,ORD-003910-1,SUP-0036,2026-06-28,2026-06-30,DELIVERED
SHP-003910-2,ORD-003910-2,SUP-0036,2026-06-07,2026-06-09,DELIVERED
SHP-003910-3,ORD-003910-3,SUP-0036,2026-06-13,2026-06-15,DELIVERED
SHP-003911-1,ORD-003911-1,SUP-0016,2026-02-16,2026-02-17,DELIVERED
SHP-003912-1,ORD-003912-1,SUP-0008,2026-02-11,2026-02-11,DELIVERED
SHP-003912-2,ORD-003912-2,SUP-0008,2026-02-13,2026-02-13,DELIVERED
SHP-003912-3,ORD-003912-3,SUP-0008,2026-02-17,2026-02-17,DELIVERED
SHP-003913-1,ORD-003913-1,SUP-0096,2026-02-17,2026-02-17,DELIVERED
SHP-003913-2,ORD-003913-2,SUP-0096,2026-02-05,2026-02-07,DELIVERED
SHP-003914-1,ORD-003914-1,SUP-0115,2026-03-30,2026-03-30,DELIVERED
SHP-003914-2,ORD-003914-2,SUP-0115,2026-03-27,2026-03-27,DELIVERED
SHP-003915-1,ORD-003915-1,SUP-0089,2026-06-20,2026-06-20,DELIVERED
SHP-003915-2,ORD-003915-2,SUP-0089,2026-07-09,2026-07-09,DELIVERED
SHP-003916-1,ORD-003916-1,SUP-0085,2026-08-17,2026-08-19,DELIVERED
SHP-003916-2,ORD-003916-2,SUP-0085,2026-09-02,2026-09-04,IN_TRANSIT
SHP-003916-3,ORD-003916-3,SUP-0085,2026-08-24,2026-08-24,DELIVERED
SHP-003917-1,ORD-003917-1,SUP-0003,2026-07-07,2026-07-07,DELIVERED
SHP-003918-1,ORD-003918-1,SUP-0105,2026-07-13,2026-07-13,DELIVERED
SHP-003919-1,ORD-003919-1,SUP-0087,2026-08-30,2026-08-30,DELIVERED
SHP-003919-2,ORD-003919-2,SUP-0087,2026-09-04,2026-09-05,IN_TRANSIT
SHP-003919-3,ORD-003919-3,SUP-0087,2026-08-11,2026-08-13,DELIVERED
SHP-003920-1,ORD-003920-1,SUP-0027,2026-03-03,2026-03-04,DELIVERED
SHP-003921-1,ORD-003921-1,SUP-0089,2026-07-05,2026-07-05,DELIVERED
SHP-003921-2,ORD-003921-2,SUP-0089,2026-06-26,2026-06-26,DELIVERED
SHP-003921-3,ORD-003921-3,SUP-0089,2026-06-30,2026-06-30,DELIVERED
SHP-003921-4,ORD-003921-4,SUP-0089,2026-07-08,2026-07-10,DELIVERED
SHP-003922-1,ORD-003922-1,SUP-0059,2026-05-29,2026-05-30,DELIVERED
SHP-003922-2,ORD-003922-2,SUP-0059,2026-05-31,2026-05-31,DELIVERED
SHP-003922-3,ORD-003922-3,SUP-0059,2026-05-22,2026-05-22,DELIVERED
SHP-003922-4,ORD-003922-4,SUP-0059,2026-05-09,2026-05-09,DELIVERED
SHP-003923-1,ORD-003923-1,SUP-0052,2026-05-17,2026-05-18,DELIVERED
SHP-003923-2,ORD-003923-2,SUP-0052,2026-05-17,2026-05-19,DELIVERED
SHP-003923-3,ORD-003923-3,SUP-0052,2026-05-14,2026-05-14,DELIVERED
SHP-003924-1,ORD-003924-1,SUP-0038,2026-08-31,2026-08-31,DELIVERED
SHP-003924-2,ORD-003924-2,SUP-0038,2026-09-01,2026-09-02,IN_TRANSIT
SHP-003924-3,ORD-003924-3,SUP-0038,2026-08-22,2026-08-24,DELIVERED
SHP-003924-4,ORD-003924-4,SUP-0038,2026-08-27,2026-08-29,DELIVERED
SHP-003925-1,ORD-003925-1,SUP-0013,2026-08-18,2026-08-18,DELIVERED
SHP-003925-2,ORD-003925-2,SUP-0013,2026-08-25,2026-08-26,DELIVERED
SHP-003925-3,ORD-003925-3,SUP-0013,2026-08-17,2026-08-17,DELIVERED
SHP-003926-1,ORD-003926-1,SUP-0092,2026-09-11,2026-09-11,IN_TRANSIT
SHP-003926-2,ORD-003926-2,SUP-0092,2026-09-10,2026-09-10,IN_TRANSIT
SHP-003926-3,ORD-003926-3,SUP-0092,2026-09-08,2026-09-09,IN_TRANSIT
SHP-003927-1,ORD-003927-1,SUP-0046,2026-02-08,2026-02-08,DELIVERED
SHP-003927-2,ORD-003927-2,SUP-0046,2026-03-02,2026-03-02,DELIVERED
SHP-003927-3,ORD-003927-3,SUP-0046,2026-02-18,2026-02-18,DELIVERED
SHP-003928-1,ORD-003928-1,SUP-0041,2026-03-29,2026-03-30,DELIVERED
SHP-003928-2,ORD-003928-2,SUP-0041,2026-04-05,2026-04-05,DELIVERED
SHP-003929-1,ORD-003929-1,SUP-0117,2026-03-19,2026-03-19,DELIVERED
SHP-003929-2,ORD-003929-2,SUP-0117,2026-03-11,2026-03-11,DELIVERED
SHP-003930-1,ORD-003930-1,SUP-0001,2026-07-10,2026-07-11,DELIVERED
SHP-003931-1,ORD-003931-1,SUP-0091,2026-02-25,2026-02-25,DELIVERED
SHP-003931-2,ORD-003931-2,SUP-0091,2026-02-06,2026-02-06,DELIVERED
SHP-003932-1,ORD-003932-1,SUP-0014,2026-08-22,2026-08-23,DELIVERED
SHP-003932-2,ORD-003932-2,SUP-0014,2026-09-05,2026-09-05,IN_TRANSIT
SHP-003932-3,ORD-003932-3,SUP-0014,2026-08-28,2026-08-28,DELIVERED
SHP-003932-4,ORD-003932-4,SUP-0014,2026-09-03,2026-09-03,IN_TRANSIT
SHP-003933-1,ORD-003933-1,SUP-0075,2026-02-26,2026-02-27,DELIVERED
SHP-003934-1,ORD-003934-1,SUP-0073,2026-09-07,2026-09-09,IN_TRANSIT
SHP-003934-2,ORD-003934-2,SUP-0073,2026-08-27,2026-08-28,DELIVERED
SHP-003934-3,ORD-003934-3,SUP-0073,2026-09-10,2026-09-11,IN_TRANSIT
SHP-003934-4,ORD-003934-4,SUP-0073,2026-08-27,2026-08-28,DELIVERED
SHP-003935-1,ORD-003935-1,SUP-0097,2026-09-13,2026-09-13,IN_TRANSIT
SHP-003936-1,ORD-003936-1,SUP-0044,2026-03-02,2026-03-03,DELIVERED
SHP-003937-1,ORD-003937-1,SUP-0077,2026-06-30,2026-06-30,DELIVERED
SHP-003937-2,ORD-003937-2,SUP-0077,2026-07-07,2026-07-07,DELIVERED
SHP-003937-3,ORD-003937-3,SUP-0077,2026-07-03,2026-07-04,DELIVERED
SHP-003938-1,ORD-003938-1,SUP-0024,2026-06-06,2026-06-06,DELIVERED
SHP-003938-2,ORD-003938-2,SUP-0024,2026-06-10,2026-06-10,DELIVERED
SHP-003938-3,ORD-003938-3,SUP-0024,2026-06-02,2026-06-03,DELIVERED
SHP-003938-4,ORD-003938-4,SUP-0024,2026-06-02,2026-06-02,DELIVERED
SHP-003939-1,ORD-003939-1,SUP-0037,2026-02-15,2026-02-17,DELIVERED
SHP-003939-2,ORD-003939-2,SUP-0037,2026-01-30,2026-02-01,DELIVERED
SHP-003939-3,ORD-003939-3,SUP-0037,2026-02-07,2026-02-08,DELIVERED
SHP-003939-4,ORD-003939-4,SUP-0037,2026-02-13,2026-02-13,DELIVERED
SHP-003940-1,ORD-003940-1,SUP-0110,2026-09-19,2026-09-19,IN_TRANSIT
SHP-003941-1,ORD-003941-1,SUP-0113,2026-02-15,2026-02-17,DELIVERED
SHP-003941-2,ORD-003941-2,SUP-0113,2026-03-06,2026-03-06,DELIVERED
SHP-003941-3,ORD-003941-3,SUP-0113,2026-03-01,2026-03-02,DELIVERED
SHP-003941-4,ORD-003941-4,SUP-0113,2026-02-18,2026-02-19,DELIVERED
SHP-003942-1,ORD-003942-1,SUP-0117,2026-10-04,2026-10-04,IN_TRANSIT
SHP-003942-2,ORD-003942-2,SUP-0117,2026-09-22,2026-09-22,IN_TRANSIT
SHP-003942-3,ORD-003942-3,SUP-0117,2026-09-20,2026-09-20,IN_TRANSIT
SHP-003942-4,ORD-003942-4,SUP-0117,2026-09-18,2026-09-18,IN_TRANSIT
SHP-003943-1,ORD-003943-1,SUP-0115,2026-03-16,2026-03-17,DELIVERED
SHP-003943-2,ORD-003943-2,SUP-0115,2026-03-10,2026-03-10,DELIVERED
SHP-003944-1,ORD-003944-1,SUP-0059,2026-04-08,2026-04-08,DELIVERED
SHP-003944-2,ORD-003944-2,SUP-0059,2026-04-03,2026-04-03,DELIVERED
SHP-003944-3,ORD-003944-3,SUP-0059,2026-04-11,2026-04-11,DELIVERED
SHP-003944-4,ORD-003944-4,SUP-0059,2026-04-14,2026-04-14,DELIVERED
SHP-003945-1,ORD-003945-1,SUP-0096,2026-04-14,2026-04-14,DELIVERED
SHP-003945-2,ORD-003945-2,SUP-0096,2026-05-04,2026-05-06,DELIVERED
SHP-003945-3,ORD-003945-3,SUP-0096,2026-04-22,2026-04-24,DELIVERED
SHP-003945-4,ORD-003945-4,SUP-0096,2026-05-02,2026-05-04,DELIVERED
SHP-003946-1,ORD-003946-1,SUP-0078,2026-05-11,2026-05-13,DELIVERED
SHP-003947-1,ORD-003947-1,SUP-0057,2026-05-26,2026-05-27,DELIVERED
SHP-003947-2,ORD-003947-2,SUP-0057,2026-06-13,2026-06-13,DELIVERED
SHP-003947-3,ORD-003947-3,SUP-0057,2026-06-01,2026-06-01,DELIVERED
SHP-003948-1,ORD-003948-1,SUP-0037,2026-03-24,2026-03-24,DELIVERED
SHP-003949-1,ORD-003949-1,SUP-0066,2026-04-24,2026-04-24,DELIVERED
SHP-003949-2,ORD-003949-2,SUP-0066,2026-04-16,2026-04-16,DELIVERED
SHP-003949-3,ORD-003949-3,SUP-0066,2026-04-12,2026-04-14,DELIVERED
SHP-003950-1,ORD-003950-1,SUP-0077,2026-06-05,2026-06-05,DELIVERED
SHP-003950-2,ORD-003950-2,SUP-0077,2026-06-02,2026-06-03,DELIVERED
SHP-003950-3,ORD-003950-3,SUP-0077,2026-05-26,2026-05-28,DELIVERED
SHP-003951-1,ORD-003951-1,SUP-0042,2026-05-04,2026-05-04,DELIVERED
SHP-003951-2,ORD-003951-2,SUP-0042,2026-05-01,2026-05-02,DELIVERED
SHP-003951-3,ORD-003951-3,SUP-0042,2026-04-25,2026-04-25,DELIVERED
SHP-003952-1,ORD-003952-1,SUP-0067,2026-05-03,2026-05-03,DELIVERED
SHP-003952-2,ORD-003952-2,SUP-0067,2026-05-13,2026-05-13,DELIVERED
SHP-003952-3,ORD-003952-3,SUP-0067,2026-04-30,2026-04-30,DELIVERED
SHP-003952-4,ORD-003952-4,SUP-0067,2026-05-16,2026-05-16,DELIVERED
SHP-003953-1,ORD-003953-1,SUP-0035,2026-03-11,2026-03-11,DELIVERED
SHP-003953-2,ORD-003953-2,SUP-0035,2026-02-20,2026-02-20,DELIVERED
SHP-003954-1,ORD-003954-1,SUP-0105,2026-03-27,2026-03-27,DELIVERED
SHP-003955-1,ORD-003955-1,SUP-0079,2026-08-30,2026-08-31,DELIVERED
SHP-003956-1,ORD-003956-1,SUP-0099,2026-08-08,2026-08-09,DELIVERED
SHP-003956-2,ORD-003956-2,SUP-0099,2026-08-04,2026-08-04,DELIVERED
SHP-003956-3,ORD-003956-3,SUP-0099,2026-08-26,2026-08-26,DELIVERED
SHP-003956-4,ORD-003956-4,SUP-0099,2026-08-25,2026-08-27,DELIVERED
SHP-003957-1,ORD-003957-1,SUP-0050,2026-06-19,2026-06-19,DELIVERED
SHP-003957-2,ORD-003957-2,SUP-0050,2026-06-03,2026-06-04,DELIVERED
SHP-003957-3,ORD-003957-3,SUP-0050,2026-06-27,2026-06-28,DELIVERED
SHP-003958-1,ORD-003958-1,SUP-0027,2026-05-18,2026-05-18,DELIVERED
SHP-003959-1,ORD-003959-1,SUP-0028,2026-03-18,2026-03-18,DELIVERED
SHP-003959-2,ORD-003959-2,SUP-0028,2026-03-19,2026-03-19,DELIVERED
SHP-003959-3,ORD-003959-3,SUP-0028,2026-03-11,2026-03-11,DELIVERED
SHP-003959-4,ORD-003959-4,SUP-0028,2026-02-27,2026-02-28,DELIVERED
SHP-003960-1,ORD-003960-1,SUP-0019,2026-07-25,2026-07-25,DELIVERED
SHP-003960-2,ORD-003960-2,SUP-0019,2026-08-08,2026-08-10,DELIVERED
SHP-003960-3,ORD-003960-3,SUP-0019,2026-07-18,2026-07-18,DELIVERED
SHP-003961-1,ORD-003961-1,SUP-0102,2026-07-04,2026-07-05,DELIVERED
SHP-003961-2,ORD-003961-2,SUP-0102,2026-07-12,2026-07-12,DELIVERED
SHP-003961-3,ORD-003961-3,SUP-0102,2026-06-28,2026-06-29,DELIVERED
SHP-003961-4,ORD-003961-4,SUP-0102,2026-06-29,2026-07-01,DELIVERED
SHP-003962-1,ORD-003962-1,SUP-0058,2026-04-16,2026-04-18,DELIVERED
SHP-003962-2,ORD-003962-2,SUP-0058,2026-03-25,2026-03-25,DELIVERED
SHP-003963-1,ORD-003963-1,SUP-0035,2026-08-05,2026-08-05,DELIVERED
SHP-003963-2,ORD-003963-2,SUP-0035,2026-08-12,2026-08-12,DELIVERED
SHP-003964-1,ORD-003964-1,SUP-0045,2026-07-15,2026-07-15,DELIVERED
SHP-003964-2,ORD-003964-2,SUP-0045,2026-07-21,2026-07-21,DELIVERED
SHP-003965-1,ORD-003965-1,SUP-0074,2026-07-02,2026-07-02,DELIVERED
SHP-003965-2,ORD-003965-2,SUP-0074,2026-07-15,2026-07-17,DELIVERED
SHP-003965-3,ORD-003965-3,SUP-0074,2026-07-07,2026-07-09,DELIVERED
SHP-003965-4,ORD-003965-4,SUP-0074,2026-07-26,2026-07-26,DELIVERED
SHP-003966-1,ORD-003966-1,SUP-0101,2026-09-22,2026-09-22,IN_TRANSIT
SHP-003966-2,ORD-003966-2,SUP-0101,2026-09-06,2026-09-06,IN_TRANSIT
SHP-003966-3,ORD-003966-3,SUP-0101,2026-09-26,2026-09-26,IN_TRANSIT
SHP-003966-4,ORD-003966-4,SUP-0101,2026-09-21,2026-09-21,IN_TRANSIT
SHP-003967-1,ORD-003967-1,SUP-0048,2026-04-03,2026-04-05,DELIVERED
SHP-003968-1,ORD-003968-1,SUP-0023,2026-07-08,2026-07-09,DELIVERED
SHP-003969-1,ORD-003969-1,SUP-0099,2026-08-15,2026-08-15,DELIVERED
SHP-003969-2,ORD-003969-2,SUP-0099,2026-08-12,2026-08-13,DELIVERED
SHP-003969-3,ORD-003969-3,SUP-0099,2026-08-31,2026-08-31,DELIVERED
SHP-003969-4,ORD-003969-4,SUP-0099,2026-08-15,2026-08-15,DELIVERED
SHP-003970-1,ORD-003970-1,SUP-0113,2026-05-06,2026-05-07,DELIVERED
SHP-003970-2,ORD-003970-2,SUP-0113,2026-05-08,2026-05-08,DELIVERED
SHP-003970-3,ORD-003970-3,SUP-0113,2026-05-12,2026-05-13,DELIVERED
SHP-003970-4,ORD-003970-4,SUP-0113,2026-05-03,2026-05-03,DELIVERED
SHP-003971-1,ORD-003971-1,SUP-0111,2026-02-21,2026-02-21,DELIVERED
SHP-003971-2,ORD-003971-2,SUP-0111,2026-03-06,2026-03-06,DELIVERED
SHP-003971-3,ORD-003971-3,SUP-0111,2026-03-04,2026-03-06,DELIVERED
SHP-003972-1,ORD-003972-1,SUP-0053,2026-07-15,2026-07-15,DELIVERED
SHP-003972-2,ORD-003972-2,SUP-0053,2026-07-21,2026-07-23,DELIVERED
SHP-003973-1,ORD-003973-1,SUP-0054,2026-02-27,2026-02-28,DELIVERED
SHP-003974-1,ORD-003974-1,SUP-0101,2026-03-02,2026-03-02,DELIVERED
SHP-003974-2,ORD-003974-2,SUP-0101,2026-02-16,2026-02-18,DELIVERED
SHP-003974-3,ORD-003974-3,SUP-0101,2026-02-22,2026-02-23,DELIVERED
SHP-003975-1,ORD-003975-1,SUP-0057,2026-08-15,2026-08-17,DELIVERED
SHP-003976-1,ORD-003976-1,SUP-0102,2026-03-09,2026-03-11,DELIVERED
SHP-003976-2,ORD-003976-2,SUP-0102,2026-02-21,2026-02-21,DELIVERED
SHP-003976-3,ORD-003976-3,SUP-0102,2026-02-27,2026-02-28,DELIVERED
SHP-003976-4,ORD-003976-4,SUP-0102,2026-03-02,2026-03-02,DELIVERED
SHP-003977-1,ORD-003977-1,SUP-0085,2026-09-24,2026-09-24,IN_TRANSIT
SHP-003977-2,ORD-003977-2,SUP-0085,2026-09-03,2026-09-03,IN_TRANSIT
SHP-003977-3,ORD-003977-3,SUP-0085,2026-09-14,2026-09-14,IN_TRANSIT
SHP-003978-1,ORD-003978-1,SUP-0119,2026-05-29,2026-05-31,DELIVERED
SHP-003978-2,ORD-003978-2,SUP-0119,2026-06-07,2026-06-07,DELIVERED
SHP-003978-3,ORD-003978-3,SUP-0119,2026-06-07,2026-06-07,DELIVERED
SHP-003979-1,ORD-003979-1,SUP-0087,2026-08-16,2026-08-17,DELIVERED
SHP-003979-2,ORD-003979-2,SUP-0087,2026-08-30,2026-08-30,DELIVERED
SHP-003980-1,ORD-003980-1,SUP-0077,2026-04-11,2026-04-11,DELIVERED
SHP-003980-2,ORD-003980-2,SUP-0077,2026-04-06,2026-04-06,DELIVERED
SHP-003981-1,ORD-003981-1,SUP-0041,2026-07-19,2026-07-19,DELIVERED
SHP-003981-2,ORD-003981-2,SUP-0041,2026-07-04,2026-07-06,DELIVERED
SHP-003981-3,ORD-003981-3,SUP-0041,2026-07-08,2026-07-10,DELIVERED
SHP-003982-1,ORD-003982-1,SUP-0007,2026-02-23,2026-02-23,DELIVERED
SHP-003982-2,ORD-003982-2,SUP-0007,2026-03-04,2026-03-04,DELIVERED
SHP-003982-3,ORD-003982-3,SUP-0007,2026-03-15,2026-03-15,DELIVERED
SHP-003983-1,ORD-003983-1,SUP-0093,2026-05-16,2026-05-16,DELIVERED
SHP-003983-2,ORD-003983-2,SUP-0093,2026-05-13,2026-05-13,DELIVERED
SHP-003983-3,ORD-003983-3,SUP-0093,2026-05-08,2026-05-08,DELIVERED
SHP-003984-1,ORD-003984-1,SUP-0062,2026-03-29,2026-03-29,DELIVERED
SHP-003984-2,ORD-003984-2,SUP-0062,2026-03-30,2026-04-01,DELIVERED
SHP-003984-3,ORD-003984-3,SUP-0062,2026-04-04,2026-04-04,DELIVERED
SHP-003985-1,ORD-003985-1,SUP-0092,2026-09-02,2026-09-04,IN_TRANSIT
SHP-003985-2,ORD-003985-2,SUP-0092,2026-08-19,2026-08-21,DELIVERED
SHP-003985-3,ORD-003985-3,SUP-0092,2026-08-22,2026-08-22,DELIVERED
SHP-003985-4,ORD-003985-4,SUP-0092,2026-09-06,2026-09-06,IN_TRANSIT
SHP-003986-1,ORD-003986-1,SUP-0062,2026-04-14,2026-04-15,DELIVERED
SHP-003987-1,ORD-003987-1,SUP-0091,2026-08-19,2026-08-19,DELIVERED
SHP-003988-1,ORD-003988-1,SUP-0103,2026-08-20,2026-08-21,DELIVERED
SHP-003989-1,ORD-003989-1,SUP-0109,2026-06-23,2026-06-24,DELIVERED
SHP-003989-2,ORD-003989-2,SUP-0109,2026-07-05,2026-07-06,DELIVERED
SHP-003989-3,ORD-003989-3,SUP-0109,2026-07-02,2026-07-02,DELIVERED
SHP-003989-4,ORD-003989-4,SUP-0109,2026-06-18,2026-06-19,DELIVERED
SHP-003990-1,ORD-003990-1,SUP-0088,2026-08-08,2026-08-10,DELIVERED
SHP-003990-2,ORD-003990-2,SUP-0088,2026-07-24,2026-07-24,DELIVERED
SHP-003991-1,ORD-003991-1,SUP-0013,2026-04-07,2026-04-07,DELIVERED
SHP-003991-2,ORD-003991-2,SUP-0013,2026-04-10,2026-04-10,DELIVERED
SHP-003991-3,ORD-003991-3,SUP-0013,2026-03-27,2026-03-29,DELIVERED
SHP-003992-1,ORD-003992-1,SUP-0051,2026-03-10,2026-03-11,DELIVERED
SHP-003992-2,ORD-003992-2,SUP-0051,2026-03-18,2026-03-20,DELIVERED
SHP-003993-1,ORD-003993-1,SUP-0116,2026-04-08,2026-04-10,DELIVERED
SHP-003993-2,ORD-003993-2,SUP-0116,2026-04-01,2026-04-01,DELIVERED
SHP-003993-3,ORD-003993-3,SUP-0116,2026-04-21,2026-04-21,DELIVERED
SHP-003993-4,ORD-003993-4,SUP-0116,2026-04-03,2026-04-03,DELIVERED
SHP-003994-1,ORD-003994-1,SUP-0113,2026-02-15,2026-02-15,DELIVERED
SHP-003994-2,ORD-003994-2,SUP-0113,2026-02-02,2026-02-02,DELIVERED
SHP-003994-3,ORD-003994-3,SUP-0113,2026-02-06,2026-02-08,DELIVERED
SHP-003995-1,ORD-003995-1,SUP-0006,2026-02-15,2026-02-15,DELIVERED
SHP-003995-2,ORD-003995-2,SUP-0006,2026-01-31,2026-02-02,DELIVERED
SHP-003995-3,ORD-003995-3,SUP-0006,2026-02-03,2026-02-03,DELIVERED
SHP-003996-1,ORD-003996-1,SUP-0089,2026-09-22,2026-09-22,IN_TRANSIT
SHP-003996-2,ORD-003996-2,SUP-0089,2026-09-08,2026-09-09,IN_TRANSIT
SHP-003996-3,ORD-003996-3,SUP-0089,2026-09-07,2026-09-08,IN_TRANSIT
SHP-003997-1,ORD-003997-1,SUP-0109,2026-03-09,2026-03-09,DELIVERED
SHP-003997-2,ORD-003997-2,SUP-0109,2026-03-15,2026-03-15,DELIVERED
SHP-003997-3,ORD-003997-3,SUP-0109,2026-03-07,2026-03-09,DELIVERED
SHP-003998-1,ORD-003998-1,SUP-0013,2026-04-13,2026-04-15,DELIVERED
SHP-003998-2,ORD-003998-2,SUP-0013,2026-05-01,2026-05-01,DELIVERED
SHP-003998-3,ORD-003998-3,SUP-0013,2026-04-22,2026-04-22,DELIVERED
SHP-003999-1,ORD-003999-1,SUP-0005,2026-03-26,2026-03-26,DELIVERED
SHP-003999-2,ORD-003999-2,SUP-0005,2026-03-19,2026-03-21,DELIVERED
SHP-003999-3,ORD-003999-3,SUP-0005,2026-03-05,2026-03-05,DELIVERED
SHP-004000-1,ORD-004000-1,SUP-0043,2026-09-28,2026-09-28,IN_TRANSIT
SHP-004001-1,ORD-004001-1,SUP-0100,2026-06-22,2026-06-24,DELIVERED
SHP-004001-2,ORD-004001-2,SUP-0100,2026-06-17,2026-06-17,DELIVERED
SHP-004001-3,ORD-004001-3,SUP-0100,2026-07-01,2026-07-01,DELIVERED
SHP-004002-1,ORD-004002-1,SUP-0115,2026-01-30,2026-02-01,DELIVERED
SHP-004003-1,ORD-004003-1,SUP-0081,2026-04-04,2026-04-06,DELIVERED
SHP-004003-2,ORD-004003-2,SUP-0081,2026-04-06,2026-04-07,DELIVERED
SHP-004003-3,ORD-004003-3,SUP-0081,2026-04-06,2026-04-06,DELIVERED
SHP-004003-4,ORD-004003-4,SUP-0081,2026-04-08,2026-04-08,DELIVERED
SHP-004004-1,ORD-004004-1,SUP-0054,2026-03-10,2026-03-12,DELIVERED
SHP-004004-2,ORD-004004-2,SUP-0054,2026-03-27,2026-03-29,DELIVERED
SHP-004005-1,ORD-004005-1,SUP-0054,2026-08-20,2026-08-22,DELIVERED
SHP-004005-2,ORD-004005-2,SUP-0054,2026-08-20,2026-08-20,DELIVERED
SHP-004005-3,ORD-004005-3,SUP-0054,2026-08-14,2026-08-14,DELIVERED
SHP-004006-1,ORD-004006-1,SUP-0107,2026-09-05,2026-09-05,IN_TRANSIT
SHP-004006-2,ORD-004006-2,SUP-0107,2026-08-13,2026-08-13,DELIVERED
SHP-004006-3,ORD-004006-3,SUP-0107,2026-08-20,2026-08-20,DELIVERED
SHP-004006-4,ORD-004006-4,SUP-0107,2026-08-23,2026-08-23,DELIVERED
SHP-004007-1,ORD-004007-1,SUP-0079,2026-05-16,2026-05-16,DELIVERED
SHP-004008-1,ORD-004008-1,SUP-0077,2026-03-21,2026-03-21,DELIVERED
SHP-004009-1,ORD-004009-1,SUP-0107,2026-03-30,2026-04-01,DELIVERED
SHP-004009-2,ORD-004009-2,SUP-0107,2026-03-14,2026-03-16,DELIVERED
SHP-004010-1,ORD-004010-1,SUP-0083,2026-04-12,2026-04-12,DELIVERED
SHP-004010-2,ORD-004010-2,SUP-0083,2026-05-01,2026-05-01,DELIVERED
SHP-004010-3,ORD-004010-3,SUP-0083,2026-04-21,2026-04-21,DELIVERED
SHP-004010-4,ORD-004010-4,SUP-0083,2026-04-23,2026-04-23,DELIVERED
SHP-004011-1,ORD-004011-1,SUP-0114,2026-09-22,2026-09-22,IN_TRANSIT
SHP-004011-2,ORD-004011-2,SUP-0114,2026-09-09,2026-09-09,IN_TRANSIT
SHP-004011-3,ORD-004011-3,SUP-0114,2026-09-13,2026-09-13,IN_TRANSIT
SHP-004011-4,ORD-004011-4,SUP-0114,2026-09-13,2026-09-13,IN_TRANSIT
SHP-004012-1,ORD-004012-1,SUP-0043,2026-09-16,2026-09-17,IN_TRANSIT
SHP-004013-1,ORD-004013-1,SUP-0015,2026-05-18,2026-05-18,DELIVERED
SHP-004014-1,ORD-004014-1,SUP-0014,2026-08-24,2026-08-25,DELIVERED
SHP-004015-1,ORD-004015-1,SUP-0100,2026-02-17,2026-02-17,DELIVERED
SHP-004015-2,ORD-004015-2,SUP-0100,2026-02-18,2026-02-18,DELIVERED
SHP-004015-3,ORD-004015-3,SUP-0100,2026-02-18,2026-02-18,DELIVERED
SHP-004015-4,ORD-004015-4,SUP-0100,2026-02-01,2026-02-01,DELIVERED
SHP-004016-1,ORD-004016-1,SUP-0036,2026-02-23,2026-02-24,DELIVERED
SHP-004016-2,ORD-004016-2,SUP-0036,2026-02-17,2026-02-19,DELIVERED
SHP-004016-3,ORD-004016-3,SUP-0036,2026-03-03,2026-03-03,DELIVERED
SHP-004016-4,ORD-004016-4,SUP-0036,2026-02-24,2026-02-24,DELIVERED
SHP-004017-1,ORD-004017-1,SUP-0113,2026-05-08,2026-05-08,DELIVERED
SHP-004017-2,ORD-004017-2,SUP-0113,2026-05-19,2026-05-19,DELIVERED
SHP-004017-3,ORD-004017-3,SUP-0113,2026-05-11,2026-05-11,DELIVERED
SHP-004017-4,ORD-004017-4,SUP-0113,2026-05-19,2026-05-20,DELIVERED
SHP-004018-1,ORD-004018-1,SUP-0120,2026-09-05,2026-09-05,IN_TRANSIT
SHP-004018-2,ORD-004018-2,SUP-0120,2026-08-18,2026-08-19,DELIVERED
SHP-004018-3,ORD-004018-3,SUP-0120,2026-08-22,2026-08-23,DELIVERED
SHP-004019-1,ORD-004019-1,SUP-0055,2026-08-29,2026-08-29,DELIVERED
SHP-004020-1,ORD-004020-1,SUP-0023,2026-03-19,2026-03-21,DELIVERED
SHP-004020-2,ORD-004020-2,SUP-0023,2026-03-30,2026-03-30,DELIVERED
SHP-004020-3,ORD-004020-3,SUP-0023,2026-03-24,2026-03-24,DELIVERED
SHP-004021-1,ORD-004021-1,SUP-0118,2026-06-25,2026-06-25,DELIVERED
SHP-004021-2,ORD-004021-2,SUP-0118,2026-06-21,2026-06-21,DELIVERED
SHP-004022-1,ORD-004022-1,SUP-0039,2026-03-27,2026-03-27,DELIVERED
SHP-004022-2,ORD-004022-2,SUP-0039,2026-03-26,2026-03-26,DELIVERED
SHP-004022-3,ORD-004022-3,SUP-0039,2026-04-04,2026-04-04,DELIVERED
SHP-004023-1,ORD-004023-1,SUP-0025,2026-09-22,2026-09-24,IN_TRANSIT
SHP-004024-1,ORD-004024-1,SUP-0021,2026-05-28,2026-05-30,DELIVERED
SHP-004025-1,ORD-004025-1,SUP-0106,2026-02-10,2026-02-10,DELIVERED
SHP-004026-1,ORD-004026-1,SUP-0032,2026-06-02,2026-06-02,DELIVERED
SHP-004026-2,ORD-004026-2,SUP-0032,2026-06-09,2026-06-09,DELIVERED
SHP-004026-3,ORD-004026-3,SUP-0032,2026-05-22,2026-05-24,DELIVERED
SHP-004026-4,ORD-004026-4,SUP-0032,2026-05-31,2026-05-31,DELIVERED
SHP-004027-1,ORD-004027-1,SUP-0004,2026-05-13,2026-05-15,DELIVERED
SHP-004028-1,ORD-004028-1,SUP-0004,2026-08-26,2026-08-28,DELIVERED
SHP-004028-2,ORD-004028-2,SUP-0004,2026-08-29,2026-08-29,DELIVERED
SHP-004029-1,ORD-004029-1,SUP-0034,2026-06-25,2026-06-25,DELIVERED
SHP-004030-1,ORD-004030-1,SUP-0025,2026-06-18,2026-06-18,DELIVERED
SHP-004031-1,ORD-004031-1,SUP-0098,2026-02-21,2026-02-21,DELIVERED
SHP-004031-2,ORD-004031-2,SUP-0098,2026-02-11,2026-02-11,DELIVERED
SHP-004031-3,ORD-004031-3,SUP-0098,2026-02-23,2026-02-23,DELIVERED
SHP-004032-1,ORD-004032-1,SUP-0091,2026-08-30,2026-08-30,DELIVERED
SHP-004032-2,ORD-004032-2,SUP-0091,2026-08-30,2026-08-30,DELIVERED
SHP-004032-3,ORD-004032-3,SUP-0091,2026-08-22,2026-08-23,DELIVERED
SHP-004032-4,ORD-004032-4,SUP-0091,2026-08-20,2026-08-20,DELIVERED
SHP-004033-1,ORD-004033-1,SUP-0005,2026-07-13,2026-07-14,DELIVERED
SHP-004033-2,ORD-004033-2,SUP-0005,2026-08-07,2026-08-07,DELIVERED
SHP-004033-3,ORD-004033-3,SUP-0005,2026-07-20,2026-07-22,DELIVERED
SHP-004034-1,ORD-004034-1,SUP-0056,2026-03-07,2026-03-07,DELIVERED
SHP-004034-2,ORD-004034-2,SUP-0056,2026-03-01,2026-03-03,DELIVERED
SHP-004034-3,ORD-004034-3,SUP-0056,2026-03-07,2026-03-07,DELIVERED
SHP-004034-4,ORD-004034-4,SUP-0056,2026-03-06,2026-03-08,DELIVERED
SHP-004035-1,ORD-004035-1,SUP-0011,2026-06-13,2026-06-13,DELIVERED
SHP-004035-2,ORD-004035-2,SUP-0011,2026-06-09,2026-06-10,DELIVERED
SHP-004035-3,ORD-004035-3,SUP-0011,2026-06-09,2026-06-09,DELIVERED
SHP-004036-1,ORD-004036-1,SUP-0103,2026-08-14,2026-08-14,DELIVERED
SHP-004036-2,ORD-004036-2,SUP-0103,2026-08-25,2026-08-27,DELIVERED
SHP-004036-3,ORD-004036-3,SUP-0103,2026-08-16,2026-08-17,DELIVERED
SHP-004036-4,ORD-004036-4,SUP-0103,2026-08-25,2026-08-25,DELIVERED
SHP-004037-1,ORD-004037-1,SUP-0101,2026-03-26,2026-03-28,DELIVERED
SHP-004037-2,ORD-004037-2,SUP-0101,2026-04-13,2026-04-15,DELIVERED
SHP-004037-3,ORD-004037-3,SUP-0101,2026-04-02,2026-04-03,DELIVERED
SHP-004038-1,ORD-004038-1,SUP-0014,2026-04-03,2026-04-03,DELIVERED
SHP-004038-2,ORD-004038-2,SUP-0014,2026-04-19,2026-04-21,DELIVERED
SHP-004039-1,ORD-004039-1,SUP-0026,2026-02-11,2026-02-11,DELIVERED
SHP-004039-2,ORD-004039-2,SUP-0026,2026-02-05,2026-02-07,DELIVERED
SHP-004039-3,ORD-004039-3,SUP-0026,2026-02-20,2026-02-21,DELIVERED
SHP-004039-4,ORD-004039-4,SUP-0026,2026-02-10,2026-02-12,DELIVERED
SHP-004040-1,ORD-004040-1,SUP-0118,2026-05-20,2026-05-21,DELIVERED
SHP-004040-2,ORD-004040-2,SUP-0118,2026-04-25,2026-04-25,DELIVERED
SHP-004040-3,ORD-004040-3,SUP-0118,2026-05-09,2026-05-09,DELIVERED
SHP-004041-1,ORD-004041-1,SUP-0026,2026-09-11,2026-09-11,IN_TRANSIT
SHP-004041-2,ORD-004041-2,SUP-0026,2026-09-24,2026-09-24,IN_TRANSIT
SHP-004041-3,ORD-004041-3,SUP-0026,2026-09-19,2026-09-20,IN_TRANSIT
SHP-004041-4,ORD-004041-4,SUP-0026,2026-09-22,2026-09-22,IN_TRANSIT
SHP-004042-1,ORD-004042-1,SUP-0005,2026-03-17,2026-03-18,DELIVERED
SHP-004043-1,ORD-004043-1,SUP-0025,2026-04-05,2026-04-07,DELIVERED
SHP-004044-1,ORD-004044-1,SUP-0071,2026-05-26,2026-05-26,DELIVERED
SHP-004045-1,ORD-004045-1,SUP-0016,2026-09-17,2026-09-19,IN_TRANSIT
SHP-004045-2,ORD-004045-2,SUP-0016,2026-09-06,2026-09-08,IN_TRANSIT
SHP-004046-1,ORD-004046-1,SUP-0058,2026-05-25,2026-05-25,DELIVERED
SHP-004047-1,ORD-004047-1,SUP-0004,2026-03-23,2026-03-23,DELIVERED
SHP-004047-2,ORD-004047-2,SUP-0004,2026-03-11,2026-03-11,DELIVERED
SHP-004047-3,ORD-004047-3,SUP-0004,2026-03-13,2026-03-13,DELIVERED
SHP-004048-1,ORD-004048-1,SUP-0058,2026-09-14,2026-09-15,IN_TRANSIT
SHP-004048-2,ORD-004048-2,SUP-0058,2026-09-05,2026-09-05,IN_TRANSIT
SHP-004048-3,ORD-004048-3,SUP-0058,2026-09-05,2026-09-06,IN_TRANSIT
SHP-004049-1,ORD-004049-1,SUP-0064,2026-05-22,2026-05-24,DELIVERED
SHP-004049-2,ORD-004049-2,SUP-0064,2026-05-26,2026-05-27,DELIVERED
SHP-004049-3,ORD-004049-3,SUP-0064,2026-05-17,2026-05-19,DELIVERED
SHP-004050-1,ORD-004050-1,SUP-0088,2026-04-02,2026-04-03,DELIVERED
SHP-004050-2,ORD-004050-2,SUP-0088,2026-04-20,2026-04-20,DELIVERED
SHP-004050-3,ORD-004050-3,SUP-0088,2026-04-25,2026-04-25,DELIVERED
SHP-004050-4,ORD-004050-4,SUP-0088,2026-04-23,2026-04-25,DELIVERED
SHP-004051-1,ORD-004051-1,SUP-0061,2026-04-23,2026-04-25,DELIVERED
SHP-004051-2,ORD-004051-2,SUP-0061,2026-05-13,2026-05-13,DELIVERED
SHP-004052-1,ORD-004052-1,SUP-0047,2026-09-30,2026-09-30,IN_TRANSIT
SHP-004052-2,ORD-004052-2,SUP-0047,2026-09-29,2026-09-29,IN_TRANSIT
SHP-004053-1,ORD-004053-1,SUP-0052,2026-02-02,2026-02-03,DELIVERED
SHP-004054-1,ORD-004054-1,SUP-0031,2026-01-27,2026-01-27,DELIVERED
SHP-004054-2,ORD-004054-2,SUP-0031,2026-02-09,2026-02-09,DELIVERED
SHP-004055-1,ORD-004055-1,SUP-0018,2026-02-07,2026-02-09,DELIVERED
SHP-004056-1,ORD-004056-1,SUP-0065,2026-06-20,2026-06-20,DELIVERED
SHP-004056-2,ORD-004056-2,SUP-0065,2026-06-26,2026-06-26,DELIVERED
SHP-004056-3,ORD-004056-3,SUP-0065,2026-07-02,2026-07-04,DELIVERED
SHP-004056-4,ORD-004056-4,SUP-0065,2026-06-19,2026-06-20,DELIVERED
SHP-004057-1,ORD-004057-1,SUP-0063,2026-02-03,2026-02-05,DELIVERED
SHP-004057-2,ORD-004057-2,SUP-0063,2026-02-02,2026-02-02,DELIVERED
SHP-004058-1,ORD-004058-1,SUP-0106,2026-06-04,2026-06-04,DELIVERED
SHP-004058-2,ORD-004058-2,SUP-0106,2026-05-24,2026-05-26,DELIVERED
SHP-004058-3,ORD-004058-3,SUP-0106,2026-05-31,2026-05-31,DELIVERED
SHP-004058-4,ORD-004058-4,SUP-0106,2026-05-27,2026-05-27,DELIVERED
SHP-004059-1,ORD-004059-1,SUP-0041,2026-05-16,2026-05-16,DELIVERED
SHP-004059-2,ORD-004059-2,SUP-0041,2026-05-26,2026-05-26,DELIVERED
SHP-004059-3,ORD-004059-3,SUP-0041,2026-05-24,2026-05-24,DELIVERED
SHP-004060-1,ORD-004060-1,SUP-0096,2026-03-12,2026-03-13,DELIVERED
SHP-004060-2,ORD-004060-2,SUP-0096,2026-03-09,2026-03-09,DELIVERED
SHP-004061-1,ORD-004061-1,SUP-0068,2026-04-21,2026-04-21,DELIVERED
SHP-004061-2,ORD-004061-2,SUP-0068,2026-04-26,2026-04-26,DELIVERED
SHP-004061-3,ORD-004061-3,SUP-0068,2026-04-03,2026-04-03,DELIVERED
SHP-004061-4,ORD-004061-4,SUP-0068,2026-04-16,2026-04-18,DELIVERED
SHP-004062-1,ORD-004062-1,SUP-0064,2026-03-10,2026-03-11,DELIVERED
SHP-004062-2,ORD-004062-2,SUP-0064,2026-03-13,2026-03-13,DELIVERED
SHP-004063-1,ORD-004063-1,SUP-0079,2026-05-04,2026-05-06,DELIVERED
SHP-004064-1,ORD-004064-1,SUP-0040,2026-04-03,2026-04-05,DELIVERED
SHP-004064-2,ORD-004064-2,SUP-0040,2026-03-27,2026-03-27,DELIVERED
SHP-004064-3,ORD-004064-3,SUP-0040,2026-04-10,2026-04-10,DELIVERED
SHP-004064-4,ORD-004064-4,SUP-0040,2026-04-07,2026-04-09,DELIVERED
SHP-004065-1,ORD-004065-1,SUP-0044,2026-03-15,2026-03-15,DELIVERED
SHP-004066-1,ORD-004066-1,SUP-0019,2026-03-21,2026-03-21,DELIVERED
SHP-004066-2,ORD-004066-2,SUP-0019,2026-03-22,2026-03-22,DELIVERED
SHP-004066-3,ORD-004066-3,SUP-0019,2026-03-29,2026-03-29,DELIVERED
SHP-004066-4,ORD-004066-4,SUP-0019,2026-03-28,2026-03-28,DELIVERED
SHP-004067-1,ORD-004067-1,SUP-0099,2026-04-13,2026-04-13,DELIVERED
SHP-004067-2,ORD-004067-2,SUP-0099,2026-04-15,2026-04-16,DELIVERED
SHP-004067-3,ORD-004067-3,SUP-0099,2026-04-28,2026-04-28,DELIVERED
SHP-004068-1,ORD-004068-1,SUP-0017,2026-02-26,2026-02-27,DELIVERED
SHP-004068-2,ORD-004068-2,SUP-0017,2026-02-10,2026-02-12,DELIVERED
SHP-004069-1,ORD-004069-1,SUP-0090,2026-05-21,2026-05-23,DELIVERED
SHP-004070-1,ORD-004070-1,SUP-0053,2026-09-09,2026-09-11,IN_TRANSIT
SHP-004070-2,ORD-004070-2,SUP-0053,2026-09-05,2026-09-05,IN_TRANSIT
SHP-004070-3,ORD-004070-3,SUP-0053,2026-09-10,2026-09-12,IN_TRANSIT
SHP-004070-4,ORD-004070-4,SUP-0053,2026-09-17,2026-09-17,IN_TRANSIT
SHP-004071-1,ORD-004071-1,SUP-0002,2026-02-25,2026-02-27,DELIVERED
SHP-004071-2,ORD-004071-2,SUP-0002,2026-02-21,2026-02-21,DELIVERED
SHP-004072-1,ORD-004072-1,SUP-0109,2026-07-22,2026-07-22,DELIVERED
SHP-004072-2,ORD-004072-2,SUP-0109,2026-07-23,2026-07-23,DELIVERED
SHP-004072-3,ORD-004072-3,SUP-0109,2026-07-31,2026-07-31,DELIVERED
SHP-004072-4,ORD-004072-4,SUP-0109,2026-08-05,2026-08-06,DELIVERED
SHP-004073-1,ORD-004073-1,SUP-0038,2026-09-23,2026-09-24,IN_TRANSIT
SHP-004073-2,ORD-004073-2,SUP-0038,2026-09-27,2026-09-27,IN_TRANSIT
SHP-004074-1,ORD-004074-1,SUP-0007,2026-01-11,2026-01-11,DELIVERED
SHP-004074-2,ORD-004074-2,SUP-0007,2026-02-03,2026-02-03,DELIVERED
SHP-004075-1,ORD-004075-1,SUP-0026,2026-07-06,2026-07-08,DELIVERED
SHP-004076-1,ORD-004076-1,SUP-0083,2026-02-10,2026-02-10,DELIVERED
SHP-004076-2,ORD-004076-2,SUP-0083,2026-02-09,2026-02-09,DELIVERED
SHP-004076-3,ORD-004076-3,SUP-0083,2026-02-25,2026-02-27,DELIVERED
SHP-004077-1,ORD-004077-1,SUP-0080,2026-07-22,2026-07-22,DELIVERED
SHP-004077-2,ORD-004077-2,SUP-0080,2026-07-11,2026-07-13,DELIVERED
SHP-004078-1,ORD-004078-1,SUP-0063,2026-06-29,2026-06-30,DELIVERED
SHP-004078-2,ORD-004078-2,SUP-0063,2026-06-24,2026-06-24,DELIVERED
SHP-004078-3,ORD-004078-3,SUP-0063,2026-06-21,2026-06-21,DELIVERED
SHP-004079-1,ORD-004079-1,SUP-0043,2026-02-08,2026-02-08,DELIVERED
SHP-004079-2,ORD-004079-2,SUP-0043,2026-02-06,2026-02-07,DELIVERED
SHP-004080-1,ORD-004080-1,SUP-0100,2026-07-04,2026-07-04,DELIVERED
SHP-004080-2,ORD-004080-2,SUP-0100,2026-07-16,2026-07-16,DELIVERED
SHP-004080-3,ORD-004080-3,SUP-0100,2026-07-02,2026-07-02,DELIVERED
SHP-004080-4,ORD-004080-4,SUP-0100,2026-07-04,2026-07-05,DELIVERED
SHP-004081-1,ORD-004081-1,SUP-0002,2026-05-10,2026-05-10,DELIVERED
SHP-004081-2,ORD-004081-2,SUP-0002,2026-05-17,2026-05-17,DELIVERED
SHP-004081-3,ORD-004081-3,SUP-0002,2026-05-04,2026-05-06,DELIVERED
SHP-004081-4,ORD-004081-4,SUP-0002,2026-05-11,2026-05-11,DELIVERED
SHP-004082-1,ORD-004082-1,SUP-0057,2026-02-13,2026-02-14,DELIVERED
SHP-004083-1,ORD-004083-1,SUP-0072,2026-03-16,2026-03-16,DELIVERED
SHP-004083-2,ORD-004083-2,SUP-0072,2026-03-17,2026-03-17,DELIVERED
SHP-004084-1,ORD-004084-1,SUP-0030,2026-09-04,2026-09-04,IN_TRANSIT
SHP-004084-2,ORD-004084-2,SUP-0030,2026-09-13,2026-09-13,IN_TRANSIT
SHP-004084-3,ORD-004084-3,SUP-0030,2026-09-12,2026-09-13,IN_TRANSIT
SHP-004084-4,ORD-004084-4,SUP-0030,2026-09-27,2026-09-28,IN_TRANSIT
SHP-004085-1,ORD-004085-1,SUP-0014,2026-04-15,2026-04-15,DELIVERED
SHP-004085-2,ORD-004085-2,SUP-0014,2026-05-06,2026-05-08,DELIVERED
SHP-004085-3,ORD-004085-3,SUP-0014,2026-04-17,2026-04-17,DELIVERED
SHP-004086-1,ORD-004086-1,SUP-0091,2026-05-17,2026-05-19,DELIVERED
SHP-004086-2,ORD-004086-2,SUP-0091,2026-05-17,2026-05-17,DELIVERED
SHP-004086-3,ORD-004086-3,SUP-0091,2026-05-22,2026-05-23,DELIVERED
SHP-004086-4,ORD-004086-4,SUP-0091,2026-05-15,2026-05-16,DELIVERED
SHP-004087-1,ORD-004087-1,SUP-0118,2026-08-21,2026-08-21,DELIVERED
SHP-004087-2,ORD-004087-2,SUP-0118,2026-08-24,2026-08-24,DELIVERED
SHP-004087-3,ORD-004087-3,SUP-0118,2026-08-13,2026-08-13,DELIVERED
SHP-004087-4,ORD-004087-4,SUP-0118,2026-08-08,2026-08-08,DELIVERED
SHP-004088-1,ORD-004088-1,SUP-0092,2026-08-26,2026-08-28,DELIVERED
SHP-004088-2,ORD-004088-2,SUP-0092,2026-08-06,2026-08-06,DELIVERED
SHP-004089-1,ORD-004089-1,SUP-0063,2026-06-11,2026-06-11,DELIVERED
SHP-004090-1,ORD-004090-1,SUP-0023,2026-04-16,2026-04-17,DELIVERED
SHP-004090-2,ORD-004090-2,SUP-0023,2026-04-16,2026-04-16,DELIVERED
SHP-004091-1,ORD-004091-1,SUP-0049,2026-05-10,2026-05-10,DELIVERED
SHP-004092-1,ORD-004092-1,SUP-0035,2026-03-29,2026-03-29,DELIVERED
SHP-004092-2,ORD-004092-2,SUP-0035,2026-03-08,2026-03-08,DELIVERED
SHP-004092-3,ORD-004092-3,SUP-0035,2026-03-21,2026-03-23,DELIVERED
SHP-004092-4,ORD-004092-4,SUP-0035,2026-03-05,2026-03-06,DELIVERED
SHP-004093-1,ORD-004093-1,SUP-0107,2026-06-06,2026-06-08,DELIVERED
SHP-004094-1,ORD-004094-1,SUP-0047,2026-04-02,2026-04-03,DELIVERED
SHP-004094-2,ORD-004094-2,SUP-0047,2026-03-31,2026-03-31,DELIVERED
SHP-004094-3,ORD-004094-3,SUP-0047,2026-03-29,2026-03-30,DELIVERED
SHP-004094-4,ORD-004094-4,SUP-0047,2026-03-30,2026-03-31,DELIVERED
SHP-004095-1,ORD-004095-1,SUP-0005,2026-02-27,2026-03-01,DELIVERED
SHP-004095-2,ORD-004095-2,SUP-0005,2026-03-13,2026-03-13,DELIVERED
SHP-004095-3,ORD-004095-3,SUP-0005,2026-03-07,2026-03-07,DELIVERED
SHP-004096-1,ORD-004096-1,SUP-0035,2026-02-08,2026-02-08,DELIVERED
SHP-004096-2,ORD-004096-2,SUP-0035,2026-02-05,2026-02-05,DELIVERED
SHP-004096-3,ORD-004096-3,SUP-0035,2026-02-08,2026-02-08,DELIVERED
SHP-004097-1,ORD-004097-1,SUP-0051,2026-01-12,2026-01-13,DELIVERED
SHP-004098-1,ORD-004098-1,SUP-0032,2026-03-31,2026-04-01,DELIVERED
SHP-004099-1,ORD-004099-1,SUP-0056,2026-05-09,2026-05-09,DELIVERED
SHP-004099-2,ORD-004099-2,SUP-0056,2026-05-25,2026-05-27,DELIVERED
SHP-004099-3,ORD-004099-3,SUP-0056,2026-05-14,2026-05-16,DELIVERED
SHP-004100-1,ORD-004100-1,SUP-0091,2026-07-20,2026-07-21,DELIVERED
SHP-004100-2,ORD-004100-2,SUP-0091,2026-07-23,2026-07-23,DELIVERED
SHP-004100-3,ORD-004100-3,SUP-0091,2026-07-06,2026-07-07,DELIVERED
SHP-004101-1,ORD-004101-1,SUP-0114,2026-09-20,2026-09-22,IN_TRANSIT
SHP-004101-2,ORD-004101-2,SUP-0114,2026-08-21,2026-08-21,DELIVERED
SHP-004101-3,ORD-004101-3,SUP-0114,2026-08-27,2026-08-29,DELIVERED
SHP-004102-1,ORD-004102-1,SUP-0083,2026-07-24,2026-07-24,DELIVERED
SHP-004102-2,ORD-004102-2,SUP-0083,2026-07-20,2026-07-20,DELIVERED
SHP-004102-3,ORD-004102-3,SUP-0083,2026-07-31,2026-07-31,DELIVERED
SHP-004102-4,ORD-004102-4,SUP-0083,2026-07-19,2026-07-19,DELIVERED
SHP-004103-1,ORD-004103-1,SUP-0035,2026-08-08,2026-08-08,DELIVERED
SHP-004103-2,ORD-004103-2,SUP-0035,2026-08-01,2026-08-01,DELIVERED
SHP-004103-3,ORD-004103-3,SUP-0035,2026-08-18,2026-08-19,DELIVERED
SHP-004104-1,ORD-004104-1,SUP-0039,2026-06-25,2026-06-27,DELIVERED
SHP-004105-1,ORD-004105-1,SUP-0013,2026-04-29,2026-04-29,DELIVERED
SHP-004105-2,ORD-004105-2,SUP-0013,2026-04-26,2026-04-27,DELIVERED
SHP-004105-3,ORD-004105-3,SUP-0013,2026-04-08,2026-04-09,DELIVERED
SHP-004105-4,ORD-004105-4,SUP-0013,2026-04-25,2026-04-25,DELIVERED
SHP-004106-1,ORD-004106-1,SUP-0005,2026-08-17,2026-08-18,DELIVERED
SHP-004106-2,ORD-004106-2,SUP-0005,2026-08-18,2026-08-18,DELIVERED
SHP-004107-1,ORD-004107-1,SUP-0089,2026-07-11,2026-07-12,DELIVERED
SHP-004107-2,ORD-004107-2,SUP-0089,2026-07-15,2026-07-17,DELIVERED
SHP-004107-3,ORD-004107-3,SUP-0089,2026-07-12,2026-07-12,DELIVERED
SHP-004108-1,ORD-004108-1,SUP-0055,2026-05-27,2026-05-27,DELIVERED
SHP-004108-2,ORD-004108-2,SUP-0055,2026-06-02,2026-06-03,DELIVERED
SHP-004109-1,ORD-004109-1,SUP-0076,2026-06-04,2026-06-06,DELIVERED
SHP-004109-2,ORD-004109-2,SUP-0076,2026-06-13,2026-06-14,DELIVERED
SHP-004110-1,ORD-004110-1,SUP-0030,2026-07-16,2026-07-18,DELIVERED
SHP-004111-1,ORD-004111-1,SUP-0012,2026-02-05,2026-02-05,DELIVERED
SHP-004111-2,ORD-004111-2,SUP-0012,2026-03-01,2026-03-01,DELIVERED
SHP-004112-1,ORD-004112-1,SUP-0051,2026-04-25,2026-04-26,DELIVERED
SHP-004113-1,ORD-004113-1,SUP-0004,2026-05-31,2026-06-02,DELIVERED
SHP-004113-2,ORD-004113-2,SUP-0004,2026-06-08,2026-06-08,DELIVERED
SHP-004114-1,ORD-004114-1,SUP-0018,2026-09-07,2026-09-07,IN_TRANSIT
SHP-004115-1,ORD-004115-1,SUP-0047,2026-06-06,2026-06-06,DELIVERED
SHP-004116-1,ORD-004116-1,SUP-0003,2026-07-16,2026-07-16,DELIVERED
SHP-004116-2,ORD-004116-2,SUP-0003,2026-07-20,2026-07-22,DELIVERED
SHP-004116-3,ORD-004116-3,SUP-0003,2026-07-15,2026-07-15,DELIVERED
SHP-004117-1,ORD-004117-1,SUP-0026,2026-01-24,2026-01-24,DELIVERED
SHP-004117-2,ORD-004117-2,SUP-0026,2026-01-15,2026-01-17,DELIVERED
SHP-004117-3,ORD-004117-3,SUP-0026,2026-01-27,2026-01-29,DELIVERED
SHP-004118-1,ORD-004118-1,SUP-0113,2026-01-26,2026-01-26,DELIVERED
SHP-004118-2,ORD-004118-2,SUP-0113,2026-02-09,2026-02-09,DELIVERED
SHP-004119-1,ORD-004119-1,SUP-0012,2026-06-11,2026-06-11,DELIVERED
SHP-004119-2,ORD-004119-2,SUP-0012,2026-06-20,2026-06-20,DELIVERED
SHP-004120-1,ORD-004120-1,SUP-0010,2026-05-19,2026-05-19,DELIVERED
SHP-004121-1,ORD-004121-1,SUP-0030,2026-09-13,2026-09-13,IN_TRANSIT
SHP-004121-2,ORD-004121-2,SUP-0030,2026-09-15,2026-09-15,IN_TRANSIT
SHP-004122-1,ORD-004122-1,SUP-0030,2026-03-29,2026-03-31,DELIVERED
SHP-004122-2,ORD-004122-2,SUP-0030,2026-04-14,2026-04-14,DELIVERED
SHP-004122-3,ORD-004122-3,SUP-0030,2026-04-05,2026-04-07,DELIVERED
SHP-004122-4,ORD-004122-4,SUP-0030,2026-03-17,2026-03-17,DELIVERED
SHP-004123-1,ORD-004123-1,SUP-0087,2026-07-10,2026-07-10,DELIVERED
SHP-004123-2,ORD-004123-2,SUP-0087,2026-06-21,2026-06-23,DELIVERED
SHP-004123-3,ORD-004123-3,SUP-0087,2026-07-10,2026-07-10,DELIVERED
SHP-004123-4,ORD-004123-4,SUP-0087,2026-06-18,2026-06-18,DELIVERED
SHP-004124-1,ORD-004124-1,SUP-0120,2026-03-16,2026-03-18,DELIVERED
SHP-004124-2,ORD-004124-2,SUP-0120,2026-03-18,2026-03-20,DELIVERED
SHP-004124-3,ORD-004124-3,SUP-0120,2026-03-10,2026-03-10,DELIVERED
SHP-004124-4,ORD-004124-4,SUP-0120,2026-03-18,2026-03-19,DELIVERED
SHP-004125-1,ORD-004125-1,SUP-0050,2026-07-13,2026-07-15,DELIVERED
SHP-004125-2,ORD-004125-2,SUP-0050,2026-07-11,2026-07-13,DELIVERED
SHP-004125-3,ORD-004125-3,SUP-0050,2026-07-06,2026-07-06,DELIVERED
SHP-004125-4,ORD-004125-4,SUP-0050,2026-07-20,2026-07-22,DELIVERED
SHP-004126-1,ORD-004126-1,SUP-0078,2026-03-07,2026-03-07,DELIVERED
SHP-004126-2,ORD-004126-2,SUP-0078,2026-03-04,2026-03-06,DELIVERED
SHP-004126-3,ORD-004126-3,SUP-0078,2026-03-15,2026-03-15,DELIVERED
SHP-004127-1,ORD-004127-1,SUP-0008,2026-03-16,2026-03-18,DELIVERED
SHP-004127-2,ORD-004127-2,SUP-0008,2026-03-12,2026-03-12,DELIVERED
SHP-004127-3,ORD-004127-3,SUP-0008,2026-03-19,2026-03-19,DELIVERED
SHP-004128-1,ORD-004128-1,SUP-0111,2026-05-29,2026-05-29,DELIVERED
SHP-004128-2,ORD-004128-2,SUP-0111,2026-06-09,2026-06-10,DELIVERED
SHP-004128-3,ORD-004128-3,SUP-0111,2026-06-07,2026-06-09,DELIVERED
SHP-004128-4,ORD-004128-4,SUP-0111,2026-06-19,2026-06-21,DELIVERED
SHP-004129-1,ORD-004129-1,SUP-0107,2026-09-26,2026-09-28,IN_TRANSIT
SHP-004129-2,ORD-004129-2,SUP-0107,2026-09-16,2026-09-16,IN_TRANSIT
SHP-004129-3,ORD-004129-3,SUP-0107,2026-09-22,2026-09-23,IN_TRANSIT
SHP-004129-4,ORD-004129-4,SUP-0107,2026-09-11,2026-09-11,IN_TRANSIT
SHP-004130-1,ORD-004130-1,SUP-0120,2026-05-09,2026-05-09,DELIVERED
SHP-004130-2,ORD-004130-2,SUP-0120,2026-05-08,2026-05-08,DELIVERED
SHP-004130-3,ORD-004130-3,SUP-0120,2026-05-06,2026-05-06,DELIVERED
SHP-004131-1,ORD-004131-1,SUP-0101,2026-06-19,2026-06-20,DELIVERED
SHP-004131-2,ORD-004131-2,SUP-0101,2026-06-13,2026-06-14,DELIVERED
SHP-004131-3,ORD-004131-3,SUP-0101,2026-06-14,2026-06-14,DELIVERED
SHP-004132-1,ORD-004132-1,SUP-0112,2026-08-11,2026-08-13,DELIVERED
SHP-004132-2,ORD-004132-2,SUP-0112,2026-08-24,2026-08-26,DELIVERED
SHP-004132-3,ORD-004132-3,SUP-0112,2026-08-17,2026-08-17,DELIVERED
SHP-004133-1,ORD-004133-1,SUP-0005,2026-02-11,2026-02-13,DELIVERED
SHP-004133-2,ORD-004133-2,SUP-0005,2026-01-29,2026-01-29,DELIVERED
SHP-004133-3,ORD-004133-3,SUP-0005,2026-02-13,2026-02-13,DELIVERED
SHP-004134-1,ORD-004134-1,SUP-0080,2026-06-15,2026-06-15,DELIVERED
SHP-004134-2,ORD-004134-2,SUP-0080,2026-06-25,2026-06-26,DELIVERED
SHP-004135-1,ORD-004135-1,SUP-0114,2026-02-06,2026-02-08,DELIVERED
SHP-004135-2,ORD-004135-2,SUP-0114,2026-02-16,2026-02-17,DELIVERED
SHP-004135-3,ORD-004135-3,SUP-0114,2026-02-07,2026-02-07,DELIVERED
SHP-004136-1,ORD-004136-1,SUP-0078,2026-04-18,2026-04-19,DELIVERED
SHP-004136-2,ORD-004136-2,SUP-0078,2026-04-06,2026-04-06,DELIVERED
SHP-004136-3,ORD-004136-3,SUP-0078,2026-04-07,2026-04-07,DELIVERED
SHP-004136-4,ORD-004136-4,SUP-0078,2026-04-07,2026-04-07,DELIVERED
SHP-004137-1,ORD-004137-1,SUP-0109,2026-04-08,2026-04-08,DELIVERED
SHP-004137-2,ORD-004137-2,SUP-0109,2026-04-25,2026-04-26,DELIVERED
SHP-004138-1,ORD-004138-1,SUP-0025,2026-02-20,2026-02-21,DELIVERED
SHP-004138-2,ORD-004138-2,SUP-0025,2026-02-19,2026-02-19,DELIVERED
SHP-004138-3,ORD-004138-3,SUP-0025,2026-02-09,2026-02-09,DELIVERED
SHP-004139-1,ORD-004139-1,SUP-0117,2026-08-27,2026-08-27,DELIVERED
SHP-004140-1,ORD-004140-1,SUP-0113,2026-07-11,2026-07-12,DELIVERED
SHP-004140-2,ORD-004140-2,SUP-0113,2026-07-07,2026-07-08,DELIVERED
SHP-004140-3,ORD-004140-3,SUP-0113,2026-06-29,2026-06-29,DELIVERED
SHP-004141-1,ORD-004141-1,SUP-0066,2026-07-01,2026-07-03,DELIVERED
SHP-004142-1,ORD-004142-1,SUP-0011,2026-09-21,2026-09-21,IN_TRANSIT
SHP-004142-2,ORD-004142-2,SUP-0011,2026-09-24,2026-09-24,IN_TRANSIT
SHP-004142-3,ORD-004142-3,SUP-0011,2026-09-14,2026-09-14,IN_TRANSIT
SHP-004142-4,ORD-004142-4,SUP-0011,2026-09-14,2026-09-14,IN_TRANSIT
SHP-004143-1,ORD-004143-1,SUP-0108,2026-03-27,2026-03-27,DELIVERED
SHP-004144-1,ORD-004144-1,SUP-0103,2026-08-03,2026-08-05,DELIVERED
SHP-004144-2,ORD-004144-2,SUP-0103,2026-08-22,2026-08-23,DELIVERED
SHP-004144-3,ORD-004144-3,SUP-0103,2026-08-21,2026-08-23,DELIVERED
SHP-004144-4,ORD-004144-4,SUP-0103,2026-08-11,2026-08-12,DELIVERED
SHP-004145-1,ORD-004145-1,SUP-0063,2026-08-10,2026-08-10,DELIVERED
SHP-004145-2,ORD-004145-2,SUP-0063,2026-07-25,2026-07-25,DELIVERED
SHP-004146-1,ORD-004146-1,SUP-0104,2026-05-28,2026-05-28,DELIVERED
SHP-004147-1,ORD-004147-1,SUP-0078,2026-08-03,2026-08-05,DELIVERED
SHP-004148-1,ORD-004148-1,SUP-0080,2026-06-19,2026-06-21,DELIVERED
SHP-004148-2,ORD-004148-2,SUP-0080,2026-06-11,2026-06-13,DELIVERED
SHP-004148-3,ORD-004148-3,SUP-0080,2026-06-03,2026-06-04,DELIVERED
SHP-004148-4,ORD-004148-4,SUP-0080,2026-06-15,2026-06-16,DELIVERED
SHP-004149-1,ORD-004149-1,SUP-0113,2026-05-20,2026-05-20,DELIVERED
SHP-004149-2,ORD-004149-2,SUP-0113,2026-06-02,2026-06-02,DELIVERED
SHP-004149-3,ORD-004149-3,SUP-0113,2026-05-26,2026-05-26,DELIVERED
SHP-004150-1,ORD-004150-1,SUP-0028,2026-06-21,2026-06-21,DELIVERED
SHP-004150-2,ORD-004150-2,SUP-0028,2026-07-06,2026-07-06,DELIVERED
SHP-004150-3,ORD-004150-3,SUP-0028,2026-07-02,2026-07-02,DELIVERED
SHP-004150-4,ORD-004150-4,SUP-0028,2026-06-25,2026-06-25,DELIVERED
SHP-004151-1,ORD-004151-1,SUP-0049,2026-03-08,2026-03-09,DELIVERED
SHP-004151-2,ORD-004151-2,SUP-0049,2026-03-22,2026-03-23,DELIVERED
SHP-004151-3,ORD-004151-3,SUP-0049,2026-03-04,2026-03-04,DELIVERED
SHP-004151-4,ORD-004151-4,SUP-0049,2026-03-11,2026-03-11,DELIVERED
SHP-004152-1,ORD-004152-1,SUP-0063,2026-03-28,2026-03-29,DELIVERED
SHP-004153-1,ORD-004153-1,SUP-0034,2026-05-31,2026-05-31,DELIVERED
SHP-004153-2,ORD-004153-2,SUP-0034,2026-06-07,2026-06-08,DELIVERED
SHP-004153-3,ORD-004153-3,SUP-0034,2026-06-17,2026-06-18,DELIVERED
SHP-004153-4,ORD-004153-4,SUP-0034,2026-05-28,2026-05-28,DELIVERED
SHP-004154-1,ORD-004154-1,SUP-0094,2026-08-28,2026-08-29,DELIVERED
SHP-004155-1,ORD-004155-1,SUP-0071,2026-02-21,2026-02-22,DELIVERED
SHP-004155-2,ORD-004155-2,SUP-0071,2026-01-30,2026-01-30,DELIVERED
SHP-004155-3,ORD-004155-3,SUP-0071,2026-02-08,2026-02-08,DELIVERED
SHP-004156-1,ORD-004156-1,SUP-0027,2026-03-25,2026-03-25,DELIVERED
SHP-004156-2,ORD-004156-2,SUP-0027,2026-03-22,2026-03-24,DELIVERED
SHP-004157-1,ORD-004157-1,SUP-0027,2026-08-16,2026-08-16,DELIVERED
SHP-004157-2,ORD-004157-2,SUP-0027,2026-08-05,2026-08-05,DELIVERED
SHP-004157-3,ORD-004157-3,SUP-0027,2026-09-02,2026-09-02,IN_TRANSIT
SHP-004158-1,ORD-004158-1,SUP-0053,2026-04-14,2026-04-14,DELIVERED
SHP-004158-2,ORD-004158-2,SUP-0053,2026-04-09,2026-04-09,DELIVERED
SHP-004158-3,ORD-004158-3,SUP-0053,2026-04-20,2026-04-20,DELIVERED
SHP-004158-4,ORD-004158-4,SUP-0053,2026-04-12,2026-04-14,DELIVERED
SHP-004159-1,ORD-004159-1,SUP-0049,2026-09-02,2026-09-02,IN_TRANSIT
SHP-004160-1,ORD-004160-1,SUP-0022,2026-08-08,2026-08-08,DELIVERED
SHP-004160-2,ORD-004160-2,SUP-0022,2026-07-12,2026-07-12,DELIVERED
SHP-004161-1,ORD-004161-1,SUP-0082,2026-08-02,2026-08-02,DELIVERED
SHP-004161-2,ORD-004161-2,SUP-0082,2026-07-23,2026-07-23,DELIVERED
SHP-004161-3,ORD-004161-3,SUP-0082,2026-07-29,2026-07-29,DELIVERED
SHP-004162-1,ORD-004162-1,SUP-0109,2026-06-04,2026-06-05,DELIVERED
SHP-004162-2,ORD-004162-2,SUP-0109,2026-06-21,2026-06-21,DELIVERED
SHP-004162-3,ORD-004162-3,SUP-0109,2026-06-16,2026-06-17,DELIVERED
SHP-004162-4,ORD-004162-4,SUP-0109,2026-05-28,2026-05-28,DELIVERED
SHP-004163-1,ORD-004163-1,SUP-0117,2026-07-18,2026-07-19,DELIVERED
SHP-004163-2,ORD-004163-2,SUP-0117,2026-07-19,2026-07-19,DELIVERED
SHP-004163-3,ORD-004163-3,SUP-0117,2026-07-13,2026-07-15,DELIVERED
SHP-004163-4,ORD-004163-4,SUP-0117,2026-07-31,2026-08-02,DELIVERED
SHP-004164-1,ORD-004164-1,SUP-0098,2026-04-14,2026-04-14,DELIVERED
SHP-004164-2,ORD-004164-2,SUP-0098,2026-04-27,2026-04-27,DELIVERED
SHP-004164-3,ORD-004164-3,SUP-0098,2026-04-11,2026-04-13,DELIVERED
SHP-004164-4,ORD-004164-4,SUP-0098,2026-04-10,2026-04-10,DELIVERED
SHP-004165-1,ORD-004165-1,SUP-0093,2026-02-26,2026-02-28,DELIVERED
SHP-004165-2,ORD-004165-2,SUP-0093,2026-02-13,2026-02-15,DELIVERED
SHP-004165-3,ORD-004165-3,SUP-0093,2026-02-24,2026-02-24,DELIVERED
SHP-004165-4,ORD-004165-4,SUP-0093,2026-02-13,2026-02-13,DELIVERED
SHP-004166-1,ORD-004166-1,SUP-0082,2026-02-01,2026-02-01,DELIVERED
SHP-004166-2,ORD-004166-2,SUP-0082,2026-02-07,2026-02-07,DELIVERED
SHP-004167-1,ORD-004167-1,SUP-0083,2026-02-04,2026-02-05,DELIVERED
SHP-004167-2,ORD-004167-2,SUP-0083,2026-02-23,2026-02-23,DELIVERED
SHP-004167-3,ORD-004167-3,SUP-0083,2026-02-14,2026-02-14,DELIVERED
SHP-004168-1,ORD-004168-1,SUP-0043,2026-08-27,2026-08-27,DELIVERED
SHP-004168-2,ORD-004168-2,SUP-0043,2026-08-30,2026-08-30,DELIVERED
SHP-004168-3,ORD-004168-3,SUP-0043,2026-08-24,2026-08-24,DELIVERED
SHP-004169-1,ORD-004169-1,SUP-0034,2026-03-17,2026-03-19,DELIVERED
SHP-004170-1,ORD-004170-1,SUP-0044,2026-04-08,2026-04-08,DELIVERED
SHP-004170-2,ORD-004170-2,SUP-0044,2026-04-30,2026-04-30,DELIVERED
SHP-004170-3,ORD-004170-3,SUP-0044,2026-04-25,2026-04-25,DELIVERED
SHP-004170-4,ORD-004170-4,SUP-0044,2026-04-23,2026-04-23,DELIVERED
SHP-004171-1,ORD-004171-1,SUP-0092,2026-03-10,2026-03-11,DELIVERED
SHP-004171-2,ORD-004171-2,SUP-0092,2026-02-23,2026-02-23,DELIVERED
SHP-004171-3,ORD-004171-3,SUP-0092,2026-03-17,2026-03-19,DELIVERED
SHP-004172-1,ORD-004172-1,SUP-0088,2026-02-18,2026-02-19,DELIVERED
SHP-004172-2,ORD-004172-2,SUP-0088,2026-02-17,2026-02-17,DELIVERED
SHP-004172-3,ORD-004172-3,SUP-0088,2026-02-17,2026-02-17,DELIVERED
SHP-004172-4,ORD-004172-4,SUP-0088,2026-03-02,2026-03-02,DELIVERED
SHP-004173-1,ORD-004173-1,SUP-0115,2026-08-28,2026-08-30,DELIVERED
SHP-004173-2,ORD-004173-2,SUP-0115,2026-09-01,2026-09-01,DELIVERED
SHP-004173-3,ORD-004173-3,SUP-0115,2026-08-31,2026-09-02,IN_TRANSIT
SHP-004174-1,ORD-004174-1,SUP-0080,2026-05-08,2026-05-08,DELIVERED
SHP-004174-2,ORD-004174-2,SUP-0080,2026-04-13,2026-04-13,DELIVERED
SHP-004175-1,ORD-004175-1,SUP-0110,2026-01-25,2026-01-26,DELIVERED
SHP-004175-2,ORD-004175-2,SUP-0110,2026-02-11,2026-02-13,DELIVERED
SHP-004176-1,ORD-004176-1,SUP-0096,2026-06-05,2026-06-07,DELIVERED
SHP-004177-1,ORD-004177-1,SUP-0007,2026-01-25,2026-01-27,DELIVERED
SHP-004177-2,ORD-004177-2,SUP-0007,2026-01-24,2026-01-25,DELIVERED
SHP-004177-3,ORD-004177-3,SUP-0007,2026-01-15,2026-01-15,DELIVERED
SHP-004177-4,ORD-004177-4,SUP-0007,2026-01-20,2026-01-20,DELIVERED
SHP-004178-1,ORD-004178-1,SUP-0007,2026-07-21,2026-07-21,DELIVERED
SHP-004178-2,ORD-004178-2,SUP-0007,2026-07-22,2026-07-22,DELIVERED
SHP-004178-3,ORD-004178-3,SUP-0007,2026-07-12,2026-07-12,DELIVERED
SHP-004178-4,ORD-004178-4,SUP-0007,2026-07-06,2026-07-08,DELIVERED
SHP-004179-1,ORD-004179-1,SUP-0044,2026-06-24,2026-06-24,DELIVERED
SHP-004179-2,ORD-004179-2,SUP-0044,2026-06-16,2026-06-16,DELIVERED
SHP-004179-3,ORD-004179-3,SUP-0044,2026-06-09,2026-06-10,DELIVERED
SHP-004179-4,ORD-004179-4,SUP-0044,2026-06-15,2026-06-15,DELIVERED
SHP-004180-1,ORD-004180-1,SUP-0091,2026-08-21,2026-08-21,DELIVERED
SHP-004180-2,ORD-004180-2,SUP-0091,2026-08-13,2026-08-14,DELIVERED
SHP-004180-3,ORD-004180-3,SUP-0091,2026-08-20,2026-08-20,DELIVERED
SHP-004181-1,ORD-004181-1,SUP-0053,2026-09-16,2026-09-16,IN_TRANSIT
SHP-004182-1,ORD-004182-1,SUP-0012,2026-05-18,2026-05-19,DELIVERED
SHP-004182-2,ORD-004182-2,SUP-0012,2026-05-16,2026-05-16,DELIVERED
SHP-004183-1,ORD-004183-1,SUP-0017,2026-08-01,2026-08-03,DELIVERED
SHP-004183-2,ORD-004183-2,SUP-0017,2026-08-16,2026-08-16,DELIVERED
SHP-004183-3,ORD-004183-3,SUP-0017,2026-08-04,2026-08-04,DELIVERED
SHP-004183-4,ORD-004183-4,SUP-0017,2026-08-13,2026-08-15,DELIVERED
SHP-004184-1,ORD-004184-1,SUP-0069,2026-08-02,2026-08-02,DELIVERED
SHP-004184-2,ORD-004184-2,SUP-0069,2026-08-05,2026-08-06,DELIVERED
SHP-004185-1,ORD-004185-1,SUP-0039,2026-03-25,2026-03-25,DELIVERED
SHP-004186-1,ORD-004186-1,SUP-0047,2026-03-11,2026-03-11,DELIVERED
SHP-004187-1,ORD-004187-1,SUP-0009,2026-03-30,2026-03-30,DELIVERED
SHP-004188-1,ORD-004188-1,SUP-0018,2026-07-19,2026-07-19,DELIVERED
SHP-004188-2,ORD-004188-2,SUP-0018,2026-07-29,2026-07-29,DELIVERED
SHP-004188-3,ORD-004188-3,SUP-0018,2026-08-02,2026-08-02,DELIVERED
SHP-004189-1,ORD-004189-1,SUP-0036,2026-07-13,2026-07-13,DELIVERED
SHP-004189-2,ORD-004189-2,SUP-0036,2026-07-14,2026-07-16,DELIVERED
SHP-004190-1,ORD-004190-1,SUP-0015,2026-08-19,2026-08-19,DELIVERED
SHP-004190-2,ORD-004190-2,SUP-0015,2026-08-08,2026-08-09,DELIVERED
SHP-004190-3,ORD-004190-3,SUP-0015,2026-07-26,2026-07-26,DELIVERED
SHP-004190-4,ORD-004190-4,SUP-0015,2026-08-04,2026-08-05,DELIVERED
SHP-004191-1,ORD-004191-1,SUP-0097,2026-04-09,2026-04-09,DELIVERED
SHP-004192-1,ORD-004192-1,SUP-0086,2026-02-22,2026-02-23,DELIVERED
SHP-004192-2,ORD-004192-2,SUP-0086,2026-03-04,2026-03-04,DELIVERED
SHP-004192-3,ORD-004192-3,SUP-0086,2026-02-27,2026-02-27,DELIVERED
SHP-004193-1,ORD-004193-1,SUP-0039,2026-05-05,2026-05-06,DELIVERED
SHP-004193-2,ORD-004193-2,SUP-0039,2026-05-08,2026-05-09,DELIVERED
SHP-004194-1,ORD-004194-1,SUP-0098,2026-02-09,2026-02-09,DELIVERED
SHP-004194-2,ORD-004194-2,SUP-0098,2026-02-15,2026-02-15,DELIVERED
SHP-004195-1,ORD-004195-1,SUP-0042,2026-03-30,2026-03-30,DELIVERED
SHP-004195-2,ORD-004195-2,SUP-0042,2026-03-25,2026-03-26,DELIVERED
SHP-004195-3,ORD-004195-3,SUP-0042,2026-04-06,2026-04-08,DELIVERED
SHP-004196-1,ORD-004196-1,SUP-0074,2026-08-08,2026-08-08,DELIVERED
SHP-004196-2,ORD-004196-2,SUP-0074,2026-08-20,2026-08-20,DELIVERED
SHP-004197-1,ORD-004197-1,SUP-0116,2026-02-17,2026-02-17,DELIVERED
SHP-004198-1,ORD-004198-1,SUP-0012,2026-03-06,2026-03-06,DELIVERED
SHP-004199-1,ORD-004199-1,SUP-0056,2026-09-12,2026-09-14,IN_TRANSIT
SHP-004200-1,ORD-004200-1,SUP-0070,2026-02-12,2026-02-12,DELIVERED
SHP-004200-2,ORD-004200-2,SUP-0070,2026-02-21,2026-02-22,DELIVERED
SHP-004200-3,ORD-004200-3,SUP-0070,2026-02-18,2026-02-18,DELIVERED
SHP-004201-1,ORD-004201-1,SUP-0041,2026-07-07,2026-07-07,DELIVERED
SHP-004201-2,ORD-004201-2,SUP-0041,2026-07-10,2026-07-10,DELIVERED
SHP-004202-1,ORD-004202-1,SUP-0035,2026-05-20,2026-05-22,DELIVERED
SHP-004203-1,ORD-004203-1,SUP-0047,2026-05-19,2026-05-21,DELIVERED
SHP-004203-2,ORD-004203-2,SUP-0047,2026-06-01,2026-06-01,DELIVERED
SHP-004203-3,ORD-004203-3,SUP-0047,2026-05-18,2026-05-18,DELIVERED
SHP-004204-1,ORD-004204-1,SUP-0119,2026-01-30,2026-01-30,DELIVERED
SHP-004204-2,ORD-004204-2,SUP-0119,2026-01-29,2026-01-29,DELIVERED
SHP-004204-3,ORD-004204-3,SUP-0119,2026-02-02,2026-02-02,DELIVERED
SHP-004204-4,ORD-004204-4,SUP-0119,2026-01-30,2026-01-31,DELIVERED
SHP-004205-1,ORD-004205-1,SUP-0017,2026-06-10,2026-06-12,DELIVERED
SHP-004206-1,ORD-004206-1,SUP-0106,2026-03-31,2026-04-01,DELIVERED
SHP-004206-2,ORD-004206-2,SUP-0106,2026-03-29,2026-03-29,DELIVERED
SHP-004207-1,ORD-004207-1,SUP-0112,2026-09-05,2026-09-07,IN_TRANSIT
SHP-004207-2,ORD-004207-2,SUP-0112,2026-09-06,2026-09-06,IN_TRANSIT
SHP-004207-3,ORD-004207-3,SUP-0112,2026-09-24,2026-09-24,IN_TRANSIT
SHP-004207-4,ORD-004207-4,SUP-0112,2026-08-29,2026-08-29,DELIVERED
SHP-004208-1,ORD-004208-1,SUP-0062,2026-02-22,2026-02-23,DELIVERED
SHP-004208-2,ORD-004208-2,SUP-0062,2026-03-14,2026-03-14,DELIVERED
SHP-004208-3,ORD-004208-3,SUP-0062,2026-03-12,2026-03-12,DELIVERED
SHP-004208-4,ORD-004208-4,SUP-0062,2026-03-09,2026-03-10,DELIVERED
SHP-004209-1,ORD-004209-1,SUP-0057,2026-04-28,2026-04-28,DELIVERED
SHP-004210-1,ORD-004210-1,SUP-0070,2026-06-23,2026-06-25,DELIVERED
SHP-004211-1,ORD-004211-1,SUP-0098,2026-05-16,2026-05-16,DELIVERED
SHP-004211-2,ORD-004211-2,SUP-0098,2026-05-24,2026-05-24,DELIVERED
SHP-004212-1,ORD-004212-1,SUP-0116,2026-07-25,2026-07-25,DELIVERED
SHP-004212-2,ORD-004212-2,SUP-0116,2026-08-03,2026-08-03,DELIVERED
SHP-004212-3,ORD-004212-3,SUP-0116,2026-08-08,2026-08-08,DELIVERED
SHP-004212-4,ORD-004212-4,SUP-0116,2026-08-01,2026-08-01,DELIVERED
SHP-004213-1,ORD-004213-1,SUP-0091,2026-05-22,2026-05-22,DELIVERED
SHP-004213-2,ORD-004213-2,SUP-0091,2026-06-07,2026-06-07,DELIVERED
SHP-004213-3,ORD-004213-3,SUP-0091,2026-06-18,2026-06-18,DELIVERED
SHP-004213-4,ORD-004213-4,SUP-0091,2026-06-09,2026-06-11,DELIVERED
SHP-004214-1,ORD-004214-1,SUP-0038,2026-02-05,2026-02-05,DELIVERED
SHP-004215-1,ORD-004215-1,SUP-0011,2026-09-12,2026-09-12,IN_TRANSIT
SHP-004215-2,ORD-004215-2,SUP-0011,2026-09-14,2026-09-15,IN_TRANSIT
SHP-004215-3,ORD-004215-3,SUP-0011,2026-08-27,2026-08-28,DELIVERED
SHP-004215-4,ORD-004215-4,SUP-0011,2026-09-13,2026-09-14,IN_TRANSIT
SHP-004216-1,ORD-004216-1,SUP-0109,2026-07-09,2026-07-09,DELIVERED
SHP-004216-2,ORD-004216-2,SUP-0109,2026-06-22,2026-06-22,DELIVERED
SHP-004216-3,ORD-004216-3,SUP-0109,2026-07-14,2026-07-14,DELIVERED
SHP-004217-1,ORD-004217-1,SUP-0067,2026-05-09,2026-05-10,DELIVERED
SHP-004217-2,ORD-004217-2,SUP-0067,2026-05-03,2026-05-04,DELIVERED
SHP-004218-1,ORD-004218-1,SUP-0018,2026-06-28,2026-06-28,DELIVERED
SHP-004218-2,ORD-004218-2,SUP-0018,2026-07-09,2026-07-09,DELIVERED
SHP-004218-3,ORD-004218-3,SUP-0018,2026-07-06,2026-07-06,DELIVERED
SHP-004219-1,ORD-004219-1,SUP-0079,2026-07-06,2026-07-08,DELIVERED
SHP-004219-2,ORD-004219-2,SUP-0079,2026-07-13,2026-07-13,DELIVERED
SHP-004219-3,ORD-004219-3,SUP-0079,2026-07-05,2026-07-07,DELIVERED
SHP-004219-4,ORD-004219-4,SUP-0079,2026-07-13,2026-07-14,DELIVERED
SHP-004220-1,ORD-004220-1,SUP-0101,2026-03-07,2026-03-08,DELIVERED
SHP-004220-2,ORD-004220-2,SUP-0101,2026-03-01,2026-03-01,DELIVERED
SHP-004220-3,ORD-004220-3,SUP-0101,2026-02-21,2026-02-21,DELIVERED
SHP-004220-4,ORD-004220-4,SUP-0101,2026-03-06,2026-03-06,DELIVERED
SHP-004221-1,ORD-004221-1,SUP-0115,2026-02-01,2026-02-03,DELIVERED
SHP-004221-2,ORD-004221-2,SUP-0115,2026-02-04,2026-02-05,DELIVERED
SHP-004222-1,ORD-004222-1,SUP-0108,2026-02-01,2026-02-01,DELIVERED
SHP-004223-1,ORD-004223-1,SUP-0036,2026-04-14,2026-04-15,DELIVERED
SHP-004223-2,ORD-004223-2,SUP-0036,2026-03-27,2026-03-27,DELIVERED
SHP-004224-1,ORD-004224-1,SUP-0094,2026-03-09,2026-03-10,DELIVERED
SHP-004224-2,ORD-004224-2,SUP-0094,2026-02-22,2026-02-23,DELIVERED
SHP-004224-3,ORD-004224-3,SUP-0094,2026-03-13,2026-03-13,DELIVERED
SHP-004224-4,ORD-004224-4,SUP-0094,2026-02-20,2026-02-20,DELIVERED
SHP-004225-1,ORD-004225-1,SUP-0049,2026-02-24,2026-02-26,DELIVERED
SHP-004226-1,ORD-004226-1,SUP-0024,2026-01-27,2026-01-27,DELIVERED
SHP-004227-1,ORD-004227-1,SUP-0049,2026-07-01,2026-07-01,DELIVERED
SHP-004227-2,ORD-004227-2,SUP-0049,2026-06-28,2026-06-28,DELIVERED
SHP-004227-3,ORD-004227-3,SUP-0049,2026-07-04,2026-07-04,DELIVERED
SHP-004228-1,ORD-004228-1,SUP-0092,2026-05-14,2026-05-14,DELIVERED
SHP-004228-2,ORD-004228-2,SUP-0092,2026-05-13,2026-05-13,DELIVERED
SHP-004228-3,ORD-004228-3,SUP-0092,2026-05-11,2026-05-11,DELIVERED
SHP-004229-1,ORD-004229-1,SUP-0048,2026-02-25,2026-02-25,DELIVERED
SHP-004230-1,ORD-004230-1,SUP-0098,2026-04-24,2026-04-24,DELIVERED
SHP-004230-2,ORD-004230-2,SUP-0098,2026-05-15,2026-05-15,DELIVERED
SHP-004230-3,ORD-004230-3,SUP-0098,2026-05-19,2026-05-19,DELIVERED
SHP-004231-1,ORD-004231-1,SUP-0093,2026-05-24,2026-05-26,DELIVERED
SHP-004231-2,ORD-004231-2,SUP-0093,2026-05-18,2026-05-20,DELIVERED
SHP-004231-3,ORD-004231-3,SUP-0093,2026-05-18,2026-05-18,DELIVERED
SHP-004231-4,ORD-004231-4,SUP-0093,2026-05-31,2026-05-31,DELIVERED
SHP-004232-1,ORD-004232-1,SUP-0070,2026-05-17,2026-05-17,DELIVERED
SHP-004233-1,ORD-004233-1,SUP-0053,2026-06-15,2026-06-15,DELIVERED
SHP-004233-2,ORD-004233-2,SUP-0053,2026-05-30,2026-06-01,DELIVERED
SHP-004233-3,ORD-004233-3,SUP-0053,2026-06-17,2026-06-19,DELIVERED
SHP-004234-1,ORD-004234-1,SUP-0079,2026-01-20,2026-01-20,DELIVERED
SHP-004234-2,ORD-004234-2,SUP-0079,2026-01-22,2026-01-22,DELIVERED
SHP-004235-1,ORD-004235-1,SUP-0105,2026-06-07,2026-06-07,DELIVERED
SHP-004236-1,ORD-004236-1,SUP-0070,2026-02-07,2026-02-07,DELIVERED
SHP-004236-2,ORD-004236-2,SUP-0070,2026-02-11,2026-02-13,DELIVERED
SHP-004237-1,ORD-004237-1,SUP-0079,2026-08-13,2026-08-14,DELIVERED
SHP-004238-1,ORD-004238-1,SUP-0100,2026-09-03,2026-09-03,IN_TRANSIT
SHP-004238-2,ORD-004238-2,SUP-0100,2026-09-01,2026-09-01,DELIVERED
SHP-004238-3,ORD-004238-3,SUP-0100,2026-09-11,2026-09-11,IN_TRANSIT
SHP-004239-1,ORD-004239-1,SUP-0036,2026-06-22,2026-06-22,DELIVERED
SHP-004239-2,ORD-004239-2,SUP-0036,2026-07-10,2026-07-11,DELIVERED
SHP-004239-3,ORD-004239-3,SUP-0036,2026-06-30,2026-07-01,DELIVERED
SHP-004239-4,ORD-004239-4,SUP-0036,2026-06-26,2026-06-26,DELIVERED
SHP-004240-1,ORD-004240-1,SUP-0089,2026-05-20,2026-05-20,DELIVERED
SHP-004240-2,ORD-004240-2,SUP-0089,2026-05-05,2026-05-07,DELIVERED
SHP-004240-3,ORD-004240-3,SUP-0089,2026-05-15,2026-05-15,DELIVERED
SHP-004240-4,ORD-004240-4,SUP-0089,2026-05-19,2026-05-19,DELIVERED
SHP-004241-1,ORD-004241-1,SUP-0115,2026-04-28,2026-04-28,DELIVERED
SHP-004242-1,ORD-004242-1,SUP-0115,2026-05-05,2026-05-06,DELIVERED
SHP-004242-2,ORD-004242-2,SUP-0115,2026-04-28,2026-04-28,DELIVERED
SHP-004243-1,ORD-004243-1,SUP-0002,2026-02-19,2026-02-19,DELIVERED
SHP-004243-2,ORD-004243-2,SUP-0002,2026-02-25,2026-02-26,DELIVERED
SHP-004244-1,ORD-004244-1,SUP-0044,2026-04-24,2026-04-24,DELIVERED
SHP-004245-1,ORD-004245-1,SUP-0054,2026-07-27,2026-07-27,DELIVERED
SHP-004246-1,ORD-004246-1,SUP-0026,2026-06-21,2026-06-21,DELIVERED
SHP-004247-1,ORD-004247-1,SUP-0030,2026-06-26,2026-06-26,DELIVERED
SHP-004247-2,ORD-004247-2,SUP-0030,2026-07-15,2026-07-15,DELIVERED
SHP-004247-3,ORD-004247-3,SUP-0030,2026-07-16,2026-07-17,DELIVERED
SHP-004248-1,ORD-004248-1,SUP-0009,2026-05-15,2026-05-15,DELIVERED
SHP-004249-1,ORD-004249-1,SUP-0070,2026-06-24,2026-06-24,DELIVERED
SHP-004249-2,ORD-004249-2,SUP-0070,2026-06-14,2026-06-16,DELIVERED
SHP-004249-3,ORD-004249-3,SUP-0070,2026-06-27,2026-06-29,DELIVERED
SHP-004250-1,ORD-004250-1,SUP-0060,2026-03-18,2026-03-18,DELIVERED
SHP-004250-2,ORD-004250-2,SUP-0060,2026-04-03,2026-04-03,DELIVERED
SHP-004251-1,ORD-004251-1,SUP-0007,2026-03-11,2026-03-13,DELIVERED
SHP-004251-2,ORD-004251-2,SUP-0007,2026-03-17,2026-03-19,DELIVERED
SHP-004251-3,ORD-004251-3,SUP-0007,2026-02-26,2026-02-26,DELIVERED
SHP-004252-1,ORD-004252-1,SUP-0058,2026-03-26,2026-03-26,DELIVERED
SHP-004252-2,ORD-004252-2,SUP-0058,2026-04-02,2026-04-04,DELIVERED
SHP-004252-3,ORD-004252-3,SUP-0058,2026-03-19,2026-03-19,DELIVERED
SHP-004253-1,ORD-004253-1,SUP-0042,2026-02-02,2026-02-02,DELIVERED
SHP-004253-2,ORD-004253-2,SUP-0042,2026-02-02,2026-02-03,DELIVERED
SHP-004253-3,ORD-004253-3,SUP-0042,2026-02-11,2026-02-11,DELIVERED
SHP-004253-4,ORD-004253-4,SUP-0042,2026-02-07,2026-02-07,DELIVERED
SHP-004254-1,ORD-004254-1,SUP-0068,2026-04-10,2026-04-11,DELIVERED
SHP-004254-2,ORD-004254-2,SUP-0068,2026-04-05,2026-04-07,DELIVERED
SHP-004255-1,ORD-004255-1,SUP-0074,2026-05-18,2026-05-18,DELIVERED
SHP-004255-2,ORD-004255-2,SUP-0074,2026-06-02,2026-06-04,DELIVERED
SHP-004255-3,ORD-004255-3,SUP-0074,2026-06-07,2026-06-09,DELIVERED
SHP-004255-4,ORD-004255-4,SUP-0074,2026-06-08,2026-06-10,DELIVERED
SHP-004256-1,ORD-004256-1,SUP-0115,2026-03-13,2026-03-14,DELIVERED
SHP-004257-1,ORD-004257-1,SUP-0022,2026-09-02,2026-09-02,IN_TRANSIT
SHP-004257-2,ORD-004257-2,SUP-0022,2026-09-06,2026-09-08,IN_TRANSIT
SHP-004257-3,ORD-004257-3,SUP-0022,2026-09-22,2026-09-23,IN_TRANSIT
SHP-004258-1,ORD-004258-1,SUP-0056,2026-09-04,2026-09-04,IN_TRANSIT
SHP-004259-1,ORD-004259-1,SUP-0012,2026-06-22,2026-06-24,DELIVERED
SHP-004259-2,ORD-004259-2,SUP-0012,2026-06-20,2026-06-20,DELIVERED
SHP-004259-3,ORD-004259-3,SUP-0012,2026-06-10,2026-06-10,DELIVERED
SHP-004260-1,ORD-004260-1,SUP-0064,2026-06-27,2026-06-29,DELIVERED
SHP-004261-1,ORD-004261-1,SUP-0075,2026-04-11,2026-04-11,DELIVERED
SHP-004262-1,ORD-004262-1,SUP-0050,2026-08-21,2026-08-23,DELIVERED
SHP-004262-2,ORD-004262-2,SUP-0050,2026-09-03,2026-09-03,IN_TRANSIT
SHP-004263-1,ORD-004263-1,SUP-0084,2026-06-09,2026-06-09,DELIVERED
SHP-004263-2,ORD-004263-2,SUP-0084,2026-05-29,2026-05-30,DELIVERED
SHP-004264-1,ORD-004264-1,SUP-0015,2026-03-01,2026-03-01,DELIVERED
SHP-004264-2,ORD-004264-2,SUP-0015,2026-02-23,2026-02-23,DELIVERED
SHP-004265-1,ORD-004265-1,SUP-0039,2026-01-18,2026-01-18,DELIVERED
SHP-004265-2,ORD-004265-2,SUP-0039,2026-02-02,2026-02-03,DELIVERED
SHP-004266-1,ORD-004266-1,SUP-0012,2026-04-09,2026-04-09,DELIVERED
SHP-004266-2,ORD-004266-2,SUP-0012,2026-03-24,2026-03-24,DELIVERED
SHP-004266-3,ORD-004266-3,SUP-0012,2026-03-23,2026-03-24,DELIVERED
SHP-004267-1,ORD-004267-1,SUP-0040,2026-04-17,2026-04-17,DELIVERED
SHP-004267-2,ORD-004267-2,SUP-0040,2026-04-30,2026-05-01,DELIVERED
SHP-004267-3,ORD-004267-3,SUP-0040,2026-04-17,2026-04-17,DELIVERED
SHP-004267-4,ORD-004267-4,SUP-0040,2026-05-01,2026-05-01,DELIVERED
SHP-004268-1,ORD-004268-1,SUP-0021,2026-09-03,2026-09-03,IN_TRANSIT
SHP-004268-2,ORD-004268-2,SUP-0021,2026-09-07,2026-09-07,IN_TRANSIT
SHP-004268-3,ORD-004268-3,SUP-0021,2026-09-12,2026-09-14,IN_TRANSIT
SHP-004269-1,ORD-004269-1,SUP-0031,2026-07-23,2026-07-23,DELIVERED
SHP-004269-2,ORD-004269-2,SUP-0031,2026-08-01,2026-08-03,DELIVERED
SHP-004269-3,ORD-004269-3,SUP-0031,2026-07-24,2026-07-24,DELIVERED
SHP-004270-1,ORD-004270-1,SUP-0013,2026-03-10,2026-03-10,DELIVERED
SHP-004271-1,ORD-004271-1,SUP-0118,2026-06-26,2026-06-28,DELIVERED
SHP-004271-2,ORD-004271-2,SUP-0118,2026-07-15,2026-07-17,DELIVERED
SHP-004271-3,ORD-004271-3,SUP-0118,2026-07-12,2026-07-12,DELIVERED
SHP-004271-4,ORD-004271-4,SUP-0118,2026-06-20,2026-06-21,DELIVERED
SHP-004272-1,ORD-004272-1,SUP-0034,2026-04-30,2026-05-01,DELIVERED
SHP-004273-1,ORD-004273-1,SUP-0062,2026-04-12,2026-04-14,DELIVERED
SHP-004274-1,ORD-004274-1,SUP-0016,2026-05-05,2026-05-05,DELIVERED
SHP-004274-2,ORD-004274-2,SUP-0016,2026-05-13,2026-05-15,DELIVERED
SHP-004274-3,ORD-004274-3,SUP-0016,2026-05-19,2026-05-19,DELIVERED
SHP-004275-1,ORD-004275-1,SUP-0086,2026-05-22,2026-05-24,DELIVERED
SHP-004275-2,ORD-004275-2,SUP-0086,2026-05-15,2026-05-16,DELIVERED
SHP-004275-3,ORD-004275-3,SUP-0086,2026-05-09,2026-05-09,DELIVERED
SHP-004276-1,ORD-004276-1,SUP-0040,2026-06-30,2026-06-30,DELIVERED
SHP-004276-2,ORD-004276-2,SUP-0040,2026-06-22,2026-06-23,DELIVERED
SHP-004277-1,ORD-004277-1,SUP-0030,2026-03-17,2026-03-19,DELIVERED
SHP-004277-2,ORD-004277-2,SUP-0030,2026-03-16,2026-03-16,DELIVERED
SHP-004277-3,ORD-004277-3,SUP-0030,2026-03-10,2026-03-10,DELIVERED
SHP-004278-1,ORD-004278-1,SUP-0099,2026-06-02,2026-06-02,DELIVERED
SHP-004278-2,ORD-004278-2,SUP-0099,2026-05-21,2026-05-21,DELIVERED
SHP-004279-1,ORD-004279-1,SUP-0004,2026-09-21,2026-09-21,IN_TRANSIT
SHP-004280-1,ORD-004280-1,SUP-0112,2026-03-17,2026-03-17,DELIVERED
SHP-004280-2,ORD-004280-2,SUP-0112,2026-04-04,2026-04-04,DELIVERED
SHP-004281-1,ORD-004281-1,SUP-0085,2026-02-16,2026-02-16,DELIVERED
SHP-004281-2,ORD-004281-2,SUP-0085,2026-02-27,2026-02-28,DELIVERED
SHP-004281-3,ORD-004281-3,SUP-0085,2026-02-26,2026-02-26,DELIVERED
SHP-004281-4,ORD-004281-4,SUP-0085,2026-03-09,2026-03-10,DELIVERED
SHP-004282-1,ORD-004282-1,SUP-0061,2026-05-03,2026-05-04,DELIVERED
SHP-004282-2,ORD-004282-2,SUP-0061,2026-05-04,2026-05-04,DELIVERED
SHP-004283-1,ORD-004283-1,SUP-0019,2026-05-25,2026-05-25,DELIVERED
SHP-004283-2,ORD-004283-2,SUP-0019,2026-05-30,2026-05-30,DELIVERED
SHP-004284-1,ORD-004284-1,SUP-0107,2026-07-26,2026-07-28,DELIVERED
SHP-004284-2,ORD-004284-2,SUP-0107,2026-07-24,2026-07-24,DELIVERED
SHP-004284-3,ORD-004284-3,SUP-0107,2026-07-30,2026-07-30,DELIVERED
SHP-004284-4,ORD-004284-4,SUP-0107,2026-07-30,2026-07-30,DELIVERED
SHP-004285-1,ORD-004285-1,SUP-0118,2026-02-25,2026-02-25,DELIVERED
SHP-004285-2,ORD-004285-2,SUP-0118,2026-03-14,2026-03-14,DELIVERED
SHP-004285-3,ORD-004285-3,SUP-0118,2026-03-17,2026-03-17,DELIVERED
SHP-004285-4,ORD-004285-4,SUP-0118,2026-03-21,2026-03-21,DELIVERED
SHP-004286-1,ORD-004286-1,SUP-0104,2026-05-22,2026-05-22,DELIVERED
SHP-004287-1,ORD-004287-1,SUP-0010,2026-02-12,2026-02-13,DELIVERED
SHP-004287-2,ORD-004287-2,SUP-0010,2026-02-15,2026-02-15,DELIVERED
SHP-004287-3,ORD-004287-3,SUP-0010,2026-02-02,2026-02-03,DELIVERED
SHP-004288-1,ORD-004288-1,SUP-0105,2026-05-24,2026-05-26,DELIVERED
SHP-004288-2,ORD-004288-2,SUP-0105,2026-05-31,2026-05-31,DELIVERED
SHP-004288-3,ORD-004288-3,SUP-0105,2026-05-17,2026-05-17,DELIVERED
SHP-004288-4,ORD-004288-4,SUP-0105,2026-06-09,2026-06-09,DELIVERED
SHP-004289-1,ORD-004289-1,SUP-0090,2026-03-02,2026-03-02,DELIVERED
SHP-004289-2,ORD-004289-2,SUP-0090,2026-03-14,2026-03-14,DELIVERED
SHP-004290-1,ORD-004290-1,SUP-0048,2026-07-04,2026-07-04,DELIVERED
SHP-004290-2,ORD-004290-2,SUP-0048,2026-06-18,2026-06-18,DELIVERED
SHP-004291-1,ORD-004291-1,SUP-0075,2026-06-15,2026-06-16,DELIVERED
SHP-004291-2,ORD-004291-2,SUP-0075,2026-06-20,2026-06-22,DELIVERED
SHP-004291-3,ORD-004291-3,SUP-0075,2026-06-14,2026-06-14,DELIVERED
SHP-004292-1,ORD-004292-1,SUP-0109,2026-04-12,2026-04-12,DELIVERED
SHP-004293-1,ORD-004293-1,SUP-0071,2026-05-29,2026-05-29,DELIVERED
SHP-004293-2,ORD-004293-2,SUP-0071,2026-05-20,2026-05-21,DELIVERED
SHP-004293-3,ORD-004293-3,SUP-0071,2026-05-16,2026-05-17,DELIVERED
SHP-004293-4,ORD-004293-4,SUP-0071,2026-05-25,2026-05-26,DELIVERED
SHP-004294-1,ORD-004294-1,SUP-0039,2026-02-18,2026-02-18,DELIVERED
SHP-004294-2,ORD-004294-2,SUP-0039,2026-02-22,2026-02-23,DELIVERED
SHP-004294-3,ORD-004294-3,SUP-0039,2026-03-06,2026-03-06,DELIVERED
SHP-004295-1,ORD-004295-1,SUP-0067,2026-07-30,2026-07-31,DELIVERED
SHP-004295-2,ORD-004295-2,SUP-0067,2026-07-27,2026-07-29,DELIVERED
SHP-004295-3,ORD-004295-3,SUP-0067,2026-07-23,2026-07-25,DELIVERED
SHP-004296-1,ORD-004296-1,SUP-0116,2026-02-25,2026-02-26,DELIVERED
SHP-004296-2,ORD-004296-2,SUP-0116,2026-02-25,2026-02-27,DELIVERED
SHP-004296-3,ORD-004296-3,SUP-0116,2026-03-04,2026-03-06,DELIVERED
SHP-004297-1,ORD-004297-1,SUP-0022,2026-08-23,2026-08-23,DELIVERED
SHP-004298-1,ORD-004298-1,SUP-0079,2026-05-31,2026-06-02,DELIVERED
SHP-004298-2,ORD-004298-2,SUP-0079,2026-05-19,2026-05-20,DELIVERED
SHP-004299-1,ORD-004299-1,SUP-0118,2026-09-12,2026-09-13,IN_TRANSIT
SHP-004299-2,ORD-004299-2,SUP-0118,2026-09-11,2026-09-11,IN_TRANSIT
SHP-004299-3,ORD-004299-3,SUP-0118,2026-09-09,2026-09-09,IN_TRANSIT
SHP-004300-1,ORD-004300-1,SUP-0025,2026-05-26,2026-05-26,DELIVERED
SHP-004301-1,ORD-004301-1,SUP-0010,2026-05-13,2026-05-13,DELIVERED
SHP-004301-2,ORD-004301-2,SUP-0010,2026-05-06,2026-05-06,DELIVERED
SHP-004302-1,ORD-004302-1,SUP-0015,2026-04-08,2026-04-10,DELIVERED
SHP-004302-2,ORD-004302-2,SUP-0015,2026-04-17,2026-04-17,DELIVERED
SHP-004302-3,ORD-004302-3,SUP-0015,2026-04-06,2026-04-07,DELIVERED
SHP-004302-4,ORD-004302-4,SUP-0015,2026-04-27,2026-04-28,DELIVERED
SHP-004303-1,ORD-004303-1,SUP-0090,2026-07-05,2026-07-05,DELIVERED
SHP-004303-2,ORD-004303-2,SUP-0090,2026-06-24,2026-06-24,DELIVERED
SHP-004303-3,ORD-004303-3,SUP-0090,2026-07-03,2026-07-03,DELIVERED
SHP-004304-1,ORD-004304-1,SUP-0025,2026-02-04,2026-02-06,DELIVERED
SHP-004304-2,ORD-004304-2,SUP-0025,2026-02-01,2026-02-01,DELIVERED
SHP-004305-1,ORD-004305-1,SUP-0012,2026-06-03,2026-06-03,DELIVERED
SHP-004305-2,ORD-004305-2,SUP-0012,2026-05-16,2026-05-16,DELIVERED
SHP-004305-3,ORD-004305-3,SUP-0012,2026-05-31,2026-06-02,DELIVERED
SHP-004305-4,ORD-004305-4,SUP-0012,2026-05-27,2026-05-28,DELIVERED
SHP-004306-1,ORD-004306-1,SUP-0064,2026-02-02,2026-02-04,DELIVERED
SHP-004306-2,ORD-004306-2,SUP-0064,2026-01-16,2026-01-16,DELIVERED
SHP-004306-3,ORD-004306-3,SUP-0064,2026-01-17,2026-01-19,DELIVERED
SHP-004306-4,ORD-004306-4,SUP-0064,2026-01-18,2026-01-18,DELIVERED
SHP-004307-1,ORD-004307-1,SUP-0068,2026-02-17,2026-02-17,DELIVERED
SHP-004307-2,ORD-004307-2,SUP-0068,2026-01-22,2026-01-24,DELIVERED
SHP-004307-3,ORD-004307-3,SUP-0068,2026-02-15,2026-02-15,DELIVERED
SHP-004308-1,ORD-004308-1,SUP-0011,2026-03-07,2026-03-07,DELIVERED
SHP-004309-1,ORD-004309-1,SUP-0050,2026-07-20,2026-07-22,DELIVERED
SHP-004309-2,ORD-004309-2,SUP-0050,2026-08-08,2026-08-10,DELIVERED
SHP-004310-1,ORD-004310-1,SUP-0114,2026-03-26,2026-03-26,DELIVERED
SHP-004310-2,ORD-004310-2,SUP-0114,2026-03-14,2026-03-16,DELIVERED
SHP-004311-1,ORD-004311-1,SUP-0052,2026-03-02,2026-03-02,DELIVERED
SHP-004311-2,ORD-004311-2,SUP-0052,2026-02-20,2026-02-21,DELIVERED
SHP-004311-3,ORD-004311-3,SUP-0052,2026-02-28,2026-03-02,DELIVERED
SHP-004311-4,ORD-004311-4,SUP-0052,2026-02-23,2026-02-23,DELIVERED
SHP-004312-1,ORD-004312-1,SUP-0094,2026-08-02,2026-08-02,DELIVERED
SHP-004312-2,ORD-004312-2,SUP-0094,2026-08-10,2026-08-12,DELIVERED
SHP-004312-3,ORD-004312-3,SUP-0094,2026-07-22,2026-07-22,DELIVERED
SHP-004312-4,ORD-004312-4,SUP-0094,2026-08-05,2026-08-05,DELIVERED
SHP-004313-1,ORD-004313-1,SUP-0065,2026-08-05,2026-08-05,DELIVERED
SHP-004313-2,ORD-004313-2,SUP-0065,2026-08-23,2026-08-23,DELIVERED
SHP-004313-3,ORD-004313-3,SUP-0065,2026-08-26,2026-08-26,DELIVERED
SHP-004314-1,ORD-004314-1,SUP-0090,2026-04-21,2026-04-21,DELIVERED
SHP-004314-2,ORD-004314-2,SUP-0090,2026-04-24,2026-04-24,DELIVERED
SHP-004314-3,ORD-004314-3,SUP-0090,2026-05-02,2026-05-03,DELIVERED
SHP-004314-4,ORD-004314-4,SUP-0090,2026-04-19,2026-04-19,DELIVERED
SHP-004315-1,ORD-004315-1,SUP-0080,2026-06-25,2026-06-25,DELIVERED
SHP-004316-1,ORD-004316-1,SUP-0095,2026-05-05,2026-05-07,DELIVERED
SHP-004316-2,ORD-004316-2,SUP-0095,2026-05-07,2026-05-07,DELIVERED
SHP-004316-3,ORD-004316-3,SUP-0095,2026-05-14,2026-05-14,DELIVERED
SHP-004316-4,ORD-004316-4,SUP-0095,2026-05-07,2026-05-07,DELIVERED
SHP-004317-1,ORD-004317-1,SUP-0063,2026-07-13,2026-07-13,DELIVERED
SHP-004317-2,ORD-004317-2,SUP-0063,2026-07-24,2026-07-24,DELIVERED
SHP-004318-1,ORD-004318-1,SUP-0069,2026-03-27,2026-03-27,DELIVERED
SHP-004318-2,ORD-004318-2,SUP-0069,2026-04-07,2026-04-09,DELIVERED
SHP-004319-1,ORD-004319-1,SUP-0112,2026-09-21,2026-09-22,IN_TRANSIT
SHP-004320-1,ORD-004320-1,SUP-0055,2026-03-09,2026-03-09,DELIVERED
SHP-004320-2,ORD-004320-2,SUP-0055,2026-04-01,2026-04-02,DELIVERED
SHP-004321-1,ORD-004321-1,SUP-0003,2026-02-03,2026-02-03,DELIVERED
SHP-004321-2,ORD-004321-2,SUP-0003,2026-02-21,2026-02-21,DELIVERED
SHP-004322-1,ORD-004322-1,SUP-0071,2026-04-15,2026-04-15,DELIVERED
SHP-004322-2,ORD-004322-2,SUP-0071,2026-05-01,2026-05-02,DELIVERED
SHP-004322-3,ORD-004322-3,SUP-0071,2026-04-19,2026-04-20,DELIVERED
SHP-004322-4,ORD-004322-4,SUP-0071,2026-04-10,2026-04-10,DELIVERED
SHP-004323-1,ORD-004323-1,SUP-0058,2026-06-17,2026-06-17,DELIVERED
SHP-004324-1,ORD-004324-1,SUP-0118,2026-07-09,2026-07-09,DELIVERED
SHP-004324-2,ORD-004324-2,SUP-0118,2026-07-11,2026-07-11,DELIVERED
SHP-004324-3,ORD-004324-3,SUP-0118,2026-06-22,2026-06-24,DELIVERED
SHP-004325-1,ORD-004325-1,SUP-0002,2026-03-12,2026-03-12,DELIVERED
SHP-004325-2,ORD-004325-2,SUP-0002,2026-03-23,2026-03-23,DELIVERED
SHP-004325-3,ORD-004325-3,SUP-0002,2026-03-11,2026-03-13,DELIVERED
SHP-004326-1,ORD-004326-1,SUP-0009,2026-04-11,2026-04-12,DELIVERED
SHP-004326-2,ORD-004326-2,SUP-0009,2026-04-12,2026-04-13,DELIVERED
SHP-004326-3,ORD-004326-3,SUP-0009,2026-04-07,2026-04-08,DELIVERED
SHP-004326-4,ORD-004326-4,SUP-0009,2026-03-24,2026-03-25,DELIVERED
SHP-004327-1,ORD-004327-1,SUP-0070,2026-06-09,2026-06-11,DELIVERED
SHP-004327-2,ORD-004327-2,SUP-0070,2026-05-28,2026-05-28,DELIVERED
SHP-004328-1,ORD-004328-1,SUP-0083,2026-02-20,2026-02-20,DELIVERED
SHP-004328-2,ORD-004328-2,SUP-0083,2026-02-24,2026-02-24,DELIVERED
SHP-004329-1,ORD-004329-1,SUP-0032,2026-02-17,2026-02-18,DELIVERED
SHP-004329-2,ORD-004329-2,SUP-0032,2026-02-26,2026-02-27,DELIVERED
SHP-004329-3,ORD-004329-3,SUP-0032,2026-02-21,2026-02-23,DELIVERED
SHP-004330-1,ORD-004330-1,SUP-0116,2026-04-19,2026-04-19,DELIVERED
SHP-004330-2,ORD-004330-2,SUP-0116,2026-05-16,2026-05-16,DELIVERED
SHP-004331-1,ORD-004331-1,SUP-0014,2026-09-17,2026-09-17,IN_TRANSIT
SHP-004332-1,ORD-004332-1,SUP-0112,2026-03-01,2026-03-03,DELIVERED
SHP-004332-2,ORD-004332-2,SUP-0112,2026-02-18,2026-02-18,DELIVERED
SHP-004332-3,ORD-004332-3,SUP-0112,2026-03-10,2026-03-11,DELIVERED
SHP-004332-4,ORD-004332-4,SUP-0112,2026-03-03,2026-03-03,DELIVERED
SHP-004333-1,ORD-004333-1,SUP-0020,2026-06-01,2026-06-03,DELIVERED
SHP-004333-2,ORD-004333-2,SUP-0020,2026-06-24,2026-06-24,DELIVERED
SHP-004333-3,ORD-004333-3,SUP-0020,2026-06-13,2026-06-13,DELIVERED
SHP-004333-4,ORD-004333-4,SUP-0020,2026-06-19,2026-06-21,DELIVERED
SHP-004334-1,ORD-004334-1,SUP-0066,2026-07-12,2026-07-12,DELIVERED
SHP-004334-2,ORD-004334-2,SUP-0066,2026-07-20,2026-07-20,DELIVERED
SHP-004334-3,ORD-004334-3,SUP-0066,2026-07-11,2026-07-11,DELIVERED
SHP-004335-1,ORD-004335-1,SUP-0013,2026-03-03,2026-03-03,DELIVERED
SHP-004335-2,ORD-004335-2,SUP-0013,2026-03-12,2026-03-13,DELIVERED
SHP-004336-1,ORD-004336-1,SUP-0074,2026-06-13,2026-06-13,DELIVERED
SHP-004336-2,ORD-004336-2,SUP-0074,2026-06-27,2026-06-27,DELIVERED
SHP-004336-3,ORD-004336-3,SUP-0074,2026-06-07,2026-06-08,DELIVERED
SHP-004337-1,ORD-004337-1,SUP-0009,2026-03-07,2026-03-07,DELIVERED
SHP-004337-2,ORD-004337-2,SUP-0009,2026-03-04,2026-03-06,DELIVERED
SHP-004337-3,ORD-004337-3,SUP-0009,2026-02-19,2026-02-19,DELIVERED
SHP-004337-4,ORD-004337-4,SUP-0009,2026-02-19,2026-02-20,DELIVERED
SHP-004338-1,ORD-004338-1,SUP-0009,2026-05-16,2026-05-16,DELIVERED
SHP-004338-2,ORD-004338-2,SUP-0009,2026-05-31,2026-05-31,DELIVERED
SHP-004338-3,ORD-004338-3,SUP-0009,2026-05-26,2026-05-26,DELIVERED
SHP-004339-1,ORD-004339-1,SUP-0050,2026-03-18,2026-03-20,DELIVERED
SHP-004339-2,ORD-004339-2,SUP-0050,2026-03-16,2026-03-16,DELIVERED
SHP-004340-1,ORD-004340-1,SUP-0106,2026-09-12,2026-09-12,IN_TRANSIT
SHP-004341-1,ORD-004341-1,SUP-0060,2026-06-14,2026-06-15,DELIVERED
SHP-004342-1,ORD-004342-1,SUP-0037,2026-09-10,2026-09-10,IN_TRANSIT
SHP-004342-2,ORD-004342-2,SUP-0037,2026-09-01,2026-09-03,IN_TRANSIT
SHP-004342-3,ORD-004342-3,SUP-0037,2026-09-11,2026-09-12,IN_TRANSIT
SHP-004343-1,ORD-004343-1,SUP-0104,2026-09-05,2026-09-05,IN_TRANSIT
SHP-004343-2,ORD-004343-2,SUP-0104,2026-08-15,2026-08-16,DELIVERED
SHP-004344-1,ORD-004344-1,SUP-0039,2026-07-11,2026-07-11,DELIVERED
SHP-004344-2,ORD-004344-2,SUP-0039,2026-07-06,2026-07-06,DELIVERED
SHP-004345-1,ORD-004345-1,SUP-0100,2026-06-06,2026-06-07,DELIVERED
SHP-004345-2,ORD-004345-2,SUP-0100,2026-06-21,2026-06-23,DELIVERED
SHP-004345-3,ORD-004345-3,SUP-0100,2026-06-27,2026-06-27,DELIVERED
SHP-004345-4,ORD-004345-4,SUP-0100,2026-06-17,2026-06-17,DELIVERED
SHP-004346-1,ORD-004346-1,SUP-0061,2026-04-14,2026-04-14,DELIVERED
SHP-004346-2,ORD-004346-2,SUP-0061,2026-04-19,2026-04-20,DELIVERED
SHP-004346-3,ORD-004346-3,SUP-0061,2026-04-15,2026-04-15,DELIVERED
SHP-004347-1,ORD-004347-1,SUP-0088,2026-08-28,2026-08-28,DELIVERED
SHP-004347-2,ORD-004347-2,SUP-0088,2026-08-23,2026-08-23,DELIVERED
SHP-004347-3,ORD-004347-3,SUP-0088,2026-09-03,2026-09-05,IN_TRANSIT
SHP-004348-1,ORD-004348-1,SUP-0075,2026-04-20,2026-04-20,DELIVERED
SHP-004348-2,ORD-004348-2,SUP-0075,2026-04-09,2026-04-09,DELIVERED
SHP-004349-1,ORD-004349-1,SUP-0035,2026-02-24,2026-02-24,DELIVERED
SHP-004349-2,ORD-004349-2,SUP-0035,2026-02-13,2026-02-13,DELIVERED
SHP-004349-3,ORD-004349-3,SUP-0035,2026-02-15,2026-02-15,DELIVERED
SHP-004349-4,ORD-004349-4,SUP-0035,2026-02-18,2026-02-19,DELIVERED
SHP-004350-1,ORD-004350-1,SUP-0033,2026-04-07,2026-04-08,DELIVERED
SHP-004350-2,ORD-004350-2,SUP-0033,2026-04-29,2026-04-29,DELIVERED
SHP-004350-3,ORD-004350-3,SUP-0033,2026-04-09,2026-04-11,DELIVERED
SHP-004351-1,ORD-004351-1,SUP-0056,2026-04-26,2026-04-28,DELIVERED
SHP-004351-2,ORD-004351-2,SUP-0056,2026-04-23,2026-04-25,DELIVERED
SHP-004352-1,ORD-004352-1,SUP-0029,2026-04-15,2026-04-15,DELIVERED
SHP-004352-2,ORD-004352-2,SUP-0029,2026-04-12,2026-04-12,DELIVERED
SHP-004352-3,ORD-004352-3,SUP-0029,2026-05-04,2026-05-04,DELIVERED
SHP-004352-4,ORD-004352-4,SUP-0029,2026-04-29,2026-04-29,DELIVERED
SHP-004353-1,ORD-004353-1,SUP-0004,2026-08-08,2026-08-09,DELIVERED
SHP-004353-2,ORD-004353-2,SUP-0004,2026-07-26,2026-07-27,DELIVERED
SHP-004354-1,ORD-004354-1,SUP-0011,2026-08-13,2026-08-15,DELIVERED
SHP-004354-2,ORD-004354-2,SUP-0011,2026-08-04,2026-08-04,DELIVERED
SHP-004354-3,ORD-004354-3,SUP-0011,2026-08-10,2026-08-10,DELIVERED
SHP-004354-4,ORD-004354-4,SUP-0011,2026-08-11,2026-08-11,DELIVERED
SHP-004355-1,ORD-004355-1,SUP-0120,2026-03-30,2026-03-31,DELIVERED
SHP-004355-2,ORD-004355-2,SUP-0120,2026-04-17,2026-04-18,DELIVERED
SHP-004356-1,ORD-004356-1,SUP-0069,2026-03-12,2026-03-14,DELIVERED
SHP-004356-2,ORD-004356-2,SUP-0069,2026-03-20,2026-03-21,DELIVERED
SHP-004357-1,ORD-004357-1,SUP-0042,2026-07-24,2026-07-25,DELIVERED
SHP-004357-2,ORD-004357-2,SUP-0042,2026-07-29,2026-07-31,DELIVERED
SHP-004357-3,ORD-004357-3,SUP-0042,2026-08-10,2026-08-10,DELIVERED
SHP-004358-1,ORD-004358-1,SUP-0005,2026-07-12,2026-07-14,DELIVERED
SHP-004358-2,ORD-004358-2,SUP-0005,2026-07-04,2026-07-06,DELIVERED
SHP-004359-1,ORD-004359-1,SUP-0009,2026-02-09,2026-02-09,DELIVERED
SHP-004359-2,ORD-004359-2,SUP-0009,2026-02-20,2026-02-21,DELIVERED
SHP-004360-1,ORD-004360-1,SUP-0059,2026-07-03,2026-07-03,DELIVERED
SHP-004360-2,ORD-004360-2,SUP-0059,2026-07-06,2026-07-08,DELIVERED
SHP-004361-1,ORD-004361-1,SUP-0005,2026-06-11,2026-06-11,DELIVERED
SHP-004361-2,ORD-004361-2,SUP-0005,2026-06-04,2026-06-05,DELIVERED
SHP-004362-1,ORD-004362-1,SUP-0086,2026-05-15,2026-05-17,DELIVERED
SHP-004362-2,ORD-004362-2,SUP-0086,2026-05-16,2026-05-16,DELIVERED
SHP-004363-1,ORD-004363-1,SUP-0058,2026-04-28,2026-04-30,DELIVERED
SHP-004363-2,ORD-004363-2,SUP-0058,2026-05-10,2026-05-10,DELIVERED
SHP-004363-3,ORD-004363-3,SUP-0058,2026-04-21,2026-04-21,DELIVERED
SHP-004363-4,ORD-004363-4,SUP-0058,2026-04-25,2026-04-25,DELIVERED
SHP-004364-1,ORD-004364-1,SUP-0093,2026-09-20,2026-09-20,IN_TRANSIT
SHP-004364-2,ORD-004364-2,SUP-0093,2026-08-31,2026-08-31,DELIVERED
SHP-004364-3,ORD-004364-3,SUP-0093,2026-09-12,2026-09-14,IN_TRANSIT
SHP-004364-4,ORD-004364-4,SUP-0093,2026-09-05,2026-09-06,IN_TRANSIT
SHP-004365-1,ORD-004365-1,SUP-0087,2026-03-11,2026-03-12,DELIVERED
SHP-004366-1,ORD-004366-1,SUP-0118,2026-07-22,2026-07-22,DELIVERED
SHP-004367-1,ORD-004367-1,SUP-0012,2026-07-11,2026-07-11,DELIVERED
SHP-004368-1,ORD-004368-1,SUP-0020,2026-09-19,2026-09-21,IN_TRANSIT
SHP-004369-1,ORD-004369-1,SUP-0061,2026-01-31,2026-01-31,DELIVERED
SHP-004369-2,ORD-004369-2,SUP-0061,2026-02-01,2026-02-01,DELIVERED
SHP-004369-3,ORD-004369-3,SUP-0061,2026-02-01,2026-02-01,DELIVERED
SHP-004369-4,ORD-004369-4,SUP-0061,2026-01-22,2026-01-22,DELIVERED
SHP-004370-1,ORD-004370-1,SUP-0095,2026-03-20,2026-03-20,DELIVERED
SHP-004370-2,ORD-004370-2,SUP-0095,2026-03-18,2026-03-19,DELIVERED
SHP-004370-3,ORD-004370-3,SUP-0095,2026-03-26,2026-03-26,DELIVERED
SHP-004371-1,ORD-004371-1,SUP-0119,2026-06-21,2026-06-21,DELIVERED
SHP-004371-2,ORD-004371-2,SUP-0119,2026-06-17,2026-06-17,DELIVERED
SHP-004371-3,ORD-004371-3,SUP-0119,2026-06-12,2026-06-13,DELIVERED
SHP-004371-4,ORD-004371-4,SUP-0119,2026-07-01,2026-07-01,DELIVERED
SHP-004372-1,ORD-004372-1,SUP-0081,2026-10-03,2026-10-05,IN_TRANSIT
SHP-004372-2,ORD-004372-2,SUP-0081,2026-09-28,2026-09-29,IN_TRANSIT
SHP-004372-3,ORD-004372-3,SUP-0081,2026-09-09,2026-09-09,IN_TRANSIT
SHP-004372-4,ORD-004372-4,SUP-0081,2026-09-17,2026-09-17,IN_TRANSIT
SHP-004373-1,ORD-004373-1,SUP-0090,2026-09-05,2026-09-05,IN_TRANSIT
SHP-004373-2,ORD-004373-2,SUP-0090,2026-09-17,2026-09-19,IN_TRANSIT
SHP-004373-3,ORD-004373-3,SUP-0090,2026-09-17,2026-09-17,IN_TRANSIT
SHP-004373-4,ORD-004373-4,SUP-0090,2026-09-05,2026-09-05,IN_TRANSIT
SHP-004374-1,ORD-004374-1,SUP-0083,2026-04-16,2026-04-17,DELIVERED
SHP-004375-1,ORD-004375-1,SUP-0089,2026-04-05,2026-04-06,DELIVERED
SHP-004375-2,ORD-004375-2,SUP-0089,2026-04-19,2026-04-21,DELIVERED
SHP-004376-1,ORD-004376-1,SUP-0009,2026-01-21,2026-01-21,DELIVERED
SHP-004376-2,ORD-004376-2,SUP-0009,2026-01-29,2026-01-29,DELIVERED
SHP-004376-3,ORD-004376-3,SUP-0009,2026-01-28,2026-01-28,DELIVERED
SHP-004376-4,ORD-004376-4,SUP-0009,2026-02-02,2026-02-02,DELIVERED
SHP-004377-1,ORD-004377-1,SUP-0060,2026-06-21,2026-06-22,DELIVERED
SHP-004377-2,ORD-004377-2,SUP-0060,2026-05-31,2026-05-31,DELIVERED
SHP-004377-3,ORD-004377-3,SUP-0060,2026-06-22,2026-06-22,DELIVERED
SHP-004378-1,ORD-004378-1,SUP-0053,2026-06-21,2026-06-21,DELIVERED
SHP-004379-1,ORD-004379-1,SUP-0034,2026-02-05,2026-02-05,DELIVERED
SHP-004379-2,ORD-004379-2,SUP-0034,2026-02-11,2026-02-12,DELIVERED
SHP-004380-1,ORD-004380-1,SUP-0077,2026-08-23,2026-08-23,DELIVERED
SHP-004380-2,ORD-004380-2,SUP-0077,2026-08-12,2026-08-14,DELIVERED
SHP-004381-1,ORD-004381-1,SUP-0093,2026-05-04,2026-05-05,DELIVERED
SHP-004381-2,ORD-004381-2,SUP-0093,2026-05-02,2026-05-02,DELIVERED
SHP-004381-3,ORD-004381-3,SUP-0093,2026-05-03,2026-05-05,DELIVERED
SHP-004381-4,ORD-004381-4,SUP-0093,2026-04-20,2026-04-20,DELIVERED
SHP-004382-1,ORD-004382-1,SUP-0114,2026-01-26,2026-01-27,DELIVERED
SHP-004382-2,ORD-004382-2,SUP-0114,2026-01-20,2026-01-20,DELIVERED
SHP-004383-1,ORD-004383-1,SUP-0082,2026-09-10,2026-09-10,IN_TRANSIT
SHP-004383-2,ORD-004383-2,SUP-0082,2026-09-01,2026-09-01,DELIVERED
SHP-004384-1,ORD-004384-1,SUP-0058,2026-04-26,2026-04-26,DELIVERED
SHP-004384-2,ORD-004384-2,SUP-0058,2026-04-25,2026-04-27,DELIVERED
SHP-004384-3,ORD-004384-3,SUP-0058,2026-04-24,2026-04-24,DELIVERED
SHP-004384-4,ORD-004384-4,SUP-0058,2026-05-04,2026-05-04,DELIVERED
SHP-004385-1,ORD-004385-1,SUP-0109,2026-06-04,2026-06-05,DELIVERED
SHP-004386-1,ORD-004386-1,SUP-0060,2026-07-08,2026-07-08,DELIVERED
SHP-004386-2,ORD-004386-2,SUP-0060,2026-06-25,2026-06-26,DELIVERED
SHP-004387-1,ORD-004387-1,SUP-0004,2026-09-06,2026-09-06,IN_TRANSIT
SHP-004388-1,ORD-004388-1,SUP-0103,2026-04-26,2026-04-27,DELIVERED
SHP-004388-2,ORD-004388-2,SUP-0103,2026-05-05,2026-05-07,DELIVERED
SHP-004389-1,ORD-004389-1,SUP-0034,2026-04-20,2026-04-20,DELIVERED
SHP-004389-2,ORD-004389-2,SUP-0034,2026-05-06,2026-05-06,DELIVERED
SHP-004390-1,ORD-004390-1,SUP-0085,2026-02-13,2026-02-15,DELIVERED
SHP-004390-2,ORD-004390-2,SUP-0085,2026-02-22,2026-02-22,DELIVERED
SHP-004391-1,ORD-004391-1,SUP-0002,2026-05-11,2026-05-11,DELIVERED
SHP-004391-2,ORD-004391-2,SUP-0002,2026-04-25,2026-04-25,DELIVERED
SHP-004391-3,ORD-004391-3,SUP-0002,2026-05-16,2026-05-16,DELIVERED
SHP-004391-4,ORD-004391-4,SUP-0002,2026-05-15,2026-05-16,DELIVERED
SHP-004392-1,ORD-004392-1,SUP-0084,2026-04-25,2026-04-26,DELIVERED
SHP-004392-2,ORD-004392-2,SUP-0084,2026-04-17,2026-04-17,DELIVERED
SHP-004392-3,ORD-004392-3,SUP-0084,2026-05-10,2026-05-11,DELIVERED
SHP-004392-4,ORD-004392-4,SUP-0084,2026-04-28,2026-04-28,DELIVERED
SHP-004393-1,ORD-004393-1,SUP-0100,2026-05-19,2026-05-19,DELIVERED
SHP-004394-1,ORD-004394-1,SUP-0107,2026-06-27,2026-06-27,DELIVERED
SHP-004394-2,ORD-004394-2,SUP-0107,2026-06-06,2026-06-06,DELIVERED
SHP-004395-1,ORD-004395-1,SUP-0035,2026-03-22,2026-03-22,DELIVERED
SHP-004395-2,ORD-004395-2,SUP-0035,2026-03-16,2026-03-16,DELIVERED
SHP-004395-3,ORD-004395-3,SUP-0035,2026-03-19,2026-03-19,DELIVERED
SHP-004396-1,ORD-004396-1,SUP-0042,2026-02-08,2026-02-08,DELIVERED
SHP-004396-2,ORD-004396-2,SUP-0042,2026-01-20,2026-01-20,DELIVERED
SHP-004396-3,ORD-004396-3,SUP-0042,2026-01-22,2026-01-22,DELIVERED
SHP-004396-4,ORD-004396-4,SUP-0042,2026-01-20,2026-01-20,DELIVERED
SHP-004397-1,ORD-004397-1,SUP-0119,2026-07-27,2026-07-27,DELIVERED
SHP-004397-2,ORD-004397-2,SUP-0119,2026-07-10,2026-07-10,DELIVERED
SHP-004398-1,ORD-004398-1,SUP-0018,2026-09-12,2026-09-13,IN_TRANSIT
SHP-004398-2,ORD-004398-2,SUP-0018,2026-09-22,2026-09-24,IN_TRANSIT
SHP-004398-3,ORD-004398-3,SUP-0018,2026-09-17,2026-09-18,IN_TRANSIT
SHP-004399-1,ORD-004399-1,SUP-0117,2026-08-17,2026-08-17,DELIVERED
SHP-004399-2,ORD-004399-2,SUP-0117,2026-08-25,2026-08-25,DELIVERED
SHP-004399-3,ORD-004399-3,SUP-0117,2026-08-21,2026-08-21,DELIVERED
SHP-004399-4,ORD-004399-4,SUP-0117,2026-08-07,2026-08-07,DELIVERED
SHP-004400-1,ORD-004400-1,SUP-0065,2026-03-17,2026-03-17,DELIVERED
SHP-004401-1,ORD-004401-1,SUP-0004,2026-01-30,2026-01-30,DELIVERED
SHP-004401-2,ORD-004401-2,SUP-0004,2026-02-01,2026-02-01,DELIVERED
SHP-004402-1,ORD-004402-1,SUP-0088,2026-06-29,2026-06-29,DELIVERED
SHP-004402-2,ORD-004402-2,SUP-0088,2026-06-27,2026-06-27,DELIVERED
SHP-004403-1,ORD-004403-1,SUP-0057,2026-03-17,2026-03-17,DELIVERED
SHP-004403-2,ORD-004403-2,SUP-0057,2026-03-07,2026-03-07,DELIVERED
SHP-004404-1,ORD-004404-1,SUP-0003,2026-04-24,2026-04-24,DELIVERED
SHP-004405-1,ORD-004405-1,SUP-0002,2026-05-03,2026-05-05,DELIVERED
SHP-004405-2,ORD-004405-2,SUP-0002,2026-04-20,2026-04-20,DELIVERED
SHP-004405-3,ORD-004405-3,SUP-0002,2026-04-26,2026-04-26,DELIVERED
SHP-004405-4,ORD-004405-4,SUP-0002,2026-04-21,2026-04-21,DELIVERED
SHP-004406-1,ORD-004406-1,SUP-0014,2026-06-05,2026-06-05,DELIVERED
SHP-004406-2,ORD-004406-2,SUP-0014,2026-06-19,2026-06-19,DELIVERED
SHP-004407-1,ORD-004407-1,SUP-0080,2026-05-11,2026-05-11,DELIVERED
SHP-004407-2,ORD-004407-2,SUP-0080,2026-04-22,2026-04-22,DELIVERED
SHP-004408-1,ORD-004408-1,SUP-0004,2026-05-03,2026-05-03,DELIVERED
SHP-004408-2,ORD-004408-2,SUP-0004,2026-04-23,2026-04-23,DELIVERED
SHP-004409-1,ORD-004409-1,SUP-0029,2026-03-28,2026-03-28,DELIVERED
SHP-004409-2,ORD-004409-2,SUP-0029,2026-04-10,2026-04-11,DELIVERED
SHP-004409-3,ORD-004409-3,SUP-0029,2026-03-26,2026-03-26,DELIVERED
SHP-004410-1,ORD-004410-1,SUP-0005,2026-05-06,2026-05-07,DELIVERED
SHP-004410-2,ORD-004410-2,SUP-0005,2026-05-08,2026-05-10,DELIVERED
SHP-004410-3,ORD-004410-3,SUP-0005,2026-04-19,2026-04-19,DELIVERED
SHP-004411-1,ORD-004411-1,SUP-0019,2026-03-26,2026-03-26,DELIVERED
SHP-004411-2,ORD-004411-2,SUP-0019,2026-03-12,2026-03-12,DELIVERED
SHP-004411-3,ORD-004411-3,SUP-0019,2026-03-26,2026-03-26,DELIVERED
SHP-004411-4,ORD-004411-4,SUP-0019,2026-04-08,2026-04-08,DELIVERED
SHP-004412-1,ORD-004412-1,SUP-0093,2026-02-28,2026-03-02,DELIVERED
SHP-004412-2,ORD-004412-2,SUP-0093,2026-03-04,2026-03-04,DELIVERED
SHP-004413-1,ORD-004413-1,SUP-0065,2026-02-25,2026-02-25,DELIVERED
SHP-004413-2,ORD-004413-2,SUP-0065,2026-03-13,2026-03-15,DELIVERED
SHP-004414-1,ORD-004414-1,SUP-0114,2026-08-03,2026-08-04,DELIVERED
SHP-004414-2,ORD-004414-2,SUP-0114,2026-07-11,2026-07-13,DELIVERED
SHP-004414-3,ORD-004414-3,SUP-0114,2026-08-03,2026-08-03,DELIVERED
SHP-004415-1,ORD-004415-1,SUP-0094,2026-07-15,2026-07-15,DELIVERED
SHP-004415-2,ORD-004415-2,SUP-0094,2026-07-30,2026-07-30,DELIVERED
SHP-004416-1,ORD-004416-1,SUP-0116,2026-06-05,2026-06-05,DELIVERED
SHP-004416-2,ORD-004416-2,SUP-0116,2026-06-13,2026-06-14,DELIVERED
SHP-004416-3,ORD-004416-3,SUP-0116,2026-06-06,2026-06-06,DELIVERED
SHP-004416-4,ORD-004416-4,SUP-0116,2026-06-12,2026-06-12,DELIVERED
SHP-004417-1,ORD-004417-1,SUP-0044,2026-08-29,2026-08-30,DELIVERED
SHP-004417-2,ORD-004417-2,SUP-0044,2026-08-23,2026-08-23,DELIVERED
SHP-004418-1,ORD-004418-1,SUP-0075,2026-09-12,2026-09-12,IN_TRANSIT
SHP-004418-2,ORD-004418-2,SUP-0075,2026-09-29,2026-10-01,IN_TRANSIT
SHP-004418-3,ORD-004418-3,SUP-0075,2026-09-28,2026-09-28,IN_TRANSIT
SHP-004418-4,ORD-004418-4,SUP-0075,2026-09-07,2026-09-09,IN_TRANSIT
SHP-004419-1,ORD-004419-1,SUP-0095,2026-07-12,2026-07-13,DELIVERED
SHP-004419-2,ORD-004419-2,SUP-0095,2026-07-16,2026-07-16,DELIVERED
SHP-004420-1,ORD-004420-1,SUP-0066,2026-09-17,2026-09-19,IN_TRANSIT
SHP-004420-2,ORD-004420-2,SUP-0066,2026-09-10,2026-09-10,IN_TRANSIT
SHP-004421-1,ORD-004421-1,SUP-0037,2026-06-07,2026-06-07,DELIVERED
SHP-004421-2,ORD-004421-2,SUP-0037,2026-06-01,2026-06-03,DELIVERED
SHP-004421-3,ORD-004421-3,SUP-0037,2026-06-20,2026-06-20,DELIVERED
SHP-004421-4,ORD-004421-4,SUP-0037,2026-06-13,2026-06-13,DELIVERED
SHP-004422-1,ORD-004422-1,SUP-0095,2026-08-16,2026-08-16,DELIVERED
SHP-004422-2,ORD-004422-2,SUP-0095,2026-08-26,2026-08-27,DELIVERED
SHP-004422-3,ORD-004422-3,SUP-0095,2026-08-31,2026-08-31,DELIVERED
SHP-004422-4,ORD-004422-4,SUP-0095,2026-08-30,2026-09-01,DELIVERED
SHP-004423-1,ORD-004423-1,SUP-0061,2026-04-13,2026-04-15,DELIVERED
SHP-004424-1,ORD-004424-1,SUP-0115,2026-06-15,2026-06-17,DELIVERED
SHP-004424-2,ORD-004424-2,SUP-0115,2026-06-03,2026-06-04,DELIVERED
SHP-004424-3,ORD-004424-3,SUP-0115,2026-06-11,2026-06-13,DELIVERED
SHP-004424-4,ORD-004424-4,SUP-0115,2026-05-26,2026-05-26,DELIVERED
SHP-004425-1,ORD-004425-1,SUP-0085,2026-06-22,2026-06-22,DELIVERED
SHP-004426-1,ORD-004426-1,SUP-0087,2026-08-22,2026-08-22,DELIVERED
SHP-004426-2,ORD-004426-2,SUP-0087,2026-08-16,2026-08-16,DELIVERED
SHP-004426-3,ORD-004426-3,SUP-0087,2026-08-23,2026-08-23,DELIVERED
SHP-004427-1,ORD-004427-1,SUP-0037,2026-04-15,2026-04-15,DELIVERED
SHP-004427-2,ORD-004427-2,SUP-0037,2026-03-28,2026-03-30,DELIVERED
SHP-004428-1,ORD-004428-1,SUP-0120,2026-04-07,2026-04-07,DELIVERED
SHP-004428-2,ORD-004428-2,SUP-0120,2026-04-28,2026-04-28,DELIVERED
SHP-004429-1,ORD-004429-1,SUP-0097,2026-08-04,2026-08-04,DELIVERED
SHP-004429-2,ORD-004429-2,SUP-0097,2026-07-16,2026-07-17,DELIVERED
SHP-004429-3,ORD-004429-3,SUP-0097,2026-07-30,2026-07-30,DELIVERED
SHP-004430-1,ORD-004430-1,SUP-0036,2026-05-18,2026-05-18,DELIVERED
SHP-004430-2,ORD-004430-2,SUP-0036,2026-04-27,2026-04-27,DELIVERED
SHP-004430-3,ORD-004430-3,SUP-0036,2026-05-06,2026-05-07,DELIVERED
SHP-004430-4,ORD-004430-4,SUP-0036,2026-05-19,2026-05-19,DELIVERED
SHP-004431-1,ORD-004431-1,SUP-0059,2026-02-14,2026-02-14,DELIVERED
SHP-004431-2,ORD-004431-2,SUP-0059,2026-01-21,2026-01-22,DELIVERED
SHP-004431-3,ORD-004431-3,SUP-0059,2026-02-09,2026-02-11,DELIVERED
SHP-004432-1,ORD-004432-1,SUP-0037,2026-02-25,2026-02-25,DELIVERED
SHP-004432-2,ORD-004432-2,SUP-0037,2026-03-05,2026-03-07,DELIVERED
SHP-004432-3,ORD-004432-3,SUP-0037,2026-03-15,2026-03-16,DELIVERED
SHP-004433-1,ORD-004433-1,SUP-0089,2026-05-06,2026-05-06,DELIVERED
SHP-004433-2,ORD-004433-2,SUP-0089,2026-05-04,2026-05-05,DELIVERED
SHP-004433-3,ORD-004433-3,SUP-0089,2026-04-28,2026-04-28,DELIVERED
SHP-004433-4,ORD-004433-4,SUP-0089,2026-04-24,2026-04-26,DELIVERED
SHP-004434-1,ORD-004434-1,SUP-0022,2026-05-31,2026-05-31,DELIVERED
SHP-004435-1,ORD-004435-1,SUP-0099,2026-03-19,2026-03-20,DELIVERED
SHP-004435-2,ORD-004435-2,SUP-0099,2026-03-07,2026-03-07,DELIVERED
SHP-004436-1,ORD-004436-1,SUP-0062,2026-09-25,2026-09-25,IN_TRANSIT
SHP-004436-2,ORD-004436-2,SUP-0062,2026-09-17,2026-09-17,IN_TRANSIT
SHP-004436-3,ORD-004436-3,SUP-0062,2026-09-16,2026-09-16,IN_TRANSIT
SHP-004437-1,ORD-004437-1,SUP-0052,2026-06-11,2026-06-11,DELIVERED
SHP-004437-2,ORD-004437-2,SUP-0052,2026-05-25,2026-05-27,DELIVERED
SHP-004438-1,ORD-004438-1,SUP-0027,2026-07-12,2026-07-13,DELIVERED
SHP-004438-2,ORD-004438-2,SUP-0027,2026-07-15,2026-07-15,DELIVERED
SHP-004438-3,ORD-004438-3,SUP-0027,2026-07-28,2026-07-29,DELIVERED
SHP-004438-4,ORD-004438-4,SUP-0027,2026-07-17,2026-07-17,DELIVERED
SHP-004439-1,ORD-004439-1,SUP-0105,2026-02-24,2026-02-26,DELIVERED
SHP-004439-2,ORD-004439-2,SUP-0105,2026-02-26,2026-02-26,DELIVERED
SHP-004439-3,ORD-004439-3,SUP-0105,2026-02-11,2026-02-12,DELIVERED
SHP-004440-1,ORD-004440-1,SUP-0030,2026-03-21,2026-03-23,DELIVERED
SHP-004440-2,ORD-004440-2,SUP-0030,2026-03-15,2026-03-17,DELIVERED
SHP-004440-3,ORD-004440-3,SUP-0030,2026-03-14,2026-03-14,DELIVERED
SHP-004440-4,ORD-004440-4,SUP-0030,2026-03-21,2026-03-21,DELIVERED
SHP-004441-1,ORD-004441-1,SUP-0004,2026-08-19,2026-08-21,DELIVERED
SHP-004442-1,ORD-004442-1,SUP-0060,2026-08-23,2026-08-23,DELIVERED
SHP-004442-2,ORD-004442-2,SUP-0060,2026-08-17,2026-08-19,DELIVERED
SHP-004442-3,ORD-004442-3,SUP-0060,2026-09-05,2026-09-07,IN_TRANSIT
SHP-004442-4,ORD-004442-4,SUP-0060,2026-09-15,2026-09-16,IN_TRANSIT
SHP-004443-1,ORD-004443-1,SUP-0072,2026-09-17,2026-09-17,IN_TRANSIT
SHP-004443-2,ORD-004443-2,SUP-0072,2026-09-12,2026-09-14,IN_TRANSIT
SHP-004443-3,ORD-004443-3,SUP-0072,2026-08-21,2026-08-23,DELIVERED
SHP-004444-1,ORD-004444-1,SUP-0055,2026-04-04,2026-04-04,DELIVERED
SHP-004444-2,ORD-004444-2,SUP-0055,2026-03-13,2026-03-14,DELIVERED
SHP-004445-1,ORD-004445-1,SUP-0041,2026-07-20,2026-07-20,DELIVERED
SHP-004445-2,ORD-004445-2,SUP-0041,2026-07-20,2026-07-22,DELIVERED
SHP-004445-3,ORD-004445-3,SUP-0041,2026-07-20,2026-07-22,DELIVERED
SHP-004445-4,ORD-004445-4,SUP-0041,2026-07-21,2026-07-22,DELIVERED
SHP-004446-1,ORD-004446-1,SUP-0063,2026-06-13,2026-06-13,DELIVERED
SHP-004446-2,ORD-004446-2,SUP-0063,2026-06-19,2026-06-19,DELIVERED
SHP-004446-3,ORD-004446-3,SUP-0063,2026-06-18,2026-06-19,DELIVERED
SHP-004446-4,ORD-004446-4,SUP-0063,2026-06-12,2026-06-14,DELIVERED
SHP-004447-1,ORD-004447-1,SUP-0073,2026-04-27,2026-04-27,DELIVERED
SHP-004447-2,ORD-004447-2,SUP-0073,2026-04-17,2026-04-17,DELIVERED
SHP-004448-1,ORD-004448-1,SUP-0028,2026-08-24,2026-08-24,DELIVERED
SHP-004449-1,ORD-004449-1,SUP-0012,2026-08-19,2026-08-19,DELIVERED
SHP-004450-1,ORD-004450-1,SUP-0086,2026-04-09,2026-04-09,DELIVERED
SHP-004450-2,ORD-004450-2,SUP-0086,2026-04-15,2026-04-15,DELIVERED
SHP-004450-3,ORD-004450-3,SUP-0086,2026-03-29,2026-03-29,DELIVERED
SHP-004451-1,ORD-004451-1,SUP-0100,2026-03-22,2026-03-22,DELIVERED
SHP-004452-1,ORD-004452-1,SUP-0020,2026-07-09,2026-07-11,DELIVERED
SHP-004452-2,ORD-004452-2,SUP-0020,2026-07-31,2026-07-31,DELIVERED
SHP-004452-3,ORD-004452-3,SUP-0020,2026-07-10,2026-07-12,DELIVERED
SHP-004452-4,ORD-004452-4,SUP-0020,2026-07-31,2026-07-31,DELIVERED
SHP-004453-1,ORD-004453-1,SUP-0031,2026-04-05,2026-04-05,DELIVERED
SHP-004453-2,ORD-004453-2,SUP-0031,2026-03-30,2026-03-30,DELIVERED
SHP-004453-3,ORD-004453-3,SUP-0031,2026-04-07,2026-04-07,DELIVERED
SHP-004454-1,ORD-004454-1,SUP-0075,2026-08-24,2026-08-26,DELIVERED
SHP-004454-2,ORD-004454-2,SUP-0075,2026-08-28,2026-08-28,DELIVERED
SHP-004455-1,ORD-004455-1,SUP-0006,2026-03-23,2026-03-23,DELIVERED
SHP-004456-1,ORD-004456-1,SUP-0083,2026-04-07,2026-04-07,DELIVERED
SHP-004456-2,ORD-004456-2,SUP-0083,2026-04-10,2026-04-10,DELIVERED
SHP-004456-3,ORD-004456-3,SUP-0083,2026-04-13,2026-04-13,DELIVERED
SHP-004457-1,ORD-004457-1,SUP-0077,2026-06-13,2026-06-13,DELIVERED
SHP-004457-2,ORD-004457-2,SUP-0077,2026-07-03,2026-07-05,DELIVERED
SHP-004457-3,ORD-004457-3,SUP-0077,2026-07-12,2026-07-12,DELIVERED
SHP-004457-4,ORD-004457-4,SUP-0077,2026-06-28,2026-06-30,DELIVERED
SHP-004458-1,ORD-004458-1,SUP-0103,2026-04-25,2026-04-25,DELIVERED
SHP-004458-2,ORD-004458-2,SUP-0103,2026-05-14,2026-05-16,DELIVERED
SHP-004458-3,ORD-004458-3,SUP-0103,2026-05-07,2026-05-07,DELIVERED
SHP-004458-4,ORD-004458-4,SUP-0103,2026-05-12,2026-05-12,DELIVERED
SHP-004459-1,ORD-004459-1,SUP-0061,2026-03-25,2026-03-26,DELIVERED
SHP-004460-1,ORD-004460-1,SUP-0069,2026-04-13,2026-04-13,DELIVERED
SHP-004460-2,ORD-004460-2,SUP-0069,2026-04-27,2026-04-28,DELIVERED
SHP-004460-3,ORD-004460-3,SUP-0069,2026-05-01,2026-05-01,DELIVERED
SHP-004461-1,ORD-004461-1,SUP-0015,2026-01-29,2026-01-29,DELIVERED
SHP-004461-2,ORD-004461-2,SUP-0015,2026-02-08,2026-02-08,DELIVERED
SHP-004462-1,ORD-004462-1,SUP-0100,2026-09-03,2026-09-03,IN_TRANSIT
SHP-004462-2,ORD-004462-2,SUP-0100,2026-08-12,2026-08-14,DELIVERED
SHP-004462-3,ORD-004462-3,SUP-0100,2026-08-06,2026-08-08,DELIVERED
SHP-004463-1,ORD-004463-1,SUP-0069,2026-05-01,2026-05-01,DELIVERED
SHP-004464-1,ORD-004464-1,SUP-0052,2026-03-29,2026-03-29,DELIVERED
SHP-004464-2,ORD-004464-2,SUP-0052,2026-03-20,2026-03-20,DELIVERED
SHP-004465-1,ORD-004465-1,SUP-0077,2026-05-18,2026-05-19,DELIVERED
SHP-004465-2,ORD-004465-2,SUP-0077,2026-05-22,2026-05-22,DELIVERED
SHP-004465-3,ORD-004465-3,SUP-0077,2026-05-04,2026-05-05,DELIVERED
SHP-004465-4,ORD-004465-4,SUP-0077,2026-05-21,2026-05-21,DELIVERED
SHP-004466-1,ORD-004466-1,SUP-0103,2026-07-06,2026-07-06,DELIVERED
SHP-004466-2,ORD-004466-2,SUP-0103,2026-07-10,2026-07-10,DELIVERED
SHP-004467-1,ORD-004467-1,SUP-0054,2026-02-01,2026-02-03,DELIVERED
SHP-004467-2,ORD-004467-2,SUP-0054,2026-02-21,2026-02-21,DELIVERED
SHP-004467-3,ORD-004467-3,SUP-0054,2026-02-08,2026-02-08,DELIVERED
SHP-004467-4,ORD-004467-4,SUP-0054,2026-02-14,2026-02-16,DELIVERED
SHP-004468-1,ORD-004468-1,SUP-0069,2026-08-16,2026-08-16,DELIVERED
SHP-004468-2,ORD-004468-2,SUP-0069,2026-08-12,2026-08-12,DELIVERED
SHP-004469-1,ORD-004469-1,SUP-0028,2026-01-30,2026-01-30,DELIVERED
SHP-004469-2,ORD-004469-2,SUP-0028,2026-01-16,2026-01-17,DELIVERED
SHP-004469-3,ORD-004469-3,SUP-0028,2026-02-08,2026-02-08,DELIVERED
SHP-004470-1,ORD-004470-1,SUP-0078,2026-08-27,2026-08-29,DELIVERED
SHP-004470-2,ORD-004470-2,SUP-0078,2026-08-16,2026-08-18,DELIVERED
SHP-004470-3,ORD-004470-3,SUP-0078,2026-09-17,2026-09-18,IN_TRANSIT
SHP-004471-1,ORD-004471-1,SUP-0079,2026-05-24,2026-05-26,DELIVERED
SHP-004472-1,ORD-004472-1,SUP-0025,2026-07-08,2026-07-08,DELIVERED
SHP-004473-1,ORD-004473-1,SUP-0103,2026-01-19,2026-01-19,DELIVERED
SHP-004473-2,ORD-004473-2,SUP-0103,2026-01-25,2026-01-26,DELIVERED
SHP-004473-3,ORD-004473-3,SUP-0103,2026-01-20,2026-01-21,DELIVERED
SHP-004474-1,ORD-004474-1,SUP-0049,2026-01-17,2026-01-17,DELIVERED
SHP-004475-1,ORD-004475-1,SUP-0102,2026-07-22,2026-07-24,DELIVERED
SHP-004476-1,ORD-004476-1,SUP-0080,2026-09-05,2026-09-07,IN_TRANSIT
SHP-004476-2,ORD-004476-2,SUP-0080,2026-08-28,2026-08-28,DELIVERED
SHP-004477-1,ORD-004477-1,SUP-0028,2026-04-24,2026-04-24,DELIVERED
SHP-004477-2,ORD-004477-2,SUP-0028,2026-04-24,2026-04-24,DELIVERED
SHP-004477-3,ORD-004477-3,SUP-0028,2026-04-24,2026-04-26,DELIVERED
SHP-004478-1,ORD-004478-1,SUP-0101,2026-02-12,2026-02-13,DELIVERED
SHP-004478-2,ORD-004478-2,SUP-0101,2026-02-27,2026-02-27,DELIVERED
SHP-004478-3,ORD-004478-3,SUP-0101,2026-02-16,2026-02-18,DELIVERED
SHP-004479-1,ORD-004479-1,SUP-0065,2026-08-08,2026-08-09,DELIVERED
SHP-004480-1,ORD-004480-1,SUP-0035,2026-01-22,2026-01-22,DELIVERED
SHP-004480-2,ORD-004480-2,SUP-0035,2026-01-27,2026-01-27,DELIVERED
SHP-004481-1,ORD-004481-1,SUP-0015,2026-03-03,2026-03-04,DELIVERED
SHP-004481-2,ORD-004481-2,SUP-0015,2026-03-19,2026-03-21,DELIVERED
SHP-004481-3,ORD-004481-3,SUP-0015,2026-03-18,2026-03-20,DELIVERED
SHP-004482-1,ORD-004482-1,SUP-0031,2026-05-15,2026-05-16,DELIVERED
SHP-004482-2,ORD-004482-2,SUP-0031,2026-05-20,2026-05-20,DELIVERED
SHP-004482-3,ORD-004482-3,SUP-0031,2026-06-05,2026-06-05,DELIVERED
SHP-004483-1,ORD-004483-1,SUP-0103,2026-01-20,2026-01-20,DELIVERED
SHP-004483-2,ORD-004483-2,SUP-0103,2026-01-24,2026-01-24,DELIVERED
SHP-004483-3,ORD-004483-3,SUP-0103,2026-02-02,2026-02-02,DELIVERED
SHP-004484-1,ORD-004484-1,SUP-0092,2026-03-21,2026-03-22,DELIVERED
SHP-004485-1,ORD-004485-1,SUP-0056,2026-06-23,2026-06-23,DELIVERED
SHP-004486-1,ORD-004486-1,SUP-0028,2026-02-05,2026-02-05,DELIVERED
SHP-004486-2,ORD-004486-2,SUP-0028,2026-02-13,2026-02-13,DELIVERED
SHP-004486-3,ORD-004486-3,SUP-0028,2026-02-19,2026-02-19,DELIVERED
SHP-004486-4,ORD-004486-4,SUP-0028,2026-02-21,2026-02-21,DELIVERED
SHP-004487-1,ORD-004487-1,SUP-0052,2026-01-23,2026-01-23,DELIVERED
SHP-004488-1,ORD-004488-1,SUP-0068,2026-08-09,2026-08-09,DELIVERED
SHP-004488-2,ORD-004488-2,SUP-0068,2026-08-18,2026-08-18,DELIVERED
SHP-004489-1,ORD-004489-1,SUP-0043,2026-04-24,2026-04-24,DELIVERED
SHP-004489-2,ORD-004489-2,SUP-0043,2026-04-30,2026-05-02,DELIVERED
SHP-004490-1,ORD-004490-1,SUP-0011,2026-05-29,2026-05-31,DELIVERED
SHP-004490-2,ORD-004490-2,SUP-0011,2026-05-29,2026-05-29,DELIVERED
SHP-004491-1,ORD-004491-1,SUP-0082,2026-08-28,2026-08-28,DELIVERED
SHP-004491-2,ORD-004491-2,SUP-0082,2026-08-20,2026-08-21,DELIVERED
SHP-004492-1,ORD-004492-1,SUP-0047,2026-04-17,2026-04-17,DELIVERED
SHP-004492-2,ORD-004492-2,SUP-0047,2026-03-28,2026-03-30,DELIVERED
SHP-004492-3,ORD-004492-3,SUP-0047,2026-04-10,2026-04-10,DELIVERED
SHP-004493-1,ORD-004493-1,SUP-0046,2026-07-10,2026-07-10,DELIVERED
SHP-004493-2,ORD-004493-2,SUP-0046,2026-07-24,2026-07-26,DELIVERED
SHP-004494-1,ORD-004494-1,SUP-0011,2026-02-07,2026-02-07,DELIVERED
SHP-004494-2,ORD-004494-2,SUP-0011,2026-02-19,2026-02-19,DELIVERED
SHP-004494-3,ORD-004494-3,SUP-0011,2026-02-25,2026-02-25,DELIVERED
SHP-004495-1,ORD-004495-1,SUP-0031,2026-05-21,2026-05-21,DELIVERED
SHP-004495-2,ORD-004495-2,SUP-0031,2026-05-16,2026-05-16,DELIVERED
SHP-004495-3,ORD-004495-3,SUP-0031,2026-05-17,2026-05-17,DELIVERED
SHP-004496-1,ORD-004496-1,SUP-0009,2026-09-01,2026-09-02,IN_TRANSIT
SHP-004496-2,ORD-004496-2,SUP-0009,2026-08-16,2026-08-16,DELIVERED
SHP-004497-1,ORD-004497-1,SUP-0045,2026-02-04,2026-02-06,DELIVERED
SHP-004497-2,ORD-004497-2,SUP-0045,2026-02-26,2026-02-26,DELIVERED
SHP-004497-3,ORD-004497-3,SUP-0045,2026-02-16,2026-02-16,DELIVERED
SHP-004498-1,ORD-004498-1,SUP-0026,2026-09-25,2026-09-25,IN_TRANSIT
SHP-004499-1,ORD-004499-1,SUP-0040,2026-05-12,2026-05-12,DELIVERED
SHP-004499-2,ORD-004499-2,SUP-0040,2026-05-01,2026-05-01,DELIVERED
SHP-004499-3,ORD-004499-3,SUP-0040,2026-05-08,2026-05-08,DELIVERED
SHP-004500-1,ORD-004500-1,SUP-0105,2026-06-27,2026-06-28,DELIVERED
SHP-004500-2,ORD-004500-2,SUP-0105,2026-07-16,2026-07-18,DELIVERED
SHP-004500-3,ORD-004500-3,SUP-0105,2026-07-01,2026-07-03,DELIVERED
SHP-004501-1,ORD-004501-1,SUP-0007,2026-03-23,2026-03-23,DELIVERED
SHP-004501-2,ORD-004501-2,SUP-0007,2026-03-22,2026-03-22,DELIVERED
SHP-004501-3,ORD-004501-3,SUP-0007,2026-04-01,2026-04-02,DELIVERED
SHP-004501-4,ORD-004501-4,SUP-0007,2026-03-29,2026-03-29,DELIVERED
SHP-004502-1,ORD-004502-1,SUP-0066,2026-04-22,2026-04-24,DELIVERED
SHP-004503-1,ORD-004503-1,SUP-0109,2026-08-15,2026-08-15,DELIVERED
SHP-004503-2,ORD-004503-2,SUP-0109,2026-08-03,2026-08-03,DELIVERED
SHP-004503-3,ORD-004503-3,SUP-0109,2026-08-17,2026-08-18,DELIVERED
SHP-004503-4,ORD-004503-4,SUP-0109,2026-08-17,2026-08-17,DELIVERED
SHP-004504-1,ORD-004504-1,SUP-0009,2026-05-11,2026-05-13,DELIVERED
SHP-004504-2,ORD-004504-2,SUP-0009,2026-05-02,2026-05-02,DELIVERED
SHP-004504-3,ORD-004504-3,SUP-0009,2026-04-28,2026-04-30,DELIVERED
SHP-004504-4,ORD-004504-4,SUP-0009,2026-05-05,2026-05-05,DELIVERED
SHP-004505-1,ORD-004505-1,SUP-0065,2026-06-11,2026-06-11,DELIVERED
SHP-004505-2,ORD-004505-2,SUP-0065,2026-06-21,2026-06-21,DELIVERED
SHP-004505-3,ORD-004505-3,SUP-0065,2026-06-06,2026-06-06,DELIVERED
SHP-004506-1,ORD-004506-1,SUP-0108,2026-02-13,2026-02-15,DELIVERED
SHP-004506-2,ORD-004506-2,SUP-0108,2026-02-12,2026-02-12,DELIVERED
SHP-004507-1,ORD-004507-1,SUP-0109,2026-03-14,2026-03-14,DELIVERED
SHP-004507-2,ORD-004507-2,SUP-0109,2026-03-23,2026-03-25,DELIVERED
SHP-004507-3,ORD-004507-3,SUP-0109,2026-03-14,2026-03-14,DELIVERED
SHP-004507-4,ORD-004507-4,SUP-0109,2026-03-18,2026-03-20,DELIVERED
SHP-004508-1,ORD-004508-1,SUP-0024,2026-01-27,2026-01-27,DELIVERED
SHP-004508-2,ORD-004508-2,SUP-0024,2026-02-03,2026-02-04,DELIVERED
SHP-004509-1,ORD-004509-1,SUP-0016,2026-02-24,2026-02-24,DELIVERED
SHP-004510-1,ORD-004510-1,SUP-0020,2026-03-02,2026-03-03,DELIVERED
SHP-004510-2,ORD-004510-2,SUP-0020,2026-02-22,2026-02-22,DELIVERED
SHP-004510-3,ORD-004510-3,SUP-0020,2026-02-09,2026-02-10,DELIVERED
SHP-004510-4,ORD-004510-4,SUP-0020,2026-02-20,2026-02-22,DELIVERED
SHP-004511-1,ORD-004511-1,SUP-0079,2026-10-04,2026-10-04,IN_TRANSIT
SHP-004511-2,ORD-004511-2,SUP-0079,2026-09-14,2026-09-14,IN_TRANSIT
SHP-004511-3,ORD-004511-3,SUP-0079,2026-10-01,2026-10-02,IN_TRANSIT
SHP-004512-1,ORD-004512-1,SUP-0031,2026-07-15,2026-07-15,DELIVERED
SHP-004512-2,ORD-004512-2,SUP-0031,2026-07-13,2026-07-13,DELIVERED
SHP-004512-3,ORD-004512-3,SUP-0031,2026-07-22,2026-07-23,DELIVERED
SHP-004512-4,ORD-004512-4,SUP-0031,2026-07-17,2026-07-17,DELIVERED
SHP-004513-1,ORD-004513-1,SUP-0117,2026-09-04,2026-09-04,IN_TRANSIT
SHP-004513-2,ORD-004513-2,SUP-0117,2026-09-07,2026-09-09,IN_TRANSIT
SHP-004514-1,ORD-004514-1,SUP-0027,2026-03-29,2026-03-29,DELIVERED
SHP-004514-2,ORD-004514-2,SUP-0027,2026-04-02,2026-04-02,DELIVERED
SHP-004514-3,ORD-004514-3,SUP-0027,2026-03-25,2026-03-25,DELIVERED
SHP-004514-4,ORD-004514-4,SUP-0027,2026-04-03,2026-04-03,DELIVERED
SHP-004515-1,ORD-004515-1,SUP-0080,2026-05-27,2026-05-27,DELIVERED
SHP-004515-2,ORD-004515-2,SUP-0080,2026-06-01,2026-06-01,DELIVERED
SHP-004515-3,ORD-004515-3,SUP-0080,2026-05-25,2026-05-27,DELIVERED
SHP-004516-1,ORD-004516-1,SUP-0068,2026-05-20,2026-05-20,DELIVERED
SHP-004516-2,ORD-004516-2,SUP-0068,2026-05-08,2026-05-10,DELIVERED
SHP-004516-3,ORD-004516-3,SUP-0068,2026-05-13,2026-05-13,DELIVERED
SHP-004517-1,ORD-004517-1,SUP-0081,2026-02-21,2026-02-22,DELIVERED
SHP-004517-2,ORD-004517-2,SUP-0081,2026-03-03,2026-03-03,DELIVERED
SHP-004518-1,ORD-004518-1,SUP-0097,2026-06-10,2026-06-10,DELIVERED
SHP-004518-2,ORD-004518-2,SUP-0097,2026-06-21,2026-06-23,DELIVERED
SHP-004519-1,ORD-004519-1,SUP-0083,2026-07-29,2026-07-29,DELIVERED
SHP-004519-2,ORD-004519-2,SUP-0083,2026-08-01,2026-08-03,DELIVERED
SHP-004520-1,ORD-004520-1,SUP-0067,2026-08-02,2026-08-03,DELIVERED
SHP-004520-2,ORD-004520-2,SUP-0067,2026-07-18,2026-07-18,DELIVERED
SHP-004520-3,ORD-004520-3,SUP-0067,2026-07-21,2026-07-23,DELIVERED
SHP-004521-1,ORD-004521-1,SUP-0006,2026-05-06,2026-05-07,DELIVERED
SHP-004521-2,ORD-004521-2,SUP-0006,2026-05-16,2026-05-16,DELIVERED
SHP-004521-3,ORD-004521-3,SUP-0006,2026-04-29,2026-04-29,DELIVERED
SHP-004522-1,ORD-004522-1,SUP-0054,2026-01-27,2026-01-27,DELIVERED
SHP-004522-2,ORD-004522-2,SUP-0054,2026-02-05,2026-02-05,DELIVERED
SHP-004522-3,ORD-004522-3,SUP-0054,2026-01-23,2026-01-23,DELIVERED
SHP-004523-1,ORD-004523-1,SUP-0033,2026-06-02,2026-06-04,DELIVERED
SHP-004524-1,ORD-004524-1,SUP-0057,2026-04-13,2026-04-14,DELIVERED
SHP-004525-1,ORD-004525-1,SUP-0018,2026-04-06,2026-04-06,DELIVERED
SHP-004525-2,ORD-004525-2,SUP-0018,2026-03-20,2026-03-20,DELIVERED
SHP-004526-1,ORD-004526-1,SUP-0060,2026-03-22,2026-03-22,DELIVERED
SHP-004526-2,ORD-004526-2,SUP-0060,2026-03-21,2026-03-21,DELIVERED
SHP-004526-3,ORD-004526-3,SUP-0060,2026-03-06,2026-03-07,DELIVERED
SHP-004527-1,ORD-004527-1,SUP-0051,2026-09-16,2026-09-16,IN_TRANSIT
SHP-004527-2,ORD-004527-2,SUP-0051,2026-09-21,2026-09-21,IN_TRANSIT
SHP-004528-1,ORD-004528-1,SUP-0023,2026-05-27,2026-05-27,DELIVERED
SHP-004528-2,ORD-004528-2,SUP-0023,2026-06-09,2026-06-11,DELIVERED
SHP-004528-3,ORD-004528-3,SUP-0023,2026-05-22,2026-05-22,DELIVERED
SHP-004529-1,ORD-004529-1,SUP-0035,2026-01-26,2026-01-27,DELIVERED
SHP-004529-2,ORD-004529-2,SUP-0035,2026-01-30,2026-01-30,DELIVERED
SHP-004530-1,ORD-004530-1,SUP-0099,2026-04-26,2026-04-26,DELIVERED
SHP-004530-2,ORD-004530-2,SUP-0099,2026-04-30,2026-04-30,DELIVERED
SHP-004530-3,ORD-004530-3,SUP-0099,2026-05-08,2026-05-10,DELIVERED
SHP-004530-4,ORD-004530-4,SUP-0099,2026-05-03,2026-05-03,DELIVERED
SHP-004531-1,ORD-004531-1,SUP-0008,2026-02-23,2026-02-23,DELIVERED
SHP-004531-2,ORD-004531-2,SUP-0008,2026-03-05,2026-03-05,DELIVERED
SHP-004531-3,ORD-004531-3,SUP-0008,2026-03-07,2026-03-07,DELIVERED
SHP-004531-4,ORD-004531-4,SUP-0008,2026-02-18,2026-02-18,DELIVERED
SHP-004532-1,ORD-004532-1,SUP-0032,2026-06-12,2026-06-12,DELIVERED
SHP-004533-1,ORD-004533-1,SUP-0054,2026-08-26,2026-08-26,DELIVERED
SHP-004533-2,ORD-004533-2,SUP-0054,2026-08-25,2026-08-25,DELIVERED
SHP-004533-3,ORD-004533-3,SUP-0054,2026-09-03,2026-09-04,IN_TRANSIT
SHP-004534-1,ORD-004534-1,SUP-0073,2026-06-05,2026-06-05,DELIVERED
SHP-004535-1,ORD-004535-1,SUP-0077,2026-07-22,2026-07-22,DELIVERED
SHP-004535-2,ORD-004535-2,SUP-0077,2026-07-26,2026-07-26,DELIVERED
SHP-004535-3,ORD-004535-3,SUP-0077,2026-07-29,2026-07-29,DELIVERED
SHP-004535-4,ORD-004535-4,SUP-0077,2026-07-26,2026-07-27,DELIVERED
SHP-004536-1,ORD-004536-1,SUP-0040,2026-09-17,2026-09-17,IN_TRANSIT
SHP-004536-2,ORD-004536-2,SUP-0040,2026-09-01,2026-09-01,DELIVERED
SHP-004537-1,ORD-004537-1,SUP-0090,2026-07-31,2026-08-02,DELIVERED
SHP-004537-2,ORD-004537-2,SUP-0090,2026-08-01,2026-08-03,DELIVERED
SHP-004537-3,ORD-004537-3,SUP-0090,2026-08-02,2026-08-02,DELIVERED
SHP-004537-4,ORD-004537-4,SUP-0090,2026-07-23,2026-07-25,DELIVERED
SHP-004538-1,ORD-004538-1,SUP-0076,2026-08-08,2026-08-08,DELIVERED
SHP-004538-2,ORD-004538-2,SUP-0076,2026-08-06,2026-08-06,DELIVERED
SHP-004539-1,ORD-004539-1,SUP-0107,2026-09-13,2026-09-13,IN_TRANSIT
SHP-004539-2,ORD-004539-2,SUP-0107,2026-10-02,2026-10-02,IN_TRANSIT
SHP-004540-1,ORD-004540-1,SUP-0074,2026-04-05,2026-04-05,DELIVERED
SHP-004540-2,ORD-004540-2,SUP-0074,2026-03-18,2026-03-19,DELIVERED
SHP-004540-3,ORD-004540-3,SUP-0074,2026-03-06,2026-03-06,DELIVERED
SHP-004541-1,ORD-004541-1,SUP-0084,2026-09-08,2026-09-08,IN_TRANSIT
SHP-004541-2,ORD-004541-2,SUP-0084,2026-09-17,2026-09-17,IN_TRANSIT
SHP-004541-3,ORD-004541-3,SUP-0084,2026-09-24,2026-09-24,IN_TRANSIT
SHP-004541-4,ORD-004541-4,SUP-0084,2026-09-26,2026-09-26,IN_TRANSIT
SHP-004542-1,ORD-004542-1,SUP-0014,2026-06-28,2026-06-28,DELIVERED
SHP-004543-1,ORD-004543-1,SUP-0120,2026-02-26,2026-02-26,DELIVERED
SHP-004544-1,ORD-004544-1,SUP-0086,2026-04-28,2026-04-28,DELIVERED
SHP-004544-2,ORD-004544-2,SUP-0086,2026-04-13,2026-04-13,DELIVERED
SHP-004544-3,ORD-004544-3,SUP-0086,2026-04-29,2026-04-29,DELIVERED
SHP-004545-1,ORD-004545-1,SUP-0108,2026-04-08,2026-04-10,DELIVERED
SHP-004545-2,ORD-004545-2,SUP-0108,2026-04-12,2026-04-13,DELIVERED
SHP-004546-1,ORD-004546-1,SUP-0106,2026-08-23,2026-08-23,DELIVERED
SHP-004546-2,ORD-004546-2,SUP-0106,2026-08-12,2026-08-12,DELIVERED
SHP-004546-3,ORD-004546-3,SUP-0106,2026-07-31,2026-08-02,DELIVERED
SHP-004547-1,ORD-004547-1,SUP-0061,2026-07-06,2026-07-06,DELIVERED
SHP-004547-2,ORD-004547-2,SUP-0061,2026-07-01,2026-07-02,DELIVERED
SHP-004548-1,ORD-004548-1,SUP-0091,2026-09-16,2026-09-16,IN_TRANSIT
SHP-004548-2,ORD-004548-2,SUP-0091,2026-09-09,2026-09-09,IN_TRANSIT
SHP-004548-3,ORD-004548-3,SUP-0091,2026-09-10,2026-09-11,IN_TRANSIT
SHP-004548-4,ORD-004548-4,SUP-0091,2026-09-09,2026-09-09,IN_TRANSIT
SHP-004549-1,ORD-004549-1,SUP-0014,2026-06-29,2026-06-29,DELIVERED
SHP-004550-1,ORD-004550-1,SUP-0033,2026-03-25,2026-03-26,DELIVERED
SHP-004550-2,ORD-004550-2,SUP-0033,2026-03-25,2026-03-26,DELIVERED
SHP-004551-1,ORD-004551-1,SUP-0026,2026-06-15,2026-06-15,DELIVERED
SHP-004551-2,ORD-004551-2,SUP-0026,2026-06-29,2026-06-30,DELIVERED
SHP-004551-3,ORD-004551-3,SUP-0026,2026-06-23,2026-06-23,DELIVERED
SHP-004551-4,ORD-004551-4,SUP-0026,2026-06-28,2026-06-30,DELIVERED
SHP-004552-1,ORD-004552-1,SUP-0020,2026-02-01,2026-02-01,DELIVERED
SHP-004552-2,ORD-004552-2,SUP-0020,2026-02-09,2026-02-09,DELIVERED
SHP-004553-1,ORD-004553-1,SUP-0108,2026-09-04,2026-09-05,IN_TRANSIT
SHP-004553-2,ORD-004553-2,SUP-0108,2026-08-14,2026-08-14,DELIVERED
SHP-004554-1,ORD-004554-1,SUP-0002,2026-02-04,2026-02-04,DELIVERED
SHP-004554-2,ORD-004554-2,SUP-0002,2026-01-30,2026-01-31,DELIVERED
SHP-004554-3,ORD-004554-3,SUP-0002,2026-02-02,2026-02-02,DELIVERED
SHP-004554-4,ORD-004554-4,SUP-0002,2026-01-22,2026-01-24,DELIVERED
SHP-004555-1,ORD-004555-1,SUP-0078,2026-07-29,2026-07-29,DELIVERED
SHP-004555-2,ORD-004555-2,SUP-0078,2026-07-24,2026-07-25,DELIVERED
SHP-004555-3,ORD-004555-3,SUP-0078,2026-07-29,2026-07-29,DELIVERED
SHP-004555-4,ORD-004555-4,SUP-0078,2026-07-10,2026-07-10,DELIVERED
SHP-004556-1,ORD-004556-1,SUP-0089,2026-06-18,2026-06-18,DELIVERED
SHP-004556-2,ORD-004556-2,SUP-0089,2026-06-17,2026-06-17,DELIVERED
SHP-004556-3,ORD-004556-3,SUP-0089,2026-06-20,2026-06-20,DELIVERED
SHP-004557-1,ORD-004557-1,SUP-0048,2026-03-30,2026-03-30,DELIVERED
SHP-004558-1,ORD-004558-1,SUP-0022,2026-09-06,2026-09-08,IN_TRANSIT
SHP-004558-2,ORD-004558-2,SUP-0022,2026-08-28,2026-08-28,DELIVERED
SHP-004558-3,ORD-004558-3,SUP-0022,2026-09-15,2026-09-15,IN_TRANSIT
SHP-004558-4,ORD-004558-4,SUP-0022,2026-08-26,2026-08-26,DELIVERED
SHP-004559-1,ORD-004559-1,SUP-0024,2026-07-17,2026-07-18,DELIVERED
SHP-004560-1,ORD-004560-1,SUP-0080,2026-03-04,2026-03-06,DELIVERED
SHP-004560-2,ORD-004560-2,SUP-0080,2026-02-24,2026-02-26,DELIVERED
SHP-004561-1,ORD-004561-1,SUP-0035,2026-05-04,2026-05-04,DELIVERED
SHP-004561-2,ORD-004561-2,SUP-0035,2026-05-02,2026-05-04,DELIVERED
SHP-004562-1,ORD-004562-1,SUP-0038,2026-08-01,2026-08-03,DELIVERED
SHP-004562-2,ORD-004562-2,SUP-0038,2026-07-12,2026-07-13,DELIVERED
SHP-004562-3,ORD-004562-3,SUP-0038,2026-07-11,2026-07-11,DELIVERED
SHP-004562-4,ORD-004562-4,SUP-0038,2026-07-18,2026-07-18,DELIVERED
SHP-004563-1,ORD-004563-1,SUP-0056,2026-07-10,2026-07-12,DELIVERED
SHP-004563-2,ORD-004563-2,SUP-0056,2026-07-11,2026-07-12,DELIVERED
SHP-004563-3,ORD-004563-3,SUP-0056,2026-07-11,2026-07-11,DELIVERED
SHP-004564-1,ORD-004564-1,SUP-0019,2026-06-14,2026-06-14,DELIVERED
SHP-004564-2,ORD-004564-2,SUP-0019,2026-06-03,2026-06-04,DELIVERED
SHP-004564-3,ORD-004564-3,SUP-0019,2026-06-07,2026-06-09,DELIVERED
SHP-004565-1,ORD-004565-1,SUP-0004,2026-04-05,2026-04-05,DELIVERED
SHP-004566-1,ORD-004566-1,SUP-0042,2026-06-17,2026-06-17,DELIVERED
SHP-004566-2,ORD-004566-2,SUP-0042,2026-07-04,2026-07-05,DELIVERED
SHP-004567-1,ORD-004567-1,SUP-0091,2026-09-06,2026-09-07,IN_TRANSIT
SHP-004567-2,ORD-004567-2,SUP-0091,2026-08-22,2026-08-22,DELIVERED
SHP-004568-1,ORD-004568-1,SUP-0050,2026-09-18,2026-09-18,IN_TRANSIT
SHP-004568-2,ORD-004568-2,SUP-0050,2026-09-18,2026-09-18,IN_TRANSIT
SHP-004569-1,ORD-004569-1,SUP-0029,2026-07-18,2026-07-18,DELIVERED
SHP-004569-2,ORD-004569-2,SUP-0029,2026-07-27,2026-07-27,DELIVERED
SHP-004569-3,ORD-004569-3,SUP-0029,2026-07-16,2026-07-16,DELIVERED
SHP-004570-1,ORD-004570-1,SUP-0066,2026-03-19,2026-03-19,DELIVERED
SHP-004570-2,ORD-004570-2,SUP-0066,2026-04-08,2026-04-09,DELIVERED
SHP-004571-1,ORD-004571-1,SUP-0093,2026-06-18,2026-06-18,DELIVERED
SHP-004572-1,ORD-004572-1,SUP-0045,2026-04-20,2026-04-21,DELIVERED
SHP-004573-1,ORD-004573-1,SUP-0097,2026-03-30,2026-03-30,DELIVERED
SHP-004573-2,ORD-004573-2,SUP-0097,2026-04-01,2026-04-03,DELIVERED
SHP-004573-3,ORD-004573-3,SUP-0097,2026-03-09,2026-03-09,DELIVERED
SHP-004574-1,ORD-004574-1,SUP-0020,2026-06-25,2026-06-25,DELIVERED
SHP-004575-1,ORD-004575-1,SUP-0094,2026-04-16,2026-04-17,DELIVERED
SHP-004576-1,ORD-004576-1,SUP-0102,2026-09-21,2026-09-21,IN_TRANSIT
SHP-004576-2,ORD-004576-2,SUP-0102,2026-09-20,2026-09-22,IN_TRANSIT
SHP-004576-3,ORD-004576-3,SUP-0102,2026-09-06,2026-09-06,IN_TRANSIT
SHP-004577-1,ORD-004577-1,SUP-0024,2026-04-28,2026-04-29,DELIVERED
SHP-004578-1,ORD-004578-1,SUP-0036,2026-07-20,2026-07-22,DELIVERED
SHP-004578-2,ORD-004578-2,SUP-0036,2026-07-30,2026-07-30,DELIVERED
SHP-004578-3,ORD-004578-3,SUP-0036,2026-08-10,2026-08-12,DELIVERED
SHP-004579-1,ORD-004579-1,SUP-0009,2026-07-04,2026-07-04,DELIVERED
SHP-004579-2,ORD-004579-2,SUP-0009,2026-07-10,2026-07-11,DELIVERED
SHP-004580-1,ORD-004580-1,SUP-0003,2026-02-19,2026-02-19,DELIVERED
SHP-004581-1,ORD-004581-1,SUP-0036,2026-04-10,2026-04-10,DELIVERED
SHP-004581-2,ORD-004581-2,SUP-0036,2026-04-09,2026-04-10,DELIVERED
SHP-004582-1,ORD-004582-1,SUP-0062,2026-08-11,2026-08-11,DELIVERED
SHP-004582-2,ORD-004582-2,SUP-0062,2026-08-26,2026-08-27,DELIVERED
SHP-004582-3,ORD-004582-3,SUP-0062,2026-08-28,2026-08-28,DELIVERED
SHP-004583-1,ORD-004583-1,SUP-0047,2026-03-23,2026-03-23,DELIVERED
SHP-004583-2,ORD-004583-2,SUP-0047,2026-03-25,2026-03-25,DELIVERED
SHP-004584-1,ORD-004584-1,SUP-0016,2026-08-14,2026-08-15,DELIVERED
SHP-004585-1,ORD-004585-1,SUP-0111,2026-08-05,2026-08-07,DELIVERED
SHP-004585-2,ORD-004585-2,SUP-0111,2026-07-25,2026-07-27,DELIVERED
SHP-004586-1,ORD-004586-1,SUP-0026,2026-04-08,2026-04-08,DELIVERED
SHP-004586-2,ORD-004586-2,SUP-0026,2026-04-02,2026-04-02,DELIVERED
SHP-004587-1,ORD-004587-1,SUP-0018,2026-03-23,2026-03-23,DELIVERED
SHP-004587-2,ORD-004587-2,SUP-0018,2026-03-10,2026-03-12,DELIVERED
SHP-004587-3,ORD-004587-3,SUP-0018,2026-03-05,2026-03-07,DELIVERED
SHP-004587-4,ORD-004587-4,SUP-0018,2026-03-08,2026-03-10,DELIVERED
SHP-004588-1,ORD-004588-1,SUP-0075,2026-05-15,2026-05-16,DELIVERED
SHP-004589-1,ORD-004589-1,SUP-0051,2026-08-17,2026-08-17,DELIVERED
SHP-004589-2,ORD-004589-2,SUP-0051,2026-08-12,2026-08-13,DELIVERED
SHP-004590-1,ORD-004590-1,SUP-0047,2026-03-19,2026-03-19,DELIVERED
SHP-004591-1,ORD-004591-1,SUP-0083,2026-07-23,2026-07-25,DELIVERED
SHP-004591-2,ORD-004591-2,SUP-0083,2026-07-10,2026-07-12,DELIVERED
SHP-004592-1,ORD-004592-1,SUP-0080,2026-03-08,2026-03-08,DELIVERED
SHP-004592-2,ORD-004592-2,SUP-0080,2026-03-05,2026-03-07,DELIVERED
SHP-004592-3,ORD-004592-3,SUP-0080,2026-03-12,2026-03-13,DELIVERED
SHP-004592-4,ORD-004592-4,SUP-0080,2026-03-21,2026-03-23,DELIVERED
SHP-004593-1,ORD-004593-1,SUP-0046,2026-02-07,2026-02-08,DELIVERED
SHP-004594-1,ORD-004594-1,SUP-0029,2026-02-06,2026-02-06,DELIVERED
SHP-004594-2,ORD-004594-2,SUP-0029,2026-02-01,2026-02-01,DELIVERED
SHP-004594-3,ORD-004594-3,SUP-0029,2026-02-06,2026-02-08,DELIVERED
SHP-004595-1,ORD-004595-1,SUP-0054,2026-04-10,2026-04-12,DELIVERED
SHP-004596-1,ORD-004596-1,SUP-0009,2026-07-19,2026-07-19,DELIVERED
SHP-004597-1,ORD-004597-1,SUP-0005,2026-08-04,2026-08-04,DELIVERED
SHP-004598-1,ORD-004598-1,SUP-0084,2026-02-08,2026-02-09,DELIVERED
SHP-004598-2,ORD-004598-2,SUP-0084,2026-01-27,2026-01-27,DELIVERED
SHP-004599-1,ORD-004599-1,SUP-0046,2026-05-05,2026-05-05,DELIVERED
SHP-004599-2,ORD-004599-2,SUP-0046,2026-05-20,2026-05-21,DELIVERED
SHP-004599-3,ORD-004599-3,SUP-0046,2026-05-07,2026-05-07,DELIVERED
SHP-004600-1,ORD-004600-1,SUP-0016,2026-05-07,2026-05-08,DELIVERED
SHP-004600-2,ORD-004600-2,SUP-0016,2026-05-16,2026-05-16,DELIVERED
SHP-004600-3,ORD-004600-3,SUP-0016,2026-04-29,2026-05-01,DELIVERED
SHP-004600-4,ORD-004600-4,SUP-0016,2026-05-07,2026-05-08,DELIVERED
SHP-004601-1,ORD-004601-1,SUP-0044,2026-08-18,2026-08-19,DELIVERED
SHP-004601-2,ORD-004601-2,SUP-0044,2026-08-17,2026-08-18,DELIVERED
SHP-004601-3,ORD-004601-3,SUP-0044,2026-08-21,2026-08-21,DELIVERED
SHP-004602-1,ORD-004602-1,SUP-0018,2026-08-05,2026-08-06,DELIVERED
SHP-004603-1,ORD-004603-1,SUP-0044,2026-06-24,2026-06-24,DELIVERED
SHP-004603-2,ORD-004603-2,SUP-0044,2026-06-25,2026-06-26,DELIVERED
SHP-004603-3,ORD-004603-3,SUP-0044,2026-07-06,2026-07-06,DELIVERED
SHP-004603-4,ORD-004603-4,SUP-0044,2026-07-04,2026-07-04,DELIVERED
SHP-004604-1,ORD-004604-1,SUP-0082,2026-05-12,2026-05-12,DELIVERED
SHP-004604-2,ORD-004604-2,SUP-0082,2026-05-12,2026-05-13,DELIVERED
SHP-004605-1,ORD-004605-1,SUP-0089,2026-07-20,2026-07-20,DELIVERED
SHP-004606-1,ORD-004606-1,SUP-0093,2026-05-04,2026-05-04,DELIVERED
SHP-004606-2,ORD-004606-2,SUP-0093,2026-04-22,2026-04-22,DELIVERED
SHP-004606-3,ORD-004606-3,SUP-0093,2026-05-06,2026-05-07,DELIVERED
SHP-004606-4,ORD-004606-4,SUP-0093,2026-05-05,2026-05-06,DELIVERED
SHP-004607-1,ORD-004607-1,SUP-0086,2026-09-12,2026-09-13,IN_TRANSIT
SHP-004607-2,ORD-004607-2,SUP-0086,2026-09-13,2026-09-13,IN_TRANSIT
SHP-004607-3,ORD-004607-3,SUP-0086,2026-09-14,2026-09-16,IN_TRANSIT
SHP-004607-4,ORD-004607-4,SUP-0086,2026-09-17,2026-09-18,IN_TRANSIT
SHP-004608-1,ORD-004608-1,SUP-0011,2026-07-18,2026-07-18,DELIVERED
SHP-004609-1,ORD-004609-1,SUP-0068,2026-02-17,2026-02-19,DELIVERED
SHP-004610-1,ORD-004610-1,SUP-0002,2026-03-27,2026-03-28,DELIVERED
SHP-004610-2,ORD-004610-2,SUP-0002,2026-04-23,2026-04-24,DELIVERED
SHP-004611-1,ORD-004611-1,SUP-0081,2026-02-06,2026-02-07,DELIVERED
SHP-004611-2,ORD-004611-2,SUP-0081,2026-01-26,2026-01-26,DELIVERED
SHP-004611-3,ORD-004611-3,SUP-0081,2026-02-06,2026-02-06,DELIVERED
SHP-004612-1,ORD-004612-1,SUP-0095,2026-03-01,2026-03-01,DELIVERED
SHP-004612-2,ORD-004612-2,SUP-0095,2026-03-01,2026-03-01,DELIVERED
SHP-004613-1,ORD-004613-1,SUP-0099,2026-05-15,2026-05-16,DELIVERED
SHP-004613-2,ORD-004613-2,SUP-0099,2026-05-24,2026-05-26,DELIVERED
SHP-004614-1,ORD-004614-1,SUP-0050,2026-08-15,2026-08-17,DELIVERED
SHP-004614-2,ORD-004614-2,SUP-0050,2026-08-18,2026-08-18,DELIVERED
SHP-004615-1,ORD-004615-1,SUP-0108,2026-07-29,2026-07-29,DELIVERED
SHP-004615-2,ORD-004615-2,SUP-0108,2026-08-05,2026-08-05,DELIVERED
SHP-004616-1,ORD-004616-1,SUP-0109,2026-03-25,2026-03-25,DELIVERED
SHP-004617-1,ORD-004617-1,SUP-0078,2026-07-21,2026-07-21,DELIVERED
SHP-004617-2,ORD-004617-2,SUP-0078,2026-07-31,2026-07-31,DELIVERED
SHP-004618-1,ORD-004618-1,SUP-0107,2026-03-10,2026-03-10,DELIVERED
SHP-004618-2,ORD-004618-2,SUP-0107,2026-03-17,2026-03-19,DELIVERED
SHP-004618-3,ORD-004618-3,SUP-0107,2026-03-28,2026-03-29,DELIVERED
SHP-004619-1,ORD-004619-1,SUP-0053,2026-01-22,2026-01-23,DELIVERED
SHP-004619-2,ORD-004619-2,SUP-0053,2026-01-30,2026-02-01,DELIVERED
SHP-004619-3,ORD-004619-3,SUP-0053,2026-01-30,2026-01-30,DELIVERED
SHP-004620-1,ORD-004620-1,SUP-0026,2026-08-11,2026-08-11,DELIVERED
SHP-004620-2,ORD-004620-2,SUP-0026,2026-08-18,2026-08-18,DELIVERED
SHP-004620-3,ORD-004620-3,SUP-0026,2026-08-03,2026-08-05,DELIVERED
SHP-004620-4,ORD-004620-4,SUP-0026,2026-08-07,2026-08-07,DELIVERED
SHP-004621-1,ORD-004621-1,SUP-0008,2026-05-12,2026-05-12,DELIVERED
SHP-004622-1,ORD-004622-1,SUP-0058,2026-06-03,2026-06-04,DELIVERED
SHP-004622-2,ORD-004622-2,SUP-0058,2026-07-03,2026-07-04,DELIVERED
SHP-004622-3,ORD-004622-3,SUP-0058,2026-06-22,2026-06-23,DELIVERED
SHP-004623-1,ORD-004623-1,SUP-0007,2026-04-02,2026-04-02,DELIVERED
SHP-004623-2,ORD-004623-2,SUP-0007,2026-04-09,2026-04-10,DELIVERED
SHP-004624-1,ORD-004624-1,SUP-0038,2026-02-18,2026-02-18,DELIVERED
SHP-004624-2,ORD-004624-2,SUP-0038,2026-02-25,2026-02-25,DELIVERED
SHP-004625-1,ORD-004625-1,SUP-0031,2026-02-21,2026-02-23,DELIVERED
SHP-004626-1,ORD-004626-1,SUP-0100,2026-02-18,2026-02-20,DELIVERED
SHP-004626-2,ORD-004626-2,SUP-0100,2026-02-18,2026-02-18,DELIVERED
SHP-004627-1,ORD-004627-1,SUP-0063,2026-04-26,2026-04-26,DELIVERED
SHP-004627-2,ORD-004627-2,SUP-0063,2026-05-04,2026-05-05,DELIVERED
SHP-004628-1,ORD-004628-1,SUP-0077,2026-04-15,2026-04-15,DELIVERED
SHP-004628-2,ORD-004628-2,SUP-0077,2026-04-15,2026-04-16,DELIVERED
SHP-004628-3,ORD-004628-3,SUP-0077,2026-04-18,2026-04-19,DELIVERED
SHP-004629-1,ORD-004629-1,SUP-0077,2026-04-17,2026-04-17,DELIVERED
SHP-004629-2,ORD-004629-2,SUP-0077,2026-04-26,2026-04-26,DELIVERED
SHP-004629-3,ORD-004629-3,SUP-0077,2026-04-26,2026-04-26,DELIVERED
SHP-004630-1,ORD-004630-1,SUP-0011,2026-04-18,2026-04-18,DELIVERED
SHP-004631-1,ORD-004631-1,SUP-0091,2026-09-17,2026-09-19,IN_TRANSIT
SHP-004631-2,ORD-004631-2,SUP-0091,2026-09-10,2026-09-10,IN_TRANSIT
SHP-004632-1,ORD-004632-1,SUP-0114,2026-07-05,2026-07-06,DELIVERED
SHP-004632-2,ORD-004632-2,SUP-0114,2026-06-29,2026-07-01,DELIVERED
SHP-004633-1,ORD-004633-1,SUP-0112,2026-03-23,2026-03-24,DELIVERED
SHP-004633-2,ORD-004633-2,SUP-0112,2026-03-18,2026-03-20,DELIVERED
SHP-004634-1,ORD-004634-1,SUP-0053,2026-04-30,2026-05-01,DELIVERED
SHP-004635-1,ORD-004635-1,SUP-0009,2026-07-29,2026-07-29,DELIVERED
SHP-004636-1,ORD-004636-1,SUP-0030,2026-07-10,2026-07-11,DELIVERED
SHP-004636-2,ORD-004636-2,SUP-0030,2026-07-03,2026-07-03,DELIVERED
SHP-004637-1,ORD-004637-1,SUP-0006,2026-04-16,2026-04-16,DELIVERED
SHP-004638-1,ORD-004638-1,SUP-0096,2026-06-25,2026-06-25,DELIVERED
SHP-004638-2,ORD-004638-2,SUP-0096,2026-06-28,2026-06-28,DELIVERED
SHP-004638-3,ORD-004638-3,SUP-0096,2026-06-11,2026-06-11,DELIVERED
SHP-004638-4,ORD-004638-4,SUP-0096,2026-06-19,2026-06-19,DELIVERED
SHP-004639-1,ORD-004639-1,SUP-0112,2026-04-07,2026-04-07,DELIVERED
SHP-004639-2,ORD-004639-2,SUP-0112,2026-04-06,2026-04-07,DELIVERED
SHP-004639-3,ORD-004639-3,SUP-0112,2026-04-11,2026-04-13,DELIVERED
SHP-004640-1,ORD-004640-1,SUP-0012,2026-05-22,2026-05-22,DELIVERED
SHP-004641-1,ORD-004641-1,SUP-0001,2026-06-14,2026-06-14,DELIVERED
SHP-004642-1,ORD-004642-1,SUP-0082,2026-04-04,2026-04-04,DELIVERED
SHP-004643-1,ORD-004643-1,SUP-0019,2026-05-17,2026-05-17,DELIVERED
SHP-004644-1,ORD-004644-1,SUP-0026,2026-08-17,2026-08-18,DELIVERED
SHP-004644-2,ORD-004644-2,SUP-0026,2026-08-16,2026-08-16,DELIVERED
SHP-004645-1,ORD-004645-1,SUP-0067,2026-05-17,2026-05-17,DELIVERED
SHP-004645-2,ORD-004645-2,SUP-0067,2026-05-23,2026-05-25,DELIVERED
SHP-004645-3,ORD-004645-3,SUP-0067,2026-06-08,2026-06-08,DELIVERED
SHP-004645-4,ORD-004645-4,SUP-0067,2026-05-18,2026-05-20,DELIVERED
SHP-004646-1,ORD-004646-1,SUP-0111,2026-06-12,2026-06-12,DELIVERED
SHP-004647-1,ORD-004647-1,SUP-0083,2026-09-12,2026-09-14,IN_TRANSIT
SHP-004647-2,ORD-004647-2,SUP-0083,2026-09-09,2026-09-09,IN_TRANSIT
SHP-004648-1,ORD-004648-1,SUP-0038,2026-08-02,2026-08-02,DELIVERED
SHP-004649-1,ORD-004649-1,SUP-0108,2026-07-31,2026-07-31,DELIVERED
SHP-004649-2,ORD-004649-2,SUP-0108,2026-07-23,2026-07-23,DELIVERED
SHP-004649-3,ORD-004649-3,SUP-0108,2026-08-01,2026-08-01,DELIVERED
SHP-004649-4,ORD-004649-4,SUP-0108,2026-08-08,2026-08-08,DELIVERED
SHP-004650-1,ORD-004650-1,SUP-0047,2026-06-03,2026-06-03,DELIVERED
SHP-004651-1,ORD-004651-1,SUP-0054,2026-05-05,2026-05-05,DELIVERED
SHP-004651-2,ORD-004651-2,SUP-0054,2026-05-31,2026-05-31,DELIVERED
SHP-004651-3,ORD-004651-3,SUP-0054,2026-05-02,2026-05-03,DELIVERED
SHP-004651-4,ORD-004651-4,SUP-0054,2026-05-22,2026-05-23,DELIVERED
SHP-004652-1,ORD-004652-1,SUP-0103,2026-02-26,2026-02-28,DELIVERED
SHP-004652-2,ORD-004652-2,SUP-0103,2026-03-12,2026-03-13,DELIVERED
SHP-004652-3,ORD-004652-3,SUP-0103,2026-03-04,2026-03-04,DELIVERED
SHP-004652-4,ORD-004652-4,SUP-0103,2026-03-14,2026-03-16,DELIVERED
SHP-004653-1,ORD-004653-1,SUP-0091,2026-07-02,2026-07-02,DELIVERED
SHP-004653-2,ORD-004653-2,SUP-0091,2026-07-14,2026-07-14,DELIVERED
SHP-004653-3,ORD-004653-3,SUP-0091,2026-06-27,2026-06-29,DELIVERED
SHP-004653-4,ORD-004653-4,SUP-0091,2026-06-24,2026-06-24,DELIVERED
SHP-004654-1,ORD-004654-1,SUP-0104,2026-06-26,2026-06-26,DELIVERED
SHP-004654-2,ORD-004654-2,SUP-0104,2026-06-18,2026-06-18,DELIVERED
SHP-004654-3,ORD-004654-3,SUP-0104,2026-07-09,2026-07-11,DELIVERED
SHP-004655-1,ORD-004655-1,SUP-0044,2026-05-14,2026-05-14,DELIVERED
SHP-004655-2,ORD-004655-2,SUP-0044,2026-05-10,2026-05-10,DELIVERED
SHP-004656-1,ORD-004656-1,SUP-0039,2026-03-03,2026-03-03,DELIVERED
SHP-004657-1,ORD-004657-1,SUP-0034,2026-07-25,2026-07-25,DELIVERED
SHP-004657-2,ORD-004657-2,SUP-0034,2026-08-10,2026-08-12,DELIVERED
SHP-004657-3,ORD-004657-3,SUP-0034,2026-07-28,2026-07-30,DELIVERED
SHP-004658-1,ORD-004658-1,SUP-0016,2026-02-06,2026-02-08,DELIVERED
SHP-004658-2,ORD-004658-2,SUP-0016,2026-02-02,2026-02-02,DELIVERED
SHP-004658-3,ORD-004658-3,SUP-0016,2026-02-06,2026-02-06,DELIVERED
SHP-004659-1,ORD-004659-1,SUP-0097,2026-04-02,2026-04-02,DELIVERED
SHP-004659-2,ORD-004659-2,SUP-0097,2026-04-12,2026-04-12,DELIVERED
SHP-004659-3,ORD-004659-3,SUP-0097,2026-04-24,2026-04-25,DELIVERED
SHP-004659-4,ORD-004659-4,SUP-0097,2026-04-20,2026-04-20,DELIVERED
SHP-004660-1,ORD-004660-1,SUP-0026,2026-01-19,2026-01-21,DELIVERED
SHP-004661-1,ORD-004661-1,SUP-0119,2026-05-07,2026-05-08,DELIVERED
SHP-004661-2,ORD-004661-2,SUP-0119,2026-05-04,2026-05-06,DELIVERED
SHP-004662-1,ORD-004662-1,SUP-0094,2026-03-02,2026-03-02,DELIVERED
SHP-004662-2,ORD-004662-2,SUP-0094,2026-03-09,2026-03-11,DELIVERED
SHP-004662-3,ORD-004662-3,SUP-0094,2026-02-28,2026-03-01,DELIVERED
SHP-004662-4,ORD-004662-4,SUP-0094,2026-03-04,2026-03-04,DELIVERED
SHP-004663-1,ORD-004663-1,SUP-0029,2026-02-03,2026-02-05,DELIVERED
SHP-004663-2,ORD-004663-2,SUP-0029,2026-02-01,2026-02-01,DELIVERED
SHP-004663-3,ORD-004663-3,SUP-0029,2026-02-01,2026-02-01,DELIVERED
SHP-004663-4,ORD-004663-4,SUP-0029,2026-02-07,2026-02-09,DELIVERED
SHP-004664-1,ORD-004664-1,SUP-0021,2026-05-26,2026-05-26,DELIVERED
SHP-004664-2,ORD-004664-2,SUP-0021,2026-06-14,2026-06-15,DELIVERED
SHP-004665-1,ORD-004665-1,SUP-0007,2026-05-08,2026-05-09,DELIVERED
SHP-004665-2,ORD-004665-2,SUP-0007,2026-05-01,2026-05-01,DELIVERED
SHP-004665-3,ORD-004665-3,SUP-0007,2026-05-05,2026-05-07,DELIVERED
SHP-004665-4,ORD-004665-4,SUP-0007,2026-04-27,2026-04-29,DELIVERED
SHP-004666-1,ORD-004666-1,SUP-0113,2026-03-30,2026-04-01,DELIVERED
SHP-004667-1,ORD-004667-1,SUP-0054,2026-06-26,2026-06-27,DELIVERED
SHP-004667-2,ORD-004667-2,SUP-0054,2026-06-29,2026-06-30,DELIVERED
SHP-004668-1,ORD-004668-1,SUP-0019,2026-08-14,2026-08-14,DELIVERED
SHP-004668-2,ORD-004668-2,SUP-0019,2026-08-28,2026-08-30,DELIVERED
SHP-004668-3,ORD-004668-3,SUP-0019,2026-08-23,2026-08-24,DELIVERED
SHP-004668-4,ORD-004668-4,SUP-0019,2026-08-15,2026-08-17,DELIVERED
SHP-004669-1,ORD-004669-1,SUP-0046,2026-09-08,2026-09-09,IN_TRANSIT
SHP-004669-2,ORD-004669-2,SUP-0046,2026-09-16,2026-09-18,IN_TRANSIT
SHP-004669-3,ORD-004669-3,SUP-0046,2026-09-26,2026-09-27,IN_TRANSIT
SHP-004669-4,ORD-004669-4,SUP-0046,2026-09-09,2026-09-09,IN_TRANSIT
SHP-004670-1,ORD-004670-1,SUP-0056,2026-07-05,2026-07-07,DELIVERED
SHP-004671-1,ORD-004671-1,SUP-0045,2026-02-28,2026-02-28,DELIVERED
SHP-004672-1,ORD-004672-1,SUP-0086,2026-08-10,2026-08-10,DELIVERED
SHP-004672-2,ORD-004672-2,SUP-0086,2026-08-10,2026-08-10,DELIVERED
SHP-004673-1,ORD-004673-1,SUP-0047,2026-06-14,2026-06-15,DELIVERED
SHP-004673-2,ORD-004673-2,SUP-0047,2026-06-12,2026-06-12,DELIVERED
SHP-004673-3,ORD-004673-3,SUP-0047,2026-06-14,2026-06-14,DELIVERED
SHP-004673-4,ORD-004673-4,SUP-0047,2026-06-03,2026-06-05,DELIVERED
SHP-004674-1,ORD-004674-1,SUP-0030,2026-09-04,2026-09-06,IN_TRANSIT
SHP-004675-1,ORD-004675-1,SUP-0109,2026-07-11,2026-07-13,DELIVERED
SHP-004676-1,ORD-004676-1,SUP-0067,2026-03-28,2026-03-29,DELIVERED
SHP-004676-2,ORD-004676-2,SUP-0067,2026-03-21,2026-03-21,DELIVERED
SHP-004676-3,ORD-004676-3,SUP-0067,2026-03-22,2026-03-24,DELIVERED
SHP-004677-1,ORD-004677-1,SUP-0119,2026-06-18,2026-06-19,DELIVERED
SHP-004677-2,ORD-004677-2,SUP-0119,2026-05-27,2026-05-27,DELIVERED
SHP-004678-1,ORD-004678-1,SUP-0036,2026-02-27,2026-02-27,DELIVERED
SHP-004679-1,ORD-004679-1,SUP-0119,2026-05-19,2026-05-19,DELIVERED
SHP-004679-2,ORD-004679-2,SUP-0119,2026-05-16,2026-05-16,DELIVERED
SHP-004679-3,ORD-004679-3,SUP-0119,2026-05-10,2026-05-10,DELIVERED
SHP-004680-1,ORD-004680-1,SUP-0005,2026-06-01,2026-06-01,DELIVERED
SHP-004681-1,ORD-004681-1,SUP-0079,2026-08-08,2026-08-08,DELIVERED
SHP-004682-1,ORD-004682-1,SUP-0021,2026-02-28,2026-02-28,DELIVERED
SHP-004682-2,ORD-004682-2,SUP-0021,2026-03-09,2026-03-10,DELIVERED
SHP-004683-1,ORD-004683-1,SUP-0076,2026-08-05,2026-08-05,DELIVERED
SHP-004683-2,ORD-004683-2,SUP-0076,2026-08-10,2026-08-11,DELIVERED
SHP-004684-1,ORD-004684-1,SUP-0106,2026-09-15,2026-09-16,IN_TRANSIT
SHP-004684-2,ORD-004684-2,SUP-0106,2026-08-28,2026-08-28,DELIVERED
SHP-004684-3,ORD-004684-3,SUP-0106,2026-09-09,2026-09-09,IN_TRANSIT
SHP-004685-1,ORD-004685-1,SUP-0011,2026-09-19,2026-09-19,IN_TRANSIT
SHP-004686-1,ORD-004686-1,SUP-0087,2026-06-06,2026-06-06,DELIVERED
SHP-004686-2,ORD-004686-2,SUP-0087,2026-06-02,2026-06-02,DELIVERED
SHP-004687-1,ORD-004687-1,SUP-0113,2026-07-28,2026-07-28,DELIVERED
SHP-004687-2,ORD-004687-2,SUP-0113,2026-07-03,2026-07-03,DELIVERED
SHP-004687-3,ORD-004687-3,SUP-0113,2026-07-23,2026-07-23,DELIVERED
SHP-004688-1,ORD-004688-1,SUP-0083,2026-06-04,2026-06-05,DELIVERED
SHP-004689-1,ORD-004689-1,SUP-0090,2026-03-14,2026-03-15,DELIVERED
SHP-004689-2,ORD-004689-2,SUP-0090,2026-03-09,2026-03-11,DELIVERED
SHP-004689-3,ORD-004689-3,SUP-0090,2026-03-25,2026-03-25,DELIVERED
SHP-004690-1,ORD-004690-1,SUP-0045,2026-04-12,2026-04-12,DELIVERED
SHP-004690-2,ORD-004690-2,SUP-0045,2026-04-25,2026-04-25,DELIVERED
SHP-004691-1,ORD-004691-1,SUP-0084,2026-03-31,2026-03-31,DELIVERED
SHP-004691-2,ORD-004691-2,SUP-0084,2026-04-16,2026-04-17,DELIVERED
SHP-004691-3,ORD-004691-3,SUP-0084,2026-03-29,2026-03-31,DELIVERED
SHP-004692-1,ORD-004692-1,SUP-0090,2026-06-04,2026-06-06,DELIVERED
SHP-004693-1,ORD-004693-1,SUP-0043,2026-04-16,2026-04-18,DELIVERED
SHP-004694-1,ORD-004694-1,SUP-0095,2026-04-09,2026-04-09,DELIVERED
SHP-004694-2,ORD-004694-2,SUP-0095,2026-04-02,2026-04-04,DELIVERED
SHP-004694-3,ORD-004694-3,SUP-0095,2026-04-06,2026-04-06,DELIVERED
SHP-004695-1,ORD-004695-1,SUP-0004,2026-05-25,2026-05-25,DELIVERED
SHP-004695-2,ORD-004695-2,SUP-0004,2026-05-12,2026-05-14,DELIVERED
SHP-004695-3,ORD-004695-3,SUP-0004,2026-05-22,2026-05-24,DELIVERED
SHP-004696-1,ORD-004696-1,SUP-0120,2026-05-04,2026-05-04,DELIVERED
SHP-004696-2,ORD-004696-2,SUP-0120,2026-04-30,2026-05-02,DELIVERED
SHP-004696-3,ORD-004696-3,SUP-0120,2026-05-06,2026-05-08,DELIVERED
SHP-004696-4,ORD-004696-4,SUP-0120,2026-05-01,2026-05-03,DELIVERED
SHP-004697-1,ORD-004697-1,SUP-0063,2026-03-17,2026-03-19,DELIVERED
SHP-004697-2,ORD-004697-2,SUP-0063,2026-04-03,2026-04-03,DELIVERED
SHP-004697-3,ORD-004697-3,SUP-0063,2026-03-27,2026-03-28,DELIVERED
SHP-004697-4,ORD-004697-4,SUP-0063,2026-03-25,2026-03-25,DELIVERED
SHP-004698-1,ORD-004698-1,SUP-0047,2026-07-14,2026-07-15,DELIVERED
SHP-004699-1,ORD-004699-1,SUP-0105,2026-06-07,2026-06-07,DELIVERED
SHP-004700-1,ORD-004700-1,SUP-0116,2026-04-05,2026-04-05,DELIVERED
SHP-004700-2,ORD-004700-2,SUP-0116,2026-03-23,2026-03-23,DELIVERED
SHP-004700-3,ORD-004700-3,SUP-0116,2026-04-04,2026-04-06,DELIVERED
SHP-004700-4,ORD-004700-4,SUP-0116,2026-04-05,2026-04-05,DELIVERED
SHP-004701-1,ORD-004701-1,SUP-0115,2026-06-22,2026-06-22,DELIVERED
SHP-004701-2,ORD-004701-2,SUP-0115,2026-07-11,2026-07-11,DELIVERED
SHP-004701-3,ORD-004701-3,SUP-0115,2026-07-06,2026-07-08,DELIVERED
SHP-004702-1,ORD-004702-1,SUP-0015,2026-06-02,2026-06-03,DELIVERED
SHP-004703-1,ORD-004703-1,SUP-0001,2026-06-25,2026-06-27,DELIVERED
SHP-004703-2,ORD-004703-2,SUP-0001,2026-06-21,2026-06-21,DELIVERED
SHP-004703-3,ORD-004703-3,SUP-0001,2026-06-27,2026-06-27,DELIVERED
SHP-004704-1,ORD-004704-1,SUP-0036,2026-05-30,2026-05-30,DELIVERED
SHP-004704-2,ORD-004704-2,SUP-0036,2026-05-28,2026-05-29,DELIVERED
SHP-004704-3,ORD-004704-3,SUP-0036,2026-05-14,2026-05-14,DELIVERED
SHP-004705-1,ORD-004705-1,SUP-0104,2026-02-06,2026-02-06,DELIVERED
SHP-004706-1,ORD-004706-1,SUP-0091,2026-04-17,2026-04-18,DELIVERED
SHP-004706-2,ORD-004706-2,SUP-0091,2026-05-08,2026-05-08,DELIVERED
SHP-004707-1,ORD-004707-1,SUP-0055,2026-05-30,2026-06-01,DELIVERED
SHP-004707-2,ORD-004707-2,SUP-0055,2026-05-19,2026-05-19,DELIVERED
SHP-004707-3,ORD-004707-3,SUP-0055,2026-05-17,2026-05-19,DELIVERED
SHP-004708-1,ORD-004708-1,SUP-0075,2026-03-09,2026-03-09,DELIVERED
SHP-004708-2,ORD-004708-2,SUP-0075,2026-03-24,2026-03-24,DELIVERED
SHP-004708-3,ORD-004708-3,SUP-0075,2026-03-09,2026-03-10,DELIVERED
SHP-004708-4,ORD-004708-4,SUP-0075,2026-03-28,2026-03-28,DELIVERED
SHP-004709-1,ORD-004709-1,SUP-0098,2026-09-20,2026-09-22,IN_TRANSIT
SHP-004709-2,ORD-004709-2,SUP-0098,2026-09-14,2026-09-14,IN_TRANSIT
SHP-004709-3,ORD-004709-3,SUP-0098,2026-09-02,2026-09-04,IN_TRANSIT
SHP-004709-4,ORD-004709-4,SUP-0098,2026-09-12,2026-09-12,IN_TRANSIT
SHP-004710-1,ORD-004710-1,SUP-0026,2026-08-30,2026-09-01,DELIVERED
SHP-004710-2,ORD-004710-2,SUP-0026,2026-09-10,2026-09-11,IN_TRANSIT
SHP-004710-3,ORD-004710-3,SUP-0026,2026-09-03,2026-09-03,IN_TRANSIT
SHP-004710-4,ORD-004710-4,SUP-0026,2026-09-15,2026-09-15,IN_TRANSIT
SHP-004711-1,ORD-004711-1,SUP-0073,2026-04-06,2026-04-06,DELIVERED
SHP-004711-2,ORD-004711-2,SUP-0073,2026-03-18,2026-03-18,DELIVERED
SHP-004711-3,ORD-004711-3,SUP-0073,2026-04-03,2026-04-03,DELIVERED
SHP-004712-1,ORD-004712-1,SUP-0111,2026-07-15,2026-07-15,DELIVERED
SHP-004712-2,ORD-004712-2,SUP-0111,2026-07-26,2026-07-26,DELIVERED
SHP-004713-1,ORD-004713-1,SUP-0054,2026-03-10,2026-03-12,DELIVERED
SHP-004714-1,ORD-004714-1,SUP-0058,2026-09-19,2026-09-21,IN_TRANSIT
SHP-004714-2,ORD-004714-2,SUP-0058,2026-09-11,2026-09-11,IN_TRANSIT
SHP-004715-1,ORD-004715-1,SUP-0088,2026-09-04,2026-09-04,IN_TRANSIT
SHP-004716-1,ORD-004716-1,SUP-0032,2026-07-18,2026-07-18,DELIVERED
SHP-004716-2,ORD-004716-2,SUP-0032,2026-07-27,2026-07-27,DELIVERED
SHP-004716-3,ORD-004716-3,SUP-0032,2026-08-07,2026-08-07,DELIVERED
SHP-004717-1,ORD-004717-1,SUP-0045,2026-07-16,2026-07-16,DELIVERED
SHP-004717-2,ORD-004717-2,SUP-0045,2026-07-15,2026-07-15,DELIVERED
SHP-004718-1,ORD-004718-1,SUP-0068,2026-02-26,2026-02-26,DELIVERED
SHP-004718-2,ORD-004718-2,SUP-0068,2026-03-07,2026-03-08,DELIVERED
SHP-004718-3,ORD-004718-3,SUP-0068,2026-02-24,2026-02-26,DELIVERED
SHP-004718-4,ORD-004718-4,SUP-0068,2026-03-11,2026-03-13,DELIVERED
SHP-004719-1,ORD-004719-1,SUP-0083,2026-08-21,2026-08-21,DELIVERED
SHP-004720-1,ORD-004720-1,SUP-0063,2026-04-26,2026-04-26,DELIVERED
SHP-004720-2,ORD-004720-2,SUP-0063,2026-04-28,2026-04-28,DELIVERED
SHP-004720-3,ORD-004720-3,SUP-0063,2026-05-05,2026-05-05,DELIVERED
SHP-004721-1,ORD-004721-1,SUP-0059,2026-07-31,2026-07-31,DELIVERED
SHP-004722-1,ORD-004722-1,SUP-0001,2026-02-24,2026-02-24,DELIVERED
SHP-004723-1,ORD-004723-1,SUP-0086,2026-02-22,2026-02-22,DELIVERED
SHP-004723-2,ORD-004723-2,SUP-0086,2026-02-13,2026-02-13,DELIVERED
SHP-004723-3,ORD-004723-3,SUP-0086,2026-02-25,2026-02-25,DELIVERED
SHP-004723-4,ORD-004723-4,SUP-0086,2026-02-16,2026-02-18,DELIVERED
SHP-004724-1,ORD-004724-1,SUP-0116,2026-05-29,2026-05-30,DELIVERED
SHP-004724-2,ORD-004724-2,SUP-0116,2026-06-05,2026-06-07,DELIVERED
SHP-004724-3,ORD-004724-3,SUP-0116,2026-05-19,2026-05-19,DELIVERED
SHP-004724-4,ORD-004724-4,SUP-0116,2026-05-25,2026-05-26,DELIVERED
SHP-004725-1,ORD-004725-1,SUP-0004,2026-05-19,2026-05-19,DELIVERED
SHP-004725-2,ORD-004725-2,SUP-0004,2026-04-29,2026-04-29,DELIVERED
SHP-004725-3,ORD-004725-3,SUP-0004,2026-05-08,2026-05-08,DELIVERED
SHP-004726-1,ORD-004726-1,SUP-0116,2026-04-22,2026-04-22,DELIVERED
SHP-004727-1,ORD-004727-1,SUP-0063,2026-06-16,2026-06-18,DELIVERED
SHP-004727-2,ORD-004727-2,SUP-0063,2026-05-31,2026-06-01,DELIVERED
SHP-004727-3,ORD-004727-3,SUP-0063,2026-06-19,2026-06-19,DELIVERED
SHP-004728-1,ORD-004728-1,SUP-0037,2026-03-26,2026-03-28,DELIVERED
SHP-004728-2,ORD-004728-2,SUP-0037,2026-03-30,2026-03-31,DELIVERED
SHP-004729-1,ORD-004729-1,SUP-0034,2026-09-09,2026-09-09,IN_TRANSIT
SHP-004730-1,ORD-004730-1,SUP-0115,2026-08-06,2026-08-07,DELIVERED
SHP-004730-2,ORD-004730-2,SUP-0115,2026-08-31,2026-08-31,DELIVERED
SHP-004730-3,ORD-004730-3,SUP-0115,2026-08-19,2026-08-19,DELIVERED
SHP-004730-4,ORD-004730-4,SUP-0115,2026-08-19,2026-08-19,DELIVERED
SHP-004731-1,ORD-004731-1,SUP-0002,2026-01-19,2026-01-21,DELIVERED
SHP-004731-2,ORD-004731-2,SUP-0002,2026-02-04,2026-02-04,DELIVERED
SHP-004731-3,ORD-004731-3,SUP-0002,2026-01-19,2026-01-19,DELIVERED
SHP-004731-4,ORD-004731-4,SUP-0002,2026-02-07,2026-02-09,DELIVERED
SHP-004732-1,ORD-004732-1,SUP-0108,2026-08-20,2026-08-22,DELIVERED
SHP-004732-2,ORD-004732-2,SUP-0108,2026-08-16,2026-08-16,DELIVERED
SHP-004733-1,ORD-004733-1,SUP-0058,2026-03-30,2026-03-31,DELIVERED
SHP-004733-2,ORD-004733-2,SUP-0058,2026-03-17,2026-03-17,DELIVERED
SHP-004733-3,ORD-004733-3,SUP-0058,2026-03-22,2026-03-22,DELIVERED
SHP-004734-1,ORD-004734-1,SUP-0079,2026-05-30,2026-06-01,DELIVERED
SHP-004734-2,ORD-004734-2,SUP-0079,2026-06-14,2026-06-16,DELIVERED
SHP-004735-1,ORD-004735-1,SUP-0027,2026-01-29,2026-01-29,DELIVERED
SHP-004735-2,ORD-004735-2,SUP-0027,2026-02-16,2026-02-17,DELIVERED
SHP-004735-3,ORD-004735-3,SUP-0027,2026-02-08,2026-02-08,DELIVERED
SHP-004736-1,ORD-004736-1,SUP-0116,2026-09-30,2026-09-30,IN_TRANSIT
SHP-004737-1,ORD-004737-1,SUP-0117,2026-04-04,2026-04-05,DELIVERED
SHP-004737-2,ORD-004737-2,SUP-0117,2026-04-18,2026-04-20,DELIVERED
SHP-004738-1,ORD-004738-1,SUP-0037,2026-03-26,2026-03-28,DELIVERED
SHP-004739-1,ORD-004739-1,SUP-0107,2026-05-15,2026-05-15,DELIVERED
SHP-004739-2,ORD-004739-2,SUP-0107,2026-05-10,2026-05-12,DELIVERED
SHP-004740-1,ORD-004740-1,SUP-0096,2026-06-01,2026-06-01,DELIVERED
SHP-004740-2,ORD-004740-2,SUP-0096,2026-05-29,2026-05-31,DELIVERED
SHP-004740-3,ORD-004740-3,SUP-0096,2026-05-28,2026-05-29,DELIVERED
SHP-004741-1,ORD-004741-1,SUP-0093,2026-06-07,2026-06-09,DELIVERED
SHP-004741-2,ORD-004741-2,SUP-0093,2026-06-11,2026-06-11,DELIVERED
SHP-004741-3,ORD-004741-3,SUP-0093,2026-06-24,2026-06-24,DELIVERED
SHP-004741-4,ORD-004741-4,SUP-0093,2026-07-02,2026-07-03,DELIVERED
SHP-004742-1,ORD-004742-1,SUP-0063,2026-08-05,2026-08-05,DELIVERED
SHP-004742-2,ORD-004742-2,SUP-0063,2026-07-23,2026-07-23,DELIVERED
SHP-004743-1,ORD-004743-1,SUP-0074,2026-08-23,2026-08-23,DELIVERED
SHP-004743-2,ORD-004743-2,SUP-0074,2026-08-22,2026-08-22,DELIVERED
SHP-004744-1,ORD-004744-1,SUP-0061,2026-08-29,2026-08-29,DELIVERED
SHP-004745-1,ORD-004745-1,SUP-0095,2026-06-05,2026-06-05,DELIVERED
SHP-004746-1,ORD-004746-1,SUP-0079,2026-07-03,2026-07-03,DELIVERED
SHP-004746-2,ORD-004746-2,SUP-0079,2026-07-08,2026-07-09,DELIVERED
SHP-004746-3,ORD-004746-3,SUP-0079,2026-07-18,2026-07-18,DELIVERED
SHP-004746-4,ORD-004746-4,SUP-0079,2026-07-03,2026-07-03,DELIVERED
SHP-004747-1,ORD-004747-1,SUP-0076,2026-07-13,2026-07-14,DELIVERED
SHP-004747-2,ORD-004747-2,SUP-0076,2026-06-29,2026-06-30,DELIVERED
SHP-004748-1,ORD-004748-1,SUP-0034,2026-05-31,2026-06-01,DELIVERED
SHP-004748-2,ORD-004748-2,SUP-0034,2026-05-20,2026-05-22,DELIVERED
SHP-004749-1,ORD-004749-1,SUP-0068,2026-06-21,2026-06-21,DELIVERED
SHP-004750-1,ORD-004750-1,SUP-0050,2026-07-19,2026-07-19,DELIVERED
SHP-004750-2,ORD-004750-2,SUP-0050,2026-07-22,2026-07-22,DELIVERED
SHP-004750-3,ORD-004750-3,SUP-0050,2026-07-23,2026-07-24,DELIVERED
SHP-004751-1,ORD-004751-1,SUP-0078,2026-08-29,2026-08-29,DELIVERED
SHP-004751-2,ORD-004751-2,SUP-0078,2026-09-08,2026-09-09,IN_TRANSIT
SHP-004752-1,ORD-004752-1,SUP-0116,2026-03-17,2026-03-17,DELIVERED
SHP-004752-2,ORD-004752-2,SUP-0116,2026-03-28,2026-03-28,DELIVERED
SHP-004753-1,ORD-004753-1,SUP-0078,2026-09-25,2026-09-27,IN_TRANSIT
SHP-004754-1,ORD-004754-1,SUP-0094,2026-09-26,2026-09-28,IN_TRANSIT
SHP-004754-2,ORD-004754-2,SUP-0094,2026-10-03,2026-10-03,IN_TRANSIT
SHP-004754-3,ORD-004754-3,SUP-0094,2026-09-16,2026-09-17,IN_TRANSIT
SHP-004754-4,ORD-004754-4,SUP-0094,2026-09-18,2026-09-19,IN_TRANSIT
SHP-004755-1,ORD-004755-1,SUP-0104,2026-02-26,2026-02-26,DELIVERED
SHP-004755-2,ORD-004755-2,SUP-0104,2026-02-25,2026-02-25,DELIVERED
SHP-004755-3,ORD-004755-3,SUP-0104,2026-03-13,2026-03-13,DELIVERED
SHP-004756-1,ORD-004756-1,SUP-0034,2026-05-13,2026-05-13,DELIVERED
SHP-004756-2,ORD-004756-2,SUP-0034,2026-05-02,2026-05-02,DELIVERED
SHP-004756-3,ORD-004756-3,SUP-0034,2026-05-15,2026-05-15,DELIVERED
SHP-004756-4,ORD-004756-4,SUP-0034,2026-05-02,2026-05-02,DELIVERED
SHP-004757-1,ORD-004757-1,SUP-0097,2026-09-04,2026-09-04,IN_TRANSIT
SHP-004757-2,ORD-004757-2,SUP-0097,2026-09-16,2026-09-16,IN_TRANSIT
SHP-004757-3,ORD-004757-3,SUP-0097,2026-09-19,2026-09-21,IN_TRANSIT
SHP-004758-1,ORD-004758-1,SUP-0120,2026-02-28,2026-02-28,DELIVERED
SHP-004758-2,ORD-004758-2,SUP-0120,2026-02-24,2026-02-24,DELIVERED
SHP-004758-3,ORD-004758-3,SUP-0120,2026-03-01,2026-03-01,DELIVERED
SHP-004758-4,ORD-004758-4,SUP-0120,2026-02-20,2026-02-20,DELIVERED
SHP-004759-1,ORD-004759-1,SUP-0035,2026-01-31,2026-02-02,DELIVERED
SHP-004759-2,ORD-004759-2,SUP-0035,2026-02-05,2026-02-05,DELIVERED
SHP-004760-1,ORD-004760-1,SUP-0103,2026-03-23,2026-03-23,DELIVERED
SHP-004761-1,ORD-004761-1,SUP-0060,2026-06-16,2026-06-16,DELIVERED
SHP-004761-2,ORD-004761-2,SUP-0060,2026-07-09,2026-07-11,DELIVERED
SHP-004761-3,ORD-004761-3,SUP-0060,2026-06-13,2026-06-15,DELIVERED
SHP-004762-1,ORD-004762-1,SUP-0063,2026-09-04,2026-09-04,IN_TRANSIT
SHP-004762-2,ORD-004762-2,SUP-0063,2026-08-21,2026-08-21,DELIVERED
SHP-004763-1,ORD-004763-1,SUP-0096,2026-04-26,2026-04-26,DELIVERED
SHP-004763-2,ORD-004763-2,SUP-0096,2026-04-25,2026-04-25,DELIVERED
SHP-004763-3,ORD-004763-3,SUP-0096,2026-04-25,2026-04-26,DELIVERED
SHP-004764-1,ORD-004764-1,SUP-0078,2026-04-30,2026-05-02,DELIVERED
SHP-004764-2,ORD-004764-2,SUP-0078,2026-04-28,2026-04-28,DELIVERED
SHP-004764-3,ORD-004764-3,SUP-0078,2026-04-22,2026-04-23,DELIVERED
SHP-004765-1,ORD-004765-1,SUP-0024,2026-03-17,2026-03-17,DELIVERED
SHP-004765-2,ORD-004765-2,SUP-0024,2026-03-08,2026-03-08,DELIVERED
SHP-004765-3,ORD-004765-3,SUP-0024,2026-03-17,2026-03-17,DELIVERED
SHP-004765-4,ORD-004765-4,SUP-0024,2026-03-21,2026-03-22,DELIVERED
SHP-004766-1,ORD-004766-1,SUP-0026,2026-07-10,2026-07-11,DELIVERED
SHP-004767-1,ORD-004767-1,SUP-0030,2026-04-16,2026-04-17,DELIVERED
SHP-004767-2,ORD-004767-2,SUP-0030,2026-04-10,2026-04-10,DELIVERED
SHP-004768-1,ORD-004768-1,SUP-0021,2026-08-06,2026-08-06,DELIVERED
SHP-004768-2,ORD-004768-2,SUP-0021,2026-08-10,2026-08-10,DELIVERED
SHP-004768-3,ORD-004768-3,SUP-0021,2026-08-05,2026-08-05,DELIVERED
SHP-004769-1,ORD-004769-1,SUP-0028,2026-08-16,2026-08-16,DELIVERED
SHP-004770-1,ORD-004770-1,SUP-0099,2026-03-07,2026-03-08,DELIVERED
SHP-004771-1,ORD-004771-1,SUP-0065,2026-05-06,2026-05-08,DELIVERED
SHP-004772-1,ORD-004772-1,SUP-0046,2026-04-14,2026-04-14,DELIVERED
SHP-004772-2,ORD-004772-2,SUP-0046,2026-04-27,2026-04-27,DELIVERED
SHP-004772-3,ORD-004772-3,SUP-0046,2026-05-09,2026-05-11,DELIVERED
SHP-004772-4,ORD-004772-4,SUP-0046,2026-05-07,2026-05-07,DELIVERED
SHP-004773-1,ORD-004773-1,SUP-0120,2026-09-13,2026-09-13,IN_TRANSIT
SHP-004773-2,ORD-004773-2,SUP-0120,2026-09-13,2026-09-13,IN_TRANSIT
SHP-004773-3,ORD-004773-3,SUP-0120,2026-09-22,2026-09-22,IN_TRANSIT
SHP-004774-1,ORD-004774-1,SUP-0066,2026-02-23,2026-02-23,DELIVERED
SHP-004775-1,ORD-004775-1,SUP-0006,2026-05-13,2026-05-13,DELIVERED
SHP-004776-1,ORD-004776-1,SUP-0002,2026-03-26,2026-03-26,DELIVERED
SHP-004776-2,ORD-004776-2,SUP-0002,2026-04-05,2026-04-05,DELIVERED
SHP-004776-3,ORD-004776-3,SUP-0002,2026-04-05,2026-04-05,DELIVERED
SHP-004777-1,ORD-004777-1,SUP-0097,2026-09-23,2026-09-23,IN_TRANSIT
SHP-004778-1,ORD-004778-1,SUP-0073,2026-04-15,2026-04-17,DELIVERED
SHP-004778-2,ORD-004778-2,SUP-0073,2026-04-17,2026-04-17,DELIVERED
SHP-004778-3,ORD-004778-3,SUP-0073,2026-04-13,2026-04-15,DELIVERED
SHP-004779-1,ORD-004779-1,SUP-0024,2026-02-28,2026-02-28,DELIVERED
SHP-004779-2,ORD-004779-2,SUP-0024,2026-02-18,2026-02-19,DELIVERED
SHP-004779-3,ORD-004779-3,SUP-0024,2026-02-26,2026-02-28,DELIVERED
SHP-004779-4,ORD-004779-4,SUP-0024,2026-02-20,2026-02-20,DELIVERED
SHP-004780-1,ORD-004780-1,SUP-0035,2026-04-23,2026-04-23,DELIVERED
SHP-004780-2,ORD-004780-2,SUP-0035,2026-04-22,2026-04-22,DELIVERED
SHP-004780-3,ORD-004780-3,SUP-0035,2026-04-10,2026-04-12,DELIVERED
SHP-004780-4,ORD-004780-4,SUP-0035,2026-04-20,2026-04-20,DELIVERED
SHP-004781-1,ORD-004781-1,SUP-0082,2026-05-31,2026-05-31,DELIVERED
SHP-004781-2,ORD-004781-2,SUP-0082,2026-06-09,2026-06-11,DELIVERED
SHP-004782-1,ORD-004782-1,SUP-0116,2026-08-31,2026-09-01,DELIVERED
SHP-004782-2,ORD-004782-2,SUP-0116,2026-08-18,2026-08-18,DELIVERED
SHP-004782-3,ORD-004782-3,SUP-0116,2026-09-04,2026-09-04,IN_TRANSIT
SHP-004783-1,ORD-004783-1,SUP-0101,2026-03-12,2026-03-12,DELIVERED
SHP-004783-2,ORD-004783-2,SUP-0101,2026-03-30,2026-04-01,DELIVERED
SHP-004784-1,ORD-004784-1,SUP-0043,2026-06-03,2026-06-03,DELIVERED
SHP-004784-2,ORD-004784-2,SUP-0043,2026-05-23,2026-05-25,DELIVERED
SHP-004784-3,ORD-004784-3,SUP-0043,2026-05-27,2026-05-27,DELIVERED
SHP-004784-4,ORD-004784-4,SUP-0043,2026-06-07,2026-06-07,DELIVERED
SHP-004785-1,ORD-004785-1,SUP-0039,2026-04-21,2026-04-21,DELIVERED
SHP-004785-2,ORD-004785-2,SUP-0039,2026-04-19,2026-04-19,DELIVERED
SHP-004785-3,ORD-004785-3,SUP-0039,2026-04-23,2026-04-23,DELIVERED
SHP-004785-4,ORD-004785-4,SUP-0039,2026-04-21,2026-04-21,DELIVERED
SHP-004786-1,ORD-004786-1,SUP-0082,2026-02-18,2026-02-18,DELIVERED
SHP-004787-1,ORD-004787-1,SUP-0007,2026-09-04,2026-09-05,IN_TRANSIT
SHP-004787-2,ORD-004787-2,SUP-0007,2026-08-31,2026-09-02,IN_TRANSIT
SHP-004787-3,ORD-004787-3,SUP-0007,2026-09-12,2026-09-13,IN_TRANSIT
SHP-004787-4,ORD-004787-4,SUP-0007,2026-08-19,2026-08-21,DELIVERED
SHP-004788-1,ORD-004788-1,SUP-0040,2026-09-10,2026-09-11,IN_TRANSIT
SHP-004789-1,ORD-004789-1,SUP-0056,2026-05-17,2026-05-17,DELIVERED
SHP-004790-1,ORD-004790-1,SUP-0051,2026-04-17,2026-04-17,DELIVERED
SHP-004790-2,ORD-004790-2,SUP-0051,2026-04-10,2026-04-10,DELIVERED
SHP-004790-3,ORD-004790-3,SUP-0051,2026-04-12,2026-04-13,DELIVERED
SHP-004791-1,ORD-004791-1,SUP-0033,2026-07-27,2026-07-27,DELIVERED
SHP-004791-2,ORD-004791-2,SUP-0033,2026-08-15,2026-08-15,DELIVERED
SHP-004791-3,ORD-004791-3,SUP-0033,2026-08-20,2026-08-20,DELIVERED
SHP-004791-4,ORD-004791-4,SUP-0033,2026-08-16,2026-08-17,DELIVERED
SHP-004792-1,ORD-004792-1,SUP-0066,2026-02-15,2026-02-17,DELIVERED
SHP-004792-2,ORD-004792-2,SUP-0066,2026-01-31,2026-01-31,DELIVERED
SHP-004793-1,ORD-004793-1,SUP-0015,2026-05-30,2026-06-01,DELIVERED
SHP-004793-2,ORD-004793-2,SUP-0015,2026-06-07,2026-06-07,DELIVERED
SHP-004794-1,ORD-004794-1,SUP-0026,2026-01-22,2026-01-22,DELIVERED
SHP-004795-1,ORD-004795-1,SUP-0046,2026-07-08,2026-07-08,DELIVERED
SHP-004796-1,ORD-004796-1,SUP-0076,2026-09-02,2026-09-02,IN_TRANSIT
SHP-004796-2,ORD-004796-2,SUP-0076,2026-09-04,2026-09-05,IN_TRANSIT
SHP-004797-1,ORD-004797-1,SUP-0063,2026-09-08,2026-09-08,IN_TRANSIT
SHP-004798-1,ORD-004798-1,SUP-0007,2026-08-23,2026-08-24,DELIVERED
SHP-004799-1,ORD-004799-1,SUP-0092,2026-06-14,2026-06-15,DELIVERED
SHP-004799-2,ORD-004799-2,SUP-0092,2026-07-06,2026-07-06,DELIVERED
SHP-004800-1,ORD-004800-1,SUP-0093,2026-04-05,2026-04-06,DELIVERED
SHP-004800-2,ORD-004800-2,SUP-0093,2026-03-18,2026-03-20,DELIVERED
SHP-004800-3,ORD-004800-3,SUP-0093,2026-03-22,2026-03-22,DELIVERED
SHP-004801-1,ORD-004801-1,SUP-0031,2026-07-29,2026-07-29,DELIVERED
SHP-004801-2,ORD-004801-2,SUP-0031,2026-07-28,2026-07-28,DELIVERED
SHP-004801-3,ORD-004801-3,SUP-0031,2026-07-26,2026-07-26,DELIVERED
SHP-004802-1,ORD-004802-1,SUP-0097,2026-02-19,2026-02-20,DELIVERED
SHP-004803-1,ORD-004803-1,SUP-0083,2026-06-24,2026-06-24,DELIVERED
SHP-004803-2,ORD-004803-2,SUP-0083,2026-06-28,2026-06-29,DELIVERED
SHP-004804-1,ORD-004804-1,SUP-0019,2026-04-24,2026-04-26,DELIVERED
SHP-004804-2,ORD-004804-2,SUP-0019,2026-04-23,2026-04-23,DELIVERED
SHP-004804-3,ORD-004804-3,SUP-0019,2026-05-12,2026-05-12,DELIVERED
SHP-004805-1,ORD-004805-1,SUP-0028,2026-09-15,2026-09-15,IN_TRANSIT
SHP-004805-2,ORD-004805-2,SUP-0028,2026-09-17,2026-09-19,IN_TRANSIT
SHP-004806-1,ORD-004806-1,SUP-0091,2026-09-18,2026-09-18,IN_TRANSIT
SHP-004806-2,ORD-004806-2,SUP-0091,2026-09-08,2026-09-08,IN_TRANSIT
SHP-004807-1,ORD-004807-1,SUP-0019,2026-04-27,2026-04-27,DELIVERED
SHP-004807-2,ORD-004807-2,SUP-0019,2026-05-06,2026-05-06,DELIVERED
SHP-004808-1,ORD-004808-1,SUP-0028,2026-05-29,2026-05-31,DELIVERED
SHP-004809-1,ORD-004809-1,SUP-0038,2026-03-27,2026-03-29,DELIVERED
SHP-004810-1,ORD-004810-1,SUP-0024,2026-02-25,2026-02-25,DELIVERED
SHP-004810-2,ORD-004810-2,SUP-0024,2026-02-15,2026-02-17,DELIVERED
SHP-004810-3,ORD-004810-3,SUP-0024,2026-02-21,2026-02-21,DELIVERED
SHP-004811-1,ORD-004811-1,SUP-0015,2026-08-30,2026-08-30,DELIVERED
SHP-004812-1,ORD-004812-1,SUP-0102,2026-08-13,2026-08-15,DELIVERED
SHP-004812-2,ORD-004812-2,SUP-0102,2026-07-29,2026-07-29,DELIVERED
SHP-004812-3,ORD-004812-3,SUP-0102,2026-08-03,2026-08-04,DELIVERED
SHP-004813-1,ORD-004813-1,SUP-0113,2026-04-02,2026-04-02,DELIVERED
SHP-004813-2,ORD-004813-2,SUP-0113,2026-03-21,2026-03-23,DELIVERED
SHP-004814-1,ORD-004814-1,SUP-0054,2026-07-13,2026-07-14,DELIVERED
SHP-004815-1,ORD-004815-1,SUP-0093,2026-04-08,2026-04-08,DELIVERED
SHP-004816-1,ORD-004816-1,SUP-0114,2026-03-28,2026-03-29,DELIVERED
SHP-004816-2,ORD-004816-2,SUP-0114,2026-03-23,2026-03-23,DELIVERED
SHP-004816-3,ORD-004816-3,SUP-0114,2026-04-07,2026-04-08,DELIVERED
SHP-004817-1,ORD-004817-1,SUP-0041,2026-05-07,2026-05-08,DELIVERED
SHP-004817-2,ORD-004817-2,SUP-0041,2026-05-04,2026-05-05,DELIVERED
SHP-004817-3,ORD-004817-3,SUP-0041,2026-04-22,2026-04-22,DELIVERED
SHP-004817-4,ORD-004817-4,SUP-0041,2026-05-03,2026-05-05,DELIVERED
SHP-004818-1,ORD-004818-1,SUP-0059,2026-06-17,2026-06-18,DELIVERED
SHP-004818-2,ORD-004818-2,SUP-0059,2026-06-14,2026-06-15,DELIVERED
SHP-004819-1,ORD-004819-1,SUP-0049,2026-02-19,2026-02-21,DELIVERED
SHP-004819-2,ORD-004819-2,SUP-0049,2026-03-04,2026-03-04,DELIVERED
SHP-004819-3,ORD-004819-3,SUP-0049,2026-03-05,2026-03-05,DELIVERED
SHP-004819-4,ORD-004819-4,SUP-0049,2026-03-02,2026-03-02,DELIVERED
SHP-004820-1,ORD-004820-1,SUP-0095,2026-06-22,2026-06-22,DELIVERED
SHP-004820-2,ORD-004820-2,SUP-0095,2026-07-13,2026-07-13,DELIVERED
SHP-004820-3,ORD-004820-3,SUP-0095,2026-06-30,2026-06-30,DELIVERED
SHP-004821-1,ORD-004821-1,SUP-0072,2026-02-01,2026-02-02,DELIVERED
SHP-004822-1,ORD-004822-1,SUP-0117,2026-03-24,2026-03-26,DELIVERED
SHP-004823-1,ORD-004823-1,SUP-0044,2026-06-04,2026-06-04,DELIVERED
SHP-004823-2,ORD-004823-2,SUP-0044,2026-06-01,2026-06-01,DELIVERED
SHP-004823-3,ORD-004823-3,SUP-0044,2026-05-14,2026-05-15,DELIVERED
SHP-004824-1,ORD-004824-1,SUP-0019,2026-01-17,2026-01-17,DELIVERED
SHP-004824-2,ORD-004824-2,SUP-0019,2026-01-26,2026-01-27,DELIVERED
SHP-004824-3,ORD-004824-3,SUP-0019,2026-02-04,2026-02-04,DELIVERED
SHP-004824-4,ORD-004824-4,SUP-0019,2026-02-10,2026-02-12,DELIVERED
SHP-004825-1,ORD-004825-1,SUP-0036,2026-08-23,2026-08-23,DELIVERED
SHP-004825-2,ORD-004825-2,SUP-0036,2026-08-17,2026-08-17,DELIVERED
SHP-004826-1,ORD-004826-1,SUP-0065,2026-04-24,2026-04-25,DELIVERED
SHP-004827-1,ORD-004827-1,SUP-0004,2026-04-02,2026-04-03,DELIVERED
SHP-004827-2,ORD-004827-2,SUP-0004,2026-04-19,2026-04-21,DELIVERED
SHP-004827-3,ORD-004827-3,SUP-0004,2026-04-20,2026-04-22,DELIVERED
SHP-004828-1,ORD-004828-1,SUP-0032,2026-07-31,2026-07-31,DELIVERED
SHP-004828-2,ORD-004828-2,SUP-0032,2026-08-03,2026-08-04,DELIVERED
SHP-004828-3,ORD-004828-3,SUP-0032,2026-07-31,2026-07-31,DELIVERED
SHP-004829-1,ORD-004829-1,SUP-0097,2026-09-17,2026-09-17,IN_TRANSIT
SHP-004829-2,ORD-004829-2,SUP-0097,2026-08-20,2026-08-20,DELIVERED
SHP-004829-3,ORD-004829-3,SUP-0097,2026-09-03,2026-09-05,IN_TRANSIT
SHP-004830-1,ORD-004830-1,SUP-0034,2026-08-10,2026-08-10,DELIVERED
SHP-004830-2,ORD-004830-2,SUP-0034,2026-08-02,2026-08-02,DELIVERED
SHP-004830-3,ORD-004830-3,SUP-0034,2026-08-03,2026-08-04,DELIVERED
SHP-004831-1,ORD-004831-1,SUP-0113,2026-07-08,2026-07-08,DELIVERED
SHP-004832-1,ORD-004832-1,SUP-0074,2026-05-31,2026-06-01,DELIVERED
SHP-004832-2,ORD-004832-2,SUP-0074,2026-05-12,2026-05-14,DELIVERED
SHP-004833-1,ORD-004833-1,SUP-0062,2026-07-22,2026-07-24,DELIVERED
SHP-004833-2,ORD-004833-2,SUP-0062,2026-07-09,2026-07-10,DELIVERED
SHP-004834-1,ORD-004834-1,SUP-0077,2026-06-03,2026-06-04,DELIVERED
SHP-004835-1,ORD-004835-1,SUP-0107,2026-04-04,2026-04-04,DELIVERED
SHP-004835-2,ORD-004835-2,SUP-0107,2026-04-10,2026-04-12,DELIVERED
SHP-004835-3,ORD-004835-3,SUP-0107,2026-03-27,2026-03-27,DELIVERED
SHP-004836-1,ORD-004836-1,SUP-0060,2026-03-19,2026-03-20,DELIVERED
SHP-004837-1,ORD-004837-1,SUP-0056,2026-07-29,2026-07-29,DELIVERED
SHP-004838-1,ORD-004838-1,SUP-0035,2026-05-30,2026-05-30,DELIVERED
SHP-004839-1,ORD-004839-1,SUP-0026,2026-06-30,2026-06-30,DELIVERED
SHP-004840-1,ORD-004840-1,SUP-0003,2026-09-06,2026-09-07,IN_TRANSIT
SHP-004840-2,ORD-004840-2,SUP-0003,2026-08-31,2026-09-01,DELIVERED
SHP-004840-3,ORD-004840-3,SUP-0003,2026-09-08,2026-09-08,IN_TRANSIT
SHP-004840-4,ORD-004840-4,SUP-0003,2026-09-20,2026-09-21,IN_TRANSIT
SHP-004841-1,ORD-004841-1,SUP-0087,2026-04-26,2026-04-27,DELIVERED
SHP-004841-2,ORD-004841-2,SUP-0087,2026-04-16,2026-04-18,DELIVERED
SHP-004841-3,ORD-004841-3,SUP-0087,2026-04-26,2026-04-28,DELIVERED
SHP-004841-4,ORD-004841-4,SUP-0087,2026-05-09,2026-05-09,DELIVERED
SHP-004842-1,ORD-004842-1,SUP-0006,2026-03-14,2026-03-14,DELIVERED
SHP-004842-2,ORD-004842-2,SUP-0006,2026-03-09,2026-03-09,DELIVERED
SHP-004843-1,ORD-004843-1,SUP-0072,2026-07-08,2026-07-09,DELIVERED
SHP-004844-1,ORD-004844-1,SUP-0032,2026-05-25,2026-05-25,DELIVERED
SHP-004844-2,ORD-004844-2,SUP-0032,2026-05-29,2026-05-30,DELIVERED
SHP-004845-1,ORD-004845-1,SUP-0046,2026-04-05,2026-04-05,DELIVERED
SHP-004846-1,ORD-004846-1,SUP-0049,2026-04-10,2026-04-10,DELIVERED
SHP-004847-1,ORD-004847-1,SUP-0106,2026-07-08,2026-07-10,DELIVERED
SHP-004847-2,ORD-004847-2,SUP-0106,2026-06-29,2026-06-29,DELIVERED
SHP-004848-1,ORD-004848-1,SUP-0064,2026-09-16,2026-09-16,IN_TRANSIT
SHP-004848-2,ORD-004848-2,SUP-0064,2026-09-08,2026-09-09,IN_TRANSIT
SHP-004849-1,ORD-004849-1,SUP-0049,2026-07-21,2026-07-21,DELIVERED
SHP-004849-2,ORD-004849-2,SUP-0049,2026-07-03,2026-07-03,DELIVERED
SHP-004850-1,ORD-004850-1,SUP-0069,2026-09-08,2026-09-10,IN_TRANSIT
SHP-004850-2,ORD-004850-2,SUP-0069,2026-08-28,2026-08-29,DELIVERED
SHP-004850-3,ORD-004850-3,SUP-0069,2026-08-30,2026-08-30,DELIVERED
SHP-004851-1,ORD-004851-1,SUP-0012,2026-05-30,2026-05-30,DELIVERED
SHP-004851-2,ORD-004851-2,SUP-0012,2026-05-16,2026-05-17,DELIVERED
SHP-004852-1,ORD-004852-1,SUP-0080,2026-09-28,2026-09-28,IN_TRANSIT
SHP-004853-1,ORD-004853-1,SUP-0104,2026-01-22,2026-01-22,DELIVERED
SHP-004854-1,ORD-004854-1,SUP-0070,2026-08-21,2026-08-21,DELIVERED
SHP-004854-2,ORD-004854-2,SUP-0070,2026-08-23,2026-08-25,DELIVERED
SHP-004855-1,ORD-004855-1,SUP-0002,2026-03-16,2026-03-18,DELIVERED
SHP-004856-1,ORD-004856-1,SUP-0100,2026-03-15,2026-03-16,DELIVERED
SHP-004856-2,ORD-004856-2,SUP-0100,2026-03-07,2026-03-07,DELIVERED
SHP-004857-1,ORD-004857-1,SUP-0097,2026-04-27,2026-04-27,DELIVERED
SHP-004857-2,ORD-004857-2,SUP-0097,2026-05-16,2026-05-16,DELIVERED
SHP-004858-1,ORD-004858-1,SUP-0090,2026-06-05,2026-06-05,DELIVERED
SHP-004858-2,ORD-004858-2,SUP-0090,2026-06-18,2026-06-18,DELIVERED
SHP-004858-3,ORD-004858-3,SUP-0090,2026-07-02,2026-07-02,DELIVERED
SHP-004859-1,ORD-004859-1,SUP-0022,2026-03-31,2026-03-31,DELIVERED
SHP-004859-2,ORD-004859-2,SUP-0022,2026-04-05,2026-04-05,DELIVERED
SHP-004859-3,ORD-004859-3,SUP-0022,2026-04-08,2026-04-08,DELIVERED
SHP-004859-4,ORD-004859-4,SUP-0022,2026-04-17,2026-04-17,DELIVERED
SHP-004860-1,ORD-004860-1,SUP-0038,2026-05-02,2026-05-02,DELIVERED
SHP-004860-2,ORD-004860-2,SUP-0038,2026-05-12,2026-05-12,DELIVERED
SHP-004861-1,ORD-004861-1,SUP-0059,2026-05-12,2026-05-12,DELIVERED
SHP-004861-2,ORD-004861-2,SUP-0059,2026-05-31,2026-06-01,DELIVERED
SHP-004861-3,ORD-004861-3,SUP-0059,2026-05-17,2026-05-17,DELIVERED
SHP-004862-1,ORD-004862-1,SUP-0070,2026-04-30,2026-04-30,DELIVERED
SHP-004862-2,ORD-004862-2,SUP-0070,2026-05-08,2026-05-08,DELIVERED
SHP-004863-1,ORD-004863-1,SUP-0111,2026-08-24,2026-08-24,DELIVERED
SHP-004863-2,ORD-004863-2,SUP-0111,2026-08-07,2026-08-07,DELIVERED
SHP-004864-1,ORD-004864-1,SUP-0050,2026-04-03,2026-04-05,DELIVERED
SHP-004864-2,ORD-004864-2,SUP-0050,2026-03-26,2026-03-28,DELIVERED
SHP-004864-3,ORD-004864-3,SUP-0050,2026-03-31,2026-03-31,DELIVERED
SHP-004865-1,ORD-004865-1,SUP-0024,2026-09-07,2026-09-08,IN_TRANSIT
SHP-004865-2,ORD-004865-2,SUP-0024,2026-09-10,2026-09-11,IN_TRANSIT
SHP-004865-3,ORD-004865-3,SUP-0024,2026-09-21,2026-09-22,IN_TRANSIT
SHP-004866-1,ORD-004866-1,SUP-0097,2026-03-26,2026-03-28,DELIVERED
SHP-004867-1,ORD-004867-1,SUP-0079,2026-04-22,2026-04-22,DELIVERED
SHP-004867-2,ORD-004867-2,SUP-0079,2026-04-21,2026-04-21,DELIVERED
SHP-004868-1,ORD-004868-1,SUP-0003,2026-04-07,2026-04-07,DELIVERED
SHP-004868-2,ORD-004868-2,SUP-0003,2026-04-11,2026-04-11,DELIVERED
SHP-004868-3,ORD-004868-3,SUP-0003,2026-03-30,2026-03-30,DELIVERED
SHP-004868-4,ORD-004868-4,SUP-0003,2026-04-08,2026-04-10,DELIVERED
SHP-004869-1,ORD-004869-1,SUP-0008,2026-04-05,2026-04-05,DELIVERED
SHP-004870-1,ORD-004870-1,SUP-0098,2026-05-19,2026-05-19,DELIVERED
SHP-004871-1,ORD-004871-1,SUP-0042,2026-08-04,2026-08-06,DELIVERED
SHP-004871-2,ORD-004871-2,SUP-0042,2026-08-07,2026-08-07,DELIVERED
SHP-004871-3,ORD-004871-3,SUP-0042,2026-07-15,2026-07-16,DELIVERED
SHP-004872-1,ORD-004872-1,SUP-0046,2026-07-27,2026-07-29,DELIVERED
SHP-004873-1,ORD-004873-1,SUP-0075,2026-04-06,2026-04-06,DELIVERED
SHP-004874-1,ORD-004874-1,SUP-0008,2026-09-01,2026-09-01,DELIVERED
SHP-004875-1,ORD-004875-1,SUP-0054,2026-01-28,2026-01-28,DELIVERED
SHP-004875-2,ORD-004875-2,SUP-0054,2026-02-11,2026-02-11,DELIVERED
SHP-004875-3,ORD-004875-3,SUP-0054,2026-02-03,2026-02-04,DELIVERED
SHP-004875-4,ORD-004875-4,SUP-0054,2026-02-16,2026-02-16,DELIVERED
SHP-004876-1,ORD-004876-1,SUP-0008,2026-07-23,2026-07-25,DELIVERED
SHP-004877-1,ORD-004877-1,SUP-0046,2026-03-01,2026-03-03,DELIVERED
SHP-004877-2,ORD-004877-2,SUP-0046,2026-03-14,2026-03-14,DELIVERED
SHP-004877-3,ORD-004877-3,SUP-0046,2026-03-03,2026-03-04,DELIVERED
SHP-004877-4,ORD-004877-4,SUP-0046,2026-03-01,2026-03-01,DELIVERED
SHP-004878-1,ORD-004878-1,SUP-0037,2026-07-13,2026-07-15,DELIVERED
SHP-004878-2,ORD-004878-2,SUP-0037,2026-07-10,2026-07-11,DELIVERED
SHP-004879-1,ORD-004879-1,SUP-0067,2026-06-24,2026-06-25,DELIVERED
SHP-004880-1,ORD-004880-1,SUP-0106,2026-04-14,2026-04-14,DELIVERED
SHP-004880-2,ORD-004880-2,SUP-0106,2026-03-25,2026-03-27,DELIVERED
SHP-004880-3,ORD-004880-3,SUP-0106,2026-03-18,2026-03-18,DELIVERED
SHP-004880-4,ORD-004880-4,SUP-0106,2026-03-27,2026-03-27,DELIVERED
SHP-004881-1,ORD-004881-1,SUP-0063,2026-02-09,2026-02-11,DELIVERED
SHP-004882-1,ORD-004882-1,SUP-0118,2026-05-30,2026-05-30,DELIVERED
SHP-004882-2,ORD-004882-2,SUP-0118,2026-05-18,2026-05-18,DELIVERED
SHP-004882-3,ORD-004882-3,SUP-0118,2026-06-08,2026-06-08,DELIVERED
SHP-004883-1,ORD-004883-1,SUP-0084,2026-04-05,2026-04-05,DELIVERED
SHP-004883-2,ORD-004883-2,SUP-0084,2026-04-11,2026-04-12,DELIVERED
SHP-004883-3,ORD-004883-3,SUP-0084,2026-03-29,2026-03-31,DELIVERED
SHP-004883-4,ORD-004883-4,SUP-0084,2026-03-31,2026-03-31,DELIVERED
SHP-004884-1,ORD-004884-1,SUP-0118,2026-04-01,2026-04-02,DELIVERED
SHP-004884-2,ORD-004884-2,SUP-0118,2026-04-21,2026-04-21,DELIVERED
SHP-004884-3,ORD-004884-3,SUP-0118,2026-04-11,2026-04-12,DELIVERED
SHP-004884-4,ORD-004884-4,SUP-0118,2026-04-26,2026-04-26,DELIVERED
SHP-004885-1,ORD-004885-1,SUP-0038,2026-04-24,2026-04-26,DELIVERED
SHP-004885-2,ORD-004885-2,SUP-0038,2026-04-28,2026-04-30,DELIVERED
SHP-004885-3,ORD-004885-3,SUP-0038,2026-04-13,2026-04-14,DELIVERED
SHP-004885-4,ORD-004885-4,SUP-0038,2026-04-22,2026-04-24,DELIVERED
SHP-004886-1,ORD-004886-1,SUP-0067,2026-08-31,2026-08-31,DELIVERED
SHP-004886-2,ORD-004886-2,SUP-0067,2026-08-18,2026-08-20,DELIVERED
SHP-004886-3,ORD-004886-3,SUP-0067,2026-08-21,2026-08-21,DELIVERED
SHP-004887-1,ORD-004887-1,SUP-0010,2026-09-06,2026-09-06,IN_TRANSIT
SHP-004887-2,ORD-004887-2,SUP-0010,2026-08-20,2026-08-21,DELIVERED
SHP-004887-3,ORD-004887-3,SUP-0010,2026-08-24,2026-08-26,DELIVERED
SHP-004887-4,ORD-004887-4,SUP-0010,2026-09-12,2026-09-14,IN_TRANSIT
SHP-004888-1,ORD-004888-1,SUP-0119,2026-08-20,2026-08-21,DELIVERED
SHP-004889-1,ORD-004889-1,SUP-0105,2026-07-14,2026-07-16,DELIVERED
SHP-004889-2,ORD-004889-2,SUP-0105,2026-07-21,2026-07-22,DELIVERED
SHP-004889-3,ORD-004889-3,SUP-0105,2026-07-21,2026-07-21,DELIVERED
SHP-004890-1,ORD-004890-1,SUP-0082,2026-06-07,2026-06-07,DELIVERED
SHP-004890-2,ORD-004890-2,SUP-0082,2026-06-04,2026-06-06,DELIVERED
SHP-004890-3,ORD-004890-3,SUP-0082,2026-06-02,2026-06-02,DELIVERED
SHP-004890-4,ORD-004890-4,SUP-0082,2026-06-03,2026-06-03,DELIVERED
SHP-004891-1,ORD-004891-1,SUP-0002,2026-05-16,2026-05-16,DELIVERED
SHP-004891-2,ORD-004891-2,SUP-0002,2026-05-26,2026-05-26,DELIVERED
SHP-004891-3,ORD-004891-3,SUP-0002,2026-05-21,2026-05-21,DELIVERED
SHP-004891-4,ORD-004891-4,SUP-0002,2026-05-01,2026-05-03,DELIVERED
SHP-004892-1,ORD-004892-1,SUP-0116,2026-03-09,2026-03-11,DELIVERED
SHP-004893-1,ORD-004893-1,SUP-0033,2026-05-05,2026-05-05,DELIVERED
SHP-004893-2,ORD-004893-2,SUP-0033,2026-04-25,2026-04-25,DELIVERED
SHP-004894-1,ORD-004894-1,SUP-0083,2026-01-17,2026-01-17,DELIVERED
SHP-004894-2,ORD-004894-2,SUP-0083,2026-02-01,2026-02-01,DELIVERED
SHP-004894-3,ORD-004894-3,SUP-0083,2026-02-05,2026-02-05,DELIVERED
SHP-004895-1,ORD-004895-1,SUP-0060,2026-04-02,2026-04-02,DELIVERED
SHP-004896-1,ORD-004896-1,SUP-0061,2026-06-13,2026-06-13,DELIVERED
SHP-004896-2,ORD-004896-2,SUP-0061,2026-05-27,2026-05-29,DELIVERED
SHP-004897-1,ORD-004897-1,SUP-0106,2026-06-08,2026-06-08,DELIVERED
SHP-004897-2,ORD-004897-2,SUP-0106,2026-06-06,2026-06-06,DELIVERED
SHP-004898-1,ORD-004898-1,SUP-0046,2026-02-15,2026-02-16,DELIVERED
SHP-004898-2,ORD-004898-2,SUP-0046,2026-02-19,2026-02-19,DELIVERED
SHP-004899-1,ORD-004899-1,SUP-0069,2026-06-13,2026-06-15,DELIVERED
SHP-004900-1,ORD-004900-1,SUP-0071,2026-03-21,2026-03-21,DELIVERED
SHP-004901-1,ORD-004901-1,SUP-0039,2026-04-16,2026-04-16,DELIVERED
SHP-004901-2,ORD-004901-2,SUP-0039,2026-04-22,2026-04-24,DELIVERED
SHP-004901-3,ORD-004901-3,SUP-0039,2026-04-29,2026-05-01,DELIVERED
SHP-004901-4,ORD-004901-4,SUP-0039,2026-04-19,2026-04-19,DELIVERED
SHP-004902-1,ORD-004902-1,SUP-0064,2026-05-22,2026-05-24,DELIVERED
SHP-004902-2,ORD-004902-2,SUP-0064,2026-06-02,2026-06-02,DELIVERED
SHP-004902-3,ORD-004902-3,SUP-0064,2026-06-01,2026-06-01,DELIVERED
SHP-004902-4,ORD-004902-4,SUP-0064,2026-05-24,2026-05-24,DELIVERED
SHP-004903-1,ORD-004903-1,SUP-0072,2026-06-14,2026-06-14,DELIVERED
SHP-004904-1,ORD-004904-1,SUP-0038,2026-05-12,2026-05-13,DELIVERED
SHP-004905-1,ORD-004905-1,SUP-0082,2026-03-09,2026-03-11,DELIVERED
SHP-004905-2,ORD-004905-2,SUP-0082,2026-03-03,2026-03-05,DELIVERED
SHP-004906-1,ORD-004906-1,SUP-0005,2026-03-25,2026-03-25,DELIVERED
SHP-004906-2,ORD-004906-2,SUP-0005,2026-04-01,2026-04-01,DELIVERED
SHP-004906-3,ORD-004906-3,SUP-0005,2026-03-31,2026-03-31,DELIVERED
SHP-004906-4,ORD-004906-4,SUP-0005,2026-03-27,2026-03-28,DELIVERED
SHP-004907-1,ORD-004907-1,SUP-0018,2026-06-01,2026-06-01,DELIVERED
SHP-004907-2,ORD-004907-2,SUP-0018,2026-05-09,2026-05-09,DELIVERED
SHP-004907-3,ORD-004907-3,SUP-0018,2026-05-28,2026-05-28,DELIVERED
SHP-004907-4,ORD-004907-4,SUP-0018,2026-05-28,2026-05-28,DELIVERED
SHP-004908-1,ORD-004908-1,SUP-0043,2026-07-19,2026-07-20,DELIVERED
SHP-004908-2,ORD-004908-2,SUP-0043,2026-07-31,2026-07-31,DELIVERED
SHP-004909-1,ORD-004909-1,SUP-0084,2026-07-18,2026-07-18,DELIVERED
SHP-004909-2,ORD-004909-2,SUP-0084,2026-07-02,2026-07-02,DELIVERED
SHP-004909-3,ORD-004909-3,SUP-0084,2026-06-30,2026-06-30,DELIVERED
SHP-004909-4,ORD-004909-4,SUP-0084,2026-07-17,2026-07-18,DELIVERED
SHP-004910-1,ORD-004910-1,SUP-0027,2026-03-09,2026-03-09,DELIVERED
SHP-004910-2,ORD-004910-2,SUP-0027,2026-02-15,2026-02-15,DELIVERED
SHP-004910-3,ORD-004910-3,SUP-0027,2026-02-18,2026-02-18,DELIVERED
SHP-004911-1,ORD-004911-1,SUP-0064,2026-05-24,2026-05-24,DELIVERED
SHP-004911-2,ORD-004911-2,SUP-0064,2026-06-13,2026-06-13,DELIVERED
SHP-004911-3,ORD-004911-3,SUP-0064,2026-05-27,2026-05-28,DELIVERED
SHP-004911-4,ORD-004911-4,SUP-0064,2026-05-26,2026-05-26,DELIVERED
SHP-004912-1,ORD-004912-1,SUP-0087,2026-06-22,2026-06-22,DELIVERED
SHP-004912-2,ORD-004912-2,SUP-0087,2026-06-28,2026-06-30,DELIVERED
SHP-004913-1,ORD-004913-1,SUP-0033,2026-03-14,2026-03-14,DELIVERED
SHP-004913-2,ORD-004913-2,SUP-0033,2026-04-01,2026-04-01,DELIVERED
SHP-004913-3,ORD-004913-3,SUP-0033,2026-04-02,2026-04-02,DELIVERED
SHP-004913-4,ORD-004913-4,SUP-0033,2026-03-25,2026-03-26,DELIVERED
SHP-004914-1,ORD-004914-1,SUP-0113,2026-07-25,2026-07-25,DELIVERED
SHP-004914-2,ORD-004914-2,SUP-0113,2026-07-13,2026-07-13,DELIVERED
SHP-004914-3,ORD-004914-3,SUP-0113,2026-07-17,2026-07-18,DELIVERED
SHP-004914-4,ORD-004914-4,SUP-0113,2026-07-22,2026-07-22,DELIVERED
SHP-004915-1,ORD-004915-1,SUP-0038,2026-08-13,2026-08-14,DELIVERED
SHP-004915-2,ORD-004915-2,SUP-0038,2026-09-01,2026-09-01,DELIVERED
SHP-004915-3,ORD-004915-3,SUP-0038,2026-08-21,2026-08-22,DELIVERED
SHP-004916-1,ORD-004916-1,SUP-0113,2026-04-03,2026-04-05,DELIVERED
SHP-004916-2,ORD-004916-2,SUP-0113,2026-03-24,2026-03-24,DELIVERED
SHP-004916-3,ORD-004916-3,SUP-0113,2026-04-12,2026-04-14,DELIVERED
SHP-004917-1,ORD-004917-1,SUP-0095,2026-07-16,2026-07-16,DELIVERED
SHP-004917-2,ORD-004917-2,SUP-0095,2026-07-20,2026-07-20,DELIVERED
SHP-004917-3,ORD-004917-3,SUP-0095,2026-07-14,2026-07-15,DELIVERED
SHP-004917-4,ORD-004917-4,SUP-0095,2026-07-19,2026-07-19,DELIVERED
SHP-004918-1,ORD-004918-1,SUP-0071,2026-02-22,2026-02-22,DELIVERED
SHP-004918-2,ORD-004918-2,SUP-0071,2026-02-17,2026-02-19,DELIVERED
SHP-004918-3,ORD-004918-3,SUP-0071,2026-02-12,2026-02-12,DELIVERED
SHP-004918-4,ORD-004918-4,SUP-0071,2026-02-05,2026-02-06,DELIVERED
SHP-004919-1,ORD-004919-1,SUP-0035,2026-05-29,2026-05-29,DELIVERED
SHP-004919-2,ORD-004919-2,SUP-0035,2026-06-11,2026-06-11,DELIVERED
SHP-004920-1,ORD-004920-1,SUP-0079,2026-07-17,2026-07-17,DELIVERED
SHP-004920-2,ORD-004920-2,SUP-0079,2026-07-26,2026-07-27,DELIVERED
SHP-004921-1,ORD-004921-1,SUP-0110,2026-08-09,2026-08-11,DELIVERED
SHP-004921-2,ORD-004921-2,SUP-0110,2026-08-05,2026-08-05,DELIVERED
SHP-004921-3,ORD-004921-3,SUP-0110,2026-08-07,2026-08-07,DELIVERED
SHP-004921-4,ORD-004921-4,SUP-0110,2026-08-18,2026-08-18,DELIVERED
SHP-004922-1,ORD-004922-1,SUP-0095,2026-08-25,2026-08-25,DELIVERED
SHP-004923-1,ORD-004923-1,SUP-0065,2026-05-17,2026-05-17,DELIVERED
SHP-004924-1,ORD-004924-1,SUP-0047,2026-02-06,2026-02-06,DELIVERED
SHP-004925-1,ORD-004925-1,SUP-0019,2026-04-04,2026-04-06,DELIVERED
SHP-004926-1,ORD-004926-1,SUP-0050,2026-08-02,2026-08-02,DELIVERED
SHP-004926-2,ORD-004926-2,SUP-0050,2026-07-28,2026-07-28,DELIVERED
SHP-004926-3,ORD-004926-3,SUP-0050,2026-07-26,2026-07-26,DELIVERED
SHP-004926-4,ORD-004926-4,SUP-0050,2026-08-05,2026-08-05,DELIVERED
SHP-004927-1,ORD-004927-1,SUP-0048,2026-08-02,2026-08-02,DELIVERED
SHP-004927-2,ORD-004927-2,SUP-0048,2026-08-02,2026-08-02,DELIVERED
SHP-004927-3,ORD-004927-3,SUP-0048,2026-07-15,2026-07-15,DELIVERED
SHP-004927-4,ORD-004927-4,SUP-0048,2026-07-28,2026-07-30,DELIVERED
SHP-004928-1,ORD-004928-1,SUP-0084,2026-01-11,2026-01-11,DELIVERED
SHP-004928-2,ORD-004928-2,SUP-0084,2026-01-22,2026-01-23,DELIVERED
SHP-004928-3,ORD-004928-3,SUP-0084,2026-01-25,2026-01-25,DELIVERED
SHP-004929-1,ORD-004929-1,SUP-0063,2026-03-04,2026-03-05,DELIVERED
SHP-004929-2,ORD-004929-2,SUP-0063,2026-02-16,2026-02-16,DELIVERED
SHP-004930-1,ORD-004930-1,SUP-0058,2026-06-10,2026-06-10,DELIVERED
SHP-004931-1,ORD-004931-1,SUP-0075,2026-03-07,2026-03-07,DELIVERED
SHP-004932-1,ORD-004932-1,SUP-0099,2026-04-08,2026-04-10,DELIVERED
SHP-004932-2,ORD-004932-2,SUP-0099,2026-04-17,2026-04-19,DELIVERED
SHP-004932-3,ORD-004932-3,SUP-0099,2026-04-10,2026-04-10,DELIVERED
SHP-004932-4,ORD-004932-4,SUP-0099,2026-04-06,2026-04-07,DELIVERED
SHP-004933-1,ORD-004933-1,SUP-0086,2026-03-18,2026-03-20,DELIVERED
SHP-004934-1,ORD-004934-1,SUP-0106,2026-04-30,2026-04-30,DELIVERED
SHP-004934-2,ORD-004934-2,SUP-0106,2026-05-04,2026-05-04,DELIVERED
SHP-004934-3,ORD-004934-3,SUP-0106,2026-04-29,2026-05-01,DELIVERED
SHP-004935-1,ORD-004935-1,SUP-0098,2026-04-23,2026-04-23,DELIVERED
SHP-004935-2,ORD-004935-2,SUP-0098,2026-04-10,2026-04-10,DELIVERED
SHP-004935-3,ORD-004935-3,SUP-0098,2026-04-17,2026-04-17,DELIVERED
SHP-004936-1,ORD-004936-1,SUP-0103,2026-08-30,2026-08-30,DELIVERED
SHP-004937-1,ORD-004937-1,SUP-0022,2026-03-28,2026-03-28,DELIVERED
SHP-004937-2,ORD-004937-2,SUP-0022,2026-04-24,2026-04-25,DELIVERED
SHP-004938-1,ORD-004938-1,SUP-0079,2026-07-23,2026-07-23,DELIVERED
SHP-004938-2,ORD-004938-2,SUP-0079,2026-07-04,2026-07-04,DELIVERED
SHP-004938-3,ORD-004938-3,SUP-0079,2026-07-19,2026-07-19,DELIVERED
SHP-004938-4,ORD-004938-4,SUP-0079,2026-07-12,2026-07-14,DELIVERED
SHP-004939-1,ORD-004939-1,SUP-0001,2026-07-29,2026-07-30,DELIVERED
SHP-004940-1,ORD-004940-1,SUP-0095,2026-06-21,2026-06-21,DELIVERED
SHP-004940-2,ORD-004940-2,SUP-0095,2026-05-26,2026-05-26,DELIVERED
SHP-004940-3,ORD-004940-3,SUP-0095,2026-05-31,2026-06-02,DELIVERED
SHP-004941-1,ORD-004941-1,SUP-0028,2026-08-23,2026-08-23,DELIVERED
SHP-004941-2,ORD-004941-2,SUP-0028,2026-08-21,2026-08-21,DELIVERED
SHP-004941-3,ORD-004941-3,SUP-0028,2026-08-27,2026-08-27,DELIVERED
SHP-004942-1,ORD-004942-1,SUP-0036,2026-02-10,2026-02-10,DELIVERED
SHP-004942-2,ORD-004942-2,SUP-0036,2026-02-17,2026-02-17,DELIVERED
SHP-004943-1,ORD-004943-1,SUP-0082,2026-07-13,2026-07-13,DELIVERED
SHP-004943-2,ORD-004943-2,SUP-0082,2026-07-27,2026-07-27,DELIVERED
SHP-004943-3,ORD-004943-3,SUP-0082,2026-07-25,2026-07-25,DELIVERED
SHP-004944-1,ORD-004944-1,SUP-0023,2026-03-27,2026-03-27,DELIVERED
SHP-004944-2,ORD-004944-2,SUP-0023,2026-03-27,2026-03-28,DELIVERED
SHP-004944-3,ORD-004944-3,SUP-0023,2026-03-27,2026-03-29,DELIVERED
SHP-004945-1,ORD-004945-1,SUP-0088,2026-07-27,2026-07-27,DELIVERED
SHP-004945-2,ORD-004945-2,SUP-0088,2026-07-27,2026-07-27,DELIVERED
SHP-004945-3,ORD-004945-3,SUP-0088,2026-07-16,2026-07-16,DELIVERED
SHP-004946-1,ORD-004946-1,SUP-0090,2026-05-15,2026-05-15,DELIVERED
SHP-004947-1,ORD-004947-1,SUP-0087,2026-07-09,2026-07-11,DELIVERED
SHP-004948-1,ORD-004948-1,SUP-0097,2026-09-06,2026-09-06,IN_TRANSIT
SHP-004948-2,ORD-004948-2,SUP-0097,2026-08-31,2026-08-31,DELIVERED
SHP-004948-3,ORD-004948-3,SUP-0097,2026-09-01,2026-09-02,IN_TRANSIT
SHP-004949-1,ORD-004949-1,SUP-0093,2026-06-02,2026-06-02,DELIVERED
SHP-004949-2,ORD-004949-2,SUP-0093,2026-06-07,2026-06-07,DELIVERED
SHP-004950-1,ORD-004950-1,SUP-0066,2026-05-11,2026-05-13,DELIVERED
SHP-004950-2,ORD-004950-2,SUP-0066,2026-05-20,2026-05-20,DELIVERED
SHP-004951-1,ORD-004951-1,SUP-0026,2026-03-06,2026-03-06,DELIVERED
SHP-004951-2,ORD-004951-2,SUP-0026,2026-03-09,2026-03-09,DELIVERED
SHP-004951-3,ORD-004951-3,SUP-0026,2026-03-03,2026-03-03,DELIVERED
SHP-004952-1,ORD-004952-1,SUP-0006,2026-08-27,2026-08-29,DELIVERED
SHP-004952-2,ORD-004952-2,SUP-0006,2026-08-27,2026-08-29,DELIVERED
SHP-004953-1,ORD-004953-1,SUP-0057,2026-09-08,2026-09-10,IN_TRANSIT
SHP-004954-1,ORD-004954-1,SUP-0107,2026-02-02,2026-02-04,DELIVERED
SHP-004954-2,ORD-004954-2,SUP-0107,2026-02-15,2026-02-16,DELIVERED
SHP-004955-1,ORD-004955-1,SUP-0036,2026-08-29,2026-08-31,DELIVERED
SHP-004955-2,ORD-004955-2,SUP-0036,2026-08-23,2026-08-23,DELIVERED
SHP-004955-3,ORD-004955-3,SUP-0036,2026-09-01,2026-09-03,IN_TRANSIT
SHP-004955-4,ORD-004955-4,SUP-0036,2026-08-21,2026-08-21,DELIVERED
SHP-004956-1,ORD-004956-1,SUP-0011,2026-05-05,2026-05-05,DELIVERED
SHP-004957-1,ORD-004957-1,SUP-0064,2026-08-25,2026-08-25,DELIVERED
SHP-004957-2,ORD-004957-2,SUP-0064,2026-09-06,2026-09-08,IN_TRANSIT
SHP-004958-1,ORD-004958-1,SUP-0097,2026-05-31,2026-05-31,DELIVERED
SHP-004958-2,ORD-004958-2,SUP-0097,2026-05-25,2026-05-26,DELIVERED
SHP-004958-3,ORD-004958-3,SUP-0097,2026-06-02,2026-06-02,DELIVERED
SHP-004959-1,ORD-004959-1,SUP-0088,2026-02-15,2026-02-15,DELIVERED
SHP-004959-2,ORD-004959-2,SUP-0088,2026-02-15,2026-02-15,DELIVERED
SHP-004959-3,ORD-004959-3,SUP-0088,2026-02-15,2026-02-15,DELIVERED
SHP-004960-1,ORD-004960-1,SUP-0078,2026-03-03,2026-03-03,DELIVERED
SHP-004960-2,ORD-004960-2,SUP-0078,2026-02-16,2026-02-18,DELIVERED
SHP-004960-3,ORD-004960-3,SUP-0078,2026-02-28,2026-03-02,DELIVERED
SHP-004960-4,ORD-004960-4,SUP-0078,2026-02-21,2026-02-23,DELIVERED
SHP-004961-1,ORD-004961-1,SUP-0071,2026-06-29,2026-06-29,DELIVERED
SHP-004962-1,ORD-004962-1,SUP-0024,2026-02-18,2026-02-19,DELIVERED
SHP-004963-1,ORD-004963-1,SUP-0069,2026-03-14,2026-03-15,DELIVERED
SHP-004963-2,ORD-004963-2,SUP-0069,2026-03-08,2026-03-08,DELIVERED
SHP-004963-3,ORD-004963-3,SUP-0069,2026-03-19,2026-03-20,DELIVERED
SHP-004963-4,ORD-004963-4,SUP-0069,2026-03-08,2026-03-08,DELIVERED
SHP-004964-1,ORD-004964-1,SUP-0019,2026-08-27,2026-08-27,DELIVERED
SHP-004965-1,ORD-004965-1,SUP-0036,2026-08-01,2026-08-01,DELIVERED
SHP-004965-2,ORD-004965-2,SUP-0036,2026-07-31,2026-07-31,DELIVERED
SHP-004965-3,ORD-004965-3,SUP-0036,2026-08-04,2026-08-05,DELIVERED
SHP-004966-1,ORD-004966-1,SUP-0061,2026-04-01,2026-04-01,DELIVERED
SHP-004966-2,ORD-004966-2,SUP-0061,2026-04-04,2026-04-05,DELIVERED
SHP-004967-1,ORD-004967-1,SUP-0036,2026-09-11,2026-09-11,IN_TRANSIT
SHP-004968-1,ORD-004968-1,SUP-0096,2026-05-31,2026-05-31,DELIVERED
SHP-004969-1,ORD-004969-1,SUP-0120,2026-06-25,2026-06-26,DELIVERED
SHP-004969-2,ORD-004969-2,SUP-0120,2026-06-29,2026-07-01,DELIVERED
SHP-004969-3,ORD-004969-3,SUP-0120,2026-06-24,2026-06-24,DELIVERED
SHP-004969-4,ORD-004969-4,SUP-0120,2026-07-01,2026-07-02,DELIVERED
SHP-004970-1,ORD-004970-1,SUP-0036,2026-09-02,2026-09-03,IN_TRANSIT
SHP-004971-1,ORD-004971-1,SUP-0054,2026-07-13,2026-07-13,DELIVERED
SHP-004972-1,ORD-004972-1,SUP-0102,2026-02-23,2026-02-24,DELIVERED
SHP-004972-2,ORD-004972-2,SUP-0102,2026-02-21,2026-02-21,DELIVERED
SHP-004972-3,ORD-004972-3,SUP-0102,2026-03-07,2026-03-07,DELIVERED
SHP-004972-4,ORD-004972-4,SUP-0102,2026-02-23,2026-02-23,DELIVERED
SHP-004973-1,ORD-004973-1,SUP-0095,2026-01-23,2026-01-23,DELIVERED
SHP-004973-2,ORD-004973-2,SUP-0095,2026-02-10,2026-02-10,DELIVERED
SHP-004973-3,ORD-004973-3,SUP-0095,2026-01-23,2026-01-23,DELIVERED
SHP-004974-1,ORD-004974-1,SUP-0090,2026-02-15,2026-02-15,DELIVERED
SHP-004974-2,ORD-004974-2,SUP-0090,2026-01-30,2026-01-30,DELIVERED
SHP-004974-3,ORD-004974-3,SUP-0090,2026-02-08,2026-02-10,DELIVERED
SHP-004974-4,ORD-004974-4,SUP-0090,2026-02-04,2026-02-04,DELIVERED
SHP-004975-1,ORD-004975-1,SUP-0073,2026-02-08,2026-02-10,DELIVERED
SHP-004975-2,ORD-004975-2,SUP-0073,2026-02-06,2026-02-06,DELIVERED
SHP-004975-3,ORD-004975-3,SUP-0073,2026-02-11,2026-02-11,DELIVERED
SHP-004976-1,ORD-004976-1,SUP-0087,2026-07-07,2026-07-07,DELIVERED
SHP-004976-2,ORD-004976-2,SUP-0087,2026-07-08,2026-07-08,DELIVERED
SHP-004976-3,ORD-004976-3,SUP-0087,2026-07-05,2026-07-05,DELIVERED
SHP-004976-4,ORD-004976-4,SUP-0087,2026-07-02,2026-07-03,DELIVERED
SHP-004977-1,ORD-004977-1,SUP-0086,2026-05-26,2026-05-26,DELIVERED
SHP-004977-2,ORD-004977-2,SUP-0086,2026-05-20,2026-05-20,DELIVERED
SHP-004977-3,ORD-004977-3,SUP-0086,2026-05-09,2026-05-09,DELIVERED
SHP-004977-4,ORD-004977-4,SUP-0086,2026-05-25,2026-05-27,DELIVERED
SHP-004978-1,ORD-004978-1,SUP-0043,2026-07-30,2026-08-01,DELIVERED
SHP-004978-2,ORD-004978-2,SUP-0043,2026-07-25,2026-07-25,DELIVERED
SHP-004978-3,ORD-004978-3,SUP-0043,2026-07-25,2026-07-26,DELIVERED
SHP-004978-4,ORD-004978-4,SUP-0043,2026-08-08,2026-08-08,DELIVERED
SHP-004979-1,ORD-004979-1,SUP-0088,2026-02-16,2026-02-16,DELIVERED
SHP-004980-1,ORD-004980-1,SUP-0113,2026-04-25,2026-04-26,DELIVERED
SHP-004980-2,ORD-004980-2,SUP-0113,2026-04-20,2026-04-20,DELIVERED
SHP-004980-3,ORD-004980-3,SUP-0113,2026-04-26,2026-04-26,DELIVERED
SHP-004981-1,ORD-004981-1,SUP-0091,2026-08-23,2026-08-23,DELIVERED
SHP-004982-1,ORD-004982-1,SUP-0041,2026-05-02,2026-05-04,DELIVERED
SHP-004982-2,ORD-004982-2,SUP-0041,2026-05-11,2026-05-11,DELIVERED
SHP-004983-1,ORD-004983-1,SUP-0024,2026-06-02,2026-06-04,DELIVERED
SHP-004984-1,ORD-004984-1,SUP-0104,2026-05-02,2026-05-02,DELIVERED
SHP-004984-2,ORD-004984-2,SUP-0104,2026-04-25,2026-04-27,DELIVERED
SHP-004984-3,ORD-004984-3,SUP-0104,2026-04-30,2026-04-30,DELIVERED
SHP-004984-4,ORD-004984-4,SUP-0104,2026-04-11,2026-04-11,DELIVERED
SHP-004985-1,ORD-004985-1,SUP-0059,2026-08-21,2026-08-21,DELIVERED
SHP-004985-2,ORD-004985-2,SUP-0059,2026-08-06,2026-08-06,DELIVERED
SHP-004985-3,ORD-004985-3,SUP-0059,2026-08-19,2026-08-19,DELIVERED
SHP-004985-4,ORD-004985-4,SUP-0059,2026-08-07,2026-08-07,DELIVERED
SHP-004986-1,ORD-004986-1,SUP-0073,2026-03-20,2026-03-20,DELIVERED
SHP-004987-1,ORD-004987-1,SUP-0001,2026-08-12,2026-08-12,DELIVERED
SHP-004988-1,ORD-004988-1,SUP-0064,2026-06-16,2026-06-18,DELIVERED
SHP-004988-2,ORD-004988-2,SUP-0064,2026-06-17,2026-06-19,DELIVERED
SHP-004988-3,ORD-004988-3,SUP-0064,2026-07-04,2026-07-04,DELIVERED
SHP-004988-4,ORD-004988-4,SUP-0064,2026-06-29,2026-06-30,DELIVERED
SHP-004989-1,ORD-004989-1,SUP-0006,2026-04-15,2026-04-15,DELIVERED
SHP-004989-2,ORD-004989-2,SUP-0006,2026-04-23,2026-04-23,DELIVERED
SHP-004989-3,ORD-004989-3,SUP-0006,2026-04-20,2026-04-20,DELIVERED
SHP-004989-4,ORD-004989-4,SUP-0006,2026-04-24,2026-04-25,DELIVERED
SHP-004990-1,ORD-004990-1,SUP-0069,2026-09-03,2026-09-03,IN_TRANSIT
SHP-004990-2,ORD-004990-2,SUP-0069,2026-08-21,2026-08-23,DELIVERED
SHP-004990-3,ORD-004990-3,SUP-0069,2026-09-06,2026-09-06,IN_TRANSIT
SHP-004990-4,ORD-004990-4,SUP-0069,2026-08-28,2026-08-28,DELIVERED
SHP-004991-1,ORD-004991-1,SUP-0069,2026-02-10,2026-02-10,DELIVERED
SHP-004992-1,ORD-004992-1,SUP-0003,2026-05-23,2026-05-23,DELIVERED
SHP-004992-2,ORD-004992-2,SUP-0003,2026-05-16,2026-05-18,DELIVERED
SHP-004992-3,ORD-004992-3,SUP-0003,2026-06-01,2026-06-01,DELIVERED
SHP-004992-4,ORD-004992-4,SUP-0003,2026-06-03,2026-06-03,DELIVERED
SHP-004993-1,ORD-004993-1,SUP-0036,2026-03-19,2026-03-20,DELIVERED
SHP-004993-2,ORD-004993-2,SUP-0036,2026-04-03,2026-04-04,DELIVERED
SHP-004994-1,ORD-004994-1,SUP-0018,2026-06-24,2026-06-26,DELIVERED
SHP-004994-2,ORD-004994-2,SUP-0018,2026-07-03,2026-07-04,DELIVERED
SHP-004995-1,ORD-004995-1,SUP-0081,2026-06-03,2026-06-05,DELIVERED
SHP-004996-1,ORD-004996-1,SUP-0103,2026-09-18,2026-09-18,IN_TRANSIT
SHP-004997-1,ORD-004997-1,SUP-0039,2026-03-24,2026-03-24,DELIVERED
SHP-004997-2,ORD-004997-2,SUP-0039,2026-03-22,2026-03-22,DELIVERED
SHP-004997-3,ORD-004997-3,SUP-0039,2026-03-17,2026-03-17,DELIVERED
SHP-004998-1,ORD-004998-1,SUP-0064,2026-04-19,2026-04-19,DELIVERED
SHP-004999-1,ORD-004999-1,SUP-0056,2026-05-14,2026-05-14,DELIVERED
SHP-005000-1,ORD-005000-1,SUP-0085,2026-06-03,2026-06-03,DELIVERED
SHP-005000-2,ORD-005000-2,SUP-0085,2026-06-04,2026-06-04,DELIVERED
