COMMUNICATION_ID,SUPPLIER_ID,COMMUNICATION_DATE,CHANNEL,SUBJECT,CONTENT
COM-0001,SUP-0102,2026-01-08 00:00:00,EMAIL,Approved pricing update,"Following our commercial review, the revised price for PO-000011 is 43239.48 GBP. The change is effective for open orders."
COM-0001B,SUP-0102,2026-01-11 00:00:00,EMAIL,ERP synchronization follow-up,Please note that the amended pricing for contract CON-0102 may not yet be visible in the ERP purchase order.
COM-0002,SUP-0037,2026-04-08 00:00:00,EMAIL,Pricing question,We have not approved any price change for PO-000021. Please continue billing against the existing purchase order.
COM-0002B,SUP-0037,2026-04-09 00:00:00,EMAIL,Invoice dispute,The invoice submitted for PO-000021 appears higher than our agreed amount. We cannot confirm the revised price referenced in the invoice.
COM-0003,SUP-0057,2026-04-07 00:00:00,EMAIL,Annual pricing adjustment,The annual negotiated adjustment under contract CON-0057 has been approved. New price basis is 59053.44 INR.
COM-0004,SUP-0024,2026-08-20 00:00:00,EMAIL,Invoice submission,Please process invoice INV-DUP-0004 against purchase order PO-000041.
COM-0005,SUP-0024,2026-08-10 00:00:00,EMAIL,Revised delivery commitment,Shipment SHP-000041-1 will arrive five days later due to a documented carrier delay. No change to the customer allocation is expected.
COM-0005B,SUP-0024,2026-08-11 00:00:00,EMAIL,Carrier confirmation,Carrier reference confirms the revised delivery estimate for shipment SHP-000041-1.
COM-0006,SUP-0053,2026-08-12 00:00:00,EMAIL,Delivery delay notice,Shipment SHP-000081-2 is delayed due to production constraints. Current estimate is eighteen days beyond the committed date.
COM-0007,SUP-0092,2026-08-15 00:00:00,EMAIL,Payment terms,"Our invoice requests accelerated payment for INV-000071, but the active contract remains on NET30 terms."
COM-0008,SUP-0076,2026-08-25 00:00:00,EMAIL,Customer quantity change,Customer requested a quantity change for order ORD-000116-2. Please confirm the final authorized quantity before fulfillment.
COM-0101,SUP-0120,2026-03-03 00:00:00,EMAIL,Quantity confirmation,Please provide an updated delivery estimate for the current order.
COM-0102,SUP-0049,2026-04-05 00:00:00,EMAIL,Delivery update,Please confirm the expected delivery date and carrier reference.
COM-0103,SUP-0003,2026-08-22 00:00:00,PORTAL,Account reconciliation,We are reviewing the current contract terms and will follow up if clarification is required.
COM-0104,SUP-0119,2026-04-19 00:00:00,PHONE_NOTE,Monthly statement,We are reviewing pricing for the next purchasing cycle.
COM-0105,SUP-0033,2026-02-10 00:00:00,PORTAL,Order status,Attached is the latest shipping documentation for your records.
COM-0106,SUP-0053,2026-07-05 00:00:00,PHONE_NOTE,Contract review,The shipment remains on the previously communicated schedule.
COM-0107,SUP-0026,2026-04-23 00:00:00,EMAIL,Invoice submission,Please confirm the current outstanding balance for our account.
COM-0108,SUP-0023,2026-03-30 00:00:00,PHONE_NOTE,Account reconciliation,We are reviewing the current contract terms and will follow up if clarification is required.
COM-0109,SUP-0104,2026-03-13 00:00:00,PORTAL,Account reconciliation,Please confirm the current outstanding balance for our account.
COM-0110,SUP-0091,2026-04-30 00:00:00,EMAIL,Pricing discussion,We are reviewing pricing for the next purchasing cycle.
COM-0111,SUP-0020,2026-04-02 00:00:00,EMAIL,Delivery update,Please provide the required quality documentation for the shipment.
COM-0112,SUP-0073,2026-04-07 00:00:00,EMAIL,Pricing discussion,Please confirm the current outstanding balance for our account.
COM-0113,SUP-0061,2026-04-12 00:00:00,EMAIL,Invoice submission,Invoice INV-003846 has been submitted for processing against PO-003846.
COM-0114,SUP-0081,2026-07-18 00:00:00,EMAIL,Delivery schedule,We are reviewing the current contract terms and will follow up if clarification is required.
COM-0115,SUP-0090,2026-05-11 00:00:00,EMAIL,Monthly statement,Attached is the latest shipping documentation for your records.
COM-0116,SUP-0080,2026-05-12 00:00:00,PORTAL,Monthly statement,Please confirm receipt of purchase order PO-003923.
COM-0117,SUP-0065,2026-07-23 00:00:00,EMAIL,Invoice submission,Please send the latest forecast for the upcoming delivery period.
COM-0118,SUP-0007,2026-08-31 00:00:00,EMAIL,Delivery update,Please provide the required quality documentation for the shipment.
COM-0119,SUP-0043,2026-07-02 00:00:00,EMAIL,Quality documentation,Our accounts team is reconciling recent transactions.
COM-0120,SUP-0023,2026-04-21 00:00:00,PORTAL,Delivery schedule,Please confirm the expected delivery date and carrier reference.
COM-0121,SUP-0047,2026-10-17 00:00:00,PHONE_NOTE,Monthly statement,Please provide the required quality documentation for the shipment.
COM-0122,SUP-0114,2026-07-06 00:00:00,PHONE_NOTE,Payment reminder,Please confirm whether the requested quantity remains unchanged.
COM-0123,SUP-0099,2026-02-12 00:00:00,EMAIL,Delivery schedule,Invoice INV-000051 has been submitted for processing against PO-000051.
COM-0124,SUP-0047,2026-05-08 00:00:00,PORTAL,Delivery schedule,Please confirm whether the requested quantity remains unchanged.
COM-0125,SUP-0041,2026-10-27 00:00:00,EMAIL,Delivery update,Please provide the required quality documentation for the shipment.
COM-0126,SUP-0069,2026-06-23 00:00:00,PORTAL,Monthly statement,Please provide an updated delivery estimate for the current order.
COM-0127,SUP-0107,2026-04-21 00:00:00,EMAIL,Monthly statement,Please send the latest forecast for the upcoming delivery period.
COM-0128,SUP-0058,2026-04-26 00:00:00,EMAIL,Account reconciliation,Our accounts team is reconciling recent transactions.
COM-0129,SUP-0064,2026-03-29 00:00:00,EMAIL,Quantity confirmation,Attached is the latest shipping documentation for your records.
COM-0130,SUP-0074,2026-09-02 00:00:00,EMAIL,Account reconciliation,Please provide an updated delivery estimate for the current order.
COM-0131,SUP-0024,2026-08-12 00:00:00,EMAIL,Invoice submission,Please confirm the expected delivery date and carrier reference.
COM-0132,SUP-0018,2026-03-04 00:00:00,EMAIL,General account update,Please provide an updated delivery estimate for the current order.
COM-0133,SUP-0035,2026-04-01 00:00:00,PHONE_NOTE,General account update,Invoice INV-004310 has been submitted for processing against PO-004310.
COM-0134,SUP-0091,2026-11-08 00:00:00,EMAIL,Order status,Please provide an updated delivery estimate for the current order.
COM-0135,SUP-0043,2026-04-09 00:00:00,EMAIL,Quantity confirmation,The shipment remains on the previously communicated schedule.
COM-0136,SUP-0066,2026-02-11 00:00:00,EMAIL,Shipping documentation,Please confirm the current outstanding balance for our account.
COM-0137,SUP-0077,2026-06-17 00:00:00,EMAIL,Order status,Please provide an updated delivery estimate for the current order.
COM-0138,SUP-0028,2026-05-29 00:00:00,EMAIL,General account update,The shipment remains on the previously communicated schedule.
COM-0139,SUP-0107,2026-06-17 00:00:00,PHONE_NOTE,Delivery schedule,Please send the latest forecast for the upcoming delivery period.
COM-0140,SUP-0005,2026-07-04 00:00:00,PORTAL,Quality documentation,Please send the latest forecast for the upcoming delivery period.
COM-0141,SUP-0100,2026-06-25 00:00:00,PHONE_NOTE,Quantity confirmation,Please confirm the expected delivery date and carrier reference.
COM-0142,SUP-0086,2026-07-21 00:00:00,EMAIL,Monthly statement,Attached is the latest shipping documentation for your records.
COM-0143,SUP-0096,2026-06-11 00:00:00,EMAIL,Delivery schedule,Attached is the latest shipping documentation for your records.
COM-0144,SUP-0092,2026-09-17 00:00:00,EMAIL,Account reconciliation,Our accounts team is reconciling recent transactions.
COM-0145,SUP-0024,2026-03-12 00:00:00,PHONE_NOTE,Account reconciliation,Please confirm the current outstanding balance for our account.
COM-0146,SUP-0100,2026-08-18 00:00:00,EMAIL,Quality documentation,Please provide the required quality documentation for the shipment.
COM-0147,SUP-0007,2026-07-13 00:00:00,PHONE_NOTE,General account update,Please provide the required quality documentation for the shipment.
COM-0148,SUP-0057,2026-02-19 00:00:00,PHONE_NOTE,Quality documentation,Please confirm whether the requested quantity remains unchanged.
COM-0149,SUP-0027,2026-06-25 00:00:00,PHONE_NOTE,Delivery schedule,We are reviewing the current contract terms and will follow up if clarification is required.
COM-0150,SUP-0067,2026-02-03 00:00:00,EMAIL,Pricing discussion,Invoice INV-004311 has been submitted for processing against PO-004311.
COM-0151,SUP-0075,2026-07-16 00:00:00,EMAIL,Quantity confirmation,Please provide the required quality documentation for the shipment.
COM-0152,SUP-0034,2026-06-14 00:00:00,PORTAL,Account reconciliation,Please confirm receipt of purchase order PO-004377.
COM-0153,SUP-0047,2026-07-25 00:00:00,EMAIL,Quantity confirmation,Attached is the latest shipping documentation for your records.
COM-0154,SUP-0095,2026-08-04 00:00:00,PORTAL,Order status,Please confirm receipt of purchase order PO-003350.
COM-0155,SUP-0054,2026-09-05 00:00:00,PHONE_NOTE,Delivery schedule,Our accounts team is reconciling recent transactions.
COM-0156,SUP-0019,2026-04-17 00:00:00,EMAIL,Quantity confirmation,Please confirm receipt of purchase order PO-001063.
COM-0157,SUP-0035,2026-04-28 00:00:00,PORTAL,Monthly statement,Please confirm the expected delivery date and carrier reference.
COM-0158,SUP-0044,2026-03-18 00:00:00,PHONE_NOTE,Invoice submission,Please confirm the expected delivery date and carrier reference.
COM-0159,SUP-0001,2026-07-14 00:00:00,EMAIL,Shipping documentation,Please provide the required quality documentation for the shipment.
COM-0160,SUP-0080,2026-07-19 00:00:00,PHONE_NOTE,Order status,Please confirm receipt of purchase order PO-000889.
COM-0161,SUP-0060,2026-07-26 00:00:00,EMAIL,Delivery schedule,Please provide an updated delivery estimate for the current order.
COM-0162,SUP-0065,2026-05-04 00:00:00,PORTAL,Purchase order confirmation,Please confirm the current outstanding balance for our account.
COM-0163,SUP-0030,2026-11-02 00:00:00,PORTAL,Delivery update,Please confirm the current outstanding balance for our account.
COM-0164,SUP-0104,2026-04-27 00:00:00,PORTAL,Delivery update,We are reviewing pricing for the next purchasing cycle.
COM-0165,SUP-0059,2026-05-31 00:00:00,PORTAL,Account reconciliation,We are reviewing pricing for the next purchasing cycle.
COM-0166,SUP-0066,2026-01-29 00:00:00,EMAIL,Account reconciliation,The shipment remains on the previously communicated schedule.
COM-0167,SUP-0045,2026-07-02 00:00:00,PHONE_NOTE,Forecast update,Our accounts team is reconciling recent transactions.
COM-0168,SUP-0056,2026-06-16 00:00:00,PORTAL,Quantity confirmation,Please provide an updated delivery estimate for the current order.
COM-0169,SUP-0088,2026-08-05 00:00:00,PORTAL,General account update,Please send the latest forecast for the upcoming delivery period.
COM-0170,SUP-0084,2026-04-28 00:00:00,PORTAL,Account reconciliation,Please confirm the current outstanding balance for our account.
COM-0171,SUP-0026,2026-08-15 00:00:00,PORTAL,Delivery update,Attached is the latest shipping documentation for your records.
COM-0172,SUP-0022,2026-02-27 00:00:00,EMAIL,Shipping documentation,Invoice INV-000901 has been submitted for processing against PO-000901.
COM-0173,SUP-0118,2026-08-20 00:00:00,PORTAL,Delivery schedule,We are reviewing the current contract terms and will follow up if clarification is required.
COM-0174,SUP-0077,2026-07-22 00:00:00,PORTAL,Delivery schedule,We are reviewing pricing for the next purchasing cycle.
COM-0175,SUP-0024,2026-04-29 00:00:00,EMAIL,Pricing discussion,Please confirm the current outstanding balance for our account.
COM-0176,SUP-0032,2026-02-17 00:00:00,EMAIL,Delivery update,Please confirm whether the requested quantity remains unchanged.
COM-0177,SUP-0066,2026-04-15 00:00:00,PHONE_NOTE,Delivery schedule,Attached is the latest shipping documentation for your records.
COM-0178,SUP-0041,2026-03-23 00:00:00,PORTAL,Contract review,Please confirm whether the requested quantity remains unchanged.
COM-0179,SUP-0092,2026-03-29 00:00:00,PHONE_NOTE,Delivery schedule,Please provide the required quality documentation for the shipment.
COM-0180,SUP-0001,2026-05-12 00:00:00,EMAIL,Shipping documentation,Please confirm whether the requested quantity remains unchanged.
COM-0181,SUP-0080,2026-04-16 00:00:00,PHONE_NOTE,Account reconciliation,We are reviewing pricing for the next purchasing cycle.
COM-0182,SUP-0104,2026-09-04 00:00:00,PHONE_NOTE,Quantity confirmation,Please provide the required quality documentation for the shipment.
COM-0183,SUP-0085,2026-07-22 00:00:00,PHONE_NOTE,Purchase order confirmation,The shipment remains on the previously communicated schedule.
COM-0184,SUP-0077,2026-04-25 00:00:00,EMAIL,Invoice submission,Please provide an updated delivery estimate for the current order.
COM-0185,SUP-0007,2026-04-09 00:00:00,PHONE_NOTE,Contract review,Please send the latest forecast for the upcoming delivery period.
COM-0186,SUP-0049,2026-07-04 00:00:00,EMAIL,Purchase order confirmation,Please provide an updated delivery estimate for the current order.
COM-0187,SUP-0053,2026-08-12 00:00:00,EMAIL,Quantity confirmation,Please confirm receipt of purchase order PO-004632.
COM-0188,SUP-0116,2026-04-22 00:00:00,PHONE_NOTE,Shipping documentation,We are reviewing pricing for the next purchasing cycle.
COM-0189,SUP-0015,2026-09-23 00:00:00,EMAIL,Forecast update,Please provide an updated delivery estimate for the current order.
COM-0190,SUP-0027,2026-11-05 00:00:00,EMAIL,Quantity confirmation,Invoice INV-003860 has been submitted for processing against PO-003860.
COM-0191,SUP-0112,2026-08-01 00:00:00,EMAIL,Monthly statement,The shipment remains on the previously communicated schedule.
COM-0192,SUP-0086,2026-08-25 00:00:00,EMAIL,Order status,Attached is the latest shipping documentation for your records.
COM-0193,SUP-0056,2026-06-02 00:00:00,PHONE_NOTE,Invoice submission,Please send the latest forecast for the upcoming delivery period.
COM-0194,SUP-0118,2026-03-12 00:00:00,PHONE_NOTE,Order status,The shipment remains on the previously communicated schedule.
COM-0195,SUP-0107,2026-03-23 00:00:00,EMAIL,Pricing discussion,Please confirm the current outstanding balance for our account.
COM-0196,SUP-0007,2026-09-20 00:00:00,EMAIL,Purchase order confirmation,Please confirm receipt of purchase order PO-004422.
COM-0197,SUP-0014,2026-06-26 00:00:00,EMAIL,Monthly statement,Please confirm the current outstanding balance for our account.
COM-0198,SUP-0052,2026-08-27 00:00:00,PHONE_NOTE,Monthly statement,The shipment remains on the previously communicated schedule.
COM-0199,SUP-0111,2026-05-17 00:00:00,EMAIL,Delivery update,Please confirm the current outstanding balance for our account.
COM-0200,SUP-0017,2026-08-13 00:00:00,PORTAL,Quantity confirmation,Please confirm the expected delivery date and carrier reference.
COM-0201,SUP-0108,2026-08-03 00:00:00,PHONE_NOTE,Monthly statement,Please send the latest forecast for the upcoming delivery period.
COM-0202,SUP-0093,2026-07-22 00:00:00,EMAIL,Contract review,Please provide an updated delivery estimate for the current order.
COM-0203,SUP-0100,2026-03-28 00:00:00,PORTAL,Payment reminder,The shipment remains on the previously communicated schedule.
COM-0204,SUP-0040,2026-10-09 00:00:00,PHONE_NOTE,Purchase order confirmation,Please provide the required quality documentation for the shipment.
COM-0205,SUP-0011,2026-04-26 00:00:00,EMAIL,Quantity confirmation,Attached is the latest shipping documentation for your records.
COM-0206,SUP-0095,2026-04-03 00:00:00,PHONE_NOTE,Account reconciliation,Please confirm the current outstanding balance for our account.
COM-0207,SUP-0015,2026-06-27 00:00:00,PORTAL,General account update,Please confirm the current outstanding balance for our account.
COM-0208,SUP-0079,2026-04-22 00:00:00,PHONE_NOTE,Shipping documentation,Please confirm the current outstanding balance for our account.
COM-0209,SUP-0020,2026-10-09 00:00:00,PHONE_NOTE,Order status,We are reviewing pricing for the next purchasing cycle.
COM-0210,SUP-0041,2026-06-21 00:00:00,PORTAL,Shipping documentation,Please confirm receipt of purchase order PO-003018.
COM-0211,SUP-0076,2026-03-07 00:00:00,EMAIL,Order status,Please send the latest forecast for the upcoming delivery period.
COM-0212,SUP-0041,2026-09-24 00:00:00,EMAIL,General account update,Please provide the required quality documentation for the shipment.
COM-0213,SUP-0111,2026-01-10 00:00:00,EMAIL,Shipping documentation,Please send the latest forecast for the upcoming delivery period.
COM-0214,SUP-0014,2026-07-07 00:00:00,PORTAL,Delivery update,Please send the latest forecast for the upcoming delivery period.
COM-0215,SUP-0005,2026-06-24 00:00:00,EMAIL,Quality documentation,Invoice INV-001956 has been submitted for processing against PO-001956.
COM-0216,SUP-0115,2026-05-14 00:00:00,EMAIL,Purchase order confirmation,The shipment remains on the previously communicated schedule.
COM-0217,SUP-0111,2026-07-08 00:00:00,EMAIL,Invoice submission,We are reviewing the current contract terms and will follow up if clarification is required.
COM-0218,SUP-0041,2026-08-24 00:00:00,PHONE_NOTE,Pricing discussion,We are reviewing pricing for the next purchasing cycle.
COM-0219,SUP-0024,2026-06-30 00:00:00,EMAIL,General account update,Please confirm receipt of purchase order PO-000928.
COM-0220,SUP-0065,2026-06-09 00:00:00,EMAIL,Invoice submission,Attached is the latest shipping documentation for your records.
COM-0221,SUP-0079,2026-08-11 00:00:00,EMAIL,Invoice submission,Invoice INV-004798 has been submitted for processing against PO-004798.
COM-0222,SUP-0100,2026-04-22 00:00:00,PHONE_NOTE,Monthly statement,Please provide the required quality documentation for the shipment.
COM-0223,SUP-0078,2026-05-11 00:00:00,EMAIL,Purchase order confirmation,We are reviewing the current contract terms and will follow up if clarification is required.
COM-0224,SUP-0063,2026-02-10 00:00:00,PHONE_NOTE,Pricing discussion,We are reviewing the current contract terms and will follow up if clarification is required.
COM-0225,SUP-0046,2026-10-14 00:00:00,EMAIL,Forecast update,We are reviewing pricing for the next purchasing cycle.
COM-0226,SUP-0087,2026-05-30 00:00:00,EMAIL,Contract review,Please send the latest forecast for the upcoming delivery period.
COM-0227,SUP-0035,2026-08-14 00:00:00,EMAIL,General account update,Please provide the required quality documentation for the shipment.
COM-0228,SUP-0117,2026-02-18 00:00:00,EMAIL,Shipping documentation,Please provide the required quality documentation for the shipment.
COM-0229,SUP-0106,2026-08-19 00:00:00,EMAIL,Delivery schedule,Attached is the latest shipping documentation for your records.
COM-0230,SUP-0045,2026-06-03 00:00:00,PHONE_NOTE,Forecast update,We are reviewing the current contract terms and will follow up if clarification is required.
COM-0231,SUP-0118,2026-05-25 00:00:00,EMAIL,Delivery update,We are reviewing pricing for the next purchasing cycle.
COM-0232,SUP-0093,2026-05-20 00:00:00,PORTAL,Quantity confirmation,Please confirm whether the requested quantity remains unchanged.
COM-0233,SUP-0067,2026-04-11 00:00:00,PORTAL,Delivery update,Please confirm the expected delivery date and carrier reference.
COM-0234,SUP-0110,2026-03-21 00:00:00,EMAIL,Delivery schedule,Please confirm the current outstanding balance for our account.
COM-0235,SUP-0003,2026-06-30 00:00:00,EMAIL,Quality documentation,Please confirm the expected delivery date and carrier reference.
COM-0236,SUP-0012,2026-09-01 00:00:00,EMAIL,Order status,Attached is the latest shipping documentation for your records.
COM-0237,SUP-0067,2026-06-28 00:00:00,PHONE_NOTE,Contract review,We are reviewing pricing for the next purchasing cycle.
COM-0238,SUP-0049,2026-06-14 00:00:00,EMAIL,Account reconciliation,Attached is the latest shipping documentation for your records.
COM-0239,SUP-0019,2026-06-04 00:00:00,PHONE_NOTE,Order status,Please confirm receipt of purchase order PO-004724.
COM-0240,SUP-0106,2026-03-06 00:00:00,EMAIL,General account update,Attached is the latest shipping documentation for your records.
COM-0241,SUP-0071,2026-02-27 00:00:00,EMAIL,Invoice submission,Please provide the required quality documentation for the shipment.
COM-0242,SUP-0040,2026-08-16 00:00:00,PHONE_NOTE,Forecast update,Please confirm receipt of purchase order PO-004703.
COM-0243,SUP-0073,2026-09-28 00:00:00,EMAIL,Purchase order confirmation,Please confirm whether the requested quantity remains unchanged.
COM-0244,SUP-0113,2026-08-07 00:00:00,EMAIL,Invoice submission,Please confirm the expected delivery date and carrier reference.
COM-0245,SUP-0056,2026-02-12 00:00:00,EMAIL,Delivery schedule,We are reviewing the current contract terms and will follow up if clarification is required.
COM-0246,SUP-0095,2026-09-13 00:00:00,PHONE_NOTE,Delivery update,Please confirm the current outstanding balance for our account.
COM-0247,SUP-0032,2026-06-13 00:00:00,PHONE_NOTE,Contract review,Please provide the required quality documentation for the shipment.
COM-0248,SUP-0077,2026-06-12 00:00:00,EMAIL,Shipping documentation,Our accounts team is reconciling recent transactions.
COM-0249,SUP-0059,2026-08-06 00:00:00,EMAIL,Monthly statement,Please confirm the current outstanding balance for our account.
COM-0250,SUP-0032,2026-08-15 00:00:00,PORTAL,Forecast update,Invoice INV-001773 has been submitted for processing against PO-001773.
COM-0251,SUP-0087,2026-04-04 00:00:00,EMAIL,Monthly statement,Attached is the latest shipping documentation for your records.
COM-0252,SUP-0005,2026-07-17 00:00:00,PORTAL,General account update,We are reviewing pricing for the next purchasing cycle.
COM-0253,SUP-0071,2026-10-02 00:00:00,EMAIL,Delivery schedule,Invoice INV-004812 has been submitted for processing against PO-004812.
COM-0254,SUP-0110,2026-09-23 00:00:00,PORTAL,Pricing discussion,Attached is the latest shipping documentation for your records.
COM-0255,SUP-0097,2026-08-08 00:00:00,PORTAL,Account reconciliation,Please confirm the expected delivery date and carrier reference.
COM-0256,SUP-0009,2026-07-28 00:00:00,PORTAL,Invoice submission,Attached is the latest shipping documentation for your records.
COM-0257,SUP-0111,2026-06-12 00:00:00,EMAIL,Shipping documentation,Attached is the latest shipping documentation for your records.
COM-0258,SUP-0057,2026-10-25 00:00:00,PHONE_NOTE,Quantity confirmation,We are reviewing the current contract terms and will follow up if clarification is required.
COM-0259,SUP-0041,2026-03-11 00:00:00,EMAIL,Quality documentation,Our accounts team is reconciling recent transactions.
COM-0260,SUP-0108,2026-04-20 00:00:00,EMAIL,Account reconciliation,Please confirm the current outstanding balance for our account.
COM-0261,SUP-0038,2026-06-08 00:00:00,EMAIL,Delivery update,The shipment remains on the previously communicated schedule.
COM-0262,SUP-0111,2026-06-13 00:00:00,PHONE_NOTE,Account reconciliation,Please provide the required quality documentation for the shipment.
COM-0263,SUP-0046,2026-06-09 00:00:00,PHONE_NOTE,Forecast update,Please send the latest forecast for the upcoming delivery period.
COM-0264,SUP-0026,2026-07-02 00:00:00,PORTAL,Invoice submission,The shipment remains on the previously communicated schedule.
COM-0265,SUP-0045,2026-04-15 00:00:00,PORTAL,Forecast update,We are reviewing pricing for the next purchasing cycle.
COM-0266,SUP-0053,2026-10-25 00:00:00,PHONE_NOTE,Contract review,The shipment remains on the previously communicated schedule.
COM-0267,SUP-0058,2026-06-29 00:00:00,EMAIL,Pricing discussion,Attached is the latest shipping documentation for your records.
COM-0268,SUP-0010,2026-10-06 00:00:00,EMAIL,Quantity confirmation,Attached is the latest shipping documentation for your records.
COM-0269,SUP-0091,2026-08-13 00:00:00,PHONE_NOTE,Shipping documentation,We are reviewing the current contract terms and will follow up if clarification is required.
COM-0270,SUP-0088,2026-04-25 00:00:00,EMAIL,Quantity confirmation,Please provide an updated delivery estimate for the current order.
COM-0271,SUP-0008,2026-02-16 00:00:00,PHONE_NOTE,Invoice submission,Please provide the required quality documentation for the shipment.
COM-0272,SUP-0100,2026-03-12 00:00:00,EMAIL,Quality documentation,Our accounts team is reconciling recent transactions.
COM-0273,SUP-0042,2026-07-04 00:00:00,EMAIL,Monthly statement,Please send the latest forecast for the upcoming delivery period.
COM-0274,SUP-0057,2026-09-25 00:00:00,PORTAL,Delivery schedule,Please provide the required quality documentation for the shipment.
COM-0275,SUP-0007,2026-06-11 00:00:00,EMAIL,Payment reminder,Please provide an updated delivery estimate for the current order.
COM-0276,SUP-0063,2026-05-21 00:00:00,EMAIL,Account reconciliation,Our accounts team is reconciling recent transactions.
COM-0277,SUP-0029,2026-04-15 00:00:00,EMAIL,Delivery update,Please confirm the current outstanding balance for our account.
COM-0278,SUP-0066,2026-05-23 00:00:00,EMAIL,Payment reminder,Please confirm the current outstanding balance for our account.
COM-0279,SUP-0080,2026-08-13 00:00:00,EMAIL,Invoice submission,Please provide an updated delivery estimate for the current order.
COM-0280,SUP-0094,2026-05-13 00:00:00,PORTAL,Delivery update,Please provide the required quality documentation for the shipment.
COM-0281,SUP-0028,2026-04-05 00:00:00,EMAIL,Pricing discussion,The shipment remains on the previously communicated schedule.
COM-0282,SUP-0029,2026-09-06 00:00:00,PORTAL,Quality documentation,Please send the latest forecast for the upcoming delivery period.
COM-0283,SUP-0035,2026-08-29 00:00:00,EMAIL,Purchase order confirmation,We are reviewing the current contract terms and will follow up if clarification is required.
COM-0284,SUP-0026,2026-02-21 00:00:00,PHONE_NOTE,Monthly statement,Please send the latest forecast for the upcoming delivery period.
COM-0285,SUP-0008,2026-02-22 00:00:00,EMAIL,Payment reminder,Please provide the required quality documentation for the shipment.
COM-0286,SUP-0006,2026-10-26 00:00:00,PORTAL,Delivery schedule,Please provide an updated delivery estimate for the current order.
COM-0287,SUP-0098,2026-04-25 00:00:00,PORTAL,Monthly statement,Please confirm the current outstanding balance for our account.
COM-0288,SUP-0079,2026-07-09 00:00:00,EMAIL,Account reconciliation,We are reviewing pricing for the next purchasing cycle.
COM-0289,SUP-0102,2026-09-04 00:00:00,EMAIL,Quality documentation,Please provide the required quality documentation for the shipment.
COM-0290,SUP-0114,2026-04-09 00:00:00,EMAIL,Order status,Please confirm the expected delivery date and carrier reference.
COM-0291,SUP-0067,2026-05-31 00:00:00,EMAIL,Order status,Please provide an updated delivery estimate for the current order.
COM-0292,SUP-0011,2026-08-12 00:00:00,PHONE_NOTE,Delivery schedule,Invoice INV-004140 has been submitted for processing against PO-004140.
COM-0293,SUP-0022,2026-03-03 00:00:00,EMAIL,Contract review,Please confirm whether the requested quantity remains unchanged.
COM-0294,SUP-0076,2026-08-21 00:00:00,PHONE_NOTE,Quantity confirmation,Please send the latest forecast for the upcoming delivery period.
COM-0295,SUP-0017,2026-05-09 00:00:00,PORTAL,Order status,Please confirm the expected delivery date and carrier reference.
COM-0296,SUP-0063,2026-09-04 00:00:00,EMAIL,Purchase order confirmation,Please provide an updated delivery estimate for the current order.
COM-0297,SUP-0063,2026-04-22 00:00:00,EMAIL,Order status,Please confirm receipt of purchase order PO-002145.
COM-0298,SUP-0107,2026-06-04 00:00:00,PORTAL,Monthly statement,Please provide an updated delivery estimate for the current order.
COM-0299,SUP-0114,2026-03-15 00:00:00,EMAIL,Shipping documentation,Please confirm the expected delivery date and carrier reference.
COM-0300,SUP-0011,2026-10-17 00:00:00,PHONE_NOTE,Monthly statement,Attached is the latest shipping documentation for your records.
COM-0301,SUP-0006,2026-10-29 00:00:00,PORTAL,Delivery schedule,Please send the latest forecast for the upcoming delivery period.
COM-0302,SUP-0058,2026-08-05 00:00:00,EMAIL,Monthly statement,Please confirm whether the requested quantity remains unchanged.
COM-0303,SUP-0099,2026-02-24 00:00:00,EMAIL,Order status,Please confirm whether the requested quantity remains unchanged.
COM-0304,SUP-0055,2026-08-09 00:00:00,EMAIL,Account reconciliation,Our accounts team is reconciling recent transactions.
COM-0305,SUP-0101,2026-03-12 00:00:00,EMAIL,Monthly statement,Please confirm receipt of purchase order PO-003137.
COM-0306,SUP-0029,2026-10-12 00:00:00,EMAIL,Pricing discussion,We are reviewing the current contract terms and will follow up if clarification is required.
COM-0307,SUP-0113,2026-08-30 00:00:00,EMAIL,Purchase order confirmation,We are reviewing the current contract terms and will follow up if clarification is required.
COM-0308,SUP-0043,2026-06-17 00:00:00,EMAIL,Shipping documentation,Please provide an updated delivery estimate for the current order.
COM-0309,SUP-0074,2026-02-17 00:00:00,EMAIL,Delivery update,Please provide an updated delivery estimate for the current order.
COM-0310,SUP-0102,2026-04-15 00:00:00,PHONE_NOTE,Forecast update,We are reviewing pricing for the next purchasing cycle.
COM-0311,SUP-0040,2026-04-15 00:00:00,EMAIL,Invoice submission,Attached is the latest shipping documentation for your records.
COM-0312,SUP-0036,2026-08-17 00:00:00,EMAIL,Invoice submission,Please provide an updated delivery estimate for the current order.
COM-0313,SUP-0090,2026-05-30 00:00:00,PHONE_NOTE,Shipping documentation,Please confirm receipt of purchase order PO-003081.
COM-0314,SUP-0024,2026-02-14 00:00:00,EMAIL,Shipping documentation,Please provide the required quality documentation for the shipment.
COM-0315,SUP-0109,2026-04-06 00:00:00,PORTAL,Invoice submission,Please send the latest forecast for the upcoming delivery period.
COM-0316,SUP-0066,2026-09-29 00:00:00,PHONE_NOTE,Pricing discussion,Please confirm whether the requested quantity remains unchanged.
COM-0317,SUP-0108,2026-07-31 00:00:00,EMAIL,Invoice submission,Invoice INV-003852 has been submitted for processing against PO-003852.
COM-0318,SUP-0112,2026-04-15 00:00:00,EMAIL,Monthly statement,Our accounts team is reconciling recent transactions.
COM-0319,SUP-0026,2026-05-31 00:00:00,PHONE_NOTE,General account update,The shipment remains on the previously communicated schedule.
COM-0320,SUP-0024,2026-03-10 00:00:00,PHONE_NOTE,Order status,Invoice INV-002984 has been submitted for processing against PO-002984.
COM-0321,SUP-0078,2026-06-03 00:00:00,PORTAL,General account update,Please provide an updated delivery estimate for the current order.
COM-0322,SUP-0073,2026-04-27 00:00:00,PORTAL,Account reconciliation,Invoice INV-000687 has been submitted for processing against PO-000687.
COM-0323,SUP-0070,2026-01-12 00:00:00,EMAIL,Account reconciliation,Invoice INV-001236 has been submitted for processing against PO-001236.
COM-0324,SUP-0116,2026-06-26 00:00:00,PHONE_NOTE,Pricing discussion,Please confirm whether the requested quantity remains unchanged.
COM-0325,SUP-0060,2026-09-07 00:00:00,EMAIL,Purchase order confirmation,Please confirm the expected delivery date and carrier reference.
COM-0326,SUP-0120,2026-07-03 00:00:00,PHONE_NOTE,Order status,The shipment remains on the previously communicated schedule.
COM-0327,SUP-0077,2026-10-19 00:00:00,EMAIL,Pricing discussion,We are reviewing pricing for the next purchasing cycle.
COM-0328,SUP-0010,2026-07-31 00:00:00,EMAIL,Quality documentation,Our accounts team is reconciling recent transactions.
COM-0329,SUP-0052,2026-09-06 00:00:00,PORTAL,Payment reminder,Please confirm the expected delivery date and carrier reference.
COM-0330,SUP-0066,2026-09-27 00:00:00,PHONE_NOTE,Contract review,Please send the latest forecast for the upcoming delivery period.
COM-0331,SUP-0090,2026-08-10 00:00:00,PORTAL,Contract review,The shipment remains on the previously communicated schedule.
COM-0332,SUP-0113,2026-03-12 00:00:00,PHONE_NOTE,Order status,Please send the latest forecast for the upcoming delivery period.
COM-0333,SUP-0090,2026-06-15 00:00:00,EMAIL,Payment reminder,Please provide the required quality documentation for the shipment.
COM-0334,SUP-0098,2026-08-26 00:00:00,EMAIL,Account reconciliation,Attached is the latest shipping documentation for your records.
COM-0335,SUP-0011,2026-04-23 00:00:00,PHONE_NOTE,Delivery schedule,Please provide the required quality documentation for the shipment.
COM-0336,SUP-0024,2026-06-06 00:00:00,PHONE_NOTE,Quality documentation,Attached is the latest shipping documentation for your records.
COM-0337,SUP-0047,2026-10-01 00:00:00,PHONE_NOTE,Payment reminder,Please send the latest forecast for the upcoming delivery period.
COM-0338,SUP-0096,2026-03-01 00:00:00,PHONE_NOTE,Shipping documentation,The shipment remains on the previously communicated schedule.
COM-0339,SUP-0085,2026-01-29 00:00:00,EMAIL,Forecast update,Please confirm the current outstanding balance for our account.
COM-0340,SUP-0066,2026-11-01 00:00:00,PORTAL,Delivery update,Please confirm whether the requested quantity remains unchanged.
COM-0341,SUP-0087,2026-08-08 00:00:00,EMAIL,Purchase order confirmation,Please confirm receipt of purchase order PO-002368.
COM-0342,SUP-0095,2026-05-18 00:00:00,EMAIL,General account update,Please send the latest forecast for the upcoming delivery period.
COM-0343,SUP-0013,2026-01-27 00:00:00,EMAIL,Pricing discussion,Our accounts team is reconciling recent transactions.
COM-0344,SUP-0115,2026-03-03 00:00:00,EMAIL,Shipping documentation,We are reviewing pricing for the next purchasing cycle.
COM-0345,SUP-0026,2026-07-21 00:00:00,EMAIL,Account reconciliation,The shipment remains on the previously communicated schedule.
COM-0346,SUP-0107,2026-09-04 00:00:00,EMAIL,Contract review,Our accounts team is reconciling recent transactions.
COM-0347,SUP-0102,2026-09-09 00:00:00,EMAIL,Purchase order confirmation,Attached is the latest shipping documentation for your records.
COM-0348,SUP-0103,2026-07-14 00:00:00,EMAIL,Pricing discussion,Invoice INV-004971 has been submitted for processing against PO-004971.
COM-0349,SUP-0020,2026-03-22 00:00:00,EMAIL,Quality documentation,Our accounts team is reconciling recent transactions.
COM-0350,SUP-0053,2026-03-24 00:00:00,EMAIL,Quality documentation,Please confirm receipt of purchase order PO-004356.
COM-0351,SUP-0097,2026-05-02 00:00:00,EMAIL,Contract review,Please confirm whether the requested quantity remains unchanged.
COM-0352,SUP-0074,2026-03-13 00:00:00,EMAIL,Invoice submission,Attached is the latest shipping documentation for your records.
COM-0353,SUP-0030,2026-06-15 00:00:00,EMAIL,Payment reminder,Our accounts team is reconciling recent transactions.
COM-0354,SUP-0094,2026-03-29 00:00:00,EMAIL,Order status,Please provide the required quality documentation for the shipment.
COM-0355,SUP-0084,2026-08-31 00:00:00,EMAIL,Pricing discussion,Please confirm the current outstanding balance for our account.
COM-0356,SUP-0022,2026-06-14 00:00:00,EMAIL,Account reconciliation,We are reviewing the current contract terms and will follow up if clarification is required.
COM-0357,SUP-0071,2026-02-21 00:00:00,PORTAL,Order status,Please provide an updated delivery estimate for the current order.
COM-0358,SUP-0119,2026-06-10 00:00:00,PORTAL,Purchase order confirmation,We are reviewing pricing for the next purchasing cycle.
COM-0359,SUP-0090,2026-05-21 00:00:00,PORTAL,Shipping documentation,We are reviewing pricing for the next purchasing cycle.
COM-0360,SUP-0102,2026-05-14 00:00:00,EMAIL,Shipping documentation,Our accounts team is reconciling recent transactions.
COM-0361,SUP-0028,2026-03-16 00:00:00,PORTAL,Quality documentation,We are reviewing the current contract terms and will follow up if clarification is required.
COM-0362,SUP-0041,2026-04-17 00:00:00,PHONE_NOTE,Monthly statement,We are reviewing the current contract terms and will follow up if clarification is required.
COM-0363,SUP-0040,2026-07-29 00:00:00,PHONE_NOTE,Quantity confirmation,Our accounts team is reconciling recent transactions.
COM-0364,SUP-0048,2026-03-15 00:00:00,EMAIL,Monthly statement,Attached is the latest shipping documentation for your records.
COM-0365,SUP-0061,2026-06-02 00:00:00,PHONE_NOTE,Delivery update,Our accounts team is reconciling recent transactions.
COM-0366,SUP-0008,2026-04-07 00:00:00,PHONE_NOTE,Delivery update,Please confirm receipt of purchase order PO-002276.
COM-0367,SUP-0016,2026-06-14 00:00:00,PHONE_NOTE,Invoice submission,Please provide the required quality documentation for the shipment.
COM-0368,SUP-0093,2026-08-31 00:00:00,PHONE_NOTE,Pricing discussion,Attached is the latest shipping documentation for your records.
COM-0369,SUP-0074,2026-02-19 00:00:00,PORTAL,Purchase order confirmation,Please send the latest forecast for the upcoming delivery period.
COM-0370,SUP-0026,2026-03-22 00:00:00,PORTAL,General account update,Please provide an updated delivery estimate for the current order.
COM-0371,SUP-0014,2026-03-22 00:00:00,PHONE_NOTE,Account reconciliation,Please confirm receipt of purchase order PO-003697.
COM-0372,SUP-0071,2026-09-16 00:00:00,EMAIL,Shipping documentation,Our accounts team is reconciling recent transactions.
COM-0373,SUP-0120,2026-01-25 00:00:00,PORTAL,Monthly statement,Please confirm whether the requested quantity remains unchanged.
COM-0374,SUP-0019,2026-05-25 00:00:00,PHONE_NOTE,Payment reminder,Attached is the latest shipping documentation for your records.
COM-0375,SUP-0041,2026-06-18 00:00:00,PHONE_NOTE,Pricing discussion,Please provide the required quality documentation for the shipment.
COM-0376,SUP-0063,2026-09-14 00:00:00,EMAIL,Delivery update,We are reviewing the current contract terms and will follow up if clarification is required.
COM-0377,SUP-0006,2026-03-29 00:00:00,PHONE_NOTE,Shipping documentation,We are reviewing the current contract terms and will follow up if clarification is required.
COM-0378,SUP-0072,2026-06-13 00:00:00,PHONE_NOTE,Invoice submission,Our accounts team is reconciling recent transactions.
COM-0379,SUP-0113,2026-02-07 00:00:00,PHONE_NOTE,Monthly statement,The shipment remains on the previously communicated schedule.
COM-0380,SUP-0044,2026-07-16 00:00:00,PHONE_NOTE,Shipping documentation,Please provide an updated delivery estimate for the current order.
COM-0381,SUP-0079,2026-02-05 00:00:00,PHONE_NOTE,Shipping documentation,We are reviewing pricing for the next purchasing cycle.
COM-0382,SUP-0110,2026-11-13 00:00:00,PORTAL,Account reconciliation,We are reviewing pricing for the next purchasing cycle.
COM-0383,SUP-0045,2026-03-07 00:00:00,EMAIL,Pricing discussion,Please confirm the current outstanding balance for our account.
COM-0384,SUP-0032,2026-04-19 00:00:00,PHONE_NOTE,Account reconciliation,Please provide an updated delivery estimate for the current order.
COM-0385,SUP-0020,2026-10-26 00:00:00,PHONE_NOTE,Contract review,Attached is the latest shipping documentation for your records.
COM-0386,SUP-0053,2026-10-01 00:00:00,EMAIL,Monthly statement,Please confirm receipt of purchase order PO-003326.
COM-0387,SUP-0072,2026-03-31 00:00:00,PORTAL,Invoice submission,We are reviewing pricing for the next purchasing cycle.
COM-0388,SUP-0104,2026-03-24 00:00:00,EMAIL,Payment reminder,We are reviewing the current contract terms and will follow up if clarification is required.
COM-0389,SUP-0111,2026-08-28 00:00:00,PORTAL,Pricing discussion,We are reviewing the current contract terms and will follow up if clarification is required.
COM-0390,SUP-0100,2026-08-25 00:00:00,EMAIL,Forecast update,Attached is the latest shipping documentation for your records.
COM-0391,SUP-0012,2026-08-12 00:00:00,PORTAL,Purchase order confirmation,Our accounts team is reconciling recent transactions.
COM-0392,SUP-0082,2026-08-28 00:00:00,PORTAL,Shipping documentation,Please provide an updated delivery estimate for the current order.
COM-0393,SUP-0052,2026-07-28 00:00:00,PORTAL,Order status,Please confirm receipt of purchase order PO-003599.
COM-0394,SUP-0042,2026-02-11 00:00:00,PHONE_NOTE,Order status,We are reviewing pricing for the next purchasing cycle.
COM-0395,SUP-0100,2026-03-03 00:00:00,PHONE_NOTE,Account reconciliation,Attached is the latest shipping documentation for your records.
COM-0396,SUP-0040,2026-08-30 00:00:00,PHONE_NOTE,Purchase order confirmation,We are reviewing pricing for the next purchasing cycle.
COM-0397,SUP-0096,2026-05-16 00:00:00,EMAIL,Forecast update,Please provide the required quality documentation for the shipment.
COM-0398,SUP-0066,2026-10-07 00:00:00,PHONE_NOTE,Invoice submission,Please confirm whether the requested quantity remains unchanged.
COM-0399,SUP-0016,2026-10-14 00:00:00,EMAIL,Delivery schedule,Please confirm whether the requested quantity remains unchanged.
COM-0400,SUP-0115,2026-09-20 00:00:00,EMAIL,Payment reminder,Please send the latest forecast for the upcoming delivery period.
COM-0401,SUP-0051,2026-04-17 00:00:00,EMAIL,Contract review,We are reviewing pricing for the next purchasing cycle.
COM-0402,SUP-0103,2026-07-31 00:00:00,PHONE_NOTE,Delivery update,We are reviewing pricing for the next purchasing cycle.
COM-0403,SUP-0101,2026-04-10 00:00:00,EMAIL,Pricing discussion,The shipment remains on the previously communicated schedule.
COM-0404,SUP-0074,2026-03-12 00:00:00,PHONE_NOTE,Pricing discussion,The shipment remains on the previously communicated schedule.
COM-0405,SUP-0054,2026-06-04 00:00:00,EMAIL,Quantity confirmation,Please provide an updated delivery estimate for the current order.
COM-0406,SUP-0081,2026-09-13 00:00:00,EMAIL,Order status,We are reviewing pricing for the next purchasing cycle.
COM-0407,SUP-0080,2026-08-19 00:00:00,EMAIL,Purchase order confirmation,Please provide an updated delivery estimate for the current order.
COM-0408,SUP-0003,2026-02-08 00:00:00,EMAIL,Contract review,Please confirm receipt of purchase order PO-000746.
COM-0409,SUP-0106,2026-03-29 00:00:00,PORTAL,Payment reminder,Please confirm the current outstanding balance for our account.
COM-0410,SUP-0001,2026-10-01 00:00:00,PHONE_NOTE,Purchase order confirmation,Attached is the latest shipping documentation for your records.
COM-0411,SUP-0017,2026-10-01 00:00:00,PORTAL,Quantity confirmation,Please provide an updated delivery estimate for the current order.
COM-0412,SUP-0020,2026-06-11 00:00:00,PHONE_NOTE,Purchase order confirmation,We are reviewing the current contract terms and will follow up if clarification is required.
COM-0413,SUP-0115,2026-10-10 00:00:00,EMAIL,Monthly statement,Please confirm the expected delivery date and carrier reference.
COM-0414,SUP-0041,2026-04-16 00:00:00,EMAIL,Forecast update,Please provide an updated delivery estimate for the current order.
COM-0415,SUP-0119,2026-02-01 00:00:00,EMAIL,Shipping documentation,The shipment remains on the previously communicated schedule.
COM-0416,SUP-0088,2026-02-22 00:00:00,PORTAL,Shipping documentation,Attached is the latest shipping documentation for your records.
COM-0417,SUP-0119,2026-05-23 00:00:00,EMAIL,Shipping documentation,Please confirm the current outstanding balance for our account.
COM-0418,SUP-0019,2026-03-06 00:00:00,EMAIL,Quality documentation,Please confirm the expected delivery date and carrier reference.
COM-0419,SUP-0120,2026-03-07 00:00:00,EMAIL,Account reconciliation,The shipment remains on the previously communicated schedule.
COM-0420,SUP-0015,2026-04-08 00:00:00,EMAIL,Purchase order confirmation,Please send the latest forecast for the upcoming delivery period.
COM-0421,SUP-0108,2026-07-08 00:00:00,PORTAL,Account reconciliation,We are reviewing pricing for the next purchasing cycle.
COM-0422,SUP-0075,2026-03-04 00:00:00,PORTAL,Invoice submission,We are reviewing the current contract terms and will follow up if clarification is required.
COM-0423,SUP-0067,2026-06-28 00:00:00,EMAIL,Delivery update,We are reviewing the current contract terms and will follow up if clarification is required.
COM-0424,SUP-0114,2026-08-31 00:00:00,EMAIL,Pricing discussion,Please confirm the expected delivery date and carrier reference.
COM-0425,SUP-0060,2026-06-27 00:00:00,EMAIL,Pricing discussion,Please provide the required quality documentation for the shipment.
COM-0426,SUP-0083,2026-05-26 00:00:00,PORTAL,Invoice submission,Please confirm whether the requested quantity remains unchanged.
COM-0427,SUP-0005,2026-07-25 00:00:00,EMAIL,General account update,The shipment remains on the previously communicated schedule.
COM-0428,SUP-0112,2026-05-02 00:00:00,PORTAL,Delivery update,Please send the latest forecast for the upcoming delivery period.
COM-0429,SUP-0012,2026-07-23 00:00:00,PHONE_NOTE,Delivery update,Our accounts team is reconciling recent transactions.
COM-0430,SUP-0034,2026-05-06 00:00:00,PHONE_NOTE,Shipping documentation,Please confirm whether the requested quantity remains unchanged.
COM-0431,SUP-0060,2026-04-25 00:00:00,EMAIL,Quality documentation,Please confirm receipt of purchase order PO-000957.
COM-0432,SUP-0025,2026-07-28 00:00:00,PHONE_NOTE,Forecast update,Please provide an updated delivery estimate for the current order.
COM-0433,SUP-0068,2026-04-10 00:00:00,PHONE_NOTE,Delivery schedule,Please provide the required quality documentation for the shipment.
COM-0434,SUP-0004,2026-04-05 00:00:00,EMAIL,Payment reminder,The shipment remains on the previously communicated schedule.
COM-0435,SUP-0117,2026-06-01 00:00:00,EMAIL,General account update,Please provide an updated delivery estimate for the current order.
COM-0436,SUP-0094,2026-05-23 00:00:00,EMAIL,Contract review,Please confirm the expected delivery date and carrier reference.
COM-0437,SUP-0070,2026-02-19 00:00:00,EMAIL,Quality documentation,Our accounts team is reconciling recent transactions.
COM-0438,SUP-0064,2026-05-28 00:00:00,PORTAL,Account reconciliation,Please provide the required quality documentation for the shipment.
COM-0439,SUP-0102,2026-06-25 00:00:00,PORTAL,Invoice submission,Please provide an updated delivery estimate for the current order.
COM-0440,SUP-0081,2026-05-23 00:00:00,PHONE_NOTE,Monthly statement,We are reviewing pricing for the next purchasing cycle.
COM-0441,SUP-0104,2026-05-06 00:00:00,PHONE_NOTE,Order status,Please confirm whether the requested quantity remains unchanged.
COM-0442,SUP-0068,2026-09-05 00:00:00,EMAIL,Contract review,The shipment remains on the previously communicated schedule.
COM-0443,SUP-0037,2026-02-11 00:00:00,EMAIL,Forecast update,We are reviewing the current contract terms and will follow up if clarification is required.
COM-0444,SUP-0042,2026-03-13 00:00:00,EMAIL,Delivery update,Attached is the latest shipping documentation for your records.
COM-0445,SUP-0107,2026-10-01 00:00:00,EMAIL,Delivery update,We are reviewing pricing for the next purchasing cycle.
COM-0446,SUP-0079,2026-02-05 00:00:00,PHONE_NOTE,Pricing discussion,Please confirm the current outstanding balance for our account.
COM-0447,SUP-0088,2026-07-29 00:00:00,PHONE_NOTE,Monthly statement,Please confirm the expected delivery date and carrier reference.
COM-0448,SUP-0041,2026-06-23 00:00:00,PHONE_NOTE,Shipping documentation,Please confirm receipt of purchase order PO-004640.
COM-0449,SUP-0069,2026-09-16 00:00:00,EMAIL,Forecast update,Please provide the required quality documentation for the shipment.
COM-0450,SUP-0022,2026-02-26 00:00:00,EMAIL,Contract review,The shipment remains on the previously communicated schedule.
COM-0451,SUP-0112,2026-08-22 00:00:00,PORTAL,Delivery update,We are reviewing pricing for the next purchasing cycle.
COM-0452,SUP-0066,2026-05-13 00:00:00,EMAIL,Pricing discussion,We are reviewing the current contract terms and will follow up if clarification is required.
COM-0453,SUP-0051,2026-09-21 00:00:00,PORTAL,Delivery schedule,Invoice INV-000428 has been submitted for processing against PO-000428.
COM-0454,SUP-0006,2026-05-01 00:00:00,PORTAL,Invoice submission,Our accounts team is reconciling recent transactions.
COM-0455,SUP-0058,2026-04-09 00:00:00,PHONE_NOTE,Purchase order confirmation,Our accounts team is reconciling recent transactions.
COM-0456,SUP-0038,2026-06-08 00:00:00,EMAIL,Delivery update,Please confirm the current outstanding balance for our account.
COM-0457,SUP-0039,2026-06-10 00:00:00,EMAIL,General account update,Please confirm the expected delivery date and carrier reference.
COM-0458,SUP-0011,2026-06-09 00:00:00,PORTAL,Purchase order confirmation,Please confirm whether the requested quantity remains unchanged.
COM-0459,SUP-0041,2026-09-14 00:00:00,PORTAL,Payment reminder,We are reviewing pricing for the next purchasing cycle.
COM-0460,SUP-0053,2026-02-17 00:00:00,EMAIL,Payment reminder,Please confirm receipt of purchase order PO-004819.
COM-0461,SUP-0029,2026-02-26 00:00:00,PHONE_NOTE,Account reconciliation,Please send the latest forecast for the upcoming delivery period.
COM-0462,SUP-0117,2026-08-24 00:00:00,EMAIL,Forecast update,Please confirm the current outstanding balance for our account.
COM-0463,SUP-0090,2026-09-25 00:00:00,EMAIL,General account update,Please confirm the expected delivery date and carrier reference.
COM-0464,SUP-0120,2026-04-13 00:00:00,PORTAL,General account update,Please provide an updated delivery estimate for the current order.
COM-0465,SUP-0066,2026-02-17 00:00:00,EMAIL,Monthly statement,Please provide the required quality documentation for the shipment.
COM-0466,SUP-0019,2026-05-02 00:00:00,EMAIL,Quality documentation,Please provide an updated delivery estimate for the current order.
COM-0467,SUP-0041,2026-06-12 00:00:00,PORTAL,Contract review,Please confirm the expected delivery date and carrier reference.
COM-0468,SUP-0011,2026-03-18 00:00:00,PHONE_NOTE,Delivery schedule,Please confirm receipt of purchase order PO-000790.
COM-0469,SUP-0067,2026-05-21 00:00:00,EMAIL,Purchase order confirmation,Please provide the required quality documentation for the shipment.
COM-0470,SUP-0050,2026-11-11 00:00:00,EMAIL,Payment reminder,The shipment remains on the previously communicated schedule.
COM-0471,SUP-0074,2026-05-21 00:00:00,EMAIL,Delivery update,Please confirm receipt of purchase order PO-005000.
COM-0472,SUP-0009,2026-04-04 00:00:00,EMAIL,Monthly statement,We are reviewing pricing for the next purchasing cycle.
COM-0473,SUP-0107,2026-05-26 00:00:00,EMAIL,Quality documentation,We are reviewing pricing for the next purchasing cycle.
COM-0474,SUP-0095,2026-06-26 00:00:00,PORTAL,Delivery schedule,Please confirm whether the requested quantity remains unchanged.
COM-0475,SUP-0015,2026-11-01 00:00:00,EMAIL,Monthly statement,Please confirm receipt of purchase order PO-004865.
COM-0476,SUP-0075,2026-03-22 00:00:00,PHONE_NOTE,Delivery schedule,We are reviewing pricing for the next purchasing cycle.
COM-0477,SUP-0096,2026-03-01 00:00:00,EMAIL,Account reconciliation,Please provide an updated delivery estimate for the current order.
COM-0478,SUP-0013,2026-06-01 00:00:00,EMAIL,Shipping documentation,Invoice INV-000119 has been submitted for processing against PO-000119.
COM-0479,SUP-0013,2026-10-17 00:00:00,PORTAL,Account reconciliation,The shipment remains on the previously communicated schedule.
COM-0480,SUP-0118,2026-05-18 00:00:00,PHONE_NOTE,Quality documentation,Please confirm the current outstanding balance for our account.
COM-0481,SUP-0086,2026-05-09 00:00:00,EMAIL,Forecast update,Please send the latest forecast for the upcoming delivery period.
COM-0482,SUP-0047,2026-10-02 00:00:00,EMAIL,Payment reminder,The shipment remains on the previously communicated schedule.
COM-0483,SUP-0086,2026-04-23 00:00:00,EMAIL,General account update,Please provide an updated delivery estimate for the current order.
COM-0484,SUP-0110,2026-02-01 00:00:00,PORTAL,Forecast update,Please confirm whether the requested quantity remains unchanged.
COM-0485,SUP-0090,2026-06-30 00:00:00,EMAIL,Account reconciliation,Our accounts team is reconciling recent transactions.
COM-0486,SUP-0062,2026-04-08 00:00:00,EMAIL,Account reconciliation,Please confirm the current outstanding balance for our account.
COM-0487,SUP-0001,2026-08-15 00:00:00,EMAIL,Payment reminder,The shipment remains on the previously communicated schedule.
COM-0488,SUP-0052,2026-03-05 00:00:00,PORTAL,Payment reminder,Invoice INV-001750 has been submitted for processing against PO-001750.
COM-0489,SUP-0014,2026-05-09 00:00:00,EMAIL,Pricing discussion,Invoice INV-001886 has been submitted for processing against PO-001886.
COM-0490,SUP-0093,2026-08-05 00:00:00,EMAIL,Order status,Please confirm whether the requested quantity remains unchanged.
COM-0491,SUP-0016,2026-09-02 00:00:00,EMAIL,Monthly statement,Please send the latest forecast for the upcoming delivery period.
COM-0492,SUP-0059,2026-09-12 00:00:00,PHONE_NOTE,General account update,Invoice INV-000045 has been submitted for processing against PO-000045.
COM-0493,SUP-0055,2026-05-11 00:00:00,PORTAL,General account update,Please confirm the expected delivery date and carrier reference.
COM-0494,SUP-0002,2026-07-05 00:00:00,PORTAL,Order status,We are reviewing pricing for the next purchasing cycle.
COM-0495,SUP-0099,2026-09-25 00:00:00,PORTAL,Forecast update,The shipment remains on the previously communicated schedule.
COM-0496,SUP-0044,2026-06-10 00:00:00,EMAIL,Account reconciliation,Invoice INV-001299 has been submitted for processing against PO-001299.
COM-0497,SUP-0008,2026-01-29 00:00:00,EMAIL,Pricing discussion,Our accounts team is reconciling recent transactions.
COM-0498,SUP-0055,2026-08-14 00:00:00,EMAIL,Quantity confirmation,Please confirm receipt of purchase order PO-004917.
COM-0499,SUP-0019,2026-05-01 00:00:00,EMAIL,Quantity confirmation,Please send the latest forecast for the upcoming delivery period.
COM-0500,SUP-0108,2026-01-18 00:00:00,PORTAL,Forecast update,Attached is the latest shipping documentation for your records.
COM-0501,SUP-0005,2026-07-22 00:00:00,EMAIL,Quality documentation,The shipment remains on the previously communicated schedule.
COM-0502,SUP-0040,2026-05-27 00:00:00,EMAIL,Payment reminder,Please confirm receipt of purchase order PO-003673.
COM-0503,SUP-0032,2026-02-23 00:00:00,PHONE_NOTE,Shipping documentation,Please confirm receipt of purchase order PO-004592.
COM-0504,SUP-0004,2026-07-29 00:00:00,EMAIL,Shipping documentation,Invoice INV-001577 has been submitted for processing against PO-001577.
COM-0505,SUP-0033,2026-09-20 00:00:00,PORTAL,Order status,The shipment remains on the previously communicated schedule.
COM-0506,SUP-0108,2026-04-24 00:00:00,PHONE_NOTE,Shipping documentation,Please send the latest forecast for the upcoming delivery period.
COM-0507,SUP-0120,2026-05-18 00:00:00,PORTAL,Quantity confirmation,Attached is the latest shipping documentation for your records.
COM-0508,SUP-0062,2026-05-28 00:00:00,PHONE_NOTE,Delivery update,Please confirm the current outstanding balance for our account.
COM-0509,SUP-0024,2026-07-16 00:00:00,PHONE_NOTE,Account reconciliation,Our accounts team is reconciling recent transactions.
COM-0510,SUP-0075,2026-06-29 00:00:00,PHONE_NOTE,Shipping documentation,Please send the latest forecast for the upcoming delivery period.
COM-0511,SUP-0017,2026-08-22 00:00:00,PORTAL,Quality documentation,Please confirm the expected delivery date and carrier reference.
COM-0512,SUP-0004,2026-07-12 00:00:00,EMAIL,Delivery update,Please send the latest forecast for the upcoming delivery period.
COM-0513,SUP-0030,2026-08-01 00:00:00,PORTAL,Forecast update,Attached is the latest shipping documentation for your records.
COM-0514,SUP-0022,2026-03-10 00:00:00,PHONE_NOTE,Account reconciliation,Invoice INV-001558 has been submitted for processing against PO-001558.
COM-0515,SUP-0018,2026-10-07 00:00:00,EMAIL,Pricing discussion,We are reviewing pricing for the next purchasing cycle.
COM-0516,SUP-0018,2026-08-30 00:00:00,EMAIL,Payment reminder,Please send the latest forecast for the upcoming delivery period.
COM-0517,SUP-0069,2026-08-30 00:00:00,EMAIL,Pricing discussion,Invoice INV-001527 has been submitted for processing against PO-001527.
COM-0518,SUP-0011,2026-05-22 00:00:00,EMAIL,General account update,Our accounts team is reconciling recent transactions.
COM-0519,SUP-0018,2026-05-29 00:00:00,PORTAL,Shipping documentation,Please confirm the expected delivery date and carrier reference.
COM-0520,SUP-0092,2026-07-26 00:00:00,EMAIL,Order status,We are reviewing the current contract terms and will follow up if clarification is required.
COM-0521,SUP-0058,2026-09-03 00:00:00,PORTAL,Shipping documentation,We are reviewing pricing for the next purchasing cycle.
COM-0522,SUP-0107,2026-07-08 00:00:00,PHONE_NOTE,Payment reminder,Please confirm the expected delivery date and carrier reference.
COM-0523,SUP-0063,2026-09-07 00:00:00,EMAIL,Payment reminder,The shipment remains on the previously communicated schedule.
COM-0524,SUP-0039,2026-05-15 00:00:00,PHONE_NOTE,Contract review,Invoice INV-001858 has been submitted for processing against PO-001858.
COM-0525,SUP-0015,2026-09-14 00:00:00,EMAIL,Payment reminder,Please provide the required quality documentation for the shipment.
COM-0526,SUP-0041,2026-08-30 00:00:00,PHONE_NOTE,Payment reminder,The shipment remains on the previously communicated schedule.
COM-0527,SUP-0019,2026-05-25 00:00:00,EMAIL,Order status,Attached is the latest shipping documentation for your records.
COM-0528,SUP-0049,2026-04-29 00:00:00,PORTAL,Order status,Please confirm the current outstanding balance for our account.
COM-0529,SUP-0055,2026-03-27 00:00:00,PHONE_NOTE,Delivery schedule,Please confirm whether the requested quantity remains unchanged.
COM-0530,SUP-0010,2026-10-02 00:00:00,PORTAL,Order status,Our accounts team is reconciling recent transactions.
COM-0531,SUP-0092,2026-09-04 00:00:00,EMAIL,Delivery schedule,Please confirm receipt of purchase order PO-003934.
COM-0532,SUP-0027,2026-05-09 00:00:00,PORTAL,Shipping documentation,Please confirm receipt of purchase order PO-002104.
COM-0533,SUP-0110,2026-03-18 00:00:00,PHONE_NOTE,Account reconciliation,Please confirm receipt of purchase order PO-003167.
COM-0534,SUP-0005,2026-07-02 00:00:00,EMAIL,Quality documentation,Please confirm receipt of purchase order PO-004949.
COM-0535,SUP-0098,2026-05-26 00:00:00,PORTAL,Quantity confirmation,We are reviewing the current contract terms and will follow up if clarification is required.
COM-0536,SUP-0083,2026-03-30 00:00:00,PORTAL,Order status,We are reviewing the current contract terms and will follow up if clarification is required.
COM-0537,SUP-0007,2026-04-11 00:00:00,EMAIL,Pricing discussion,Please confirm receipt of purchase order PO-002723.
COM-0538,SUP-0093,2026-03-15 00:00:00,PORTAL,Order status,Please provide an updated delivery estimate for the current order.
COM-0539,SUP-0077,2026-09-17 00:00:00,PORTAL,Monthly statement,Please confirm the expected delivery date and carrier reference.
COM-0540,SUP-0090,2026-05-07 00:00:00,PHONE_NOTE,Invoice submission,We are reviewing the current contract terms and will follow up if clarification is required.
COM-0541,SUP-0097,2026-08-14 00:00:00,PORTAL,Account reconciliation,Invoice INV-003370 has been submitted for processing against PO-003370.
COM-0542,SUP-0076,2026-04-30 00:00:00,PORTAL,Contract review,Please confirm receipt of purchase order PO-004499.
COM-0543,SUP-0053,2026-05-29 00:00:00,EMAIL,Invoice submission,The shipment remains on the previously communicated schedule.
COM-0544,SUP-0028,2026-08-17 00:00:00,PORTAL,Quality documentation,Invoice INV-001498 has been submitted for processing against PO-001498.
COM-0545,SUP-0102,2026-08-11 00:00:00,PORTAL,Invoice submission,Please send the latest forecast for the upcoming delivery period.
COM-0546,SUP-0050,2026-05-10 00:00:00,EMAIL,Shipping documentation,Our accounts team is reconciling recent transactions.
COM-0547,SUP-0053,2026-03-31 00:00:00,EMAIL,Order status,Invoice INV-003563 has been submitted for processing against PO-003563.
COM-0548,SUP-0015,2026-10-18 00:00:00,PHONE_NOTE,Forecast update,Please provide the required quality documentation for the shipment.
COM-0549,SUP-0033,2026-07-11 00:00:00,EMAIL,Quality documentation,Please send the latest forecast for the upcoming delivery period.
COM-0550,SUP-0042,2026-03-15 00:00:00,EMAIL,Invoice submission,Please provide an updated delivery estimate for the current order.
COM-0551,SUP-0037,2026-04-26 00:00:00,EMAIL,Invoice submission,Our accounts team is reconciling recent transactions.
COM-0552,SUP-0051,2026-03-07 00:00:00,EMAIL,Account reconciliation,Please provide the required quality documentation for the shipment.
COM-0553,SUP-0005,2026-08-15 00:00:00,PORTAL,Shipping documentation,Please confirm the expected delivery date and carrier reference.
COM-0554,SUP-0067,2026-02-13 00:00:00,EMAIL,Forecast update,Attached is the latest shipping documentation for your records.
COM-0555,SUP-0001,2026-06-13 00:00:00,PORTAL,Shipping documentation,Attached is the latest shipping documentation for your records.
COM-0556,SUP-0117,2026-02-10 00:00:00,PORTAL,Forecast update,Please confirm whether the requested quantity remains unchanged.
COM-0557,SUP-0041,2026-08-09 00:00:00,PHONE_NOTE,General account update,Invoice INV-004766 has been submitted for processing against PO-004766.
COM-0558,SUP-0087,2026-06-27 00:00:00,PORTAL,Monthly statement,Invoice INV-004521 has been submitted for processing against PO-004521.
COM-0559,SUP-0094,2026-07-22 00:00:00,EMAIL,Delivery schedule,Please send the latest forecast for the upcoming delivery period.
COM-0560,SUP-0009,2026-06-09 00:00:00,EMAIL,Order status,We are reviewing pricing for the next purchasing cycle.
COM-0561,SUP-0071,2026-08-18 00:00:00,PHONE_NOTE,Order status,We are reviewing pricing for the next purchasing cycle.
COM-0562,SUP-0105,2026-10-11 00:00:00,PHONE_NOTE,Contract review,Please confirm whether the requested quantity remains unchanged.
COM-0563,SUP-0082,2026-05-09 00:00:00,PORTAL,Account reconciliation,Please confirm whether the requested quantity remains unchanged.
COM-0564,SUP-0099,2026-02-01 00:00:00,PORTAL,Purchase order confirmation,Our accounts team is reconciling recent transactions.
COM-0565,SUP-0071,2026-04-11 00:00:00,PORTAL,Quantity confirmation,Please confirm the expected delivery date and carrier reference.
COM-0566,SUP-0001,2026-07-16 00:00:00,PHONE_NOTE,Shipping documentation,We are reviewing the current contract terms and will follow up if clarification is required.
COM-0567,SUP-0058,2026-05-12 00:00:00,EMAIL,Delivery schedule,Please confirm whether the requested quantity remains unchanged.
COM-0568,SUP-0086,2026-04-28 00:00:00,PORTAL,General account update,Please send the latest forecast for the upcoming delivery period.
COM-0569,SUP-0114,2026-04-16 00:00:00,EMAIL,Account reconciliation,Please confirm the expected delivery date and carrier reference.
COM-0570,SUP-0052,2026-11-02 00:00:00,EMAIL,Quality documentation,Please confirm the current outstanding balance for our account.
COM-0571,SUP-0114,2026-05-20 00:00:00,PHONE_NOTE,Invoice submission,Please confirm whether the requested quantity remains unchanged.
COM-0572,SUP-0003,2026-08-02 00:00:00,EMAIL,Contract review,The shipment remains on the previously communicated schedule.
COM-0573,SUP-0083,2026-07-16 00:00:00,PORTAL,Account reconciliation,We are reviewing pricing for the next purchasing cycle.
COM-0574,SUP-0002,2026-07-01 00:00:00,EMAIL,Forecast update,Attached is the latest shipping documentation for your records.
COM-0575,SUP-0034,2026-07-07 00:00:00,EMAIL,Delivery schedule,Please confirm receipt of purchase order PO-002207.
COM-0576,SUP-0077,2026-06-27 00:00:00,PORTAL,Quality documentation,We are reviewing pricing for the next purchasing cycle.
COM-0577,SUP-0021,2026-06-25 00:00:00,PORTAL,Forecast update,Please provide the required quality documentation for the shipment.
COM-0578,SUP-0026,2026-07-09 00:00:00,PHONE_NOTE,Monthly statement,Please confirm receipt of purchase order PO-001309.
COM-0579,SUP-0036,2026-06-06 00:00:00,PORTAL,Payment reminder,We are reviewing pricing for the next purchasing cycle.
COM-0580,SUP-0025,2026-05-05 00:00:00,PHONE_NOTE,Invoice submission,Please confirm receipt of purchase order PO-002188.
COM-0581,SUP-0084,2026-04-06 00:00:00,EMAIL,Monthly statement,Please confirm receipt of purchase order PO-002376.
COM-0582,SUP-0095,2026-06-13 00:00:00,PORTAL,Order status,We are reviewing pricing for the next purchasing cycle.
COM-0583,SUP-0075,2026-06-12 00:00:00,EMAIL,Forecast update,Please provide the required quality documentation for the shipment.
COM-0584,SUP-0039,2026-06-04 00:00:00,PHONE_NOTE,Quantity confirmation,Please confirm the current outstanding balance for our account.
COM-0585,SUP-0105,2026-05-15 00:00:00,EMAIL,General account update,Attached is the latest shipping documentation for your records.
COM-0586,SUP-0046,2026-06-26 00:00:00,PHONE_NOTE,Payment reminder,Please provide the required quality documentation for the shipment.
COM-0587,SUP-0033,2026-05-11 00:00:00,EMAIL,Monthly statement,Please confirm receipt of purchase order PO-001507.
COM-0588,SUP-0090,2026-04-16 00:00:00,EMAIL,Quantity confirmation,We are reviewing pricing for the next purchasing cycle.
COM-0589,SUP-0104,2026-08-07 00:00:00,PORTAL,Quality documentation,Please send the latest forecast for the upcoming delivery period.
COM-0590,SUP-0067,2026-05-19 00:00:00,EMAIL,General account update,Please send the latest forecast for the upcoming delivery period.
COM-0591,SUP-0052,2026-03-11 00:00:00,EMAIL,Contract review,We are reviewing the current contract terms and will follow up if clarification is required.
COM-0592,SUP-0034,2026-06-25 00:00:00,EMAIL,Contract review,Attached is the latest shipping documentation for your records.
COM-0593,SUP-0032,2026-09-12 00:00:00,PHONE_NOTE,Forecast update,Please confirm whether the requested quantity remains unchanged.
COM-0594,SUP-0027,2026-08-08 00:00:00,EMAIL,Quality documentation,Please confirm receipt of purchase order PO-000202.
COM-0595,SUP-0007,2026-05-24 00:00:00,PHONE_NOTE,Shipping documentation,We are reviewing the current contract terms and will follow up if clarification is required.
COM-0596,SUP-0061,2026-09-23 00:00:00,EMAIL,Delivery update,Our accounts team is reconciling recent transactions.
COM-0597,SUP-0053,2026-03-17 00:00:00,EMAIL,Shipping documentation,Invoice INV-004133 has been submitted for processing against PO-004133.
COM-0598,SUP-0099,2026-08-22 00:00:00,EMAIL,Payment reminder,Please confirm the current outstanding balance for our account.
COM-0599,SUP-0040,2026-03-04 00:00:00,EMAIL,Order status,Please confirm the expected delivery date and carrier reference.
COM-0600,SUP-0054,2026-02-20 00:00:00,PHONE_NOTE,General account update,Please send the latest forecast for the upcoming delivery period.
COM-0601,SUP-0078,2026-04-24 00:00:00,PHONE_NOTE,Forecast update,The shipment remains on the previously communicated schedule.
COM-0602,SUP-0041,2026-03-27 00:00:00,PORTAL,Quantity confirmation,Attached is the latest shipping documentation for your records.
COM-0603,SUP-0076,2026-08-31 00:00:00,PORTAL,Shipping documentation,Attached is the latest shipping documentation for your records.
COM-0604,SUP-0023,2026-07-01 00:00:00,PORTAL,General account update,Attached is the latest shipping documentation for your records.
COM-0605,SUP-0061,2026-05-30 00:00:00,PHONE_NOTE,Delivery update,Please confirm receipt of purchase order PO-002530.
COM-0606,SUP-0115,2026-02-15 00:00:00,EMAIL,Delivery update,The shipment remains on the previously communicated schedule.
COM-0607,SUP-0043,2026-02-24 00:00:00,EMAIL,Contract review,We are reviewing the current contract terms and will follow up if clarification is required.
COM-0608,SUP-0068,2026-05-28 00:00:00,EMAIL,Purchase order confirmation,Please provide the required quality documentation for the shipment.
COM-0609,SUP-0011,2026-09-11 00:00:00,PHONE_NOTE,Account reconciliation,Please provide the required quality documentation for the shipment.
COM-0610,SUP-0114,2026-05-05 00:00:00,EMAIL,Monthly statement,The shipment remains on the previously communicated schedule.
COM-0611,SUP-0042,2026-03-03 00:00:00,PHONE_NOTE,General account update,Please confirm receipt of purchase order PO-003355.
COM-0612,SUP-0114,2026-09-26 00:00:00,PHONE_NOTE,Delivery update,We are reviewing the current contract terms and will follow up if clarification is required.
COM-0613,SUP-0119,2026-08-17 00:00:00,PHONE_NOTE,Monthly statement,Please confirm whether the requested quantity remains unchanged.
COM-0614,SUP-0109,2026-01-11 00:00:00,EMAIL,Pricing discussion,Please confirm receipt of purchase order PO-004594.
COM-0615,SUP-0022,2026-09-16 00:00:00,EMAIL,Pricing discussion,Please provide the required quality documentation for the shipment.
COM-0616,SUP-0031,2026-04-24 00:00:00,PORTAL,Pricing discussion,Please confirm whether the requested quantity remains unchanged.
COM-0617,SUP-0010,2026-03-01 00:00:00,PORTAL,Contract review,Please send the latest forecast for the upcoming delivery period.
COM-0618,SUP-0061,2026-05-03 00:00:00,EMAIL,General account update,We are reviewing the current contract terms and will follow up if clarification is required.
COM-0619,SUP-0032,2026-04-30 00:00:00,EMAIL,Delivery update,We are reviewing pricing for the next purchasing cycle.
COM-0620,SUP-0016,2026-05-30 00:00:00,PHONE_NOTE,General account update,Please confirm receipt of purchase order PO-004932.
COM-0621,SUP-0037,2026-10-17 00:00:00,PHONE_NOTE,Account reconciliation,Please provide the required quality documentation for the shipment.
COM-0622,SUP-0059,2026-09-29 00:00:00,PHONE_NOTE,Payment reminder,The shipment remains on the previously communicated schedule.
COM-0623,SUP-0037,2026-09-08 00:00:00,EMAIL,Monthly statement,Please provide the required quality documentation for the shipment.
COM-0624,SUP-0112,2026-08-23 00:00:00,EMAIL,Order status,Invoice INV-002861 has been submitted for processing against PO-002861.
COM-0625,SUP-0062,2026-03-25 00:00:00,EMAIL,Account reconciliation,Please provide the required quality documentation for the shipment.
COM-0626,SUP-0014,2026-02-17 00:00:00,PHONE_NOTE,Delivery schedule,Please confirm whether the requested quantity remains unchanged.
COM-0627,SUP-0092,2026-01-29 00:00:00,PHONE_NOTE,Pricing discussion,Please confirm receipt of purchase order PO-003793.
COM-0628,SUP-0051,2026-05-15 00:00:00,EMAIL,Quantity confirmation,Our accounts team is reconciling recent transactions.
COM-0629,SUP-0118,2026-05-16 00:00:00,EMAIL,Delivery update,Please send the latest forecast for the upcoming delivery period.
COM-0630,SUP-0076,2026-06-07 00:00:00,EMAIL,Quality documentation,Please send the latest forecast for the upcoming delivery period.
COM-0631,SUP-0092,2026-10-24 00:00:00,PORTAL,Account reconciliation,Please provide the required quality documentation for the shipment.
COM-0632,SUP-0087,2026-07-04 00:00:00,PHONE_NOTE,Pricing discussion,Please send the latest forecast for the upcoming delivery period.
COM-0633,SUP-0116,2026-08-04 00:00:00,EMAIL,Monthly statement,Attached is the latest shipping documentation for your records.
COM-0634,SUP-0082,2026-03-01 00:00:00,EMAIL,Contract review,Invoice INV-000207 has been submitted for processing against PO-000207.
COM-0635,SUP-0076,2026-06-04 00:00:00,EMAIL,Monthly statement,Our accounts team is reconciling recent transactions.
COM-0636,SUP-0118,2026-07-04 00:00:00,EMAIL,Invoice submission,Please confirm whether the requested quantity remains unchanged.
COM-0637,SUP-0032,2026-08-24 00:00:00,EMAIL,Invoice submission,Please send the latest forecast for the upcoming delivery period.
COM-0638,SUP-0013,2026-04-09 00:00:00,PORTAL,Order status,We are reviewing the current contract terms and will follow up if clarification is required.
COM-0639,SUP-0111,2026-09-24 00:00:00,PORTAL,Forecast update,Please confirm the current outstanding balance for our account.
COM-0640,SUP-0091,2026-08-12 00:00:00,EMAIL,Quantity confirmation,We are reviewing pricing for the next purchasing cycle.
COM-0641,SUP-0001,2026-09-01 00:00:00,EMAIL,Monthly statement,Please send the latest forecast for the upcoming delivery period.
COM-0642,SUP-0040,2026-10-03 00:00:00,PORTAL,Monthly statement,The shipment remains on the previously communicated schedule.
COM-0643,SUP-0014,2026-04-04 00:00:00,PHONE_NOTE,Quantity confirmation,Our accounts team is reconciling recent transactions.
COM-0644,SUP-0088,2026-04-08 00:00:00,PORTAL,Forecast update,Please confirm whether the requested quantity remains unchanged.
COM-0645,SUP-0060,2026-06-13 00:00:00,PHONE_NOTE,Contract review,We are reviewing pricing for the next purchasing cycle.
COM-0646,SUP-0058,2026-09-07 00:00:00,PHONE_NOTE,Order status,Please confirm the current outstanding balance for our account.
COM-0647,SUP-0111,2026-10-02 00:00:00,EMAIL,Forecast update,Our accounts team is reconciling recent transactions.
COM-0648,SUP-0113,2026-07-10 00:00:00,EMAIL,Invoice submission,Please confirm receipt of purchase order PO-004026.
COM-0649,SUP-0008,2026-08-28 00:00:00,PORTAL,Forecast update,Please confirm whether the requested quantity remains unchanged.
COM-0650,SUP-0015,2026-07-04 00:00:00,PORTAL,Account reconciliation,Please confirm the expected delivery date and carrier reference.
COM-0651,SUP-0058,2026-04-14 00:00:00,EMAIL,Invoice submission,The shipment remains on the previously communicated schedule.
COM-0652,SUP-0068,2026-07-12 00:00:00,PHONE_NOTE,Forecast update,Please confirm the current outstanding balance for our account.
COM-0653,SUP-0069,2026-02-26 00:00:00,PORTAL,Forecast update,Please provide an updated delivery estimate for the current order.
COM-0654,SUP-0050,2026-10-14 00:00:00,PHONE_NOTE,Quantity confirmation,Invoice INV-004887 has been submitted for processing against PO-004887.
COM-0655,SUP-0069,2026-09-25 00:00:00,EMAIL,Invoice submission,Attached is the latest shipping documentation for your records.
COM-0656,SUP-0021,2026-08-26 00:00:00,PORTAL,Order status,Invoice INV-003972 has been submitted for processing against PO-003972.
COM-0657,SUP-0107,2026-09-09 00:00:00,EMAIL,Invoice submission,We are reviewing the current contract terms and will follow up if clarification is required.
COM-0658,SUP-0036,2026-08-07 00:00:00,EMAIL,Monthly statement,Invoice INV-001569 has been submitted for processing against PO-001569.
COM-0659,SUP-0076,2026-02-17 00:00:00,PHONE_NOTE,Delivery schedule,Invoice INV-000861 has been submitted for processing against PO-000861.
COM-0660,SUP-0028,2026-06-25 00:00:00,EMAIL,Contract review,Invoice INV-004949 has been submitted for processing against PO-004949.
COM-0661,SUP-0103,2026-07-26 00:00:00,EMAIL,Delivery schedule,Please send the latest forecast for the upcoming delivery period.
COM-0662,SUP-0025,2026-03-27 00:00:00,EMAIL,General account update,Our accounts team is reconciling recent transactions.
COM-0663,SUP-0096,2026-04-16 00:00:00,EMAIL,Quality documentation,Please provide the required quality documentation for the shipment.
COM-0664,SUP-0101,2026-08-05 00:00:00,PHONE_NOTE,Account reconciliation,Please confirm the expected delivery date and carrier reference.
COM-0665,SUP-0019,2026-03-25 00:00:00,PORTAL,Delivery schedule,Attached is the latest shipping documentation for your records.
COM-0666,SUP-0031,2026-05-09 00:00:00,EMAIL,Quantity confirmation,Please confirm the current outstanding balance for our account.
COM-0667,SUP-0051,2026-07-31 00:00:00,EMAIL,Delivery update,Attached is the latest shipping documentation for your records.
COM-0668,SUP-0028,2026-10-09 00:00:00,PHONE_NOTE,Quantity confirmation,Our accounts team is reconciling recent transactions.
COM-0669,SUP-0068,2026-09-05 00:00:00,PHONE_NOTE,Forecast update,Our accounts team is reconciling recent transactions.
COM-0670,SUP-0101,2026-07-16 00:00:00,EMAIL,Order status,The shipment remains on the previously communicated schedule.
COM-0671,SUP-0040,2026-04-30 00:00:00,PORTAL,Delivery schedule,The shipment remains on the previously communicated schedule.
COM-0672,SUP-0017,2026-08-11 00:00:00,PHONE_NOTE,Pricing discussion,Please provide the required quality documentation for the shipment.
COM-0673,SUP-0031,2026-05-08 00:00:00,PHONE_NOTE,Purchase order confirmation,Please confirm the expected delivery date and carrier reference.
COM-0674,SUP-0025,2026-09-16 00:00:00,EMAIL,Delivery schedule,Please confirm whether the requested quantity remains unchanged.
COM-0675,SUP-0101,2026-04-15 00:00:00,EMAIL,Forecast update,We are reviewing the current contract terms and will follow up if clarification is required.
COM-0676,SUP-0038,2026-02-05 00:00:00,EMAIL,Account reconciliation,We are reviewing the current contract terms and will follow up if clarification is required.
COM-0677,SUP-0045,2026-05-14 00:00:00,PHONE_NOTE,Delivery schedule,Please provide the required quality documentation for the shipment.
COM-0678,SUP-0058,2026-09-08 00:00:00,EMAIL,Forecast update,The shipment remains on the previously communicated schedule.
COM-0679,SUP-0049,2026-03-23 00:00:00,PHONE_NOTE,Contract review,Please confirm the expected delivery date and carrier reference.
COM-0680,SUP-0105,2026-06-03 00:00:00,PHONE_NOTE,Forecast update,Attached is the latest shipping documentation for your records.
COM-0681,SUP-0038,2026-05-06 00:00:00,EMAIL,Contract review,Attached is the latest shipping documentation for your records.
COM-0682,SUP-0104,2026-06-10 00:00:00,PHONE_NOTE,Monthly statement,Please confirm the current outstanding balance for our account.
COM-0683,SUP-0082,2026-03-11 00:00:00,PHONE_NOTE,General account update,We are reviewing pricing for the next purchasing cycle.
COM-0684,SUP-0112,2026-05-18 00:00:00,EMAIL,Quantity confirmation,Please provide the required quality documentation for the shipment.
COM-0685,SUP-0115,2026-01-23 00:00:00,EMAIL,Payment reminder,The shipment remains on the previously communicated schedule.
COM-0686,SUP-0119,2026-05-20 00:00:00,EMAIL,Purchase order confirmation,Attached is the latest shipping documentation for your records.
COM-0687,SUP-0083,2026-02-16 00:00:00,EMAIL,Invoice submission,Invoice INV-001763 has been submitted for processing against PO-001763.
COM-0688,SUP-0076,2026-10-16 00:00:00,PORTAL,Quantity confirmation,Please confirm the expected delivery date and carrier reference.
COM-0689,SUP-0107,2026-06-02 00:00:00,PHONE_NOTE,Delivery update,The shipment remains on the previously communicated schedule.
COM-0690,SUP-0086,2026-04-23 00:00:00,EMAIL,General account update,Please confirm whether the requested quantity remains unchanged.
COM-0691,SUP-0084,2026-05-09 00:00:00,EMAIL,Forecast update,Please provide an updated delivery estimate for the current order.
COM-0692,SUP-0063,2026-10-09 00:00:00,EMAIL,Order status,The shipment remains on the previously communicated schedule.
COM-0693,SUP-0012,2026-05-11 00:00:00,PHONE_NOTE,Quality documentation,Please confirm whether the requested quantity remains unchanged.
COM-0694,SUP-0062,2026-04-17 00:00:00,PHONE_NOTE,Monthly statement,Attached is the latest shipping documentation for your records.
COM-0695,SUP-0069,2026-06-28 00:00:00,EMAIL,Account reconciliation,Please confirm the current outstanding balance for our account.
COM-0696,SUP-0026,2026-05-19 00:00:00,PHONE_NOTE,Pricing discussion,We are reviewing pricing for the next purchasing cycle.
COM-0697,SUP-0096,2026-08-02 00:00:00,EMAIL,Monthly statement,Please confirm the current outstanding balance for our account.
COM-0698,SUP-0057,2026-09-03 00:00:00,EMAIL,Contract review,Please confirm the current outstanding balance for our account.
COM-0699,SUP-0054,2026-07-27 00:00:00,PHONE_NOTE,Payment reminder,Our accounts team is reconciling recent transactions.
COM-0700,SUP-0107,2026-04-08 00:00:00,EMAIL,Forecast update,We are reviewing pricing for the next purchasing cycle.
COM-0701,SUP-0094,2026-07-31 00:00:00,EMAIL,Monthly statement,Please provide an updated delivery estimate for the current order.
COM-0702,SUP-0040,2026-08-03 00:00:00,PORTAL,Purchase order confirmation,Our accounts team is reconciling recent transactions.
COM-0703,SUP-0061,2026-03-05 00:00:00,PORTAL,General account update,We are reviewing the current contract terms and will follow up if clarification is required.
COM-0704,SUP-0049,2026-04-01 00:00:00,PORTAL,Quality documentation,Please provide the required quality documentation for the shipment.
COM-0705,SUP-0019,2026-09-02 00:00:00,PORTAL,Delivery schedule,Please confirm the expected delivery date and carrier reference.
COM-0706,SUP-0083,2026-09-09 00:00:00,EMAIL,General account update,Invoice INV-004181 has been submitted for processing against PO-004181.
COM-0707,SUP-0085,2026-05-06 00:00:00,EMAIL,Delivery update,Attached is the latest shipping documentation for your records.
COM-0708,SUP-0033,2026-07-09 00:00:00,EMAIL,Account reconciliation,We are reviewing pricing for the next purchasing cycle.
COM-0709,SUP-0077,2026-06-28 00:00:00,EMAIL,Order status,Invoice INV-004385 has been submitted for processing against PO-004385.
COM-0710,SUP-0026,2026-02-27 00:00:00,PHONE_NOTE,Monthly statement,We are reviewing the current contract terms and will follow up if clarification is required.
COM-0711,SUP-0100,2026-01-10 00:00:00,EMAIL,Account reconciliation,Please confirm whether the requested quantity remains unchanged.
COM-0712,SUP-0084,2026-04-17 00:00:00,PHONE_NOTE,Account reconciliation,Attached is the latest shipping documentation for your records.
COM-0713,SUP-0044,2026-09-16 00:00:00,PORTAL,Contract review,Please confirm the expected delivery date and carrier reference.
COM-0714,SUP-0115,2026-06-19 00:00:00,PHONE_NOTE,Invoice submission,We are reviewing pricing for the next purchasing cycle.
COM-0715,SUP-0022,2026-09-18 00:00:00,EMAIL,Quality documentation,We are reviewing the current contract terms and will follow up if clarification is required.
COM-0716,SUP-0104,2026-07-06 00:00:00,PHONE_NOTE,Delivery schedule,We are reviewing pricing for the next purchasing cycle.
COM-0717,SUP-0034,2026-06-07 00:00:00,PORTAL,Order status,Please confirm whether the requested quantity remains unchanged.
COM-0718,SUP-0016,2026-05-24 00:00:00,PHONE_NOTE,Delivery update,Please send the latest forecast for the upcoming delivery period.
COM-0719,SUP-0037,2026-02-05 00:00:00,EMAIL,Forecast update,Please provide the required quality documentation for the shipment.
COM-0720,SUP-0003,2026-06-14 00:00:00,EMAIL,Account reconciliation,Please confirm receipt of purchase order PO-000665.
COM-0721,SUP-0024,2026-02-16 00:00:00,PHONE_NOTE,Quantity confirmation,Our accounts team is reconciling recent transactions.
COM-0722,SUP-0084,2026-09-01 00:00:00,EMAIL,Shipping documentation,Our accounts team is reconciling recent transactions.
COM-0723,SUP-0018,2026-03-24 00:00:00,EMAIL,Invoice submission,Please confirm receipt of purchase order PO-000034.
COM-0724,SUP-0024,2026-04-27 00:00:00,PORTAL,Invoice submission,Please provide an updated delivery estimate for the current order.
COM-0725,SUP-0018,2026-08-07 00:00:00,EMAIL,Contract review,Please provide an updated delivery estimate for the current order.
COM-0726,SUP-0118,2026-10-13 00:00:00,EMAIL,Forecast update,Invoice INV-001062 has been submitted for processing against PO-001062.
COM-0727,SUP-0043,2026-07-09 00:00:00,EMAIL,Monthly statement,Attached is the latest shipping documentation for your records.
COM-0728,SUP-0067,2026-04-12 00:00:00,PORTAL,Forecast update,We are reviewing pricing for the next purchasing cycle.
COM-0729,SUP-0041,2026-10-29 00:00:00,PHONE_NOTE,Quality documentation,Please confirm whether the requested quantity remains unchanged.
COM-0730,SUP-0079,2026-02-10 00:00:00,EMAIL,Delivery schedule,Please confirm receipt of purchase order PO-003174.
COM-0731,SUP-0030,2026-04-01 00:00:00,PHONE_NOTE,Forecast update,Please send the latest forecast for the upcoming delivery period.
COM-0732,SUP-0001,2026-07-24 00:00:00,PORTAL,Purchase order confirmation,Please confirm receipt of purchase order PO-000468.
COM-0733,SUP-0086,2026-05-17 00:00:00,EMAIL,Order status,We are reviewing the current contract terms and will follow up if clarification is required.
COM-0734,SUP-0091,2026-05-02 00:00:00,EMAIL,Monthly statement,We are reviewing the current contract terms and will follow up if clarification is required.
COM-0735,SUP-0059,2026-03-23 00:00:00,EMAIL,Delivery update,We are reviewing pricing for the next purchasing cycle.
COM-0736,SUP-0095,2026-08-10 00:00:00,EMAIL,Quantity confirmation,Please confirm receipt of purchase order PO-001651.
COM-0737,SUP-0075,2026-09-03 00:00:00,EMAIL,Contract review,Please confirm receipt of purchase order PO-000837.
COM-0738,SUP-0077,2026-01-11 00:00:00,PORTAL,Shipping documentation,We are reviewing pricing for the next purchasing cycle.
COM-0739,SUP-0120,2026-06-22 00:00:00,EMAIL,Delivery update,The shipment remains on the previously communicated schedule.
COM-0740,SUP-0013,2026-09-02 00:00:00,EMAIL,Payment reminder,Please confirm receipt of purchase order PO-001247.
COM-0741,SUP-0019,2026-09-11 00:00:00,PHONE_NOTE,Monthly statement,Please provide the required quality documentation for the shipment.
COM-0742,SUP-0120,2026-04-24 00:00:00,PORTAL,Delivery update,Please confirm the current outstanding balance for our account.
COM-0743,SUP-0039,2026-07-21 00:00:00,EMAIL,Quantity confirmation,Invoice INV-004029 has been submitted for processing against PO-004029.
COM-0744,SUP-0104,2026-08-23 00:00:00,EMAIL,Quantity confirmation,Please send the latest forecast for the upcoming delivery period.
COM-0745,SUP-0022,2026-08-07 00:00:00,PORTAL,Monthly statement,Please provide an updated delivery estimate for the current order.
COM-0746,SUP-0070,2026-05-06 00:00:00,PHONE_NOTE,Quality documentation,The shipment remains on the previously communicated schedule.
COM-0747,SUP-0013,2026-06-12 00:00:00,PHONE_NOTE,Delivery schedule,Please provide an updated delivery estimate for the current order.
COM-0748,SUP-0001,2026-04-24 00:00:00,PHONE_NOTE,Pricing discussion,Attached is the latest shipping documentation for your records.
COM-0749,SUP-0119,2026-07-26 00:00:00,EMAIL,Delivery update,Please provide the required quality documentation for the shipment.
COM-0750,SUP-0015,2026-05-01 00:00:00,EMAIL,Quality documentation,The shipment remains on the previously communicated schedule.
COM-0751,SUP-0065,2026-04-09 00:00:00,EMAIL,Delivery schedule,Please send the latest forecast for the upcoming delivery period.
COM-0752,SUP-0020,2026-07-05 00:00:00,PORTAL,Forecast update,Attached is the latest shipping documentation for your records.
COM-0753,SUP-0096,2026-08-08 00:00:00,PORTAL,Payment reminder,The shipment remains on the previously communicated schedule.
COM-0754,SUP-0098,2026-06-19 00:00:00,PORTAL,Monthly statement,Please provide an updated delivery estimate for the current order.
COM-0755,SUP-0003,2026-03-31 00:00:00,EMAIL,Forecast update,Please confirm the current outstanding balance for our account.
COM-0756,SUP-0092,2026-08-03 00:00:00,PORTAL,Order status,Attached is the latest shipping documentation for your records.
COM-0757,SUP-0096,2026-03-26 00:00:00,EMAIL,Contract review,Please send the latest forecast for the upcoming delivery period.
COM-0758,SUP-0061,2026-09-18 00:00:00,PORTAL,Payment reminder,Please confirm the expected delivery date and carrier reference.
COM-0759,SUP-0022,2026-04-15 00:00:00,EMAIL,Account reconciliation,Please provide an updated delivery estimate for the current order.
COM-0760,SUP-0038,2026-04-11 00:00:00,EMAIL,Pricing discussion,Attached is the latest shipping documentation for your records.
COM-0761,SUP-0022,2026-01-13 00:00:00,PORTAL,Invoice submission,Our accounts team is reconciling recent transactions.
COM-0762,SUP-0062,2026-02-25 00:00:00,PHONE_NOTE,Quality documentation,Invoice INV-000271 has been submitted for processing against PO-000271.
COM-0763,SUP-0112,2026-08-29 00:00:00,PHONE_NOTE,General account update,Our accounts team is reconciling recent transactions.
COM-0764,SUP-0029,2026-08-26 00:00:00,EMAIL,Monthly statement,Please confirm receipt of purchase order PO-000698.
COM-0765,SUP-0089,2026-03-14 00:00:00,EMAIL,Monthly statement,Please confirm whether the requested quantity remains unchanged.
COM-0766,SUP-0031,2026-08-02 00:00:00,PHONE_NOTE,Contract review,We are reviewing the current contract terms and will follow up if clarification is required.
COM-0767,SUP-0060,2026-02-11 00:00:00,EMAIL,Order status,Please confirm the expected delivery date and carrier reference.
COM-0768,SUP-0010,2026-10-21 00:00:00,EMAIL,Payment reminder,Please provide the required quality documentation for the shipment.
COM-0769,SUP-0005,2026-05-23 00:00:00,EMAIL,Pricing discussion,Please provide an updated delivery estimate for the current order.
COM-0770,SUP-0107,2026-10-07 00:00:00,PHONE_NOTE,Order status,Please provide an updated delivery estimate for the current order.
COM-0771,SUP-0058,2026-04-29 00:00:00,PORTAL,Contract review,Please send the latest forecast for the upcoming delivery period.
COM-0772,SUP-0066,2026-04-25 00:00:00,PHONE_NOTE,Forecast update,We are reviewing pricing for the next purchasing cycle.
COM-0773,SUP-0039,2026-05-27 00:00:00,PHONE_NOTE,Invoice submission,Please provide an updated delivery estimate for the current order.
COM-0774,SUP-0054,2026-07-18 00:00:00,PHONE_NOTE,Contract review,Our accounts team is reconciling recent transactions.
COM-0775,SUP-0065,2026-08-24 00:00:00,EMAIL,Forecast update,Please provide an updated delivery estimate for the current order.
COM-0776,SUP-0029,2026-05-20 00:00:00,EMAIL,Quantity confirmation,The shipment remains on the previously communicated schedule.
COM-0777,SUP-0056,2026-05-13 00:00:00,EMAIL,Monthly statement,Attached is the latest shipping documentation for your records.
COM-0778,SUP-0041,2026-03-14 00:00:00,PHONE_NOTE,Forecast update,Invoice INV-002130 has been submitted for processing against PO-002130.
COM-0779,SUP-0083,2026-07-18 00:00:00,PORTAL,Quantity confirmation,Our accounts team is reconciling recent transactions.
COM-0780,SUP-0072,2026-06-12 00:00:00,PHONE_NOTE,Purchase order confirmation,Please confirm whether the requested quantity remains unchanged.
COM-0781,SUP-0065,2026-04-03 00:00:00,PHONE_NOTE,Pricing discussion,Please confirm receipt of purchase order PO-003096.
COM-0782,SUP-0084,2026-03-04 00:00:00,PHONE_NOTE,General account update,Please confirm receipt of purchase order PO-004543.
COM-0783,SUP-0048,2026-05-07 00:00:00,PHONE_NOTE,Order status,Please send the latest forecast for the upcoming delivery period.
COM-0784,SUP-0093,2026-07-19 00:00:00,PORTAL,Order status,Please send the latest forecast for the upcoming delivery period.
COM-0785,SUP-0010,2026-01-25 00:00:00,PORTAL,Quantity confirmation,Our accounts team is reconciling recent transactions.
COM-0786,SUP-0069,2026-09-01 00:00:00,PHONE_NOTE,Account reconciliation,We are reviewing the current contract terms and will follow up if clarification is required.
COM-0787,SUP-0086,2026-01-19 00:00:00,PHONE_NOTE,Order status,We are reviewing the current contract terms and will follow up if clarification is required.
COM-0788,SUP-0090,2026-06-28 00:00:00,EMAIL,Monthly statement,Please send the latest forecast for the upcoming delivery period.
COM-0789,SUP-0020,2026-07-16 00:00:00,EMAIL,Contract review,The shipment remains on the previously communicated schedule.
COM-0790,SUP-0062,2026-07-22 00:00:00,EMAIL,General account update,Please confirm whether the requested quantity remains unchanged.
COM-0791,SUP-0020,2026-08-01 00:00:00,PHONE_NOTE,General account update,Please confirm the current outstanding balance for our account.
COM-0792,SUP-0059,2026-06-20 00:00:00,EMAIL,General account update,Please confirm receipt of purchase order PO-002536.
COM-0793,SUP-0027,2026-04-17 00:00:00,EMAIL,General account update,Please confirm whether the requested quantity remains unchanged.
COM-0794,SUP-0080,2026-06-03 00:00:00,PORTAL,Delivery update,Please confirm the current outstanding balance for our account.
COM-0795,SUP-0082,2026-07-15 00:00:00,PORTAL,Delivery schedule,Please provide the required quality documentation for the shipment.
COM-0796,SUP-0096,2026-05-14 00:00:00,PHONE_NOTE,Quality documentation,We are reviewing pricing for the next purchasing cycle.
COM-0797,SUP-0035,2026-03-20 00:00:00,PORTAL,Payment reminder,Please send the latest forecast for the upcoming delivery period.
COM-0798,SUP-0101,2026-03-29 00:00:00,EMAIL,Account reconciliation,Please confirm whether the requested quantity remains unchanged.
COM-0799,SUP-0101,2026-04-15 00:00:00,EMAIL,Order status,Please provide the required quality documentation for the shipment.
COM-0800,SUP-0066,2026-07-24 00:00:00,EMAIL,Quality documentation,Invoice INV-001126 has been submitted for processing against PO-001126.
COM-0801,SUP-0039,2026-05-30 00:00:00,EMAIL,Purchase order confirmation,Please confirm whether the requested quantity remains unchanged.
COM-0802,SUP-0109,2026-09-28 00:00:00,PHONE_NOTE,Account reconciliation,Our accounts team is reconciling recent transactions.
COM-0803,SUP-0032,2026-09-12 00:00:00,EMAIL,Purchase order confirmation,Please confirm whether the requested quantity remains unchanged.
COM-0804,SUP-0095,2026-06-09 00:00:00,PHONE_NOTE,Delivery update,Please confirm the current outstanding balance for our account.
COM-0805,SUP-0086,2026-06-23 00:00:00,EMAIL,Monthly statement,Please provide an updated delivery estimate for the current order.
COM-0806,SUP-0079,2026-05-19 00:00:00,EMAIL,Pricing discussion,Attached is the latest shipping documentation for your records.
COM-0807,SUP-0081,2026-10-14 00:00:00,EMAIL,Invoice submission,The shipment remains on the previously communicated schedule.
COM-0808,SUP-0088,2026-08-18 00:00:00,EMAIL,Quality documentation,Attached is the latest shipping documentation for your records.
COM-0809,SUP-0096,2026-09-05 00:00:00,PORTAL,Pricing discussion,Please provide the required quality documentation for the shipment.
COM-0810,SUP-0110,2026-06-03 00:00:00,PHONE_NOTE,Quantity confirmation,The shipment remains on the previously communicated schedule.
COM-0811,SUP-0061,2026-06-14 00:00:00,EMAIL,Contract review,Please confirm the expected delivery date and carrier reference.
COM-0812,SUP-0118,2026-04-03 00:00:00,EMAIL,Invoice submission,Please send the latest forecast for the upcoming delivery period.
COM-0813,SUP-0100,2026-04-26 00:00:00,PHONE_NOTE,Delivery update,Please confirm the current outstanding balance for our account.
COM-0814,SUP-0055,2026-03-23 00:00:00,EMAIL,Delivery schedule,Our accounts team is reconciling recent transactions.
COM-0815,SUP-0044,2026-08-11 00:00:00,PHONE_NOTE,Pricing discussion,Our accounts team is reconciling recent transactions.
COM-0816,SUP-0046,2026-03-26 00:00:00,EMAIL,Payment reminder,We are reviewing the current contract terms and will follow up if clarification is required.
COM-0817,SUP-0008,2026-05-18 00:00:00,PORTAL,Account reconciliation,Please send the latest forecast for the upcoming delivery period.
COM-0818,SUP-0044,2026-10-01 00:00:00,PHONE_NOTE,Payment reminder,We are reviewing the current contract terms and will follow up if clarification is required.
COM-0819,SUP-0018,2026-01-31 00:00:00,PHONE_NOTE,Quality documentation,Invoice INV-001753 has been submitted for processing against PO-001753.
COM-0820,SUP-0073,2026-05-19 00:00:00,EMAIL,Delivery schedule,Please confirm the expected delivery date and carrier reference.
COM-0821,SUP-0014,2026-04-16 00:00:00,PORTAL,Payment reminder,Attached is the latest shipping documentation for your records.
COM-0822,SUP-0093,2026-04-05 00:00:00,PHONE_NOTE,Shipping documentation,Invoice INV-003846 has been submitted for processing against PO-003846.
COM-0823,SUP-0002,2026-07-23 00:00:00,EMAIL,Quantity confirmation,Please provide the required quality documentation for the shipment.
COM-0824,SUP-0064,2026-05-16 00:00:00,PORTAL,Quality documentation,Please provide an updated delivery estimate for the current order.
COM-0825,SUP-0046,2026-08-22 00:00:00,PHONE_NOTE,Shipping documentation,Our accounts team is reconciling recent transactions.
COM-0826,SUP-0023,2026-04-28 00:00:00,PORTAL,Payment reminder,Please provide an updated delivery estimate for the current order.
COM-0827,SUP-0040,2026-08-29 00:00:00,PORTAL,General account update,Our accounts team is reconciling recent transactions.
COM-0828,SUP-0013,2026-02-21 00:00:00,EMAIL,General account update,The shipment remains on the previously communicated schedule.
COM-0829,SUP-0028,2026-10-12 00:00:00,EMAIL,Account reconciliation,Please confirm whether the requested quantity remains unchanged.
COM-0830,SUP-0088,2026-05-03 00:00:00,PORTAL,General account update,Our accounts team is reconciling recent transactions.
COM-0831,SUP-0036,2026-05-07 00:00:00,PORTAL,General account update,Please provide the required quality documentation for the shipment.
COM-0832,SUP-0012,2026-07-19 00:00:00,EMAIL,Quantity confirmation,Please provide an updated delivery estimate for the current order.
COM-0833,SUP-0037,2026-09-14 00:00:00,EMAIL,Forecast update,Please provide an updated delivery estimate for the current order.
COM-0834,SUP-0070,2026-08-05 00:00:00,PORTAL,Shipping documentation,We are reviewing the current contract terms and will follow up if clarification is required.
COM-0835,SUP-0056,2026-02-02 00:00:00,PHONE_NOTE,Quantity confirmation,We are reviewing pricing for the next purchasing cycle.
COM-0836,SUP-0090,2026-03-22 00:00:00,PORTAL,Forecast update,The shipment remains on the previously communicated schedule.
COM-0837,SUP-0115,2026-03-23 00:00:00,PORTAL,General account update,Our accounts team is reconciling recent transactions.
COM-0838,SUP-0026,2026-02-22 00:00:00,EMAIL,Delivery schedule,We are reviewing the current contract terms and will follow up if clarification is required.
COM-0839,SUP-0111,2026-02-01 00:00:00,EMAIL,Contract review,Please send the latest forecast for the upcoming delivery period.
COM-0840,SUP-0113,2026-03-01 00:00:00,PORTAL,Account reconciliation,Please confirm the expected delivery date and carrier reference.
COM-0841,SUP-0063,2026-05-09 00:00:00,PHONE_NOTE,Monthly statement,Please provide an updated delivery estimate for the current order.
COM-0842,SUP-0029,2026-10-11 00:00:00,PHONE_NOTE,Delivery update,Please confirm the current outstanding balance for our account.
COM-0843,SUP-0025,2026-06-20 00:00:00,EMAIL,Delivery update,Please provide an updated delivery estimate for the current order.
COM-0844,SUP-0108,2026-08-31 00:00:00,EMAIL,General account update,Attached is the latest shipping documentation for your records.
COM-0845,SUP-0064,2026-08-24 00:00:00,PORTAL,Shipping documentation,Invoice INV-002945 has been submitted for processing against PO-002945.
COM-0846,SUP-0027,2026-08-13 00:00:00,PORTAL,Account reconciliation,We are reviewing pricing for the next purchasing cycle.
COM-0847,SUP-0028,2026-05-30 00:00:00,EMAIL,Forecast update,Please send the latest forecast for the upcoming delivery period.
COM-0848,SUP-0038,2026-04-03 00:00:00,EMAIL,Delivery schedule,Please confirm the expected delivery date and carrier reference.
COM-0849,SUP-0078,2026-06-20 00:00:00,PORTAL,Delivery update,Please provide an updated delivery estimate for the current order.
COM-0850,SUP-0096,2026-07-05 00:00:00,PORTAL,Purchase order confirmation,Attached is the latest shipping documentation for your records.
COM-0851,SUP-0081,2026-05-21 00:00:00,EMAIL,Account reconciliation,We are reviewing pricing for the next purchasing cycle.
COM-0852,SUP-0101,2026-06-07 00:00:00,PHONE_NOTE,Pricing discussion,Please provide an updated delivery estimate for the current order.
COM-0853,SUP-0089,2026-09-18 00:00:00,EMAIL,Quality documentation,Our accounts team is reconciling recent transactions.
COM-0854,SUP-0071,2026-05-19 00:00:00,PHONE_NOTE,Delivery update,Invoice INV-004694 has been submitted for processing against PO-004694.
COM-0855,SUP-0033,2026-07-27 00:00:00,PHONE_NOTE,Payment reminder,We are reviewing the current contract terms and will follow up if clarification is required.
COM-0856,SUP-0062,2026-04-27 00:00:00,EMAIL,Delivery update,We are reviewing pricing for the next purchasing cycle.
COM-0857,SUP-0014,2026-08-27 00:00:00,EMAIL,Account reconciliation,Please confirm whether the requested quantity remains unchanged.
COM-0858,SUP-0067,2026-01-28 00:00:00,EMAIL,Delivery schedule,Please confirm receipt of purchase order PO-003820.
COM-0859,SUP-0010,2026-08-19 00:00:00,PHONE_NOTE,Account reconciliation,Please provide an updated delivery estimate for the current order.
COM-0860,SUP-0015,2026-03-19 00:00:00,EMAIL,Delivery update,We are reviewing pricing for the next purchasing cycle.
COM-0861,SUP-0075,2026-09-08 00:00:00,PHONE_NOTE,Shipping documentation,We are reviewing pricing for the next purchasing cycle.
COM-0862,SUP-0045,2026-03-07 00:00:00,PORTAL,Contract review,Please confirm receipt of purchase order PO-000177.
COM-0863,SUP-0052,2026-05-24 00:00:00,EMAIL,General account update,Please confirm the expected delivery date and carrier reference.
COM-0864,SUP-0033,2026-05-26 00:00:00,EMAIL,Payment reminder,Invoice INV-004035 has been submitted for processing against PO-004035.
COM-0865,SUP-0052,2026-02-13 00:00:00,PHONE_NOTE,Pricing discussion,Our accounts team is reconciling recent transactions.
COM-0866,SUP-0092,2026-03-07 00:00:00,PHONE_NOTE,Purchase order confirmation,Please confirm whether the requested quantity remains unchanged.
COM-0867,SUP-0108,2026-07-19 00:00:00,EMAIL,Payment reminder,Please confirm whether the requested quantity remains unchanged.
COM-0868,SUP-0013,2026-05-01 00:00:00,PHONE_NOTE,Shipping documentation,We are reviewing pricing for the next purchasing cycle.
COM-0869,SUP-0075,2026-04-03 00:00:00,EMAIL,Invoice submission,Invoice INV-001727 has been submitted for processing against PO-001727.
COM-0870,SUP-0079,2026-08-17 00:00:00,EMAIL,Delivery schedule,Please send the latest forecast for the upcoming delivery period.
COM-0871,SUP-0089,2026-07-30 00:00:00,EMAIL,Quality documentation,We are reviewing pricing for the next purchasing cycle.
COM-0872,SUP-0073,2026-02-08 00:00:00,PHONE_NOTE,Quantity confirmation,Attached is the latest shipping documentation for your records.
COM-0873,SUP-0062,2026-06-25 00:00:00,PORTAL,Order status,Please confirm receipt of purchase order PO-002459.
COM-0874,SUP-0099,2026-08-06 00:00:00,PORTAL,Payment reminder,The shipment remains on the previously communicated schedule.
COM-0875,SUP-0095,2026-09-14 00:00:00,EMAIL,Quality documentation,Please confirm the current outstanding balance for our account.
COM-0876,SUP-0068,2026-05-20 00:00:00,EMAIL,Pricing discussion,Attached is the latest shipping documentation for your records.
COM-0877,SUP-0103,2026-06-07 00:00:00,EMAIL,Invoice submission,Please confirm the expected delivery date and carrier reference.
COM-0878,SUP-0054,2026-08-11 00:00:00,EMAIL,Invoice submission,Please confirm the expected delivery date and carrier reference.
COM-0879,SUP-0056,2026-07-15 00:00:00,PORTAL,Order status,We are reviewing the current contract terms and will follow up if clarification is required.
COM-0880,SUP-0034,2026-03-30 00:00:00,PORTAL,Quality documentation,Our accounts team is reconciling recent transactions.
COM-0881,SUP-0036,2026-02-07 00:00:00,EMAIL,Purchase order confirmation,The shipment remains on the previously communicated schedule.
COM-0882,SUP-0105,2026-09-01 00:00:00,PORTAL,Account reconciliation,We are reviewing the current contract terms and will follow up if clarification is required.
COM-0883,SUP-0016,2026-08-29 00:00:00,PORTAL,Delivery update,We are reviewing the current contract terms and will follow up if clarification is required.
COM-0884,SUP-0084,2026-10-15 00:00:00,EMAIL,Quality documentation,Please confirm receipt of purchase order PO-003045.
COM-0885,SUP-0064,2026-06-03 00:00:00,EMAIL,Delivery update,We are reviewing pricing for the next purchasing cycle.
COM-0886,SUP-0015,2026-08-17 00:00:00,EMAIL,Shipping documentation,Please provide an updated delivery estimate for the current order.
COM-0887,SUP-0067,2026-03-18 00:00:00,PORTAL,Account reconciliation,Please provide an updated delivery estimate for the current order.
COM-0888,SUP-0023,2026-06-03 00:00:00,EMAIL,Order status,Invoice INV-004566 has been submitted for processing against PO-004566.
COM-0889,SUP-0112,2026-03-05 00:00:00,EMAIL,Pricing discussion,Please confirm whether the requested quantity remains unchanged.
COM-0890,SUP-0057,2026-03-27 00:00:00,PHONE_NOTE,General account update,Please provide an updated delivery estimate for the current order.
COM-0891,SUP-0116,2026-09-23 00:00:00,PHONE_NOTE,Account reconciliation,Attached is the latest shipping documentation for your records.
COM-0892,SUP-0082,2026-04-12 00:00:00,PORTAL,Pricing discussion,Please provide the required quality documentation for the shipment.
COM-0893,SUP-0072,2026-03-17 00:00:00,PHONE_NOTE,Forecast update,Invoice INV-004455 has been submitted for processing against PO-004455.
COM-0894,SUP-0050,2026-02-19 00:00:00,EMAIL,General account update,The shipment remains on the previously communicated schedule.
COM-0895,SUP-0067,2026-05-04 00:00:00,EMAIL,Monthly statement,Please send the latest forecast for the upcoming delivery period.
COM-0896,SUP-0040,2026-09-27 00:00:00,EMAIL,General account update,We are reviewing the current contract terms and will follow up if clarification is required.
COM-0897,SUP-0071,2026-03-31 00:00:00,EMAIL,Monthly statement,The shipment remains on the previously communicated schedule.
COM-0898,SUP-0056,2026-05-09 00:00:00,EMAIL,Monthly statement,Our accounts team is reconciling recent transactions.
COM-0899,SUP-0083,2026-02-21 00:00:00,EMAIL,Account reconciliation,Please send the latest forecast for the upcoming delivery period.
COM-0900,SUP-0010,2026-03-10 00:00:00,EMAIL,Delivery update,Please confirm the current outstanding balance for our account.
COM-0901,SUP-0069,2026-01-16 00:00:00,EMAIL,Invoice submission,We are reviewing pricing for the next purchasing cycle.
COM-0902,SUP-0092,2026-04-01 00:00:00,PORTAL,Monthly statement,Please confirm whether the requested quantity remains unchanged.
COM-0903,SUP-0006,2026-08-17 00:00:00,PHONE_NOTE,Shipping documentation,Please confirm the expected delivery date and carrier reference.
COM-0904,SUP-0052,2026-07-19 00:00:00,PORTAL,Pricing discussion,The shipment remains on the previously communicated schedule.
COM-0905,SUP-0013,2026-10-01 00:00:00,EMAIL,Delivery schedule,Please provide the required quality documentation for the shipment.
COM-0906,SUP-0026,2026-01-25 00:00:00,EMAIL,Payment reminder,Our accounts team is reconciling recent transactions.
COM-0907,SUP-0002,2026-08-01 00:00:00,EMAIL,General account update,Please confirm whether the requested quantity remains unchanged.
COM-0908,SUP-0097,2026-05-20 00:00:00,EMAIL,Contract review,Please send the latest forecast for the upcoming delivery period.
COM-0909,SUP-0111,2026-05-03 00:00:00,EMAIL,Pricing discussion,Please provide an updated delivery estimate for the current order.
COM-0910,SUP-0027,2026-10-13 00:00:00,PORTAL,Account reconciliation,Please confirm the expected delivery date and carrier reference.
COM-0911,SUP-0046,2026-02-25 00:00:00,PORTAL,Pricing discussion,Please confirm the current outstanding balance for our account.
COM-0912,SUP-0022,2026-01-23 00:00:00,PHONE_NOTE,Payment reminder,Please confirm the expected delivery date and carrier reference.
COM-0913,SUP-0060,2026-09-01 00:00:00,PORTAL,Delivery update,Please confirm receipt of purchase order PO-002548.
COM-0914,SUP-0088,2026-09-26 00:00:00,PHONE_NOTE,Account reconciliation,Please provide an updated delivery estimate for the current order.
COM-0915,SUP-0061,2026-07-02 00:00:00,EMAIL,Order status,Please confirm receipt of purchase order PO-002858.
COM-0916,SUP-0087,2026-03-14 00:00:00,PHONE_NOTE,Delivery update,Our accounts team is reconciling recent transactions.
COM-0917,SUP-0102,2026-06-11 00:00:00,PORTAL,Pricing discussion,Invoice INV-001363 has been submitted for processing against PO-001363.
COM-0918,SUP-0008,2026-06-04 00:00:00,EMAIL,Shipping documentation,Please send the latest forecast for the upcoming delivery period.
COM-0919,SUP-0070,2026-04-21 00:00:00,EMAIL,Pricing discussion,Please confirm whether the requested quantity remains unchanged.
COM-0920,SUP-0119,2026-03-24 00:00:00,PHONE_NOTE,Pricing discussion,Please confirm receipt of purchase order PO-002635.
COM-0921,SUP-0084,2026-03-05 00:00:00,PORTAL,Monthly statement,Please confirm the expected delivery date and carrier reference.
COM-0922,SUP-0037,2026-08-28 00:00:00,EMAIL,Account reconciliation,Invoice INV-000382 has been submitted for processing against PO-000382.
COM-0923,SUP-0099,2026-04-08 00:00:00,EMAIL,Contract review,The shipment remains on the previously communicated schedule.
COM-0924,SUP-0016,2026-07-25 00:00:00,EMAIL,Quality documentation,The shipment remains on the previously communicated schedule.
COM-0925,SUP-0112,2026-03-30 00:00:00,PHONE_NOTE,General account update,Please confirm whether the requested quantity remains unchanged.
COM-0926,SUP-0022,2026-06-28 00:00:00,EMAIL,Forecast update,Attached is the latest shipping documentation for your records.
COM-0927,SUP-0095,2026-10-06 00:00:00,PORTAL,Forecast update,Please confirm the current outstanding balance for our account.
COM-0928,SUP-0045,2026-05-31 00:00:00,EMAIL,Contract review,Please provide an updated delivery estimate for the current order.
COM-0929,SUP-0099,2026-01-30 00:00:00,EMAIL,Order status,Please provide an updated delivery estimate for the current order.
COM-0930,SUP-0047,2026-09-19 00:00:00,PORTAL,Quantity confirmation,Invoice INV-004011 has been submitted for processing against PO-004011.
COM-0931,SUP-0006,2026-07-17 00:00:00,EMAIL,General account update,The shipment remains on the previously communicated schedule.
COM-0932,SUP-0023,2026-08-07 00:00:00,EMAIL,Quantity confirmation,Invoice INV-003937 has been submitted for processing against PO-003937.
COM-0933,SUP-0008,2026-07-02 00:00:00,PHONE_NOTE,Payment reminder,Please confirm the expected delivery date and carrier reference.
COM-0934,SUP-0006,2026-02-25 00:00:00,EMAIL,Quality documentation,We are reviewing pricing for the next purchasing cycle.
COM-0935,SUP-0106,2026-09-21 00:00:00,EMAIL,Delivery update,The shipment remains on the previously communicated schedule.
COM-0936,SUP-0116,2026-06-12 00:00:00,PORTAL,Monthly statement,The shipment remains on the previously communicated schedule.
COM-0937,SUP-0101,2026-08-14 00:00:00,EMAIL,Account reconciliation,Attached is the latest shipping documentation for your records.
COM-0938,SUP-0063,2026-09-07 00:00:00,EMAIL,Order status,Attached is the latest shipping documentation for your records.
COM-0939,SUP-0021,2026-05-08 00:00:00,PORTAL,Order status,Please confirm receipt of purchase order PO-001440.
COM-0940,SUP-0070,2026-06-24 00:00:00,EMAIL,Monthly statement,Invoice INV-002783 has been submitted for processing against PO-002783.
COM-0941,SUP-0052,2026-10-10 00:00:00,PHONE_NOTE,Delivery schedule,Please send the latest forecast for the upcoming delivery period.
COM-0942,SUP-0083,2026-06-02 00:00:00,PORTAL,Shipping documentation,Please confirm the current outstanding balance for our account.
COM-0943,SUP-0099,2026-02-18 00:00:00,PHONE_NOTE,Quality documentation,Please provide an updated delivery estimate for the current order.
COM-0944,SUP-0108,2026-05-04 00:00:00,EMAIL,Forecast update,We are reviewing pricing for the next purchasing cycle.
COM-0945,SUP-0024,2026-09-06 00:00:00,PORTAL,Payment reminder,Please confirm the current outstanding balance for our account.
COM-0946,SUP-0027,2026-08-31 00:00:00,PHONE_NOTE,General account update,Please provide an updated delivery estimate for the current order.
COM-0947,SUP-0071,2026-03-24 00:00:00,PORTAL,Contract review,Please confirm the expected delivery date and carrier reference.
COM-0948,SUP-0053,2026-03-06 00:00:00,EMAIL,Account reconciliation,Please provide an updated delivery estimate for the current order.
COM-0949,SUP-0010,2026-04-20 00:00:00,PORTAL,Forecast update,Please confirm the current outstanding balance for our account.
COM-0950,SUP-0015,2026-03-29 00:00:00,PORTAL,General account update,Please confirm the expected delivery date and carrier reference.
COM-0951,SUP-0037,2026-07-16 00:00:00,PHONE_NOTE,Quality documentation,Our accounts team is reconciling recent transactions.
COM-0952,SUP-0009,2026-03-21 00:00:00,EMAIL,Purchase order confirmation,The shipment remains on the previously communicated schedule.
COM-0953,SUP-0009,2026-06-15 00:00:00,EMAIL,Order status,Please confirm the current outstanding balance for our account.
COM-0954,SUP-0088,2026-09-08 00:00:00,PORTAL,Shipping documentation,Our accounts team is reconciling recent transactions.
COM-0955,SUP-0013,2026-09-04 00:00:00,EMAIL,General account update,Attached is the latest shipping documentation for your records.
COM-0956,SUP-0002,2026-05-08 00:00:00,PHONE_NOTE,Contract review,Attached is the latest shipping documentation for your records.
COM-0957,SUP-0034,2026-05-16 00:00:00,PORTAL,Forecast update,Please confirm receipt of purchase order PO-004352.
COM-0958,SUP-0068,2026-10-25 00:00:00,PORTAL,Shipping documentation,Please confirm the expected delivery date and carrier reference.
COM-0959,SUP-0019,2026-07-06 00:00:00,EMAIL,Shipping documentation,Our accounts team is reconciling recent transactions.
COM-0960,SUP-0073,2026-05-07 00:00:00,PHONE_NOTE,Invoice submission,Please confirm the current outstanding balance for our account.
COM-0961,SUP-0023,2026-08-08 00:00:00,EMAIL,Forecast update,Please confirm receipt of purchase order PO-000198.
COM-0962,SUP-0018,2026-10-19 00:00:00,EMAIL,Order status,The shipment remains on the previously communicated schedule.
COM-0963,SUP-0016,2026-06-26 00:00:00,EMAIL,Shipping documentation,The shipment remains on the previously communicated schedule.
COM-0964,SUP-0028,2026-08-21 00:00:00,PORTAL,Shipping documentation,Please confirm whether the requested quantity remains unchanged.
COM-0965,SUP-0017,2026-04-01 00:00:00,EMAIL,Delivery schedule,The shipment remains on the previously communicated schedule.
COM-0966,SUP-0044,2026-08-23 00:00:00,PORTAL,Payment reminder,Attached is the latest shipping documentation for your records.
COM-0967,SUP-0032,2026-09-10 00:00:00,EMAIL,Contract review,Please confirm receipt of purchase order PO-002970.
COM-0968,SUP-0097,2026-05-20 00:00:00,EMAIL,Invoice submission,We are reviewing the current contract terms and will follow up if clarification is required.
COM-0969,SUP-0096,2026-07-07 00:00:00,PORTAL,Contract review,The shipment remains on the previously communicated schedule.
COM-0970,SUP-0001,2026-04-02 00:00:00,EMAIL,Account reconciliation,Our accounts team is reconciling recent transactions.
COM-0971,SUP-0062,2026-04-07 00:00:00,EMAIL,Purchase order confirmation,Please confirm the expected delivery date and carrier reference.
COM-0972,SUP-0062,2026-03-16 00:00:00,EMAIL,Forecast update,The shipment remains on the previously communicated schedule.
COM-0973,SUP-0034,2026-10-04 00:00:00,PHONE_NOTE,Shipping documentation,We are reviewing the current contract terms and will follow up if clarification is required.
COM-0974,SUP-0059,2026-04-22 00:00:00,PORTAL,Contract review,Please confirm whether the requested quantity remains unchanged.
COM-0975,SUP-0086,2026-08-05 00:00:00,EMAIL,Purchase order confirmation,We are reviewing pricing for the next purchasing cycle.
COM-0976,SUP-0016,2026-06-20 00:00:00,EMAIL,Delivery schedule,Attached is the latest shipping documentation for your records.
COM-0977,SUP-0044,2026-03-10 00:00:00,PORTAL,General account update,Invoice INV-001786 has been submitted for processing against PO-001786.
COM-0978,SUP-0092,2026-02-25 00:00:00,EMAIL,Order status,Please confirm whether the requested quantity remains unchanged.
COM-0979,SUP-0102,2026-06-04 00:00:00,EMAIL,Delivery schedule,We are reviewing pricing for the next purchasing cycle.
COM-0980,SUP-0037,2026-05-29 00:00:00,EMAIL,Quality documentation,The shipment remains on the previously communicated schedule.
COM-0981,SUP-0076,2026-08-16 00:00:00,PORTAL,Payment reminder,Please provide the required quality documentation for the shipment.
COM-0982,SUP-0017,2026-06-12 00:00:00,PORTAL,Delivery schedule,Invoice INV-004113 has been submitted for processing against PO-004113.
COM-0983,SUP-0030,2026-08-30 00:00:00,EMAIL,Account reconciliation,Please confirm whether the requested quantity remains unchanged.
COM-0984,SUP-0014,2026-03-28 00:00:00,EMAIL,Delivery update,Please send the latest forecast for the upcoming delivery period.
COM-0985,SUP-0024,2026-06-23 00:00:00,PORTAL,Order status,Please confirm the current outstanding balance for our account.
COM-0986,SUP-0106,2026-06-16 00:00:00,PHONE_NOTE,Contract review,Please confirm whether the requested quantity remains unchanged.
COM-0987,SUP-0111,2026-06-14 00:00:00,PHONE_NOTE,Monthly statement,Attached is the latest shipping documentation for your records.
COM-0988,SUP-0027,2026-09-13 00:00:00,EMAIL,Pricing discussion,We are reviewing the current contract terms and will follow up if clarification is required.
COM-0989,SUP-0029,2026-08-10 00:00:00,PHONE_NOTE,Shipping documentation,The shipment remains on the previously communicated schedule.
COM-0990,SUP-0066,2026-06-28 00:00:00,EMAIL,Monthly statement,Please confirm the expected delivery date and carrier reference.
COM-0991,SUP-0091,2026-03-25 00:00:00,PORTAL,Quality documentation,Please confirm whether the requested quantity remains unchanged.
COM-0992,SUP-0062,2026-06-03 00:00:00,PHONE_NOTE,Payment reminder,Invoice INV-000665 has been submitted for processing against PO-000665.
COM-0993,SUP-0027,2026-06-25 00:00:00,PORTAL,Quantity confirmation,The shipment remains on the previously communicated schedule.
COM-0994,SUP-0020,2026-03-26 00:00:00,PORTAL,Account reconciliation,The shipment remains on the previously communicated schedule.
COM-0995,SUP-0030,2026-07-22 00:00:00,PHONE_NOTE,Purchase order confirmation,Invoice INV-003105 has been submitted for processing against PO-003105.
COM-0996,SUP-0115,2026-01-19 00:00:00,EMAIL,Invoice submission,Please confirm the current outstanding balance for our account.
COM-0997,SUP-0032,2026-08-25 00:00:00,EMAIL,Invoice submission,Please send the latest forecast for the upcoming delivery period.
COM-0998,SUP-0093,2026-08-20 00:00:00,PHONE_NOTE,Quality documentation,Please provide the required quality documentation for the shipment.
COM-0999,SUP-0008,2026-05-23 00:00:00,EMAIL,Shipping documentation,Please provide the required quality documentation for the shipment.
COM-1000,SUP-0120,2026-03-06 00:00:00,EMAIL,Forecast update,Our accounts team is reconciling recent transactions.
COM-1001,SUP-0024,2026-03-22 00:00:00,EMAIL,Quality documentation,The shipment remains on the previously communicated schedule.
COM-1002,SUP-0081,2026-10-14 00:00:00,PHONE_NOTE,Pricing discussion,Attached is the latest shipping documentation for your records.
COM-1003,SUP-0075,2026-06-17 00:00:00,PHONE_NOTE,Account reconciliation,Invoice INV-004748 has been submitted for processing against PO-004748.
COM-1004,SUP-0071,2026-02-13 00:00:00,PHONE_NOTE,Purchase order confirmation,Invoice INV-003685 has been submitted for processing against PO-003685.
COM-1005,SUP-0094,2026-05-30 00:00:00,EMAIL,Order status,Please send the latest forecast for the upcoming delivery period.
COM-1006,SUP-0017,2026-02-14 00:00:00,PORTAL,Account reconciliation,The shipment remains on the previously communicated schedule.
COM-1007,SUP-0001,2026-10-05 00:00:00,EMAIL,Delivery update,Attached is the latest shipping documentation for your records.
COM-1008,SUP-0052,2026-05-23 00:00:00,PORTAL,Purchase order confirmation,Attached is the latest shipping documentation for your records.
COM-1009,SUP-0089,2026-03-27 00:00:00,EMAIL,Invoice submission,Please send the latest forecast for the upcoming delivery period.
COM-1010,SUP-0066,2026-04-03 00:00:00,EMAIL,Delivery update,Invoice INV-000602 has been submitted for processing against PO-000602.
COM-1011,SUP-0045,2026-02-24 00:00:00,EMAIL,Contract review,Attached is the latest shipping documentation for your records.
COM-1012,SUP-0022,2026-08-03 00:00:00,PHONE_NOTE,Payment reminder,Please confirm whether the requested quantity remains unchanged.
COM-1013,SUP-0104,2026-09-25 00:00:00,PORTAL,Quality documentation,Please confirm the expected delivery date and carrier reference.
COM-1014,SUP-0080,2026-08-14 00:00:00,PHONE_NOTE,Delivery schedule,Please confirm the expected delivery date and carrier reference.
COM-1015,SUP-0044,2026-05-16 00:00:00,EMAIL,Contract review,Please provide the required quality documentation for the shipment.
COM-1016,SUP-0100,2026-06-02 00:00:00,EMAIL,Monthly statement,Please provide the required quality documentation for the shipment.
COM-1017,SUP-0071,2026-06-11 00:00:00,PORTAL,Contract review,Please confirm the current outstanding balance for our account.
COM-1018,SUP-0067,2026-09-20 00:00:00,PHONE_NOTE,Payment reminder,Please send the latest forecast for the upcoming delivery period.
COM-1019,SUP-0009,2026-02-18 00:00:00,PORTAL,Delivery update,Our accounts team is reconciling recent transactions.
COM-1020,SUP-0103,2026-05-14 00:00:00,EMAIL,Monthly statement,Please confirm receipt of purchase order PO-000286.
COM-1021,SUP-0114,2026-04-20 00:00:00,PORTAL,Account reconciliation,Please send the latest forecast for the upcoming delivery period.
COM-1022,SUP-0105,2026-05-23 00:00:00,PHONE_NOTE,General account update,We are reviewing pricing for the next purchasing cycle.
COM-1023,SUP-0054,2026-06-22 00:00:00,EMAIL,Delivery schedule,We are reviewing pricing for the next purchasing cycle.
COM-1024,SUP-0023,2026-03-11 00:00:00,PORTAL,General account update,The shipment remains on the previously communicated schedule.
COM-1025,SUP-0028,2026-05-10 00:00:00,PORTAL,Delivery schedule,Please send the latest forecast for the upcoming delivery period.
COM-1026,SUP-0017,2026-02-20 00:00:00,EMAIL,General account update,We are reviewing the current contract terms and will follow up if clarification is required.
COM-1027,SUP-0102,2026-07-30 00:00:00,PORTAL,Invoice submission,Please provide the required quality documentation for the shipment.
COM-1028,SUP-0070,2026-04-15 00:00:00,PHONE_NOTE,Account reconciliation,Please confirm the expected delivery date and carrier reference.
COM-1029,SUP-0113,2026-02-02 00:00:00,PORTAL,Invoice submission,Please send the latest forecast for the upcoming delivery period.
COM-1030,SUP-0076,2026-09-21 00:00:00,EMAIL,Account reconciliation,Please confirm the expected delivery date and carrier reference.
COM-1031,SUP-0036,2026-02-02 00:00:00,EMAIL,General account update,The shipment remains on the previously communicated schedule.
COM-1032,SUP-0041,2026-09-23 00:00:00,PHONE_NOTE,Order status,Please confirm receipt of purchase order PO-003681.
COM-1033,SUP-0030,2026-04-21 00:00:00,PHONE_NOTE,Contract review,Please confirm the expected delivery date and carrier reference.
COM-1034,SUP-0009,2026-06-26 00:00:00,PHONE_NOTE,Forecast update,Please confirm receipt of purchase order PO-004814.
COM-1035,SUP-0031,2026-05-23 00:00:00,PHONE_NOTE,Delivery schedule,We are reviewing the current contract terms and will follow up if clarification is required.
COM-1036,SUP-0109,2026-10-14 00:00:00,PHONE_NOTE,Quantity confirmation,Please provide an updated delivery estimate for the current order.
COM-1037,SUP-0023,2026-03-13 00:00:00,EMAIL,Shipping documentation,Please provide an updated delivery estimate for the current order.
COM-1038,SUP-0073,2026-05-16 00:00:00,EMAIL,Delivery update,Please confirm the current outstanding balance for our account.
COM-1039,SUP-0071,2026-05-08 00:00:00,EMAIL,Contract review,We are reviewing the current contract terms and will follow up if clarification is required.
COM-1040,SUP-0092,2026-08-16 00:00:00,EMAIL,Payment reminder,Please provide the required quality documentation for the shipment.
COM-1041,SUP-0005,2026-07-13 00:00:00,PHONE_NOTE,Delivery update,Please confirm the expected delivery date and carrier reference.
COM-1042,SUP-0081,2026-03-02 00:00:00,EMAIL,Delivery update,Please send the latest forecast for the upcoming delivery period.
COM-1043,SUP-0064,2026-05-28 00:00:00,PHONE_NOTE,Delivery schedule,Please confirm the expected delivery date and carrier reference.
COM-1044,SUP-0009,2026-05-16 00:00:00,PORTAL,Invoice submission,We are reviewing the current contract terms and will follow up if clarification is required.
COM-1045,SUP-0070,2026-01-22 00:00:00,EMAIL,Quantity confirmation,Our accounts team is reconciling recent transactions.
COM-1046,SUP-0047,2026-09-04 00:00:00,EMAIL,Contract review,We are reviewing the current contract terms and will follow up if clarification is required.
COM-1047,SUP-0054,2026-06-06 00:00:00,PHONE_NOTE,Order status,Please confirm the current outstanding balance for our account.
COM-1048,SUP-0060,2026-06-30 00:00:00,PHONE_NOTE,Quality documentation,Please confirm the expected delivery date and carrier reference.
COM-1049,SUP-0030,2026-05-20 00:00:00,EMAIL,Order status,Please confirm the expected delivery date and carrier reference.
COM-1050,SUP-0086,2026-04-14 00:00:00,EMAIL,Pricing discussion,Please send the latest forecast for the upcoming delivery period.
COM-1051,SUP-0014,2026-03-14 00:00:00,EMAIL,Forecast update,Please provide the required quality documentation for the shipment.
COM-1052,SUP-0104,2026-09-03 00:00:00,EMAIL,Quality documentation,Please confirm the expected delivery date and carrier reference.
COM-1053,SUP-0047,2026-08-22 00:00:00,PORTAL,Shipping documentation,Attached is the latest shipping documentation for your records.
COM-1054,SUP-0064,2026-06-07 00:00:00,PORTAL,Order status,Please confirm the current outstanding balance for our account.
COM-1055,SUP-0005,2026-10-10 00:00:00,EMAIL,Account reconciliation,Please confirm receipt of purchase order PO-002073.
COM-1056,SUP-0115,2026-09-07 00:00:00,PHONE_NOTE,Quality documentation,Please provide the required quality documentation for the shipment.
COM-1057,SUP-0023,2026-07-06 00:00:00,PHONE_NOTE,Payment reminder,Please confirm the current outstanding balance for our account.
COM-1058,SUP-0017,2026-10-02 00:00:00,PORTAL,Shipping documentation,Please confirm the expected delivery date and carrier reference.
COM-1059,SUP-0032,2026-05-12 00:00:00,EMAIL,Invoice submission,The shipment remains on the previously communicated schedule.
COM-1060,SUP-0022,2026-08-01 00:00:00,PHONE_NOTE,Pricing discussion,We are reviewing pricing for the next purchasing cycle.
COM-1061,SUP-0042,2026-07-27 00:00:00,EMAIL,Forecast update,We are reviewing pricing for the next purchasing cycle.
COM-1062,SUP-0106,2026-09-28 00:00:00,PORTAL,Purchase order confirmation,Please provide the required quality documentation for the shipment.
COM-1063,SUP-0068,2026-05-06 00:00:00,EMAIL,Contract review,Our accounts team is reconciling recent transactions.
COM-1064,SUP-0068,2026-07-29 00:00:00,EMAIL,Forecast update,The shipment remains on the previously communicated schedule.
COM-1065,SUP-0118,2026-06-24 00:00:00,PHONE_NOTE,Account reconciliation,Please provide the required quality documentation for the shipment.
COM-1066,SUP-0117,2026-10-29 00:00:00,PHONE_NOTE,Delivery schedule,Invoice INV-004753 has been submitted for processing against PO-004753.
COM-1067,SUP-0068,2026-04-23 00:00:00,PORTAL,General account update,We are reviewing the current contract terms and will follow up if clarification is required.
COM-1068,SUP-0101,2026-07-04 00:00:00,PHONE_NOTE,Forecast update,Please confirm the current outstanding balance for our account.
COM-1069,SUP-0051,2026-06-13 00:00:00,PORTAL,Quantity confirmation,Please confirm the expected delivery date and carrier reference.
COM-1070,SUP-0074,2026-07-02 00:00:00,EMAIL,Quantity confirmation,We are reviewing pricing for the next purchasing cycle.
COM-1071,SUP-0052,2026-10-03 00:00:00,EMAIL,Pricing discussion,Invoice INV-000959 has been submitted for processing against PO-000959.
COM-1072,SUP-0023,2026-04-10 00:00:00,EMAIL,Pricing discussion,Please confirm the expected delivery date and carrier reference.
COM-1073,SUP-0116,2026-09-16 00:00:00,EMAIL,Pricing discussion,Please confirm receipt of purchase order PO-000123.
COM-1074,SUP-0098,2026-05-04 00:00:00,EMAIL,Order status,We are reviewing pricing for the next purchasing cycle.
COM-1075,SUP-0038,2026-09-13 00:00:00,EMAIL,Order status,Invoice INV-002938 has been submitted for processing against PO-002938.
COM-1076,SUP-0026,2026-02-21 00:00:00,PORTAL,Delivery schedule,The shipment remains on the previously communicated schedule.
COM-1077,SUP-0105,2026-07-24 00:00:00,PHONE_NOTE,Shipping documentation,The shipment remains on the previously communicated schedule.
COM-1078,SUP-0049,2026-03-02 00:00:00,PHONE_NOTE,Delivery update,Please confirm receipt of purchase order PO-002613.
COM-1079,SUP-0049,2026-03-27 00:00:00,PHONE_NOTE,Contract review,Please confirm receipt of purchase order PO-003209.
COM-1080,SUP-0005,2026-02-03 00:00:00,EMAIL,Invoice submission,Please send the latest forecast for the upcoming delivery period.
COM-1081,SUP-0040,2026-04-24 00:00:00,EMAIL,Invoice submission,Please confirm receipt of purchase order PO-002197.
COM-1082,SUP-0087,2026-10-22 00:00:00,EMAIL,Delivery schedule,Please confirm receipt of purchase order PO-000004.
COM-1083,SUP-0051,2026-06-17 00:00:00,EMAIL,Quality documentation,Please confirm the current outstanding balance for our account.
COM-1084,SUP-0049,2026-11-09 00:00:00,EMAIL,Order status,We are reviewing the current contract terms and will follow up if clarification is required.
COM-1085,SUP-0067,2026-08-29 00:00:00,PORTAL,Pricing discussion,Please provide an updated delivery estimate for the current order.
COM-1086,SUP-0002,2026-06-22 00:00:00,EMAIL,Contract review,Please send the latest forecast for the upcoming delivery period.
COM-1087,SUP-0089,2026-03-23 00:00:00,PORTAL,Monthly statement,Attached is the latest shipping documentation for your records.
COM-1088,SUP-0119,2026-09-14 00:00:00,PORTAL,Shipping documentation,Please provide an updated delivery estimate for the current order.
COM-1089,SUP-0057,2026-05-22 00:00:00,PHONE_NOTE,Invoice submission,Please confirm the expected delivery date and carrier reference.
COM-1090,SUP-0105,2026-07-31 00:00:00,EMAIL,Delivery update,We are reviewing the current contract terms and will follow up if clarification is required.
COM-1091,SUP-0070,2026-03-26 00:00:00,PHONE_NOTE,Quality documentation,We are reviewing pricing for the next purchasing cycle.
COM-1092,SUP-0100,2026-04-27 00:00:00,EMAIL,Invoice submission,Please confirm receipt of purchase order PO-003697.
COM-1093,SUP-0085,2026-02-08 00:00:00,PHONE_NOTE,Forecast update,Our accounts team is reconciling recent transactions.
COM-1094,SUP-0074,2026-07-10 00:00:00,EMAIL,Pricing discussion,We are reviewing pricing for the next purchasing cycle.
COM-1095,SUP-0111,2026-09-04 00:00:00,PORTAL,Quantity confirmation,We are reviewing pricing for the next purchasing cycle.
COM-1096,SUP-0080,2026-07-26 00:00:00,EMAIL,Contract review,We are reviewing the current contract terms and will follow up if clarification is required.
COM-1097,SUP-0046,2026-05-28 00:00:00,PORTAL,Shipping documentation,Please confirm receipt of purchase order PO-001567.
COM-1098,SUP-0070,2026-08-04 00:00:00,PORTAL,General account update,Our accounts team is reconciling recent transactions.
COM-1099,SUP-0018,2026-05-27 00:00:00,PHONE_NOTE,Invoice submission,Attached is the latest shipping documentation for your records.
COM-1100,SUP-0097,2026-07-26 00:00:00,EMAIL,Order status,Please confirm the current outstanding balance for our account.
COM-1101,SUP-0033,2026-07-10 00:00:00,EMAIL,Pricing discussion,Invoice INV-002882 has been submitted for processing against PO-002882.
COM-1102,SUP-0113,2026-09-21 00:00:00,PORTAL,Delivery schedule,Please confirm whether the requested quantity remains unchanged.
COM-1103,SUP-0071,2026-07-23 00:00:00,EMAIL,Pricing discussion,Attached is the latest shipping documentation for your records.
COM-1104,SUP-0015,2026-09-29 00:00:00,EMAIL,Quality documentation,We are reviewing the current contract terms and will follow up if clarification is required.
COM-1105,SUP-0074,2026-05-24 00:00:00,PHONE_NOTE,Pricing discussion,Please confirm the expected delivery date and carrier reference.
COM-1106,SUP-0062,2026-04-07 00:00:00,PORTAL,Pricing discussion,Attached is the latest shipping documentation for your records.
COM-1107,SUP-0108,2026-01-09 00:00:00,PORTAL,Shipping documentation,Attached is the latest shipping documentation for your records.
COM-1108,SUP-0013,2026-07-15 00:00:00,PORTAL,Account reconciliation,Please send the latest forecast for the upcoming delivery period.
COM-1109,SUP-0096,2026-06-21 00:00:00,PORTAL,Contract review,We are reviewing pricing for the next purchasing cycle.
COM-1110,SUP-0072,2026-08-09 00:00:00,PHONE_NOTE,Delivery schedule,Attached is the latest shipping documentation for your records.
COM-1111,SUP-0008,2026-05-12 00:00:00,EMAIL,Delivery schedule,We are reviewing the current contract terms and will follow up if clarification is required.
COM-1112,SUP-0019,2026-04-14 00:00:00,PORTAL,Delivery update,Invoice INV-004389 has been submitted for processing against PO-004389.
COM-1113,SUP-0008,2026-05-19 00:00:00,EMAIL,Shipping documentation,The shipment remains on the previously communicated schedule.
COM-1114,SUP-0090,2026-08-03 00:00:00,EMAIL,Payment reminder,Our accounts team is reconciling recent transactions.
COM-1115,SUP-0058,2026-03-21 00:00:00,EMAIL,Payment reminder,Attached is the latest shipping documentation for your records.
COM-1116,SUP-0052,2026-07-18 00:00:00,PHONE_NOTE,Purchase order confirmation,We are reviewing pricing for the next purchasing cycle.
COM-1117,SUP-0110,2026-07-29 00:00:00,EMAIL,Delivery update,We are reviewing the current contract terms and will follow up if clarification is required.
COM-1118,SUP-0118,2026-03-30 00:00:00,EMAIL,Pricing discussion,Please send the latest forecast for the upcoming delivery period.
COM-1119,SUP-0087,2026-07-31 00:00:00,EMAIL,Shipping documentation,Please provide the required quality documentation for the shipment.
COM-1120,SUP-0095,2026-02-16 00:00:00,PHONE_NOTE,Quality documentation,Please confirm the current outstanding balance for our account.
COM-1121,SUP-0055,2026-08-12 00:00:00,PORTAL,Quantity confirmation,Please confirm the current outstanding balance for our account.
COM-1122,SUP-0030,2026-03-09 00:00:00,PHONE_NOTE,Shipping documentation,The shipment remains on the previously communicated schedule.
COM-1123,SUP-0081,2026-07-04 00:00:00,EMAIL,Payment reminder,Attached is the latest shipping documentation for your records.
COM-1124,SUP-0012,2026-08-07 00:00:00,PORTAL,Payment reminder,The shipment remains on the previously communicated schedule.
COM-1125,SUP-0049,2026-06-07 00:00:00,PHONE_NOTE,Purchase order confirmation,Please confirm receipt of purchase order PO-000146.
COM-1126,SUP-0080,2026-07-13 00:00:00,EMAIL,Shipping documentation,Please provide an updated delivery estimate for the current order.
COM-1127,SUP-0037,2026-07-29 00:00:00,EMAIL,General account update,Please confirm the expected delivery date and carrier reference.
COM-1128,SUP-0080,2026-06-05 00:00:00,EMAIL,Delivery schedule,Please confirm receipt of purchase order PO-004416.
COM-1129,SUP-0041,2026-10-27 00:00:00,PORTAL,Pricing discussion,Please send the latest forecast for the upcoming delivery period.
COM-1130,SUP-0025,2026-08-01 00:00:00,EMAIL,Delivery schedule,Please provide the required quality documentation for the shipment.
COM-1131,SUP-0042,2026-07-27 00:00:00,PHONE_NOTE,Pricing discussion,Please confirm receipt of purchase order PO-000040.
COM-1132,SUP-0062,2026-06-04 00:00:00,EMAIL,Monthly statement,Please send the latest forecast for the upcoming delivery period.
COM-1133,SUP-0118,2026-07-24 00:00:00,PHONE_NOTE,Invoice submission,Please confirm the current outstanding balance for our account.
COM-1134,SUP-0077,2026-08-26 00:00:00,EMAIL,Shipping documentation,The shipment remains on the previously communicated schedule.
COM-1135,SUP-0039,2026-07-01 00:00:00,PHONE_NOTE,Order status,Please send the latest forecast for the upcoming delivery period.
COM-1136,SUP-0040,2026-07-17 00:00:00,PHONE_NOTE,Quality documentation,Please provide the required quality documentation for the shipment.
COM-1137,SUP-0067,2026-10-12 00:00:00,EMAIL,Delivery schedule,Please provide the required quality documentation for the shipment.
COM-1138,SUP-0065,2026-08-04 00:00:00,PHONE_NOTE,Account reconciliation,Please confirm the current outstanding balance for our account.
COM-1139,SUP-0048,2026-06-10 00:00:00,EMAIL,General account update,Please confirm the expected delivery date and carrier reference.
COM-1140,SUP-0083,2026-05-16 00:00:00,EMAIL,Account reconciliation,Invoice INV-001112 has been submitted for processing against PO-001112.
COM-1141,SUP-0115,2026-04-22 00:00:00,EMAIL,Account reconciliation,Please confirm receipt of purchase order PO-002526.
COM-1142,SUP-0047,2026-09-16 00:00:00,EMAIL,Pricing discussion,Please send the latest forecast for the upcoming delivery period.
COM-1143,SUP-0056,2026-05-12 00:00:00,PHONE_NOTE,Purchase order confirmation,Invoice INV-003488 has been submitted for processing against PO-003488.
COM-1144,SUP-0035,2026-03-24 00:00:00,EMAIL,Purchase order confirmation,Our accounts team is reconciling recent transactions.
COM-1145,SUP-0015,2026-06-01 00:00:00,PHONE_NOTE,Monthly statement,Please provide an updated delivery estimate for the current order.
COM-1146,SUP-0089,2026-04-24 00:00:00,EMAIL,General account update,Attached is the latest shipping documentation for your records.
COM-1147,SUP-0083,2026-03-22 00:00:00,PHONE_NOTE,Quality documentation,Please confirm the expected delivery date and carrier reference.
COM-1148,SUP-0091,2026-09-02 00:00:00,PHONE_NOTE,Shipping documentation,Please provide the required quality documentation for the shipment.
COM-1149,SUP-0081,2026-06-03 00:00:00,EMAIL,Pricing discussion,Invoice INV-000505 has been submitted for processing against PO-000505.
COM-1150,SUP-0066,2026-10-19 00:00:00,EMAIL,Pricing discussion,Invoice INV-003364 has been submitted for processing against PO-003364.
COM-1151,SUP-0096,2026-06-27 00:00:00,PORTAL,Payment reminder,The shipment remains on the previously communicated schedule.
COM-1152,SUP-0110,2026-07-16 00:00:00,PORTAL,Delivery update,We are reviewing pricing for the next purchasing cycle.
COM-1153,SUP-0112,2026-09-16 00:00:00,EMAIL,Shipping documentation,Attached is the latest shipping documentation for your records.
COM-1154,SUP-0110,2026-06-29 00:00:00,EMAIL,Invoice submission,The shipment remains on the previously communicated schedule.
COM-1155,SUP-0086,2026-05-10 00:00:00,PHONE_NOTE,Quantity confirmation,We are reviewing the current contract terms and will follow up if clarification is required.
COM-1156,SUP-0094,2026-01-11 00:00:00,PORTAL,Payment reminder,The shipment remains on the previously communicated schedule.
COM-1157,SUP-0009,2026-03-14 00:00:00,PHONE_NOTE,Payment reminder,Please provide an updated delivery estimate for the current order.
COM-1158,SUP-0073,2026-07-28 00:00:00,EMAIL,Contract review,We are reviewing pricing for the next purchasing cycle.
COM-1159,SUP-0019,2026-09-07 00:00:00,PHONE_NOTE,Pricing discussion,Please confirm whether the requested quantity remains unchanged.
COM-1160,SUP-0060,2026-03-03 00:00:00,PHONE_NOTE,Invoice submission,Please confirm whether the requested quantity remains unchanged.
COM-1161,SUP-0089,2026-06-17 00:00:00,PORTAL,Invoice submission,We are reviewing pricing for the next purchasing cycle.
COM-1162,SUP-0060,2026-02-26 00:00:00,EMAIL,Delivery update,Please provide an updated delivery estimate for the current order.
COM-1163,SUP-0034,2026-07-21 00:00:00,PORTAL,Invoice submission,We are reviewing pricing for the next purchasing cycle.
COM-1164,SUP-0017,2026-04-12 00:00:00,EMAIL,Contract review,Attached is the latest shipping documentation for your records.
COM-1165,SUP-0004,2026-06-15 00:00:00,EMAIL,Quality documentation,The shipment remains on the previously communicated schedule.
COM-1166,SUP-0080,2026-07-26 00:00:00,PORTAL,Payment reminder,The shipment remains on the previously communicated schedule.
COM-1167,SUP-0046,2026-08-24 00:00:00,PORTAL,Monthly statement,Please provide an updated delivery estimate for the current order.
COM-1168,SUP-0110,2026-07-11 00:00:00,PHONE_NOTE,Quantity confirmation,Please confirm the expected delivery date and carrier reference.
COM-1169,SUP-0112,2026-10-10 00:00:00,PORTAL,Pricing discussion,We are reviewing the current contract terms and will follow up if clarification is required.
COM-1170,SUP-0010,2026-06-24 00:00:00,PHONE_NOTE,Monthly statement,The shipment remains on the previously communicated schedule.
COM-1171,SUP-0006,2026-05-08 00:00:00,PORTAL,Pricing discussion,Please send the latest forecast for the upcoming delivery period.
COM-1172,SUP-0070,2026-06-27 00:00:00,EMAIL,Shipping documentation,Please confirm the current outstanding balance for our account.
COM-1173,SUP-0029,2026-07-07 00:00:00,PHONE_NOTE,Quantity confirmation,We are reviewing pricing for the next purchasing cycle.
COM-1174,SUP-0015,2026-10-09 00:00:00,EMAIL,Shipping documentation,Please confirm the current outstanding balance for our account.
COM-1175,SUP-0041,2026-06-05 00:00:00,EMAIL,Order status,Please confirm the current outstanding balance for our account.
COM-1176,SUP-0021,2026-08-07 00:00:00,PHONE_NOTE,General account update,Attached is the latest shipping documentation for your records.
COM-1177,SUP-0119,2026-07-14 00:00:00,EMAIL,Invoice submission,The shipment remains on the previously communicated schedule.
COM-1178,SUP-0016,2026-02-01 00:00:00,EMAIL,Purchase order confirmation,Our accounts team is reconciling recent transactions.
COM-1179,SUP-0094,2026-06-15 00:00:00,EMAIL,Shipping documentation,Please send the latest forecast for the upcoming delivery period.
COM-1180,SUP-0071,2026-10-04 00:00:00,EMAIL,Account reconciliation,Invoice INV-001773 has been submitted for processing against PO-001773.
COM-1181,SUP-0033,2026-04-26 00:00:00,EMAIL,Monthly statement,The shipment remains on the previously communicated schedule.
COM-1182,SUP-0086,2026-06-10 00:00:00,PHONE_NOTE,Order status,Please send the latest forecast for the upcoming delivery period.
COM-1183,SUP-0089,2026-07-20 00:00:00,EMAIL,Monthly statement,Please confirm receipt of purchase order PO-001259.
COM-1184,SUP-0101,2026-09-25 00:00:00,PORTAL,Order status,Please provide an updated delivery estimate for the current order.
COM-1185,SUP-0001,2026-05-16 00:00:00,PORTAL,Delivery schedule,Please provide the required quality documentation for the shipment.
COM-1186,SUP-0074,2026-05-16 00:00:00,EMAIL,Order status,Please provide the required quality documentation for the shipment.
COM-1187,SUP-0096,2026-08-24 00:00:00,EMAIL,Monthly statement,Please send the latest forecast for the upcoming delivery period.
COM-1188,SUP-0030,2026-04-02 00:00:00,EMAIL,Quantity confirmation,Please confirm the expected delivery date and carrier reference.
COM-1189,SUP-0036,2026-06-11 00:00:00,EMAIL,Payment reminder,Please provide an updated delivery estimate for the current order.
COM-1190,SUP-0086,2026-03-30 00:00:00,PORTAL,Payment reminder,Please send the latest forecast for the upcoming delivery period.
COM-1191,SUP-0015,2026-02-11 00:00:00,EMAIL,Purchase order confirmation,Please provide an updated delivery estimate for the current order.
COM-1192,SUP-0097,2026-05-15 00:00:00,PORTAL,Monthly statement,Attached is the latest shipping documentation for your records.
COM-1193,SUP-0006,2026-10-05 00:00:00,EMAIL,Invoice submission,Please confirm the current outstanding balance for our account.
COM-1194,SUP-0055,2026-06-16 00:00:00,PORTAL,Delivery update,The shipment remains on the previously communicated schedule.
COM-1195,SUP-0073,2026-03-13 00:00:00,PORTAL,Forecast update,The shipment remains on the previously communicated schedule.
COM-1196,SUP-0047,2026-10-07 00:00:00,PHONE_NOTE,Monthly statement,We are reviewing the current contract terms and will follow up if clarification is required.
COM-1197,SUP-0070,2026-04-21 00:00:00,EMAIL,Account reconciliation,Please confirm whether the requested quantity remains unchanged.
COM-1198,SUP-0021,2026-07-28 00:00:00,PHONE_NOTE,Quality documentation,Please confirm whether the requested quantity remains unchanged.
COM-1199,SUP-0110,2026-06-04 00:00:00,PORTAL,Account reconciliation,The shipment remains on the previously communicated schedule.
COM-1200,SUP-0081,2026-05-20 00:00:00,EMAIL,Payment reminder,Please confirm the current outstanding balance for our account.
COM-1201,SUP-0111,2026-05-19 00:00:00,PHONE_NOTE,Order status,We are reviewing pricing for the next purchasing cycle.
COM-1202,SUP-0110,2026-05-02 00:00:00,PHONE_NOTE,Contract review,Attached is the latest shipping documentation for your records.
COM-1203,SUP-0018,2026-06-25 00:00:00,EMAIL,Delivery update,The shipment remains on the previously communicated schedule.
COM-1204,SUP-0096,2026-09-06 00:00:00,EMAIL,Delivery schedule,Invoice INV-002748 has been submitted for processing against PO-002748.
COM-1205,SUP-0057,2026-09-02 00:00:00,PHONE_NOTE,Delivery update,Please confirm the current outstanding balance for our account.
COM-1206,SUP-0111,2026-03-19 00:00:00,EMAIL,Quantity confirmation,Please confirm the expected delivery date and carrier reference.
COM-1207,SUP-0118,2026-06-06 00:00:00,EMAIL,Purchase order confirmation,Please provide an updated delivery estimate for the current order.
COM-1208,SUP-0034,2026-03-25 00:00:00,PORTAL,Pricing discussion,We are reviewing the current contract terms and will follow up if clarification is required.
COM-1209,SUP-0108,2026-06-07 00:00:00,EMAIL,Monthly statement,Please confirm the current outstanding balance for our account.
COM-1210,SUP-0027,2026-10-24 00:00:00,EMAIL,Pricing discussion,Our accounts team is reconciling recent transactions.
COM-1211,SUP-0016,2026-10-03 00:00:00,PHONE_NOTE,Contract review,Please confirm the expected delivery date and carrier reference.
COM-1212,SUP-0042,2026-06-28 00:00:00,EMAIL,Invoice submission,The shipment remains on the previously communicated schedule.
COM-1213,SUP-0055,2026-07-20 00:00:00,PHONE_NOTE,Order status,Please confirm whether the requested quantity remains unchanged.
COM-1214,SUP-0109,2026-01-12 00:00:00,PHONE_NOTE,Monthly statement,Please confirm whether the requested quantity remains unchanged.
COM-1215,SUP-0067,2026-08-14 00:00:00,EMAIL,Account reconciliation,We are reviewing pricing for the next purchasing cycle.
COM-1216,SUP-0100,2026-02-19 00:00:00,EMAIL,Order status,We are reviewing pricing for the next purchasing cycle.
COM-1217,SUP-0069,2026-09-28 00:00:00,EMAIL,Pricing discussion,Attached is the latest shipping documentation for your records.
COM-1218,SUP-0003,2026-08-20 00:00:00,PHONE_NOTE,Order status,Invoice INV-002876 has been submitted for processing against PO-002876.
COM-1219,SUP-0105,2026-05-28 00:00:00,PORTAL,Payment reminder,Please confirm receipt of purchase order PO-003645.
COM-1220,SUP-0110,2026-04-02 00:00:00,PORTAL,Delivery update,Please provide an updated delivery estimate for the current order.
COM-1221,SUP-0007,2026-10-11 00:00:00,EMAIL,Delivery schedule,Please confirm whether the requested quantity remains unchanged.
COM-1222,SUP-0100,2026-03-09 00:00:00,PORTAL,Purchase order confirmation,Please confirm whether the requested quantity remains unchanged.
COM-1223,SUP-0050,2026-09-29 00:00:00,PHONE_NOTE,Forecast update,Please send the latest forecast for the upcoming delivery period.
COM-1224,SUP-0053,2026-07-28 00:00:00,EMAIL,Purchase order confirmation,Please confirm receipt of purchase order PO-001649.
COM-1225,SUP-0026,2026-03-19 00:00:00,PHONE_NOTE,Quality documentation,Please provide the required quality documentation for the shipment.
COM-1226,SUP-0048,2026-05-28 00:00:00,PHONE_NOTE,Forecast update,Please confirm receipt of purchase order PO-004352.
COM-1227,SUP-0058,2026-06-24 00:00:00,PORTAL,Quantity confirmation,Please confirm the expected delivery date and carrier reference.
COM-1228,SUP-0070,2026-04-13 00:00:00,EMAIL,Order status,Please confirm the expected delivery date and carrier reference.
COM-1229,SUP-0019,2026-08-13 00:00:00,PORTAL,Forecast update,We are reviewing the current contract terms and will follow up if clarification is required.
COM-1230,SUP-0020,2026-04-25 00:00:00,EMAIL,Payment reminder,Please send the latest forecast for the upcoming delivery period.
COM-1231,SUP-0076,2026-06-10 00:00:00,PHONE_NOTE,Pricing discussion,We are reviewing pricing for the next purchasing cycle.
COM-1232,SUP-0016,2026-09-04 00:00:00,PORTAL,Account reconciliation,We are reviewing the current contract terms and will follow up if clarification is required.
COM-1233,SUP-0035,2026-03-07 00:00:00,PORTAL,Purchase order confirmation,We are reviewing the current contract terms and will follow up if clarification is required.
COM-1234,SUP-0113,2026-03-22 00:00:00,EMAIL,Quality documentation,Please confirm the expected delivery date and carrier reference.
COM-1235,SUP-0042,2026-09-29 00:00:00,EMAIL,Purchase order confirmation,Please provide the required quality documentation for the shipment.
COM-1236,SUP-0097,2026-07-06 00:00:00,PHONE_NOTE,Shipping documentation,Our accounts team is reconciling recent transactions.
COM-1237,SUP-0062,2026-05-27 00:00:00,EMAIL,Forecast update,The shipment remains on the previously communicated schedule.
COM-1238,SUP-0056,2026-04-24 00:00:00,EMAIL,Invoice submission,Please provide the required quality documentation for the shipment.
COM-1239,SUP-0001,2026-05-06 00:00:00,EMAIL,Order status,We are reviewing the current contract terms and will follow up if clarification is required.
COM-1240,SUP-0079,2026-07-31 00:00:00,EMAIL,Contract review,Please send the latest forecast for the upcoming delivery period.
COM-1241,SUP-0007,2026-04-25 00:00:00,EMAIL,Shipping documentation,Attached is the latest shipping documentation for your records.
COM-1242,SUP-0068,2026-05-03 00:00:00,PHONE_NOTE,Account reconciliation,Please send the latest forecast for the upcoming delivery period.
COM-1243,SUP-0032,2026-03-06 00:00:00,PHONE_NOTE,General account update,Please confirm whether the requested quantity remains unchanged.
COM-1244,SUP-0103,2026-06-01 00:00:00,EMAIL,Order status,The shipment remains on the previously communicated schedule.
COM-1245,SUP-0103,2026-02-03 00:00:00,EMAIL,Invoice submission,Please confirm receipt of purchase order PO-002601.
COM-1246,SUP-0067,2026-08-04 00:00:00,PORTAL,Shipping documentation,Invoice INV-000344 has been submitted for processing against PO-000344.
COM-1247,SUP-0065,2026-04-28 00:00:00,EMAIL,Purchase order confirmation,Invoice INV-003886 has been submitted for processing against PO-003886.
COM-1248,SUP-0106,2026-07-26 00:00:00,EMAIL,Quality documentation,Invoice INV-002453 has been submitted for processing against PO-002453.
COM-1249,SUP-0031,2026-09-28 00:00:00,EMAIL,Delivery update,Please provide an updated delivery estimate for the current order.
COM-1250,SUP-0038,2026-01-13 00:00:00,PORTAL,Contract review,Please confirm the expected delivery date and carrier reference.
COM-1251,SUP-0090,2026-08-04 00:00:00,EMAIL,Invoice submission,We are reviewing the current contract terms and will follow up if clarification is required.
COM-1252,SUP-0066,2026-05-14 00:00:00,PORTAL,Forecast update,Please provide the required quality documentation for the shipment.
COM-1253,SUP-0079,2026-05-24 00:00:00,EMAIL,Delivery schedule,Invoice INV-004282 has been submitted for processing against PO-004282.
COM-1254,SUP-0080,2026-04-24 00:00:00,EMAIL,Pricing discussion,Please provide the required quality documentation for the shipment.
COM-1255,SUP-0017,2026-09-06 00:00:00,PHONE_NOTE,Forecast update,Please confirm whether the requested quantity remains unchanged.
COM-1256,SUP-0104,2026-06-28 00:00:00,EMAIL,General account update,We are reviewing pricing for the next purchasing cycle.
COM-1257,SUP-0073,2026-04-21 00:00:00,PORTAL,Quantity confirmation,Please provide the required quality documentation for the shipment.
COM-1258,SUP-0019,2026-04-30 00:00:00,EMAIL,Delivery update,Our accounts team is reconciling recent transactions.
COM-1259,SUP-0036,2026-07-22 00:00:00,EMAIL,Purchase order confirmation,Please send the latest forecast for the upcoming delivery period.
COM-1260,SUP-0064,2026-08-14 00:00:00,EMAIL,Invoice submission,Our accounts team is reconciling recent transactions.
COM-1261,SUP-0055,2026-05-14 00:00:00,PHONE_NOTE,Order status,Attached is the latest shipping documentation for your records.
COM-1262,SUP-0026,2026-06-12 00:00:00,EMAIL,Purchase order confirmation,Please confirm receipt of purchase order PO-000199.
COM-1263,SUP-0052,2026-09-07 00:00:00,EMAIL,Account reconciliation,We are reviewing pricing for the next purchasing cycle.
COM-1264,SUP-0111,2026-06-25 00:00:00,EMAIL,Purchase order confirmation,Please confirm the current outstanding balance for our account.
COM-1265,SUP-0002,2026-08-28 00:00:00,EMAIL,Shipping documentation,Attached is the latest shipping documentation for your records.
COM-1266,SUP-0015,2026-07-11 00:00:00,PHONE_NOTE,Quality documentation,Please confirm whether the requested quantity remains unchanged.
COM-1267,SUP-0026,2026-05-31 00:00:00,EMAIL,Delivery schedule,Our accounts team is reconciling recent transactions.
COM-1268,SUP-0052,2026-08-30 00:00:00,EMAIL,Invoice submission,Our accounts team is reconciling recent transactions.
COM-1269,SUP-0041,2026-09-17 00:00:00,PHONE_NOTE,Order status,Please confirm receipt of purchase order PO-004601.
COM-1270,SUP-0112,2026-03-29 00:00:00,EMAIL,Shipping documentation,Attached is the latest shipping documentation for your records.
COM-1271,SUP-0103,2026-03-23 00:00:00,EMAIL,Contract review,Please provide the required quality documentation for the shipment.
COM-1272,SUP-0105,2026-09-14 00:00:00,EMAIL,Delivery update,Invoice INV-001633 has been submitted for processing against PO-001633.
COM-1273,SUP-0025,2026-05-24 00:00:00,PORTAL,Delivery schedule,Please confirm whether the requested quantity remains unchanged.
COM-1274,SUP-0035,2026-07-18 00:00:00,EMAIL,Payment reminder,Please confirm the current outstanding balance for our account.
COM-1275,SUP-0083,2026-07-13 00:00:00,PHONE_NOTE,Order status,Please provide an updated delivery estimate for the current order.
COM-1276,SUP-0024,2026-09-19 00:00:00,PHONE_NOTE,Monthly statement,Please provide the required quality documentation for the shipment.
COM-1277,SUP-0027,2026-06-04 00:00:00,EMAIL,Account reconciliation,Please confirm whether the requested quantity remains unchanged.
COM-1278,SUP-0108,2026-03-01 00:00:00,EMAIL,General account update,We are reviewing the current contract terms and will follow up if clarification is required.
COM-1279,SUP-0043,2026-08-19 00:00:00,PHONE_NOTE,Quantity confirmation,We are reviewing pricing for the next purchasing cycle.
COM-1280,SUP-0034,2026-04-04 00:00:00,PHONE_NOTE,Quantity confirmation,Please confirm whether the requested quantity remains unchanged.
COM-1281,SUP-0053,2026-09-08 00:00:00,PORTAL,Pricing discussion,Please confirm whether the requested quantity remains unchanged.
COM-1282,SUP-0113,2026-03-09 00:00:00,EMAIL,Delivery schedule,We are reviewing pricing for the next purchasing cycle.
COM-1283,SUP-0082,2026-04-18 00:00:00,PORTAL,Payment reminder,Our accounts team is reconciling recent transactions.
COM-1284,SUP-0095,2026-07-01 00:00:00,EMAIL,Shipping documentation,Please confirm the current outstanding balance for our account.
COM-1285,SUP-0039,2026-03-27 00:00:00,EMAIL,Delivery update,The shipment remains on the previously communicated schedule.
COM-1286,SUP-0071,2026-05-12 00:00:00,PHONE_NOTE,General account update,Please send the latest forecast for the upcoming delivery period.
COM-1287,SUP-0054,2026-05-18 00:00:00,PORTAL,Quality documentation,Please confirm receipt of purchase order PO-000609.
COM-1288,SUP-0080,2026-03-26 00:00:00,PHONE_NOTE,Quality documentation,Please provide an updated delivery estimate for the current order.
COM-1289,SUP-0120,2026-10-14 00:00:00,PHONE_NOTE,Account reconciliation,Please confirm receipt of purchase order PO-000341.
COM-1290,SUP-0084,2026-08-01 00:00:00,PHONE_NOTE,Invoice submission,We are reviewing pricing for the next purchasing cycle.
COM-1291,SUP-0020,2026-08-01 00:00:00,EMAIL,Forecast update,Please confirm receipt of purchase order PO-004178.
COM-1292,SUP-0106,2026-08-06 00:00:00,PHONE_NOTE,Delivery update,Please confirm receipt of purchase order PO-000008.
COM-1293,SUP-0038,2026-06-17 00:00:00,EMAIL,General account update,Please provide the required quality documentation for the shipment.
COM-1294,SUP-0068,2026-06-25 00:00:00,PORTAL,Shipping documentation,Please send the latest forecast for the upcoming delivery period.
COM-1295,SUP-0063,2026-02-25 00:00:00,EMAIL,Purchase order confirmation,We are reviewing pricing for the next purchasing cycle.
COM-1296,SUP-0045,2026-02-16 00:00:00,EMAIL,Payment reminder,Attached is the latest shipping documentation for your records.
COM-1297,SUP-0097,2026-06-04 00:00:00,EMAIL,General account update,Please send the latest forecast for the upcoming delivery period.
COM-1298,SUP-0084,2026-04-20 00:00:00,PHONE_NOTE,General account update,Our accounts team is reconciling recent transactions.
COM-1299,SUP-0061,2026-07-06 00:00:00,PHONE_NOTE,Payment reminder,Please confirm the current outstanding balance for our account.
COM-1300,SUP-0035,2026-04-04 00:00:00,EMAIL,Quantity confirmation,The shipment remains on the previously communicated schedule.
COM-1301,SUP-0007,2026-08-31 00:00:00,EMAIL,Purchase order confirmation,Please provide the required quality documentation for the shipment.
COM-1302,SUP-0070,2026-08-25 00:00:00,EMAIL,Delivery schedule,Attached is the latest shipping documentation for your records.
COM-1303,SUP-0075,2026-06-04 00:00:00,PORTAL,Pricing discussion,Please confirm the expected delivery date and carrier reference.
COM-1304,SUP-0029,2026-05-09 00:00:00,PHONE_NOTE,Payment reminder,The shipment remains on the previously communicated schedule.
COM-1305,SUP-0080,2026-07-21 00:00:00,PORTAL,Payment reminder,Please provide the required quality documentation for the shipment.
COM-1306,SUP-0105,2026-04-07 00:00:00,EMAIL,Delivery schedule,We are reviewing the current contract terms and will follow up if clarification is required.
COM-1307,SUP-0063,2026-03-11 00:00:00,PHONE_NOTE,Account reconciliation,Please send the latest forecast for the upcoming delivery period.
COM-1308,SUP-0006,2026-04-22 00:00:00,EMAIL,Quality documentation,Please confirm the current outstanding balance for our account.
COM-1309,SUP-0047,2026-10-14 00:00:00,EMAIL,Forecast update,Please confirm whether the requested quantity remains unchanged.
COM-1310,SUP-0104,2026-06-26 00:00:00,PHONE_NOTE,Purchase order confirmation,The shipment remains on the previously communicated schedule.
COM-1311,SUP-0066,2026-09-02 00:00:00,PORTAL,Order status,Our accounts team is reconciling recent transactions.
COM-1312,SUP-0084,2026-10-17 00:00:00,EMAIL,General account update,Invoice INV-000179 has been submitted for processing against PO-000179.
COM-1313,SUP-0038,2026-03-04 00:00:00,EMAIL,Contract review,Please confirm receipt of purchase order PO-004329.
COM-1314,SUP-0055,2026-09-14 00:00:00,PHONE_NOTE,General account update,Please send the latest forecast for the upcoming delivery period.
COM-1315,SUP-0074,2026-06-12 00:00:00,EMAIL,Account reconciliation,The shipment remains on the previously communicated schedule.
COM-1316,SUP-0001,2026-05-24 00:00:00,EMAIL,Quantity confirmation,Please send the latest forecast for the upcoming delivery period.
COM-1317,SUP-0007,2026-08-23 00:00:00,EMAIL,Invoice submission,Attached is the latest shipping documentation for your records.
COM-1318,SUP-0048,2026-04-06 00:00:00,EMAIL,General account update,Please confirm the current outstanding balance for our account.
COM-1319,SUP-0003,2026-08-08 00:00:00,PHONE_NOTE,Invoice submission,Please confirm whether the requested quantity remains unchanged.
COM-1320,SUP-0020,2026-08-19 00:00:00,EMAIL,Account reconciliation,Please provide an updated delivery estimate for the current order.
COM-1321,SUP-0069,2026-04-16 00:00:00,PORTAL,Contract review,Invoice INV-000983 has been submitted for processing against PO-000983.
COM-1322,SUP-0017,2026-04-05 00:00:00,PORTAL,Delivery update,Our accounts team is reconciling recent transactions.
COM-1323,SUP-0118,2026-05-27 00:00:00,PORTAL,Delivery update,Please send the latest forecast for the upcoming delivery period.
COM-1324,SUP-0002,2026-06-07 00:00:00,EMAIL,Contract review,Attached is the latest shipping documentation for your records.
COM-1325,SUP-0070,2026-09-27 00:00:00,PHONE_NOTE,Delivery update,Please confirm the current outstanding balance for our account.
COM-1326,SUP-0093,2026-08-26 00:00:00,PORTAL,General account update,Please confirm the expected delivery date and carrier reference.
COM-1327,SUP-0014,2026-09-23 00:00:00,PHONE_NOTE,Order status,We are reviewing the current contract terms and will follow up if clarification is required.
COM-1328,SUP-0014,2026-03-15 00:00:00,PORTAL,Quality documentation,Please provide an updated delivery estimate for the current order.
COM-1329,SUP-0027,2026-04-30 00:00:00,EMAIL,Order status,Please provide the required quality documentation for the shipment.
COM-1330,SUP-0079,2026-06-20 00:00:00,PORTAL,Delivery update,Invoice INV-002850 has been submitted for processing against PO-002850.
COM-1331,SUP-0035,2026-05-24 00:00:00,PHONE_NOTE,Forecast update,Please confirm the expected delivery date and carrier reference.
COM-1332,SUP-0006,2026-09-27 00:00:00,PHONE_NOTE,Payment reminder,Please provide the required quality documentation for the shipment.
COM-1333,SUP-0063,2026-02-18 00:00:00,EMAIL,Quality documentation,Our accounts team is reconciling recent transactions.
COM-1334,SUP-0087,2026-08-03 00:00:00,PORTAL,Payment reminder,Attached is the latest shipping documentation for your records.
COM-1335,SUP-0108,2026-04-05 00:00:00,EMAIL,Quality documentation,Invoice INV-003111 has been submitted for processing against PO-003111.
COM-1336,SUP-0069,2026-08-27 00:00:00,EMAIL,Delivery update,Please confirm the expected delivery date and carrier reference.
COM-1337,SUP-0015,2026-08-21 00:00:00,EMAIL,Purchase order confirmation,Please send the latest forecast for the upcoming delivery period.
COM-1338,SUP-0099,2026-06-30 00:00:00,EMAIL,Shipping documentation,Please confirm the expected delivery date and carrier reference.
COM-1339,SUP-0082,2026-06-24 00:00:00,EMAIL,Invoice submission,Please confirm whether the requested quantity remains unchanged.
COM-1340,SUP-0046,2026-09-06 00:00:00,PORTAL,Quantity confirmation,Please send the latest forecast for the upcoming delivery period.
COM-1341,SUP-0012,2026-05-16 00:00:00,PHONE_NOTE,Quality documentation,Please provide the required quality documentation for the shipment.
COM-1342,SUP-0037,2026-08-30 00:00:00,PHONE_NOTE,Contract review,We are reviewing the current contract terms and will follow up if clarification is required.
COM-1343,SUP-0068,2026-09-26 00:00:00,EMAIL,Shipping documentation,The shipment remains on the previously communicated schedule.
COM-1344,SUP-0050,2026-08-12 00:00:00,PHONE_NOTE,General account update,Please confirm the current outstanding balance for our account.
COM-1345,SUP-0059,2026-03-19 00:00:00,EMAIL,Quantity confirmation,Attached is the latest shipping documentation for your records.
COM-1346,SUP-0011,2026-07-15 00:00:00,PHONE_NOTE,Quantity confirmation,We are reviewing the current contract terms and will follow up if clarification is required.
COM-1347,SUP-0113,2026-09-27 00:00:00,PORTAL,Purchase order confirmation,Please confirm the expected delivery date and carrier reference.
COM-1348,SUP-0107,2026-05-16 00:00:00,PHONE_NOTE,Quantity confirmation,Please confirm receipt of purchase order PO-002666.
COM-1349,SUP-0035,2026-02-08 00:00:00,PORTAL,Order status,Invoice INV-004076 has been submitted for processing against PO-004076.
COM-1350,SUP-0107,2026-10-15 00:00:00,EMAIL,Shipping documentation,Our accounts team is reconciling recent transactions.
COM-1351,SUP-0108,2026-06-01 00:00:00,EMAIL,Account reconciliation,Please confirm the expected delivery date and carrier reference.
COM-1352,SUP-0068,2026-10-15 00:00:00,EMAIL,Monthly statement,Our accounts team is reconciling recent transactions.
COM-1353,SUP-0005,2026-05-30 00:00:00,PHONE_NOTE,Purchase order confirmation,Please confirm the current outstanding balance for our account.
COM-1354,SUP-0043,2026-03-09 00:00:00,PHONE_NOTE,Pricing discussion,Our accounts team is reconciling recent transactions.
COM-1355,SUP-0040,2026-07-23 00:00:00,PHONE_NOTE,Quality documentation,Invoice INV-001007 has been submitted for processing against PO-001007.
COM-1356,SUP-0040,2026-05-03 00:00:00,EMAIL,Invoice submission,Please confirm the expected delivery date and carrier reference.
COM-1357,SUP-0088,2026-05-18 00:00:00,EMAIL,Contract review,Please provide the required quality documentation for the shipment.
COM-1358,SUP-0010,2026-05-24 00:00:00,EMAIL,Quantity confirmation,Please provide the required quality documentation for the shipment.
COM-1359,SUP-0077,2026-04-16 00:00:00,PHONE_NOTE,Quality documentation,Invoice INV-003635 has been submitted for processing against PO-003635.
COM-1360,SUP-0035,2026-07-22 00:00:00,PORTAL,Forecast update,We are reviewing the current contract terms and will follow up if clarification is required.
COM-1361,SUP-0094,2026-08-22 00:00:00,PHONE_NOTE,Account reconciliation,The shipment remains on the previously communicated schedule.
COM-1362,SUP-0021,2026-07-28 00:00:00,PHONE_NOTE,Forecast update,Our accounts team is reconciling recent transactions.
COM-1363,SUP-0115,2026-10-24 00:00:00,PORTAL,Pricing discussion,We are reviewing the current contract terms and will follow up if clarification is required.
COM-1364,SUP-0113,2026-07-11 00:00:00,PORTAL,Forecast update,We are reviewing pricing for the next purchasing cycle.
COM-1365,SUP-0094,2026-01-20 00:00:00,PORTAL,Order status,Please provide the required quality documentation for the shipment.
COM-1366,SUP-0014,2026-08-04 00:00:00,PHONE_NOTE,Payment reminder,The shipment remains on the previously communicated schedule.
COM-1367,SUP-0016,2026-05-13 00:00:00,EMAIL,Delivery schedule,The shipment remains on the previously communicated schedule.
COM-1368,SUP-0001,2026-06-13 00:00:00,PHONE_NOTE,Delivery schedule,Please confirm the expected delivery date and carrier reference.
COM-1369,SUP-0023,2026-07-19 00:00:00,EMAIL,Order status,Our accounts team is reconciling recent transactions.
COM-1370,SUP-0035,2026-05-14 00:00:00,PORTAL,Invoice submission,Attached is the latest shipping documentation for your records.
COM-1371,SUP-0086,2026-05-09 00:00:00,PHONE_NOTE,Quantity confirmation,Please confirm the current outstanding balance for our account.
COM-1372,SUP-0014,2026-05-30 00:00:00,EMAIL,Payment reminder,Invoice INV-001675 has been submitted for processing against PO-001675.
COM-1373,SUP-0042,2026-04-20 00:00:00,PORTAL,Forecast update,Our accounts team is reconciling recent transactions.
COM-1374,SUP-0003,2026-02-24 00:00:00,PHONE_NOTE,Monthly statement,We are reviewing pricing for the next purchasing cycle.
COM-1375,SUP-0035,2026-10-29 00:00:00,PHONE_NOTE,Delivery schedule,Please provide the required quality documentation for the shipment.
COM-1376,SUP-0026,2026-07-17 00:00:00,PHONE_NOTE,Monthly statement,Please send the latest forecast for the upcoming delivery period.
COM-1377,SUP-0041,2026-03-07 00:00:00,PORTAL,Account reconciliation,Attached is the latest shipping documentation for your records.
COM-1378,SUP-0119,2026-04-13 00:00:00,PHONE_NOTE,Delivery update,Please confirm the expected delivery date and carrier reference.
COM-1379,SUP-0105,2026-09-16 00:00:00,PHONE_NOTE,Purchase order confirmation,Please confirm the current outstanding balance for our account.
COM-1380,SUP-0043,2026-08-19 00:00:00,EMAIL,Monthly statement,The shipment remains on the previously communicated schedule.
COM-1381,SUP-0111,2026-07-28 00:00:00,EMAIL,Monthly statement,Please confirm the expected delivery date and carrier reference.
COM-1382,SUP-0047,2026-07-25 00:00:00,EMAIL,Monthly statement,The shipment remains on the previously communicated schedule.
COM-1383,SUP-0073,2026-06-08 00:00:00,EMAIL,Shipping documentation,Please confirm receipt of purchase order PO-001901.
COM-1384,SUP-0079,2026-03-01 00:00:00,EMAIL,Account reconciliation,Attached is the latest shipping documentation for your records.
COM-1385,SUP-0075,2026-05-20 00:00:00,PORTAL,Quality documentation,We are reviewing the current contract terms and will follow up if clarification is required.
COM-1386,SUP-0097,2026-03-08 00:00:00,PHONE_NOTE,Pricing discussion,We are reviewing the current contract terms and will follow up if clarification is required.
COM-1387,SUP-0117,2026-10-02 00:00:00,EMAIL,General account update,The shipment remains on the previously communicated schedule.
COM-1388,SUP-0116,2026-04-17 00:00:00,PORTAL,Invoice submission,Please provide an updated delivery estimate for the current order.
COM-1389,SUP-0103,2026-07-31 00:00:00,PORTAL,Quality documentation,Please provide the required quality documentation for the shipment.
COM-1390,SUP-0014,2026-05-04 00:00:00,PHONE_NOTE,Monthly statement,Please confirm whether the requested quantity remains unchanged.
COM-1391,SUP-0080,2026-03-08 00:00:00,EMAIL,Account reconciliation,Please confirm the current outstanding balance for our account.
COM-1392,SUP-0097,2026-08-14 00:00:00,EMAIL,Payment reminder,Invoice INV-000241 has been submitted for processing against PO-000241.
COM-1393,SUP-0075,2026-08-02 00:00:00,PORTAL,Delivery schedule,Please confirm the current outstanding balance for our account.
COM-1394,SUP-0034,2026-08-17 00:00:00,PHONE_NOTE,Forecast update,Our accounts team is reconciling recent transactions.
COM-1395,SUP-0034,2026-04-10 00:00:00,EMAIL,Quantity confirmation,Please confirm whether the requested quantity remains unchanged.
COM-1396,SUP-0076,2026-05-24 00:00:00,PHONE_NOTE,Invoice submission,Please provide the required quality documentation for the shipment.
COM-1397,SUP-0016,2026-05-09 00:00:00,EMAIL,Shipping documentation,Please confirm receipt of purchase order PO-001945.
COM-1398,SUP-0112,2026-10-18 00:00:00,PHONE_NOTE,Delivery update,Invoice INV-004238 has been submitted for processing against PO-004238.
COM-1399,SUP-0055,2026-02-12 00:00:00,PORTAL,Delivery schedule,Please provide the required quality documentation for the shipment.
COM-1400,SUP-0010,2026-05-23 00:00:00,EMAIL,Shipping documentation,The shipment remains on the previously communicated schedule.
COM-1401,SUP-0066,2026-03-21 00:00:00,PORTAL,Delivery schedule,Please confirm receipt of purchase order PO-003516.
COM-1402,SUP-0056,2026-03-05 00:00:00,EMAIL,Shipping documentation,Please provide an updated delivery estimate for the current order.
COM-1403,SUP-0059,2026-07-12 00:00:00,EMAIL,Delivery update,Please confirm whether the requested quantity remains unchanged.
COM-1404,SUP-0027,2026-07-04 00:00:00,EMAIL,Order status,We are reviewing pricing for the next purchasing cycle.
COM-1405,SUP-0009,2026-09-07 00:00:00,PHONE_NOTE,Quality documentation,Please confirm whether the requested quantity remains unchanged.
COM-1406,SUP-0049,2026-06-05 00:00:00,EMAIL,Delivery schedule,Please provide the required quality documentation for the shipment.
COM-1407,SUP-0105,2026-09-08 00:00:00,EMAIL,Quality documentation,Please send the latest forecast for the upcoming delivery period.
COM-1408,SUP-0101,2026-10-09 00:00:00,EMAIL,Payment reminder,We are reviewing pricing for the next purchasing cycle.
COM-1409,SUP-0066,2026-08-01 00:00:00,PORTAL,Contract review,Invoice INV-002281 has been submitted for processing against PO-002281.
COM-1410,SUP-0089,2026-05-19 00:00:00,EMAIL,Account reconciliation,Please provide the required quality documentation for the shipment.
COM-1411,SUP-0027,2026-08-27 00:00:00,EMAIL,Monthly statement,Invoice INV-001077 has been submitted for processing against PO-001077.
COM-1412,SUP-0037,2026-02-22 00:00:00,EMAIL,Payment reminder,Attached is the latest shipping documentation for your records.
COM-1413,SUP-0075,2026-05-07 00:00:00,PORTAL,Order status,Please provide an updated delivery estimate for the current order.
COM-1414,SUP-0028,2026-04-25 00:00:00,EMAIL,Payment reminder,Please confirm the current outstanding balance for our account.
COM-1415,SUP-0108,2026-04-23 00:00:00,PORTAL,Contract review,Invoice INV-004286 has been submitted for processing against PO-004286.
COM-1416,SUP-0065,2026-03-27 00:00:00,EMAIL,Pricing discussion,Please confirm the expected delivery date and carrier reference.
COM-1417,SUP-0058,2026-06-06 00:00:00,EMAIL,Pricing discussion,Please provide the required quality documentation for the shipment.
COM-1418,SUP-0098,2026-04-04 00:00:00,PHONE_NOTE,Quality documentation,Please confirm the current outstanding balance for our account.
COM-1419,SUP-0054,2026-04-30 00:00:00,EMAIL,Payment reminder,Please confirm whether the requested quantity remains unchanged.
COM-1420,SUP-0066,2026-08-17 00:00:00,EMAIL,Delivery update,Attached is the latest shipping documentation for your records.
COM-1421,SUP-0053,2026-08-01 00:00:00,PHONE_NOTE,Purchase order confirmation,Please send the latest forecast for the upcoming delivery period.
COM-1422,SUP-0051,2026-06-02 00:00:00,PHONE_NOTE,Contract review,Please provide an updated delivery estimate for the current order.
COM-1423,SUP-0013,2026-06-19 00:00:00,PORTAL,Shipping documentation,The shipment remains on the previously communicated schedule.
COM-1424,SUP-0056,2026-07-16 00:00:00,EMAIL,Pricing discussion,We are reviewing pricing for the next purchasing cycle.
COM-1425,SUP-0113,2026-07-15 00:00:00,PHONE_NOTE,Shipping documentation,We are reviewing pricing for the next purchasing cycle.
COM-1426,SUP-0008,2026-02-27 00:00:00,PHONE_NOTE,Payment reminder,Please confirm whether the requested quantity remains unchanged.
COM-1427,SUP-0070,2026-08-02 00:00:00,EMAIL,Pricing discussion,We are reviewing the current contract terms and will follow up if clarification is required.
COM-1428,SUP-0007,2026-04-05 00:00:00,EMAIL,Account reconciliation,Please confirm whether the requested quantity remains unchanged.
COM-1429,SUP-0053,2026-08-30 00:00:00,PHONE_NOTE,Quantity confirmation,Please send the latest forecast for the upcoming delivery period.
COM-1430,SUP-0053,2026-07-28 00:00:00,EMAIL,Monthly statement,Please send the latest forecast for the upcoming delivery period.
COM-1431,SUP-0073,2026-04-11 00:00:00,EMAIL,Account reconciliation,Please confirm the expected delivery date and carrier reference.
COM-1432,SUP-0073,2026-05-04 00:00:00,PHONE_NOTE,Invoice submission,Please confirm receipt of purchase order PO-001154.
COM-1433,SUP-0111,2026-05-30 00:00:00,EMAIL,Monthly statement,Please confirm whether the requested quantity remains unchanged.
COM-1434,SUP-0114,2026-06-27 00:00:00,PHONE_NOTE,Shipping documentation,We are reviewing the current contract terms and will follow up if clarification is required.
COM-1435,SUP-0071,2026-02-17 00:00:00,EMAIL,Delivery update,Please confirm whether the requested quantity remains unchanged.
COM-1436,SUP-0036,2026-08-10 00:00:00,EMAIL,General account update,Please confirm the current outstanding balance for our account.
COM-1437,SUP-0093,2026-06-22 00:00:00,EMAIL,Shipping documentation,Attached is the latest shipping documentation for your records.
COM-1438,SUP-0087,2026-09-28 00:00:00,PHONE_NOTE,Shipping documentation,Please provide an updated delivery estimate for the current order.
COM-1439,SUP-0001,2026-05-17 00:00:00,PHONE_NOTE,Order status,We are reviewing the current contract terms and will follow up if clarification is required.
COM-1440,SUP-0104,2026-04-25 00:00:00,PHONE_NOTE,Invoice submission,Please provide the required quality documentation for the shipment.
COM-1441,SUP-0003,2026-04-19 00:00:00,PORTAL,Purchase order confirmation,Invoice INV-004413 has been submitted for processing against PO-004413.
COM-1442,SUP-0047,2026-06-07 00:00:00,EMAIL,Quality documentation,We are reviewing the current contract terms and will follow up if clarification is required.
COM-1443,SUP-0037,2026-05-24 00:00:00,PORTAL,Contract review,The shipment remains on the previously communicated schedule.
COM-1444,SUP-0048,2026-01-28 00:00:00,PHONE_NOTE,Shipping documentation,We are reviewing pricing for the next purchasing cycle.
COM-1445,SUP-0056,2026-07-29 00:00:00,PORTAL,Delivery schedule,Invoice INV-003246 has been submitted for processing against PO-003246.
COM-1446,SUP-0112,2026-07-06 00:00:00,EMAIL,Purchase order confirmation,Please provide the required quality documentation for the shipment.
COM-1447,SUP-0080,2026-04-09 00:00:00,PORTAL,Quality documentation,Our accounts team is reconciling recent transactions.
COM-1448,SUP-0045,2026-07-31 00:00:00,EMAIL,Payment reminder,Please confirm the expected delivery date and carrier reference.
COM-1449,SUP-0119,2026-04-21 00:00:00,EMAIL,Delivery schedule,Invoice INV-004281 has been submitted for processing against PO-004281.
COM-1450,SUP-0033,2026-06-20 00:00:00,PHONE_NOTE,Account reconciliation,We are reviewing the current contract terms and will follow up if clarification is required.
COM-1451,SUP-0100,2026-08-16 00:00:00,PORTAL,Payment reminder,Please provide the required quality documentation for the shipment.
COM-1452,SUP-0092,2026-08-29 00:00:00,EMAIL,Delivery update,Please confirm the expected delivery date and carrier reference.
COM-1453,SUP-0104,2026-10-07 00:00:00,PORTAL,Quality documentation,Please confirm the expected delivery date and carrier reference.
COM-1454,SUP-0109,2026-06-08 00:00:00,PHONE_NOTE,Invoice submission,Please confirm the expected delivery date and carrier reference.
COM-1455,SUP-0053,2026-10-21 00:00:00,PHONE_NOTE,Quality documentation,We are reviewing the current contract terms and will follow up if clarification is required.
COM-1456,SUP-0116,2026-05-26 00:00:00,PHONE_NOTE,Monthly statement,Attached is the latest shipping documentation for your records.
COM-1457,SUP-0095,2026-08-30 00:00:00,PHONE_NOTE,Delivery schedule,Please confirm the expected delivery date and carrier reference.
COM-1458,SUP-0093,2026-09-04 00:00:00,PHONE_NOTE,Monthly statement,Our accounts team is reconciling recent transactions.
COM-1459,SUP-0049,2026-07-08 00:00:00,EMAIL,Order status,Our accounts team is reconciling recent transactions.
COM-1460,SUP-0019,2026-08-21 00:00:00,PORTAL,Quantity confirmation,We are reviewing pricing for the next purchasing cycle.
COM-1461,SUP-0101,2026-09-04 00:00:00,EMAIL,Delivery schedule,We are reviewing pricing for the next purchasing cycle.
COM-1462,SUP-0013,2026-03-21 00:00:00,EMAIL,Payment reminder,The shipment remains on the previously communicated schedule.
COM-1463,SUP-0055,2026-04-13 00:00:00,PORTAL,Delivery schedule,Please confirm whether the requested quantity remains unchanged.
COM-1464,SUP-0045,2026-08-06 00:00:00,EMAIL,Forecast update,Please confirm whether the requested quantity remains unchanged.
COM-1465,SUP-0005,2026-05-17 00:00:00,PORTAL,Shipping documentation,Our accounts team is reconciling recent transactions.
COM-1466,SUP-0018,2026-03-21 00:00:00,EMAIL,Purchase order confirmation,Please confirm receipt of purchase order PO-000595.
COM-1467,SUP-0013,2026-06-22 00:00:00,PORTAL,Quality documentation,Our accounts team is reconciling recent transactions.
COM-1468,SUP-0060,2026-08-16 00:00:00,PHONE_NOTE,General account update,Please send the latest forecast for the upcoming delivery period.
COM-1469,SUP-0021,2026-10-14 00:00:00,EMAIL,Quality documentation,Please confirm the expected delivery date and carrier reference.
COM-1470,SUP-0068,2026-05-13 00:00:00,PHONE_NOTE,Order status,Please provide the required quality documentation for the shipment.
COM-1471,SUP-0005,2026-08-12 00:00:00,PHONE_NOTE,Account reconciliation,We are reviewing pricing for the next purchasing cycle.
COM-1472,SUP-0017,2026-03-19 00:00:00,PHONE_NOTE,Forecast update,Please confirm the expected delivery date and carrier reference.
COM-1473,SUP-0007,2026-06-30 00:00:00,PHONE_NOTE,Purchase order confirmation,We are reviewing pricing for the next purchasing cycle.
COM-1474,SUP-0045,2026-08-20 00:00:00,PORTAL,Shipping documentation,Invoice INV-003694 has been submitted for processing against PO-003694.
COM-1475,SUP-0013,2026-08-31 00:00:00,PHONE_NOTE,Forecast update,Please confirm the expected delivery date and carrier reference.
COM-1476,SUP-0023,2026-08-20 00:00:00,PHONE_NOTE,Order status,Please confirm the expected delivery date and carrier reference.
COM-1477,SUP-0066,2026-02-22 00:00:00,PORTAL,Pricing discussion,Please confirm the expected delivery date and carrier reference.
COM-1478,SUP-0068,2026-06-14 00:00:00,EMAIL,Invoice submission,Please confirm receipt of purchase order PO-000772.
COM-1479,SUP-0050,2026-06-14 00:00:00,PHONE_NOTE,Delivery schedule,We are reviewing the current contract terms and will follow up if clarification is required.
COM-1480,SUP-0046,2026-06-16 00:00:00,EMAIL,Purchase order confirmation,The shipment remains on the previously communicated schedule.
COM-1481,SUP-0026,2026-03-16 00:00:00,EMAIL,Payment reminder,We are reviewing pricing for the next purchasing cycle.
COM-1482,SUP-0082,2026-07-04 00:00:00,PORTAL,Quantity confirmation,Attached is the latest shipping documentation for your records.
COM-1483,SUP-0002,2026-07-31 00:00:00,PORTAL,Invoice submission,The shipment remains on the previously communicated schedule.
COM-1484,SUP-0059,2026-01-31 00:00:00,PORTAL,Quality documentation,Our accounts team is reconciling recent transactions.
COM-1485,SUP-0052,2026-09-06 00:00:00,PORTAL,Order status,Invoice INV-001638 has been submitted for processing against PO-001638.
COM-1486,SUP-0023,2026-11-02 00:00:00,PORTAL,Monthly statement,Please provide an updated delivery estimate for the current order.
COM-1487,SUP-0111,2026-08-12 00:00:00,EMAIL,Monthly statement,Please provide an updated delivery estimate for the current order.
COM-1488,SUP-0043,2026-05-29 00:00:00,EMAIL,Delivery schedule,Please provide an updated delivery estimate for the current order.
COM-1489,SUP-0111,2026-03-01 00:00:00,EMAIL,Delivery schedule,Please confirm the expected delivery date and carrier reference.
COM-1490,SUP-0095,2026-08-15 00:00:00,PHONE_NOTE,Shipping documentation,Please provide the required quality documentation for the shipment.
COM-1491,SUP-0100,2026-02-14 00:00:00,EMAIL,Quality documentation,Please confirm receipt of purchase order PO-002256.
COM-1492,SUP-0010,2026-05-31 00:00:00,PORTAL,Order status,We are reviewing pricing for the next purchasing cycle.
COM-1493,SUP-0035,2026-05-03 00:00:00,EMAIL,Monthly statement,The shipment remains on the previously communicated schedule.
COM-1494,SUP-0109,2026-01-10 00:00:00,PHONE_NOTE,Forecast update,Attached is the latest shipping documentation for your records.
COM-1495,SUP-0110,2026-04-15 00:00:00,PORTAL,Account reconciliation,Please confirm receipt of purchase order PO-000165.
COM-1496,SUP-0116,2026-09-16 00:00:00,PORTAL,Quantity confirmation,Our accounts team is reconciling recent transactions.
COM-1497,SUP-0009,2026-07-01 00:00:00,PORTAL,Contract review,Please provide an updated delivery estimate for the current order.
COM-1498,SUP-0040,2026-04-13 00:00:00,PHONE_NOTE,General account update,Please confirm receipt of purchase order PO-002714.
COM-1499,SUP-0036,2026-05-03 00:00:00,PHONE_NOTE,Shipping documentation,Please send the latest forecast for the upcoming delivery period.
COM-1500,SUP-0076,2026-09-03 00:00:00,EMAIL,Order status,Please provide an updated delivery estimate for the current order.
COM-1501,SUP-0120,2026-03-16 00:00:00,PORTAL,Forecast update,Invoice INV-004308 has been submitted for processing against PO-004308.
COM-1502,SUP-0112,2026-03-24 00:00:00,PORTAL,Purchase order confirmation,Invoice INV-000121 has been submitted for processing against PO-000121.
COM-1503,SUP-0090,2026-05-07 00:00:00,EMAIL,Account reconciliation,Please provide the required quality documentation for the shipment.
COM-1504,SUP-0087,2026-06-01 00:00:00,EMAIL,Invoice submission,Our accounts team is reconciling recent transactions.
COM-1505,SUP-0023,2026-10-18 00:00:00,EMAIL,Forecast update,Our accounts team is reconciling recent transactions.
COM-1506,SUP-0055,2026-04-01 00:00:00,EMAIL,Contract review,We are reviewing the current contract terms and will follow up if clarification is required.
COM-1507,SUP-0030,2026-10-02 00:00:00,PORTAL,Delivery update,Please confirm whether the requested quantity remains unchanged.
COM-1508,SUP-0026,2026-10-17 00:00:00,PORTAL,Quality documentation,Invoice INV-003674 has been submitted for processing against PO-003674.
COM-1509,SUP-0059,2026-06-27 00:00:00,PHONE_NOTE,Account reconciliation,Attached is the latest shipping documentation for your records.
COM-1510,SUP-0090,2026-05-22 00:00:00,PHONE_NOTE,Quality documentation,Please send the latest forecast for the upcoming delivery period.
COM-1511,SUP-0018,2026-03-29 00:00:00,PHONE_NOTE,Delivery schedule,Invoice INV-003203 has been submitted for processing against PO-003203.
COM-1512,SUP-0065,2026-05-26 00:00:00,EMAIL,Account reconciliation,Attached is the latest shipping documentation for your records.
COM-1513,SUP-0103,2026-06-02 00:00:00,PORTAL,Forecast update,The shipment remains on the previously communicated schedule.
COM-1514,SUP-0060,2026-06-26 00:00:00,EMAIL,Monthly statement,Attached is the latest shipping documentation for your records.
COM-1515,SUP-0043,2026-04-27 00:00:00,PORTAL,Shipping documentation,Please confirm receipt of purchase order PO-003849.
COM-1516,SUP-0115,2026-11-05 00:00:00,EMAIL,Quality documentation,Please confirm receipt of purchase order PO-002330.
COM-1517,SUP-0046,2026-06-12 00:00:00,EMAIL,Forecast update,Please confirm receipt of purchase order PO-001226.
COM-1518,SUP-0075,2026-06-05 00:00:00,EMAIL,Forecast update,Please send the latest forecast for the upcoming delivery period.
COM-1519,SUP-0020,2026-04-15 00:00:00,EMAIL,General account update,We are reviewing the current contract terms and will follow up if clarification is required.
COM-1520,SUP-0032,2026-08-19 00:00:00,PHONE_NOTE,Quality documentation,Please confirm the current outstanding balance for our account.
COM-1521,SUP-0120,2026-06-04 00:00:00,PHONE_NOTE,Payment reminder,Please confirm the current outstanding balance for our account.
COM-1522,SUP-0062,2026-10-20 00:00:00,EMAIL,Monthly statement,Please provide the required quality documentation for the shipment.
COM-1523,SUP-0056,2026-06-15 00:00:00,PORTAL,Shipping documentation,We are reviewing the current contract terms and will follow up if clarification is required.
COM-1524,SUP-0106,2026-03-21 00:00:00,PORTAL,Delivery schedule,Please provide an updated delivery estimate for the current order.
COM-1525,SUP-0031,2026-07-19 00:00:00,EMAIL,General account update,Please confirm the current outstanding balance for our account.
COM-1526,SUP-0084,2026-02-09 00:00:00,PORTAL,Payment reminder,Please confirm whether the requested quantity remains unchanged.
COM-1527,SUP-0097,2026-05-01 00:00:00,EMAIL,Delivery update,Please confirm receipt of purchase order PO-002948.
COM-1528,SUP-0079,2026-07-14 00:00:00,EMAIL,Purchase order confirmation,We are reviewing the current contract terms and will follow up if clarification is required.
COM-1529,SUP-0101,2026-08-14 00:00:00,PORTAL,Monthly statement,Please provide the required quality documentation for the shipment.
COM-1530,SUP-0038,2026-10-11 00:00:00,PHONE_NOTE,Forecast update,Please provide an updated delivery estimate for the current order.
COM-1531,SUP-0082,2026-09-22 00:00:00,PORTAL,Pricing discussion,Please confirm the expected delivery date and carrier reference.
COM-1532,SUP-0101,2026-09-01 00:00:00,EMAIL,General account update,Please confirm the expected delivery date and carrier reference.
COM-1533,SUP-0069,2026-05-11 00:00:00,PORTAL,Invoice submission,Please confirm the current outstanding balance for our account.
COM-1534,SUP-0059,2026-09-05 00:00:00,PHONE_NOTE,Quality documentation,Please confirm whether the requested quantity remains unchanged.
COM-1535,SUP-0052,2026-06-30 00:00:00,PORTAL,Pricing discussion,Please provide the required quality documentation for the shipment.
COM-1536,SUP-0037,2026-08-11 00:00:00,PORTAL,Invoice submission,Please provide the required quality documentation for the shipment.
COM-1537,SUP-0025,2026-08-13 00:00:00,PORTAL,Contract review,We are reviewing pricing for the next purchasing cycle.
COM-1538,SUP-0068,2026-03-29 00:00:00,EMAIL,Order status,The shipment remains on the previously communicated schedule.
COM-1539,SUP-0014,2026-10-14 00:00:00,PORTAL,Forecast update,The shipment remains on the previously communicated schedule.
COM-1540,SUP-0039,2026-07-26 00:00:00,EMAIL,Quality documentation,We are reviewing pricing for the next purchasing cycle.
COM-1541,SUP-0047,2026-06-10 00:00:00,EMAIL,Delivery schedule,Please provide the required quality documentation for the shipment.
COM-1542,SUP-0072,2026-05-16 00:00:00,PORTAL,Quantity confirmation,Please confirm the current outstanding balance for our account.
COM-1543,SUP-0104,2026-09-02 00:00:00,PHONE_NOTE,Forecast update,Please confirm whether the requested quantity remains unchanged.
COM-1544,SUP-0099,2026-05-17 00:00:00,EMAIL,Payment reminder,Please provide an updated delivery estimate for the current order.
COM-1545,SUP-0089,2026-06-12 00:00:00,EMAIL,Quality documentation,Our accounts team is reconciling recent transactions.
COM-1546,SUP-0040,2026-03-18 00:00:00,EMAIL,Quality documentation,Please confirm the expected delivery date and carrier reference.
COM-1547,SUP-0089,2026-05-08 00:00:00,PHONE_NOTE,Quantity confirmation,Please provide an updated delivery estimate for the current order.
COM-1548,SUP-0109,2026-02-15 00:00:00,PORTAL,Pricing discussion,Please provide an updated delivery estimate for the current order.
COM-1549,SUP-0065,2026-05-26 00:00:00,EMAIL,Account reconciliation,Please confirm the current outstanding balance for our account.
COM-1550,SUP-0044,2026-04-22 00:00:00,EMAIL,Delivery update,Please provide the required quality documentation for the shipment.
COM-1551,SUP-0058,2026-02-14 00:00:00,EMAIL,General account update,We are reviewing pricing for the next purchasing cycle.
COM-1552,SUP-0087,2026-07-15 00:00:00,PORTAL,Invoice submission,Attached is the latest shipping documentation for your records.
COM-1553,SUP-0110,2026-08-16 00:00:00,EMAIL,Shipping documentation,The shipment remains on the previously communicated schedule.
COM-1554,SUP-0057,2026-10-10 00:00:00,EMAIL,Quantity confirmation,Please confirm whether the requested quantity remains unchanged.
COM-1555,SUP-0109,2026-08-23 00:00:00,PORTAL,Delivery update,Invoice INV-001402 has been submitted for processing against PO-001402.
COM-1556,SUP-0035,2026-03-26 00:00:00,EMAIL,Order status,Please send the latest forecast for the upcoming delivery period.
COM-1557,SUP-0083,2026-06-30 00:00:00,PORTAL,Contract review,Please send the latest forecast for the upcoming delivery period.
COM-1558,SUP-0106,2026-06-07 00:00:00,EMAIL,Payment reminder,Please confirm receipt of purchase order PO-001688.
COM-1559,SUP-0083,2026-11-01 00:00:00,PHONE_NOTE,Quality documentation,Please confirm receipt of purchase order PO-003996.
COM-1560,SUP-0082,2026-08-08 00:00:00,EMAIL,Account reconciliation,Please provide the required quality documentation for the shipment.
COM-1561,SUP-0022,2026-03-21 00:00:00,PORTAL,Invoice submission,We are reviewing the current contract terms and will follow up if clarification is required.
COM-1562,SUP-0094,2026-05-07 00:00:00,EMAIL,Quality documentation,Attached is the latest shipping documentation for your records.
COM-1563,SUP-0034,2026-01-23 00:00:00,EMAIL,Delivery schedule,Please confirm the current outstanding balance for our account.
COM-1564,SUP-0039,2026-04-19 00:00:00,PHONE_NOTE,Shipping documentation,Attached is the latest shipping documentation for your records.
COM-1565,SUP-0013,2026-05-20 00:00:00,PHONE_NOTE,Quality documentation,Our accounts team is reconciling recent transactions.
COM-1566,SUP-0035,2026-05-25 00:00:00,PORTAL,Payment reminder,Our accounts team is reconciling recent transactions.
COM-1567,SUP-0050,2026-09-12 00:00:00,EMAIL,Monthly statement,Please provide the required quality documentation for the shipment.
COM-1568,SUP-0077,2026-02-05 00:00:00,EMAIL,Invoice submission,Please provide the required quality documentation for the shipment.
COM-1569,SUP-0075,2026-08-16 00:00:00,PORTAL,Quantity confirmation,Please provide the required quality documentation for the shipment.
COM-1570,SUP-0112,2026-05-03 00:00:00,EMAIL,Account reconciliation,Please confirm the current outstanding balance for our account.
COM-1571,SUP-0113,2026-07-01 00:00:00,EMAIL,Quantity confirmation,Please confirm the expected delivery date and carrier reference.
COM-1572,SUP-0027,2026-05-24 00:00:00,EMAIL,Shipping documentation,Please confirm receipt of purchase order PO-002080.
COM-1573,SUP-0067,2026-05-05 00:00:00,EMAIL,Purchase order confirmation,Invoice INV-000050 has been submitted for processing against PO-000050.
COM-1574,SUP-0109,2026-10-10 00:00:00,PHONE_NOTE,Invoice submission,Please send the latest forecast for the upcoming delivery period.
COM-1575,SUP-0012,2026-03-30 00:00:00,EMAIL,Order status,Please confirm whether the requested quantity remains unchanged.
COM-1576,SUP-0104,2026-06-15 00:00:00,PHONE_NOTE,Delivery schedule,Please confirm the current outstanding balance for our account.
COM-1577,SUP-0078,2026-07-11 00:00:00,EMAIL,Pricing discussion,Our accounts team is reconciling recent transactions.
COM-1578,SUP-0029,2026-05-15 00:00:00,EMAIL,Monthly statement,The shipment remains on the previously communicated schedule.
COM-1579,SUP-0062,2026-09-15 00:00:00,EMAIL,Contract review,Please confirm whether the requested quantity remains unchanged.
COM-1580,SUP-0049,2026-09-03 00:00:00,EMAIL,Payment reminder,Please send the latest forecast for the upcoming delivery period.
COM-1581,SUP-0047,2026-04-29 00:00:00,EMAIL,Purchase order confirmation,We are reviewing pricing for the next purchasing cycle.
COM-1582,SUP-0004,2026-05-01 00:00:00,PORTAL,Pricing discussion,Please confirm the expected delivery date and carrier reference.
COM-1583,SUP-0113,2026-06-03 00:00:00,EMAIL,Order status,Please provide the required quality documentation for the shipment.
COM-1584,SUP-0115,2026-05-21 00:00:00,EMAIL,Delivery update,Invoice INV-000199 has been submitted for processing against PO-000199.
COM-1585,SUP-0066,2026-07-30 00:00:00,PHONE_NOTE,Monthly statement,Invoice INV-004109 has been submitted for processing against PO-004109.
COM-1586,SUP-0097,2026-08-01 00:00:00,PHONE_NOTE,Purchase order confirmation,Please confirm the current outstanding balance for our account.
COM-1587,SUP-0031,2026-03-23 00:00:00,EMAIL,Pricing discussion,We are reviewing pricing for the next purchasing cycle.
COM-1588,SUP-0070,2026-07-02 00:00:00,EMAIL,Account reconciliation,Please confirm receipt of purchase order PO-004104.
COM-1589,SUP-0013,2026-08-10 00:00:00,EMAIL,Shipping documentation,Please confirm receipt of purchase order PO-000946.
COM-1590,SUP-0075,2026-10-16 00:00:00,PHONE_NOTE,Shipping documentation,Please confirm whether the requested quantity remains unchanged.
COM-1591,SUP-0044,2026-06-08 00:00:00,EMAIL,Contract review,Please confirm whether the requested quantity remains unchanged.
COM-1592,SUP-0033,2026-08-26 00:00:00,EMAIL,Contract review,Attached is the latest shipping documentation for your records.
COM-1593,SUP-0088,2026-08-13 00:00:00,EMAIL,Purchase order confirmation,Please confirm the current outstanding balance for our account.
COM-1594,SUP-0073,2026-03-03 00:00:00,PORTAL,Shipping documentation,We are reviewing the current contract terms and will follow up if clarification is required.
COM-1595,SUP-0013,2026-03-16 00:00:00,PHONE_NOTE,Quality documentation,Our accounts team is reconciling recent transactions.
COM-1596,SUP-0104,2026-07-01 00:00:00,PORTAL,Contract review,Please confirm the current outstanding balance for our account.
COM-1597,SUP-0068,2026-06-05 00:00:00,EMAIL,Order status,Please confirm receipt of purchase order PO-000659.
COM-1598,SUP-0025,2026-05-27 00:00:00,EMAIL,Account reconciliation,Our accounts team is reconciling recent transactions.
COM-1599,SUP-0063,2026-06-22 00:00:00,PHONE_NOTE,Monthly statement,We are reviewing pricing for the next purchasing cycle.
COM-1600,SUP-0022,2026-10-18 00:00:00,PHONE_NOTE,Pricing discussion,We are reviewing pricing for the next purchasing cycle.
COM-1601,SUP-0069,2026-04-18 00:00:00,PHONE_NOTE,Contract review,Please provide the required quality documentation for the shipment.
COM-1602,SUP-0108,2026-03-21 00:00:00,PHONE_NOTE,Contract review,Please send the latest forecast for the upcoming delivery period.
COM-1603,SUP-0071,2026-10-11 00:00:00,EMAIL,Shipping documentation,Attached is the latest shipping documentation for your records.
COM-1604,SUP-0020,2026-07-08 00:00:00,EMAIL,Payment reminder,Please confirm receipt of purchase order PO-004949.
COM-1605,SUP-0013,2026-02-12 00:00:00,EMAIL,Account reconciliation,We are reviewing the current contract terms and will follow up if clarification is required.
COM-1606,SUP-0052,2026-05-25 00:00:00,PHONE_NOTE,Account reconciliation,Please provide the required quality documentation for the shipment.
COM-1607,SUP-0030,2026-09-25 00:00:00,EMAIL,Forecast update,The shipment remains on the previously communicated schedule.
COM-1608,SUP-0081,2026-04-01 00:00:00,EMAIL,Account reconciliation,Please send the latest forecast for the upcoming delivery period.
COM-1609,SUP-0025,2026-07-16 00:00:00,EMAIL,Account reconciliation,Please confirm whether the requested quantity remains unchanged.
COM-1610,SUP-0102,2026-07-02 00:00:00,EMAIL,Forecast update,Please confirm whether the requested quantity remains unchanged.
COM-1611,SUP-0043,2026-03-31 00:00:00,EMAIL,Contract review,Please send the latest forecast for the upcoming delivery period.
COM-1612,SUP-0039,2026-06-03 00:00:00,EMAIL,Monthly statement,Please confirm the expected delivery date and carrier reference.
COM-1613,SUP-0020,2026-04-25 00:00:00,PHONE_NOTE,Invoice submission,We are reviewing the current contract terms and will follow up if clarification is required.
COM-1614,SUP-0044,2026-08-04 00:00:00,EMAIL,Purchase order confirmation,Our accounts team is reconciling recent transactions.
COM-1615,SUP-0047,2026-07-24 00:00:00,EMAIL,Payment reminder,Our accounts team is reconciling recent transactions.
COM-1616,SUP-0099,2026-08-09 00:00:00,EMAIL,Account reconciliation,Invoice INV-001085 has been submitted for processing against PO-001085.
COM-1617,SUP-0033,2026-03-14 00:00:00,PHONE_NOTE,Pricing discussion,Please confirm receipt of purchase order PO-000817.
COM-1618,SUP-0078,2026-10-13 00:00:00,PHONE_NOTE,Order status,Please confirm the expected delivery date and carrier reference.
COM-1619,SUP-0120,2026-09-17 00:00:00,EMAIL,Forecast update,Please confirm the current outstanding balance for our account.
COM-1620,SUP-0092,2026-03-30 00:00:00,EMAIL,Delivery schedule,Please provide the required quality documentation for the shipment.
COM-1621,SUP-0107,2026-06-12 00:00:00,PHONE_NOTE,Order status,Please provide an updated delivery estimate for the current order.
COM-1622,SUP-0005,2026-07-31 00:00:00,PHONE_NOTE,Forecast update,Please provide an updated delivery estimate for the current order.
COM-1623,SUP-0120,2026-09-16 00:00:00,PORTAL,Forecast update,Please send the latest forecast for the upcoming delivery period.
COM-1624,SUP-0052,2026-04-29 00:00:00,PORTAL,Shipping documentation,We are reviewing the current contract terms and will follow up if clarification is required.
COM-1625,SUP-0087,2026-05-20 00:00:00,EMAIL,Delivery schedule,Please provide an updated delivery estimate for the current order.
COM-1626,SUP-0017,2026-04-01 00:00:00,PHONE_NOTE,General account update,Please provide the required quality documentation for the shipment.
COM-1627,SUP-0097,2026-09-30 00:00:00,EMAIL,Forecast update,Please confirm receipt of purchase order PO-004967.
COM-1628,SUP-0002,2026-10-31 00:00:00,EMAIL,Monthly statement,Our accounts team is reconciling recent transactions.
COM-1629,SUP-0053,2026-07-18 00:00:00,PORTAL,Forecast update,Please confirm the expected delivery date and carrier reference.
COM-1630,SUP-0009,2026-05-09 00:00:00,EMAIL,General account update,Please confirm the expected delivery date and carrier reference.
COM-1631,SUP-0011,2026-06-12 00:00:00,EMAIL,Account reconciliation,We are reviewing pricing for the next purchasing cycle.
COM-1632,SUP-0014,2026-04-24 00:00:00,EMAIL,Order status,We are reviewing pricing for the next purchasing cycle.
COM-1633,SUP-0007,2026-04-24 00:00:00,EMAIL,Forecast update,Our accounts team is reconciling recent transactions.
COM-1634,SUP-0080,2026-09-23 00:00:00,EMAIL,Quantity confirmation,We are reviewing pricing for the next purchasing cycle.
COM-1635,SUP-0039,2026-05-29 00:00:00,EMAIL,Delivery schedule,Please confirm the expected delivery date and carrier reference.
COM-1636,SUP-0073,2026-07-12 00:00:00,EMAIL,Delivery update,Our accounts team is reconciling recent transactions.
COM-1637,SUP-0031,2026-10-11 00:00:00,PORTAL,Quality documentation,Our accounts team is reconciling recent transactions.
COM-1638,SUP-0054,2026-09-04 00:00:00,PORTAL,Account reconciliation,The shipment remains on the previously communicated schedule.
COM-1639,SUP-0105,2026-02-24 00:00:00,PHONE_NOTE,Contract review,Invoice INV-000929 has been submitted for processing against PO-000929.
COM-1640,SUP-0028,2026-04-01 00:00:00,PORTAL,Invoice submission,We are reviewing the current contract terms and will follow up if clarification is required.
COM-1641,SUP-0103,2026-03-15 00:00:00,EMAIL,Payment reminder,We are reviewing the current contract terms and will follow up if clarification is required.
COM-1642,SUP-0002,2026-08-14 00:00:00,EMAIL,Order status,Please confirm the current outstanding balance for our account.
COM-1643,SUP-0008,2026-05-19 00:00:00,EMAIL,Shipping documentation,Attached is the latest shipping documentation for your records.
COM-1644,SUP-0065,2026-08-25 00:00:00,EMAIL,Forecast update,Please confirm receipt of purchase order PO-001949.
COM-1645,SUP-0071,2026-08-16 00:00:00,PORTAL,Contract review,Attached is the latest shipping documentation for your records.
COM-1646,SUP-0016,2026-04-07 00:00:00,PHONE_NOTE,Order status,Please provide the required quality documentation for the shipment.
COM-1647,SUP-0107,2026-07-29 00:00:00,PORTAL,Forecast update,Please confirm the current outstanding balance for our account.
COM-1648,SUP-0067,2026-03-14 00:00:00,EMAIL,Forecast update,Please confirm whether the requested quantity remains unchanged.
COM-1649,SUP-0109,2026-07-13 00:00:00,EMAIL,Quantity confirmation,Please confirm the current outstanding balance for our account.
COM-1650,SUP-0027,2026-02-02 00:00:00,PHONE_NOTE,Shipping documentation,Please confirm the current outstanding balance for our account.
COM-1651,SUP-0069,2026-04-05 00:00:00,PORTAL,Invoice submission,Please confirm receipt of purchase order PO-004855.
COM-1652,SUP-0025,2026-08-10 00:00:00,PHONE_NOTE,Quality documentation,We are reviewing pricing for the next purchasing cycle.
COM-1653,SUP-0037,2026-09-01 00:00:00,EMAIL,Account reconciliation,Please send the latest forecast for the upcoming delivery period.
COM-1654,SUP-0080,2026-08-26 00:00:00,PORTAL,Contract review,Please confirm receipt of purchase order PO-000045.
COM-1655,SUP-0100,2026-05-04 00:00:00,PHONE_NOTE,Invoice submission,We are reviewing the current contract terms and will follow up if clarification is required.
COM-1656,SUP-0001,2026-06-11 00:00:00,EMAIL,Delivery update,Please send the latest forecast for the upcoming delivery period.
COM-1657,SUP-0043,2026-04-02 00:00:00,PHONE_NOTE,Order status,Please provide the required quality documentation for the shipment.
COM-1658,SUP-0065,2026-03-15 00:00:00,EMAIL,Purchase order confirmation,Invoice INV-004126 has been submitted for processing against PO-004126.
COM-1659,SUP-0093,2026-05-22 00:00:00,EMAIL,Shipping documentation,Please confirm the current outstanding balance for our account.
COM-1660,SUP-0050,2026-10-21 00:00:00,EMAIL,Pricing discussion,Invoice INV-003169 has been submitted for processing against PO-003169.
COM-1661,SUP-0044,2026-04-20 00:00:00,EMAIL,General account update,Attached is the latest shipping documentation for your records.
COM-1662,SUP-0015,2026-08-10 00:00:00,EMAIL,Pricing discussion,Our accounts team is reconciling recent transactions.
COM-1663,SUP-0093,2026-10-26 00:00:00,PHONE_NOTE,Order status,Invoice INV-000982 has been submitted for processing against PO-000982.
COM-1664,SUP-0005,2026-07-22 00:00:00,PORTAL,Quantity confirmation,Please confirm the current outstanding balance for our account.
COM-1665,SUP-0104,2026-08-02 00:00:00,PHONE_NOTE,Invoice submission,Please send the latest forecast for the upcoming delivery period.
COM-1666,SUP-0071,2026-04-17 00:00:00,PORTAL,Forecast update,We are reviewing the current contract terms and will follow up if clarification is required.
COM-1667,SUP-0098,2026-05-01 00:00:00,PHONE_NOTE,Delivery schedule,Please provide an updated delivery estimate for the current order.
COM-1668,SUP-0058,2026-03-25 00:00:00,EMAIL,Quality documentation,Please confirm receipt of purchase order PO-004758.
COM-1669,SUP-0042,2026-04-08 00:00:00,EMAIL,Forecast update,Our accounts team is reconciling recent transactions.
COM-1670,SUP-0083,2026-04-09 00:00:00,PORTAL,Order status,Please provide an updated delivery estimate for the current order.
COM-1671,SUP-0043,2026-05-04 00:00:00,PORTAL,Account reconciliation,The shipment remains on the previously communicated schedule.
COM-1672,SUP-0098,2026-10-08 00:00:00,PHONE_NOTE,Quantity confirmation,Please confirm whether the requested quantity remains unchanged.
COM-1673,SUP-0115,2026-08-14 00:00:00,EMAIL,Delivery update,Please provide an updated delivery estimate for the current order.
COM-1674,SUP-0021,2026-02-20 00:00:00,EMAIL,Pricing discussion,We are reviewing the current contract terms and will follow up if clarification is required.
COM-1675,SUP-0022,2026-10-16 00:00:00,EMAIL,Pricing discussion,Please confirm receipt of purchase order PO-001808.
COM-1676,SUP-0117,2026-07-02 00:00:00,EMAIL,Delivery update,Please confirm the current outstanding balance for our account.
COM-1677,SUP-0110,2026-07-15 00:00:00,PHONE_NOTE,Account reconciliation,Please send the latest forecast for the upcoming delivery period.
COM-1678,SUP-0065,2026-04-03 00:00:00,PHONE_NOTE,General account update,Please provide an updated delivery estimate for the current order.
COM-1679,SUP-0072,2026-08-25 00:00:00,EMAIL,Pricing discussion,Please confirm the expected delivery date and carrier reference.
COM-1680,SUP-0033,2026-05-12 00:00:00,PHONE_NOTE,General account update,Please confirm whether the requested quantity remains unchanged.
COM-1681,SUP-0072,2026-01-30 00:00:00,PORTAL,Contract review,Please confirm the expected delivery date and carrier reference.
COM-1682,SUP-0013,2026-05-08 00:00:00,PORTAL,Monthly statement,Invoice INV-000026 has been submitted for processing against PO-000026.
COM-1683,SUP-0087,2026-09-25 00:00:00,PHONE_NOTE,Monthly statement,Please provide an updated delivery estimate for the current order.
COM-1684,SUP-0036,2026-04-09 00:00:00,PHONE_NOTE,Quality documentation,Invoice INV-000160 has been submitted for processing against PO-000160.
COM-1685,SUP-0079,2026-06-20 00:00:00,EMAIL,Account reconciliation,Please provide an updated delivery estimate for the current order.
COM-1686,SUP-0079,2026-10-16 00:00:00,PORTAL,Contract review,Our accounts team is reconciling recent transactions.
COM-1687,SUP-0019,2026-03-16 00:00:00,EMAIL,General account update,Please confirm whether the requested quantity remains unchanged.
COM-1688,SUP-0105,2026-04-10 00:00:00,EMAIL,Quantity confirmation,We are reviewing the current contract terms and will follow up if clarification is required.
COM-1689,SUP-0115,2026-08-28 00:00:00,PORTAL,Shipping documentation,Please confirm whether the requested quantity remains unchanged.
COM-1690,SUP-0117,2026-01-12 00:00:00,EMAIL,Quantity confirmation,Please provide an updated delivery estimate for the current order.
COM-1691,SUP-0027,2026-04-11 00:00:00,PORTAL,Contract review,Please provide the required quality documentation for the shipment.
COM-1692,SUP-0103,2026-03-13 00:00:00,EMAIL,Delivery schedule,Please send the latest forecast for the upcoming delivery period.
COM-1693,SUP-0066,2026-09-30 00:00:00,EMAIL,Quantity confirmation,Invoice INV-002622 has been submitted for processing against PO-002622.
COM-1694,SUP-0015,2026-08-08 00:00:00,PORTAL,Forecast update,We are reviewing the current contract terms and will follow up if clarification is required.
COM-1695,SUP-0007,2026-04-13 00:00:00,EMAIL,Shipping documentation,Please send the latest forecast for the upcoming delivery period.
COM-1696,SUP-0038,2026-09-19 00:00:00,PORTAL,Quality documentation,Please provide the required quality documentation for the shipment.
COM-1697,SUP-0004,2026-05-21 00:00:00,EMAIL,Delivery update,We are reviewing pricing for the next purchasing cycle.
COM-1698,SUP-0050,2026-08-18 00:00:00,PHONE_NOTE,Invoice submission,The shipment remains on the previously communicated schedule.
COM-1699,SUP-0120,2026-08-09 00:00:00,PHONE_NOTE,Quality documentation,Our accounts team is reconciling recent transactions.
COM-1700,SUP-0063,2026-09-25 00:00:00,EMAIL,Contract review,Our accounts team is reconciling recent transactions.
COM-1701,SUP-0005,2026-06-17 00:00:00,PHONE_NOTE,Invoice submission,Please confirm the expected delivery date and carrier reference.
COM-1702,SUP-0064,2026-05-07 00:00:00,PORTAL,Quality documentation,Please confirm the current outstanding balance for our account.
COM-1703,SUP-0033,2026-04-10 00:00:00,PHONE_NOTE,Monthly statement,Please confirm the expected delivery date and carrier reference.
COM-1704,SUP-0100,2026-07-26 00:00:00,PHONE_NOTE,Purchase order confirmation,Attached is the latest shipping documentation for your records.
COM-1705,SUP-0094,2026-10-03 00:00:00,EMAIL,Order status,Attached is the latest shipping documentation for your records.
COM-1706,SUP-0014,2026-05-06 00:00:00,EMAIL,Pricing discussion,Please confirm the current outstanding balance for our account.
COM-1707,SUP-0111,2026-02-01 00:00:00,EMAIL,Order status,Invoice INV-000358 has been submitted for processing against PO-000358.
COM-1708,SUP-0036,2026-06-14 00:00:00,EMAIL,General account update,Please confirm the current outstanding balance for our account.
COM-1709,SUP-0017,2026-05-20 00:00:00,EMAIL,Pricing discussion,Our accounts team is reconciling recent transactions.
COM-1710,SUP-0042,2026-06-19 00:00:00,PORTAL,Delivery schedule,Invoice INV-001189 has been submitted for processing against PO-001189.
COM-1711,SUP-0030,2026-09-12 00:00:00,EMAIL,Quality documentation,Please confirm the current outstanding balance for our account.
COM-1712,SUP-0015,2026-06-14 00:00:00,EMAIL,General account update,Please confirm the expected delivery date and carrier reference.
COM-1713,SUP-0058,2026-09-04 00:00:00,EMAIL,Forecast update,Please send the latest forecast for the upcoming delivery period.
COM-1714,SUP-0015,2026-04-01 00:00:00,PHONE_NOTE,Shipping documentation,Attached is the latest shipping documentation for your records.
COM-1715,SUP-0091,2026-06-11 00:00:00,EMAIL,Delivery update,Please send the latest forecast for the upcoming delivery period.
COM-1716,SUP-0098,2026-05-10 00:00:00,PORTAL,Monthly statement,Our accounts team is reconciling recent transactions.
COM-1717,SUP-0018,2026-06-24 00:00:00,EMAIL,Payment reminder,We are reviewing the current contract terms and will follow up if clarification is required.
COM-1718,SUP-0106,2026-11-09 00:00:00,EMAIL,Account reconciliation,Please confirm the expected delivery date and carrier reference.
COM-1719,SUP-0033,2026-03-14 00:00:00,PORTAL,Pricing discussion,Please confirm receipt of purchase order PO-001539.
COM-1720,SUP-0084,2026-05-15 00:00:00,PHONE_NOTE,Order status,Please send the latest forecast for the upcoming delivery period.
COM-1721,SUP-0118,2026-10-17 00:00:00,PORTAL,Payment reminder,The shipment remains on the previously communicated schedule.
COM-1722,SUP-0074,2026-06-07 00:00:00,PORTAL,Forecast update,Please confirm whether the requested quantity remains unchanged.
COM-1723,SUP-0103,2026-05-26 00:00:00,EMAIL,Payment reminder,Please confirm receipt of purchase order PO-003100.
COM-1724,SUP-0099,2026-06-18 00:00:00,EMAIL,Monthly statement,Please confirm the current outstanding balance for our account.
COM-1725,SUP-0104,2026-03-25 00:00:00,EMAIL,Purchase order confirmation,We are reviewing the current contract terms and will follow up if clarification is required.
COM-1726,SUP-0024,2026-06-09 00:00:00,PHONE_NOTE,Pricing discussion,Our accounts team is reconciling recent transactions.
COM-1727,SUP-0108,2026-04-20 00:00:00,PHONE_NOTE,Pricing discussion,Please confirm whether the requested quantity remains unchanged.
COM-1728,SUP-0009,2026-01-16 00:00:00,EMAIL,Purchase order confirmation,Please confirm whether the requested quantity remains unchanged.
COM-1729,SUP-0048,2026-06-03 00:00:00,PHONE_NOTE,Order status,Our accounts team is reconciling recent transactions.
COM-1730,SUP-0115,2026-08-13 00:00:00,EMAIL,Monthly statement,Please confirm the current outstanding balance for our account.
COM-1731,SUP-0024,2026-01-10 00:00:00,EMAIL,Forecast update,Please confirm the expected delivery date and carrier reference.
COM-1732,SUP-0038,2026-04-04 00:00:00,EMAIL,Quality documentation,Attached is the latest shipping documentation for your records.
COM-1733,SUP-0058,2026-06-19 00:00:00,PORTAL,Purchase order confirmation,Please provide an updated delivery estimate for the current order.
COM-1734,SUP-0094,2026-05-26 00:00:00,PHONE_NOTE,Shipping documentation,We are reviewing the current contract terms and will follow up if clarification is required.
COM-1735,SUP-0086,2026-05-14 00:00:00,EMAIL,Quantity confirmation,Attached is the latest shipping documentation for your records.
COM-1736,SUP-0039,2026-03-22 00:00:00,EMAIL,Delivery schedule,Please provide the required quality documentation for the shipment.
COM-1737,SUP-0096,2026-09-11 00:00:00,PHONE_NOTE,Purchase order confirmation,Please confirm the current outstanding balance for our account.
COM-1738,SUP-0047,2026-04-08 00:00:00,PHONE_NOTE,Payment reminder,Please confirm whether the requested quantity remains unchanged.
COM-1739,SUP-0105,2026-07-15 00:00:00,EMAIL,Pricing discussion,The shipment remains on the previously communicated schedule.
COM-1740,SUP-0027,2026-02-05 00:00:00,EMAIL,Delivery schedule,Please confirm the current outstanding balance for our account.
COM-1741,SUP-0014,2026-02-09 00:00:00,EMAIL,Shipping documentation,We are reviewing the current contract terms and will follow up if clarification is required.
COM-1742,SUP-0058,2026-07-02 00:00:00,PHONE_NOTE,General account update,Our accounts team is reconciling recent transactions.
COM-1743,SUP-0069,2026-08-21 00:00:00,PORTAL,Order status,The shipment remains on the previously communicated schedule.
COM-1744,SUP-0024,2026-07-20 00:00:00,PORTAL,Contract review,We are reviewing the current contract terms and will follow up if clarification is required.
COM-1745,SUP-0080,2026-04-20 00:00:00,PHONE_NOTE,Purchase order confirmation,Please send the latest forecast for the upcoming delivery period.
COM-1746,SUP-0060,2026-02-23 00:00:00,EMAIL,Invoice submission,Our accounts team is reconciling recent transactions.
COM-1747,SUP-0026,2026-04-15 00:00:00,PHONE_NOTE,Order status,Please confirm the expected delivery date and carrier reference.
COM-1748,SUP-0048,2026-02-15 00:00:00,EMAIL,Pricing discussion,We are reviewing the current contract terms and will follow up if clarification is required.
COM-1749,SUP-0021,2026-08-28 00:00:00,EMAIL,General account update,Please provide the required quality documentation for the shipment.
COM-1750,SUP-0081,2026-08-18 00:00:00,PORTAL,Monthly statement,Please send the latest forecast for the upcoming delivery period.
COM-1751,SUP-0118,2026-04-20 00:00:00,EMAIL,Monthly statement,Please provide an updated delivery estimate for the current order.
COM-1752,SUP-0062,2026-04-22 00:00:00,PORTAL,Delivery schedule,Please send the latest forecast for the upcoming delivery period.
COM-1753,SUP-0048,2026-09-06 00:00:00,EMAIL,Invoice submission,We are reviewing pricing for the next purchasing cycle.
COM-1754,SUP-0113,2026-06-21 00:00:00,PHONE_NOTE,Order status,We are reviewing pricing for the next purchasing cycle.
COM-1755,SUP-0049,2026-06-09 00:00:00,PORTAL,Order status,We are reviewing the current contract terms and will follow up if clarification is required.
COM-1756,SUP-0046,2026-04-18 00:00:00,PORTAL,Monthly statement,Please confirm the expected delivery date and carrier reference.
COM-1757,SUP-0004,2026-07-11 00:00:00,EMAIL,Quantity confirmation,We are reviewing the current contract terms and will follow up if clarification is required.
COM-1758,SUP-0100,2026-05-19 00:00:00,EMAIL,Invoice submission,Invoice INV-000505 has been submitted for processing against PO-000505.
COM-1759,SUP-0074,2026-05-08 00:00:00,PORTAL,Contract review,Please provide an updated delivery estimate for the current order.
COM-1760,SUP-0119,2026-08-30 00:00:00,EMAIL,Order status,We are reviewing pricing for the next purchasing cycle.
COM-1761,SUP-0069,2026-09-04 00:00:00,EMAIL,Purchase order confirmation,The shipment remains on the previously communicated schedule.
COM-1762,SUP-0088,2026-09-01 00:00:00,PHONE_NOTE,General account update,The shipment remains on the previously communicated schedule.
COM-1763,SUP-0076,2026-02-17 00:00:00,PORTAL,Forecast update,The shipment remains on the previously communicated schedule.
COM-1764,SUP-0044,2026-05-06 00:00:00,EMAIL,Payment reminder,The shipment remains on the previously communicated schedule.
COM-1765,SUP-0057,2026-09-14 00:00:00,EMAIL,Order status,Please confirm receipt of purchase order PO-001371.
COM-1766,SUP-0074,2026-02-07 00:00:00,EMAIL,Shipping documentation,Attached is the latest shipping documentation for your records.
COM-1767,SUP-0072,2026-06-24 00:00:00,EMAIL,Shipping documentation,Please confirm receipt of purchase order PO-003073.
COM-1768,SUP-0020,2026-10-23 00:00:00,EMAIL,Pricing discussion,Please confirm the current outstanding balance for our account.
COM-1769,SUP-0090,2026-09-04 00:00:00,EMAIL,Forecast update,Please confirm the expected delivery date and carrier reference.
COM-1770,SUP-0090,2026-07-06 00:00:00,PORTAL,Invoice submission,Please confirm receipt of purchase order PO-003836.
COM-1771,SUP-0089,2026-05-06 00:00:00,EMAIL,Delivery schedule,Please confirm the expected delivery date and carrier reference.
COM-1772,SUP-0022,2026-09-30 00:00:00,EMAIL,Invoice submission,Please provide an updated delivery estimate for the current order.
COM-1773,SUP-0027,2026-07-10 00:00:00,EMAIL,Purchase order confirmation,Please send the latest forecast for the upcoming delivery period.
COM-1774,SUP-0029,2026-08-16 00:00:00,PHONE_NOTE,General account update,Please confirm the current outstanding balance for our account.
COM-1775,SUP-0019,2026-05-24 00:00:00,EMAIL,Quality documentation,Please confirm the current outstanding balance for our account.
COM-1776,SUP-0033,2026-06-13 00:00:00,EMAIL,Pricing discussion,We are reviewing pricing for the next purchasing cycle.
COM-1777,SUP-0106,2026-07-18 00:00:00,PORTAL,Pricing discussion,Please provide an updated delivery estimate for the current order.
COM-1778,SUP-0079,2026-04-06 00:00:00,PHONE_NOTE,Delivery schedule,Please confirm the current outstanding balance for our account.
COM-1779,SUP-0031,2026-05-09 00:00:00,EMAIL,Pricing discussion,Attached is the latest shipping documentation for your records.
COM-1780,SUP-0052,2026-05-06 00:00:00,EMAIL,Quantity confirmation,Please confirm whether the requested quantity remains unchanged.
COM-1781,SUP-0094,2026-04-20 00:00:00,PORTAL,Monthly statement,Please provide the required quality documentation for the shipment.
COM-1782,SUP-0102,2026-05-28 00:00:00,PORTAL,Contract review,Please provide an updated delivery estimate for the current order.
COM-1783,SUP-0082,2026-05-21 00:00:00,PORTAL,Forecast update,Please confirm the expected delivery date and carrier reference.
COM-1784,SUP-0064,2026-08-24 00:00:00,EMAIL,Purchase order confirmation,Please confirm receipt of purchase order PO-003632.
COM-1785,SUP-0057,2026-05-13 00:00:00,PHONE_NOTE,Forecast update,Our accounts team is reconciling recent transactions.
COM-1786,SUP-0119,2026-05-12 00:00:00,EMAIL,Monthly statement,The shipment remains on the previously communicated schedule.
COM-1787,SUP-0016,2026-05-28 00:00:00,EMAIL,Account reconciliation,Please confirm receipt of purchase order PO-003554.
COM-1788,SUP-0119,2026-08-22 00:00:00,PHONE_NOTE,Order status,We are reviewing pricing for the next purchasing cycle.
COM-1789,SUP-0112,2026-04-20 00:00:00,PHONE_NOTE,Order status,Please confirm the expected delivery date and carrier reference.
COM-1790,SUP-0116,2026-04-12 00:00:00,PHONE_NOTE,Order status,Please confirm receipt of purchase order PO-003870.
COM-1791,SUP-0022,2026-10-06 00:00:00,PORTAL,Delivery update,The shipment remains on the previously communicated schedule.
COM-1792,SUP-0108,2026-05-12 00:00:00,EMAIL,Invoice submission,Please provide the required quality documentation for the shipment.
COM-1793,SUP-0087,2026-09-21 00:00:00,EMAIL,Invoice submission,Please provide the required quality documentation for the shipment.
COM-1794,SUP-0032,2026-10-08 00:00:00,PHONE_NOTE,Pricing discussion,Please confirm receipt of purchase order PO-004576.
COM-1795,SUP-0073,2026-05-05 00:00:00,EMAIL,Payment reminder,Please confirm whether the requested quantity remains unchanged.
COM-1796,SUP-0021,2026-05-04 00:00:00,PORTAL,Contract review,Please confirm the current outstanding balance for our account.
COM-1797,SUP-0049,2026-05-13 00:00:00,EMAIL,Shipping documentation,Please confirm the expected delivery date and carrier reference.
COM-1798,SUP-0097,2026-10-12 00:00:00,EMAIL,Shipping documentation,Our accounts team is reconciling recent transactions.
COM-1799,SUP-0077,2026-06-05 00:00:00,PHONE_NOTE,Quality documentation,Our accounts team is reconciling recent transactions.
COM-1800,SUP-0026,2026-04-17 00:00:00,PORTAL,Delivery update,Please provide the required quality documentation for the shipment.
COM-1801,SUP-0012,2026-09-13 00:00:00,PORTAL,Forecast update,Please confirm the current outstanding balance for our account.
COM-1802,SUP-0076,2026-09-05 00:00:00,PORTAL,Delivery schedule,Our accounts team is reconciling recent transactions.
COM-1803,SUP-0069,2026-07-04 00:00:00,PHONE_NOTE,Invoice submission,We are reviewing pricing for the next purchasing cycle.
COM-1804,SUP-0064,2026-09-02 00:00:00,PORTAL,Account reconciliation,Please confirm the expected delivery date and carrier reference.
COM-1805,SUP-0098,2026-10-09 00:00:00,PORTAL,Monthly statement,Please confirm whether the requested quantity remains unchanged.
COM-1806,SUP-0084,2026-04-21 00:00:00,EMAIL,Pricing discussion,We are reviewing pricing for the next purchasing cycle.
COM-1807,SUP-0077,2026-05-07 00:00:00,EMAIL,Account reconciliation,Please provide the required quality documentation for the shipment.
COM-1808,SUP-0071,2026-04-23 00:00:00,PHONE_NOTE,Contract review,Please confirm receipt of purchase order PO-000668.
COM-1809,SUP-0096,2026-07-28 00:00:00,EMAIL,Quality documentation,Attached is the latest shipping documentation for your records.
COM-1810,SUP-0085,2026-03-28 00:00:00,PHONE_NOTE,Monthly statement,Please provide an updated delivery estimate for the current order.
COM-1811,SUP-0120,2026-02-12 00:00:00,PORTAL,Forecast update,We are reviewing the current contract terms and will follow up if clarification is required.
COM-1812,SUP-0041,2026-07-03 00:00:00,PORTAL,Pricing discussion,Please provide the required quality documentation for the shipment.
COM-1813,SUP-0059,2026-03-25 00:00:00,PHONE_NOTE,Forecast update,Invoice INV-001133 has been submitted for processing against PO-001133.
COM-1814,SUP-0005,2026-07-18 00:00:00,EMAIL,Quality documentation,Please confirm whether the requested quantity remains unchanged.
COM-1815,SUP-0042,2026-06-27 00:00:00,PHONE_NOTE,Quantity confirmation,Invoice INV-001143 has been submitted for processing against PO-001143.
COM-1816,SUP-0076,2026-10-25 00:00:00,EMAIL,Forecast update,We are reviewing pricing for the next purchasing cycle.
COM-1817,SUP-0077,2026-08-24 00:00:00,EMAIL,Quantity confirmation,We are reviewing pricing for the next purchasing cycle.
COM-1818,SUP-0016,2026-10-15 00:00:00,PORTAL,Invoice submission,Please provide an updated delivery estimate for the current order.
COM-1819,SUP-0102,2026-05-08 00:00:00,EMAIL,Contract review,Please confirm whether the requested quantity remains unchanged.
COM-1820,SUP-0042,2026-04-15 00:00:00,PHONE_NOTE,Quality documentation,Please confirm receipt of purchase order PO-000147.
COM-1821,SUP-0119,2026-08-04 00:00:00,EMAIL,Contract review,The shipment remains on the previously communicated schedule.
COM-1822,SUP-0104,2026-08-26 00:00:00,EMAIL,Payment reminder,Please confirm the expected delivery date and carrier reference.
COM-1823,SUP-0110,2026-08-10 00:00:00,EMAIL,Order status,Please confirm whether the requested quantity remains unchanged.
COM-1824,SUP-0056,2026-07-07 00:00:00,EMAIL,Pricing discussion,Please confirm whether the requested quantity remains unchanged.
COM-1825,SUP-0072,2026-06-24 00:00:00,PORTAL,Account reconciliation,Please confirm receipt of purchase order PO-002668.
COM-1826,SUP-0083,2026-07-16 00:00:00,PHONE_NOTE,Delivery update,We are reviewing the current contract terms and will follow up if clarification is required.
COM-1827,SUP-0088,2026-02-20 00:00:00,EMAIL,Payment reminder,Please send the latest forecast for the upcoming delivery period.
COM-1828,SUP-0076,2026-04-06 00:00:00,EMAIL,Pricing discussion,Please confirm the expected delivery date and carrier reference.
COM-1829,SUP-0062,2026-05-29 00:00:00,EMAIL,Forecast update,Please provide an updated delivery estimate for the current order.
COM-1830,SUP-0014,2026-07-20 00:00:00,PHONE_NOTE,Payment reminder,Attached is the latest shipping documentation for your records.
COM-1831,SUP-0005,2026-09-10 00:00:00,PORTAL,Contract review,Please provide an updated delivery estimate for the current order.
COM-1832,SUP-0060,2026-06-27 00:00:00,EMAIL,Quantity confirmation,Please provide the required quality documentation for the shipment.
COM-1833,SUP-0023,2026-04-18 00:00:00,PHONE_NOTE,Contract review,Please send the latest forecast for the upcoming delivery period.
COM-1834,SUP-0014,2026-05-20 00:00:00,EMAIL,Monthly statement,Please provide the required quality documentation for the shipment.
COM-1835,SUP-0101,2026-07-31 00:00:00,EMAIL,Contract review,Please confirm the current outstanding balance for our account.
COM-1836,SUP-0084,2026-04-20 00:00:00,PORTAL,Purchase order confirmation,Please confirm receipt of purchase order PO-004229.
COM-1837,SUP-0051,2026-07-11 00:00:00,EMAIL,Invoice submission,Please send the latest forecast for the upcoming delivery period.
COM-1838,SUP-0083,2026-04-22 00:00:00,EMAIL,Monthly statement,Attached is the latest shipping documentation for your records.
COM-1839,SUP-0042,2026-02-28 00:00:00,EMAIL,Payment reminder,Please send the latest forecast for the upcoming delivery period.
COM-1840,SUP-0073,2026-04-18 00:00:00,EMAIL,General account update,Attached is the latest shipping documentation for your records.
COM-1841,SUP-0003,2026-08-25 00:00:00,PHONE_NOTE,Delivery schedule,We are reviewing the current contract terms and will follow up if clarification is required.
COM-1842,SUP-0070,2026-06-04 00:00:00,EMAIL,Quantity confirmation,Please provide the required quality documentation for the shipment.
COM-1843,SUP-0036,2026-05-15 00:00:00,EMAIL,Quantity confirmation,Please confirm the current outstanding balance for our account.
COM-1844,SUP-0080,2026-09-12 00:00:00,EMAIL,Order status,Please provide an updated delivery estimate for the current order.
COM-1845,SUP-0046,2026-03-01 00:00:00,EMAIL,Shipping documentation,Please confirm the expected delivery date and carrier reference.
COM-1846,SUP-0073,2026-05-15 00:00:00,PHONE_NOTE,Order status,Please confirm receipt of purchase order PO-001497.
COM-1847,SUP-0032,2026-04-25 00:00:00,EMAIL,Purchase order confirmation,The shipment remains on the previously communicated schedule.
COM-1848,SUP-0037,2026-09-07 00:00:00,PHONE_NOTE,Pricing discussion,Please provide the required quality documentation for the shipment.
COM-1849,SUP-0062,2026-09-05 00:00:00,EMAIL,Payment reminder,Please confirm the expected delivery date and carrier reference.
COM-1850,SUP-0082,2026-08-05 00:00:00,EMAIL,Quantity confirmation,Please confirm the current outstanding balance for our account.
COM-1851,SUP-0057,2026-08-07 00:00:00,EMAIL,Pricing discussion,Our accounts team is reconciling recent transactions.
COM-1852,SUP-0063,2026-08-18 00:00:00,EMAIL,Contract review,We are reviewing the current contract terms and will follow up if clarification is required.
COM-1853,SUP-0095,2026-07-10 00:00:00,PORTAL,Shipping documentation,Please provide the required quality documentation for the shipment.
COM-1854,SUP-0008,2026-04-17 00:00:00,PORTAL,Payment reminder,Please confirm the current outstanding balance for our account.
COM-1855,SUP-0052,2026-08-31 00:00:00,PHONE_NOTE,Monthly statement,Invoice INV-003571 has been submitted for processing against PO-003571.
COM-1856,SUP-0104,2026-03-10 00:00:00,EMAIL,Shipping documentation,Please provide an updated delivery estimate for the current order.
COM-1857,SUP-0008,2026-08-22 00:00:00,EMAIL,Forecast update,Please provide an updated delivery estimate for the current order.
COM-1858,SUP-0028,2026-06-21 00:00:00,PHONE_NOTE,Delivery update,We are reviewing pricing for the next purchasing cycle.
COM-1859,SUP-0019,2026-07-07 00:00:00,EMAIL,Contract review,Please provide an updated delivery estimate for the current order.
COM-1860,SUP-0053,2026-07-21 00:00:00,EMAIL,Contract review,Please confirm the current outstanding balance for our account.
COM-1861,SUP-0016,2026-03-10 00:00:00,EMAIL,Delivery schedule,Please provide an updated delivery estimate for the current order.
COM-1862,SUP-0005,2026-06-12 00:00:00,PHONE_NOTE,Quantity confirmation,Our accounts team is reconciling recent transactions.
COM-1863,SUP-0069,2026-06-17 00:00:00,PORTAL,Quality documentation,Please confirm the current outstanding balance for our account.
COM-1864,SUP-0107,2026-05-26 00:00:00,EMAIL,Contract review,Please confirm the current outstanding balance for our account.
COM-1865,SUP-0018,2026-10-25 00:00:00,EMAIL,Shipping documentation,Please confirm whether the requested quantity remains unchanged.
COM-1866,SUP-0089,2026-05-27 00:00:00,EMAIL,Contract review,Please confirm whether the requested quantity remains unchanged.
COM-1867,SUP-0015,2026-09-17 00:00:00,EMAIL,Quantity confirmation,The shipment remains on the previously communicated schedule.
COM-1868,SUP-0086,2026-02-15 00:00:00,EMAIL,Order status,Please send the latest forecast for the upcoming delivery period.
COM-1869,SUP-0093,2026-05-28 00:00:00,PHONE_NOTE,Pricing discussion,Please confirm the current outstanding balance for our account.
COM-1870,SUP-0026,2026-04-25 00:00:00,EMAIL,Contract review,Please provide an updated delivery estimate for the current order.
COM-1871,SUP-0101,2026-08-15 00:00:00,EMAIL,Invoice submission,The shipment remains on the previously communicated schedule.
COM-1872,SUP-0008,2026-10-05 00:00:00,PHONE_NOTE,Purchase order confirmation,We are reviewing the current contract terms and will follow up if clarification is required.
COM-1873,SUP-0062,2026-04-04 00:00:00,EMAIL,Quantity confirmation,We are reviewing the current contract terms and will follow up if clarification is required.
COM-1874,SUP-0029,2026-05-30 00:00:00,PHONE_NOTE,Shipping documentation,We are reviewing the current contract terms and will follow up if clarification is required.
COM-1875,SUP-0025,2026-08-16 00:00:00,EMAIL,Payment reminder,Please confirm whether the requested quantity remains unchanged.
COM-1876,SUP-0016,2026-04-30 00:00:00,PORTAL,Quality documentation,Please send the latest forecast for the upcoming delivery period.
COM-1877,SUP-0044,2026-09-30 00:00:00,EMAIL,Shipping documentation,We are reviewing pricing for the next purchasing cycle.
COM-1878,SUP-0029,2026-11-01 00:00:00,EMAIL,Payment reminder,The shipment remains on the previously communicated schedule.
COM-1879,SUP-0055,2026-08-28 00:00:00,EMAIL,Purchase order confirmation,The shipment remains on the previously communicated schedule.
COM-1880,SUP-0100,2026-05-04 00:00:00,PHONE_NOTE,Purchase order confirmation,Please send the latest forecast for the upcoming delivery period.
COM-1881,SUP-0031,2026-02-09 00:00:00,EMAIL,Forecast update,Please confirm the expected delivery date and carrier reference.
COM-1882,SUP-0092,2026-06-07 00:00:00,PORTAL,Quantity confirmation,Please confirm the expected delivery date and carrier reference.
COM-1883,SUP-0008,2026-03-28 00:00:00,PHONE_NOTE,Order status,We are reviewing pricing for the next purchasing cycle.
COM-1884,SUP-0110,2026-08-23 00:00:00,EMAIL,Forecast update,Our accounts team is reconciling recent transactions.
COM-1885,SUP-0081,2026-02-26 00:00:00,PHONE_NOTE,Payment reminder,Please confirm whether the requested quantity remains unchanged.
COM-1886,SUP-0083,2026-08-23 00:00:00,PHONE_NOTE,Delivery update,Please send the latest forecast for the upcoming delivery period.
COM-1887,SUP-0120,2026-02-02 00:00:00,PHONE_NOTE,Delivery schedule,Attached is the latest shipping documentation for your records.
COM-1888,SUP-0072,2026-09-22 00:00:00,EMAIL,Purchase order confirmation,Invoice INV-004553 has been submitted for processing against PO-004553.
COM-1889,SUP-0021,2026-09-29 00:00:00,EMAIL,Monthly statement,Please confirm the expected delivery date and carrier reference.
COM-1890,SUP-0080,2026-03-26 00:00:00,PHONE_NOTE,Delivery schedule,Please confirm whether the requested quantity remains unchanged.
COM-1891,SUP-0100,2026-05-20 00:00:00,PHONE_NOTE,Shipping documentation,Please send the latest forecast for the upcoming delivery period.
COM-1892,SUP-0110,2026-04-09 00:00:00,PORTAL,Quantity confirmation,The shipment remains on the previously communicated schedule.
COM-1893,SUP-0035,2026-09-08 00:00:00,EMAIL,Contract review,We are reviewing the current contract terms and will follow up if clarification is required.
COM-1894,SUP-0103,2026-01-31 00:00:00,PORTAL,Pricing discussion,Please confirm the current outstanding balance for our account.
COM-1895,SUP-0001,2026-05-31 00:00:00,PORTAL,Pricing discussion,Please provide an updated delivery estimate for the current order.
COM-1896,SUP-0042,2026-07-29 00:00:00,PHONE_NOTE,General account update,Please confirm the current outstanding balance for our account.
COM-1897,SUP-0073,2026-10-05 00:00:00,PHONE_NOTE,Delivery schedule,Our accounts team is reconciling recent transactions.
COM-1898,SUP-0001,2026-01-28 00:00:00,EMAIL,Delivery schedule,Please confirm whether the requested quantity remains unchanged.
COM-1899,SUP-0019,2026-03-20 00:00:00,PORTAL,Delivery schedule,Please send the latest forecast for the upcoming delivery period.
COM-1900,SUP-0072,2026-07-05 00:00:00,EMAIL,Order status,Attached is the latest shipping documentation for your records.
COM-1901,SUP-0108,2026-05-06 00:00:00,PHONE_NOTE,Quantity confirmation,Please confirm the expected delivery date and carrier reference.
COM-1902,SUP-0107,2026-03-16 00:00:00,PORTAL,Quality documentation,Our accounts team is reconciling recent transactions.
COM-1903,SUP-0085,2026-08-11 00:00:00,EMAIL,General account update,Please confirm whether the requested quantity remains unchanged.
COM-1904,SUP-0008,2026-05-20 00:00:00,EMAIL,Purchase order confirmation,Please confirm receipt of purchase order PO-004333.
COM-1905,SUP-0031,2026-03-07 00:00:00,PHONE_NOTE,Purchase order confirmation,Please provide the required quality documentation for the shipment.
COM-1906,SUP-0035,2026-02-12 00:00:00,EMAIL,Shipping documentation,Please confirm the expected delivery date and carrier reference.
COM-1907,SUP-0002,2026-08-28 00:00:00,EMAIL,Order status,Invoice INV-000734 has been submitted for processing against PO-000734.
COM-1908,SUP-0068,2026-03-07 00:00:00,EMAIL,Monthly statement,Please confirm the expected delivery date and carrier reference.
COM-1909,SUP-0077,2026-06-19 00:00:00,PORTAL,Pricing discussion,Please confirm the expected delivery date and carrier reference.
COM-1910,SUP-0097,2026-08-13 00:00:00,EMAIL,Shipping documentation,Please provide the required quality documentation for the shipment.
COM-1911,SUP-0023,2026-04-19 00:00:00,EMAIL,Shipping documentation,Please confirm the current outstanding balance for our account.
COM-1912,SUP-0064,2026-07-02 00:00:00,PHONE_NOTE,General account update,Please send the latest forecast for the upcoming delivery period.
COM-1913,SUP-0029,2026-05-28 00:00:00,PORTAL,Shipping documentation,Attached is the latest shipping documentation for your records.
COM-1914,SUP-0043,2026-02-17 00:00:00,PHONE_NOTE,Pricing discussion,Please confirm the current outstanding balance for our account.
COM-1915,SUP-0002,2026-02-13 00:00:00,EMAIL,Monthly statement,The shipment remains on the previously communicated schedule.
COM-1916,SUP-0047,2026-04-08 00:00:00,EMAIL,Quantity confirmation,Invoice INV-002547 has been submitted for processing against PO-002547.
COM-1917,SUP-0076,2026-07-13 00:00:00,PHONE_NOTE,Account reconciliation,Please provide the required quality documentation for the shipment.
COM-1918,SUP-0073,2026-09-11 00:00:00,PHONE_NOTE,Invoice submission,The shipment remains on the previously communicated schedule.
COM-1919,SUP-0019,2026-09-20 00:00:00,PHONE_NOTE,Forecast update,Please send the latest forecast for the upcoming delivery period.
COM-1920,SUP-0030,2026-05-04 00:00:00,EMAIL,Contract review,Please confirm the expected delivery date and carrier reference.
COM-1921,SUP-0085,2026-02-14 00:00:00,EMAIL,Invoice submission,We are reviewing the current contract terms and will follow up if clarification is required.
COM-1922,SUP-0027,2026-08-30 00:00:00,PORTAL,Monthly statement,We are reviewing pricing for the next purchasing cycle.
COM-1923,SUP-0026,2026-04-05 00:00:00,EMAIL,Purchase order confirmation,Please send the latest forecast for the upcoming delivery period.
COM-1924,SUP-0024,2026-07-18 00:00:00,EMAIL,Account reconciliation,Our accounts team is reconciling recent transactions.
COM-1925,SUP-0077,2026-03-28 00:00:00,EMAIL,Purchase order confirmation,Please confirm receipt of purchase order PO-000644.
COM-1926,SUP-0012,2026-11-03 00:00:00,EMAIL,Payment reminder,Please provide the required quality documentation for the shipment.
COM-1927,SUP-0100,2026-07-19 00:00:00,PORTAL,Delivery update,Attached is the latest shipping documentation for your records.
COM-1928,SUP-0091,2026-03-30 00:00:00,PHONE_NOTE,Delivery schedule,The shipment remains on the previously communicated schedule.
COM-1929,SUP-0081,2026-06-15 00:00:00,PHONE_NOTE,Delivery update,Please provide the required quality documentation for the shipment.
COM-1930,SUP-0071,2026-06-17 00:00:00,PHONE_NOTE,Forecast update,Please provide an updated delivery estimate for the current order.
COM-1931,SUP-0106,2026-03-19 00:00:00,PORTAL,Pricing discussion,Please provide the required quality documentation for the shipment.
COM-1932,SUP-0034,2026-02-22 00:00:00,EMAIL,Forecast update,Please provide an updated delivery estimate for the current order.
COM-1933,SUP-0076,2026-11-02 00:00:00,EMAIL,General account update,Please send the latest forecast for the upcoming delivery period.
COM-1934,SUP-0090,2026-09-17 00:00:00,EMAIL,Quality documentation,We are reviewing pricing for the next purchasing cycle.
COM-1935,SUP-0077,2026-02-06 00:00:00,EMAIL,Quantity confirmation,Please confirm receipt of purchase order PO-004494.
COM-1936,SUP-0015,2026-10-26 00:00:00,PHONE_NOTE,Invoice submission,Our accounts team is reconciling recent transactions.
COM-1937,SUP-0058,2026-03-03 00:00:00,PORTAL,Payment reminder,We are reviewing pricing for the next purchasing cycle.
COM-1938,SUP-0029,2026-03-20 00:00:00,EMAIL,Monthly statement,We are reviewing pricing for the next purchasing cycle.
COM-1939,SUP-0012,2026-09-22 00:00:00,EMAIL,Forecast update,Please provide the required quality documentation for the shipment.
COM-1940,SUP-0037,2026-09-05 00:00:00,PHONE_NOTE,Purchase order confirmation,We are reviewing the current contract terms and will follow up if clarification is required.
COM-1941,SUP-0083,2026-05-22 00:00:00,PORTAL,Purchase order confirmation,Please provide an updated delivery estimate for the current order.
COM-1942,SUP-0035,2026-09-13 00:00:00,EMAIL,General account update,Please provide the required quality documentation for the shipment.
COM-1943,SUP-0067,2026-09-07 00:00:00,EMAIL,Quality documentation,We are reviewing the current contract terms and will follow up if clarification is required.
COM-1944,SUP-0091,2026-05-29 00:00:00,EMAIL,General account update,Please confirm the expected delivery date and carrier reference.
COM-1945,SUP-0099,2026-08-14 00:00:00,EMAIL,Delivery schedule,Please confirm receipt of purchase order PO-002345.
COM-1946,SUP-0038,2026-06-23 00:00:00,PORTAL,Forecast update,We are reviewing pricing for the next purchasing cycle.
COM-1947,SUP-0030,2026-08-27 00:00:00,EMAIL,Account reconciliation,Invoice INV-001443 has been submitted for processing against PO-001443.
COM-1948,SUP-0093,2026-04-16 00:00:00,PHONE_NOTE,Purchase order confirmation,The shipment remains on the previously communicated schedule.
COM-1949,SUP-0018,2026-04-01 00:00:00,PORTAL,Payment reminder,Invoice INV-001276 has been submitted for processing against PO-001276.
COM-1950,SUP-0098,2026-05-19 00:00:00,PHONE_NOTE,Order status,Please provide an updated delivery estimate for the current order.
COM-1951,SUP-0067,2026-09-02 00:00:00,EMAIL,Contract review,Please provide the required quality documentation for the shipment.
COM-1952,SUP-0004,2026-04-21 00:00:00,PHONE_NOTE,Shipping documentation,Our accounts team is reconciling recent transactions.
COM-1953,SUP-0048,2026-03-13 00:00:00,PHONE_NOTE,Delivery update,We are reviewing the current contract terms and will follow up if clarification is required.
COM-1954,SUP-0022,2026-03-24 00:00:00,PORTAL,Delivery update,Please provide the required quality documentation for the shipment.
COM-1955,SUP-0073,2026-06-16 00:00:00,EMAIL,Shipping documentation,Please confirm the current outstanding balance for our account.
COM-1956,SUP-0098,2026-08-25 00:00:00,PORTAL,Account reconciliation,Please confirm whether the requested quantity remains unchanged.
COM-1957,SUP-0056,2026-06-04 00:00:00,PHONE_NOTE,Quality documentation,Please provide the required quality documentation for the shipment.
COM-1958,SUP-0038,2026-07-01 00:00:00,PHONE_NOTE,Delivery schedule,Attached is the latest shipping documentation for your records.
COM-1959,SUP-0002,2026-02-14 00:00:00,PORTAL,Invoice submission,We are reviewing the current contract terms and will follow up if clarification is required.
COM-1960,SUP-0009,2026-03-26 00:00:00,PHONE_NOTE,Pricing discussion,Invoice INV-000361 has been submitted for processing against PO-000361.
COM-1961,SUP-0063,2026-05-22 00:00:00,PHONE_NOTE,Quality documentation,Please send the latest forecast for the upcoming delivery period.
COM-1962,SUP-0011,2026-06-03 00:00:00,PHONE_NOTE,Quality documentation,We are reviewing the current contract terms and will follow up if clarification is required.
COM-1963,SUP-0049,2026-01-24 00:00:00,EMAIL,Shipping documentation,Our accounts team is reconciling recent transactions.
COM-1964,SUP-0114,2026-04-04 00:00:00,PHONE_NOTE,Invoice submission,Our accounts team is reconciling recent transactions.
COM-1965,SUP-0031,2026-05-16 00:00:00,EMAIL,Shipping documentation,Please provide the required quality documentation for the shipment.
COM-1966,SUP-0048,2026-04-03 00:00:00,EMAIL,Forecast update,Please confirm whether the requested quantity remains unchanged.
COM-1967,SUP-0005,2026-05-12 00:00:00,EMAIL,Invoice submission,Please confirm the expected delivery date and carrier reference.
COM-1968,SUP-0100,2026-07-03 00:00:00,PHONE_NOTE,Delivery schedule,Please send the latest forecast for the upcoming delivery period.
COM-1969,SUP-0068,2026-05-07 00:00:00,EMAIL,Order status,Please confirm the expected delivery date and carrier reference.
COM-1970,SUP-0030,2026-08-03 00:00:00,PORTAL,Payment reminder,Our accounts team is reconciling recent transactions.
COM-1971,SUP-0069,2026-05-02 00:00:00,EMAIL,General account update,Please provide the required quality documentation for the shipment.
COM-1972,SUP-0105,2026-04-26 00:00:00,EMAIL,Contract review,Please send the latest forecast for the upcoming delivery period.
COM-1973,SUP-0028,2026-05-29 00:00:00,PORTAL,Pricing discussion,Invoice INV-000454 has been submitted for processing against PO-000454.
COM-1974,SUP-0113,2026-08-01 00:00:00,PORTAL,Invoice submission,Please confirm receipt of purchase order PO-003425.
COM-1975,SUP-0066,2026-07-29 00:00:00,EMAIL,Payment reminder,Please confirm the current outstanding balance for our account.
COM-1976,SUP-0099,2026-04-16 00:00:00,PHONE_NOTE,Pricing discussion,Attached is the latest shipping documentation for your records.
COM-1977,SUP-0093,2026-04-01 00:00:00,EMAIL,General account update,Please provide the required quality documentation for the shipment.
COM-1978,SUP-0105,2026-01-15 00:00:00,PHONE_NOTE,Contract review,Invoice INV-000633 has been submitted for processing against PO-000633.
COM-1979,SUP-0098,2026-01-14 00:00:00,PHONE_NOTE,Pricing discussion,Please confirm the current outstanding balance for our account.
COM-1980,SUP-0097,2026-03-13 00:00:00,PHONE_NOTE,Purchase order confirmation,The shipment remains on the previously communicated schedule.
COM-1981,SUP-0034,2026-05-05 00:00:00,EMAIL,Shipping documentation,Attached is the latest shipping documentation for your records.
COM-1982,SUP-0037,2026-03-03 00:00:00,EMAIL,Order status,Please send the latest forecast for the upcoming delivery period.
COM-1983,SUP-0082,2026-04-07 00:00:00,EMAIL,Delivery schedule,Please confirm the current outstanding balance for our account.
COM-1984,SUP-0074,2026-07-11 00:00:00,PORTAL,Contract review,Attached is the latest shipping documentation for your records.
COM-1985,SUP-0013,2026-07-06 00:00:00,PHONE_NOTE,Payment reminder,Please confirm receipt of purchase order PO-000343.
COM-1986,SUP-0041,2026-10-04 00:00:00,PHONE_NOTE,Purchase order confirmation,We are reviewing pricing for the next purchasing cycle.
COM-1987,SUP-0053,2026-05-03 00:00:00,EMAIL,Delivery schedule,Attached is the latest shipping documentation for your records.
COM-1988,SUP-0113,2026-08-26 00:00:00,EMAIL,Monthly statement,We are reviewing pricing for the next purchasing cycle.
COM-1989,SUP-0080,2026-05-19 00:00:00,PORTAL,Quantity confirmation,The shipment remains on the previously communicated schedule.
COM-1990,SUP-0008,2026-08-04 00:00:00,EMAIL,Pricing discussion,Please confirm the current outstanding balance for our account.
COM-1991,SUP-0021,2026-06-29 00:00:00,EMAIL,Delivery update,Please provide an updated delivery estimate for the current order.
COM-1992,SUP-0040,2026-08-25 00:00:00,EMAIL,Delivery schedule,Please confirm receipt of purchase order PO-001645.
COM-1993,SUP-0050,2026-07-08 00:00:00,EMAIL,Purchase order confirmation,We are reviewing the current contract terms and will follow up if clarification is required.
COM-1994,SUP-0117,2026-06-24 00:00:00,PHONE_NOTE,Forecast update,Please provide an updated delivery estimate for the current order.
COM-1995,SUP-0063,2026-03-25 00:00:00,PHONE_NOTE,Delivery schedule,We are reviewing the current contract terms and will follow up if clarification is required.
COM-1996,SUP-0090,2026-09-01 00:00:00,PORTAL,Shipping documentation,Please confirm the expected delivery date and carrier reference.
COM-1997,SUP-0019,2026-05-12 00:00:00,PORTAL,Delivery schedule,Please confirm the expected delivery date and carrier reference.
COM-1998,SUP-0080,2026-07-01 00:00:00,PORTAL,Forecast update,Attached is the latest shipping documentation for your records.
COM-1999,SUP-0093,2026-05-26 00:00:00,PHONE_NOTE,Account reconciliation,Invoice INV-000740 has been submitted for processing against PO-000740.
COM-2000,SUP-0057,2026-03-11 00:00:00,PHONE_NOTE,Quality documentation,Please confirm whether the requested quantity remains unchanged.
COM-2001,SUP-0002,2026-08-30 00:00:00,EMAIL,Contract review,Our accounts team is reconciling recent transactions.
COM-2002,SUP-0100,2026-06-04 00:00:00,PORTAL,Delivery update,Please confirm the current outstanding balance for our account.
COM-2003,SUP-0058,2026-08-16 00:00:00,PORTAL,General account update,Invoice INV-002306 has been submitted for processing against PO-002306.
COM-2004,SUP-0027,2026-03-23 00:00:00,PHONE_NOTE,General account update,Please confirm receipt of purchase order PO-003077.
COM-2005,SUP-0006,2026-04-13 00:00:00,PORTAL,Account reconciliation,Our accounts team is reconciling recent transactions.
COM-2006,SUP-0001,2026-06-05 00:00:00,PORTAL,Contract review,Invoice INV-000626 has been submitted for processing against PO-000626.
COM-2007,SUP-0100,2026-09-05 00:00:00,PHONE_NOTE,General account update,Please send the latest forecast for the upcoming delivery period.
COM-2008,SUP-0025,2026-09-23 00:00:00,PORTAL,Quality documentation,We are reviewing pricing for the next purchasing cycle.
COM-2009,SUP-0041,2026-07-25 00:00:00,EMAIL,Forecast update,Our accounts team is reconciling recent transactions.
COM-2010,SUP-0096,2026-05-25 00:00:00,EMAIL,Account reconciliation,We are reviewing pricing for the next purchasing cycle.
COM-2011,SUP-0092,2026-06-04 00:00:00,PORTAL,Quality documentation,The shipment remains on the previously communicated schedule.
COM-2012,SUP-0042,2026-06-11 00:00:00,EMAIL,General account update,Please provide the required quality documentation for the shipment.
COM-2013,SUP-0119,2026-08-31 00:00:00,EMAIL,Order status,Please send the latest forecast for the upcoming delivery period.
COM-2014,SUP-0080,2026-04-16 00:00:00,PHONE_NOTE,Order status,The shipment remains on the previously communicated schedule.
COM-2015,SUP-0030,2026-10-26 00:00:00,EMAIL,Forecast update,Our accounts team is reconciling recent transactions.
COM-2016,SUP-0120,2026-04-20 00:00:00,EMAIL,General account update,Please confirm whether the requested quantity remains unchanged.
COM-2017,SUP-0023,2026-05-20 00:00:00,EMAIL,Payment reminder,Please provide an updated delivery estimate for the current order.
COM-2018,SUP-0013,2026-03-25 00:00:00,EMAIL,Order status,Please confirm the current outstanding balance for our account.
COM-2019,SUP-0036,2026-09-11 00:00:00,EMAIL,Monthly statement,Please confirm the current outstanding balance for our account.
COM-2020,SUP-0109,2026-02-02 00:00:00,EMAIL,Pricing discussion,Invoice INV-003752 has been submitted for processing against PO-003752.
COM-2021,SUP-0109,2026-06-30 00:00:00,PHONE_NOTE,Contract review,Our accounts team is reconciling recent transactions.
COM-2022,SUP-0115,2026-09-21 00:00:00,PORTAL,Quality documentation,Our accounts team is reconciling recent transactions.
COM-2023,SUP-0053,2026-03-16 00:00:00,EMAIL,Order status,Our accounts team is reconciling recent transactions.
COM-2024,SUP-0092,2026-04-02 00:00:00,EMAIL,Purchase order confirmation,Invoice INV-002878 has been submitted for processing against PO-002878.
COM-2025,SUP-0101,2026-06-03 00:00:00,PORTAL,Order status,Our accounts team is reconciling recent transactions.
COM-2026,SUP-0076,2026-05-02 00:00:00,PHONE_NOTE,Quantity confirmation,The shipment remains on the previously communicated schedule.
COM-2027,SUP-0101,2026-05-11 00:00:00,PHONE_NOTE,Invoice submission,Please provide an updated delivery estimate for the current order.
COM-2028,SUP-0107,2026-10-03 00:00:00,PORTAL,Invoice submission,Please provide the required quality documentation for the shipment.
COM-2029,SUP-0089,2026-03-29 00:00:00,EMAIL,Payment reminder,We are reviewing pricing for the next purchasing cycle.
COM-2030,SUP-0001,2026-04-15 00:00:00,EMAIL,Shipping documentation,Our accounts team is reconciling recent transactions.
COM-2031,SUP-0003,2026-04-17 00:00:00,EMAIL,Forecast update,Invoice INV-002229 has been submitted for processing against PO-002229.
COM-2032,SUP-0053,2026-06-27 00:00:00,PHONE_NOTE,Purchase order confirmation,Please confirm whether the requested quantity remains unchanged.
COM-2033,SUP-0107,2026-03-09 00:00:00,EMAIL,Purchase order confirmation,Please provide an updated delivery estimate for the current order.
COM-2034,SUP-0011,2026-09-09 00:00:00,EMAIL,Payment reminder,We are reviewing the current contract terms and will follow up if clarification is required.
COM-2035,SUP-0087,2026-05-23 00:00:00,EMAIL,Quality documentation,Please provide the required quality documentation for the shipment.
COM-2036,SUP-0034,2026-08-05 00:00:00,EMAIL,Order status,Invoice INV-003660 has been submitted for processing against PO-003660.
COM-2037,SUP-0014,2026-02-07 00:00:00,EMAIL,Shipping documentation,Please confirm receipt of purchase order PO-000648.
COM-2038,SUP-0030,2026-04-30 00:00:00,PHONE_NOTE,Contract review,Our accounts team is reconciling recent transactions.
COM-2039,SUP-0029,2026-03-09 00:00:00,EMAIL,Shipping documentation,Invoice INV-003954 has been submitted for processing against PO-003954.
COM-2040,SUP-0108,2026-07-02 00:00:00,EMAIL,Contract review,We are reviewing the current contract terms and will follow up if clarification is required.
COM-2041,SUP-0075,2026-05-27 00:00:00,EMAIL,Order status,Please provide the required quality documentation for the shipment.
COM-2042,SUP-0021,2026-03-04 00:00:00,EMAIL,Shipping documentation,We are reviewing the current contract terms and will follow up if clarification is required.
COM-2043,SUP-0078,2026-02-14 00:00:00,EMAIL,Invoice submission,The shipment remains on the previously communicated schedule.
COM-2044,SUP-0105,2026-03-31 00:00:00,PORTAL,Account reconciliation,We are reviewing pricing for the next purchasing cycle.
COM-2045,SUP-0077,2026-04-15 00:00:00,PORTAL,Contract review,The shipment remains on the previously communicated schedule.
COM-2046,SUP-0063,2026-08-10 00:00:00,PORTAL,Monthly statement,Attached is the latest shipping documentation for your records.
COM-2047,SUP-0010,2026-07-12 00:00:00,PORTAL,Purchase order confirmation,Please confirm the current outstanding balance for our account.
COM-2048,SUP-0092,2026-02-17 00:00:00,PORTAL,Forecast update,Please provide an updated delivery estimate for the current order.
COM-2049,SUP-0029,2026-07-24 00:00:00,PORTAL,Shipping documentation,Please send the latest forecast for the upcoming delivery period.
COM-2050,SUP-0093,2026-08-09 00:00:00,PORTAL,Account reconciliation,The shipment remains on the previously communicated schedule.
COM-2051,SUP-0034,2026-01-28 00:00:00,EMAIL,Delivery update,The shipment remains on the previously communicated schedule.
COM-2052,SUP-0010,2026-03-23 00:00:00,EMAIL,Contract review,Please confirm whether the requested quantity remains unchanged.
COM-2053,SUP-0081,2026-06-28 00:00:00,EMAIL,Invoice submission,Please provide an updated delivery estimate for the current order.
COM-2054,SUP-0048,2026-06-22 00:00:00,EMAIL,Payment reminder,Please send the latest forecast for the upcoming delivery period.
COM-2055,SUP-0100,2026-02-25 00:00:00,PHONE_NOTE,Monthly statement,We are reviewing pricing for the next purchasing cycle.
COM-2056,SUP-0055,2026-04-25 00:00:00,PORTAL,General account update,We are reviewing the current contract terms and will follow up if clarification is required.
COM-2057,SUP-0009,2026-08-13 00:00:00,PHONE_NOTE,Invoice submission,Please confirm the current outstanding balance for our account.
COM-2058,SUP-0005,2026-03-18 00:00:00,PORTAL,Forecast update,Invoice INV-003913 has been submitted for processing against PO-003913.
COM-2059,SUP-0027,2026-06-10 00:00:00,PHONE_NOTE,Account reconciliation,We are reviewing the current contract terms and will follow up if clarification is required.
COM-2060,SUP-0094,2026-02-10 00:00:00,PORTAL,Quantity confirmation,Please confirm whether the requested quantity remains unchanged.
COM-2061,SUP-0001,2026-02-20 00:00:00,PHONE_NOTE,Quantity confirmation,Please confirm whether the requested quantity remains unchanged.
COM-2062,SUP-0034,2026-03-05 00:00:00,EMAIL,Order status,Invoice INV-002186 has been submitted for processing against PO-002186.
COM-2063,SUP-0117,2026-04-25 00:00:00,EMAIL,Quantity confirmation,Please send the latest forecast for the upcoming delivery period.
COM-2064,SUP-0026,2026-08-25 00:00:00,PHONE_NOTE,General account update,Please confirm the expected delivery date and carrier reference.
COM-2065,SUP-0096,2026-05-29 00:00:00,EMAIL,Delivery schedule,Please provide an updated delivery estimate for the current order.
COM-2066,SUP-0106,2026-04-22 00:00:00,EMAIL,Purchase order confirmation,We are reviewing the current contract terms and will follow up if clarification is required.
COM-2067,SUP-0061,2026-07-16 00:00:00,EMAIL,Contract review,The shipment remains on the previously communicated schedule.
COM-2068,SUP-0021,2026-09-04 00:00:00,EMAIL,Order status,Please confirm whether the requested quantity remains unchanged.
COM-2069,SUP-0026,2026-03-24 00:00:00,EMAIL,Payment reminder,Please provide an updated delivery estimate for the current order.
COM-2070,SUP-0087,2026-02-02 00:00:00,EMAIL,Forecast update,The shipment remains on the previously communicated schedule.
COM-2071,SUP-0088,2026-04-16 00:00:00,EMAIL,Order status,Please confirm whether the requested quantity remains unchanged.
COM-2072,SUP-0062,2026-05-13 00:00:00,PORTAL,Delivery update,Our accounts team is reconciling recent transactions.
COM-2073,SUP-0020,2026-05-13 00:00:00,EMAIL,Delivery update,Our accounts team is reconciling recent transactions.
COM-2074,SUP-0019,2026-09-12 00:00:00,PORTAL,Payment reminder,We are reviewing pricing for the next purchasing cycle.
COM-2075,SUP-0103,2026-05-10 00:00:00,PHONE_NOTE,Forecast update,Please provide an updated delivery estimate for the current order.
COM-2076,SUP-0087,2026-03-25 00:00:00,EMAIL,Contract review,Our accounts team is reconciling recent transactions.
COM-2077,SUP-0058,2026-05-13 00:00:00,PHONE_NOTE,Pricing discussion,Invoice INV-001787 has been submitted for processing against PO-001787.
COM-2078,SUP-0004,2026-09-15 00:00:00,EMAIL,Payment reminder,We are reviewing pricing for the next purchasing cycle.
COM-2079,SUP-0098,2026-06-03 00:00:00,PHONE_NOTE,Purchase order confirmation,Attached is the latest shipping documentation for your records.
COM-2080,SUP-0002,2026-06-04 00:00:00,EMAIL,Quantity confirmation,Please send the latest forecast for the upcoming delivery period.
COM-2081,SUP-0045,2026-07-24 00:00:00,PORTAL,Delivery schedule,Please send the latest forecast for the upcoming delivery period.
COM-2082,SUP-0075,2026-10-02 00:00:00,PORTAL,Contract review,We are reviewing pricing for the next purchasing cycle.
COM-2083,SUP-0102,2026-07-13 00:00:00,EMAIL,Quality documentation,Invoice INV-001308 has been submitted for processing against PO-001308.
COM-2084,SUP-0085,2026-08-25 00:00:00,EMAIL,Invoice submission,Our accounts team is reconciling recent transactions.
COM-2085,SUP-0066,2026-04-29 00:00:00,PORTAL,Order status,We are reviewing the current contract terms and will follow up if clarification is required.
COM-2086,SUP-0024,2026-07-30 00:00:00,PORTAL,Order status,Attached is the latest shipping documentation for your records.
COM-2087,SUP-0067,2026-07-17 00:00:00,PORTAL,Shipping documentation,Please send the latest forecast for the upcoming delivery period.
COM-2088,SUP-0003,2026-04-27 00:00:00,EMAIL,Contract review,Please confirm the expected delivery date and carrier reference.
COM-2089,SUP-0114,2026-07-06 00:00:00,PHONE_NOTE,Pricing discussion,Please send the latest forecast for the upcoming delivery period.
COM-2090,SUP-0084,2026-05-21 00:00:00,PHONE_NOTE,Purchase order confirmation,Invoice INV-000401 has been submitted for processing against PO-000401.
COM-2091,SUP-0085,2026-05-31 00:00:00,EMAIL,Account reconciliation,Please confirm receipt of purchase order PO-001684.
COM-2092,SUP-0007,2026-05-22 00:00:00,EMAIL,Invoice submission,Our accounts team is reconciling recent transactions.
COM-2093,SUP-0117,2026-05-08 00:00:00,EMAIL,Delivery schedule,We are reviewing pricing for the next purchasing cycle.
COM-2094,SUP-0063,2026-05-08 00:00:00,PORTAL,Invoice submission,Please provide an updated delivery estimate for the current order.
COM-2095,SUP-0054,2026-01-29 00:00:00,EMAIL,Payment reminder,Please provide an updated delivery estimate for the current order.
COM-2096,SUP-0050,2026-06-04 00:00:00,EMAIL,Payment reminder,Please provide the required quality documentation for the shipment.
COM-2097,SUP-0020,2026-05-17 00:00:00,EMAIL,Account reconciliation,Please confirm the expected delivery date and carrier reference.
COM-2098,SUP-0109,2026-03-07 00:00:00,EMAIL,Invoice submission,The shipment remains on the previously communicated schedule.
COM-2099,SUP-0085,2026-07-04 00:00:00,EMAIL,Delivery update,Please provide an updated delivery estimate for the current order.
COM-2100,SUP-0016,2026-09-20 00:00:00,PORTAL,Monthly statement,Please provide the required quality documentation for the shipment.
COM-2101,SUP-0012,2026-03-22 00:00:00,PHONE_NOTE,Quantity confirmation,The shipment remains on the previously communicated schedule.
COM-2102,SUP-0046,2026-09-08 00:00:00,PORTAL,Quality documentation,Please provide an updated delivery estimate for the current order.
COM-2103,SUP-0032,2026-03-07 00:00:00,PORTAL,Delivery update,We are reviewing the current contract terms and will follow up if clarification is required.
COM-2104,SUP-0089,2026-08-28 00:00:00,PHONE_NOTE,Account reconciliation,We are reviewing the current contract terms and will follow up if clarification is required.
COM-2105,SUP-0050,2026-07-28 00:00:00,EMAIL,Quality documentation,Our accounts team is reconciling recent transactions.
COM-2106,SUP-0077,2026-10-31 00:00:00,EMAIL,Shipping documentation,Please confirm the expected delivery date and carrier reference.
COM-2107,SUP-0067,2026-05-19 00:00:00,EMAIL,Delivery update,Please send the latest forecast for the upcoming delivery period.
COM-2108,SUP-0067,2026-08-03 00:00:00,PHONE_NOTE,Purchase order confirmation,Please provide an updated delivery estimate for the current order.
COM-2109,SUP-0017,2026-02-27 00:00:00,EMAIL,Forecast update,We are reviewing the current contract terms and will follow up if clarification is required.
COM-2110,SUP-0020,2026-03-29 00:00:00,PHONE_NOTE,Invoice submission,Please confirm whether the requested quantity remains unchanged.
COM-2111,SUP-0017,2026-10-11 00:00:00,PORTAL,Order status,We are reviewing pricing for the next purchasing cycle.
COM-2112,SUP-0089,2026-07-27 00:00:00,PHONE_NOTE,Monthly statement,Please confirm receipt of purchase order PO-003518.
COM-2113,SUP-0022,2026-09-08 00:00:00,PORTAL,Pricing discussion,Please confirm the expected delivery date and carrier reference.
COM-2114,SUP-0078,2026-07-29 00:00:00,PHONE_NOTE,Payment reminder,Please confirm receipt of purchase order PO-000649.
COM-2115,SUP-0115,2026-08-25 00:00:00,EMAIL,Quality documentation,Please confirm the current outstanding balance for our account.
COM-2116,SUP-0042,2026-05-21 00:00:00,EMAIL,Contract review,Please confirm whether the requested quantity remains unchanged.
COM-2117,SUP-0075,2026-10-03 00:00:00,EMAIL,Contract review,Our accounts team is reconciling recent transactions.
COM-2118,SUP-0026,2026-05-01 00:00:00,PHONE_NOTE,Invoice submission,Our accounts team is reconciling recent transactions.
COM-2119,SUP-0022,2026-10-16 00:00:00,EMAIL,Forecast update,We are reviewing the current contract terms and will follow up if clarification is required.
COM-2120,SUP-0044,2026-02-10 00:00:00,PORTAL,Forecast update,Please send the latest forecast for the upcoming delivery period.
COM-2121,SUP-0098,2026-05-09 00:00:00,PORTAL,Monthly statement,The shipment remains on the previously communicated schedule.
COM-2122,SUP-0106,2026-10-25 00:00:00,EMAIL,Payment reminder,The shipment remains on the previously communicated schedule.
COM-2123,SUP-0050,2026-07-14 00:00:00,PHONE_NOTE,Quality documentation,Please provide an updated delivery estimate for the current order.
COM-2124,SUP-0095,2026-07-20 00:00:00,EMAIL,Invoice submission,Invoice INV-003526 has been submitted for processing against PO-003526.
COM-2125,SUP-0014,2026-07-28 00:00:00,PORTAL,Pricing discussion,Invoice INV-003921 has been submitted for processing against PO-003921.
COM-2126,SUP-0095,2026-05-23 00:00:00,EMAIL,Contract review,We are reviewing pricing for the next purchasing cycle.
COM-2127,SUP-0114,2026-04-29 00:00:00,EMAIL,General account update,The shipment remains on the previously communicated schedule.
COM-2128,SUP-0117,2026-08-26 00:00:00,PORTAL,Delivery update,Please send the latest forecast for the upcoming delivery period.
COM-2129,SUP-0006,2026-07-11 00:00:00,PHONE_NOTE,Shipping documentation,The shipment remains on the previously communicated schedule.
COM-2130,SUP-0036,2026-02-08 00:00:00,PHONE_NOTE,Purchase order confirmation,We are reviewing the current contract terms and will follow up if clarification is required.
COM-2131,SUP-0006,2026-06-06 00:00:00,EMAIL,General account update,We are reviewing pricing for the next purchasing cycle.
COM-2132,SUP-0068,2026-05-10 00:00:00,PORTAL,Delivery update,Please send the latest forecast for the upcoming delivery period.
COM-2133,SUP-0096,2026-08-25 00:00:00,EMAIL,General account update,Please send the latest forecast for the upcoming delivery period.
COM-2134,SUP-0082,2026-05-11 00:00:00,EMAIL,Contract review,Please provide the required quality documentation for the shipment.
COM-2135,SUP-0066,2026-04-25 00:00:00,PORTAL,Monthly statement,Attached is the latest shipping documentation for your records.
COM-2136,SUP-0054,2026-08-04 00:00:00,EMAIL,Pricing discussion,Attached is the latest shipping documentation for your records.
COM-2137,SUP-0038,2026-05-05 00:00:00,EMAIL,Purchase order confirmation,The shipment remains on the previously communicated schedule.
COM-2138,SUP-0090,2026-04-03 00:00:00,PORTAL,Forecast update,Please send the latest forecast for the upcoming delivery period.
COM-2139,SUP-0083,2026-03-06 00:00:00,PORTAL,Order status,Please confirm the expected delivery date and carrier reference.
COM-2140,SUP-0098,2026-06-29 00:00:00,PHONE_NOTE,Forecast update,Attached is the latest shipping documentation for your records.
COM-2141,SUP-0120,2026-04-27 00:00:00,PORTAL,Forecast update,Our accounts team is reconciling recent transactions.
COM-2142,SUP-0081,2026-07-23 00:00:00,PHONE_NOTE,Forecast update,Our accounts team is reconciling recent transactions.
COM-2143,SUP-0081,2026-09-27 00:00:00,PHONE_NOTE,Contract review,Please confirm the current outstanding balance for our account.
COM-2144,SUP-0057,2026-09-14 00:00:00,EMAIL,Delivery schedule,Please confirm receipt of purchase order PO-002053.
COM-2145,SUP-0086,2026-01-11 00:00:00,EMAIL,Forecast update,Please confirm the current outstanding balance for our account.
COM-2146,SUP-0080,2026-03-18 00:00:00,PHONE_NOTE,Quality documentation,Invoice INV-004776 has been submitted for processing against PO-004776.
COM-2147,SUP-0099,2026-06-14 00:00:00,PORTAL,Forecast update,The shipment remains on the previously communicated schedule.
COM-2148,SUP-0014,2026-08-24 00:00:00,EMAIL,Purchase order confirmation,Please confirm receipt of purchase order PO-002098.
COM-2149,SUP-0041,2026-05-08 00:00:00,PORTAL,Purchase order confirmation,Our accounts team is reconciling recent transactions.
COM-2150,SUP-0108,2026-04-13 00:00:00,PORTAL,Purchase order confirmation,Attached is the latest shipping documentation for your records.
COM-2151,SUP-0040,2026-08-03 00:00:00,PORTAL,Delivery schedule,Our accounts team is reconciling recent transactions.
COM-2152,SUP-0094,2026-06-18 00:00:00,PHONE_NOTE,Invoice submission,The shipment remains on the previously communicated schedule.
COM-2153,SUP-0038,2026-07-17 00:00:00,PORTAL,Order status,We are reviewing the current contract terms and will follow up if clarification is required.
COM-2154,SUP-0033,2026-09-07 00:00:00,EMAIL,General account update,Attached is the latest shipping documentation for your records.
COM-2155,SUP-0041,2026-06-04 00:00:00,PORTAL,Order status,We are reviewing the current contract terms and will follow up if clarification is required.
COM-2156,SUP-0015,2026-04-18 00:00:00,PORTAL,Pricing discussion,Please confirm the expected delivery date and carrier reference.
COM-2157,SUP-0001,2026-09-08 00:00:00,EMAIL,Account reconciliation,We are reviewing pricing for the next purchasing cycle.
COM-2158,SUP-0072,2026-10-06 00:00:00,PHONE_NOTE,Contract review,Our accounts team is reconciling recent transactions.
COM-2159,SUP-0120,2026-08-17 00:00:00,PHONE_NOTE,Shipping documentation,Please confirm the expected delivery date and carrier reference.
COM-2160,SUP-0055,2026-01-30 00:00:00,PHONE_NOTE,Purchase order confirmation,Please confirm whether the requested quantity remains unchanged.
COM-2161,SUP-0025,2026-07-03 00:00:00,EMAIL,Contract review,Please confirm receipt of purchase order PO-004231.
COM-2162,SUP-0062,2026-08-18 00:00:00,PHONE_NOTE,Monthly statement,Attached is the latest shipping documentation for your records.
COM-2163,SUP-0021,2026-06-21 00:00:00,EMAIL,Payment reminder,Please send the latest forecast for the upcoming delivery period.
COM-2164,SUP-0058,2026-07-17 00:00:00,PORTAL,Contract review,We are reviewing the current contract terms and will follow up if clarification is required.
COM-2165,SUP-0116,2026-10-11 00:00:00,PHONE_NOTE,Invoice submission,Invoice INV-004584 has been submitted for processing against PO-004584.
COM-2166,SUP-0049,2026-07-09 00:00:00,PORTAL,Order status,Please confirm the expected delivery date and carrier reference.
COM-2167,SUP-0090,2026-04-29 00:00:00,EMAIL,Delivery update,Please provide an updated delivery estimate for the current order.
COM-2168,SUP-0075,2026-02-26 00:00:00,EMAIL,Payment reminder,Attached is the latest shipping documentation for your records.
COM-2169,SUP-0046,2026-08-07 00:00:00,PHONE_NOTE,Quantity confirmation,Please confirm receipt of purchase order PO-000009.
COM-2170,SUP-0014,2026-03-15 00:00:00,EMAIL,Monthly statement,Please confirm receipt of purchase order PO-000368.
COM-2171,SUP-0083,2026-08-21 00:00:00,PORTAL,Account reconciliation,Please provide an updated delivery estimate for the current order.
COM-2172,SUP-0006,2026-06-21 00:00:00,EMAIL,Forecast update,Attached is the latest shipping documentation for your records.
COM-2173,SUP-0030,2026-02-25 00:00:00,EMAIL,Delivery update,Please send the latest forecast for the upcoming delivery period.
COM-2174,SUP-0109,2026-07-05 00:00:00,EMAIL,Delivery schedule,Our accounts team is reconciling recent transactions.
COM-2175,SUP-0021,2026-05-05 00:00:00,EMAIL,Quality documentation,Please confirm receipt of purchase order PO-004460.
COM-2176,SUP-0105,2026-09-05 00:00:00,PHONE_NOTE,Quality documentation,Please provide an updated delivery estimate for the current order.
COM-2177,SUP-0110,2026-06-24 00:00:00,EMAIL,Invoice submission,Please confirm the expected delivery date and carrier reference.
COM-2178,SUP-0022,2026-04-23 00:00:00,EMAIL,General account update,Our accounts team is reconciling recent transactions.
COM-2179,SUP-0008,2026-03-31 00:00:00,EMAIL,Delivery update,We are reviewing the current contract terms and will follow up if clarification is required.
COM-2180,SUP-0054,2026-06-22 00:00:00,PORTAL,Quality documentation,We are reviewing pricing for the next purchasing cycle.
COM-2181,SUP-0044,2026-04-11 00:00:00,EMAIL,Delivery update,Please confirm the expected delivery date and carrier reference.
COM-2182,SUP-0003,2026-05-05 00:00:00,EMAIL,Forecast update,We are reviewing pricing for the next purchasing cycle.
COM-2183,SUP-0010,2026-07-13 00:00:00,EMAIL,Invoice submission,Please confirm receipt of purchase order PO-004360.
COM-2184,SUP-0007,2026-05-11 00:00:00,EMAIL,Pricing discussion,The shipment remains on the previously communicated schedule.
COM-2185,SUP-0026,2026-06-11 00:00:00,PORTAL,Delivery schedule,Invoice INV-002068 has been submitted for processing against PO-002068.
COM-2186,SUP-0040,2026-08-02 00:00:00,EMAIL,Order status,Please send the latest forecast for the upcoming delivery period.
COM-2187,SUP-0064,2026-08-02 00:00:00,EMAIL,General account update,Please confirm the current outstanding balance for our account.
COM-2188,SUP-0043,2026-04-07 00:00:00,PORTAL,Forecast update,Please confirm whether the requested quantity remains unchanged.
COM-2189,SUP-0034,2026-07-20 00:00:00,PHONE_NOTE,Shipping documentation,Please confirm the current outstanding balance for our account.
COM-2190,SUP-0047,2026-05-26 00:00:00,EMAIL,Delivery update,Please provide the required quality documentation for the shipment.
COM-2191,SUP-0012,2026-04-24 00:00:00,EMAIL,Invoice submission,Our accounts team is reconciling recent transactions.
COM-2192,SUP-0084,2026-07-29 00:00:00,PORTAL,Forecast update,Please send the latest forecast for the upcoming delivery period.
COM-2193,SUP-0036,2026-05-01 00:00:00,PORTAL,Contract review,The shipment remains on the previously communicated schedule.
COM-2194,SUP-0029,2026-04-12 00:00:00,EMAIL,Forecast update,Please provide the required quality documentation for the shipment.
COM-2195,SUP-0068,2026-04-20 00:00:00,PHONE_NOTE,Delivery update,Please provide the required quality documentation for the shipment.
COM-2196,SUP-0017,2026-05-14 00:00:00,PHONE_NOTE,Order status,Please provide an updated delivery estimate for the current order.
COM-2197,SUP-0011,2026-05-23 00:00:00,EMAIL,General account update,Please confirm receipt of purchase order PO-004861.
COM-2198,SUP-0017,2026-05-17 00:00:00,PHONE_NOTE,Account reconciliation,Please confirm receipt of purchase order PO-000350.
COM-2199,SUP-0109,2026-03-08 00:00:00,PORTAL,Order status,Our accounts team is reconciling recent transactions.
COM-2200,SUP-0092,2026-05-24 00:00:00,EMAIL,Purchase order confirmation,We are reviewing pricing for the next purchasing cycle.
COM-2201,SUP-0095,2026-10-02 00:00:00,EMAIL,Payment reminder,Invoice INV-003890 has been submitted for processing against PO-003890.
COM-2202,SUP-0060,2026-10-20 00:00:00,EMAIL,Delivery update,We are reviewing pricing for the next purchasing cycle.
COM-2203,SUP-0115,2026-08-24 00:00:00,PORTAL,Pricing discussion,Our accounts team is reconciling recent transactions.
COM-2204,SUP-0052,2026-04-15 00:00:00,EMAIL,Delivery update,Our accounts team is reconciling recent transactions.
COM-2205,SUP-0076,2026-05-18 00:00:00,EMAIL,Forecast update,Please send the latest forecast for the upcoming delivery period.
COM-2206,SUP-0045,2026-07-23 00:00:00,EMAIL,Order status,Please confirm the current outstanding balance for our account.
COM-2207,SUP-0061,2026-06-22 00:00:00,PHONE_NOTE,Purchase order confirmation,Attached is the latest shipping documentation for your records.
COM-2208,SUP-0003,2026-10-04 00:00:00,EMAIL,Invoice submission,Our accounts team is reconciling recent transactions.
COM-2209,SUP-0003,2026-01-28 00:00:00,EMAIL,Delivery update,The shipment remains on the previously communicated schedule.
COM-2210,SUP-0078,2026-08-23 00:00:00,PORTAL,Purchase order confirmation,Our accounts team is reconciling recent transactions.
COM-2211,SUP-0101,2026-08-18 00:00:00,EMAIL,Contract review,Please provide the required quality documentation for the shipment.
COM-2212,SUP-0039,2026-04-17 00:00:00,PORTAL,Delivery update,Please confirm whether the requested quantity remains unchanged.
COM-2213,SUP-0018,2026-04-26 00:00:00,PORTAL,Order status,Please confirm receipt of purchase order PO-001643.
COM-2214,SUP-0006,2026-05-10 00:00:00,EMAIL,Delivery update,We are reviewing the current contract terms and will follow up if clarification is required.
COM-2215,SUP-0073,2026-05-28 00:00:00,EMAIL,Account reconciliation,Invoice INV-003037 has been submitted for processing against PO-003037.
COM-2216,SUP-0026,2026-09-16 00:00:00,EMAIL,Payment reminder,We are reviewing pricing for the next purchasing cycle.
COM-2217,SUP-0048,2026-08-26 00:00:00,PORTAL,Quantity confirmation,Our accounts team is reconciling recent transactions.
COM-2218,SUP-0105,2026-01-14 00:00:00,PORTAL,Delivery schedule,Please send the latest forecast for the upcoming delivery period.
COM-2219,SUP-0089,2026-01-22 00:00:00,EMAIL,Delivery update,Please confirm receipt of purchase order PO-000051.
COM-2220,SUP-0066,2026-05-31 00:00:00,PHONE_NOTE,Invoice submission,Invoice INV-004724 has been submitted for processing against PO-004724.
COM-2221,SUP-0116,2026-09-24 00:00:00,EMAIL,Quantity confirmation,Please confirm receipt of purchase order PO-001600.
COM-2222,SUP-0109,2026-09-24 00:00:00,EMAIL,Payment reminder,Invoice INV-003267 has been submitted for processing against PO-003267.
COM-2223,SUP-0087,2026-07-19 00:00:00,EMAIL,Delivery update,Our accounts team is reconciling recent transactions.
COM-2224,SUP-0081,2026-08-23 00:00:00,PHONE_NOTE,Invoice submission,The shipment remains on the previously communicated schedule.
COM-2225,SUP-0083,2026-09-16 00:00:00,EMAIL,Quantity confirmation,Attached is the latest shipping documentation for your records.
COM-2226,SUP-0015,2026-02-11 00:00:00,EMAIL,Invoice submission,Invoice INV-002497 has been submitted for processing against PO-002497.
COM-2227,SUP-0105,2026-05-12 00:00:00,EMAIL,Forecast update,Our accounts team is reconciling recent transactions.
COM-2228,SUP-0086,2026-06-19 00:00:00,PORTAL,Quantity confirmation,Our accounts team is reconciling recent transactions.
COM-2229,SUP-0065,2026-02-19 00:00:00,EMAIL,Quality documentation,Please confirm the expected delivery date and carrier reference.
COM-2230,SUP-0064,2026-04-26 00:00:00,EMAIL,Forecast update,Please confirm the current outstanding balance for our account.
COM-2231,SUP-0035,2026-03-27 00:00:00,PHONE_NOTE,Quality documentation,Invoice INV-001524 has been submitted for processing against PO-001524.
COM-2232,SUP-0092,2026-06-06 00:00:00,EMAIL,Payment reminder,Please confirm the expected delivery date and carrier reference.
COM-2233,SUP-0016,2026-07-26 00:00:00,EMAIL,Order status,Attached is the latest shipping documentation for your records.
COM-2234,SUP-0030,2026-03-16 00:00:00,PHONE_NOTE,Order status,Please provide the required quality documentation for the shipment.
COM-2235,SUP-0025,2026-01-14 00:00:00,PORTAL,Quantity confirmation,Our accounts team is reconciling recent transactions.
COM-2236,SUP-0034,2026-09-06 00:00:00,EMAIL,Account reconciliation,Please send the latest forecast for the upcoming delivery period.
COM-2237,SUP-0048,2026-10-16 00:00:00,PORTAL,Payment reminder,Please confirm the expected delivery date and carrier reference.
COM-2238,SUP-0068,2026-03-19 00:00:00,PORTAL,Invoice submission,Please provide an updated delivery estimate for the current order.
COM-2239,SUP-0098,2026-10-13 00:00:00,PORTAL,Quality documentation,We are reviewing pricing for the next purchasing cycle.
COM-2240,SUP-0080,2026-10-19 00:00:00,PHONE_NOTE,Payment reminder,Please provide the required quality documentation for the shipment.
COM-2241,SUP-0082,2026-08-17 00:00:00,PORTAL,Shipping documentation,We are reviewing pricing for the next purchasing cycle.
COM-2242,SUP-0094,2026-02-05 00:00:00,PORTAL,Invoice submission,Please provide the required quality documentation for the shipment.
COM-2243,SUP-0116,2026-06-15 00:00:00,PHONE_NOTE,Order status,Attached is the latest shipping documentation for your records.
COM-2244,SUP-0007,2026-05-15 00:00:00,PHONE_NOTE,Quantity confirmation,Please provide an updated delivery estimate for the current order.
COM-2245,SUP-0018,2026-05-14 00:00:00,EMAIL,Quality documentation,Attached is the latest shipping documentation for your records.
COM-2246,SUP-0044,2026-08-01 00:00:00,EMAIL,Pricing discussion,Please confirm whether the requested quantity remains unchanged.
COM-2247,SUP-0046,2026-02-13 00:00:00,EMAIL,Quality documentation,Please provide the required quality documentation for the shipment.
COM-2248,SUP-0045,2026-07-14 00:00:00,PORTAL,Order status,Please confirm whether the requested quantity remains unchanged.
COM-2249,SUP-0101,2026-04-12 00:00:00,EMAIL,Monthly statement,Please confirm receipt of purchase order PO-004906.
COM-2250,SUP-0107,2026-07-16 00:00:00,PORTAL,Monthly statement,Please confirm the current outstanding balance for our account.
COM-2251,SUP-0114,2026-06-20 00:00:00,PHONE_NOTE,Delivery schedule,Please confirm the expected delivery date and carrier reference.
COM-2252,SUP-0057,2026-06-26 00:00:00,PORTAL,Monthly statement,Attached is the latest shipping documentation for your records.
COM-2253,SUP-0084,2026-08-09 00:00:00,EMAIL,Invoice submission,Please confirm the current outstanding balance for our account.
COM-2254,SUP-0058,2026-05-08 00:00:00,EMAIL,Purchase order confirmation,Please provide the required quality documentation for the shipment.
COM-2255,SUP-0096,2026-07-06 00:00:00,PORTAL,Quality documentation,The shipment remains on the previously communicated schedule.
COM-2256,SUP-0113,2026-08-04 00:00:00,PHONE_NOTE,Account reconciliation,Please confirm receipt of purchase order PO-001209.
COM-2257,SUP-0051,2026-06-12 00:00:00,EMAIL,Payment reminder,Please confirm whether the requested quantity remains unchanged.
COM-2258,SUP-0107,2026-05-29 00:00:00,PORTAL,Order status,Please confirm receipt of purchase order PO-003554.
COM-2259,SUP-0035,2026-10-08 00:00:00,PHONE_NOTE,Shipping documentation,Please confirm the expected delivery date and carrier reference.
COM-2260,SUP-0119,2026-04-02 00:00:00,PHONE_NOTE,General account update,We are reviewing the current contract terms and will follow up if clarification is required.
COM-2261,SUP-0050,2026-07-06 00:00:00,EMAIL,Quantity confirmation,Please provide the required quality documentation for the shipment.
COM-2262,SUP-0003,2026-04-05 00:00:00,EMAIL,Monthly statement,Please send the latest forecast for the upcoming delivery period.
COM-2263,SUP-0003,2026-06-26 00:00:00,EMAIL,Order status,Invoice INV-001175 has been submitted for processing against PO-001175.
COM-2264,SUP-0005,2026-05-29 00:00:00,PORTAL,Forecast update,Please provide an updated delivery estimate for the current order.
COM-2265,SUP-0090,2026-09-07 00:00:00,PHONE_NOTE,Payment reminder,Attached is the latest shipping documentation for your records.
COM-2266,SUP-0044,2026-05-21 00:00:00,EMAIL,Purchase order confirmation,Please provide an updated delivery estimate for the current order.
COM-2267,SUP-0083,2026-08-29 00:00:00,PHONE_NOTE,Monthly statement,Attached is the latest shipping documentation for your records.
COM-2268,SUP-0043,2026-05-23 00:00:00,PHONE_NOTE,Shipping documentation,The shipment remains on the previously communicated schedule.
COM-2269,SUP-0009,2026-09-25 00:00:00,PORTAL,Forecast update,Please provide the required quality documentation for the shipment.
COM-2270,SUP-0058,2026-05-14 00:00:00,EMAIL,Payment reminder,We are reviewing the current contract terms and will follow up if clarification is required.
COM-2271,SUP-0067,2026-03-14 00:00:00,EMAIL,Contract review,Please provide the required quality documentation for the shipment.
COM-2272,SUP-0114,2026-02-12 00:00:00,PHONE_NOTE,Quality documentation,Attached is the latest shipping documentation for your records.
COM-2273,SUP-0060,2026-04-21 00:00:00,EMAIL,Monthly statement,Our accounts team is reconciling recent transactions.
COM-2274,SUP-0022,2026-07-28 00:00:00,PHONE_NOTE,Contract review,We are reviewing the current contract terms and will follow up if clarification is required.
COM-2275,SUP-0075,2026-06-11 00:00:00,PHONE_NOTE,Delivery update,Our accounts team is reconciling recent transactions.
COM-2276,SUP-0020,2026-04-18 00:00:00,PHONE_NOTE,Account reconciliation,Attached is the latest shipping documentation for your records.
COM-2277,SUP-0039,2026-04-28 00:00:00,EMAIL,Monthly statement,Please confirm whether the requested quantity remains unchanged.
COM-2278,SUP-0075,2026-02-21 00:00:00,PORTAL,Monthly statement,Please confirm receipt of purchase order PO-004118.
COM-2279,SUP-0041,2026-07-10 00:00:00,PORTAL,Delivery update,Please send the latest forecast for the upcoming delivery period.
COM-2280,SUP-0068,2026-09-15 00:00:00,EMAIL,Order status,Please confirm the expected delivery date and carrier reference.
COM-2281,SUP-0117,2026-02-20 00:00:00,EMAIL,Pricing discussion,Please confirm receipt of purchase order PO-001758.
COM-2282,SUP-0090,2026-04-15 00:00:00,EMAIL,Quantity confirmation,Please confirm the expected delivery date and carrier reference.
COM-2283,SUP-0083,2026-09-25 00:00:00,EMAIL,Invoice submission,We are reviewing the current contract terms and will follow up if clarification is required.
COM-2284,SUP-0050,2026-05-02 00:00:00,EMAIL,Monthly statement,Please send the latest forecast for the upcoming delivery period.
COM-2285,SUP-0100,2026-08-05 00:00:00,EMAIL,Account reconciliation,Please confirm receipt of purchase order PO-003140.
COM-2286,SUP-0097,2026-08-20 00:00:00,EMAIL,Forecast update,Please confirm the expected delivery date and carrier reference.
COM-2287,SUP-0064,2026-03-21 00:00:00,EMAIL,Forecast update,Attached is the latest shipping documentation for your records.
COM-2288,SUP-0037,2026-02-13 00:00:00,PORTAL,Quantity confirmation,Our accounts team is reconciling recent transactions.
COM-2289,SUP-0095,2026-05-01 00:00:00,EMAIL,Invoice submission,Please provide an updated delivery estimate for the current order.
